Date,retorno_mensual_activo,posicion,retorno_estrategia_bruto,retorno_estrategia_neto,equity_estrategia,equity_buy_and_hold
2005-01-04,-0.01217846879811435,0.0,-0.0,-0.0,1.0,0.9878215312018856
2005-01-05,-0.012876806564674492,-1.0,0.012876806564674492,0.011876806564674491,1.0118768065646746,0.9751015444241784
2005-01-06,0.01623640816707317,0.0,0.0,-0.001,1.0108649297581098,0.9909336911037928
2005-01-07,-0.0019121590025156232,1.0,-0.0019121590025156232,-0.0029121590025156232,1.0079211303525875,0.9890388683254526
2005-01-10,0.0034209060435279603,1.0,0.0034209060435279603,0.0034209060435279603,1.0113691338388102,0.9924222773673912
2005-01-11,-0.011453967115035768,1.0,-0.011453967115035768,-0.011453967115035768,0.9997849450386582,0.9810551052381962
2005-01-12,0.004828183264522945,1.0,0.004828183264522945,0.004828183264522945,1.004612089978416,0.985791819078882
2005-01-13,0.004803890049111859,1.0,0.004803890049111859,0.004803890049111859,1.0094381360006808,0.9905274545890509
2005-01-14,0.000546498652804539,0.0,0.0,-0.001,1.0084286978646801,0.9910687765085497
2005-01-18,0.01160571470567251,-1.0,-0.01160571470567251,-0.01260571470567251,0.9957167333983852,1.0025708379824079
2005-01-19,-0.004049210442097495,-1.0,0.004049210442097495,0.004049210442097495,0.9997485999926331,0.998511217676307
2005-01-20,0.0042013527307271925,-1.0,-0.0042013527307271925,-0.0042013527307271925,0.9955483034820134,1.002706315507353
2005-01-21,0.00688180869234678,-1.0,-0.00688180869234678,-0.00688180869234678,0.9886971305134598,1.0096067485452824
2005-01-24,0.0005370449342807504,-1.0,-0.0005370449342807504,-0.0005370449342807504,0.9881661557279796,1.0101489527352043
2005-01-25,-0.010984733537820368,-1.0,0.010984733537820368,0.010984733537820368,0.9990208976397438,0.9990527356558998
2005-01-26,0.017878598501406717,0.0,0.0,-0.001,0.9980218767421041,1.0169143983984237
2005-01-27,0.00039909396031068134,1.0,0.00039909396031068134,-0.0006009060396893187,0.9974221593686277,1.0173202427929775
2005-01-28,0.005054811610774257,1.0,0.005054811610774257,0.005054811610774257,1.0024639404806477,1.0224626049681231
2005-01-31,0.014293063897602432,1.0,0.014293063897602432,0.014293063897602432,1.0167922216369798,1.0370767283138416
2005-02-01,0.01370088320711682,0.0,0.0,-0.001,1.0157754294153427,1.0512855954452884
2005-02-02,0.006564363906544912,1.0,0.006564363906544912,0.005564363906544912,1.0214275735519367,1.0581866166635001
2005-02-03,0.007160952976757784,0.0,0.0,-0.001,1.0204061459783849,1.065764241266062
2005-02-04,0.011935268932170562,1.0,0.011935268932170562,0.010935268932170561,1.0315645616046982,1.0784844241038631
2005-02-07,-0.006022504060784084,0.0,-0.0,-0.001,1.0305329970430934,1.0719892472802053
2005-02-08,0.009088537291982446,-1.0,-0.009088537291982446,-0.010088537291982447,1.0201364264718058,1.0817320615307155
2005-02-09,-0.0068804776641392396,-1.0,0.0068804776641392396,0.0068804776641392396,1.0271554523685198,1.07428922824277
2005-02-10,-0.003652415530020492,-1.0,0.003652415530020492,0.003652415530020492,1.0309070508944957,1.0703654775818023
2005-02-11,-0.004424957474523872,0.0,-0.0,-0.001,1.0298761438436013,1.0656291558613045
2005-02-14,0.016889022094242145,-1.0,-0.016889022094242145,-0.017889022094242146,1.0114526667520503,1.0836265902189146
2005-02-15,-0.003371984412917417,-1.0,0.003371984412917417,0.003371984412917417,1.0148632693787418,1.0799726182472735
2005-02-16,0.00213021062198826,-1.0,-0.00213021062198826,-0.00213021062198826,1.0127013968624454,1.0822731873901204
2005-02-17,-0.004251274363307522,-1.0,0.004251274363307522,0.004251274363307522,1.0170066683486125,1.0776721471344737
2005-02-18,-0.013058609238149388,-1.0,0.013058609238149388,0.013058609238149388,1.030287361023169,1.0635992476782072
2005-02-22,-0.014630782875919346,0.0,-0.0,-0.001,1.029257073662146,1.0480379580184362
2005-02-23,-0.006455905334091239,-1.0,0.006455905334091239,0.005455905334091239,1.0348726028204904,1.0412719241749349
2005-02-24,0.017284086836270474,-1.0,-0.017284086836270474,-0.017284086836270474,1.0169857748888638,1.0592693585325448
2005-02-25,0.01813992391693242,-1.0,-0.01813992391693242,-0.01813992391693242,0.9985377303077773,1.078484424103863
2005-02-28,-0.00439173681574534,-1.0,0.00439173681574534,0.00439173681574534,1.0029230452198807,1.073748004353318
2005-03-01,0.014240517018960785,-1.0,-0.014240517018960785,-0.014240517018960785,0.988640902525719,1.0890387310833867
2005-03-02,-0.005891495309217509,-1.0,0.005891495309217509,0.005891495309217509,0.9944654757654499,1.0826226645076527
2005-03-03,0.007565975575038353,-1.0,-0.007565975575038353,-0.007565975575038353,0.9869413742655896,1.0908137611443005
2005-03-04,0.013016317195635452,-1.0,-0.013016317195635452,-0.013016317195635452,0.9740950322846523,1.1050121390607188
2005-03-07,0.010625187075647746,-1.0,-0.010625187075647746,-0.010625187075647746,0.9637450903371688,1.1167530997591006
2005-03-08,-0.0034232954208793798,-1.0,0.0034232954208793798,0.0034232954208793798,0.9670442744918152,1.1129301239864424
2005-03-09,-0.02122171076431334,-1.0,0.02122171076431334,0.02122171076431334,0.9875666083813657,1.0893118427943107
2005-03-10,0.006767896386075556,0.0,0.0,-0.001,0.9865790417729843,1.0966841924784676
2005-03-11,-0.0064731870504078914,1.0,-0.0064731870504078914,-0.0074731870504078915,0.9792061520538026,1.089585150565329
2005-03-14,0.020297966460599337,1.0,0.020297966460599337,0.020297966460599337,0.9990820456862032,1.111701513407471
2005-03-15,0.0020878422802126373,0.0,0.0,-0.001,0.998082963640517,1.1140225708301394
2005-03-16,-0.01470605705180339,1.0,-0.01470605705180339,-0.01570605705180339,0.982407015671146,1.0976396913465147
2005-03-17,0.007462821198445546,1.0,0.007462821198445546,0.007462821198445546,0.9897385435731982,1.1058311801033507
2005-03-18,-0.0034564856110965714,1.0,-0.0034564856110965714,-0.0034564856110965714,0.9863175265385898,1.1020088905410215
2005-03-21,-0.007680885771720658,1.0,-0.007680885771720658,-0.007680885771720658,0.9787417342826009,1.0935444861333552
2005-03-22,-0.016229744754843844,1.0,-0.016229744754843844,-0.016229744754843844,0.9628570057542811,1.075796538245344
2005-03-23,-0.0035536234192512506,1.0,-0.0035536234192512506,-0.0035536234192512506,0.9594353745492425,1.071973562472686
2005-03-24,0.00585853714163842,1.0,0.00585853714163842,0.00585853714163842,0.965056262326041,1.0782537594032868
2005-03-28,-0.0005062178516889171,1.0,-0.0005062178516889171,-0.0005062178516889171,0.9645677336181674,1.0777079281016262
2005-03-29,-0.014948085026181945,1.0,-0.014948085026181945,-0.014948085026181945,0.9501492931225314,1.0615982583589727
2005-03-30,0.022376761595724215,1.0,0.022376761595724215,0.022376761595724215,0.9714105573350802,1.0853533894967076
2005-03-31,0.010062646545588638,0.0,0.0,-0.001,0.9704391467777451,1.0962749170322694
2005-04-01,-0.0004982540541265124,1.0,-0.0004982540541265124,-0.0014982540541265124,0.9689851823918023,1.095728693610421
2005-04-04,0.0072266749261327146,1.0,0.0072266749261327146,0.0072266749261327146,0.9759877233131873,1.1036471686863796
2005-04-05,-0.001732329009453859,1.0,-0.001732329009453859,-0.001732329009453859,0.974296991467221,1.1017352886798626
2005-04-06,-0.0009906794803088426,1.0,-0.0009906794803088426,-0.0009906794803088426,0.9733317754300478,1.1006438221366353
2005-04-07,0.003968874249985488,1.0,0.003968874249985488,0.003968874249985488,0.9771948068502447,1.105012139060719
2005-04-08,-0.0034587814351405566,1.0,-0.0034587814351405566,-0.0034587814351405566,0.9738149035937953,1.101190143588531
2005-04-11,0.014877074099165055,1.0,0.014877074099165055,0.014877074099165055,0.9883024200734315,1.1175726309519678
2005-04-12,0.009039581127069596,0.0,0.0,-0.001,0.9873141176533581,1.1276750194148508
2005-04-13,-0.007022208552787346,1.0,-0.007022208552787346,-0.008022208552787347,0.9793936778944317,1.1197562502487513
2005-04-14,-0.01292334780350013,1.0,-0.01292334780350013,-0.01292334780350013,0.9667366327584528,1.1052852507716435
2005-04-15,-0.01333964347912775,1.0,-0.01333964347912775,-0.01333964347912775,0.9538407107392426,1.0905411395836115
2005-04-18,0.015022257060054445,1.0,0.015022257060054445,0.015022257060054445,0.9681695510903126,1.1069235289170012
2005-04-19,0.010113467655288755,0.0,0.0,-0.001,0.9672013815392222,1.1181183642235815
2005-04-20,-0.0029299815165413357,1.0,-0.0029299815165413357,-0.003929981516541336,0.9634002979869998,1.114842298083101
2005-04-21,0.017143615868341566,1.0,0.017143615868341566,0.017143615868341566,0.9799164626231347,1.1339547261952168
2005-04-22,0.0009633954676151468,0.0,0.0,-0.001,0.9789365461605115,1.135047173038914
2005-04-25,0.005292020668538955,1.0,0.005292020668538955,0.004292020668538955,0.9831381620498206,1.1410538661384027
2005-04-26,-0.020578551007324974,1.0,-0.020578551007324974,-0.020578551007324974,0.9629066032348307,1.1175726309519682
2005-04-27,0.0019538947503781046,1.0,0.0019538947503781046,0.0019538947503781046,0.9647880213919956,1.1197562502487515
2005-04-28,-0.0078026141550132655,1.0,-0.0078026141550132655,-0.0078026141550132655,0.9572601527196952,1.111019224280396
2005-04-29,0.0031947889505195004,1.0,0.0031947889505195004,0.0031947889505195004,0.9603183968783767,1.1145686962219417
2005-05-02,0.002449500706441343,1.0,0.002449500706441343,0.002449500706441343,0.9626706974699389,1.1172988330307148
2005-05-03,-0.003910063194482616,1.0,-0.003910063194482616,-0.003910063194482616,0.9589065942073548,1.112930123986443
2005-05-04,0.0,1.0,0.0,0.0,0.9589065942073548,1.112930123986443
2005-05-05,-0.008341004614748071,1.0,-0.008341004614748071,-0.008341004614748071,0.9509083498799589,1.10364716868638
2005-05-06,-0.0009899403584250344,1.0,-0.0009899403584250344,-0.0009899403584250344,0.9499670073272494,1.1025546238126358
2005-05-09,0.005448422345688986,1.0,0.005448422345688986,0.005448422345688986,0.9551428287976385,1.1085618070623593
2005-05-10,0.00418698049624755,0.0,0.0,-0.001,0.9541876859688408,1.1132033337274143
2005-05-11,0.01054726879878154,1.0,0.01054726879878154,0.009547268798781539,0.9632975722912727,1.124944588515937
2005-05-12,-0.011407773843214564,0.0,-0.0,-0.001,0.9623342747189814,1.112111475063999
2005-05-13,-0.017186417711760216,-1.0,0.017186417711760216,0.016186417711760215,0.9779110192679265,1.0929982627115074
2005-05-16,0.004746527349574592,0.0,0.0,-0.001,0.9769331082486585,1.098186208858505
2005-05-17,0.001989101228497381,1.0,0.001989101228497381,0.0009891012284973808,0.9778993939861872,1.1003706123956645
2005-05-18,-0.0047145480154264785,1.0,-0.0047145480154264785,-0.0047145480154264785,0.9732890403389829,1.095182862308761
2005-05-19,0.004736880264878618,1.0,0.004736880264878618,0.004736880264878618,0.9778993939861873,1.1003706123956647
2005-05-20,0.003225349515315612,1.0,0.003225349515315612,0.003225349515315612,0.9810534613226081,1.1039196922170227
2005-05-23,-0.00049471478374008,1.0,-0.00049471478374008,-0.00049471478374008,0.9805681196716524,1.1033735668252211
2005-05-24,0.0017325808809465215,1.0,0.0017325808809465215,0.0017325808809465215,0.9822670332482611,1.1052852507716442
2005-05-25,-0.004199303873608784,1.0,-0.004199303873608784,-0.004199303873608784,0.9781421954906235,1.1006438221366361
2005-05-26,-0.0002482272061827828,1.0,-0.0002482272061827828,-0.0002482272061827828,0.9778993939861874,1.100370612395665
2005-05-27,0.013151646840085851,1.0,0.013151646840085851,0.013151646840085851,0.9907603814610277,1.1148422980831016
2005-05-31,-0.004408458859586628,0.0,-0.0,-0.001,0.9897696210795667,1.1099275616770752
2005-06-01,0.01426924870521229,1.0,0.01426924870521229,0.013269248705212289,1.0029031203425351,1.1257653940994152
2005-06-02,-0.004893293478049787,0.0,-0.0,-0.001,1.0019002172221927,1.1202566936386544
2005-06-03,0.0009835761164966872,-1.0,-0.0009835761164966872,-0.001983576116496687,0.999912871880198,1.121358551366863
2005-06-06,0.0002453027281317244,-1.0,-0.0002453027281317244,-0.0002453027281317244,0.9996675905248317,1.121633623678727
2005-06-07,0.0017191451679565706,-1.0,-0.0017191451679565706,-0.0017191451679565706,0.9979490168170181,1.123561874703092
2005-06-08,0.007844763856571513,-1.0,-0.007844763856571513,-0.007844763856571513,0.9901203424391909,1.1323759522883845
2005-06-09,-0.008270400382986653,-1.0,0.008270400382986653,0.008270400382986653,0.9983090340985029,1.1230107497788937
2005-06-10,0.005396314751477949,0.0,0.0,-0.001,0.9973107250644044,1.129070869253994
2005-06-13,0.002439570743904884,1.0,0.002439570743904884,0.0014395707439048841,0.9987464244067898,1.1318253175144213
2005-06-14,0.003650450583412068,1.0,0.003650450583412068,0.003650450583412068,1.0023922988744463,1.1359569899050623
2005-06-15,-0.011639178811936102,1.0,-0.011639178811936102,-0.011639178811936102,0.9907252756681388,1.1227353833768887
2005-06-16,0.003189565118992599,1.0,0.003189565118992599,0.003189565118992599,0.9938852584499143,1.1263164209935663
2005-06-17,0.014428562700106617,1.0,0.014428562700106617,0.014428562700106617,1.0082255942181706,1.1425675480940316
2005-06-20,-0.005062255480971278,0.0,-0.0,-0.001,1.0072173686239525,1.1367835792613126
2005-06-21,-0.005572909305288198,-1.0,0.005572909305288198,0.004572909305288198,1.0118232823013809,1.1304483874743483
2005-06-22,0.01291393462098922,0.0,0.0,-0.001,1.0108114590190795,1.1450469240425947
2005-06-23,0.0048114086203492334,1.0,0.0048114086203492334,0.0038114086203492334,1.0146640745275328,1.1505562126836375
2005-06-24,-0.008858398958282443,1.0,-0.008858398958282443,-0.008858398958282443,1.0056757753467316,1.1403641267277553
2005-06-27,0.009661988573346214,1.0,0.009661988573346214,0.009661988573346214,1.0153926031966227,1.151382311889653
2005-06-28,0.013636636862145668,0.0,0.0,-0.001,1.0143772105934261,1.1670832943663898
2005-06-29,0.0007079162558925045,1.0,0.0007079162558925045,-0.0002920837441074955,1.0140809274998186,1.1679094916024524
2005-06-30,-0.008018858145152907,1.0,-0.008018858145152907,-0.008018858145152907,1.0059491563944924,1.1585441910629146
2005-07-01,0.014978436750735513,1.0,0.014978436750735513,0.014978436750735513,1.021016702208003,1.1758973719516825
2005-07-05,0.007027183620217148,0.0,0.0,-0.001,1.019995685505795,1.1841606187029179
2005-07-06,-0.018841071137643328,1.0,-0.018841071137643328,-0.01984107113764333,0.9997578785495852,1.1618497642475405
2005-07-07,0.012090726474640157,1.0,0.012090726474640157,0.012090726474640157,1.0118456775999947,1.1758973719516828
2005-07-08,0.01522624533410033,1.0,0.01522624533410033,0.01522624533410033,1.0272522881273811,1.193801873824743
2005-07-11,0.012920927863038667,0.0,0.0,-0.001,1.0262250358392537,1.2092269017191928
2005-07-12,-0.0020498946597674594,1.0,-0.0020498946597674594,-0.0030498946597674595,1.0230951575827278,1.2067481139509115
2005-07-13,0.004336643221736658,1.0,0.004336643221736658,0.004336643221736658,1.0275319562630505,1.2119813499796201
2005-07-14,-0.0038635109564821857,1.0,-0.0038635109564821857,-0.0038635109564821857,1.0235620752918926,1.2072988467549217
2005-07-15,-0.008441326447757302,1.0,-0.008441326447757302,-0.008441326447757302,1.0149218536748097,1.1971076430694625
2005-07-18,0.0018402933594505733,1.0,0.0018402933594505733,0.0018402933594505733,1.0167896076224887,1.1993106723155507
2005-07-19,-0.004363945306047112,1.0,-0.004363945306047112,-0.004363945306047112,1.012352393387067,1.194076946136607
2005-07-20,0.011764653726658691,1.0,0.011764653726658691,0.011764653726658691,1.02426236874462,1.2081248479308901
2005-07-21,-0.02485161910563971,0.0,-0.0,-0.001,1.0232381063758753,1.1781009893780527
2005-07-22,0.010521433539078862,-1.0,-0.010521433539078862,-0.011521433539078862,1.0114489365386128,1.190496300640117
2005-07-25,-0.008098023434729873,-1.0,0.008098023434729873,0.008098023434729873,1.019639673729735,1.180855633698574
2005-07-26,-0.0030325786781078,-1.0,0.0030325786781078,0.0030325786781078,1.0227318112636408,1.1772745960818962
2005-07-27,-0.0011698410335169163,-1.0,0.0011698410335169163,0.0011698410335169163,1.0239282449027403,1.1758973719516825
2005-07-28,0.011009668390262073,-1.0,-0.011009668390262073,-0.011009668390262073,1.012655134470938,1.1888436120778512
2005-07-29,-0.0009265841418303333,-1.0,0.0009265841418303333,0.0009265841418303333,1.0135934446596817,1.1877420484397836
2005-08-01,-0.014378799386139174,-1.0,0.014378799386139174,0.014378799386139174,1.0281677014595492,1.170663743802786
2005-08-02,0.018823658271092336,0.0,0.0,-0.001,1.0271395337580895,1.1926999180664872
2005-08-03,0.0039259692683548675,1.0,0.0039259692683548675,0.0029259692683548675,1.030144912468178,1.1973824212911857
2005-08-04,-0.014032404097346074,1.0,-0.014032404097346074,-0.014032404097346074,1.0156895027775994,1.180580267296569
2005-08-05,-0.017731645111348504,1.0,-0.017731645111348504,-0.017731645111348504,0.997679656971025,1.1596466369714054
2005-08-08,-0.01662791890985771,1.0,-0.01662791890985771,-0.01662791890985771,0.9810903205368962,1.1403641267277556
2005-08-09,0.009661988573346214,1.0,0.009661988573346214,0.009661988573346214,0.9905696040033443,1.1513823118896531
2005-08-10,-0.0076558096338605885,1.0,-0.0076558096338605885,-0.0076558096338605885,0.982985991686006,1.1425675480940316
2005-08-11,0.00024177885402831834,1.0,0.00024177885402831834,0.00024177885402831834,0.9832236569126017,1.1428437967664598
2005-08-12,0.003856118198364511,1.0,0.003856118198364511,0.003856118198364511,0.987015083549085,1.1472507375290588
2005-08-15,0.0040819266632328155,1.0,0.0040819266632328155,0.0040819266632328155,0.991044006735637,1.151933730903992
2005-08-16,-0.01506481716216812,1.0,-0.01506481716216812,-0.01506481716216812,0.9761141099745021,1.1345800598649893
2005-08-17,-0.01116781101866382,1.0,-0.01116781101866382,-0.01116781101866382,0.9652130520616556,1.1219092841708729
2005-08-18,0.004173778861457533,1.0,0.004173778861457533,0.004173778861457533,0.9692416378951535,1.1265918854256183
2005-08-19,0.0,1.0,0.0,0.0,0.9692416378951535,1.1265918854256183
2005-08-22,0.03691937705833248,1.0,0.03691937705833248,0.03691937705833248,1.0050254353852404,1.1681849560345043
2005-08-23,0.023343149611201985,0.0,0.0,-0.001,1.004020409949855,1.1954540722367732
2005-08-24,-0.0054588966484981905,1.0,-0.0054588966484981905,-0.0064588966484981905,0.9975355458890062,1.1889282120084064
2005-08-25,0.010044687580236467,1.0,0.010044687580236467,0.010044687580236467,1.007555478797642,1.20087062445336
2005-08-26,-0.00277574921065471,1.0,-0.00277574921065471,-0.00277574921065471,1.0047587574726786,1.197537308765435
2005-08-29,0.008812524337912686,1.0,0.008812524337912686,0.008812524337912686,1.0136132184766375,1.208090635444489
2005-08-30,-0.008045975239370562,0.0,-0.0,-0.001,1.012599605258161,1.198370368104787
2005-08-31,-0.0013904839297997906,-1.0,0.0013904839297997906,0.0003904839297997906,1.012995009131336,1.1967040533659892
2005-09-01,0.02251144642529046,-1.0,-0.02251144642529046,-0.02251144642529046,0.9901910262541893,1.2236435925502656
2005-09-02,0.001134723864098408,-1.0,-0.001134723864098408,-0.001134723864098408,0.9890674328666826,1.2250320901358835
2005-09-06,0.01926940159865609,-1.0,-0.01926940159865609,-0.01926940159865609,0.9700086952946227,1.248637725451953
2005-09-07,0.0015574734229306664,-1.0,-0.0015574734229306664,-0.0015574734229306664,0.9684979325316897,1.250582445524213
2005-09-08,-0.007995369492865723,-1.0,0.007995369492865723,0.007995369492865723,0.9762414313553572,1.2405835767909552
2005-09-09,0.02529739704101175,0.0,0.0,-0.001,0.9752651899240019,1.2719671120955944
2005-09-12,-0.009170439353977655,1.0,-0.009170439353977655,-0.010170439353977656,0.9653463144558343,1.2603026148338676
2005-09-13,0.002423794300205895,1.0,0.002423794300205895,0.002423794300205895,0.9676861153505372,1.2633573291282365
2005-09-14,0.004616506756573324,1.0,0.004616506756573324,0.004616506756573324,0.9721534448402951,1.2691896267741234
2005-09-15,0.0019692676534888154,1.0,0.0019692676534888154,0.0019692676534888154,0.9740678751734468,1.2716890008522732
2005-09-16,0.004586415155019674,1.0,0.004586415155019674,0.004586415155019674,0.9785353548381601,1.2775214945582538
2005-09-19,-0.0030435995014709283,1.0,-0.0030435995014709283,-0.0030435995014709283,0.975557085120003,1.273633230774298
2005-09-20,-0.009376418631565242,1.0,-0.009376418631565242,-0.009376418631565242,0.9664098534909283,1.2616911124194852
2005-09-21,-0.009685129186983499,1.0,-0.009685129186983499,-0.009685129186983499,0.9570500492122949,1.2494714710016335
2005-09-22,-0.008001537133680348,1.0,-0.008001537133680348,-0.008001537133680348,0.949392177704732,1.2394737786289396
2005-09-23,0.013443648139426223,1.0,0.013443648139426223,0.013443648139426223,0.9621554720881181,1.256136827986872
2005-09-26,-0.004864367259220792,0.0,-0.0,-0.001,0.96119331661603,1.2500265171277114
2005-09-27,0.007331394052588314,-1.0,-0.007331394052588314,-0.008331394052588315,0.9531852363345876,1.2591909541009592
2005-09-28,0.032201607028568224,-1.0,-0.032201607028568224,-0.032201607028568224,0.9224911399287083,1.2997389263788461
2005-09-29,0.018162507183085985,-1.0,-0.018162507183085985,-0.018162507183085985,0.90573638797342,1.3233454439653385
2005-09-30,-0.0010494551381818873,-1.0,0.0010494551381818873,0.0010494551381818873,0.9066869176796171,1.3219566522895794
2005-10-03,0.005042335612050586,-1.0,-0.005042335612050586,-0.005042335612050586,0.9021150979456207,1.3286224013950063
2005-10-04,-0.019648768233310854,-1.0,0.019648768233310854,0.019648768233310854,0.9198405484249248,1.302516607760411
2005-10-05,-0.021535402657893776,0.0,-0.0,-0.001,0.9189207078764998,1.2744663881436966
2005-10-06,-0.008062982101141203,-1.0,0.008062982101141203,0.007062982101141203,0.9254110283885996,1.264190388467588
2005-10-07,0.004394015856763689,-1.0,-0.004394015856763689,-0.004394015856763689,0.9213447576558361,1.269745261080483
2005-10-10,-0.01290511806382233,-1.0,0.01290511806382233,0.01290511806382233,0.9332348205308684,1.2533590485752604
2005-10-11,0.005097197143817622,0.0,0.0,-0.001,0.9323015857103375,1.2597476667378362
2005-10-12,-0.00970092667844713,1.0,-0.00970092667844713,-0.010700926678447131,0.9223250947994511,1.2475269469894676
2005-10-13,-0.016250476879356546,1.0,-0.016250476879356546,-0.016250476879356546,0.9073368721711623,1.2272540391810411
2005-10-14,0.0013569598348515122,1.0,0.0013569598348515122,0.0013569598348515122,0.9085680918633784,1.228919373619369
2005-10-17,0.005650299334325037,1.0,0.005650299334325037,0.005650299334325037,0.913701773548023,1.2358631359380698
2005-10-18,-0.021797998775757832,1.0,-0.021797998775757832,-0.021797998775757832,0.8937849034068154,1.2089237928138876
2005-10-19,-0.002526966854835666,1.0,-0.002526966854835666,-0.002526966854835666,0.8915263385805539,1.2058688824594248
2005-10-20,-0.02556399216877503,1.0,-0.02556399216877503,-0.02556399216877503,0.8687353662428239,1.1750420597916627
2005-10-21,0.004963479900388368,1.0,0.004963479900388368,0.004963479900388368,0.8730473167719267,1.1808743574375495
2005-10-24,0.022577368754641114,1.0,0.022577368754641114,0.022577368754641114,0.8927584279829365,1.207535393258317
2005-10-25,-0.008279744468527528,0.0,-0.0,-0.001,0.8918656695549535,1.1975373087654353
2005-10-26,-0.012058998251722297,-1.0,0.012058998251722297,0.011058998251722296,0.9017288104353329,1.1830962084526606
2005-10-27,-0.011502306377400684,0.0,-0.0,-0.001,0.9008270816248976,1.169487873389097
2005-10-28,0.019947791648071922,-1.0,-0.019947791648071922,-0.020947791648071923,0.8819567436080785,1.1928165738224095
2005-10-31,0.0025605966929125312,-1.0,-0.0025605966929125312,-0.0025605966929125312,0.8796984080871038,1.1958708959965905
2005-11-01,-0.019507626183865256,-1.0,0.019507626183865256,0.019507626183865256,0.8968592357866082,1.172542293593325
2005-11-02,0.0009477428821047518,0.0,0.0,-0.001,0.8959623765508216,1.1736535622060449
2005-11-03,-0.008519020352334095,-1.0,0.008519020352334095,0.007519020352334095,0.9026991358950328,1.1636551836230222
2005-11-04,0.004534474974838609,0.0,0.0,-0.001,0.9017964367591378,1.168931748932502
2005-11-07,-0.017343777399593252,1.0,-0.017343777399593252,-0.018343777399593253,0.8852540836634818,1.1486580568836995
2005-11-08,-0.004351986377874706,1.0,-0.004351986377874706,-0.004351986377874706,0.8814014699504203,1.1436591126673057
2005-11-09,0.012141862958060745,1.0,0.012141862958060745,0.012141862958060745,0.8921033258095916,1.1575452648840494
2005-11-10,0.000719846924974954,0.0,0.0,-0.001,0.891211222483782,1.1583785202834955
2005-11-11,0.0014389121171074493,1.0,0.0014389121171074493,0.00043891211710744924,0.8916023858882324,1.1600453251725285
2005-11-14,-0.016759018348564192,1.0,-0.016759018348564192,-0.016759018348564192,0.8766600051435078,1.140604104282796
2005-11-15,-0.00584327796996198,1.0,-0.00584327796996198,-0.00584327796996198,0.871537437048306,1.1339392374477921
2005-11-16,0.017388384563261416,1.0,0.017388384563261416,0.017388384563261416,0.8866920651649812,1.1536566089799056
2005-11-17,0.023832895522398312,0.0,0.0,-0.001,0.8858053730998162,1.181151586410448
2005-11-18,0.015048378383604843,1.0,0.015048378383604843,0.014048378383604843,0.8982495021553526,1.1989260024111477
2005-11-21,-0.004632716632588463,0.0,-0.0,-0.001,0.8973512526531973,1.1933717179785348
2005-11-22,0.006218820670750302,-1.0,-0.006218820670750302,-0.0072188206707503024,0.8908734348816206,1.2007930826861886
2005-11-23,0.005829751817154394,-1.0,-0.005829751817154394,-0.005829751817154394,0.8856798638557649,1.2077934083420048
2005-11-25,0.005796612109187471,-1.0,-0.005796612109187471,-0.005796612109187471,0.8805459212320751,1.214794518238197
2005-11-28,-0.006454938132577248,-1.0,0.006454938132577248,0.006454938132577248,0.8862297906765213,1.2069530947791753
2005-11-29,0.0018565516952344652,-1.0,-0.0018565516952344652,-0.0018565516952344652,0.8845844592562735,1.209193865593356
2005-11-30,-0.018295765091835503,-1.0,0.018295765091835503,0.018295765091835503,0.9007686087267145,1.1870707386779715
2005-12-01,0.0047183748891550525,0.0,0.0,-0.001,0.8998678401179878,1.1926717834430005
2005-12-02,-0.0028180914798884293,-1.0,0.0028180914798884293,0.0018180914798884293,0.901503882171132,1.1893107252517765
2005-12-05,-0.014833948010996245,-1.0,0.014833948010996245,0.014833948010996245,0.9148767438909698,1.1716685517844714
2005-12-06,-0.006453239282648737,0.0,-0.0,-0.001,0.9139618671470788,1.1641074942598517
2005-12-07,-0.0016835358497051534,-1.0,0.0016835358497051534,0.0006835358497051533,0.9145865928485374,1.1621476775603548
2005-12-08,0.0012048065734207025,-1.0,-0.0012048065734207025,-0.0012048065734207025,0.9134846929095111,1.1635478407215651
2005-12-09,0.01708786821259345,-1.0,-0.01708786821259345,-0.01708786821259345,0.897875186862852,1.183430392882863
2005-12-12,-0.005442872125432152,-1.0,0.005442872125432152,0.005442872125432152,0.9027622066895451,1.1769891325850514
2005-12-13,0.019985987487352697,-1.0,-0.019985987487352697,-0.019985987487352697,0.8847196125225929,1.2005124226616464
2005-12-14,0.0030319183510021386,-1.0,-0.0030319183510021386,-0.0030319183510021386,0.8820372148938942,1.2041522783065202
2005-12-15,-0.010697600733080792,-1.0,0.010697600733080792,0.010697600733080792,0.8914728968505476,1.1912707380113674
2005-12-16,0.009638417991691739,0.0,0.0,-0.001,0.8905814239536971,1.202752703325592
2005-12-19,-0.004423832801175309,1.0,-0.004423832801175309,-0.005423832801175309,0.8857510592143396,1.197431926464918
2005-12-20,-0.007249805729832026,1.0,-0.007249805729832026,-0.007249805729832026,0.8793295361100427,1.1887507776233488
2005-12-21,-0.016489735776313297,1.0,-0.016489735776313297,-0.016489735776313297,0.86482962439928,1.1691485913964528
2005-12-22,-0.009341688221732092,1.0,-0.009341688221732092,-0.009341688221732092,0.8567506556832243,1.1582267697707498
2005-12-23,-0.007253310997918039,1.0,-0.007253310997918039,-0.007253310997918039,0.8505363767298837,1.1498257908034886
2005-12-27,0.0019488768317343919,1.0,0.0019488768317343919,0.0019488768317343919,0.8521939673690399,1.1520666596477163
2005-12-28,0.010937886497474292,1.0,0.010937886497474292,0.010937886497474292,0.8615151682579547,1.1646678340084673
2005-12-29,0.003125735698071619,0.0,0.0,-0.001,0.8606536530896968,1.1683082778336233
2005-12-30,-0.0038350848084375277,1.0,-0.0038350848084375277,-0.004835084808437528,0.8564923196863166,1.1638277165057318
2006-01-03,0.012030421103905953,1.0,0.012030421103905953,0.012030421103905953,0.8667962829644041,1.177829054027693
2006-01-04,0.0,0.0,0.0,-0.001,0.8659294866814398,1.177829054027693
2006-01-05,0.0026154017734527635,1.0,0.0026154017734527635,0.0016154017734527635,0.8673283107099101,1.1809095502244211
2006-01-06,0.001186080094939479,1.0,0.001186080094939479,0.001186080094939479,0.8683570315550206,1.1823102035358661
2006-01-09,-0.0042634369570170305,1.0,-0.0042634369570170305,-0.0042634369570170305,0.8646548460948034,1.177269498519453
2006-01-10,-0.001188831429582038,1.0,-0.001188831429582038,-0.001188831429582038,0.8636269172380254,1.1758699235385248
2006-01-11,-0.006668864805696062,1.0,-0.006668864805696062,-0.006668864805696062,0.857867506084405,1.1680282059893623
2006-01-12,-0.004075870066996168,1.0,-0.004075870066996168,-0.004075870066996168,0.8543709495949069,1.163267474787163
2006-01-13,0.0036111089106942718,1.0,0.0036111089106942718,0.0036111089106942718,0.8574561761440274,1.1674681603308876
2006-01-17,0.005996747580816919,1.0,0.005996747580816919,0.005996747580816919,0.8625981243939755,1.1744691721970326
2006-01-18,0.01621356871623436,0.0,0.0,-0.001,0.8617355262695816,1.1935115088255481
2006-01-19,0.014547157295681457,1.0,0.014547157295681457,0.013547157295681456,0.8734095929912323,1.2108737084786394
2006-01-20,-0.011100895097152619,0.0,-0.0,-0.001,0.8725361833982411,1.1974319264649178
2006-01-23,-0.016604164012814504,-1.0,0.016604164012814504,0.015604164012814503,0.8861513811111026,1.1775495703637138
2006-01-24,-0.004042414129918237,0.0,-0.0,-0.001,0.8852652297299914,1.1727894273417963
2006-01-25,-0.01504383599177872,-1.0,0.01504383599177872,0.01404383599177872,0.8976977494255437,1.1551461755439743
2006-01-26,-0.010908557347491521,0.0,-0.0,-0.001,0.8968000516761182,1.1425451972433174
2006-01-27,0.021078500643197495,-1.0,-0.021078500643197495,-0.022078500643197496,0.8770000511583674,1.1666283369182928
2006-01-30,-0.0004803069931387238,-1.0,0.0004803069931387238,0.0004803069931387238,0.8774212804159218,1.1660679971696772
2006-01-31,0.0036026043198296165,-1.0,-0.0036026043198296165,-0.0036026043198296165,0.874260278720785,1.1702688787734958
2006-02-01,-0.0071790930015173116,-1.0,0.0071790930015173116,0.0071790930015173116,0.8805366745692541,1.1618674096559996
2006-02-02,-0.02096918062840214,-1.0,0.02096918062840214,0.02096918062840214,0.8990008071482293,1.1375040020766691
2006-02-03,-0.006892673031688501,0.0,-0.0,-0.001,0.898101806341081,1.1296635589181174
2006-02-06,0.014129729427648119,-1.0,-0.014129729427648119,-0.01512972942764812,0.8845137690126584,1.1456253993499044
2006-02-07,0.009044560240250465,-1.0,-0.009044560240250465,-0.009044560240250465,0.8765137309454925,1.1559870772870855
2006-02-08,0.013323246414930656,-1.0,-0.013323246414930656,-0.013323246414930656,0.8648357225220354,1.1713885779702569
2006-02-09,0.00884513469889936,-1.0,-0.00884513469889936,-0.00884513469889936,0.8571861340639081,1.181749667727156
2006-02-10,-0.00805642550535568,-1.0,0.00805642550535568,0.00805642550535568,0.8640919902972178,1.1722289895631333
2006-02-13,-0.004777780360924244,0.0,-0.0,-0.001,0.8632278983069206,1.1666283369182924
2006-02-14,-0.004560983778967409,-1.0,0.004560983778967409,0.003560983778967409,0.8663018388503436,1.1613073639975242
2006-02-15,0.0028936956012872717,0.0,0.0,-0.001,0.8654355370114932,1.1646678340084664
2006-02-16,0.004087293340649278,1.0,0.004087293340649278,0.0030872933406492784,0.8681073903816702,1.1694281730904776
2006-02-17,0.004789139464626668,1.0,0.004789139464626668,0.004789139464626668,0.8722648777444811,1.1750287277052716
2006-02-21,-0.005719391971610532,0.0,-0.0,-0.001,0.8713926128667366,1.1683082778336222
2006-02-22,0.00623207574447715,-1.0,-0.00623207574447715,-0.00723207574447715,0.8650906354873066,1.175589263513981
2006-02-23,-0.004525717362017012,-1.0,0.004525717362017012,0.004525717362017012,0.8690057911960498,1.1702688787734952
2006-02-24,-0.00023974148128236283,0.0,-0.0,-0.001,0.8681367854048537,1.1699883167789993
2006-02-27,0.011489068660846646,-1.0,-0.011489068660846646,-0.012489068660846647,0.8572945654849258,1.1834303928828616
2006-02-28,-0.007808902480169411,-1.0,0.007808902480169411,0.007808902480169411,0.8639890951435769,1.1741891003527707
2006-03-01,-0.0076315037866983015,0.0,-0.0,-0.001,0.8631251060484333,1.1652282717871287
2006-03-02,-0.006489243204861994,-1.0,0.006489243204861994,0.005489243204861994,0.8678630096717556,1.157666822142321
2006-03-03,-0.010863212452958737,0.0,-0.0,-0.001,0.8669951466620838,1.1450908415036474
2006-03-06,-0.02122357647051165,-1.0,0.02122357647051165,0.02022357647051165,0.8845288893101669,1.1207879184633123
2006-03-07,0.0002521624482445528,0.0,0.0,-0.001,0.8836443604208568,1.121070539088795
2006-03-08,-0.0017646047053735403,-1.0,0.0017646047053735403,0.0007646047053735403,0.8843199990567114,1.1190922927404632
2006-03-09,-0.01464635576856621,-1.0,0.01464635576856621,0.01464635576856621,0.897272064376154,1.102701668883126
2006-03-10,0.005125522631287183,0.0,0.0,-0.001,0.8963747923117779,1.1083535912425446
2006-03-13,0.02294710259728583,-1.0,-0.02294710259728583,-0.02394710259728583,0.874909213194667,1.1337870948148574
2006-03-14,0.006729461485719401,-1.0,-0.006729461485719401,-0.006729461485719401,0.8690215453409724,1.1414168714024198
2006-03-15,0.00742806677109642,-1.0,-0.00742806677109642,-0.00742806677109642,0.8625663952766582,1.1498953921368529
2006-03-16,0.014007892562934554,-1.0,-0.014007892562934554,-0.014007892562934554,0.8504836578832251,1.1660030032485194
2006-03-17,-0.015511155176876956,-1.0,0.015511155176876956,0.015511155176876956,0.8636756418760497,1.147916949728427
2006-03-20,0.001970051191100053,0.0,0.0,-0.001,0.8628119662341737,1.1501784048825234
2006-03-21,-0.016707524650519612,-1.0,0.016707524650519612,0.01570752465051961,0.8763646064625602,1.1309617708304534
2006-03-22,0.015991399414521545,0.0,0.0,-0.001,0.8754882418560976,1.1490474322303577
2006-03-23,-0.003934690283908582,1.0,-0.003934690283908582,-0.004934690283908582,0.8711679785353341,1.1445262864630108
2006-03-24,0.0049383910936458,1.0,0.0049383910936458,0.0049383910936458,0.8754701467216024,1.1501784048825232
2006-03-27,-0.005651620990756223,1.0,-0.005651620990756223,-0.005651620990756223,0.8705223212636102,1.1436780324663747
2006-03-28,-0.0012352348887727516,1.0,-0.0012352348887727516,-0.0012352348887727516,0.8694470217209299,1.1422653214591492
2006-03-29,0.0024736109828567,1.0,0.0024736109828567,0.0024736109828567,0.8715976954228708,1.145090841503647
2006-03-30,-0.0064162210505778194,1.0,-0.0064162210505778194,-0.0064162210505778194,0.8660053319418635,1.1377436855415675
2006-03-31,-0.0029807675655266763,1.0,-0.0029807675655266763,-0.0029807675655266763,0.863423971336838,1.1343523360658223
2006-04-03,0.0022424969813703566,1.0,0.0022424969813703566,0.0022424969813703566,0.8653601969862037,1.1368961177552603
2006-04-04,0.010439645007404685,1.0,0.010439645007404685,0.010439645007404685,0.8743942502462775,1.1487649096349217
2006-04-05,0.0,1.0,0.0,0.0,0.8743942502462775,1.1487649096349217
2006-04-06,-0.012792253751291338,1.0,-0.012792253751291338,-0.012792253751291338,0.863208777118457,1.1340696174102924
2006-04-07,-0.0002491227973119292,1.0,-0.0002491227973119292,-0.0002491227973119292,0.862993732133237,1.1337870948148567
2006-04-10,-0.0024919352119324722,1.0,-0.0024919352119324722,-0.0024919352119324722,0.8608432076644572,1.130961770830453
2006-04-11,-0.016492227670735105,1.0,-0.016492227670735105,-0.016492227670735105,0.846645985494849,1.1123096918190194
2006-04-12,-0.00254031597074722,1.0,-0.00254031597074722,-0.00254031597074722,0.8444952371763275,1.1094840737444747
2006-04-13,-0.008151145329002185,1.0,-0.008151145329002185,-0.008151145329002185,0.837611633768453,1.1004405078191701
2006-04-17,-0.009501722990148398,1.0,-0.009501722990148398,-0.009501722990148398,0.8296528800510595,1.0899844269467343
2006-04-18,0.014778105818382237,1.0,0.014778105818382237,0.014778105818382237,0.8419135781049797,1.1060923321485419
2006-04-19,0.0035772662659350196,0.0,0.0,-0.001,0.8410716645268747,1.1100491189353463
2006-04-20,0.013492841473882855,1.0,0.013492841473882855,0.012492841473882854,0.8515790394999838,1.1250268357253643
2006-04-21,-0.01180584727875511,0.0,-0.0,-0.001,0.8507274604604839,1.1117449407182896
2006-04-24,-0.0012711559150854201,-1.0,0.0012711559150854201,0.0002711559150854201,0.8509581402435134,1.1103317395608292
2006-04-25,-0.01119927942073251,-1.0,0.01119927942073251,0.01119927942073251,0.8604882582314474,1.0978968241597795
2006-04-26,-0.00875103072923622,0.0,-0.0,-0.001,0.8596277699732159,1.0882890953140265
2006-04-27,0.02337053251935961,-1.0,-0.02337053251935961,-0.02437053251935961,0.838678183450539,1.1137229910065274
2006-04-28,0.004821038783695553,-1.0,-0.004821038783695553,-0.004821038783695553,0.8346348834010846,1.1190922927404632
2006-05-01,-0.012626437600699147,-1.0,0.012626437600699147,0.012626437600699147,0.8451733486757153,1.1049621437367523
2006-05-02,0.019692915014885015,0.0,0.0,-0.001,0.8443281753270395,1.1267220693280253
2006-05-03,-0.01228992729892353,1.0,-0.01228992729892353,-0.013289927298923532,0.8331071152605104,1.1128747370098913
2006-05-04,-0.0020315556626696596,1.0,-0.0020315556626696596,-0.0020315556626696596,0.8314146117828926,1.1106138700360768
2006-05-05,0.016539737906622998,1.0,0.016539737906622998,0.016539737906622998,0.8451659915535183,1.1289831323619337
2006-05-08,-0.0022524671770267624,0.0,-0.0,-0.001,0.8443208255619649,1.1264401349128716
2006-05-09,-0.009282498535345463,1.0,-0.009282498535345463,-0.010282498535345463,0.8356390979097623,1.1159839560103886
2006-05-10,0.0017720327674535241,1.0,0.0017720327674535241,0.0017720327674535241,0.8371198777730238,1.1179615161483913
2006-05-11,-0.0048023223573898655,1.0,-0.0048023223573898655,-0.0048023223573898655,0.833099758268179,1.1125927045646904
2006-05-12,-0.006096123822823318,1.0,-0.006096123822823318,-0.006096123822823318,0.828021078985012,1.1058102016732942
2006-05-15,-0.0025559560859936825,1.0,-0.0025559560859936825,-0.0025559560859936825,0.8259046934688492,1.1029837993583735
2006-05-16,-0.0076860951801304145,1.0,-0.0076860951801304145,-0.0076860951801304145,0.8195567113851312,1.0945061608943631
2006-05-17,-0.01807405942513063,1.0,-0.01807405942513063,-0.01807405942513063,0.8047439946812917,1.0747239915011868
2006-05-18,0.0007890937052195124,1.0,0.0007890937052195124,0.0007890937052195124,0.8053790131018078,1.0755720494377288
2006-05-19,0.007094329758643436,1.0,0.007094329758643436,0.007094329758643436,0.8110926374014429,1.08320251223562
2006-05-22,0.004173597850946065,1.0,0.004173597850946065,0.004173597850946065,0.8144778118898197,1.0877233639128259
2006-05-23,-0.0028576537318211193,1.0,-0.0028576537318211193,-0.0028576537318211193,0.8121503163311873,1.0846150271827513
2006-05-24,0.0023452410262083667,1.0,0.0023452410262083667,0.0023452410262083667,0.8140550045724952,1.0871587108421423
2006-05-25,0.014036899362816602,1.0,0.014036899362816602,0.014036899362816602,0.8254818127474766,1.1024190482576428
2006-05-26,0.007690032639955824,0.0,0.0,-0.001,0.8246563309347291,1.1108966867216532
2006-05-30,-0.006104989619849843,1.0,-0.006104989619849843,-0.007104989619849843,0.8187971562634944,1.104114673980492
2006-05-31,0.019452060073037236,1.0,0.019452060073037236,0.019452060073037236,0.834724447734764,1.1255919789462823
2006-06-01,0.010544749955408994,0.0,0.0,-0.001,0.8338897232870291,1.1374610649160848
2006-06-02,0.013664606658101208,1.0,0.013664606658101208,0.012664606658101207,0.8444506086286921,1.153004022957068
2006-06-05,0.0024511677310357083,0.0,0.0,-0.001,0.8436061580200634,1.1558302292118947
2006-06-06,0.005378619915863192,1.0,0.005378619915863192,0.004378619915863192,0.847299988744715,1.1620470007020904
2006-06-07,0.00012265914222275853,1.0,0.00012265914222275853,0.00012265914222275853,0.8474039178345398,1.162189536390419
2006-06-08,0.012515012093180511,1.0,0.012515012093180511,0.012515012093180511,0.8580091881140477,1.176734352492913
2006-06-09,0.013088174565865085,0.0,0.0,-0.001,0.8571511789259336,1.1921356571159905
2006-06-12,0.0,1.0,0.0,-0.001,0.8562940277470077,1.1921356571159905
2006-06-13,-0.008851632207790838,1.0,-0.008851632207790838,-0.008851632207790838,0.8487144279516633,1.1815833107374067
2006-06-14,-0.013516656092778745,1.0,-0.013516656092778745,-0.013516656092778745,0.8372426469080613,1.1656122554812023
2006-06-15,0.006606361777026448,1.0,0.006606361777026448,0.006606361777026448,0.8427737747286912,1.173312711732647
2006-06-16,0.0026731759761895457,1.0,0.0026731759761895457,0.0026731759761895457,0.8450266573366585,1.1764491830862085
2006-06-19,-0.008484194190704342,1.0,-0.008484194190704342,-0.008484194190704342,0.8378572870794925,1.1664679597614096
2006-06-20,0.0007334176759459243,1.0,0.0007334176759459243,0.0007334176759459243,0.8384717864237566,1.1673234679815232
2006-06-21,-0.002688067069914535,1.0,-0.002688067069914535,-0.002688067069914535,0.8362179180256185,1.1641856242073036
2006-06-22,-0.0053890246083548865,1.0,-0.0053890246083548865,-0.0053890246083548865,0.8317115190874311,1.1579117992297574
2006-06-23,-0.002462959725461067,1.0,-0.002462959725461067,-0.002462959725461067,0.8296630471127168,1.1550599091026184
2006-06-26,0.0034566741971904236,1.0,0.0034566741971904236,0.0034566741971904236,0.8325309219600336,1.1590525748866225
2006-06-27,-0.005905725253272265,1.0,-0.005905725253272265,-0.005905725253272265,0.8276142230700843,1.1522075288252442
2006-06-28,0.00024775354239925385,1.0,0.00024775354239925385,0.00024775354239925385,0.8278192674255899,1.1524929923220897
2006-06-29,0.017322376130095574,1.0,0.017322376130095574,0.017322376130095574,0.8421590641436761,1.1724569094223922
2006-06-30,0.006567627457749525,0.0,0.0,-0.001,0.8413169050795325,1.180157169613743
2006-07-03,-0.0014499038893557303,1.0,-0.0014499038893557303,-0.0024499038893557304,0.8392557595215975,1.178446055143469
2006-07-05,-0.0019356517453973376,1.0,-0.0019356517453973376,-0.0019356517453973376,0.8376312526458447,1.1761649939799739
2006-07-06,-0.010669607155522898,1.0,-0.010669607155522898,-0.010669607155522898,0.828694056238925,1.1636157755441296
2006-07-07,0.010784675405398403,1.0,0.010784675405398403,0.010784675405398403,0.8376312526458448,1.176164993979974
2006-07-10,0.00945648880793093,0.0,0.0,-0.001,0.836793621393199,1.187287385081826
2006-07-11,0.00024035079491624423,1.0,0.00024035079491624423,-0.0007596492050837558,0.8361579517838885,1.1875727505486244
2006-07-12,0.00048009080121746983,1.0,0.00048009080121746983,0.00048009080121746983,0.8365593835249048,1.1881428933019393
2006-07-13,-0.004080711269319082,1.0,-0.004080711269319082,-0.004080711269319082,0.8331456262211001,1.1832944252076807
2006-07-14,0.002892699465119497,1.0,0.002892699465119497,0.002892699465119497,0.8355556661284366,1.1867173403585578
2006-07-17,0.0009608737210207163,1.0,0.0009608737210207163,0.0009608737210207163,0.8363585296104693,1.1878576258651878
2006-07-18,-0.002400703590186626,1.0,-0.002400703590186626,-0.002400703590186626,0.8343506806857502,1.1850059317981427
2006-07-19,0.01083040464863605,1.0,0.01083040464863605,0.01083040464863605,0.8433870361764418,1.1978400255505506
2006-07-20,0.011666888041200307,0.0,0.0,-0.001,0.8425436491402654,1.2118150910199175
2006-07-21,0.00964934349485147,1.0,0.00964934349485147,0.00864934349485147,0.8498310985710851,1.2235083110854132
2006-07-24,0.003029977200457168,0.0,0.0,-0.001,0.848981267472514,1.227215513372572
2006-07-25,0.004415450113345765,1.0,0.004415450113345765,0.0034154501133457646,0.8518809206387316,1.2326342222501925
2006-07-26,-0.0004623810396734429,1.0,-0.0004623810396734429,-0.0004623810396734429,0.8514870270529686,1.2320642755569713
2006-07-27,0.0,1.0,0.0,0.0,0.8514870270529686,1.2320642755569713
2006-07-28,-0.004630484592461737,1.0,-0.004630484592461737,-0.004630484592461737,0.8475442294935188,1.2263592209120822
2006-07-31,0.0032559463867165572,1.0,0.0032559463867165572,0.0032559463867165572,0.8503037880651207,1.2303521807862274
2006-08-01,0.006026962816452874,1.0,0.006026962816452874,0.006026962816452874,0.8554285373784782,1.2377674676309678
2006-08-02,-0.0036863212652148425,0.0,-0.0,-0.001,0.8545731088410997,1.2332046590936487
2006-08-03,0.00624434413599384,-1.0,-0.00624434413599384,-0.00724434413599384,0.8483822871512887,1.2409052133751404
2006-08-04,0.010112559888017625,-1.0,-0.010112559888017625,-0.010112559888017625,0.8398029704645379,1.2534539416607497
2006-08-07,-0.016609879883557777,-1.0,0.016609879883557777,0.016609879883557777,0.853751996929809,1.2326342222501927
2006-08-08,0.007404220360273772,0.0,0.0,-0.001,0.8528982449328791,1.241760917655348
2006-08-09,0.0025262201919833416,1.0,0.0025262201919833416,0.0015262201919833416,0.8541999554560029,1.2448978791591445
2006-08-10,-0.00641484080898036,1.0,-0.00641484080898036,-0.00641484080898036,0.8487203987227145,1.2369120574409014
2006-08-11,0.006225627954038693,1.0,0.006225627954038693,0.006225627954038693,0.8540042161621655,1.244612611722393
2006-08-14,0.004812056108597806,0.0,0.0,-0.001,0.8531502119460033,1.2506017574434696
2006-08-15,0.006841478048974281,1.0,0.006841478048974281,0.005841478048974281,0.8581338701815637,1.2591577219150278
2006-08-16,-0.009739104573825097,0.0,-0.0,-0.001,0.8572757363113822,1.246894653186358
2006-08-17,-0.014410219257573909,-1.0,0.014410219257573909,0.013410219257573908,0.8687719918995158,1.2289266278428461
2006-08-18,0.012067589092217945,0.0,0.0,-0.001,0.8679032199076163,1.2437568094121387
2006-08-21,0.004357199909895693,1.0,0.004357199909895693,0.0033571999098956926,0.8708169445192885,1.2491761064700415
2006-08-22,0.00456634764699837,1.0,0.00456634764699837,0.00456634764699837,0.8747933974248604,1.2548802788445075
2006-08-23,-0.006074536816567777,1.0,-0.006074536816567777,-0.006074536816567777,0.8694794327253127,1.2472574623902817
2006-08-24,0.012453690953607932,1.0,0.012453690953607932,0.012453690953607932,0.8803076608709921,1.2627904213664716
2006-08-25,0.003644404097699505,0.0,0.0,-0.001,0.8794273532101211,1.2673925399526351
2006-08-28,0.0031779124334527786,1.0,0.0031779124334527786,0.0021779124334527786,0.881342668976996,1.2714202024634158
2006-08-29,0.005655875282841949,1.0,0.005655875282841949,0.005655875282841949,0.886327433194177,1.2786111965606346
2006-08-30,-0.017097836135616662,0.0,-0.0,-0.001,0.8854411057609828,1.256749711840676
2006-08-31,0.01739525739611225,-1.0,-0.01739525739611225,-0.018395257396112252,0.8691531887114112,1.2786111965606346
2006-09-01,-0.0011248132530924382,-1.0,0.0011248132530924382,0.0011248132530924382,0.8701308237370413,1.2771729977411908
2006-09-05,-0.0022526970538093716,-1.0,0.0022526970538093716,0.0022526970538093716,0.8720909648801024,1.2742959138919743
2006-09-06,-0.009706182782505235,-1.0,0.009706182782505235,0.009706182782505235,0.8805556391881999,1.2619273648327392
2006-09-07,0.0029634433303609153,0.0,0.0,-0.001,0.8796750835490117,1.2656670150654528
2006-09-08,0.005681739408323727,1.0,0.005681739408323727,0.004681739408323727,0.8837934930541836,1.2728582052227657
2006-09-11,0.0038416193995733927,0.0,0.0,-0.001,0.8829096995611294,1.2777480419968557
2006-09-12,-0.00045004510808410725,1.0,-0.00045004510808410725,-0.0014500451080841073,0.8816294406704008,1.277172997741191
2006-09-13,-0.00022527738093058858,1.0,-0.00022527738093058858,-0.00022527738093058858,0.8814308294990553,1.2768852795532646
2006-09-14,-0.002703246752050248,1.0,-0.002703246752050248,-0.002703246752050248,0.879048104472055,1.2734335435685715
2006-09-15,0.006324595925386145,1.0,0.006324595925386145,0.006324595925386145,0.8846077285318173,1.2814874961694753
2006-09-18,-0.013018654959554121,1.0,-0.013018654959554121,-0.013018654959554121,0.8730913257395067,1.264804252621862
2006-09-19,0.005912785484037286,1.0,0.005912785484037286,0.005912785484037286,0.878253727456578,1.2722827688469132
2006-09-20,0.004295643455814346,1.0,0.004295643455814346,0.004295643455814346,0.8820263923334715,1.2777480419968557
2006-09-21,0.002701881788509608,0.0,0.0,-0.001,0.881144365941138,1.2812003661618308
2006-09-22,-0.0017963243486764924,1.0,-0.0017963243486764924,-0.0027963243486764924,0.8786804004959576,1.278898914748561
2006-09-25,0.011695548723826166,1.0,0.011695548723826166,0.011695548723826166,0.8889570499326293,1.2938563393188511
2006-09-26,-0.0006671935419665376,0.0,-0.0,-0.001,0.8880680928826966,1.2929930867250252
2006-09-27,0.016463070640465594,1.0,0.016463070640465594,0.015463070640465593,0.9018003525364852,1.314279723249413
2006-09-28,-0.007222694988486156,0.0,-0.0,-0.001,0.9008985521839487,1.3047870816788305
2006-09-29,-0.007936395239905858,-1.0,0.007936395239905858,0.006936395239905858,0.9071475406129555,1.294431775694704
2006-10-02,0.010222168469254944,0.0,0.0,-0.001,0.9062403930723426,1.307663675377812
2006-10-03,0.01165898029876411,1.0,0.01165898029876411,0.010658980298764109,0.915899991568045,1.3229097004064514
2006-10-04,0.018264548174015793,0.0,0.0,-0.001,0.914984091576477,1.3470720483593979
2006-10-05,-0.009822420099232843,1.0,-0.009822420099232843,-0.010822420099232843,0.9050817493533214,1.3338405407964777
2006-10-06,-0.0010782389464523146,1.0,-0.0010782389464523146,-0.0010782389464523146,0.9041058549614455,1.3324023419770339
2006-10-09,0.0012952686459273277,1.0,0.0012952686459273277,0.0012952686459273277,0.9052769149279764,1.334128160954357
2006-10-10,0.002587039233234778,1.0,0.002587039233234778,0.002587039233234778,0.9076189018238368,1.3375796028489093
2006-10-11,0.0017203157764822397,0.0,0.0,-0.001,0.9067112829220129,1.3398806621419912
2006-10-12,-0.00021480735270351659,1.0,-0.00021480735270351659,-0.0012148073527035166,0.90560980338874,1.3395928459240178
2006-10-13,-0.003005900055798927,1.0,-0.003005900055798927,-0.003005900055798927,0.9028876308302017,1.335566163713707
2006-10-16,0.000646283641522416,1.0,0.000646283641522416,0.000646283641522416,0.9034711523361403,1.336429318277486
2006-10-17,0.00043021072476823186,1.0,0.00043021072476823186,0.00043021072476823186,0.903859835315394,1.3370042645031037
2006-10-18,0.01699617097470818,1.0,0.01699617097470818,0.01699617097470818,0.9192219916135861,1.3597282175765124
2006-10-19,0.004231635067886819,0.0,0.0,-0.001,0.9183027696219725,1.3654820911848045
2006-10-20,0.009057865408113264,1.0,0.009057865408113264,0.008057865408113263,0.925702329743484,1.3778504441839454
2006-10-23,0.003758344930901547,0.0,0.0,-0.001,0.9247766274137404,1.3830288814163847
2006-10-24,0.0018718882489308086,1.0,0.0018718882489308086,0.0008718882489308086,0.9255829292880684,1.38561775692744
2006-10-25,0.03321531815882173,1.0,0.03321531815882173,0.03321531815882173,0.9563264607667458,1.4316414915702977
2006-10-26,-0.00020090236247893856,0.0,-0.0,-0.001,0.9553701343059791,1.4313538714124183
2006-10-27,0.003215700106327102,1.0,0.003215700106327102,0.0022157001063271018,0.9574869480141427,1.4359566762089109
2006-10-30,0.017026953887896212,1.0,0.017026953887896212,0.017026953887896212,0.973790034126242,1.4604066443197368
2006-10-31,0.004530210724038364,0.0,0.0,-0.001,0.9728162440921158,1.4670225941612909
2006-11-01,0.011568904305571115,1.0,0.011568904305571115,0.010568904305571114,0.9830978458828303,1.4839944381672536
2006-11-02,-0.003683010595938341,0.0,-0.0,-0.001,0.9821147480369475,1.47852887092717
2006-11-03,-0.008171243246683835,-1.0,0.008171243246683835,0.007171243246683835,0.9891577317912762,1.4664474518755792
2006-11-06,0.0009810709329125533,0.0,0.0,-0.001,0.9881685740594849,1.4678861408452581
2006-11-07,-0.0019596177039168383,-1.0,0.0019596177039168383,0.0009596177039168383,0.9891168381176066,1.4650096451763237
2006-11-08,0.02336532459843399,-1.0,-0.02336532459843399,-0.02336532459843399,0.966005802129212,1.499240071075705
2006-11-09,0.00767434702925307,-1.0,-0.00767434702925307,-0.00767434702925307,0.9585923383714005,1.510745759661302
2006-11-10,0.008948645153788348,-1.0,-0.008948645153788348,-0.008948645153788348,0.9500142356881746,1.5242648873821014
2006-11-13,0.006039119282349237,-1.0,-0.006039119282349237,-0.006039119282349237,0.9442769863989239,1.5334701048548987
2006-11-14,-0.002063177969140906,-1.0,0.002063177969140906,0.002063177969140906,0.9462251978740289,1.530306283118226
2006-11-15,-0.01259395548558595,-1.0,0.01259395548558595,0.01259395548558595,0.9581419158953943,1.5110336739093224
2006-11-16,-0.0022847433677922746,0.0,-0.0,-0.001,0.9571837739794989,1.5075813497443473
2006-11-17,0.005151713063100916,-1.0,-0.005151713063100916,-0.006151713063100916,0.951295454053321,1.5153479762775126
2006-11-20,0.0009494763065973633,-1.0,-0.0009494763065973633,-0.0009494763065973633,0.9503922215591236,1.5167867632772383
2006-11-21,0.003151297978784884,-1.0,-0.003151297978784884,-0.003151297978784884,0.9473972524722715,1.5215666103386014
2006-11-22,0.005711651200201784,-1.0,-0.005711651200201784,-0.005711651200201784,0.9419860498181204,1.5302572680947288
2006-11-24,-0.00018878822176737753,-1.0,0.00018878822176737753,0.00018878822176737753,0.9421638856893954,1.5299683735462386
2006-11-27,-0.00605902286883242,-1.0,0.00605902286883242,0.00605902286883242,0.9478724782189755,1.5206982601823316
2006-11-28,-0.004572935772808262,0.0,-0.0,-0.001,0.9469246057407565,1.5137442047086964
2006-11-29,0.016076665456734363,-1.0,-0.016076665456734363,-0.017076665456734363,0.9307542910357716,1.5380801638748685
2006-11-30,0.003956051940469996,-1.0,-0.003956051940469996,-0.003956051940469996,0.9270721787166187,1.544164888891764
2006-12-01,-0.002626721572020707,-1.0,0.002626721572020707,0.002626721572020707,0.9295073392072738,1.540108797667355
2006-12-04,0.014860368927205103,-1.0,-0.014860368927205103,-0.014860368927205103,0.915694517226109,1.5629953825887262
2006-12-05,-0.0009268037644653004,-1.0,0.0009268037644653004,0.0009268037644653004,0.9165431863517745,1.561546792584301
2006-12-06,-0.0027827394694307506,-1.0,0.0027827394694307506,0.0027827394694307506,0.9190936872518735,1.5572014146912136
2006-12-07,-0.0033490841010416217,-1.0,0.0033490841010416217,0.0033490841010416217,0.9221718093072165,1.5519862161911517
2006-12-08,-0.004293589965474465,-1.0,0.004293589965474465,0.004293589965474465,0.9261312369341014,1.5453226237467588
2006-12-11,0.004875040956269006,-1.0,-0.004875040956269006,-0.004875040956269006,0.9216163092231675,1.5528561348281733
2006-12-12,0.011379988174700761,-1.0,-0.011379988174700761,-0.011379988174700761,0.9111283265225965,1.5705276192795294
2006-12-13,-0.00036858150114105204,-1.0,0.00036858150114105204,0.00036858150114105204,0.9114641515689181,1.5699487518520319
2006-12-14,0.010887622365941985,-1.0,-0.010887622365941985,-0.010887622365941985,0.901540474086542,1.5870417609960787
2006-12-15,0.0029209343926313025,-1.0,-0.0029209343926313025,-0.0029209343926313025,0.8989071335094335,1.5916774058583143
2006-12-18,-0.011649463176713781,-1.0,0.011649463176713781,0.011649463176713781,0.9093789190605369,1.5731352185295606
2006-12-19,0.007735482455812459,0.0,0.0,-0.001,0.9084695401414764,1.5853041784131168
2006-12-20,0.006944204397643539,1.0,0.006944204397643539,0.0059442043976435386,0.9138696687771106,1.596312854660456
2006-12-21,-0.010889642379590114,0.0,-0.0,-0.001,0.9129557991083335,1.578929578547261
2006-12-22,0.0029359414917671245,-1.0,-0.0029359414917671245,-0.0039359414917671245,0.9093624584984735,1.5835652234094963
2006-12-26,0.004390710935257891,-1.0,-0.004390710935257891,-0.004390710935257891,0.9053697108078312,1.5905182005526146
2006-12-27,-0.0014566586725275332,-1.0,0.0014566586725275332,0.0014566586725275332,0.9066885254489232,1.5882013584219667
2006-12-28,-0.0040133523698197004,-1.0,0.0040133523698197004,0.0040133523698197004,0.9103273859912219,1.581827346736393
2006-12-29,-0.0032967595488092583,-1.0,0.0032967595488092583,0.0032967595488092583,0.9133285164935311,1.5766124423264722
2007-01-03,0.012495405849336949,-1.0,-0.012495405849336949,-0.012495405849336949,0.9019161060061716,1.596312854660456
2007-01-04,-0.0007265452273943485,-1.0,0.0007265452273943485,0.0007265452273943485,0.9025713888485004,1.5951530611744742
2007-01-05,-0.013257675738256758,-1.0,0.013257675738256758,0.013257675738256758,0.9145373876524818,1.5740050391365354
2007-01-08,-0.0012887110790351652,0.0,-0.0,-0.001,0.9136228502648294,1.571976601404143
2007-01-09,0.0009211968250015801,-1.0,-0.0009211968250015801,-0.00192119682500158,0.9118676009456517,1.5734247012583333
2007-01-10,0.0003688374014583218,-1.0,-0.0003688374014583218,-0.0003688374014583218,0.9115312700692448,1.5740050391365359
2007-01-11,-0.002024992848625118,-1.0,0.002024992848625118,0.002024992848625118,0.9133771143724332,1.5708176901885844
2007-01-12,-0.006824207357550183,-1.0,0.006824207357550183,0.006824207357550183,0.9196101891965515,1.5600981045498294
2007-01-16,0.00557165234774426,0.0,0.0,-0.001,0.918690579007355,1.5687904288167558
2007-01-17,0.004616775975293308,1.0,0.004616775975293308,0.003616775975293308,0.9220132770222371,1.576033182778787
2007-01-18,0.0014701709431375054,1.0,0.0014701709431375054,0.0014701709431375054,0.9233687941513022,1.5783502209695288
2007-01-19,0.0045889371863718775,1.0,0.0045889371863718775,0.0045889371863718775,0.9276060755475185,1.5855931709916542
2007-01-22,0.0003653267170184993,0.0,0.0,-0.001,0.926678469471971,1.5861724305393394
2007-01-23,0.008401979868078113,1.0,0.008401979868078113,0.007401979868078113,0.933537724847184,1.5994994193680314
2007-01-24,0.003803591719262034,0.0,0.0,-0.001,0.9326041871223368,1.605583262114504
2007-01-25,-0.0001804807173509948,1.0,-0.0001804807173509948,-0.0011804807173509948,0.9315032658625181,1.605293485295591
2007-01-26,0.010647841824918514,1.0,0.010647841824918514,0.010647841824918514,0.9414217652968172,1.6223863964095906
2007-01-29,0.0023218886845706166,0.0,0.0,-0.001,0.9404803435315204,1.6261533970254154
2007-01-30,0.001603538297678897,1.0,0.001603538297678897,0.000603538297678897,0.941047959437056,1.6287609962754463
2007-01-31,0.0076483083032137245,1.0,0.0076483083032137245,0.0076483083032137245,0.9482453843589408,1.6412182625272105
2007-02-01,0.014121975449516322,0.0,0.0,-0.001,0.9472971389745819,1.6643955065379177
2007-02-02,0.0034810066565666986,1.0,0.0034810066565666986,0.0024810066565666986,0.9496473894821246,1.6701892783753358
2007-02-05,0.016998714132405723,1.0,0.016998714132405723,0.016998714132405723,0.9657901739825165,1.6985803484654471
2007-02-06,0.007504412153419349,0.0,0.0,-0.001,0.964824383808534,1.7113271954760305
2007-02-07,-0.0030467710402086734,1.0,-0.0030467710402086734,-0.004046771040208673,0.9609199604332505,1.7061131733365327
2007-02-08,0.006113428524575637,1.0,0.006113428524575637,0.006113428524575637,0.9667944759291972,1.7165433742765626
2007-02-09,-0.005063853554291842,0.0,-0.0,-0.001,0.965827681453268,1.707851050009636
2007-02-12,0.0005093644653710871,-1.0,-0.0005093644653710871,-0.0015093644653710872,0.9643698954712108,1.7087209686466576
2007-02-13,0.007799164962000171,-1.0,-0.007799164962000171,-0.007799164962000171,0.9568486155720439,1.7220475653551617
2007-02-14,0.0035323998003475854,-1.0,-0.0035323998003475854,-0.0035323998003475854,0.9534686437134344,1.7281305258312114
2007-02-15,-0.010058212289361879,-1.0,0.010058212289361879,0.010058212289361879,0.9630588337431542,1.7107486221386745
2007-02-16,0.0032176458467085833,0.0,0.0,-0.001,0.962095774909411,1.7162532053374615
2007-02-20,0.009621977424429273,1.0,0.009621977424429273,0.008621977424429272,0.9703909429608186,1.732766954933823
2007-02-21,-0.009864857617240541,0.0,-0.0,-0.001,0.9694205520178578,1.7156734556395412
2007-02-22,-0.002701367528028742,-1.0,0.002701367528028742,0.001701367528028742,0.9710698926660648,1.7110387910777758
2007-02-23,0.009820084852793176,-1.0,-0.009820084852793176,-0.009820084852793176,0.9615339039220913,1.7278413371925803
2007-02-26,0.025654458876079866,-1.0,-0.025654458876079866,-0.025654458876079866,0.9368662719259654,1.7721681717219782
2007-02-27,-0.03138799033466777,-1.0,0.03138799033466777,0.03138799033466777,0.9662726214140537,1.7165433742765628
2007-02-28,0.00441875047828777,0.0,0.0,-0.001,0.9653063487926397,1.724128351132649
2007-03-01,0.005921847667416769,-1.0,-0.005921847667416769,-0.006921847667416769,0.9586246452939067,1.734338376587131
2007-03-02,-0.025231085898828498,-1.0,0.025231085898828498,0.025231085898828498,0.9828117860640513,1.6905791360298263
2007-03-05,-0.014840607879611611,-1.0,0.014840607879611611,0.014840607879611611,0.9973973104004885,1.6654899139825552
2007-03-06,0.013487791874386978,0.0,0.0,-0.001,0.996399913090088,1.6879536953112426
2007-03-07,-0.0027653594589800434,1.0,-0.0027653594589800434,-0.0037653594589800434,0.9926481092524073,1.6832858965935933
2007-03-08,0.004159425342152856,1.0,0.004159425342152856,0.004159425342152856,0.9967769549538719,1.6902873986099731
2007-03-09,0.0010354620524675173,1.0,0.0010354620524675173,0.0010354620524675173,0.9978090796655007,1.6920376270689979
2007-03-12,0.013792845332998738,1.0,0.013792845332998738,0.013792845332998738,1.0115717059731888,1.7153756403567748
2007-03-13,-0.008333072358105875,0.0,-0.0,-0.001,1.0105601342672157,1.7010812910243496
2007-03-14,0.00874609829091244,-1.0,-0.00874609829091244,-0.009746098290912442,1.0007111158697697,1.7159591151964808
2007-03-15,0.006120739790292928,-1.0,-0.006120739790292928,-0.006120739790292928,0.9945860235242772,1.7264620544313798
2007-03-16,0.007097270202071737,-1.0,-0.007097270202071737,-0.007097270202071737,0.9875271777761213,1.7387152221253033
2007-03-19,0.0033547666587319114,-1.0,-0.0033547666587319114,-0.0033547666587319114,0.9842142545255264,1.744548205981519
2007-03-20,0.00819451231216628,-1.0,-0.00819451231216628,-0.00819451231216628,0.9761490986990073,1.7588439277346022
2007-03-21,0.010449514616244882,-1.0,-0.010449514616244882,-0.010449514616244882,0.9659488144245179,1.7772229930651584
2007-03-22,0.0029545428219512893,-1.0,-0.0029545428219512893,-0.0029545428219512893,0.9630948772884875,1.7824738745023259
2007-03-23,0.00965685735866395,-1.0,-0.00965685735866395,-0.00965685735866395,0.9537944074356527,1.79968697045394
2007-03-26,0.006807954713570652,-1.0,-0.006807954713570652,-0.006807954713570652,0.9473010183037738,1.8119391578473936
2007-03-27,-0.005957094291841103,-1.0,0.005957094291841103,0.005957094291841103,0.9529441797925664,1.8011452654330176
2007-03-28,-0.007936473379995035,0.0,-0.0,-0.001,0.9519912356127739,1.7868505239804042
2007-03-29,0.0073465594445341065,-1.0,-0.0073465594445341065,-0.008346559444534107,0.9440453841740564,1.799977727573323
2007-03-30,-0.008589607923975673,-1.0,0.008589607923975673,0.008589607923975673,0.9521543638865506,1.7845166246215796
2007-04-02,0.022559829907779605,0.0,0.0,-0.001,0.9512022095226641,1.8247750161406473
2007-04-03,0.00031964421611041516,1.0,0.00031964421611041516,-0.0006803557838895849,0.9505550535977668,1.8253582949202594
2007-04-04,-0.013105091857337547,1.0,-0.013105091857337547,-0.013105091857337547,0.9380979423049116,1.8014368067927764
2007-04-05,-0.005668038754544247,1.0,-0.005668038754544247,-0.005668038754544247,0.9327807668123692,1.7912261931580125
2007-04-09,0.005700348551046064,1.0,0.005700348551046064,0.005700348551046064,0.9380979423049117,1.8014368067927764
2007-04-10,0.0019433648879805254,0.0,0.0,-0.001,0.9371598443626068,1.8049376558310133
2007-04-11,-0.010829625714326996,1.0,-0.010829625714326996,-0.011829625714326997,0.9260735941693002,1.7853908565806687
2007-04-12,-0.006862358059133489,1.0,-0.006862358059133489,-0.006862358059133489,0.9197185455770018,1.773138865247309
2007-04-13,-0.0051004803925406295,1.0,-0.0051004803925406295,-0.0051004803925406295,0.9150275391686303,1.7640950052318634
2007-04-16,0.01719845658780894,1.0,0.01719845658780894,0.01719845658780894,0.9307646005776716,1.794434716596114
2007-04-17,0.00926700357378829,0.0,0.0,-0.001,0.9298338359770939,1.81106374952774
2007-04-18,0.0049936729271975455,1.0,0.0049936729271975455,0.0039936729271975455,0.933547288194628,1.8201076095431856
2007-04-19,-0.011540147340144302,0.0,-0.0,-0.001,0.9326137409064333,1.7991032995541394
2007-04-20,0.009404895336184493,-1.0,-0.009404895336184493,-0.010404895336184494,0.9229099925432144,1.8160236777854302
2007-04-23,0.0231321983804309,-1.0,-0.0231321983804309,-0.0231321983804309,0.9015610555084227,1.8580322977635224
2007-04-24,0.009891365813391007,-1.0,-0.009891365813391007,-0.009891365813391007,0.892643385305282,1.8764107749137968
2007-04-25,0.0029541543415818605,-1.0,-0.0029541543415818605,-0.0029541543415818605,0.8900063789730981,1.8819539819510993
2007-04-26,-0.0031003671997402726,-1.0,0.0031003671997402726,0.0031003671997402726,0.8927657255580259,1.8761192335540375
2007-04-27,-0.0063752057010986185,-1.0,0.0063752057010986185,0.0063752057010986185,0.8984572907013488,1.864158587520343
2007-04-30,0.007355624647537251,0.0,0.0,-0.001,0.8975588334106475,1.8778706383736259
2007-05-01,0.003728217350613461,1.0,0.003728217350613461,0.002728217350613461,0.9000075689931548,1.884871748269818
2007-05-02,-0.0017025623209269147,1.0,-0.0017025623209269147,-0.0017025623209269147,0.8984752500176381,1.8816626366514342
2007-05-03,-0.002791075103124485,1.0,-0.002791075103124485,-0.002791075103124485,0.8959675381165403,1.8764107749137968
2007-05-04,-0.005596624659503724,1.0,-0.005596624659503724,-0.005596624659503724,0.8909531440986024,1.8659092080995558
2007-05-07,-0.0018763212503232207,1.0,-0.0018763212503232207,-0.0018763212503232207,0.8892814297812879,1.8624081630012248
2007-05-08,-0.004386067414310912,1.0,-0.004386067414310912,-0.004386067414310912,0.8853809814799724,1.8542395152453386
2007-05-09,0.0028321420044565837,1.0,0.0028321420044565837,0.0028321420044565837,0.8878885061475688,1.859490984862788
2007-05-10,-0.0020393722630399624,1.0,-0.0020393722630399624,-0.0020393722630399624,0.8860777709554594,1.855698790524886
2007-05-11,0.015405893893353229,1.0,0.015405893893353229,0.015405893893353229,0.8997285910760581,1.8842874891897363
2007-05-14,0.016102048067973884,0.0,0.0,-0.001,0.8988288624849821,1.9146283769145513
2007-05-15,-0.004114272279258535,1.0,-0.004114272279258535,-0.005114272279258535,0.8942320069497777,1.90675107445833
2007-05-16,0.0036722623579226177,1.0,0.0036722623579226177,0.0036722623579226177,0.8975158614881489,1.913753164654992
2007-05-17,-0.008079250457993625,1.0,-0.008079250457993625,-0.008079250457993625,0.8902646060531643,1.8982914735229663
2007-05-18,0.0,1.0,0.0,0.0,0.8902646060531643,1.8982914735229663
2007-05-21,0.00691516962274652,1.0,0.00691516962274652,0.00691516962274652,0.8964209368131495,1.911418481055791
2007-05-22,0.008699941512825937,0.0,0.0,-0.001,0.8955245158763363,1.928047710047511
2007-05-23,-0.020577970447926197,1.0,-0.020577970447926197,-0.021577970447926198,0.8762009143373634,1.8883724012479617
2007-05-24,-0.02935275551310268,1.0,-0.02935275551310268,-0.02935275551310268,0.8504820031184617,1.8329434678364396
2007-05-25,-0.003979083711150189,1.0,-0.003979083711150189,-0.003979083711150189,0.8470978640332266,1.8256500323401124
2007-05-29,0.0043145784769804685,1.0,0.0043145784769804685,0.0043145784769804685,0.8507527342452805,1.8335269426761458
2007-05-30,0.014320249806936802,1.0,0.014320249806936802,0.014320249806936802,0.8629357259236075,1.8597835065230173
2007-05-31,0.002823066899168891,0.0,0.0,-0.001,0.8620727901976838,1.8650337997799027
2007-06-01,-0.009228954302741954,1.0,-0.009228954302741954,-0.010228954302741955,0.8532546870211144,1.8478214880686648
2007-06-04,-0.006788812163181501,1.0,-0.006788812163181501,-0.006788812163181501,0.8474621012235738,1.8352769750750761
2007-06-05,-0.02495601865996755,1.0,-0.02495601865996755,-0.02495601865996755,0.8263128212118229,1.7894757686388938
2007-06-06,-0.016411969523993153,1.0,-0.016411969523993153,-0.016411969523993153,0.8127514003728097,1.760106946860068
2007-06-07,-0.034874409418778396,1.0,-0.034874409418778396,-0.034874409418778396,0.7844071752805228,1.698724256574434
2007-06-08,0.011583965659561324,1.0,0.011583965659561324,0.011583965659561324,0.7934937210620859,1.718402220027656
2007-06-11,0.03196024129143016,1.0,0.03196024129143016,0.03196024129143016,0.8188539718504649,1.7733227696154692
2007-06-12,-0.022855473072238675,0.0,-0.0,-0.001,0.8180351178786145,1.7327926388061352
2007-06-13,0.021186415267860026,-1.0,-0.021186415267860026,-0.022186415267860027,0.7998858510496667,1.7695043032249729
2007-06-14,-0.0006637994725060548,-1.0,0.0006637994725060548,0.0006637994725060548,0.8004168148556585,1.7683297072018949
2007-06-15,0.01810346117919015,-1.0,-0.01810346117919015,-0.01810346117919015,0.785926500120748,1.800342595408233
2007-06-18,-0.011256390615038914,-1.0,0.011256390615038914,0.011256390615038914,0.7947731958008176,1.780077235913425
2007-06-19,-0.0009899503736159332,0.0,-0.0,-0.001,0.7939784226050168,1.7783150477886671
2007-06-20,-0.02625879867765568,-1.0,0.02625879867765568,0.02525879867765568,0.8140333637359994,1.7316186309633388
2007-06-21,0.005766591135203614,0.0,0.0,-0.001,0.8132193303722635,1.7416041676102054
2007-06-22,-0.022260354933664406,-1.0,0.022260354933664406,0.021260354933664405,0.8305086619748948,1.702835440685253
2007-06-25,-0.0037942388224296852,0.0,-0.0,-0.001,0.8296781533129199,1.696374476347996
2007-06-26,-0.019043911811388314,-1.0,0.019043911811388314,0.018043911811388313,0.8446487927431336,1.6640688704213347
2007-06-27,0.018177930131740183,0.0,0.0,-0.001,0.8438041439503905,1.6943181980822575
2007-06-28,-0.005892732685931934,1.0,-0.005892732685931934,-0.006892732685931934,0.8379880275468589,1.6843340338560489
2007-06-29,-0.010636827985682995,1.0,-0.010636827985682995,-0.010636827985682995,0.8290744930437811,1.6664180624674905
2007-07-02,0.011631823747368486,1.0,0.011631823747368486,0.011631823747368486,0.8387181414203052,1.6858015436595437
2007-07-03,-0.010278549756745248,1.0,-0.010278549756745248,-0.010278549756745248,0.8300973352718317,1.668473948613041
2007-07-05,0.0,1.0,0.0,0.0,0.8300973352718317,1.668473948613041
2007-07-06,-0.005456865929582055,1.0,-0.005456865929582055,-0.005456865929582055,0.82556760540475,1.6593693099684594
2007-07-09,-0.009203557598296275,1.0,-0.009203557598296275,-0.009203557598296275,0.8179694463971199,1.6440972089473196
2007-07-10,-0.007860006582650403,1.0,-0.007860006582650403,-0.007860006582650403,0.8115402011640316,1.6311745940624764
2007-07-11,-0.0039608073229441265,1.0,-0.0039608073229441265,-0.0039608073229441265,0.8083258467923975,1.6247138257853133
2007-07-12,0.020065066007563415,1.0,0.020065066007563415,0.020065066007563415,0.8245449582639065,1.6573138159430965
2007-07-13,0.018252613156536368,0.0,0.0,-0.001,0.8237204133056426,1.687564123904489
2007-07-16,0.0005223423335922739,1.0,0.0005223423335922739,-0.00047765766640772613,0.8233269569352506,1.6884456100870557
2007-07-17,0.008871119632674729,1.0,0.008871119632674729,0.008871119632674729,0.8306307888670292,1.7034240130874025
2007-07-18,0.008620123096932275,1.0,0.008620123096932275,0.008620123096932275,0.837790928515165,1.7181077377664864
2007-07-19,0.01794910037681574,0.0,0.0,-0.001,0.8369531375866498,1.748946226009841
2007-07-20,-0.015617243953787163,1.0,-0.015617243953787163,-0.016617243953787164,0.8230452831214848,1.72163250613619
2007-07-23,0.0209826802808335,1.0,0.0209826802808335,0.0209826802808335,0.840314979153871,1.7577569705735356
2007-07-24,-0.03926484476597192,0.0,-0.0,-0.001,0.8394746641747172,1.6887389159876607
2007-07-25,0.013217468555295486,-1.0,-0.013217468555295486,-0.014217468555295487,0.8275394595338459,1.7110597695078313
2007-07-26,-0.033470792134174254,-1.0,0.033470792134174254,0.033470792134174254,0.85523786076673,1.6537892436334867
2007-07-27,-0.02468490645176813,0.0,-0.0,-0.001,0.8543826229059633,1.6129656108634536
2007-07-30,0.052257388997597465,-1.0,-0.052257388997597465,-0.053257388997597466,0.8088804352050728,1.6972549822300924
2007-07-31,-0.0010372180976595535,-1.0,0.0010372180976595535,0.0010372180976595535,0.8097194206313103,1.6954945586461805
2007-08-01,0.029966589310082448,-1.0,-0.029966589310082448,-0.029966589310082448,0.785454891296854,1.74630274776261
2007-08-02,0.006727422783285419,-1.0,-0.006727422783285419,-0.006727422783285419,0.7801708041659006,1.7580508646544222
2007-08-03,-0.04594041328450482,-1.0,0.04594041328450482,0.04594041328450482,0.8160121733417864,1.677285281357017
2007-08-06,0.06356082527611195,0.0,0.0,-0.001,0.8151961611684446,1.7838949180635446
2007-08-07,0.035891331907857316,1.0,0.035891331907857316,0.034891331907857315,0.8436394409977839,1.8479212826565032
2007-08-08,-0.005086214945338452,0.0,-0.0,-0.001,0.8427958015567861,1.8385223578108467
2007-08-09,-0.02156538831210253,1.0,-0.02156538831210253,-0.02256538831210253,0.8237777870268476,1.7988739092441735
2007-08-10,-0.017142673416082554,1.0,-0.017142673416082554,-0.017142673416082554,0.8096560334564231,1.7680364013012888
2007-08-13,0.0011623640235360888,1.0,0.0011623640235360888,0.0011623640235360888,0.8105971485011518,1.7700915032064637
2007-08-14,-0.015431014726896342,1.0,-0.015431014726896342,-0.015431014726896342,0.7980888119650503,1.7427771951525306
2007-08-15,-0.006234675573560389,1.0,-0.006234675573560389,-0.006234675573560389,0.79311298714356,1.731911544743755
2007-08-16,0.005426794927308576,1.0,0.005426794927308576,0.005426794927308576,0.7974170486789732,1.7413102735293176
2007-08-17,0.011974648913985808,1.0,0.011974648913985808,0.011974648913985808,0.8069658378749307,1.7621618527051477
2007-08-20,-0.007332997621459891,1.0,-0.007332997621459891,-0.007332997621459891,0.8010483593051945,1.7492399240306336
2007-08-21,0.009569760359777524,1.0,0.009569760359777524,0.009569760359777524,0.8087142001403381,1.7659797309153622
2007-08-22,0.010311480449442412,1.0,0.010311480449442412,0.010311480449442412,0.8170532408042717,1.7841895963848076
2007-08-23,-0.0051035041138575155,1.0,-0.0051035041138575155,-0.0051035041138575155,0.8128834062285865,1.775083977439756
2007-08-24,-0.007279725860207531,1.0,-0.007279725860207531,-0.007279725860207531,0.8069658378749306,1.7621618527051477
2007-08-27,-0.03333282894960832,1.0,-0.03333282894960832,-0.03333282894960832,0.7800673836328682,1.703424013087402
2007-08-28,-0.012758689152910119,1.0,-0.012758689152910119,-0.012758689152910119,0.7701147463667726,1.6816905556088173
2007-08-29,0.03236531154341904,1.0,0.03236531154341904,0.03236531154341904,0.7950397500571144,1.736118994360722
2007-08-30,-0.0037482629938786483,0.0,-0.0,-0.001,0.7942447103070572,1.72961156378119
2007-08-31,0.006328268783714508,1.0,0.006328268783714508,0.005328268783714508,0.7984766596036168,1.740557010648218
2007-09-04,0.026172630186453105,1.0,0.026172630186453105,0.026172630186453105,0.8193748939279366,1.7861119656063522
2007-09-05,-0.021364819825372527,0.0,-0.0,-0.001,0.8185555190340087,1.7479520052732305
2007-09-06,0.00863080679934436,-1.0,-0.00863080679934436,-0.00963080679934436,0.8106721689756551,1.7630382413252703
2007-09-07,-0.016946542033126843,-1.0,0.016946542033126843,0.016946542033126843,0.824410258962287,1.7331608396626417
2007-09-10,0.015702469709377276,0.0,0.0,-0.001,0.8235858487033247,1.7603757452489233
2007-09-11,0.012099114843971748,1.0,0.012099114843971748,0.011099114843971747,0.832726922621953,1.7816747335592324
2007-09-12,0.009131333734841984,0.0,0.0,-0.001,0.8318941956993311,1.7979438001582975
2007-09-13,0.002632499819254841,1.0,0.002632499819254841,0.001632499819254841,0.8332522628234496,1.8026768868872445
2007-09-14,0.007384187437027734,1.0,0.007384187437027734,0.007384187437027734,0.8394051537144654,1.8159881909084175
2007-09-17,-0.002117160487242753,0.0,-0.0,-0.001,0.838565748560751,1.8121434524653266
2007-09-18,0.02448566429465715,1.0,0.02448566429465715,0.02348566429465715,0.8582600222204465,1.8565149886961536
2007-09-19,0.006054527605122928,0.0,0.0,-0.001,0.8574017621982261,1.867755309944539
2007-09-20,-0.008077516445540112,1.0,-0.008077516445540112,-0.009077516445540112,0.8496186836014366,1.852668485712217
2007-09-21,0.007504952911230323,1.0,0.007504952911230323,0.007504952911230323,0.8559950318143669,1.8665726754576077
2007-09-24,-0.01711575267076182,1.0,-0.01711575267076182,-0.01711575267076182,0.8413440325624313,1.834624879202473
2007-09-25,-0.0017735578301039112,1.0,-0.0017735578301039112,-0.0017735578301039112,0.8398518602656689,1.83137106588266
2007-09-26,0.01324502460478505,1.0,0.01324502460478505,0.01324502460478505,0.8509757188192623,1.8556276207107674
2007-09-27,-0.014665934674797154,0.0,-0.0,-0.001,0.850124743100443,1.8284131072446739
2007-09-28,-0.015046249755650387,-1.0,0.015046249755650387,0.014046249755650386,0.8620658075654899,1.8009023469765657
2007-10-01,0.022338780818948578,0.0,0.0,-0.001,0.8612037417579244,1.8411323097820054
2007-10-02,-0.000803139036231082,1.0,-0.000803139036231082,-0.001803139036231082,0.8596508716730124,1.8396536245531532
2007-10-03,0.001125532885628333,1.0,0.001125532885628333,0.001125532885628333,0.8606184369992393,1.8417242152057531
2007-10-04,0.003694295478913867,1.0,0.003694295478913867,0.003694295478913867,0.8637978158001155,1.848528088647394
2007-10-05,0.005440598194280666,0.0,0.0,-0.001,0.8629340179843153,1.8585851872285661
2007-10-08,-0.007957660133985689,1.0,-0.007957660133985689,-0.00895766013398569,0.8552041483331572,1.843795197978541
2007-10-09,0.019091930390935596,1.0,0.019091930390935596,0.019091930390935596,0.8715316464031732,1.8789968075534886
2007-10-10,-0.007398959491974999,0.0,-0.0,-0.001,0.87066011475677,1.86509418628885
2007-10-11,-0.0014277499850202657,-1.0,0.0014277499850202657,0.0004277499850202657,0.8710325396078149,1.8624312980923146
2007-10-12,0.009212374653763566,-1.0,-0.009212374653763566,-0.009212374653763566,0.8630082615173286,1.8795887129772362
2007-10-15,-0.00613760651495876,-1.0,0.00613760651495876,0.00613760651495876,0.8683050666456805,1.8680525370470242
2007-10-16,0.001424964150244623,-1.0,-0.001424964150244623,-0.001424964150244623,0.8670677630542346,1.8707144449430897
2007-10-17,0.0,-1.0,-0.0,-0.0,0.8670677630542346,1.8707144449430897
2007-10-18,-0.010594625435569327,-1.0,0.010594625435569327,0.010594625435569327,0.8762540212310512,1.8508949261020087
2007-10-19,-0.03004656453237864,0.0,-0.0,-0.001,0.8753777672098202,1.7952818922622324
2007-10-22,0.008732859994447839,-1.0,-0.008732859994447839,-0.00973285999444784,0.8668578379593147,1.810959837677926
2007-10-23,0.008984320149524327,-1.0,-0.008984320149524327,-0.008984320149524327,0.8590697096189638,1.827230080637555
2007-10-24,0.00194211322305482,-1.0,-0.00194211322305482,-0.00194211322305482,0.857401298976387,1.8307787683387247
2007-10-25,0.04249502963478191,-1.0,-0.04249502963478191,-0.04249502963478191,0.8209660053674849,1.9085777663540082
2007-10-26,0.03270325806035079,-1.0,-0.03270325806035079,-0.03270325806035079,0.7941177422351767,1.9709944775753312
2007-10-29,0.007203811156298201,-1.0,-0.007203811156298201,-0.007203811156298201,0.7883970679842486,1.9851931495818904
2007-10-30,-0.0020861332138717437,-1.0,0.0020861332138717437,0.0020861332138717437,0.7900417692934896,1.981051772216597
2007-10-31,0.021651158926355052,-1.0,-0.021651158926355052,-0.021651158926355052,0.7729364493880575,2.023943838978196
2007-11-01,-0.028646298260431746,-1.0,0.028646298260431746,0.028646298260431746,0.7950782174535869,1.9659653401044632
2007-11-02,0.0019558486026383104,0.0,0.0,-0.001,0.7942831392361333,1.969810470667742
2007-11-05,0.010361727855743297,-1.0,-0.010361727855743297,-0.011361727855743298,0.7852587103677269,1.9902211106921948
2007-11-06,0.0008921220871440649,-1.0,-0.0008921220871440649,-0.0008921220871440649,0.7845581637280855,1.9919966309033437
2007-11-07,-0.01915663899281639,-1.0,0.01915663899281639,0.01915663899281639,0.7995876612394914,1.9538366705702217
2007-11-08,0.025283330016891314,0.0,0.0,-0.001,0.798788073578252,2.0032361679113526
2007-11-09,0.01727758170817406,1.0,0.01727758170817406,0.01627758170817406,0.811790411713437,2.0378472444832103
2007-11-12,-0.004064270583980623,0.0,-0.0,-0.001,0.8109786213017236,2.0295648818728114
2007-11-13,-0.01486685969684931,1.0,-0.01486685969684931,-0.01586685969684931,0.7981109373003848,1.9993916255283557
2007-11-14,-0.006213760134365587,1.0,-0.006213760134365587,-0.006213760134365587,0.7931516673753866,1.9869678855526631
2007-11-15,0.0011908845087722497,1.0,0.0011908845087722497,0.0011908845087722497,0.7940962194091707,1.9893341348269957
2007-11-16,0.01070649313121419,1.0,0.01070649313121419,0.01070649313121419,0.8025982051277982,2.0106329270772108
2007-11-19,-0.0057374867957064035,0.0,-0.0,-0.001,0.8017956069226704,1.9990969472070927
2007-11-20,0.023231160803848683,-1.0,-0.023231160803848683,-0.024231160803848684,0.7823671686395077,2.0455382898501435
2007-11-21,-0.010267299044082412,-1.0,0.010267299044082412,0.010267299044082412,0.7903999663222016,2.0245361365221313
2007-11-23,0.0007302853933237596,-1.0,-0.0007302853933237596,-0.0007302853933237596,0.7898227487719128,2.0260146256908893
2007-11-26,-0.010512267650869656,-1.0,0.010512267650869656,0.010512267650869656,0.7981255769037489,2.00471661768105
2007-11-27,0.002508359159711482,0.0,0.0,-0.001,0.7973274513268451,2.009745166971636
2007-11-28,0.018510029452740495,-1.0,-0.018510029452740495,-0.019510029452740496,0.7817715692679799,2.046945609204784
2007-11-29,0.007269741319273271,-1.0,-0.007269741319273271,-0.007269741319273271,0.7760882921886393,2.061826374278325
2007-11-30,0.006928673949711195,-1.0,-0.006928673949711195,-0.006928673949711195,0.770711029455876,2.076112096966615
2007-12-03,0.024082264488918037,-1.0,-0.024082264488918037,-0.024082264488918037,0.7521505625999932,2.126109577594407
2007-12-04,0.009658643402313816,-1.0,-0.009658643402313816,-0.009658643402313816,0.7448858085309902,2.1466449118386355
2007-12-05,0.005961231037272752,-1.0,-0.005961231037272752,-0.005961231037272752,0.7404453721299512,2.1594415581130915
2007-12-06,-0.022739773139757502,-1.0,0.022739773139757502,0.022739773139757502,0.7572829319145697,2.1103363469730354
2007-12-07,0.004090220836249658,0.0,0.0,-0.001,0.7565256489826552,2.1189680886709197
2007-12-10,0.0004208092194599722,-1.0,-0.0004208092194599722,-0.0014208092194599722,0.7554507703658226,2.119859769978374
2007-12-11,-0.02934177902639734,-1.0,0.02934177902639734,0.02934177902639734,0.7776170399352181,2.057659313040719
2007-12-12,0.00014492554771572408,0.0,0.0,-0.001,0.776839422895283,2.0579575204436735
2007-12-13,0.012581544533854627,-1.0,-0.012581544533854627,-0.013581544533854628,0.7662887436775767,2.083849804635917
2007-12-14,-0.008997492432701537,-1.0,0.008997492432701537,0.008997492432701537,0.7731834208500802,2.0651003817878184
2007-12-17,-0.008070257686392579,-1.0,0.008070257686392579,0.008070257686392579,0.7794232102951869,2.048434489558523
2007-12-18,0.017869652094904653,0.0,0.0,-0.001,0.7786437870848917,2.0850393012261375
2007-12-19,-0.007136358870658777,1.0,-0.007136358870658777,-0.008136358870658777,0.7723084618007602,2.0701597125131603
2007-12-20,-0.006181856615930514,1.0,-0.006181856615930514,-0.006181856615930514,0.767534161626638,2.057362281998328
2007-12-21,-0.01084897178060884,1.0,-0.01084897178060884,-0.01084897178060884,0.7592072051664973,2.0350420166584393
2007-12-24,0.0004387416381133047,1.0,0.0004387416381133047,0.0004387416381133047,0.7595403009793595,2.0359348743264576
2007-12-26,0.0024849196941634233,1.0,0.0024849196941634233,0.0024849196941634233,0.761427697631774,2.0409940089917056
2007-12-27,-0.002187599032972276,1.0,-0.002187599032972276,-0.002187599032972276,0.7597619991367565,2.0365291324713333
2007-12-28,0.002776860522543556,1.0,0.002776860522543556,0.002776860522543556,0.7618717522386881,2.042184289822303
2007-12-31,-0.01224112946536493,1.0,-0.01224112946536493,-0.01224112946536493,0.7525455814835299,2.0171856475384535
2008-01-02,-0.021097409766470898,1.0,-0.021097409766470898,-0.021097409766470898,0.7366688189830247,1.974628255357291
2008-01-03,0.00934404708075598,1.0,0.00934404708075598,0.00934404708075598,0.743552287110527,1.9930792747423405
2008-01-04,0.027624093085984125,1.0,0.027624093085984125,0.027624093085984125,0.7640922447039646,2.0481362821555686
2008-01-07,0.04664359412440877,0.0,0.0,-0.001,0.7633281524592607,2.1436687196119086
2008-01-08,-0.006664146636834789,1.0,-0.006664146636834789,-0.007664146636834789,0.7574778935667887,2.129382996923619
2008-01-09,-0.001257634172735167,1.0,-0.001257634172735167,-0.001257634172735167,0.7565252634827477,2.1267050120998463
2008-01-10,0.007696725701816343,1.0,0.007696725701816343,0.007696725701816343,0.7623480309222688,2.1430736772266568
2008-01-11,-0.010415528816183572,1.0,-0.010415528816183572,-0.010415528816183572,0.754407773038237,2.1207524315862982
2008-01-14,0.00042137964577304565,1.0,0.00042137964577304565,0.00042137964577304565,0.7547256651184083,2.1216460734946923
2008-01-15,-0.003927585387001886,1.0,-0.003927585387001886,-0.003927585387001886,0.751761415624894,2.1133131273800445
2008-01-16,-0.04506459607910085,1.0,-0.04506459607910085,-0.04506459607910085,0.717883591081905,2.0180775249060012
2008-01-17,-0.03671982884164415,1.0,-0.03671982884164415,-0.03671982884164415,0.6915230284891526,1.943974063602284
2008-01-18,-0.0248009242380004,1.0,-0.0248009242380004,-0.0248009242380004,0.6743726182507606,1.895761710130246
2008-01-22,-0.04442705146159143,1.0,-0.04442705146159143,-0.04442705146159143,0.6444122312354459,1.811538607075375
2008-01-23,0.031871018476660185,1.0,0.031871018476660185,0.031871018476660185,0.6649503053637366,1.8692741874926575
2008-01-24,-0.020856622324497365,1.0,-0.020856622324497365,-0.020856622324497365,0.6510816879802059,1.8302874417431916
2008-01-25,-0.006991604696947817,1.0,-0.006991604696947817,-0.006991604696947817,0.6465295821924268,1.8174907954687354
2008-01-28,0.01784840891169104,1.0,0.01784840891169104,0.01784840891169104,0.658069106548902,1.849930114379496
2008-01-29,0.006917473387281214,1.0,0.006917473387281214,0.006917473387281214,0.662621282080446,1.8627269567140463
2008-01-30,0.0006392095988587698,1.0,0.0006392095988587698,0.0006392095988587698,0.6630448359643599,1.863917629664831
2008-01-31,0.027462879734642343,1.0,0.027462879734642343,0.027462879734642343,0.6812539565531248,1.9151061753635958
2008-02-01,0.01522877613584428,0.0,0.0,-0.001,0.6805727025965717,1.944270898584581
2008-02-04,0.02173573914491178,1.0,0.02173573914491178,0.02073573914491178,0.6946848806267617,1.9865310636632585
2008-02-05,-0.04254649704863356,0.0,-0.0,-0.001,0.693990195746135,1.9020111256260908
2008-02-06,0.0012517054654472837,-1.0,-0.0012517054654472837,-0.0022517054654472837,0.6924275342294066,1.9043918833473785
2008-02-07,-0.004375543777212054,-1.0,0.004375543777212054,0.004375543777212054,0.6954572812179745,1.8960591332928247
2008-02-08,-0.007534118666013945,-1.0,0.007534118666013945,0.007534118666013945,0.7006969389018142,1.881773998784817
2008-02-11,0.004428239586703242,-1.0,-0.004428239586703242,-0.004428239586703242,0.6975940849786874,1.8901069448994647
2008-02-12,0.009289818200338695,-1.0,-0.009289818200338695,-0.009289818200338695,0.6911135627516037,1.9076656947967783
2008-02-13,0.005460017749220114,-1.0,-0.005460017749220114,-0.005460017749220114,0.6873400704322532,1.918081583349947
2008-02-14,-0.011481498101170273,-1.0,0.011481498101170273,0.011481498101170273,0.6952317641457795,1.896059133292825
2008-02-15,0.015382378676606745,0.0,0.0,-0.001,0.6945365323816337,1.9252250328743739
2008-02-19,-0.004328602710140128,1.0,-0.004328602710140128,-0.005328602710140128,0.6908356231328936,1.9168914985794443
2008-02-20,0.005589102901168319,1.0,0.005589102901168319,0.005589102901168319,0.6946967745183761,1.9276052024153796
2008-02-21,-0.014049341996190678,1.0,-0.014049341996190678,-0.014049341996190678,0.6849367419495168,1.9005236176930096
2008-02-22,0.011274269549826688,1.0,0.011274269549826688,0.011274269549826688,0.6926589034028358,1.9219506332446923
2008-02-25,0.002787450403529901,1.0,0.002787450403529901,0.002787450403529901,0.6945896557426345,1.9273079753128948
2008-02-26,0.0013896984697141512,1.0,0.0013896984697141512,0.0013896984697141512,0.6955549259242993,1.929986352256855
2008-02-27,-0.0011646864626455589,1.0,-0.0011646864626455589,-0.0011646864626455589,0.6947448225180489,1.9277385232792907
2008-02-28,-0.01865386489098375,1.0,-0.01865386489098375,-0.01865386489098375,0.6817851464650867,1.8917787493208944
2008-02-29,-0.044986337407479815,1.0,-0.044986337407479815,-0.044986337407479815,0.6511141298268003,1.8066745522036445
2008-03-03,0.01758119619720322,1.0,0.01758119619720322,0.01758119619720322,0.6625614950900565,1.838438051970431
2008-03-04,0.01304032852609982,1.0,0.01304032852609982,0.01304032852609982,0.6712015146547746,1.8624118881430085
2008-03-05,0.00032234330741287565,0.0,0.0,-0.001,0.6705303131401198,1.8630122241507976
2008-03-06,-0.026218629669959248,1.0,-0.026218629669959248,-0.02721862966995925,0.652279396864277,1.8141665965751808
2008-03-07,-0.004129744415799386,1.0,-0.004129744415799386,-0.004129744415799386,0.6495856496675358,1.8066745522036447
2008-03-10,-0.008127487411152101,1.0,-0.008127487411152101,-0.008127487411152101,0.6443061504773979,1.7919908275245606
2008-03-11,0.018060378065314575,1.0,0.018060378065314575,0.018060378065314575,0.6559425631448272,1.82435485935923
2008-03-12,-0.0026282417776096745,0.0,-0.0,-0.001,0.6552866205816824,1.8195600137006769
2008-03-13,0.012022790708900555,-1.0,-0.012022790708900555,-0.013022790708900556,0.6467529600675044,1.8414362029276843
2008-03-14,-0.00016322049257244675,-1.0,0.00016322049257244675,0.00016322049257244675,0.6468585234042192,1.8411356428036016
2008-03-17,0.011230828045283303,-1.0,-0.011230828045283303,-0.011230828045283303,0.6395937665582406,1.861813120615971
2008-03-18,0.00048272270771221315,-1.0,-0.00048272270771221315,-0.00048272270771221315,0.6392850201234118,1.862711860086809
2008-03-19,-0.021718040497777036,-1.0,0.021718040497777036,0.021718040497777036,0.6531690380800743,1.822257408473754
2008-03-20,0.0009865099153445467,0.0,0.0,-0.001,0.6525158690419942,1.8240550834755234
2008-03-24,0.02530012465132936,-1.0,-0.02530012465132936,-0.02630012465132936,0.6353546203492193,1.8702039044583452
2008-03-25,0.003044470806585098,-1.0,-0.003044470806585098,-0.003044470806585098,0.6334203017557372,1.87589768564783
2008-03-26,0.0014373995411567364,-1.0,-0.0014373995411567364,-0.0014373995411567364,0.6325098237046342,1.8785941001204371
2008-03-27,0.009251777811221107,-1.0,-0.009251777811221107,-0.009251777811221107,0.6266579833523043,1.8959744353322223
2008-03-28,-0.02070519713094865,-1.0,0.02070519713094865,0.02070519713094865,0.6396330604312964,1.8567179108934295
2008-03-31,0.012589244918795872,0.0,0.0,-0.001,0.6389934273708652,1.880092587418782
2008-04-01,0.0342683653116278,1.0,0.0342683653116278,0.0332683653116278,0.6602516941443681,1.9445202870241323
2008-04-02,0.013561429488522014,0.0,0.0,-0.001,0.6595914424502237,1.9708907617856106
2008-04-03,0.00015200224660905093,1.0,0.00015200224660905093,-0.0008479977533909491,0.65903211038887,1.9711903416092231
2008-04-04,0.002584142786396404,1.0,0.002584142786396404,0.002584142786396404,0.660735143462935,1.976284178911107
2008-04-07,-0.0028812522867082135,1.0,-0.0028812522867082135,-0.0028812522867082135,0.658831398819924,1.970590005601434
2008-04-08,0.005931280717870413,1.0,0.005931280717870413,0.005931280717870413,0.6627391127920722,1.982278128104486
2008-04-09,-0.00226782600851938,1.0,-0.00226782600851938,-0.00226782600851938,0.6612361357952193,1.9777826662094515
2008-04-10,-0.01287853892413826,1.0,-0.01287853892413826,-0.01287853892413826,0.6527203804823338,1.952311715159187
2008-04-11,-0.0047585185405375485,1.0,-0.0047585185405375485,-0.0047585185405375485,0.6496143984500219,1.9430216036656935
2008-04-14,-0.004472199078598416,1.0,-0.004472199078598416,-0.004472199078598416,0.6467091935358295,1.934332024240083
2008-04-15,0.007900149361201203,1.0,0.007900149361201203,0.007900149361201203,0.6518182927580245,1.9496135361457343
2008-04-16,0.03504519678731577,0.0,0.0,-0.001,0.6511664744652664,2.017938126179176
2008-04-17,-0.0005943193100726996,1.0,-0.0005943193100726996,-0.0015943193100726996,0.6501283071809545,2.016738826584256
2008-04-18,-0.01277851284180076,1.0,-0.01277851284180076,-0.01277851284180076,0.6418206342588245,1.9909679035901908
2008-04-21,0.0025589652114264005,1.0,0.0025589652114264005,0.0025589652114264005,0.6434630309338685,1.9960627211925446
2008-04-22,-0.0036036205935994214,1.0,-0.0036036205935994214,-0.0036036205935994214,0.6411442343043753,1.988869668464339
2008-04-23,0.020190386925158288,1.0,0.020190386925158288,0.020190386925158288,0.654089184469815,2.0290257166143455
2008-04-24,-0.010633588813758754,0.0,-0.0,-0.001,0.6534350952853452,2.0074498914513264
2008-04-25,-0.005374182826523688,-1.0,0.005374182826523688,0.004374182826523688,0.6562933398573902,1.9966614887195817
2008-04-28,-0.00285155253484759,-1.0,0.00285155253484759,0.00285155253484759,0.6581647947942642,1.9909679035901908
2008-04-29,0.007224207145210659,-1.0,-0.007224207145210659,-0.007224207145210659,0.6534100759809853,2.0053510681451923
2008-04-30,-0.009413929874786953,-1.0,0.009413929874786953,0.009413929874786953,0.6595612326157495,1.9864728338153443
2008-05-01,0.019007183112367487,-1.0,-0.019007183112367487,-0.019007183112367487,0.6470248314936031,2.024230086715416
2008-05-02,0.01332388787528438,-1.0,-0.01332388787528438,-0.01332388787528438,0.6384039451862575,2.051200701424589
2008-05-05,-0.018991976946888922,-1.0,0.018991976946888922,0.018991976946888922,0.6505284981960379,2.012244344989691
2008-05-06,-0.006849967739754215,0.0,-0.0,-0.001,0.6498779696978418,1.9984605361420087
2008-05-07,-0.027291103336354317,-1.0,0.027291103336354317,0.026291103336354316,0.6669639785551879,1.943920343136531
2008-05-08,0.007707877853994072,0.0,0.0,-0.001,0.6662970145766327,1.9589038436993216
2008-05-09,-0.001988721437276131,-1.0,0.001988721437276131,0.0009887214372761308,0.6669557967185377,1.955008129631794
2008-05-12,0.007050712863514441,-1.0,-0.007050712863514441,-0.007050712863514441,0.6622532829032187,1.9687923305996642
2008-05-13,-0.014916180199127993,-1.0,0.014916180199127993,0.014916180199127993,0.6721315722084672,1.9394254694217785
2008-05-14,0.0037087564237547888,0.0,0.0,-0.001,0.6714594406362587,1.9466183260898902
2008-05-15,-0.010006766255581612,-1.0,0.010006766255581612,0.00900676625558161,0.677507118868173,1.9271389715118772
2008-05-16,0.0009332275817837132,-1.0,-0.0009332275817837132,-0.0009332275817837132,0.6768748505379905,1.9289374307540224
2008-05-19,0.02516714690581412,-1.0,-0.02516714690581412,-0.02516714690581412,0.6598398417376499,1.9774832824459325
2008-05-20,-0.0043949559136190475,-1.0,0.0043949559136190475,0.0043949559136190475,0.6627398087521361,1.968792330599664
2008-05-21,0.0050229142642042035,-1.0,-0.0050229142642042035,-0.0050229142642042035,0.659410923513299,1.9786814056802888
2008-05-22,0.00802667877104124,-1.0,-0.00802667877104124,-0.00802667877104124,0.6541180438521421,1.9945636457139169
2008-05-23,-0.01622602309237997,-1.0,0.01622602309237997,0.01622602309237997,0.6647317783368295,1.9621998099393412
2008-05-27,0.004887214476594348,0.0,0.0,-0.001,0.6640670465584927,1.9717895012564475
2008-05-28,0.00531934409903001,-1.0,-0.00531934409903001,-0.00631934409903001,0.659870578386463,1.9822781281044852
2008-05-29,0.018896176316177904,-1.0,-0.018896176316177904,-0.018896176316177904,0.6474015475914141,2.0197356051208506
2008-05-30,0.0017804004517738559,-1.0,-0.0017804004517738559,-0.0017804004517738559,0.6462489135836033,2.0233315433046717
2008-06-02,-0.015550841495835854,-1.0,0.015550841495835854,0.015550841495835854,0.656298628005598,1.9918670351812158
2008-06-03,-0.009929551457004804,0.0,-0.0,-0.001,0.6556423293775924,1.9720886889598723
2008-06-04,0.00038275731009296265,-1.0,-0.00038275731009296265,-0.0013827573100929627,0.6547357351538391,1.9728435203217234
2008-06-05,0.008869714839626841,-1.0,-0.008869714839626841,-0.008869714839626841,0.6489284158877111,1.9903420797701827
2008-06-06,-0.02971031238727251,-1.0,0.02971031238727251,0.02971031238727251,0.668208281840713,1.931208394822677
2008-06-09,0.0029680965157250494,0.0,0.0,-0.001,0.6675400735588723,1.9369404077304893
2008-06-10,0.005607673402622915,-1.0,-0.005607673402622915,-0.006607673402622915,0.6631291867696324,1.947802136937385
2008-06-11,-0.006195745828770249,-1.0,0.006195745828770249,0.006195745828770249,0.6672377666624961,1.9357340499721853
2008-06-12,0.021041171490363775,-1.0,-0.021041171490363775,-0.021041171490363775,0.6531983023893032,1.9764641620773864
2008-06-13,0.02915589961620535,-1.0,-0.02915589961620535,-0.02915589961620535,0.6341537182553649,2.034089752781942
2008-06-16,-0.0038563530884559993,-1.0,0.0038563530884559993,0.0038563530884559993,0.6365992389053149,2.0262455844816047
2008-06-17,0.00595569211226632,-1.0,-0.00595569211226632,-0.00595569211226632,0.6328078498394918,2.038313279326616
2008-06-18,-0.007252531412406449,-1.0,0.007252531412406449,0.007252531412406449,0.63739730864847,2.0235303482399747
2008-06-19,0.006112797537440873,0.0,0.0,-0.001,0.6367599113398216,2.035899779569633
2008-06-20,-0.0158562257922239,1.0,-0.0158562257922239,-0.0168562257922239,0.626026542498841,2.003618092974438
2008-06-23,0.007076828716497063,1.0,0.007076828716497063,0.007076828716497063,0.6304568251120862,2.0177973550316923
2008-06-24,-0.012410645480463,1.0,-0.012410645480463,-0.012410645480463,0.6226324489648819,1.992755187406978
2008-06-25,-0.001513773806813501,1.0,-0.001513773806813501,-0.001513773806813501,0.6216899242723667,1.9897386068008895
2008-06-26,-0.03229721175774114,1.0,-0.03229721175774114,-0.03229721175774114,0.601611073140488,1.9254755976744884
2008-06-27,-0.004700512501776832,1.0,-0.004700512501776832,-0.004700512501776832,0.5987831927699838,1.9164248755557531
2008-06-30,0.032430725872281574,1.0,0.032430725872281574,0.032430725872281574,0.6182021663516367,1.978575925349723
2008-07-01,0.0019823258384801257,0.0,0.0,-0.001,0.617583964185285,1.9824981075299386
2008-07-02,0.0007603084193872345,1.0,0.0007603084193872345,-0.00023969158061276554,0.6174359345087483,1.9840054175325128
2008-07-03,-0.013837516036070974,1.0,-0.013837516036070974,-0.013837516036070974,0.608892154863737,1.956551710751755
2008-07-07,-0.00292965060739947,1.0,-0.00292965060739947,-0.00292965060739947,0.6071083135923997,1.9508196978439425
2008-07-08,0.02072318590214728,1.0,0.02072318590214728,0.02072318590214728,0.6196895320377142,1.9912468971039332
2008-07-09,0.01606095285206477,0.0,0.0,-0.001,0.6190698425056764,2.02322821963514
2008-07-10,0.015060910831403485,1.0,0.015060910831403485,0.014060910831403484,0.6277745283595597,2.053699879442644
2008-07-11,-0.0023506782770806867,0.0,-0.0,-0.001,0.6271467538312001,2.048872291748395
2008-07-14,-0.00633153771028494,1.0,-0.00633153771028494,-0.00733153771028494,0.6225488037556038,2.035899779569632
2008-07-15,-0.009780471222238685,1.0,-0.009780471222238685,-0.009780471222238685,0.616459983096033,2.015987720364189
2008-07-16,-0.009428641811684124,1.0,-0.009428641811684124,-0.009428641811684124,0.6106476027241836,1.9969796942521216
2008-07-17,-0.02689231577011708,1.0,-0.02689231577011708,-0.02689231577011708,0.5942258745674599,1.9432762857277817
2008-07-18,0.012420956540373451,1.0,0.012420956540373451,0.012420956540373451,0.6016067283306277,1.9674136360187449
2008-07-21,0.0032199114516877625,1.0,0.0032199114516877625,0.0032199114516877625,0.6035438487245919,1.9737485337155682
2008-07-22,0.004891498102872038,1.0,0.004891498102872038,0.004891498102872038,0.6064960823156283,1.9834031209237843
2008-07-23,-0.03011851563941048,1.0,-0.03011851563941048,-0.03011851563941048,0.5882293205751639,1.923665963006986
2008-07-24,-0.008782754804663173,1.0,-0.008782754804663173,-0.008782754804663173,0.5830630466836386,1.9067708765278193
2008-07-25,-0.0020571817771554146,1.0,-0.0020571817771554146,-0.0020571817771554146,0.5818635800090683,1.9028483022274156
2008-07-28,0.0058664043256591025,1.0,0.0058664043256591025,0.0058664043256591025,0.5852770270317771,1.9140111797386756
2008-07-29,0.004886723203484378,1.0,0.004886723203484378,0.004886723203484378,0.5881371138602396,1.9233644225824331
2008-07-30,0.006587920419780735,1.0,0.006587920419780735,0.006587920419780735,0.5920117143622704,1.9360353943366437
2008-07-31,0.0056101934802299525,0.0,0.0,-0.001,0.5914197026479081,1.9468969274834456
2008-08-01,-0.05098366049173908,1.0,-0.05098366049173908,-0.05198366049173908,0.560675541617334,1.8476369955202196
2008-08-04,-0.02612685076025356,1.0,-0.02612685076025356,-0.02612685076025356,0.5460268554165736,1.7993640594791396
2008-08-05,-0.010731437306969238,1.0,-0.010731437306969238,-0.010731437306969238,0.540167202449749,1.7800542968824256
2008-08-06,-0.03033860307699221,1.0,-0.03033860307699221,-0.03033860307699221,0.5237792840994168,1.7260499361138153
2008-08-07,0.03286115189583261,1.0,0.03286115189583261,0.03286115189583261,0.5409912747140981,1.7827699252442435
2008-08-08,0.016245944534996726,0.0,0.0,-0.001,0.5404502834393841,1.8117327065684217
2008-08-11,0.010658282309967682,1.0,0.010658282309967682,0.00965828230996768,0.5456701048513437,1.8310426652252298
2008-08-12,-0.0271876868135581,0.0,-0.0,-0.001,0.5451244347464924,1.7812608507008236
2008-08-13,0.017784702287656495,-1.0,-0.017784702287656495,-0.018784702287656496,0.5348844345300525,1.8129400446271955
2008-08-14,-0.015642825309653774,-1.0,0.015642825309653774,0.015642825309653774,0.543251538300259,1.7845805402122163
2008-08-15,0.009804979273170034,0.0,0.0,-0.001,0.5427082867619587,1.8020783154202997
2008-08-18,0.007367165539225118,1.0,0.007367165539225118,0.006367165539225118,0.5461638002632814,1.815354524684649
2008-08-19,0.005816609559340824,0.0,0.0,-0.001,0.5456176364630181,1.8259137331665223
2008-08-20,0.004626528141053132,1.0,0.004626528141053132,0.0036265281410531322,0.5475963341759061,1.8343613744361527
2008-08-21,0.004934311431300964,1.0,0.004934311431300964,0.004934311431300964,0.5502983450273689,1.84341268473517
2008-08-22,0.005073448111118539,1.0,0.005073448111118539,0.005073448111118539,0.5530902551264996,1.8527651433385515
2008-08-25,-0.014492614063131959,1.0,-0.014492614063131959,-0.014492614063131959,0.545074531516872,1.8259137331665225
2008-08-26,0.005122392484251392,1.0,0.005122392484251392,0.005122392484251392,0.5478666172004709,1.835266779950186
2008-08-27,0.00571322596855639,1.0,0.00571322596855639,0.00571322596855639,0.5509967029851658,1.8457520737766264
2008-08-28,0.006915817525325441,1.0,0.006915817525325441,0.006915817525325441,0.5548072956400671,1.8585169583158565
2008-08-29,-0.017825112616164707,0.0,-0.0,-0.001,0.5542524883444271,1.8253886842348244
2008-09-02,-0.017648632656570573,-1.0,0.017648632656570573,0.016648632656570572,0.5634800344218637,1.7931730698913033
2008-09-03,-0.036440915727662615,0.0,-0.0,-0.001,0.5629165543874418,1.7278282011662802
2008-09-04,-0.007915578659460132,-1.0,0.007915578659460132,0.006915578659460132,0.5668094480980205,1.714151441129915
2008-09-05,-0.023758691248646047,-1.0,0.023758691248646047,0.023758691248646047,0.5802760987721968,1.6734254462866878
2008-09-08,0.015618958889164425,0.0,0.0,-0.001,0.5796958226734246,1.6995626095363212
2008-09-09,-0.031652012209612224,1.0,-0.031652012209612224,-0.032652012209612225,0.5607675875936307,1.6457680330682771
2008-09-10,0.01163398259894155,1.0,0.01163398259894155,0.01163398259894155,0.5672915479497453,1.6649148697268876
2008-09-11,0.011865951628971638,1.0,0.011865951628971638,0.011865951628971638,0.5740230020172414,1.6846706690374225
2008-09-12,0.009921881837259505,0.0,0.0,-0.001,0.5734489790152242,1.7013857723503087
2008-09-15,-0.045194223150610835,1.0,-0.045194223150610835,-0.046194223150610836,0.5469589489131049,1.6244929640894346
2008-09-16,-0.008980725682559365,1.0,-0.008980725682559365,-0.008980725682559365,0.5420468606332953,1.6099038384056996
2008-09-17,-0.055691699616777,1.0,-0.055691699616777,-0.055691699616777,0.5118593496926889,1.520245557425313
2008-09-18,0.0523793756172235,1.0,0.0523793756172235,0.0523793756172235,0.53867022283343,1.5998750705081088
2008-09-19,0.06325968496074696,0.0,0.0,-0.001,0.5381315526105966,1.7010826634450047
2008-09-22,-0.04234427147966768,1.0,-0.04234427147966768,-0.043344271479667684,0.5148066325024678,1.6290515573347333
2008-09-23,-0.006529773954319085,1.0,-0.006529773954319085,-0.006529773954319085,0.5114450615620425,1.618414218905406
2008-09-24,0.009389577518074788,1.0,0.009389577518074788,0.009389577518074788,0.5162473146138158,1.633610444670173
2008-09-25,0.03162798987181348,1.0,0.03162798987181348,0.03162798987181348,0.5325751794517725,1.68527825926869
2008-09-26,-0.002344421754865711,0.0,-0.0,-0.001,0.5320426042723206,1.6813272562546582
2008-09-29,-0.06706439722789304,1.0,-0.06706439722789304,-0.06806439722789304,0.4958294451129667,1.5685700572711123
2008-09-30,-0.025382867262995212,1.0,-0.025382867262995212,-0.025382867262995212,0.48324387212257974,1.528755251714691
2008-10-01,-0.002186567515426008,1.0,-0.002186567515426008,-0.002186567515426008,0.48218722676976783,1.5254125251422548
2008-10-02,-0.03685999754637703,1.0,-0.03685999754637703,-0.03685999754637703,0.46441380677413985,1.4691858232082984
2008-10-03,0.001241201014446025,1.0,0.001241201014446025,0.001241201014446025,0.46499023766223063,1.4710093781424742
2008-10-06,-0.0723140588119221,1.0,-0.0723140588119221,-0.0723140588119221,0.43136490626895446,1.3646347194585904
2008-10-07,-0.031625774680587915,1.0,-0.031625774680587915,-0.031625774680587915,0.41772265693817956,1.3214770892996857
2008-10-08,-0.051288444264000366,1.0,-0.051288444264000366,-0.051288444264000366,0.3962983117299956,1.2537005852589853
2008-10-09,-0.05212088693497863,1.0,-0.05212088693497863,-0.05212088693497863,0.3756428922317936,1.1883565988043852
2008-10-10,-0.05166184074056135,1.0,-0.05166184074056135,-0.05166184074056135,0.3562364889579908,1.1269639094539579
2008-10-13,0.13942780803971289,1.0,0.13942780803971289,0.13942780803971289,0.40590576175716686,1.2840940170889887
2008-10-14,0.005443399274325467,0.0,0.0,-0.001,0.4054998559954097,1.2910838535297766
2008-10-15,-0.117466916248674,1.0,-0.117466916248674,-0.118466916248674,0.35746153851635215,1.1394242146371791
2008-10-16,0.08215558966736736,1.0,0.08215558966736736,0.08215558966736736,0.3868290019965674,1.2330342828719736
2008-10-17,0.030811108109427332,0.0,0.0,-0.001,0.38644217299457084,1.2710254354641721
2008-10-20,0.11262501473120712,1.0,0.11262501473120712,0.11162501473120712,0.42957878624784945,1.4141746938570634
2008-10-21,-0.06146556503008371,0.0,-0.0,-0.001,0.4291492074616016,1.3272516472478932
2008-10-22,-0.05472850640800697,-1.0,0.05472850640800697,0.05372850640800697,0.45220675340469346,1.2546131469664492
2008-10-23,0.08769362313647378,0.0,0.0,-0.001,0.4517545466512888,1.3646347194585904
2008-10-24,-0.037861795373984486,1.0,-0.037861795373984486,-0.03886179537398449,0.4341985539000593,1.3129671989502145
2008-10-27,-0.05833388957255292,1.0,-0.05833388957255292,-0.05833388957255292,0.40887006340429105,1.2363767153542686
2008-10-28,0.10963658901659046,1.0,0.10963658901659046,0.10963658901659046,0.4536971825069346,1.3719288411652466
2008-10-29,0.0013294049731964463,0.0,0.0,-0.001,0.45324348532442765,1.3737526901895634
2008-10-30,0.046460620934481556,1.0,0.046460620934481556,0.045460620934481555,0.47384821560178464,1.437578093186185
2008-10-31,-0.0012690365714382867,0.0,-0.0,-0.001,0.4733743673861829,1.4357537540116332
2008-11-03,-0.013971472733482315,1.0,-0.013971472733482315,-0.014971472733482316,0.4662872559521312,1.4156941595854649
2008-11-04,0.016101797668111928,1.0,0.016101797668111928,0.016101797668111928,0.47379531900269156,1.4384893805030379
2008-11-05,-0.028523308357578103,1.0,-0.028523308357578103,-0.028523308357578103,0.4602811090204007,1.3974589043338481
2008-11-06,-0.050891612127153985,1.0,-0.050891612127153985,-0.050891612127153985,0.4368566613506782,1.3263399678108523
2008-11-07,0.07516009133230739,1.0,0.07516009133230739,0.07516009133230739,0.46969084791692206,1.4260278009292056
2008-11-10,-0.030477332402822244,0.0,-0.0,-0.001,0.46922115706900513,1.3825662776246206
2008-11-11,-0.02440068933267958,-1.0,0.02440068933267958,0.02340068933267958,0.4802012555938973,1.348830707402463
2008-11-12,-0.02456051734964415,-1.0,0.02456051734964415,0.02456051734964415,0.49199524686323215,1.315702727411572
2008-11-13,0.1097243563517818,-1.0,-0.1097243563517818,-0.1097243563517818,0.438011385073028,1.4600673623270906
2008-11-14,-0.015402898332760429,-1.0,0.015402898332760429,0.015402898332760429,0.44475802990589947,1.4375780931861848
2008-11-17,-0.03530703865917728,-1.0,0.03530703865917728,0.03530703865917728,0.46046111886176655,1.386821467874474
2008-11-18,0.021915116115174937,-1.0,-0.021915116115174937,-0.021915116115174937,0.4503700599753876,1.4172138213739605
2008-11-19,-0.04203298168428948,-1.0,0.04203298168428948,0.04203298168428948,0.4693004564574854,1.357644098777427
2008-11-20,-0.03738530528515416,0.0,-0.0,-0.001,0.4688311560010279,1.3068881596760449
2008-11-21,0.12488409036458448,-1.0,-0.12488409036458448,-0.12588409036458448,0.4098127723932619,1.4700976987054335
2008-11-24,-0.00020711638840764657,-1.0,0.00020711638840764657,0.00020711638840764657,0.4098976513346033,1.4697932173794712
2008-11-25,0.0011481800562425093,-1.0,-0.0011481800562425093,-0.0011481800562425093,0.4094270150262403,1.4714808046384669
2008-11-26,0.010214710921176096,-1.0,-0.010214710921176096,-0.010214710921176096,0.4052448364244272,1.4865115556839084
2008-11-28,0.006190583965693053,-1.0,-0.006190583965693053,-0.006190583965693053,0.40273613423787824,1.4957139302853426
2008-12-01,-0.0709602601543915,-1.0,0.0709602601543915,0.0709602601543915,0.431314395096972,1.3895776806757474
2008-12-02,0.010817622947639327,0.0,0.0,-0.001,0.43088308070187503,1.4046096080817527
2008-12-03,0.02467742640154591,-1.0,-0.02467742640154591,-0.02567742640154591,0.41981911210948125,1.4392717583080945
2008-12-04,-0.04987173021013225,-1.0,0.04987173021013225,0.04987173021013225,0.44075621760566264,1.3674927854786905
2008-12-05,0.03970348962284653,0.0,0.0,-0.001,0.440315461388057,1.421787021096261
2008-12-08,-0.011434828798178476,1.0,-0.011434828798178476,-0.012434828798178477,0.43484021400850553,1.4055291299225532
2008-12-09,-0.008511454177778988,1.0,-0.008511454177778988,-0.008511454177778988,0.43113909145231655,1.3935660331376838
2008-12-10,-0.0022010167207348053,1.0,-0.0022010167207348053,-0.0022010167207348053,0.4301901471030676,1.3904987709972996
2008-12-11,0.00750027459717395,1.0,0.00750027459717395,0.00750027459717395,0.4334166913353392,1.4009278936068121
2008-12-12,0.013575796066294776,1.0,0.013575796066294776,0.013575796066294776,0.43930066794863604,1.4199466049940022
2008-12-15,-0.019874751550072123,1.0,-0.019874751550072123,-0.019874751550072123,0.43056967631737614,1.3917255190053779
2008-12-16,0.057747281665442074,1.0,0.057747281665442074,0.057747281665442074,0.4554339046922739,1.472093884552365
2008-12-17,-0.013543931774373186,0.0,-0.0,-0.001,0.45497847078758163,1.4521559454145159
2008-12-18,0.06273755557139715,1.0,0.06273755557139715,0.06173755557139715,0.4830677294116193,1.5432606597382938
2008-12-19,0.0015900671871988958,0.0,0.0,-0.001,0.48258466168220765,1.5457145478746386
2008-12-22,0.010716421853879998,1.0,0.010716421853879998,0.009716421853879997,0.4872736578353239,1.5622790770353425
2008-12-23,-0.025721639254007944,1.0,-0.025721639254007944,-0.025721639254007944,0.47474018059050277,1.522094698201755
2008-12-24,0.010882397153106238,1.0,0.010882397153106238,0.010882397153106238,0.479906491780226,1.5386587372122238
2008-12-26,-0.0029901017387659046,1.0,-0.0029901017387659046,-0.0029901017387659046,0.47847152254470887,1.5340579910467183
2008-12-29,-0.017796637517569214,1.0,-0.017796637517569214,-0.017796637517569214,0.46995633829550126,1.5067569170491293
2008-12-30,0.009364518380118314,1.0,0.009364518380118314,0.009364518380118314,0.4743572530633226,1.5208669698932062
2008-12-31,0.015127597813990201,1.0,0.015127597813990201,0.015127597813990201,0.48153313880781373,1.5438740337423327
2009-01-02,0.026425570963670708,0.0,0.0,-0.001,0.4810516056690059,1.5846717865799593
2009-01-05,0.005419740869934797,1.0,0.005419740869934797,0.004419740869934797,0.483177729111129,1.5932602970271192
2009-01-06,-0.014054522996842067,1.0,-0.014054522996842067,-0.014054522996842067,0.4763868966057747,1.5708677835425962
2009-01-07,-0.010935856992639326,1.0,-0.010935856992639326,-0.010935856992639326,0.4711771976313267,1.55368899810743
2009-01-08,0.008884726019315892,1.0,0.008884726019315892,0.008884726019315892,0.4753634779388301,1.56749309917484
2009-01-09,-0.021134745785236664,0.0,-0.0,-0.001,0.4748881144608913,1.5343645310036669
2009-01-12,-0.005997451313194735,-1.0,0.005997451313194735,0.004997451313194735,0.47726134469212445,1.5251622544322796
2009-01-13,-0.009452626315150092,-1.0,0.009452626315150092,0.009452626315150092,0.4817727178381651,1.5107454655711594
2009-01-14,-0.018680692970528656,0.0,-0.0,-0.001,0.48129094512032694,1.4825236933722061
2009-01-15,0.0022761783320888185,-1.0,-0.0022761783320888185,-0.0032761783320888185,0.4797141501544932,1.4858981816798682
2009-01-16,0.028695215772914562,-1.0,-0.028695215772914562,-0.028695215772914562,0.4659486491064897,1.5285363506197533
2009-01-20,-0.0006023397487348037,-1.0,0.0006023397487348037,0.0006023397487348037,0.46622930849871574,1.527615652418389
2009-01-21,-0.015862916433321494,-1.0,0.015862916433321494,0.015862916433321494,0.4736250650581961,1.5033832129818423
2009-01-22,-0.007346075816791919,0.0,-0.0,-0.001,0.4731514399931379,1.4923392459175855
2009-01-23,-0.014388419739131186,-1.0,0.014388419739131186,0.013388419739131185,0.4794861900719404,1.4708668424541447
2009-01-26,0.020646623672167408,-1.0,-0.020646623672167408,-0.020646623672167408,0.4695864191495237,1.5012352766221646
2009-01-27,0.0375976098260733,-1.0,-0.0375976098260733,-0.0375976098260733,0.451931092182717,1.557678134809742
2009-01-28,0.013784815330939004,-1.0,-0.013784815330939004,-0.013784815330939004,0.44570130553466863,1.5791504402431358
2009-01-29,-0.006022283043205956,-1.0,0.006022283043205956,0.006022283043205956,0.4483854449493248,1.5696403493241884
2009-01-30,0.007426696850185044,-1.0,-0.007426696850185044,-0.007426696850185044,0.4450554221776508,1.5812975923624377
2009-02-02,-0.013384875489934056,-1.0,0.013384875489934056,0.013384875489934056,0.45101243358961873,1.560132120976134
2009-02-03,0.02634636008815927,0.0,0.0,-0.001,0.4505614211560291,1.601235923620475
2009-02-04,0.014368193624467729,1.0,0.014368193624467729,0.013368193624467728,0.4565846134737583,1.6242427914095074
2009-02-05,-0.004532970531527125,1.0,-0.004532970531527125,-0.004532970531527125,0.454514928875733,1.6168801467000027
2009-02-06,-0.0066395573588008405,1.0,-0.0066395573588008405,-0.0066395573588008405,0.4514971509350313,1.6061447782236817
2009-02-09,-0.005730273582325474,1.0,-0.005730273582325474,-0.005730273582325474,0.44890994873853307,1.5969411292316367
2009-02-10,-0.029773074481089123,1.0,-0.029773074481089123,-0.029773074481089123,0.43554451939943883,1.5493952820491086
2009-02-11,0.00613736775805096,1.0,0.00613736775805096,0.00613736775805096,0.4382176162899967,1.558904490697633
2009-02-12,-0.003935591004906036,1.0,-0.003935591004906036,-0.003935591004906036,0.43649297098113443,1.5527692802065358
2009-02-13,0.005728759988807841,1.0,0.005728759988807841,0.005728759988807841,0.438993534448687,1.561664722730833
2009-02-17,-0.04124893992455969,1.0,-0.04124893992455969,-0.04124893992455969,0.42088551651894296,1.4972477084006046
2009-02-18,-0.00840005355732254,1.0,-0.00840005355732254,-0.00840005355732254,0.4173500556386825,1.484670747461461
2009-02-19,0.03078535585667619,1.0,0.03078535585667619,0.03078535585667619,0.43019832561832294,1.5303768647520597
2009-02-20,-0.01803981268957422,0.0,-0.0,-0.001,0.42976812729270464,1.5027691527674747
2009-02-23,-0.022861861621499058,-1.0,0.022861861621499058,0.021861861621499057,0.4391636586209085,1.4684130523478474
2009-02-24,0.02569427207595809,0.0,0.0,-0.001,0.4387244949622876,1.506142856834761
2009-02-25,-0.02482111864194525,1.0,-0.02482111864194525,-0.02582111864194525,0.42739613772673885,1.468758706293547
2009-02-26,-0.030577851581219506,1.0,-0.030577851581219506,-0.030577851581219506,0.41432728206094416,1.423847220563879
2009-02-27,-0.013922104567423599,1.0,-0.013922104567423599,-0.013922104567423599,0.4085589743149553,1.4040242706711532
2009-03-02,-0.020075145295263996,1.0,-0.020075145295263996,-0.020075145295263996,0.40035709354389853,1.3758382794393527
2009-03-03,-0.02521328494620856,1.0,-0.02521328494620856,-0.02521328494620856,0.39026277606414034,1.3411488768599469
2009-03-04,0.030484545060236012,1.0,0.030484545060236012,0.030484545060236012,0.4021597592464004,1.3820331902290688
2009-03-05,-0.03922015636622833,1.0,-0.03922015636622833,-0.03922015636622833,0.38638699060455184,1.3278296324049674
2009-03-06,-0.0011662495056340427,1.0,-0.0011662495056340427,-0.0011662495056340427,0.38593636696777583,1.326281051752609
2009-03-09,-0.02428789536689613,1.0,-0.02428789536689613,-0.02428789536689613,0.37656278486858247,1.2940684763405446
2009-03-10,0.03877481651965842,1.0,0.03877481651965842,0.03877481651965842,0.39116393775999336,1.344245744074523
2009-03-11,0.008294567860234192,0.0,0.0,-0.001,0.39077277382223335,1.3553956816195802
2009-03-12,0.01782476028163371,1.0,0.01782476028163371,0.01682476028163371,0.39734743206638157,1.3795552847312107
2009-03-13,0.01504294105357995,0.0,0.0,-0.001,0.3969500846343152,1.400307853559577
2009-03-16,0.03185094083955198,1.0,0.03185094083955198,0.030850940839551977,0.40919636821162364,1.444908976160463
2009-03-17,0.033011950920828204,0.0,0.0,-0.001,0.408787171843412,1.4926082403665364
2009-03-18,0.036106790293568336,1.0,0.036106790293568336,0.035106790293568335,0.4231383773600195,1.546501533091903
2009-03-19,-0.0004001067204807418,0.0,-0.0,-0.001,0.4227152389826595,1.545882767435279
2009-03-20,-0.01122028191292812,1.0,-0.01122028191292812,-0.012220281912928121,0.41754953959340063,1.5285375269803179
2009-03-23,0.03140815855478585,1.0,0.03140815855478585,0.03140815855478585,0.43066400173742797,1.576546075984656
2009-03-24,0.003928735451217857,0.0,0.0,-0.001,0.43023333773569056,1.5827399084438551
2009-03-25,0.012133939596754573,1.0,0.012133939596754573,0.011133939596754572,0.4350235297305499,1.6019447788902859
2009-03-26,0.0009664431337284007,1.0,0.0009664431337284007,0.0009664431337284007,0.4354439552338683,1.6034929674224565
2009-03-27,-0.02472452732925856,1.0,-0.02472452732925856,-0.02472452732925856,0.42467780926232807,1.563847361727146
2009-03-30,-0.0198062589267608,1.0,-0.0198062589267608,-0.0198062589267608,0.4162665306116289,1.5328733959588463
2009-03-31,0.025055748402275535,1.0,0.025055748402275535,0.025055748402275535,0.42669640007092197,1.5712806861005328
2009-04-01,0.008673454299892969,0.0,0.0,-0.001,0.42626970367085104,1.5849091173237302
2009-04-02,0.005081340224900588,1.0,0.005081340224900588,0.004081340224900588,0.4280094553590994,1.592962579774399
2009-04-03,0.027998912967089007,1.0,0.027998912967089007,0.027998912967089007,0.43999325484879,1.637563800405332
2009-04-06,-0.02477779773887767,0.0,-0.0,-0.001,0.4395532615939412,1.5969885757743807
2009-04-07,0.003878936138645539,-1.0,-0.003878936138645539,-0.004878936138645539,0.437408709301091,1.603183192473956
2009-04-08,0.016614775176076124,-1.0,-0.016614775176076124,-0.016614775176076124,0.4301412619359957,1.6298197207829748
2009-04-09,-0.005700686815533262,-1.0,0.005700686815533262,0.005700686815533262,0.43259336255673114,1.620528628989011
2009-04-13,-0.033257398944935845,-1.0,0.033257398944935845,0.033257398944935845,0.44698029259621164,1.5666340618730337
2009-04-14,-0.0075120945523234894,0.0,-0.0,-0.001,0.4465333123036154,1.5548653586713528
2009-04-15,0.006772539878987072,-1.0,-0.006772539878987072,-0.007772539878987072,0.4430626143264394,1.5653957463194101
2009-04-16,0.0017807525176081196,-1.0,-0.0017807525176081196,-0.0017807525176081196,0.44227362946051957,1.5681833287357214
2009-04-17,0.006912810841755768,-1.0,-0.006912810841755768,-0.006912810841755768,0.4392162755197622,1.5790238834524664
2009-04-20,-0.008630735276314527,-1.0,0.008630735276314527,0.008630735276314527,0.4430070349228222,1.56539574631941
2009-04-21,0.007123010070432256,-1.0,-0.007123010070432256,-0.007123010070432256,0.4398514913517946,1.5765460759846548
2009-04-22,-0.010805499272055652,-1.0,0.010805499272055652,0.010805499272055652,0.44460430632140896,1.5595107085082405
2009-04-23,0.004965145355969147,-1.0,-0.004965145355969147,-0.004965145355969147,0.44239678131463334,1.5672539058601742
2009-04-24,-0.0015807364322780737,-1.0,0.0015807364322780737,0.0015807364322780737,0.4430960940243799,1.564776490512551
2009-04-27,0.015043340168434005,-1.0,-0.015043340168434005,-0.015043340168434005,0.43643044875466674,1.5883159555468995
2009-04-28,0.058307634367336325,-1.0,-0.058307634367336325,-0.058307634367336325,0.4109832217219071,1.6809269015427346
2009-04-29,-0.00755476537141242,-1.0,0.00755476537141242,0.00755476537141242,0.4140881035336032,1.668227893195084
2009-04-30,-0.0013003072833897011,-1.0,0.0013003072833897011,0.0013003072833897011,0.41462654531059295,1.6660586843152085
2009-05-01,0.042015869246409654,-1.0,-0.042015869246409654,-0.042015869246409654,0.3972056505967325,1.7360595881522416
2009-05-04,0.027653914313838124,-1.0,-0.027653914313838124,-0.027653914313838124,0.38622135957015813,1.7840684312467208
2009-05-05,0.0062495054727680355,-1.0,-0.0062495054727680355,-0.0062495054727680355,0.3838076670698245,1.7952179766715899
2009-05-06,-0.019841275041861173,-1.0,0.019841275041861173,0.019841275041861173,0.391422900555332,1.7595985630363553
2009-05-07,-0.008273283659387287,0.0,-0.0,-0.001,0.3910314776547767,1.7450409049977054
2009-05-08,0.014555182656874388,-1.0,-0.014555182656874388,-0.015555182656874389,0.38494891159526917,1.7704402941136643
2009-05-11,-0.0008750743348072687,-1.0,0.0008750743348072687,0.0008750743348072687,0.3852857705080182,1.7688910272509768
2009-05-12,0.013132512867167101,-1.0,-0.013132512867167101,-0.013132512867167101,0.38022600016928526,1.7921210114269668
2009-05-13,-0.04061561338159825,-1.0,0.04061561338159825,0.04061561338159825,0.39566911238979247,1.7193329172938103
2009-05-14,-0.008466810454239915,0.0,-0.0,-0.001,0.39527344327740266,1.7047756513753483
2009-05-15,-0.010900765701046145,-1.0,0.010900765701046145,0.009900765701046144,0.39918695302713797,1.6861922914268572
2009-05-18,-0.0011021599614435829,-1.0,0.0011021599614435829,0.0011021599614435829,0.3996269209038951,1.6843338377959518
2009-05-19,0.023721363032024767,-1.0,-0.023721363032024767,-0.023721363032024767,0.3901472256357636,1.724288532229433
2009-05-20,-0.031435090294215984,-1.0,0.031435090294215984,0.031435090294215984,0.4024115389016617,1.6700853665255195
2009-05-21,-0.015949084270069136,0.0,-0.0,-0.001,0.40200912736276007,1.6434490342765946
2009-05-22,0.00848029448459342,-1.0,-0.00848029448459342,-0.009480294484593421,0.39819796244986666,1.6573859660576808
2009-05-26,0.027471949648067095,-1.0,-0.027471949648067095,-0.027471949648067095,0.38725868807548103,1.7029175898646305
2009-05-27,-0.011458499794835042,-1.0,0.011458499794835042,0.011458499794835042,0.391696091673342,1.6834047090105457
2009-05-28,0.020791233154444866,-1.0,-0.020791233154444866,-0.020791233154444866,0.38355224690567674,1.7184047688088744
2009-05-29,0.018925725103152713,-1.0,-0.018925725103152713,-0.018925725103152713,0.37629324251804336,1.7509268250792978
2009-06-01,0.029541701854821634,-1.0,-0.029541701854821634,-0.029541701854821634,0.3651768997375912,1.8026521833154
2009-06-02,-0.008763391051887504,-1.0,0.008763391051887504,0.008763391051887504,0.3683770877131076,1.7868548373024682
2009-06-03,-0.024765048916962518,-1.0,0.024765048916962518,0.024765048916962518,0.3774999643102109,1.7426032898491615
2009-06-04,-0.003942571354893509,0.0,-0.0,-0.001,0.3771224643459007,1.735732952035659
2009-06-05,-0.00899575356153448,-1.0,0.00899575356153448,0.00799575356153448,0.38013784263332906,1.7201187261505115
2009-06-08,0.005264420079453602,0.0,0.0,-0.001,0.3797577047906957,1.7291741537115024
2009-06-09,-0.005778824989259745,-1.0,0.005778824989259745,0.004778824989259745,0.3815725004002134,1.7191815589012522
2009-06-10,0.0030881620720006886,-1.0,-0.0030881620720006886,-0.0030881620720006886,0.380394142676759,1.724490670186334
2009-06-11,0.02354200478073154,-1.0,-0.02354200478073154,-0.02354200478073154,0.3714389019513004,1.7650886377881876
2009-06-12,0.015392332646953832,-1.0,-0.015392332646953832,-0.015392332646953832,0.3657215908144467,1.792257469252382
2009-06-15,-0.015682007331944137,-1.0,0.015682007331944137,0.015682007331944137,0.37145683948304914,1.7641512744788346
2009-06-16,0.004602793972402486,-1.0,-0.004602793972402486,-0.004602793972402486,0.3697471001812689,1.7722712993314118
2009-06-17,-0.000705133034398564,-1.0,0.000705133034398564,0.000705133034398564,0.3700078210759798,1.7710216122923368
2009-06-18,0.018339199750250668,-1.0,-0.018339199750250668,-0.018339199750250668,0.3632221737361124,1.803500731402177
2009-06-19,-0.012121259558673048,-1.0,0.012121259558673048,0.012121259558673048,0.3676248839814332,1.7816400309225944
2009-06-22,0.002453887407075417,-1.0,-0.002453887407075417,-0.002453887407075417,0.36672277390810365,1.7860119749584167
2009-06-23,-0.004545907119293813,-1.0,0.004545907119293813,0.004545907119293813,0.36838986157681963,1.7778929304063091
2009-06-24,0.009134215737758522,-1.0,-0.009134215737758522,-0.009134215737758522,0.36502490910557395,1.794132587991276
2009-06-25,0.0008697474749019829,-1.0,-0.0008697474749019829,-0.0008697474749019829,0.36470742961260305,1.7956930302793208
2009-06-26,-0.01408685833252088,-1.0,0.01408685833252088,0.01408685833252088,0.3698450115063736,1.7703973569530809
2009-06-29,0.01640477477474489,0.0,0.0,-0.001,0.3694751664948672,1.7994403268556998
2009-06-30,-0.013190013863580763,1.0,-0.013190013863580763,-0.014190013863580764,0.36423230876005624,1.7757056839977867
2009-07-01,0.001759202274144167,1.0,0.001759202274144167,0.001759202274144167,0.3648730670659437,1.7788295094752864
2009-07-02,-0.029143119841011922,1.0,-0.029143119841011922,-0.029143119841011922,0.35423952754568333,1.7269888679039196
2009-07-06,0.007413775859068217,1.0,0.007413775859068217,0.007413775859068217,0.35686578000332925,1.7397923762816652
2009-07-07,-0.022617103822039186,1.0,-0.022617103822039186,-0.022617103822039186,0.34879450960646097,1.7004433114785105
2009-07-08,-0.005692792588370077,1.0,-0.005692792588370077,-0.005692792588370077,0.34680889480730914,1.690763040397982
2009-07-09,0.006094717138749539,1.0,0.006094717138749539,0.006094717138749539,0.34892259692236205,1.7010677628778599
2009-07-10,-0.003121276836313136,1.0,-0.003121276836313136,-0.003121276836313136,0.3478335129029221,1.6957582594725902
2009-07-13,0.0174960019312822,1.0,0.0174960019312822,0.0174960019312822,0.3539192087164363,1.7254272492553104
2009-07-14,0.018280548086915926,0.0,0.0,-0.001,0.35356528950771987,1.7569690050557971
2009-07-15,0.020440490192358718,1.0,0.020440490192358718,0.019440490192358717,0.36043877205075314,1.7928823127719185
2009-07-16,-0.0006960426177107237,0.0,-0.0,-0.001,0.36007833327870237,1.7916343902736895
2009-07-17,-0.00958734716612375,1.0,-0.00958734716612375,-0.01058734716612375,0.35626605895728153,1.7744573693793693
2009-07-20,0.02164712334978791,1.0,0.02164712334978791,0.02164712334978791,0.36397819428087264,1.8128692669332647
2009-07-21,0.011542099506212988,0.0,0.0,-0.001,0.3636142160865918,1.833793584403964
2009-07-22,-0.004427885919953578,1.0,-0.004427885919953578,-0.005427885919953578,0.3616405596028004,1.8256737556114804
2009-07-23,0.02360583719142806,1.0,0.02360583719142806,0.02360583719142806,0.370177387774601,1.868770313051108
2009-07-24,0.003508952308212132,0.0,0.0,-0.001,0.3698072103868264,1.875327738954607
2009-07-27,-0.00016602080947480946,1.0,-0.00016602080947480946,-0.0011660208094748095,0.36937600748402155,1.8750163955253552
2009-07-28,-0.049134007523204404,1.0,-0.049134007523204404,-0.049134007523204404,0.35122708395341046,1.7828893258414809
2009-07-29,0.0028021948656997697,1.0,0.0028021948656997697,0.0028021948656997697,0.3522112906847594,1.7878853291564647
2009-07-30,0.005065758913081808,1.0,0.005065758913081808,0.005065758913081808,0.3539955081698338,1.7969423251982073
2009-07-31,-0.015120351701855106,1.0,-0.015120351701855106,-0.015120351701855106,0.34864297158542895,1.769771925253261
2009-08-03,0.006000433603447375,1.0,0.006000433603447375,0.006000433603447375,0.3507349805877359,1.7803913241839886
2009-08-04,-0.010524461104665872,1.0,-0.010524461104665872,-0.010524461104665872,0.34704368392649454,1.7616536649415298
2009-08-05,0.0010632953430245173,1.0,0.0010632953430245173,0.0010632953430245173,0.3474126938594397,1.763526823079484
2009-08-06,0.00920873639829467,1.0,0.00920873639829467,0.00920873639829467,0.3506119257786127,1.779766676724545
2009-08-07,-0.0029831479679948147,0.0,-0.0,-0.001,0.3502613138528341,1.7744573693793693
2009-08-10,0.007392013262355945,1.0,0.007392013262355945,0.006392013262355945,0.35250018881627165,1.7875741817873068
2009-08-11,0.004192495712357358,1.0,0.004192495712357358,0.004192495712357358,0.35397804434648905,1.7950685788799707
2009-08-12,0.006785167632075595,1.0,0.006785167632075595,0.006785167632075595,0.35637984471545425,1.807248420098743
2009-08-13,-0.014169822416970401,1.0,-0.014169822416970401,-0.014169822416970401,0.35133000560284877,1.7816400309225935
2009-08-14,-0.004031488638872149,1.0,-0.004031488638872149,-0.004031488638872149,0.349913622676766,1.7744573693793693
2009-08-17,-0.007039991585068739,1.0,-0.007039991585068739,-0.007039991585068739,0.3474502337176207,1.7619652044308753
2009-08-18,0.009748562985771647,1.0,0.009748562985771647,0.009748562985771647,0.350837374205438,1.7791418332050077
2009-08-19,0.0035105072779992863,0.0,0.0,-0.001,0.35048653683123254,1.7853875235590668
2009-08-20,0.002973646457715917,1.0,0.002973646457715917,0.001973646457715917,0.3511782733431267,1.7906966348441484
2009-08-21,0.012033297103698493,1.0,0.012033297103698493,0.012033297103698493,0.3554041058426284,1.812244619473821
2009-08-24,0.002412771526050461,0.0,0.0,-0.001,0.35504870173678577,1.8166171516899257
2009-08-25,-0.006016870549539366,1.0,-0.006016870549539366,-0.007016870549539366,0.3525573709579167,1.8056868014501344
2009-08-26,-0.015118355710790121,1.0,-0.015118355710790121,-0.015118355710790121,0.34722728321531393,1.7783877860835324
2009-08-27,-0.00194815661013914,1.0,-0.00194815661013914,-0.00194815661013914,0.34655083008829735,1.7749232081626831
2009-08-28,0.0005326437610702062,1.0,0.0005326437610702062,0.0005326437610702062,0.3467354182258376,1.7758686099358898
2009-08-31,-0.0039005155459226337,1.0,-0.0039005155459226337,-0.0039005155459226337,0.34538297133672574,1.7689418068153189
2009-09-01,-0.0035602314981734162,1.0,-0.0035602314981734162,-0.0035602314981734162,0.34415332800324,1.7626439644762593
2009-09-02,-0.00911057164229323,1.0,-0.00911057164229323,-0.00911057164229323,0.34101789445253283,1.7465852703580425
2009-09-03,-0.0009012823601227682,1.0,-0.0009012823601227682,-0.0009012823601227682,0.34071054103977655,1.7450111038634184
2009-09-04,-0.005232355574570913,1.0,-0.005232355574570913,-0.005232355574570913,0.338927822341052,1.7358805852864305
2009-09-08,-0.011427611068172916,1.0,-0.011427611068172916,-0.011427611068172916,0.3350546870071557,1.7160436170969848
2009-09-09,-0.008073563167962705,1.0,-0.008073563167962705,-0.008073563167962705,0.33234960182688145,1.702189030555373
2009-09-10,0.001110000764802832,1.0,0.001110000764802832,0.001110000764802832,0.3327185101390912,1.7040784616811284
2009-09-11,-0.012934308050761123,1.0,-0.012934308050761123,-0.012934308050761123,0.3284150264347619,1.6820373859150777
2009-09-14,0.028453142387634855,1.0,0.028453142387634855,0.028453142387634855,0.337759465944149,1.7298966351578444
2009-09-15,-0.010374352084673966,0.0,-0.0,-0.001,0.33742170647820485,1.7119500783946242
2009-09-16,0.014345901777899961,-1.0,-0.014345901777899961,-0.015345901777899962,0.33224366611285894,1.7365095460679416
2009-09-17,-0.0036260474310397806,-1.0,0.0036260474310397806,0.0036260474310397806,0.33344839740484666,1.7302128800894458
2009-09-18,0.001455425442817404,-1.0,-0.001455425442817404,-0.001455425442817404,0.332963088123397,1.7327310759366183
2009-09-21,-0.0010902089953840344,-1.0,0.0010902089953840344,0.0010902089953840344,0.3333260874772,1.7308420369310509
2009-09-22,-0.012188778584794946,-1.0,0.012188778584794946,0.012188778584794946,0.33738892535399556,1.7097451865776427
2009-09-23,-0.007918682793541132,0.0,-0.0,-0.001,0.33705153642864155,1.6962062567873506
2009-09-24,0.0012992025277580588,-1.0,-0.0012992025277580588,-0.002299202527758059,0.3362765866841001,1.6984099722437678
2009-09-25,0.008343356188791562,-1.0,-0.008343356188791562,-0.008343356188791562,0.3334709113434436,1.712580411596793
2009-09-28,0.010479592562178563,-1.0,-0.010479592562178563,-0.010479592562178563,0.32997627206122593,1.7305275565402956
2009-09-29,0.003274791548556699,-1.0,-0.003274791548556699,-0.003274791548556699,0.32889566855425556,1.7361946735569982
2009-09-30,0.0016319946843859068,-1.0,-0.0016319946843859068,-0.0016319946843859068,0.32835891257145744,1.7390281340353024
2009-10-01,-0.026796550525582497,-1.0,0.026796550525582497,0.026796550525582497,0.3371577987627038,1.692428178776216
2009-10-02,-0.009674600573597147,0.0,-0.0,-0.001,0.3368206409639411,1.6760546121470556
2009-10-05,0.004133036710471494,-1.0,-0.004133036710471494,-0.005133036710471494,0.33509172824902866,1.6829818073878144
2009-10-06,0.008231933560189253,-1.0,-0.008231933560189253,-0.008231933560189253,0.33233327540551366,1.696836001809238
2009-10-07,-0.018555871492776266,-1.0,0.018555871492776266,0.018555871492776266,0.3385000089567118,1.6653497310153496
2009-10-08,0.002079213306023231,0.0,0.0,-0.001,0.3381615089477551,1.6688123483352588
2009-10-09,0.0018866884898609548,-1.0,-0.0018866884898609548,-0.002886688489860955,0.3371853420121616,1.6719608773846009
2009-10-12,0.0037668575170284324,-1.0,-0.0037668575170284324,-0.0037668575170284324,0.3359152128719713,1.6782589157837544
2009-10-13,-0.005441288535256383,-1.0,0.005441288535256383,0.005441288535256383,0.3377430244685898,1.6691270247861085
2009-10-14,-0.0003772900519466438,0.0,-0.0,-0.001,0.3374052814441212,1.6684972797642215
2009-10-15,0.014342785752324394,1.0,0.014342785752324394,0.013342785752324393,0.34190720782613276,1.6924281787762157
2009-10-16,-0.004651773808063364,0.0,-0.0,-0.001,0.34156530061830664,1.684555385702156
2009-10-19,0.022430771938106497,-1.0,-0.022430771938106497,-0.0234307719381065,0.33356216195754834,1.72234126337595
2009-10-20,-0.02230396224735509,-1.0,0.02230396224735509,0.02230396224735509,0.34100191982499567,1.683926228860551
2009-10-21,0.007853342487862403,0.0,0.0,-0.001,0.34066091790517067,1.6971506782600874
2009-10-22,-0.0063080229170089375,1.0,-0.0063080229170089375,-0.0073080229170089375,0.3381713601101904,1.6864450128880055
2009-10-23,-0.017363364386978608,1.0,-0.017363364386978608,-0.017363364386978608,0.33229956755935697,1.6571626536106283
2009-10-26,-0.009500705131845422,1.0,-0.009500705131845422,-0.009500705131845422,0.32914248735253576,1.6414184398831673
2009-10-27,-0.025321257708865175,1.0,-0.025321257708865175,-0.025321257708865175,0.3208081856073453,1.5998556605588021
2009-10-28,-0.01358016339896917,1.0,-0.01358016339896917,-0.01358016339896917,0.31645155802707076,1.5781293592736478
2009-10-29,-0.0005979466935429611,1.0,-0.0005979466935429611,-0.0005979466935429611,0.31626233686428196,1.577185722041287
2009-10-30,-0.019765055179072122,1.0,-0.019765055179072122,-0.019765055179072122,0.3100113943250971,1.5460125592174963
2009-11-02,-0.0012213709092682157,1.0,-0.0012213709092682157,-0.0012213709092682157,0.30963275542652674,1.5441243044523048
2009-11-03,0.0034662640309288673,1.0,0.0034662640309288673,0.0034662640309288673,0.3107060243094591,1.549476646988111
2009-11-04,0.013411560317699411,1.0,0.013411560317699411,0.013411560317699411,0.314873076895558,1.5702575465000586
2009-11-05,0.007219009715556668,0.0,0.0,-0.001,0.31455820381866245,1.5815932509841686
2009-11-06,-0.009356901305089482,1.0,-0.009356901305089482,-0.010356901305089483,0.31130035554700636,1.566794439029914
2009-11-09,0.02170452257483335,1.0,0.02170452257483335,0.02170452257483335,0.31805698114153,1.600800964301962
2009-11-10,-0.004523782651937758,0.0,-0.0,-0.001,0.3177389241603885,1.5935592886704477
2009-11-11,0.013040617747791972,1.0,0.013040617747791972,0.01204061774779197,0.3215646970897984,1.6143402862124423
2009-11-12,-0.009362325083764889,0.0,-0.0,-0.001,0.32124313239270863,1.5992263076571034
2009-11-13,0.006891107156137055,-1.0,-0.006891107156137055,-0.007891107156137056,0.31870816841182464,1.610246747510082
2009-11-16,0.01662079137331407,-1.0,-0.01662079137331407,-0.01662079137331407,0.31341098643568066,1.6370103227600046
2009-11-17,-0.00865551350862892,-1.0,0.00865551350862892,0.00865551350862892,0.31612371946252743,1.6228411577975903
2009-11-18,0.0007766455195823418,0.0,0.0,-0.001,0.3158075957430649,1.6241015301117876
2009-11-19,-0.013959294119138321,-1.0,0.013959294119138321,0.01295929411913832,0.3199002392613572,1.6014302191736145
2009-11-20,0.004915427877715928,0.0,0.0,-0.001,0.3195803390220958,1.6093019339171573
2009-11-23,0.01760902121443686,1.0,0.01760902121443686,0.01660902121443686,0.3248882556526307,1.6376401658119388
2009-11-24,0.010924431318754424,0.0,0.0,-0.001,0.32456336739697805,1.655530453328185
2009-11-25,0.007293230277848339,1.0,0.007293230277848339,0.006293230277848339,0.3266059194077612,1.667604618156298
2009-11-27,-0.01714897951097749,0.0,-0.0,-0.001,0.32627931348835343,1.6390069007271242
2009-11-30,0.007561260746027587,-1.0,-0.007561260746027587,-0.008561260746027588,0.32348595120954476,1.6513998592680605
2009-12-01,0.0177021598311371,-1.0,-0.0177021598311371,-0.0177021598311371,0.317759551198106,1.6806332035219411
2009-12-02,0.00813004525998573,-1.0,-0.00813004525998573,-0.00813004525998573,0.3151761516650726,1.6942968275320094
2009-12-03,-0.006001350193861832,-1.0,0.006001350193861832,0.006001350193861832,0.31706763412396843,1.6841287589376406
2009-12-04,-0.004717189802860622,-1.0,0.004717189802860622,0.004717189802860622,0.31856330233447516,1.6761844039292757
2009-12-07,0.003981359964628783,-1.0,-0.003981359964628783,-0.003981359964628783,0.31729498715636073,1.682857897408415
2009-12-08,0.006230880196584687,-1.0,-0.006230880196584687,-0.006230880196584687,0.31531796010441254,1.6933435833550432
2009-12-09,0.007505968604330837,-1.0,-0.007505968604330837,-0.007505968604330837,0.31295119339548716,1.7060537671280511
2009-12-10,0.024958375892125684,-1.0,-0.024958375892125684,-0.024958375892125684,0.30514043987483325,1.74863409834021
2009-12-11,0.022169853842438192,-1.0,-0.022169853842438192,-0.022169853842438192,0.2983755209213909,1.787401060724316
2009-12-14,-0.008533226977870512,-1.0,0.008533226977870512,0.008533226977870512,0.3009216269660535,1.772148761772669
2009-12-15,-0.006634727337820334,-1.0,0.006634727337820334,0.006634727337820334,0.30291815991102655,1.7603910379362515
2009-12-16,-0.009747145342034358,-1.0,0.009747145342034358,0.009747145342034358,0.3058707472424209,1.743232250630672
2009-12-17,-0.01093730106994284,0.0,-0.0,-0.001,0.3055648764951785,1.7241659946706904
2009-12-18,0.006635494900028682,-1.0,-0.006635494900028682,-0.007635494900028682,0.30323173743907167,1.7356066893351307
2009-12-21,-0.002197251780360232,-1.0,0.002197251780360232,0.002197251780360232,0.30389801391402144,1.731793124446984
2009-12-22,-0.012477002358549538,-1.0,0.012477002358549538,0.012477002358549538,0.3076897501503852,1.7101855375487391
2009-12-23,-0.016165177956248278,0.0,-0.0,-0.001,0.3073820604002348,1.6825400839960616
2009-12-24,-0.0007553231814884098,-1.0,0.0007553231814884098,-0.0002446768185115902,0.30730685113562856,1.681269222466836
2009-12-28,0.009638524712035412,-1.0,-0.009638524712035412,-0.009638524712035412,0.30434486645678,1.6974741774151672
2009-12-29,-0.0005615662315510139,-1.0,0.0005615662315510139,0.0005615662315510139,0.30451577625652804,1.696520933238201
2009-12-30,0.00580638122949706,-1.0,-0.00580638122949706,-0.00580638122949706,0.30274764156918643,1.706371580540404
2009-12-31,-0.016387560179697225,-1.0,0.016387560179697225,0.016387560179697225,0.3077089367646629,1.6784083135753731
2010-01-04,0.008141406474226454,0.0,0.0,-0.001,0.3074012278278982,1.692072917885911
2010-01-05,-0.00976573566467942,1.0,-0.00976573566467942,-0.010765735664679421,0.30409182746610514,1.6755485810444746
2010-01-06,0.009862045797046193,1.0,0.009862045797046193,0.009862045797046193,0.30709079499508335,1.6920729178859109
2010-01-07,-0.0028167940249205214,1.0,-0.0028167940249205214,-0.0028167940249205214,0.3062257834786331,1.68730669700108
2010-01-08,-0.00866330493050893,1.0,-0.00866330493050893,-0.00866330493050893,0.3035728561387737,1.6726890445736697
2010-01-11,-0.0007596543262202715,1.0,-0.0007596543262202715,-0.0007596543262202715,0.30334224570528484,1.671418379104538
2010-01-12,-0.02433475021967657,1.0,-0.02433475021967657,-0.02433475021967657,0.295960487924971,1.6307448303364525
2010-01-13,0.0035079328696285828,1.0,0.0035079328696285828,0.0035079328696285828,0.2969986974486743,1.6364653737287667
2010-01-14,-0.02893232506912269,1.0,-0.02893232506912269,-0.02893232506912269,0.2884058345889832,1.5891186255716827
2010-01-15,0.010797305405142232,1.0,0.010797305405142232,0.010797305405142232,0.2915198404656654,1.60627682469698
2010-01-19,0.006726900204057751,1.0,0.006726900204057751,0.006726900204057751,0.2934808653399808,1.6170820885968074
2010-01-20,-0.017882149252717916,1.0,-0.017882149252717916,-0.017882149252717916,0.28823279670315444,1.5881651853346224
2010-01-21,-0.01900795022468027,1.0,-0.01900795022468027,-0.01900795022468027,0.2827540820503005,1.5579774205432118
2010-01-22,-0.018151992316547738,1.0,-0.018151992316547738,-0.018151992316547738,0.27762153212545093,1.5296970263761565
2010-01-25,-0.008101449023667717,1.0,-0.008101449023667717,-0.008101449023667717,0.2753723954350641,1.517304263895314
2010-01-26,0.03078547024732159,1.0,0.03078547024732159,0.03078547024732159,0.2838498641216639,1.5640151891675973
2010-01-27,0.010971674543154064,0.0,0.0,-0.001,0.28356601425754224,1.5811750548036938
2010-01-28,-0.015072636500562231,1.0,-0.015072636500562231,-0.016072636500562232,0.2790083607864675,1.5573425779588812
2010-01-29,-0.00510078444554396,1.0,-0.00510078444554396,-0.00510078444554396,0.2775851992795912,1.549398909160845
2010-02-01,0.009638826657839328,1.0,0.009638826657839328,0.009638826657839328,0.28026079489822897,1.5643332966700918
2010-02-02,0.007108985434735704,0.0,0.0,-0.001,0.27998053410333074,1.5754541192911915
2010-02-03,-0.0036299240843910008,1.0,-0.0036299240843910008,-0.004629924084391001,0.27868424548532506,1.5697353404397234
2010-02-04,-0.027935342717743672,1.0,-0.027935342717743672,-0.027935342717743672,0.2708991055776567,1.5258842457283857
2010-02-05,-0.012911009782868854,1.0,-0.012911009782868854,-0.012911009782868854,0.26740152457537314,1.506183539304261
2010-02-08,-0.010759927310400874,1.0,-0.010759927310400874,-0.010759927310400874,0.26452430360825174,1.489977113905225
2010-02-09,-0.009170489897223466,1.0,-0.009170489897223466,-0.009170489897223466,0.2620984861544422,1.476313293835063
2010-02-10,-0.011622594822615184,1.0,-0.011622594822615184,-0.011622594822615184,0.2590522216462483,1.4591547025895775
2010-02-11,0.0008706886300560157,1.0,0.0008706886300560157,0.0008706886300560157,0.25927777547022646,1.460425171998615
2010-02-12,-0.008485051078251482,1.0,-0.008485051078251482,-0.008485051078251482,0.25707779030190614,1.4480333898182425
2010-02-16,0.017774712378485935,1.0,0.017774712378485935,0.017774712378485935,0.26164727408341926,1.4737717668367056
2010-02-17,-0.013152494652411084,0.0,-0.0,-0.001,0.26138562680933586,1.4543879915545115
2010-02-18,-0.0006551567135533176,-1.0,0.0006551567135533176,-0.0003448432864466824,0.261295489730757,1.4534351394977332
2010-02-19,0.024923472785921108,-1.0,-0.024923472785921108,-0.024923472785921108,0.25478309870336857,1.4896597906431064
2010-02-22,-0.00128001202425565,-1.0,0.00128001202425565,0.00128001202425565,0.255109224133286,1.4877530081990331
2010-02-23,-0.0004274371561295842,-1.0,0.0004274371561295842,0.0004274371561295842,0.255218267294552,1.4871170872841852
2010-02-24,0.016415015596888516,-1.0,-0.016415015596888516,-0.016415015596888516,0.25102885545630105,1.5115281374663545
2010-02-25,-0.0038249490288915222,-1.0,0.0038249490288915222,0.0038249490288915222,0.2519890280332024,1.5057466193848104
2010-02-26,-0.010878804316547863,-1.0,0.010878804316547863,0.010878804316547863,0.2547303673590927,1.4893658965622196
2010-03-01,0.021781479874254828,0.0,0.0,-0.001,0.25447563699173364,1.521806489863591
2010-03-02,-0.0040104669722346165,1.0,-0.0040104669722346165,-0.0050104669722346165,0.2532005952173482,1.5157033351978608
2010-03-03,-0.005509642585964425,1.0,-0.005509642585964425,-0.005509642585964425,0.2518055504351472,1.5073523515545664
2010-03-04,0.00681874702791907,1.0,0.00681874702791907,0.00681874702791907,0.2535225487837904,1.517630605921756
2010-03-05,0.008465449885280751,1.0,0.008465449885280751,0.008465449885280751,0.2556687312153082,1.5304780317605549
2010-03-08,0.0020984688005689645,0.0,0.0,-0.001,0.2554130624840929,1.5336896921601606
2010-03-09,-0.015287599988187961,1.0,-0.015287599988187961,-0.016287599988187962,0.2512529966905939,1.510243257640409
2010-03-10,-0.0010632924144364786,1.0,-0.0010632924144364786,-0.0010632924144364786,0.25098584128510837,1.508637427440606
2010-03-11,0.008515653585769778,1.0,0.008515653585769778,0.008515653585769778,0.25312314976442535,1.521484461159217
2010-03-12,-0.006332876585321223,0.0,-0.0,-0.001,0.2528700266146609,1.5118490878402118
2010-03-15,0.005099368103453905,-1.0,-0.005099368103453905,-0.006099368103453905,0.2513276792400079,1.51955856285598
2010-03-16,0.011413238171835483,-1.0,-0.011413238171835483,-0.011413238171835483,0.24845921657766698,1.5369016466499072
2010-03-17,0.003553035257420012,-1.0,-0.003553035257420012,-0.003553035257420012,0.24757643222113557,1.5423623123876413
2010-03-18,-0.0010414675832886022,-1.0,0.0010414675832886022,0.0010414675832886022,0.24783427504968011,1.5407559920376035
2010-03-19,0.003961333778621068,-1.0,-0.003961333778621068,-0.003961333778621068,0.24685252076442576,1.5468594407934748
2010-03-22,-0.006644721657457886,-1.0,0.006644721657457886,0.006644721657457886,0.24849278705534722,1.5365809903661911
2010-03-23,-0.000418065108169996,-1.0,0.000418065108169996,0.000418065108169996,0.24859667321924697,1.5359385994682417
2010-03-24,-0.011501822276546503,-1.0,0.011501822276546503,0.011501822276546503,0.25145598797315544,1.5182725066694702
2010-03-25,0.003808345495572407,0.0,0.0,-0.001,0.2512045319851823,1.5240546129312964
2010-03-26,0.007587215152998317,1.0,0.007587215152998317,0.006587215152998317,0.25285927028477695,1.5356179431845258
2010-03-29,0.016104930503918036,0.0,0.0,-0.001,0.25260641101449216,1.5603489634400822
2010-03-30,-0.018937619588757948,1.0,-0.018937619588757948,-0.01993761958875795,0.24757004048600378,1.5307996683447411
2010-03-31,0.014057913946019518,1.0,0.014057913946019518,0.014057913946019518,0.2510503588107686,1.5523195183509266
2010-04-01,0.010552732719761204,1.0,0.010552732719761204,0.010552732719761204,0.25369962614649877,1.5687007313237524
2010-04-05,0.002661689198089956,1.0,0.002661689198089956,0.002661689198089956,0.2543748957009724,1.5728761251153527
2010-04-06,0.004492286210199481,1.0,0.004492286210199481,0.004492286210199481,0.25551762053715077,1.5799419348425603
2010-04-07,-0.0018297546397681996,0.0,-0.0,-0.001,0.2552621029166136,1.5770510287567179
2010-04-08,-0.0012221968400785155,1.0,-0.0012221968400785155,-0.0022221968400785155,0.2546948602781205,1.5751235619727288
2010-04-09,0.013662885119726909,1.0,0.013662885119726909,0.013662885119726909,0.25817472689468535,1.5966442942493373
2010-04-12,0.0006029853330464796,0.0,0.0,-0.001,0.25791655216779064,1.597607047340862
2010-04-13,-0.005025919923500544,1.0,-0.005025919923500544,-0.006025919923500544,0.25636236767748216,1.5895776022517065
2010-04-14,-0.01798342642289885,1.0,-0.01798342642289885,-0.01798342642289885,0.25175209390075404,1.5609915503981249
2010-04-15,0.004732660064433958,1.0,0.004732660064433958,0.004732660064433958,0.25294355098169574,1.568379192769613
2010-04-16,-0.008191842921829173,1.0,-0.008191842921829173,-0.008191842921829173,0.250871477143964,1.555531276780579
2010-04-19,-0.0004125308807345629,1.0,-0.0004125308807345629,-0.0004125308807345629,0.25076798491254665,1.5548895720929585
2010-04-20,0.033877240137776266,1.0,0.033877240137776266,0.033877240137776266,0.2592633121562952,1.6075649395144758
2010-04-21,0.006393130283042003,0.0,0.0,-0.001,0.2590040488441389,1.6178423116112424
2010-04-22,0.010521988167989438,1.0,0.010521988167989438,0.009521988167989437,0.2614702823326942,1.6348652292716885
2010-04-23,0.007858700374193894,0.0,0.0,-0.001,0.2612088120503615,1.6477131452607225
2010-04-26,-0.004678179983800823,1.0,-0.004678179983800823,-0.005678179983800823,0.25972562140218475,1.6400048466055184
2010-04-27,-0.020368491466688954,1.0,-0.020368491466688954,-0.020368491466688954,0.2544354022989739,1.6066004218821053
2010-04-28,0.014594977550905552,1.0,0.014594977550905552,0.014594977550905552,0.258148881283683,1.63004871897275
2010-04-29,-0.0011827603137156695,1.0,-0.0011827603137156695,-0.0011827603137156695,0.25784355303187056,1.6281207620385258
2010-04-30,0.02682976099121026,1.0,0.02682976099121026,0.02682976099121026,0.2647614339328401,1.6718028529488467
2010-05-03,0.01171960757087609,0.0,0.0,-0.001,0.26449667249890724,1.6913957263212782
2010-05-04,-0.022977712220750734,1.0,-0.022977712220750734,-0.023977712220750735,0.2581546474023823,1.6525313220704603
2010-05-05,-0.009912622329095178,1.0,-0.009912622329095178,-0.009912622329095178,0.25559565788018174,1.6361504031877754
2010-05-06,0.00255166250806238,1.0,0.00255166250806238,0.00255166250806238,0.25624785173761816,1.6403253068291408
2010-05-07,0.002937987434681766,1.0,0.002937987434681766,0.002937987434681766,0.25700070470618747,1.6451445619693954
2010-05-10,0.027332665794464583,1.0,0.027332665794464583,0.027332665794464583,0.26402521907686355,1.6901107484652858
2010-05-11,0.00076029210343731,0.0,0.0,-0.001,0.2637611938577867,1.6913957263212784
2010-05-12,0.003987631745958176,1.0,0.003987631745958176,0.0029876317459581756,0.26454921517390806,1.698140389614535
2010-05-13,-0.0003786949019122243,1.0,-0.0003786949019122243,-0.0003786949019122243,0.2644490317348168,1.697497312506257
2010-05-14,-0.0026488655754427493,1.0,-0.0026488655754427493,-0.0026488655754427493,0.2637485417981953,1.6930008703107524
2010-05-17,-0.0017071000352977261,1.0,-0.0017071000352977261,-0.0017071000352977261,0.2632982966531819,1.6901107484652858
2010-05-18,-0.005511247717760681,1.0,-0.005511247717760681,-0.005511247717760681,0.2618471945166618,1.6807961294600438
2010-05-19,-0.005923809341617736,1.0,-0.005923809341617736,-0.005923809341617736,0.2602960616597076,1.6708394136469935
2010-05-20,-0.035947746547262294,1.0,-0.035947746547262294,-0.035947746547262294,0.25093900480791387,1.610776501884035
2010-05-21,0.008773293810767857,1.0,0.008773293810767857,0.008773293810767857,0.2531405664256754,1.6249083173985446
2010-05-24,-0.005732155337826117,1.0,-0.005732155337826117,-0.005732155337826117,0.25168952537661815,1.6155940905134905
2010-05-25,-0.015307572824558968,1.0,-0.015307572824558968,-0.015307572824558968,0.24783676963773688,1.590863266318028
2010-05-26,-0.021805457039522858,1.0,-0.021805457039522858,-0.021805457039522858,0.24243257560458709,1.5561737657085752
2010-05-27,0.027451017694652524,1.0,0.027451017694652524,0.027451017694652524,0.24908759652726878,1.5988923192869955
2010-05-28,0.003013385405365554,0.0,0.0,-0.001,0.2488385089307415,1.603710398066686
2010-06-01,-0.019828201271246515,1.0,-0.019828201271246515,-0.020828201271246516,0.24365565038269513,1.571911705513029
2010-06-02,0.02518615685601233,1.0,0.02518615685601233,0.02518615685601233,0.2497923998120874,1.611502120291882
2010-06-03,0.010672151881100822,0.0,0.0,-0.001,0.2495426074122753,1.6287003156763529
2010-06-04,-0.031081543805314138,1.0,-0.031081543805314138,-0.03208154380531414,0.24153689532128608,1.5780777954689293
2010-06-07,0.008225731817549597,1.0,0.008225731817549597,0.008225731817549597,0.24352371304624254,1.5910586402016866
2010-06-08,-0.0020400095722103995,1.0,-0.0020400095722103995,-0.0020400095722103995,0.243026922340568,1.587812865345727
2010-06-09,-0.010831497728682304,1.0,-0.010831497728682304,-0.010831497728682304,0.24039457678322748,1.5706144739011623
2010-06-10,0.03925584732669285,1.0,0.03925584732669285,0.03925584732669285,0.2498314695875948,1.6322702758977203
2010-06-11,-0.005964068567870462,0.0,-0.0,-0.001,0.2495816381180072,1.6225353040509696
2010-06-14,0.01000011600221562,1.0,0.01000011600221562,0.009000116002215619,0.2518279018130923,1.6387608453091695
2010-06-15,0.016039792966696442,0.0,0.0,-0.001,0.2515760739112792,1.6650462299898572
2010-06-16,0.007210454364011687,1.0,0.007210454364011687,0.006210454364011687,0.25313847563738245,1.6770519698451687
2010-06-17,0.013351781350083858,0.0,0.0,-0.001,0.25288533716174505,1.6994436010592688
2010-06-18,0.002673289360730635,1.0,0.002673289360730635,0.0016732893607306351,0.2533084875059026,1.7039867055571423
2010-06-21,-0.011045725275553475,1.0,-0.011045725275553475,-0.011045725275553475,0.25051051154294646,1.6851649365343626
2010-06-22,-0.023493146421613598,1.0,-0.023493146421613598,-0.023493146421613598,0.2446252314151147,1.6455751099357916
2010-06-23,-0.010056750581243112,1.0,-0.010056750581243112,-0.010056750581243112,0.242165096476894,1.6290259714924655
2010-06-24,-0.012351288111732472,1.0,-0.012351288111732472,-0.012351288111732472,0.23917404559970237,1.6089054023770673
2010-06-25,-0.007261108541910755,1.0,-0.007261108541910755,-0.007261108541910755,0.23743737689419503,1.5972229656167407
2010-06-28,-0.0006089044029293778,1.0,-0.0006089044029293778,-0.0006089044029293778,0.23729280022998414,1.5962504095205168
2010-06-29,-0.016670108848482967,1.0,-0.016670108848482967,-0.016670108848482967,0.233337103421189,1.5696407414443743
2010-06-30,0.008062662157418243,1.0,0.008062662157418243,0.008062662157418243,0.2352184216548646,1.5822962244511598
2010-07-01,0.0038966153811077486,1.0,0.0038966153811077486,0.0038966153811077486,0.23613497737460482,1.588461824256825
2010-07-02,0.00020433445780021486,1.0,0.00020433445780021486,0.00020433445780021486,0.23618322788717433,1.5887864017424207
2010-07-06,0.008986904966620468,1.0,0.008986904966620468,0.008986904966620468,0.23830578411090603,1.6030646741471388
2010-07-07,0.028340058689682923,0.0,0.0,-0.001,0.23806747832679512,1.6484956210958261
2010-07-08,0.003937030349493442,1.0,0.003937030349493442,0.002937030349493442,0.23876668973586831,1.6549857983870875
2010-07-09,0.008431841048512245,1.0,0.008431841048512245,0.008431841048512245,0.2407799325114006,1.6689403755766326
2010-07-12,0.009332629418381977,0.0,0.0,-0.001,0.2405391525788892,1.6845159776232645
2010-07-13,0.0071275810115067895,1.0,0.0071275810115067895,0.0061275810115067894,0.24201307572275554,1.696522501718952
2010-07-14,-0.003442707181286142,0.0,-0.0,-0.001,0.2417710626470328,1.6906818715190706
2010-07-15,0.01612297588714462,-1.0,-0.01612297588714462,-0.01712297588714462,0.23763122257111832,1.717940694566405
2010-07-16,-0.0062338534431019,-1.0,0.0062338534431019,0.0062338534431019,0.2391125807861318,1.7072313040525375
2010-07-19,0.003041563013123749,-1.0,-0.003041563013123749,-0.003041563013123749,0.23838530480444012,1.7124239556417908
2010-07-20,-0.0013266272651384359,-1.0,0.0013266272651384359,0.0013266272651384359,0.23870155324940204,1.7101522073327602
2010-07-21,-0.011005788187731347,-1.0,0.011005788187731347,0.011005788187731347,0.24132865198454745,1.6913306343700747
2010-07-22,0.013814260160413205,0.0,0.0,-0.001,0.24108732333256291,1.7146951157705397
2010-07-23,-0.0005674747875056285,1.0,-0.0005674747875056285,-0.0015674747875056285,0.2407094250316519,1.713722069524081
2010-07-26,0.00037879827933373633,1.0,0.00037879827933373633,0.00037879827933373633,0.2408006053476733,1.714371224495273
2010-07-27,0.018360357044872933,1.0,0.018360357044872933,0.018360357044872933,0.24522179043847814,1.7458476922844621
2010-07-28,-0.013568407359026535,0.0,-0.0,-0.001,0.24497656864803966,1.7221593196087301
2010-07-29,-0.010741209362563064,-1.0,0.010741209362563064,0.009741209362563064,0.2473629366921625,1.7036612458011235
2010-07-30,-0.003808971417753715,0.0,-0.0,-0.001,0.24711557375547033,1.6971720488103323
2010-08-02,0.03269585798324415,-1.0,-0.03269585798324415,-0.03369585798324415,0.2387888024767581,1.7526625450913664
2010-08-03,-0.004998872968756896,-1.0,0.004998872968756896,0.004998872968756896,0.239982477366701,1.7439012076713565
2010-08-04,-0.002605251110545437,-1.0,0.002605251110545437,0.002605251110545437,0.24060769198237206,1.7393579071133891
2010-08-05,-0.006343307345781035,-1.0,0.006343307345781035,0.006343307345781035,0.24213394052237525,1.7283246253242543
2010-08-06,0.00844862556833137,-1.0,-0.00844862556833137,-0.00844862556833137,0.2400882415215171,1.7429265929441455
2010-08-09,-0.004281781830482001,-1.0,0.004281781830482001,0.004281781830482001,0.24111624699177628,1.7354637615266133
2010-08-10,0.005048638718039511,-1.0,-0.005048638718039511,-0.005048638718039511,0.23989893817166522,1.7442254910668111
2010-08-11,-0.019906519301891468,-1.0,0.019906519301891468,0.019906519301891468,0.24467449101488273,1.7095040326620385
2010-08-12,-0.011769656368652237,0.0,-0.0,-0.001,0.24442981652386783,1.6893837576367812
2010-08-13,-0.0007685109653238209,-1.0,0.0007685109653238209,-0.00023148903467617912,0.24437323370159464,1.6880854476943974
2010-08-16,0.0026913925264699934,-1.0,-0.0026913925264699934,-0.0026913925264699934,0.24371552940674085,1.6926287482523648
2010-08-17,0.005943441225944257,-1.0,-0.005943441225944257,-0.005943441225944257,0.242267020481862,1.7026887877349464
2010-08-18,0.0015246660007310897,-1.0,-0.0015246660007310897,-0.0015246660007310897,0.24189764419263488,1.7052848194394319
2010-08-19,-0.013511170569546205,-1.0,0.013511170569546205,0.013511170569546205,0.245165964523693,1.6822444253743278
2010-08-20,0.027970633486277707,0.0,0.0,-0.001,0.2449207985591693,1.729297867630807
2010-08-23,0.00806939127761086,1.0,0.00806939127761086,0.00706939127761086,0.246652239516209,1.7432522487602582
2010-08-24,0.010610343591989535,1.0,0.010610343591989535,0.010610343591989535,0.24926930452520965,1.7617487540871128
2010-08-25,-0.009667185598901562,0.0,-0.0,-0.001,0.24902003522068444,1.744717601902719
2010-08-26,-0.004129727611032918,-1.0,0.004129727611032918,0.0031297276110329184,0.24979940010061502,1.7375123934486862
2010-08-27,0.01583432086734793,-1.0,-0.01583432086734793,-0.01583432086734793,0.24584399624695086,1.7650247221975464
2010-08-30,-0.01169112736640665,-1.0,0.01169112736640665,0.01169112736640665,0.24871818971934037,1.7443895933654783
2010-08-31,0.008825004757104349,-1.0,-0.008825004757104349,-0.008825004757104349,0.2465232505118888,1.759783839825172
2010-09-01,0.016564433650406718,-1.0,-0.016564433650406718,-0.016564433650406718,0.24243973248550202,1.788933662479014
2010-09-02,0.0003659412685634855,-1.0,-0.0003659412685634855,-0.0003659412685634855,0.24235101378224608,1.7895883071328376
2010-09-03,0.0,-1.0,-0.0,-0.0,0.24235101378224608,1.7895883071328376
2010-09-07,-0.00640562837254377,-1.0,0.00640562837254377,0.00640562837254377,0.24390342431224438,1.778124869497495
2010-09-08,-0.0003680554751559484,0.0,-0.0,-0.001,0.24365952088793214,1.7774704209037655
2010-09-09,0.006264651668490995,-1.0,-0.006264651668490995,-0.007264651668490995,0.2418894193429699,1.7886056539417736
2010-09-10,0.010071533317504766,-1.0,-0.010071533317504766,-0.010071533317504766,0.2394532219969053,1.8066196553773255
2010-09-13,0.005257296501147923,-1.0,-0.005257296501147923,-0.005257296501147923,0.23819434541071238,1.8161175905704459
2010-09-14,-0.0077544519276878665,-1.0,0.0077544519276878665,0.0077544519276878665,0.24004141201164686,1.802034594019339
2010-09-15,-0.023082858496942138,0.0,-0.0,-0.001,0.23980137059963522,1.760438484478996
2010-09-16,0.0022326350729184874,-1.0,-0.0022326350729184874,-0.0032326350729184874,0.23902618027850092,1.7643689011831591
2010-09-17,-0.002041865635129092,-1.0,0.002041865635129092,0.002041865635129092,0.23951423962190777,1.7607662969561428
2010-09-20,0.013764777722301114,-1.0,-0.013764777722301114,-0.013764777722301114,0.23621737935218623,1.7850028536546634
2010-09-21,-0.007523093865075325,-1.0,0.007523093865075325,0.007523093865075325,0.2379944648696148,1.771574109637192
2010-09-22,0.004067011566010192,-1.0,-0.004067011566010192,-0.004067011566010192,0.2370265386283437,1.7787791220311306
2010-09-23,-0.01399286777295472,-1.0,0.01399286777295472,0.01399286777295472,0.24034321964205127,1.7538889009792566
2010-09-24,0.017739979230175118,0.0,0.0,-0.001,0.2401028764224092,1.7850028536546634
2010-09-27,0.003119492340268426,1.0,0.003119492340268426,0.002119492340268426,0.24061177262986294,1.7905711563839963
2010-09-28,0.006218706773095217,1.0,0.006218706773095217,0.006218706773095217,0.2421080666900027,1.8017061933619105
2010-09-29,-0.006180273464641006,0.0,-0.0,-0.001,0.2418659586233127,1.7905711563839966
2010-09-30,-0.00512177744160125,-1.0,0.00512177744160125,0.00412177744160125,0.24286287627545755,1.781400249427647
2010-10-01,0.00036737874822900807,-1.0,-0.00036737874822900807,-0.00036737874822900807,0.2427736536159802,1.7820546980213767
2010-10-04,-0.007718721590999733,-1.0,0.007718721590999733,0.007718721590999733,0.24464755585787173,1.7682995139474167
2010-10-05,0.007593824310460517,0.0,0.0,-0.001,0.24440290830201386,1.781727669784606
2010-10-06,0.006985405815643775,1.0,0.006985405815643775,0.005985405815643775,0.245865758890725,1.7941737606110129
2010-10-07,0.002190546272804017,0.0,0.0,-0.001,0.2456198931318343,1.798103981255082
2010-10-08,0.00036440208182408895,1.0,0.00036440208182408895,-0.0006355979181759111,0.2454637776390971,1.7987592140891877
2010-10-11,0.0012746157023848514,1.0,0.0012746157023848514,0.0012746157023848514,0.2457766496244426,1.8010519408282752
2010-10-12,0.004546264058006955,1.0,0.004546264058006955,0.004546264058006955,0.24689401517292756,1.8092399985334664
2010-10-13,0.004163529922614817,0.0,0.0,-0.001,0.24664712115775464,1.8167728234045522
2010-10-14,-0.002344058237021329,1.0,-0.002344058237021329,-0.0033440582370213292,0.24582231882060945,1.8125142021030543
2010-10-15,-0.00036063957600729335,1.0,-0.00036063957600729335,-0.00036063957600729335,0.24573366556377685,1.8118605377497006
2010-10-18,0.009037962298377833,1.0,0.009037962298377833,0.009037962298377833,0.24795459716858445,1.8282360649798008
2010-10-19,-0.005553854013715553,0.0,-0.0,-0.001,0.24770664257141586,1.8180823087722933
2010-10-20,0.009368077750160131,-1.0,-0.009368077750160131,-0.010368077750160132,0.2451384008420043,1.8351142451970628
2010-10-21,-0.007853133529017953,-1.0,0.007853133529017953,0.007853133529017953,0.2470635054369065,1.8207028479885272
2010-10-22,-0.0025183996516215945,-1.0,0.0025183996516215945,0.0025183996516215945,0.24768571008292722,1.8161175905704465
2010-10-25,-0.010820283478494064,-1.0,0.010820283478494064,0.010820283478494064,0.2503657396795966,1.7964666834101948
2010-10-26,0.007110243257628657,0.0,0.0,-0.001,0.250115373939917,1.8092399985334666
2010-10-27,-0.009775588110386368,1.0,-0.009775588110386368,-0.01077558811038637,0.2474202336902652,1.7915536135149674
2010-10-28,0.006398054319113555,1.0,0.006398054319113555,0.006398054319113555,0.24900324178506328,1.8030160708498404
2010-10-29,-0.00018137843697463296,1.0,-0.00018137843697463296,-0.00018137843697463296,0.24895807796626668,1.8026890426130695
2010-11-01,-0.020348631703872355,1.0,-0.020348631703872355,-0.020348631703872355,0.24389212172802718,1.7660067872083298
2010-11-02,0.008901937801228943,1.0,0.008901937801228943,0.008901937801228943,0.24606323422585985,1.7817276697846065
2010-11-03,0.004228040636639063,1.0,0.004228040636639063,0.004228040636639063,0.24710359957934963,1.7892608867758801
2010-11-04,0.006955557279551661,0.0,0.0,-0.001,0.24685649597977027,1.8017061933619112
2010-11-05,-0.005089579360755048,1.0,-0.005089579360755048,-0.006089579360755048,0.24535324375678355,1.7925362667060318
2010-11-08,-0.005116162571818905,1.0,-0.005116162571818905,-0.005116162571818905,0.24409797667420075,1.7833653597496824
2010-11-09,-0.0003671938059901514,1.0,-0.0003671938059901514,-0.0003671938059901514,0.24400834540911126,1.7827105190357648
2010-11-10,-0.005512019896457332,1.0,-0.005512019896457332,-0.005512019896457332,0.2426633665543146,1.772884183185216
2010-11-11,-0.0044331497016053545,1.0,-0.0044331497016053545,-0.0044331497016053545,0.2415876035232838,1.7650247221975477
2010-11-12,-0.004825454530913098,1.0,-0.004825454530913098,-0.004825454530913098,0.2404218335272499,1.7565076756546458
2010-11-15,-0.0011185366446602174,1.0,-0.0011185366446602174,-0.0011185366446602174,0.24015291289627327,1.754542957452799
2010-11-16,-0.01885360228834354,1.0,-0.01885360228834354,-0.01885360228834354,0.23562516538813974,1.7214635023351699
2010-11-17,-0.006659009360174495,1.0,-0.006659009360174495,-0.006659009360174495,0.23405613520632745,1.7100002607599212
2010-11-18,0.0024896188489165194,1.0,0.0024896188489165194,0.0024896188489165194,0.23463884577224167,1.7142575096407613
2010-11-19,-0.007068997639511965,1.0,-0.007068997639511965,-0.007068997639511965,0.23298018432533987,1.702139427351595
2010-11-22,0.002309449403073538,1.0,0.002309449403073538,0.002309449403073538,0.233518240272958,1.70607043223604
2010-11-23,-0.008141903954515972,1.0,-0.008141903954515972,-0.008141903954515972,0.231616957189028,1.6921797706371347
2010-11-24,0.0062543709109244006,1.0,0.0062543709109244006,0.0062543709109244006,0.23306557554854787,1.7027632905706622
2010-11-26,-0.013789327574682764,0.0,-0.0,-0.001,0.2328325099729993,1.6792833297748386
2010-11-29,-0.0015753380035786746,-1.0,0.0015753380035786746,0.0005753380035786746,0.2329664673644554,1.6766378909266682
2010-11-30,-0.0015778236090729925,-1.0,0.0015778236090729925,0.0015778236090729925,0.2333340473567854,1.6739924520784977
2010-12-01,0.006123801849578836,-1.0,-0.006123801849578836,-0.006123801849578836,0.2319051558860122,1.684243650152717
2010-12-02,0.005890264603258144,-1.0,-0.005890264603258144,-0.005890264603258144,0.23053917315498376,1.6941642909084738
2010-12-03,-0.002537424288679868,-1.0,0.002537424288679868,0.002537424288679868,0.23112414885243943,1.6898654772877084
2010-12-06,-0.0037181289969278053,-1.0,0.0037181289969278053,0.0037181289969278053,0.23198349825217796,1.6835823394556977
2010-12-07,-0.001374973754153519,-1.0,0.001374973754153519,0.001374973754153519,0.23230246947367142,1.6812674579259896
2010-12-08,0.0007865645217302042,-1.0,-0.0007865645217302042,-0.0007865645217302042,0.23211974859287313,1.6825898832599337
2010-12-09,0.0039313629404575945,-1.0,-0.0039313629404575945,-0.0039313629404575945,0.23120720161550676,1.6892047547709708
2010-12-10,0.018010504018802775,-1.0,-0.018010504018802775,-0.018010504018802775,0.22704304338163453,1.719628183795354
2010-12-13,0.0017309464772468086,-1.0,-0.0017309464772468086,-0.0017309464772468086,0.2266500440255097,1.722604768142269
2010-12-14,-0.012670459473172802,-1.0,0.012670459473172802,0.012670459473172802,0.22952180422292776,1.700778574239228
2010-12-15,-0.01147187329894861,0.0,-0.0,-0.001,0.22929228241870483,1.6812674579259892
2010-12-16,0.007474287095000864,-1.0,-0.007474287095000864,-0.008474287095000865,0.2273491937888207,1.6938337335900102
2010-12-17,0.008785835987850987,-1.0,-0.008785835987850987,-0.008785835987850987,0.225351741060222,1.7087154789640213
2010-12-20,-0.002709613845317871,-1.0,0.002709613845317871,0.002709613845317871,0.2259623572578653,1.7040855198445115
2010-12-21,-0.007956602941513125,-1.0,0.007956602941513125,0.007956602941513125,0.22776025001429448,1.6905267879847268
2010-12-22,0.01858383648441353,0.0,0.0,-0.001,0.22753248976428017,1.7219432613851557
2010-12-23,0.0019205868971068352,1.0,0.0019205868971068352,0.0009205868971068351,0.2277419531930233,1.7252504030505336
2010-12-27,-0.00038342651938727546,1.0,-0.00038342651938727546,-0.00038342651938727546,0.22765463088859203,1.7245888962934204
2010-12-28,0.002684446716125777,1.0,0.002684446716125777,0.002684446716125777,0.22826575761489173,1.7292184632927423
2010-12-29,-0.004207219655596894,1.0,-0.004207219655596894,-0.004207219655596894,0.22730539343275463,1.721943261385156
2010-12-30,-0.0019203591775315276,1.0,-0.0019203591775315276,-0.0019203591775315276,0.22686888543437364,1.7186365118399665
2010-12-31,0.00038467391584595667,1.0,0.00038467391584595667,0.00038467391584595667,0.2269561559769173,1.7192976264768918
2011-01-03,0.004616022509595474,1.0,0.004616022509595474,0.004616022509595474,0.228003790701598,1.7272339430214032
2011-01-04,0.009956165447766452,1.0,0.009956165447766452,0.009956165447766452,0.23027383416454103,1.7444305699251224
2011-01-05,-0.007772358483822517,0.0,-0.0,-0.001,0.23004356033037648,1.7308722301855255
2011-01-06,-0.004394743525178324,-1.0,0.004394743525178324,0.003394743525178324,0.23082449921731701,1.7232654906590066
2011-01-07,0.0021110473479875047,-1.0,-0.0021110473479875047,-0.0021110473479875047,0.23033721777039376,1.7269033857029408
2011-01-10,0.013405039105788719,-1.0,-0.013405039105788719,-0.013405039105788719,0.22724953835866307,1.7500525931202076
2011-01-11,-0.003023603917633455,-1.0,0.003023603917633455,0.003023603917633455,0.2279366509531247,1.7447611272435848
2011-01-12,0.0164898438204073,-1.0,-0.0164898438204073,-0.0164898438204073,0.224178011177961,1.7735319657357493
2011-01-13,0.002424203163016392,-1.0,-0.002424203163016392,-0.002424203163016392,0.22363455813418465,1.7778313675367967
2011-01-14,0.007254249878801744,-1.0,-0.007254249878801744,-0.007254249878801744,0.22201225716794384,1.7907282005192804
2011-01-18,0.002770220794326983,-1.0,-0.002770220794326983,-0.002770220794326983,0.22139723419654173,1.7956889130173466
2011-01-19,-0.004420086757427444,-1.0,0.004420086757427444,0.004420086757427444,0.22237582917954496,1.7877518122324594
2011-01-20,0.0035147663726051714,0.0,0.0,-0.001,0.2221534533503654,1.794035342184658
2011-01-21,0.003133621173898149,1.0,0.003133621173898149,0.002133621173898149,0.22262744466228837,1.7996571693196495
2011-01-24,-0.005145161132179443,1.0,-0.005145161132179443,-0.005145161132179443,0.22148199058705553,1.790397643200818
2011-01-25,0.007942283967313557,1.0,0.007942283967313557,0.007942283967313557,0.2232410634499438,1.8046174896975278
2011-01-26,-0.006596729176557736,0.0,-0.0,-0.001,0.22301782238649384,1.7927129168507137
2011-01-27,0.003689429137533118,1.0,0.003689429137533118,0.002689429137533118,0.22361761301620928,1.7993270041213747
2011-01-28,-0.0069844202502967745,1.0,-0.0069844202502967745,-0.0069844202502967745,0.22205577363153584,1.7867597481568835
2011-01-31,-0.010549385531760214,1.0,-0.010549385531760214,-0.010549385531760214,0.21971322166594348,1.7679105307209457
2011-02-01,0.02001455664610252,1.0,0.02001455664610252,0.02001455664610252,0.22411068438687418,1.8032944761833012
2011-02-02,0.006052190219644871,0.0,0.0,-0.001,0.2238865737024873,1.8142083573751975
2011-02-03,0.0023693097229451343,1.0,0.0023693097229451343,0.0013693097229451343,0.224193143764695,1.818506778875775
2011-02-04,-0.004546183758673106,1.0,-0.004546183758673106,-0.004546183758673106,0.2231739205357061,1.810239512892613
2011-02-07,0.008220762616178767,1.0,0.008220762616178767,0.008220762616178767,0.22500858035855206,1.8251210622065301
2011-02-08,0.004348163301961527,0.0,0.0,-0.001,0.2247835717781935,1.8330569866308537
2011-02-09,-0.0034271479704988117,1.0,-0.0034271479704988117,-0.004427147970498812,0.2237884216445942,1.826774829099313
2011-02-10,-0.0003623319452170648,1.0,-0.0003623319452170648,-0.0003623319452170648,0.22370733595046266,1.826112930222012
2011-02-11,-0.002897451558919517,1.0,-0.002897451558919517,-0.002897451558919517,0.22305915478117125,1.8208218564655771
2011-02-14,-0.006538344750653069,1.0,-0.006538344750653069,-0.006538344750653069,0.22160071712742266,1.808916695438481
2011-02-15,0.0012799227602544594,1.0,0.0012799227602544594,0.0012799227602544594,0.22188434892896275,1.811231969088377
2011-02-16,-0.007485700324967759,1.0,-0.007485700324967759,-0.007485700324967759,0.22022338918607995,1.79767362934878
2011-02-17,-0.002208094171301078,1.0,-0.002208094171301078,-0.002208094171301078,0.219737115204034,1.7937041966859133
2011-02-18,0.006452796213514356,1.0,0.006452796213514356,0.006452796213514356,0.22115503402899114,1.8052786043344529
2011-02-22,0.0010998305563707511,0.0,0.0,-0.001,0.22093387899496214,1.8072641049062623
2011-02-23,-0.0051240471130709064,1.0,-0.0051240471130709064,-0.0061240471130709065,0.2195808695111235,1.7980035984869607
2011-02-24,0.0007360417051043289,1.0,0.0007360417051043289,0.0007360417051043289,0.21974249018872674,1.7993270041213747
2011-02-25,0.005145996273900666,1.0,0.005145996273900666,0.005145996273900666,0.2208732842244556,1.808586334180112
2011-02-28,0.014262108287433684,1.0,0.014262108287433684,0.014262108287433684,0.2240234029218659,1.8343805883253614
2011-03-01,-0.024157202014147616,0.0,-0.0,-0.001,0.22379937951894405,1.7900670858823546
2011-03-02,0.004105826424755765,-1.0,-0.004105826424755765,-0.005105826424755765,0.22265669873315228,1.797416790625656
2011-03-03,0.011896135588457923,-1.0,-0.011896135588457923,-0.011896135588457923,0.22000794445534427,1.8187991044759098
2011-03-04,0.005694347682155154,-1.0,-0.005694347682155154,-0.005694347682155154,0.21875514272677926,1.829155978940788
2011-03-07,-0.0023746008389670115,-1.0,0.0023746008389670115,0.0023746008389670115,0.21927459887222664,1.8248124636185938
2011-03-08,0.012450074746862994,-1.0,-0.012450074746862994,-0.012450074746862994,0.21654461372617903,1.8475315151896525
2011-03-09,0.00849862234981158,-1.0,-0.00849862234981158,-0.00849862234981158,0.21470428283223442,1.8632329878166245
2011-03-10,-0.007531007135674006,-1.0,0.007531007135674006,0.007531007135674006,0.21632122231830375,1.8492009668899543
2011-03-11,0.0061429374031931605,-1.0,-0.0061429374031931605,-0.0061429374031931605,0.21499237459062018,1.8605604926754835
2011-03-14,-0.010953296326371653,-1.0,0.010953296326371653,0.010953296326371653,0.21734724977742154,1.840181222266069
2011-03-15,-0.023783689449234036,0.0,-0.0,-0.001,0.2171299025276441,1.7964149235453808
2011-03-16,-0.021759499214903943,-1.0,0.021759499214903943,0.020759499214903943,0.22163741056869893,1.7573258344268534
2011-03-17,0.004182657979293181,0.0,0.0,-0.001,0.22141577315813024,1.764676127350437
2011-03-18,-0.0011362462211230717,-1.0,0.0011362462211230717,0.0001362462211230717,0.2214459402205201,1.7626710207692289
2011-03-21,0.018953973783107703,-1.0,-0.018953973783107703,-0.018953973783107703,0.21724865967520474,1.7960806410851324
2011-03-22,0.0024178931516096736,-1.0,-0.0024178931516096736,-0.0024178931516096736,0.2167233756287797,1.800423372166951
2011-03-23,-0.0037109804205981423,-1.0,0.0037109804205981423,0.0037109804205981423,0.21752763183242402,1.7937420362840522
2011-03-24,0.006146832310628403,-1.0,-0.006146832310628403,-0.006146832310628403,0.216190525956622,1.8047678677896153
2011-03-25,0.0014805798954218297,-1.0,-0.0014805798954218297,-0.0014805798954218297,0.21587043861030994,1.807439970810568
2011-03-28,-0.006099813793673525,-1.0,0.006099813793673525,0.006099813793673525,0.2171872080893915,1.7964149235453808
2011-03-29,0.016924067071552917,0.0,0.0,-0.001,0.2169700208813021,1.8268175701998015
2011-03-30,0.005486259880585598,1.0,0.005486259880585598,0.004486259880585598,0.21794340478127172,1.8368399661443375
2011-03-31,0.0025461213650472825,1.0,0.0025461213650472825,0.0025461213650472825,0.21849831514055645,1.8415167836263104
2011-04-01,0.01469558953450023,1.0,0.01469558953450023,0.01469558953450023,0.22170927669384194,1.8685789583993757
2011-04-04,0.0046488988572019885,0.0,0.0,-0.001,0.2214875674171481,1.8772657929836702
2011-04-05,0.0021351545297725316,1.0,0.0021351545297725316,0.0011351545297725316,0.22173899003258998,1.8812740455451464
2011-04-06,0.004617423253550301,1.0,0.004617423253550301,0.004617423253550301,0.22276285280138522,1.8899606840693473
2011-04-07,-0.009192712512556156,0.0,-0.0,-0.001,0.22254008994858385,1.8725868188406638
2011-04-08,-0.0008915216552337624,-1.0,0.0008915216552337624,-0.00010847834476623765,0.2225159491679821,1.870917367140362
2011-04-11,-0.01482147735657402,-1.0,0.01482147735657402,0.01482147735657402,0.2258139642700519,1.8431876077472702
2011-04-12,-0.0009064861948598901,0.0,-0.0,-0.001,0.22558815030578186,1.8415167836263104
2011-04-13,-0.002720967773188643,-1.0,0.002720967773188643,0.0017209677731886428,0.22597638024247135,1.8365060758042773
2011-04-14,0.003456261662547755,-1.0,-0.003456261662547755,-0.003456261662547755,0.22519534674279798,1.8428535213471156
2011-04-15,-0.0007253629793800842,-1.0,0.0007253629793800842,0.0007253629793800842,0.22535869511045384,1.8415167836263102
2011-04-18,-0.0034468572859482904,-1.0,0.0034468572859482904,0.0034468572859482904,0.2261354743706471,1.8351693380834717
2011-04-19,-0.000728186534553199,-1.0,0.000728186534553199,0.000728186534553199,0.2263001431780686,1.8338329924828545
2011-04-20,0.014392591888552353,-1.0,-0.014392591888552353,-0.014392591888552353,0.22304309757298568,1.8602266023354228
2011-04-21,-0.0030530004975736214,-1.0,0.0030530004975736214,0.0030530004975736214,0.22372404826085635,1.8545473295928931
2011-04-25,-0.0009009336641337962,-1.0,0.0009009336641337962,0.0009009336641337962,0.22392560878741083,1.8528765054719334
2011-04-26,0.010458117058534278,-1.0,-0.010458117058534278,-0.010458117058534278,0.22158376855830852,1.8722541048611667
2011-04-27,0.0028549470547278855,-1.0,-0.0028549470547278855,-0.0028549470547278855,0.2209511586308875,1.8775992912035424
2011-04-28,0.011210180760457877,-1.0,-0.011210180760457877,-0.011210180760457877,0.21847425620340263,1.8986475186536418
2011-04-29,-0.004575275030751724,-1.0,0.004575275030751724,0.004575275030751724,0.21947383601267212,1.889960684069347
2011-05-02,0.0005300994294326067,-1.0,-0.0005300994294326067,-0.0005300994294326067,0.2193574930574264,1.8909625511496222
2011-05-03,0.013604724861897344,-1.0,-0.013604724861897344,-0.013604724861897344,0.21637319471798458,1.9166885763821644
2011-05-04,0.0010453122771973966,-1.0,-0.0010453122771973966,-0.0010453122771973966,0.21614701716108944,1.9186921144826206
2011-05-05,-0.006616429488532138,-1.0,0.006616429488532138,0.006616429488532138,0.21757713865929232,1.9059972233969438
2011-05-06,0.005959577204946331,-1.0,-0.005959577204946331,-0.005959577204946331,0.21628047090342095,1.9173561610021912
2011-05-09,0.004530427179249896,-1.0,-0.004530427179249896,-0.004530427179249896,0.21530062797969912,1.9260426034662979
2011-05-10,0.012142325485945404,-1.0,-0.012142325485945404,-0.012142325485945404,0.21268637767744117,1.9494292396573834
2011-05-11,-0.002227995340248312,-1.0,0.002227995340248312,0.002227995340248312,0.21316024193584082,1.9450859203952828
2011-05-12,0.011336711936236199,-1.0,-0.011336711936236199,-0.011336711936236199,0.21074370567675577,1.967136799166033
2011-05-13,-0.004076510544449019,-1.0,0.004076510544449019,0.004076510544449019,0.2116028046151233,1.959117745261859
2011-05-16,-0.009720153295968426,-1.0,0.009720153295968426,0.009720153295968426,0.21365961631383917,1.9400748204530616
2011-05-17,0.009126851749015952,0.0,0.0,-0.001,0.21344595669752534,1.9577815957213354
2011-05-18,-0.0017066541686945325,1.0,-0.0017066541686945325,-0.0027066541686945325,0.21286823230903898,1.9544403395996042
2011-05-19,-0.0018803083047551628,1.0,-0.0018803083047551628,-0.0018803083047551628,0.21246797440400975,1.9507653891979064
2011-05-20,-0.01044690795846448,1.0,-0.01044690795846448,-0.01044690795846448,0.21024834103128967,1.9303859227283977
2011-05-23,-0.0032879712537893235,1.0,-0.0032879712537893235,-0.0032879712537893235,0.2095570505298219,1.924038869305747
2011-05-24,-0.0036468071178565875,1.0,-0.0036468071178565875,-0.0036468071178565875,0.2087928363863527,1.91702227066213
2011-05-25,-0.006448328282398497,1.0,-0.006448328282398497,-0.006448328282398497,0.2074464716343204,1.9046606817362317
2011-05-26,0.001578848007108391,1.0,0.001578848007108391,0.001578848007108391,0.2077739980826419,1.9076678514578087
2011-05-27,0.004378410066334881,1.0,0.004378410066334881,0.004378410066334881,0.20868371784736958,1.916020403581855
2011-05-31,0.010461782093600602,1.0,0.010461782093600602,0.010461782093600602,0.21086692142997118,1.936065391531021
2011-06-01,-0.011149731079650116,0.0,-0.0,-0.001,0.21065605450854122,1.9144787830628327
2011-06-02,-0.009689746440130875,-1.0,0.009689746440130875,0.008689746440130874,0.21248660220829885,1.8959279690899435
2011-06-03,-0.009429028771774428,0.0,-0.0,-0.001,0.21227411560609055,1.8780512097201827
2011-06-06,-0.004849170948361126,-1.0,0.004849170948361126,0.0038491709483611256,0.2130911949649706,1.868944218354473
2011-06-07,0.0,-1.0,-0.0,-0.0,0.2130911949649706,1.868944218354473
2011-06-08,0.001624126790570335,-1.0,-0.001624126790570335,-0.001624126790570335,0.21274510784639333,1.8719796207295842
2011-06-09,0.0023426922674503192,-1.0,-0.0023426922674503192,-0.0023426922674503192,0.2122467115273037,1.876365092911892
2011-06-10,-0.002516938500831234,-1.0,0.002516938500831234,0.002516938500831234,0.2127809234472216,1.8716423973679264
2011-06-13,0.007388541010105554,-1.0,-0.007388541010105554,-0.007388541010105554,0.21120878286816366,1.8854711039771315
2011-06-14,-0.0001788536355432635,-1.0,0.0001788536355432635,0.0001788536355432635,0.21124655832683828,1.8851338806154734
2011-06-15,-0.007514860507689902,-1.0,0.007514860507689902,0.007514860507689902,0.21283404674539408,1.870967362464328
2011-06-16,0.012259575936939493,0.0,0.0,-0.001,0.2126212126986487,1.8939046289199948
2011-06-17,0.008548298585780767,1.0,0.008548298585780767,0.007548298585780767,0.2142261410977689,1.9100942911809953
2011-06-20,0.007416351138406219,0.0,0.0,-0.001,0.21401191495667116,1.9242602211518587
2011-06-21,-0.001402801629605599,1.0,-0.001402801629605599,-0.002402801629605599,0.21349768677865824,1.9215608657778416
2011-06-22,-0.004387974667981243,1.0,-0.004387974667981243,-0.004387974667981243,0.2125608643374009,1.9131291053758244
2011-06-23,-0.005994442845165704,1.0,-0.005994442845165704,-0.005994442845165704,0.21128668038501133,1.901660962298226
2011-06-24,0.004079952343335913,1.0,0.004079952343335913,0.004079952343335913,0.21214871997176382,1.909419648397585
2011-06-27,0.006535406123308274,1.0,0.006535406123308274,0.006535406123308274,0.2135351980153193,1.9218984812596875
2011-06-28,0.0019307124569718503,1.0,0.0019307124569718503,0.0019307124569718503,0.21394747308212944,1.9256091145984908
2011-06-29,0.0024525722838357744,1.0,0.0024525722838357744,0.0024525722838357744,0.21447219472480739,1.9303318101424567
2011-06-30,0.004018744185862344,1.0,0.004018744185862344,0.004018744185862344,0.21533410361038685,1.9380893198812519
2011-07-01,0.012530272589877045,0.0,0.0,-0.001,0.21511876950677647,1.9623741073628933
2011-07-05,-0.008421983158431567,1.0,-0.008421983158431567,-0.009421983158431568,0.2130919240834211,1.9458470256801408
2011-07-06,0.001213330555093206,1.0,0.001213330555093206,0.001213330555093206,0.2133504750259551,1.9482079813319357
2011-07-07,0.005020333528231946,1.0,0.005020333528231946,0.005020333528231946,0.21442156556899214,1.9579886351805855
2011-07-08,-0.006028832816845187,0.0,-0.0,-0.001,0.21420714400342314,1.9461842490417989
2011-07-11,-0.00935871651427278,-1.0,0.00935871651427278,0.00835871651427278,0.21599764079547973,1.9279704623704739
2011-07-12,0.002274453964781209,0.0,0.0,-0.001,0.21578164315468426,1.9323555424325936
2011-07-13,-0.001571134549892994,1.0,-0.001571134549892994,-0.002571134549892994,0.21522683951673657,1.9293195518772004
2011-07-14,-0.0036712751957481693,1.0,-0.0036712751957481693,-0.0036712751957481693,0.2144366825593595,1.9222364888617216
2011-07-15,-0.00333373349694821,1.0,-0.00333373349694821,-0.00333373349694821,0.21372180780773692,1.915828264689747
2011-07-18,-0.007746398300878532,1.0,-0.007746398300878532,-0.007746398300878532,0.21206623355887438,1.9009874958753794
2011-07-19,0.007274382698000625,1.0,0.007274382698000625,0.007274382698000625,0.21360888449910523,1.9148160064244908
2011-07-20,0.002994427365042185,0.0,0.0,-0.001,0.2133952756146061,1.9205497838731491
2011-07-21,0.016684123270162887,1.0,0.016684123270162887,0.015684123270162886,0.21674219342261594,1.9525924732137734
2011-07-22,-0.007427639679800091,0.0,-0.0,-0.001,0.21652545122919334,1.9380893198812517
2011-07-25,0.0013918815843514398,-1.0,-0.0013918815843514398,-0.00239188158435144,0.21600754798985486,1.9407869107144227
2011-07-26,-0.00312770893931158,-1.0,0.00312770893931158,0.00312770893931158,0.2166831567286615,1.9347166941444822
2011-07-27,-0.012377814381021146,-1.0,0.012377814381021146,0.012377814381021146,0.2193652206221426,1.9107691300244989
2011-07-28,-0.0072378618392228145,0.0,-0.0,-0.001,0.21914585540152046,1.8969392470547295
2011-07-29,-0.017603080836294915,-1.0,0.017603080836294915,0.016603080836294914,0.2227843517536909,1.8635472721472848
2011-08-01,0.002896060801811151,0.0,0.0,-0.001,0.22256156740193722,1.8689442183544727
2011-08-02,-0.021115536552976044,-1.0,0.021115536552976044,0.020115536552976043,0.2270385127462985,1.8294804583963356
2011-08-03,-0.0038714110679811675,0.0,-0.0,-0.001,0.2268114742335522,1.8223977875010446
2011-08-04,-0.02850287323490297,-1.0,0.02850287323490297,0.02750287323490297,0.23304944145761905,1.7704542143803348
2011-08-05,0.006096236822355605,0.0,0.0,-0.001,0.23281639201616144,1.7812473225543348
2011-08-08,-0.04999069366688347,-1.0,0.04999069366688347,0.04899069366688347,0.24422222855805423,1.6922015333075646
2011-08-09,0.035280705037113114,0.0,0.0,-0.001,0.24397800632949618,1.7519035964675393
2011-08-10,-0.03369308013032002,1.0,-0.03369308013032002,-0.03469308013032002,0.23551365780587125,1.6928765682111626
2011-08-11,0.04502866299502983,1.0,0.04502866299502983,0.04502866299502983,0.2461185229339386,1.7691045366933258
2011-08-12,0.004575721215252404,0.0,0.0,-0.001,0.24587240441100466,1.7771994658538728
2011-08-15,0.03890743791897355,1.0,0.03890743791897355,0.03790743791897355,0.2551927973172036,1.8463457437412154
2011-08-16,-0.000913536911648416,0.0,-0.0,-0.001,0.2549376045198864,1.844659038752643
2011-08-17,0.00658267224777731,1.0,0.00658267224777731,0.00558267224777731,0.2563608376095544,1.8568018246136515
2011-08-18,-0.008356092423110528,1.0,-0.008356092423110528,-0.008356092423110528,0.2542186627568229,1.8412862169557795
2011-08-19,-0.005495963450964592,1.0,-0.005495963450964592,-0.005495963450964592,0.25282148627775836,1.8311665752046258
2011-08-22,-0.002946736785054749,1.0,-0.002946736785054749,-0.002946736785054749,0.2520764879040915,1.8257706092979076
2011-08-23,0.018288927731180404,1.0,0.018288927731180404,0.018288927731180404,0.2566866965740992,1.8591619960250703
2011-08-24,0.02693825003719974,0.0,0.0,-0.001,0.2564300098775251,1.909244566733653
2011-08-25,-0.014810858592134046,1.0,-0.014810858592134046,-0.015810858592134047,0.252375631252572,1.8809670154379607
2011-08-26,0.0036225369453635192,1.0,0.0036225369453635192,0.0036225369453635192,0.25328987130089387,1.887780887944395
2011-08-29,0.015881776165817874,1.0,0.015881776165817874,0.015881776165817874,0.2573125643419635,1.9177622014568367
2011-08-30,0.0026644169780878357,0.0,0.0,-0.001,0.2570552517776215,1.9228719196263335
2011-08-31,0.00496106882402203,1.0,0.00496106882402203,0.00396106882402203,0.258073465321489,1.9324114195593791
2011-09-01,0.0,1.0,0.0,0.0,0.258073465321489,1.9324114195593791
2011-09-02,-0.019217002055554766,1.0,-0.019217002055554766,-0.019217002055554766,0.25311406700792183,1.895276265337529
2011-09-06,-0.01042587665655681,1.0,-0.01042587665655681,-0.01042587665655681,0.25047513096525775,1.8755163487650204
2011-09-07,-0.0009084230152786033,1.0,-0.0009084230152786033,-0.0009084230152786033,0.250247593591534,1.8738125865482709
2011-09-08,-0.006181951501558314,1.0,-0.006181951501558314,-0.006181951501558314,0.24870057510456944,1.8622287680152199
2011-09-09,-0.019392614748709125,1.0,-0.019392614748709125,-0.019392614748709125,0.24387762066378413,1.8261152829431375
2011-09-12,0.009701355767662623,1.0,0.009701355767662623,0.009701355767662623,0.24624356422561458,1.843831076975735
2011-09-13,-0.009793163170756514,1.0,-0.009793163170756514,-0.009793163170756514,0.2438320608214045,1.8257741383795998
2011-09-14,0.004851852691042824,1.0,0.004851852691042824,0.004851852691042824,0.24501509806186333,1.8346325255461333
2011-09-15,0.00909922424801235,1.0,0.00909922424801235,0.00909922424801235,0.24724454538327698,1.8513262583087748
2011-09-16,0.017298645178624117,1.0,0.017298645178624117,0.017298645178624117,0.2515215410462125,1.8833516943611281
2011-09-19,-0.00958745333121247,0.0,-0.0,-0.001,0.25127001950516625,1.865295147885181
2011-09-20,0.016803633002046015,-1.0,-0.016803633002046015,-0.017803633002046015,0.24679650029347933,1.8966388829907406
2011-09-21,-0.015448073309217936,-1.0,0.015448073309217936,0.015448073309217936,0.2506090307224714,1.8673394664851863
2011-09-22,-0.02663780161989482,0.0,-0.0,-0.001,0.25035842169174893,1.8175976482199536
2011-09-23,0.008622513177388935,-1.0,-0.008622513177388935,-0.009622513177388936,0.2479493444799498,1.8332699078929213
2011-09-26,0.010592958639549677,-1.0,-0.010592958639549677,-0.010592958639549677,0.24532282732917024,1.8526896602023621
2011-09-27,0.0033098752000215725,-1.0,-0.0033098752000215725,-0.0033098752000215725,0.24451083938699425,1.8588218317620024
2011-09-28,-0.013196562596839656,-1.0,0.013196562596839656,0.013196562596839656,0.2477375419845705,1.834291773102783
2011-09-29,0.012630076242846178,0.0,0.0,-0.001,0.24748980444258592,1.8574590180486967
2011-09-30,-0.009170748307433696,1.0,-0.009170748307433696,-0.010170748307433697,0.2449726479329444,1.8404247289027993
2011-10-03,-0.021288597347578264,1.0,-0.021288597347578264,-0.021288597347578264,0.2397575238699299,1.8012446679006617
2011-10-04,0.0026480300269711154,1.0,0.0026480300269711154,0.0026480300269711154,0.24039240899232972,1.8060144178671842
2011-10-05,0.00018889359916673953,1.0,0.00018889359916673953,0.00018889359916673953,0.24043781757967664,1.8063555624307222
2011-10-06,0.013956492126849573,1.0,0.013956492126849573,0.013956492126849573,0.24379348608772428,1.8315659496160774
2011-10-07,0.008184558535452302,0.0,0.0,-0.001,0.24354969260163656,1.8465565083422515
2011-10-10,0.016605511025906017,1.0,0.016605511025906017,0.015605511025906016,0.2473504100148874,1.8772195228014872
2011-10-11,-0.005989421095040415,0.0,-0.0,-0.001,0.2471030596048725,1.8659760645915981
2011-10-12,-0.0016429962569483036,-1.0,0.0016429962569483036,0.0006429962569483036,0.2472619459472789,1.8629102729019191
2011-10-13,-0.001645910624074709,-1.0,0.001645910624074709,0.001645910624074709,0.2476689170110429,1.859844089092052
2011-10-14,0.004945977753536335,-1.0,-0.004945977753536335,-0.004945977753536335,0.24644395205726385,1.8690428365817473
2011-10-17,-0.00309881139325352,-1.0,0.00309881139325352,0.00309881139325352,0.24720763538369733,1.863251025345269
2011-10-18,0.002559907334890088,-1.0,-0.002559907334890088,-0.002559907334890088,0.24657480674463778,1.868020775311792
2011-10-19,-0.0014590990970945183,-1.0,0.0014590990970945183,0.0014590990970945183,0.24693458382252517,1.8652951478851807
2011-10-20,0.006027499777956358,-1.0,-0.006027499777956358,-0.006027499777956358,0.24544618567336515,1.8765382139748816
2011-10-21,0.014342551226382394,-1.0,-0.014342551226382394,-0.014342551226382394,0.24192586118202475,1.9034525594370806
2011-10-24,-0.0005368482680566666,-1.0,0.0005368482680566666,0.0005368482680566666,0.2420557386615984,1.9024306942272187
2011-10-25,-0.011461559897535945,-1.0,0.011461559897535945,0.011461559897535945,0.24483007500881065,1.8806258708744226
2011-10-26,0.015036453477443645,0.0,0.0,-0.001,0.24458524493380185,1.9089038142903028
2011-10-27,0.031590066883586454,1.0,0.031590066883586454,0.030590066883586453,0.2520671239350652,1.9692062134580668
2011-10-28,-0.01314858952571274,0.0,-0.0,-0.001,0.25181505681113014,1.9433139292658237
2011-10-31,-0.011220029241831075,-1.0,0.011220029241831075,0.010220029241831075,0.25438861405527324,1.9215098901534036
2011-11-01,-0.018617399292309877,0.0,-0.0,-0.001,0.25413422544121794,1.885736373284295
2011-11-02,0.015356687431217209,-1.0,-0.015356687431217209,-0.01635668743121721,0.24997743135010145,1.9146950373464993
2011-11-03,0.025088937398024758,-1.0,-0.025088937398024758,-0.025088937398024758,0.24370576322403972,1.9627327012747942
2011-11-04,-0.0203088182219473,-1.0,0.0203088182219473,0.0203088182219473,0.24865513926899768,1.9228719196263329
2011-11-07,-0.007264189150333333,0.0,-0.0,-0.001,0.24840648412972868,1.9089038142903025
2011-11-08,0.0074958505883127025,-1.0,-0.0074958505883127025,-0.008495850588312703,0.24629605975539443,1.923212672069683
2011-11-09,-0.02781186673628766,-1.0,0.02781186673628766,0.02781186673628766,0.2531460129469842,1.8697245375285412
2011-11-10,0.007470570661922027,0.0,0.0,-0.001,0.25289286693403723,1.8836924468044776
2011-11-11,0.009585927164897479,1.0,0.009585927164897479,0.008585927164897478,0.255064186670055,1.901749385400613
2011-11-14,-0.00985326648541951,0.0,-0.0,-0.001,0.25480912248338494,1.8830109419177778
2011-11-15,0.006875599083489448,-1.0,-0.006875599083489448,-0.007875599083489448,0.25280234799189005,1.8959577702242283
2011-11-16,-0.0008987321888724864,-1.0,0.0008987321888724864,0.0008987321888724864,0.2530295495994529,1.8942538119473848
2011-11-17,-0.00395700587004344,-1.0,0.00395700587004344,0.00395700587004344,0.25403078901251236,1.8867582384941568
2011-11-18,0.0027088232216436747,-1.0,-0.0027088232216436747,-0.0027088232216436747,0.2533426645122228,1.8918691330242172
2011-11-21,-0.014946678225201793,-1.0,0.014946678225201793,0.014946678225201793,0.2571292957994023,1.8635919738487128
2011-11-22,-0.012742803734542174,0.0,-0.0,-0.001,0.2568721665036029,1.8398445870846907
2011-11-23,-0.020202182738114582,-1.0,0.020202182738114582,0.01920218273811458,0.26180467278514047,1.8026757105266749
2011-11-25,0.0036278186125497935,0.0,0.0,-0.001,0.26154286811235533,1.8092154910217149
2011-11-28,0.018641587834755224,-1.0,-0.018641587834755224,-0.019641587834755225,0.2564057508957727,1.842942140509596
2011-11-29,0.01587317460513349,-1.0,-0.01587317460513349,-0.01587317460513349,0.25233577764204373,1.8721954828930634
2011-11-30,0.019117737920576694,-1.0,-0.019117737920576694,-0.019117737920576694,0.24751168837709822,1.9079876254711006
2011-12-01,0.0025250607630959987,-1.0,-0.0025250607630959987,-0.0025250607630959987,0.24688670632436957,1.9128054101606504
2011-12-02,0.0032387543536329666,-1.0,-0.0032387543536329666,-0.0032387543536329666,0.24608710092940742,1.919000517010461
2011-12-05,0.01345049529936082,-1.0,-0.01345049529936082,-0.01345049529936082,0.24277710753512308,1.944812024443981
2011-12-06,0.004777574283462149,-1.0,-0.004777574283462149,-0.004777574283462149,0.24161722186954995,1.9541035083581326
2011-12-07,0.005283710215654658,-1.0,-0.005283710215654658,-0.005283710215654658,0.24034058648607973,1.964428425027691
2011-12-08,-0.008058667868587,-1.0,0.008058667868587,0.008058667868587,0.24227741144791246,1.9485977487987816
2011-12-09,0.015188990034791017,-1.0,-0.015188990034791017,-0.015188990034791017,0.23859746225977516,1.9781949805871024
2011-12-12,-0.008524899259029328,-1.0,0.008524899259029328,0.008524899259029328,0.24063148158899983,1.96133106766288
2011-12-13,0.006843351535888109,-1.0,-0.006843351535888109,-0.006843351535888109,0.2389847557698847,1.9747531456371556
2011-12-14,-0.0036601797246932355,-1.0,0.0036601797246932355,0.0036601797246932355,0.23985948292746442,1.9675251942122203
2011-12-15,0.012944284669831552,-1.0,-0.012944284669831552,-0.012944284669831552,0.23675467349969273,1.992993400421169
2011-12-16,-0.0006909837733911628,-1.0,0.0006909837733911628,0.0006909837733911628,0.23691826713735556,1.9916162743210022
2011-12-19,-0.005529428314661855,-1.0,0.005529428314661855,0.005529428314661855,0.23822828971192547,1.9806037749018304
2011-12-20,0.02067734149117051,-1.0,-0.02067734149117051,-0.02067734149117051,0.2333023620126945,2.021557395514177
2011-12-21,0.01600305385355516,-1.0,-0.01600305385355516,-0.01600305385355516,0.22956881174924373,2.053908487382643
2011-12-22,0.0006700132007586568,-1.0,-0.0006700132007586568,-0.0006700132007586568,0.22941499761488926,2.05528463318234
2011-12-23,0.008874807162728926,-1.0,-0.008874807162728926,-0.008874807162728926,0.2273789837508192,2.0735248879663533
2011-12-27,0.008630606414581798,-1.0,-0.008630606414581798,-0.008630606414581798,0.22541656523511827,2.0914206651652307
2011-12-28,-0.001645129861577166,-1.0,0.001645129861577166,0.001645129861577166,0.22578740475788073,2.087980006575848
2011-12-29,0.006757658952454504,-1.0,-0.006757658952454504,-0.006757658952454504,0.22426161048076718,2.102089863359831
2011-12-30,-0.0032743060986539785,-1.0,0.0032743060986539785,0.0032743060986539785,0.22499591163965832,2.0952069777003133
2012-01-03,-0.031701703682805116,-1.0,0.031701703682805116,0.031701703682805116,0.23212866536030136,2.028785346939112
2012-01-04,-0.002544508852291183,0.0,-0.0,-0.001,0.23189653669494106,2.0236230846644268
2012-01-05,0.012755387013230646,-1.0,-0.012755387013230646,-0.013755387013230647,0.2287067100856743,2.049435180278229
2012-01-06,-0.010579926695409081,-1.0,0.010579926695409081,0.010579926695409081,0.23112641031312894,2.027752306303893
2012-01-09,0.0011884936181798533,-1.0,-0.0011884936181798533,-0.0011884936181798533,0.23085171804947896,2.0301622769791847
2012-01-10,0.004406943410570241,-1.0,-0.004406943410570241,-0.004406943410570241,0.22983436759180198,2.0391090872481064
2012-01-11,-0.0006751644571584281,-1.0,0.0006751644571584281,0.0006751644571584281,0.2299895435878334,2.0377323532681277
2012-01-12,0.0030403889696613007,-1.0,-0.0030403889696613007,-0.0030403889696613007,0.22929028591637152,2.043927852238126
2012-01-13,-0.004546088074569132,-1.0,0.004546088074569132,0.004546088074569132,0.23033265975079048,2.0346359762037864
2012-01-17,0.000507823860089518,-1.0,-0.000507823860089518,-0.000507823860089518,0.23021569133041114,2.035669212899099
2012-01-18,0.005916564222426146,-1.0,-0.005916564222426146,-0.005916564222426146,0.22885360540764454,2.0477133805328323
2012-01-19,-0.011932520227511345,-1.0,0.011932520227511345,0.011932520227511345,0.23158440568331015,2.0232789991994786
2012-01-20,0.008844647241273096,0.0,0.0,-0.001,0.23135282127762685,2.0411741882180743
2012-01-23,0.0008431497492737972,1.0,0.0008431497492737972,-0.00015685025072620287,0.23131653352960324,2.0428952037230945
2012-01-24,-0.002863507150850264,1.0,-0.002863507150850264,-0.002863507150850264,0.23065415698173133,2.0370453586987955
2012-01-25,0.01452881706402831,1.0,0.01452881706402831,0.01452881706402831,0.23400528903357656,2.0666412180664584
2012-01-26,-0.006327474732602312,0.0,-0.0,-0.001,0.23377128374454298,2.0535645979777883
2012-01-27,0.0041898351934508415,1.0,0.0041898351934508415,0.0031898351934508415,0.23451697561264953,2.0621686952024203
2012-01-30,0.00016647582002882189,1.0,0.00016647582002882189,0.00016647582002882189,0.23455601701847534,2.062511996426992
2012-01-31,-0.001335007003463451,1.0,-0.001335007003463451,-0.001335007003463451,0.2342428830930512,2.0597585284670346
2012-02-01,0.00167127509494569,1.0,0.00167127509494569,0.00167127509494569,0.2346343673897329,2.0632009515972634
2012-02-02,0.0026685522586098465,1.0,0.0026685522586098465,0.0026685522586098465,0.23526050146077826,2.068706711156614
2012-02-03,0.0016636669042024987,1.0,0.0016636669042024987,0.0016636669042024987,0.23565189657092464,2.0721483500464672
2012-02-06,-0.0039861121426972845,1.0,-0.0039861121426972845,-0.0039861121426972845,0.23471256168455362,2.063888534346877
2012-02-07,0.0035019135890661524,1.0,0.0035019135890661524,0.0035019135890661524,0.23553450479384128,2.071116093651624
2012-02-08,0.0028249625130636336,1.0,0.0028249625130636336,0.0028249625130636336,0.23619988094041688,2.076966918976393
2012-02-09,-0.0009944756805149169,1.0,-0.0009944756805149169,-0.0009944756805149169,0.23596498590308113,2.074901425886237
2012-02-10,0.001161203354024698,1.0,0.001161203354024698,0.001161203354024698,0.23623898923614417,2.0773108083812466
2012-02-13,-0.005301607999640634,1.0,-0.005301607999640634,-0.005301607999640634,0.23498654272098282,2.0662977207817925
2012-02-14,0.005662720474150396,1.0,0.005662720474150396,0.005662720474150396,0.23631720582759874,2.077998587190954
2012-02-15,-0.006790212914991045,1.0,-0.006790212914991045,-0.006790212914991045,0.2347125616845536,2.063888534346877
2012-02-16,0.007670600493064672,1.0,0.007670600493064672,0.007670600493064672,0.2365129479759396,2.0797197987560687
2012-02-17,-0.003474973469401066,1.0,-0.003474973469401066,-0.003474973469401066,0.23569107175655338,2.0724928276316033
2012-02-21,0.0031550411694512004,1.0,0.0031550411694512004,0.0031550411694512004,0.23643468679121737,2.0790316278261733
2012-02-22,-0.003807317824609191,1.0,-0.003807317824609191,-0.003807317824609191,0.23553450479384128,2.0711160936516246
2012-02-23,0.0004984058585644213,1.0,0.0004984058585644213,0.0004984058585644213,0.23565189657092458,2.0721483500464677
2012-02-24,0.009300644482491016,1.0,0.009300644482491016,0.009300644482491016,0.2378436110825555,2.0914206651652303
2012-02-27,0.0008229867829954163,0.0,0.0,-0.001,0.23760576747147294,2.093141876730345
2012-02-28,-0.0055900034675837595,1.0,-0.0055900034675837595,-0.0065900034675837596,0.23603994463991804,2.0814412063812777
2012-02-29,-0.0061789638861518,1.0,-0.0061789638861518,-0.0061789638861518,0.2345814623462987,2.0685800563358994
2012-03-01,0.005040686700322983,1.0,0.005040686700322983,0.005040686700322983,0.23576391400369,2.079007120314425
2012-03-02,-0.00016701358213677686,1.0,-0.00016701358213677686,-0.00016701358213677686,0.23572453822787368,2.0786598978879733
2012-03-05,0.0006687318439069223,1.0,0.0006687318439069223,0.0006687318439069223,0.2358821747329769,2.0800499639543433
2012-03-06,-0.005180103734034991,1.0,-0.005180103734034991,-0.005180103734034991,0.2346602805988503,2.069275089369084
2012-03-07,0.0036949903783201066,1.0,0.0036949903783201066,0.0036949903783201066,0.23552734807783696,2.0769210409144003
2012-03-08,0.00016765332916457432,0.0,0.0,-0.001,0.23529182072975913,2.0772692436413216
2012-03-09,0.004183646271509023,1.0,0.004183646271509023,0.0031836462715090228,0.23604090665754202,2.085959803367402
2012-03-12,0.01266444786778198,0.0,0.0,-0.001,0.23580486575088447,2.112377332551437
2012-03-13,0.002303851484277253,1.0,0.002303851484277253,0.0013038514842772528,0.23611232027509357,2.1172439362043893
2012-03-14,-0.013954962675088667,1.0,-0.013954962675088667,-0.013954962675088667,0.23281738165852606,2.087697876100599
2012-03-15,0.0031634291252415903,1.0,0.0031634291252415903,0.0031634291252415903,0.2335538829445271,2.094302160366561
2012-03-16,-0.0014939233884481151,1.0,-0.0014939233884481151,-0.0014939233884481151,0.23320497133633342,2.091173433386712
2012-03-19,-0.0021607949460256126,1.0,-0.0021607949460256126,-0.0021607949460256126,0.2327010632128818,2.086654836400587
2012-03-20,0.0028320195509978774,1.0,0.0028320195509978774,0.0028320195509978774,0.23336007717343868,2.0925642836934575
2012-03-21,0.001827214572443836,1.0,0.001827214572443836,0.001827214572443836,0.2337864761070766,2.0963878476463975
2012-03-22,-0.0003316319039243787,1.0,-0.0003316319039243787,-0.0003316319039243787,0.23370894505289344,2.0956926185531186
2012-03-23,0.0018242998991864212,1.0,0.0018242998991864212,0.0018242998991864212,0.2341353002577924,2.0995157903858708
2012-03-26,0.008775152373826867,1.0,0.008775152373826867,0.008775152373826867,0.23618987319364623,2.117939361357762
2012-03-27,0.0004922008338623662,0.0,0.0,-0.001,0.23595368332045258,2.118981812877492
2012-03-28,-0.008366258573192065,1.0,-0.008366258573192065,-0.009366258573192066,0.23374368011117613,2.101253863119068
2012-03-29,0.0024815727177036617,1.0,0.0024815727177036617,0.0024815727177036617,0.2343237320506757,2.1064682773787538
2012-03-30,0.007920705086088553,1.0,0.007920705086088553,0.007920705086088553,0.23617974122692073,2.1231529913770717
2012-04-02,0.012279144707686873,0.0,0.0,-0.001,0.23594356148569381,2.1492234941947492
2012-04-03,0.002102432342811378,1.0,0.002102432342811378,0.0011024323428113778,0.23620367329895378,2.1537420911808742
2012-04-04,0.0077468486438736495,1.0,0.0077468486438736495,0.0077468486438736495,0.23803350740512774,2.170426805179192
2012-04-05,0.007046658185046573,0.0,0.0,-0.001,0.23779547389772263,2.1857210609909528
2012-04-09,-0.003975612250206706,1.0,-0.003975612250206706,-0.004975612250206706,0.2366122958247534,2.177031481565342
2012-04-10,-0.006067328242088665,1.0,-0.006067328242088665,-0.006067328242088665,0.23517669135987043,2.163822716973325
2012-04-11,0.0024099064488396493,1.0,0.0024099064488396493,0.0024099064488396493,0.23574344518499535,2.1690373272931045
2012-04-12,0.0019228744138748421,1.0,0.0019228744138748421,0.0019228744138748421,0.2361967502239803,2.1732081136724957
2012-04-13,-0.007038000620331442,1.0,-0.007038000620331442,-0.007038000620331442,0.23453439734938364,2.1579130736203593
2012-04-16,0.010309287717148896,1.0,0.010309287717148896,0.010309287717148896,0.23695227993122656,2.1801596203649085
2012-04-17,0.00478297646713699,0.0,0.0,-0.001,0.23671532765129533,2.1905872725237163
2012-04-18,-0.0034907241001553846,1.0,-0.0034907241001553846,-0.004490724100155385,0.23565230442453547,2.182940536738024
2012-04-19,-0.0012739313445849776,1.0,-0.0012739313445849776,-0.0012739313445849776,0.23535209956750539,2.1801596203649085
2012-04-20,0.011798266416087833,1.0,0.011798266416087833,0.011798266416087833,0.23812884633978845,2.2058817243955704
2012-04-23,-0.001890401508339301,0.0,-0.0,-0.001,0.23789071749344867,2.201711722256555
2012-04-24,0.008840600617287198,1.0,0.008840600617287198,0.007840600617287197,0.23975592359987472,2.221176176267425
2012-04-25,0.007981422639022684,0.0,0.0,-0.001,0.23951616767627484,2.2389043220859435
2012-04-26,0.00031060958992878973,1.0,0.00031060958992878973,-0.0006893904100712103,0.2393510475272218,2.2395997472393163
2012-04-27,0.001707253252574814,1.0,0.001707253252574814,0.001707253252574814,0.23975968038161985,2.2434233111922564
2012-04-30,-0.0029441917953627605,1.0,-0.0029441917953627605,-0.0029441917953627605,0.23905378189778148,2.2368182426859184
2012-05-01,-0.00870228699850295,1.0,-0.00870228699850295,-0.00870228699850295,0.23697346727962945,2.2173528083745784
2012-05-02,0.0,1.0,0.0,0.0,0.23697346727962945,2.2173528083745784
2012-05-03,-0.0029785428377079315,1.0,-0.0029785428377079315,-0.0029785428377079315,0.2362676316559369,2.2107483280485227
2012-05-04,-0.0004715378528186154,1.0,-0.0004715378528186154,-0.0004715378528186154,0.2361562225242153,2.2097058765287922
2012-05-07,0.008966551244952159,1.0,0.008966551244952159,0.008966551244952159,0.238273729395293,2.2295193175069596
2012-05-08,0.0009352236076995979,0.0,0.0,-0.001,0.2380354556658977,2.2316044166065145
2012-05-09,-0.0007785808900474533,1.0,-0.0007785808900474533,-0.0017785808900474534,0.2376120903532966,2.229866932053599
2012-05-10,0.014653069424801934,1.0,0.014653069424801934,0.014653069424801934,0.2410938368094158,2.2625413270170505
2012-05-11,0.0012291118574978555,0.0,0.0,-0.001,0.24085274297260637,2.265322243390166
2012-05-14,0.008132264010114465,1.0,0.008132264010114465,0.007132264010114465,0.24257056832304727,2.2837444419413995
2012-05-15,-0.0009127601499495652,0.0,-0.0,-0.001,0.24232799775472422,2.2816599310221264
2012-05-16,-0.001218898747967101,1.0,-0.001218898747967101,-0.002218898747967101,0.24179029646390887,2.278878818588917
2012-05-17,-0.007778897839344157,1.0,-0.007778897839344157,-0.007778897839344157,0.2399094344491714,2.2611516530708684
2012-05-18,-0.0007689271575915813,1.0,-0.0007689271575915813,-0.0007689271575915813,0.239724961569661,2.2594129921573893
2012-05-21,0.003076947373864991,1.0,0.003076947373864991,0.003076947373864991,0.24046258266061266,2.2663650870300844
2012-05-22,0.006288224370115669,1.0,0.006288224370115669,0.006288224370115669,0.24197466533300008,2.280616499201926
2012-05-23,-0.010211797701421332,0.0,-0.0,-0.001,0.2417326906676671,2.2573273048775526
2012-05-24,0.0013860316016593988,-1.0,-0.0013860316016593988,-0.0023860316016593988,0.24115590882857987,2.2604560318574016
2012-05-25,0.004613334739592689,-1.0,-0.004613334739592689,-0.004613334739592689,0.24004337589672295,2.2708842721964912
2012-05-29,0.004745137811541955,-1.0,-0.004745137811541955,-0.004745137811541955,0.23890433699734523,2.281659931022127
2012-05-30,-0.007160439384427342,-1.0,0.007160439384427342,0.007160439384427342,0.24061499702109151,2.265322243390166
2012-05-31,0.011925076058764361,0.0,0.0,-0.001,0.2403743820240704,2.2923363834402046
2012-06-01,-0.01147852349412326,1.0,-0.01147852349412326,-0.012478523494123261,0.23737486465059768,2.2660237464064528
2012-06-04,0.00216771320360043,1.0,0.00216771320360043,0.00216771320360043,0.23788942527890364,2.27093583600121
2012-06-05,0.0064883824852868255,1.0,0.0064883824852868255,0.0064883824852868255,0.23943294285931824,2.2856705363047305
2012-06-06,0.007828179938085489,0.0,0.0,-0.001,0.2391935099164589,2.303563176542104
2012-06-07,0.008985663876507788,1.0,0.008985663876507788,0.007985663876507787,0.24110362888809386,2.324262220964812
2012-06-08,0.01041489699655318,0.0,0.0,-0.001,0.24086252525920576,2.3484691725891405
2012-06-11,-0.00388401939404992,1.0,-0.00388401939404992,-0.00488401939404992,0.23968614801453997,2.339347672776476
2012-06-12,0.003299672831961642,1.0,0.003299672831961642,0.003299672831961642,0.24047703388534108,2.3470667547368493
2012-06-13,0.0014943414004993105,1.0,0.0014943414004993105,0.0014943414004993105,0.2408363886729452,2.3505740737581884
2012-06-14,0.007612446992250943,1.0,0.007612446992250943,0.007612446992250943,0.24266974291552315,2.368467694296032
2012-06-15,0.003851058519583228,0.0,0.0,-0.001,0.24242707317260762,2.3775888019885083
2012-06-18,0.006345018078498077,1.0,0.006345018078498077,0.005345018078498077,0.24372285026143262,2.39267464592036
2012-06-19,-0.005278855358117673,0.0,-0.0,-0.001,0.24347912741117117,2.380044062545511
2012-06-20,-0.009433858127611328,-1.0,0.009433858127611328,0.008433858127611327,0.24553259582879158,2.357591064521993
2012-06-21,-0.008779743329619616,0.0,-0.0,-0.001,0.2452870632329628,2.336892020099285
2012-06-22,0.00014984146672136767,-1.0,-0.00014984146672136767,-0.0011498414667213677,0.24500502199640722,2.337242183427146
2012-06-25,0.004353223919034033,-1.0,-0.004353223919034033,-0.004353223919034033,0.243938460274369,2.3474167220046165
2012-06-26,0.0016441234800628202,-1.0,-0.0016441234800628202,-0.0016441234800628202,0.24353739532414154,2.3512761649547564
2012-06-27,0.011041531340498345,-1.0,-0.011041531340498345,-0.011041531340498345,0.24084836954108668,2.377237854420271
2012-06-28,0.0025087737804232457,-1.0,-0.0025087737804232457,-0.0025087737804232457,0.24024413546652432,2.38320180641927
2012-06-29,0.012954501291846832,-1.0,-0.012954501291846832,-0.012954501291846832,0.2371318925032646,2.4140749972992603
2012-07-02,0.00043580189741931896,-1.0,-0.00043580189741931896,-0.00043580189741931896,0.23702854997457304,2.415127055763596
2012-07-03,-0.003921969752319732,-1.0,0.003921969752319732,0.003921969752319732,0.23795816877800954,2.405655000502882
2012-07-05,-0.0023331726159797617,-1.0,0.0023331726159797617,0.0023331726159797617,0.2385133662611511,2.400042192132214
2012-07-06,-0.0016081546494833843,-1.0,0.0016081546494833843,0.0016081546494833843,0.23889693264006792,2.3961825531219803
2012-07-09,-0.0064423253312108075,-1.0,0.0064423253312108075,0.0064423253312108075,0.24043598440076358,2.380745565561797
2012-07-10,0.00987347543074013,0.0,0.0,-0.001,0.24019554841636281,2.404251798410215
2012-07-11,-0.002334697428350796,1.0,-0.002334697428350796,-0.003334697428350796,0.23939456893875746,2.398638597919359
2012-07-12,0.0007315557427902686,1.0,0.0007315557427902686,0.0007315557427902686,0.23956969941045742,2.4003933357605454
2012-07-13,0.0133000074899019,1.0,0.0133000074899019,0.0133000074899019,0.24275597820697004,2.432318585104871
2012-07-16,0.0028845754690176584,0.0,0.0,-0.001,0.24251322222876306,2.4393347916283004
2012-07-17,-0.0010069306049758087,1.0,-0.0010069306049758087,-0.0020069306049758087,0.24202651502096087,2.4368785507708277
2012-07-18,0.01497291508420906,1.0,0.01497291508420906,0.01497291508420906,0.24565035747849676,2.47336572638205
2012-07-19,-0.002837100372601764,0.0,-0.0,-0.001,0.24540470712101825,2.466348539558151
2012-07-20,0.002702719031215217,1.0,0.002702719031215217,0.0017027190312152172,0.24582256238618302,2.4730143866936247
2012-07-23,-0.007660331708282397,1.0,-0.007660331708282397,-0.007660331708282397,0.24393948001692492,2.454070276172197
2012-07-24,-0.010007406768864802,1.0,-0.010007406768864802,-0.010007406768864802,0.24149827841341018,2.4295113966791613
2012-07-25,-0.006209334062963423,1.0,-0.006209334062963423,-0.006209334062963423,0.23999873492711077,2.4144257488074037
2012-07-26,0.027608741179156127,1.0,0.027608741179156127,0.027608741179156127,0.24662479788303826,2.4810850044025177
2012-07-27,0.005231408967897089,0.0,0.0,-0.001,0.24637817308515522,2.494064574744664
2012-07-30,0.00464203883382952,1.0,0.00464203883382952,0.0036420388338295204,0.24727549195933934,2.5056421193547074
2012-07-31,-0.0072807682647142435,1.0,-0.0072807682647142435,-0.0072807682647142435,0.24547513640484017,2.4873991197293783
2012-08-01,-0.0045133878808429895,1.0,-0.0045133878808429895,-0.0045133878808429895,0.2443672118991423,2.4761725226875724
2012-08-02,-0.005384388385404781,1.0,-0.005384388385404781,-0.005384388385404781,0.2430514439216188,2.462839848116155
2012-08-03,0.009544440709976287,1.0,0.009544440709976287,0.009544440709976287,0.2453712340176028,2.4863462770246665
2012-08-06,-0.006772909183355491,0.0,-0.0,-0.001,0.2451258627835852,2.4695064794920043
2012-08-07,-0.007671610088585301,-1.0,0.007671610088585301,0.006671610088585301,0.24676124696270535,2.4505613886701068
2012-08-08,-0.0007158154327471244,0.0,-0.0,-0.001,0.24651448571574264,2.4488072390092026
2012-08-09,-0.007879690170243037,-1.0,0.007879690170243037,0.006879690170243037,0.24821042899994375,2.4295113966791617
2012-08-10,0.007942272819306817,0.0,0.0,-0.001,0.2479622185709438,2.4488072390092026
2012-08-13,-0.007306915845648798,1.0,-0.007306915845648798,-0.008306915845648799,0.24590241728837461,2.4309140105915468
2012-08-14,0.0043299278213631,1.0,0.0043299278213631,0.0043299278213631,0.24696715700633198,2.4414396927973483
2012-08-15,-0.005172773643090545,0.0,-0.0,-0.001,0.24672018984932564,2.4288106779032512
2012-08-16,0.005055338218723504,-1.0,-0.005055338218723504,-0.006055338218723504,0.2452262156544003,2.4410891373492993
2012-08-17,0.0002873729621557519,-1.0,-0.0002873729621557519,-0.0002873729621557519,0.24515574427040945,2.4417906403655856
2012-08-20,-0.008189623228031295,-1.0,0.008189623228031295,0.008189623228031295,0.24716347744817166,2.421793295019258
2012-08-21,-0.0068084480778115575,0.0,-0.0,-0.001,0.2469163139707235,2.405304641114927
2012-08-22,-0.005105394018242726,-1.0,0.005105394018242726,0.004105394018242726,0.24793000272910545,2.3930246131881274
2012-08-23,-0.01172825482011608,0.0,-0.0,-0.001,0.24768207272637635,2.364958610733847
2012-08-24,0.006378738191525013,-1.0,-0.006378738191525013,-0.007378738191525013,0.24585449155699415,2.3800440625455113
2012-08-27,0.006780752856822669,-1.0,-0.006780752856822669,-0.006780752856822669,0.24418741301100638,2.3961825531219807
2012-08-28,0.001317740924851929,-1.0,-0.001317740924851929,-0.001317740924851929,0.24386563726354807,2.3993401009356456
2012-08-29,-0.000590058048931863,-1.0,0.000590058048931863,0.000590058048931863,0.2440095321456733,2.3979243509969637
2012-08-30,-0.005461238972089388,-1.0,0.005461238972089388,0.005461238972089388,0.24534212651218856,2.3848287130791768
2012-08-31,-0.0010387409686672955,0.0,-0.0,-0.001,0.24509678438567636,2.3823514937916475
2012-09-04,-0.0017830441928482488,-1.0,0.0017830441928482488,0.0007830441928482488,0.24528870599937536,2.378103655795319
2012-09-05,-0.0005950799305789456,-1.0,0.0005950799305789456,0.0005950799305789456,0.24543467238551325,2.3766884940369186
2012-09-06,0.0038716425876559324,-1.0,-0.0038716425876559324,-0.0038716425876559324,0.2444844370554181,2.3858901824280236
2012-09-07,0.0035604705593097474,-1.0,-0.0035604705593097474,-0.0035604705593097474,0.24361395741507288,2.3943850741803048
2012-09-10,0.004286998917339302,-1.0,-0.004286998917339302,-0.004286998917339302,0.24256958464338574,2.404649800401009
2012-09-11,-0.0029441833869947587,-1.0,0.0029441833869947587,0.0029441833869947587,0.24328375398468302,2.397570070407128
2012-09-12,-0.009299805025059338,-1.0,0.009299805025059338,0.009299805025059338,0.2455462454625051,2.375273136218424
2012-09-13,0.02369181873815207,0.0,0.0,-0.001,0.24530069921704262,2.431547676815313
2012-09-14,-0.013245710206205352,1.0,-0.013245710206205352,-0.014245710206205353,0.24180621654261708,2.399340100935645
2012-09-17,-0.003540348293591511,1.0,-0.003540348293591511,-0.003540348293591511,0.2409501383165006,2.390845601303552
2012-09-18,-0.00207266369389425,1.0,-0.00207266369389425,-0.00207266369389425,0.2404507297127732,2.385890182428023
2012-09-19,0.0014834198332869253,1.0,0.0014834198332869253,0.0014834198332869253,0.24080741909415745,2.3894294592446816
2012-09-20,0.007999028491297855,1.0,0.007999028491297855,0.007999028491297855,0.24273364450040752,2.4085425735671264
2012-09-21,0.008522866951095942,0.0,0.0,-0.001,0.2424909108559071,2.429070261467689
2012-09-24,0.012530936685721361,1.0,0.012530936685721361,0.01153093668572136,0.2452870581958495,2.4595087871193093
2012-09-25,0.0014394163321023168,0.0,0.0,-0.001,0.24504177113765366,2.463049044236438
2012-09-26,0.0051730814771475675,1.0,0.0051730814771475675,0.0041730814771475675,0.24606435041391567,2.4757905976244836
2012-09-27,0.002716327176583766,0.0,0.0,-0.001,0.24581828606350176,2.4825156549083416
2012-09-28,0.002708731802065545,1.0,0.002708731802065545,0.0017087318020655448,0.24623832358642772,2.4892401240119173
2012-10-01,-0.0025594834153414014,1.0,-0.0025594834153414014,-0.0025594834153414014,0.2456080806809868,2.4828689551977066
2012-10-02,0.005987531720296646,1.0,0.005987531720296646,0.005987531720296646,0.24707866685482538,2.497735211824293
2012-10-03,0.0021253346150020835,1.0,0.0021253346150020835,0.0021253346150020835,0.2476037916981205,2.5030437349290926
2012-10-04,0.0050902671375891995,1.0,0.0050902671375891995,0.0050902671375891995,0.2488641611421439,2.515784896196951
2012-10-05,-0.0035170701815651073,0.0,-0.0,-0.001,0.24861529698100177,2.506936704155305
2012-10-08,-0.0021174555527896377,-1.0,0.0021174555527896377,0.0011174555527896377,0.24889311352512167,2.501628377110599
2012-10-09,-0.005235002192092497,-1.0,0.005235002192092497,0.005235002192092497,0.25019606952002243,2.488532347072624
2012-10-10,-0.0059737477489032464,0.0,-0.0,-0.001,0.24994587345050243,2.4736664825662262
2012-10-11,-0.0005720115093439393,-1.0,0.0005720115093439393,-0.0004279884906560607,0.24983889949337865,2.47225151686792
2012-10-12,-0.006872190547216883,-1.0,0.006872190547216883,0.006872190547216883,0.2515558400168041,2.4552617333633577
2012-10-15,0.004180545789085999,0.0,0.0,-0.001,0.2513042841767873,2.4655260674638737
2012-10-16,0.011915127035339479,1.0,0.011915127035339479,0.010915127035339478,0.25404730236310197,2.4949031237666466
2012-10-17,0.01830054326864583,0.0,0.0,-0.001,0.25379325506073885,2.5405612063342176
2012-10-18,0.003761515793164971,1.0,0.003761515793164971,0.002761515793164971,0.25449410914278786,2.550117567435346
2012-10-19,-0.004580290825979216,1.0,-0.004580290825979216,-0.004580290825979216,0.2533284521094154,2.5384372873360537
2012-10-22,-0.0008363171736742725,1.0,-0.0008363171736742725,-0.0008363171736742725,0.253116589174336,2.5363143486383595
2012-10-23,-0.012559741251303547,1.0,-0.012559741251303547,-0.012559741251303547,0.24993751030789382,2.504458896687493
2012-10-24,-0.017382427576154047,1.0,-0.017382427576154047,-0.017382427576154047,0.2455929896364026,2.4609253212983684
2012-10-25,0.0030201818960693405,1.0,0.0030201818960693405,0.0030201818960693405,0.246334725137504,2.4683577634013325
2012-10-26,-0.003154537299315696,1.0,-0.003154537299315696,-0.003154537299315696,0.2455576530589411,2.4605712367686277
2012-10-31,0.007767595555313589,1.0,0.007767595555313589,0.007767595555313589,0.24746504559341495,2.479683958970884
2012-11-01,-0.0027119041276779665,0.0,-0.0,-0.001,0.24721758054782153,2.472959293807214
2012-11-02,-0.0020039209492984655,1.0,-0.0020039209492984655,-0.0030039209492984656,0.24647495847857906,2.4680036788715913
2012-11-05,-0.0017208457962649693,1.0,-0.0017208457962649693,-0.0017208457962649693,0.24605081308239662,2.463756625115639
2012-11-06,-0.006608450801960264,1.0,-0.006608450801960264,-0.006608450801960264,0.2444247983893593,2.4474750106705585
2012-11-07,-0.01590718472453978,1.0,-0.01590718472453978,-0.01590718472453978,0.24053668797012137,2.408542573567127
2012-11-08,-0.006465839340526913,1.0,-0.006465839340526913,-0.006465839340526913,0.23898141639020412,2.392969324241623
2012-11-09,-0.0034018869694563136,1.0,-0.0034018869694563136,-0.0034018869694563136,0.23816842862384408,2.3848287130791763
2012-11-12,-0.00875617119832317,1.0,-0.00875617119832317,-0.00875617119832317,0.2360829850887781,2.3639467445887785
2012-11-13,0.004641437487932665,1.0,0.004641437487932665,0.004641437487932665,0.23717874950603218,2.3749188556285894
2012-11-14,-0.006110101699638992,1.0,-0.006110101699638992,-0.006110101699638992,0.23572956322555713,2.3604078598923084
2012-11-15,-0.002999367234018613,1.0,-0.002999367234018613,-0.002999367234018613,0.23502252369752888,2.3533281298984274
2012-11-16,0.012934162985949627,1.0,0.012934162985949627,0.012934162985949627,0.23806234332440193,2.3837664594899537
2012-11-19,0.00534521718661396,0.0,0.0,-0.001,0.23782428098107752,2.3965082089380934
2012-11-20,0.0,1.0,0.0,-0.001,0.23758645670009645,2.3965082089380934
2012-11-21,-0.006793726916590304,1.0,-0.006793726916590304,-0.006793726916590304,0.23597235919419568,2.380226986613201
2012-11-23,-0.0007434746426631111,1.0,-0.0007434746426631111,-0.0007434746426631111,0.2357969197287654,2.3784573482048716
2012-11-26,0.01130970079217608,1.0,0.01130970079217608,0.01130970079217608,0.2384637123386145,2.4053569891600213
2012-11-27,-0.002060159426588548,0.0,-0.0,-0.001,0.23822524862627587,2.4004015702844925
2012-11-28,0.002826386874731135,1.0,0.002826386874731135,0.001826386874731135,0.2386603400935965,2.4071860337768287
2012-11-29,0.010384599126374239,1.0,0.010384599126374239,0.010384599126374239,0.24113873205283262,2.432183695760208
2012-11-30,0.008809059549319986,0.0,0.0,-0.001,0.24089759332077978,2.4536089467710447
2012-12-03,-0.006112552275043148,1.0,-0.006112552275043148,-0.007112552275043148,0.23918419659535364,2.438611133821393
2012-12-04,-0.005564363631685887,1.0,-0.005564363631685887,-0.005564363631685887,0.23785328875054446,2.4250418147165327
2012-12-05,0.018701304161172327,1.0,0.018701304161172327,0.018701304161172327,0.24230145544920353,2.470393259297108
2012-12-06,-0.0002893608537779535,0.0,-0.0,-0.001,0.24205915399375433,2.4696784241944303
2012-12-07,0.0030363104529196328,1.0,0.0030363104529196328,0.0020363104529196327,0.2425520615792567,2.477177134609162
2012-12-10,-0.0033152918708153623,1.0,-0.0033152918708153623,-0.0033152918708153623,0.2417479307012535,2.4689645693922224
2012-12-11,0.002458687623665856,1.0,0.002458687623665856,0.002458687623665856,0.24234231334651551,2.4750349820222564
2012-12-12,-0.0011540052847548443,1.0,-0.0011540052847548443,-0.0011540052847548443,0.24206264903619393,2.4721787785730496
2012-12-13,0.011844599351382934,1.0,0.011844599351382934,0.011844599351382934,0.24492978413196206,2.5014607457302387
2012-12-14,-0.00827995579153673,0.0,-0.0,-0.001,0.2446848543478301,2.480748761341328
2012-12-17,0.015114436874348103,-1.0,-0.015114436874348103,-0.016114436874348104,0.24074189570833293,2.5182438818957387
2012-12-18,0.00524662991090552,-1.0,-0.00524662991090552,-0.00524662991090552,0.2394788120775015,2.531456175569448
2012-12-19,-0.004513913575926898,-1.0,0.004513913575926898,0.004513913575926898,0.24055979873848496,2.520029401171681
2012-12-20,0.0002833502109020891,-1.0,-0.0002833502109020891,-0.0002833502109020891,0.24049163606877785,2.520743452033982
2012-12-21,-0.008924558882115075,-1.0,0.008924558882115075,0.008924558882115075,0.24263791783552988,2.498246928669599
2012-12-24,-0.0005720339365470339,0.0,-0.0,-0.001,0.24239527991769436,2.4968178466445257
2012-12-26,-0.011584643911776049,-1.0,0.011584643911776049,0.010584643911776048,0.24496094764151843,2.467893100978581
2012-12-27,0.0014469988795173805,0.0,0.0,-0.001,0.24471598669387692,2.471464139530466
2012-12-28,-0.013871006690176713,-1.0,0.013871006690176713,0.012871006690176712,0.247865727795807,2.437182443916507
2012-12-31,0.013772814011141499,0.0,0.0,-0.001,0.2476178620680112,2.4707493044277884
2013-01-02,0.019222742421837857,1.0,0.019222742421837857,0.018222742421837856,0.25213013858752276,2.5182438818957387
2013-01-03,0.00014146413432625238,0.0,0.0,-0.001,0.2518780084489352,2.5186001230865136
2013-01-04,0.004962454641741498,1.0,0.004962454641741498,0.003962454641741498,0.25287606363266635,2.531098561958015
2013-01-07,-0.00465529701831402,0.0,-0.0,-0.001,0.2526231875690337,2.519315546369473
2013-01-08,0.010631056215972379,-1.0,-0.010631056215972379,-0.01163105621597238,0.24968491307296012,2.5460985315687
2013-01-09,-0.007013150841766791,-1.0,0.007013150841766791,0.007013150841766791,0.2514359910312542,2.5282423585088076
2013-01-10,0.0097457651434536,-1.0,-0.0097457651434536,-0.0097457651434536,0.24898555491405208,2.5528820147605655
2013-01-11,0.004056473446261366,-1.0,-0.004056473446261366,-0.004056473446261366,0.24797555162204057,2.56323771286488
2013-01-14,-0.0012538880434703747,-1.0,0.0012538880434703747,0.0012538880434703747,0.24828648520129246,2.5600236997441463
2013-01-15,0.0026503096878369714,-1.0,-0.0026503096878369714,-0.0026503096878369714,0.24762844912420448,2.5668085553566704
2013-01-16,-0.00793014148849358,-1.0,0.00793014148849358,0.00793014148849358,0.24959217776233567,2.5464534003388164
2013-01-17,-0.0032251763475981132,0.0,-0.0,-0.001,0.24934258558457334,2.5382406390617827
2013-01-18,0.006612268367073071,-1.0,-0.006612268367073071,-0.007612268367073071,0.24744452290776367,2.55502416734747
2013-01-22,0.00601012504602183,-1.0,-0.00601012504602183,-0.00601012504602183,0.2459573503831348,2.570380182088836
2013-01-23,-0.0026400125398879926,-1.0,0.0026400125398879926,0.0026400125398879926,0.2466066808724239,2.563594346175842
2013-01-24,0.004318440350596253,-1.0,-0.004318440350596253,-0.004318440350596253,0.2455417246310178,2.574665075442928
2013-01-25,0.005547813664615209,-1.0,-0.005547813664615209,-0.005547813664615209,0.24417950489587667,2.588948837530278
2013-01-28,-0.001379263444694745,-1.0,0.001379263444694745,0.001379263444694745,0.2445162927609232,2.5853779950384874
2013-01-29,0.002900810144432997,-1.0,-0.002900810144432997,-0.002900810144432997,0.24380699741840317,2.592877685753689
2013-01-30,-0.008401491941761763,-1.0,0.008401491941761763,0.008401491941761763,0.24585533994255898,2.5710936447708557
2013-01-31,0.0006943828045622435,0.0,0.0,-0.001,0.24560948460261642,2.572878967986704
2013-02-01,0.0031924321663412414,-1.0,-0.0031924321663412414,-0.004192432166341241,0.2445797834990099,2.5810927095642073
2013-02-04,-0.004012668931493435,-1.0,0.004012668931493435,0.004012668931493435,0.24556120119752778,2.570735639039235
2013-02-05,0.00236211500659933,0.0,0.0,-0.001,0.24531563999633024,2.576808012270209
2013-02-06,-0.002078604879422019,1.0,-0.002078604879422019,-0.003078604879422019,0.244560410070039,2.5714518465625704
2013-02-07,0.0033328171553468344,1.0,0.0033328171553468344,0.0033328171553468344,0.24537548520023908,2.5800220253909423
2013-02-08,-0.002076319463669263,0.0,-0.0,-0.001,0.24513010971503885,2.574665075442928
2013-02-11,0.001109349513631619,-1.0,-0.001109349513631619,-0.002109349513631619,0.24461304463733496,2.5775212788921347
2013-02-12,0.004295106836846196,-1.0,-0.004295106836846196,-0.004295106836846196,0.2435624054769314,2.5885920081592206
2013-02-13,0.0008273085908760969,-1.0,-0.0008273085908760969,-0.0008273085908760969,0.2433609042064659,2.590733572565844
2013-02-14,-0.004823982968942708,-1.0,0.004823982968942708,0.004823982968942708,0.24453487306366437,2.5782359179347183
2013-02-15,0.004155135502161844,0.0,0.0,-0.001,0.2442903381906007,2.588948837530278
2013-02-19,0.005517356697231746,1.0,0.005517356697231746,0.004517356697231746,0.24539388478589505,2.6032329917378156
2013-02-20,0.0005488136902920271,0.0,0.0,-0.001,0.24514849090110916,2.604661681642701
2013-02-21,-0.0056216713911619864,1.0,-0.0056216713911619864,-0.0066216713911619865,0.24352519815232274,2.5900191295833546
2013-02-22,0.003033685827601662,1.0,0.003033685827601662,0.003033685827601662,0.24426397709462133,2.5978764339099887
2013-02-25,-0.007697498243261824,1.0,-0.007697498243261824,-0.007697498243261824,0.24238375556004335,2.577879284623755
2013-02-26,0.0011081184392276455,1.0,0.0011081184392276455,0.0011081184392276455,0.24265234546894868,2.5807358801931497
2013-02-27,0.004608149641449177,1.0,0.004608149641449177,0.004608149641449177,0.2437705237877182,2.592628297314137
2013-02-28,-0.0009731056673423222,1.0,-0.0009731056673423222,-0.0009731056673423222,0.24353330930948938,2.5901053960247085
2013-03-01,0.006817996191441633,1.0,0.006817996191441633,0.006817996191441633,0.24519371848485066,2.607764724750237
2013-03-04,0.016998394989069965,0.0,0.0,-0.001,0.2449485247663658,2.652092539580105
2013-03-05,0.003940359890786782,1.0,0.003940359890786782,0.002940359890786782,0.24566876158389625,2.6625427386497216
2013-03-06,0.003925557122047563,1.0,0.003925557122047563,0.003925557122047563,0.24663314834059652,2.672994702260184
2013-03-07,-0.0031010269667147705,1.0,-0.0031010269667147705,-0.0031010269667147705,0.24586833229670657,2.6647056736065893
2013-03-08,0.0029757336878746266,1.0,0.0029757336878746266,0.0029757336878746266,0.24659997097590344,2.672635128047811
2013-03-11,0.0002692984902705753,1.0,0.0002692984902705753,0.0002692984902705753,0.24666637997578802,2.6733548646528384
2013-03-12,-0.014559251535618545,1.0,-0.014559251535618545,-0.014559251535618545,0.24307510210434008,2.634432818734388
2013-03-13,0.008892030164181275,1.0,0.008892030164181275,0.008892030164181275,0.2452365332444133,2.6578582748240835
2013-03-14,0.0035258028620546167,1.0,0.0035258028620546167,0.0035258028620546167,0.2461011889152068,2.667229359136394
2013-03-15,0.006215165939902789,1.0,0.006215165939902789,0.006215165939902789,0.24763074864232218,2.6838066322032073
2013-03-18,-0.0046998639899467065,0.0,-0.0,-0.001,0.24738311789367987,2.6711931060565353
2013-03-19,0.013491790696354977,-1.0,-0.013491790696354977,-0.014491790696354978,0.24379809352735296,2.7072322843529966
2013-03-20,0.007721077715115987,-1.0,-0.007721077715115987,-0.007721077715115987,0.24191570950043115,2.728135035213357
2013-03-21,-0.0014532019527423445,-1.0,0.0014532019527423445,0.0014532019527423445,0.2422672618818762,2.7241705040528403
2013-03-22,0.007672638136526633,-1.0,-0.007672638136526633,-0.007672638136526633,0.24040843284912944,2.7450720785526372
2013-03-25,0.00013134610040288486,-1.0,-0.00013134610040288486,-0.00013134610040288486,0.24037685613897072,2.74543263306548
2013-03-26,0.01299534328890295,-1.0,-0.01299534328890295,-0.01299534328890295,0.23725307637473755,2.781110472608723
2013-03-27,-0.003757774943796255,-1.0,0.003757774943796255,0.003757774943796255,0.23814462004047712,2.7706596853588246
2013-03-28,0.010406047799250473,-1.0,-0.010406047799250473,-0.010406047799250473,0.2356664757412016,2.7994913024801247
2013-04-01,-0.002574806840463073,-1.0,0.002574806840463073,0.002574806840463073,0.23627327139500784,2.792283153124682
2013-04-02,0.008776380468553002,-1.0,-0.008776380468553002,-0.008776380468553002,0.23419964727069556,2.816789292452435
2013-04-03,0.002047265501860629,-1.0,-0.002047265501860629,-0.002047265501860629,0.23372017841229034,2.822556007996883
2013-04-04,0.011619030392497232,-1.0,-0.011619030392497232,-0.011619030392497232,0.23100457655597806,2.855351372038325
2013-04-05,0.003912685648807646,-1.0,-0.003912685648807646,-0.003912685648807646,0.23010072826447858,2.8665234643740023
2013-04-08,0.005028713865202983,-1.0,-0.005028713865202983,-0.005028713865202983,0.22894361754186168,2.8809383906642294
2013-04-09,-0.009381754384054641,-1.0,0.009381754384054641,0.009381754384054641,0.23109151032943637,2.853910134287424
2013-04-10,0.008460183880481198,-1.0,-0.008460183880481198,-0.008460183880481198,0.2291364336588312,2.8780547388018642
2013-04-11,-0.00025041806737746697,-1.0,0.00025041806737746697,0.00025041806737746697,0.2291938135617138,2.877334021896367
2013-04-12,-0.004383482004631345,-1.0,0.004383482004631345,0.004383482004631345,0.2301984805190344,2.8647212799900705
2013-04-15,-0.006793715474410655,0.0,-0.0,-0.001,0.22996828203851538,2.8452591787003283
2013-04-16,0.009626948509937838,-1.0,-0.009626948509937838,-0.010626948509937839,0.2275244209463732,2.8726503423111045
2013-04-17,-0.00865615466458347,-1.0,0.00865615466458347,0.00865615466458347,0.22949390752405482,2.847784236650791
2013-04-18,-0.0021517986365355846,-1.0,0.0021517986365355846,0.0021517986365355846,0.22998773220135832,2.841656378413218
2013-04-19,0.015599218507385437,-1.0,-0.015599218507385437,-0.015599218507385437,0.22640010331273128,2.8859839971829913
2013-04-22,-0.0021227732942388222,-1.0,0.0021227732942388222,0.0021227732942388222,0.22688069940585645,2.8798577074261704
2013-04-23,0.0025028171415095724,-1.0,-0.0025028171415095724,-0.0025028171415095724,0.22631285850230579,2.887065464661425
2013-04-24,0.005617432341956441,-1.0,-0.005617432341956441,-0.005617432341956441,0.2250415613315543,2.9032833595759597
2013-04-25,-0.0014900598522568087,-1.0,0.0014900598522568087,0.0014900598522568087,0.22537688672718367,2.8989572936021304
2013-04-26,0.0012434004584722658,-1.0,-0.0012434004584722658,-0.0012434004584722658,0.22509665300289805,2.902561858430087
2013-04-29,0.008939676921466244,-1.0,-0.008939676921466244,-0.008939676921466244,0.22308436164894874,2.928509823689023
2013-04-30,0.009475860186089369,-1.0,-0.009475860186089369,-0.009475860186089369,0.2209704454282603,2.956259973331889
2013-05-01,-0.008533899231320974,-1.0,0.008533899231320974,0.008533899231320974,0.22285618494264517,2.931031548617887
2013-05-02,0.004918373054529246,0.0,0.0,-0.001,0.22263332875770253,2.9454474552085843
2013-05-03,0.00024455529975098145,1.0,0.00024455529975098145,-0.0007554447002490186,0.22246514158939373,2.9461677799938935
2013-05-06,-0.014067142831759694,1.0,-0.014067142831759694,-0.014067142831759694,0.21933569266756808,2.904723617026391
2013-05-07,0.01389594232409408,1.0,0.01389594232409408,0.01389594232409408,0.22238356880249183,2.9450874888760237
2013-05-08,-0.0095448804837861,0.0,-0.0,-0.001,0.22216118523368933,2.9169769807804085
2013-05-09,-0.013590425685647833,-1.0,0.013590425685647833,0.012590425685647832,0.22495828912660956,2.877334021896367
2013-05-10,0.002003982617341693,0.0,0.0,-0.001,0.22473333083748295,2.883100149260533
2013-05-13,-0.004749616903859666,-1.0,0.004749616903859666,0.003749616903859666,0.2255759947336519,2.8694065280560848
2013-05-14,0.00715849346055597,-1.0,-0.00715849346055597,-0.00715849346055597,0.22396121045049264,2.889947155922851
2013-05-15,0.012096925470496789,-1.0,-0.012096925470496789,-0.012096925470496789,0.2212519683793908,2.924906631281724
2013-05-16,-0.008994719882850832,-1.0,0.008994719882850832,0.008994719882850832,0.2232420678584928,2.898597915449852
2013-05-17,0.008329820581819858,-1.0,-0.008329820581819858,-0.008329820581819858,0.2213825014869171,2.9227427160243864
2013-05-20,-0.01060414229674933,-1.0,0.01060414229674933,0.01060414229674933,0.2237300730346947,2.891749536366876
2013-05-21,0.003116079662617288,0.0,0.0,-0.001,0.22350634296166,2.900760458286532
2013-05-22,-0.016523803363536205,1.0,-0.016523803363536205,-0.017523803363536206,0.2195896617570968,2.852828862869084
2013-05-23,-0.011875164424084761,1.0,-0.011875164424084761,-0.011875164424084761,0.2169819984179021,2.8189510510487388
2013-05-24,-0.011761097427005596,1.0,-0.011761097427005596,-0.011761097427005596,0.2144300519946028,2.7857970930953946
2013-05-28,-0.003622871702751773,1.0,-0.003622871702751773,-0.003622871702751773,0.21365319942701197,2.775704507637211
2013-05-29,-0.016878502625161107,1.0,-0.016878502625161107,-0.016878502625161107,0.21004705333960907,2.728854771818385
2013-05-30,0.008660081024762789,1.0,0.008660081024762789,0.008660081024762789,0.21186607784054276,2.7524868752471425
2013-05-31,-0.0011889026822146098,1.0,-0.0011889026822146098,-0.0011889026822146098,0.21161418969232784,2.749214436218401
2013-06-03,0.008727880330658966,1.0,0.008727880330658966,0.008727880330658966,0.21346113301623185,2.773209250821035
2013-06-04,0.0027529058607860257,1.0,0.0027529058607860257,0.0027529058607860257,0.21404877142036224,2.7808436348208065
2013-06-05,-0.00653704351686013,1.0,-0.00653704351686013,-0.00653704351686013,0.21264952528685688,2.7626651389663994
2013-06-06,0.01842357945654327,1.0,0.01842357945654327,0.01842357945654327,0.2165672907123755,2.813563319665969
2013-06-07,0.018219276451054256,0.0,0.0,-0.001,0.21635072342166312,2.8648244075995093
2013-06-10,-0.0015227925103328266,1.0,-0.0015227925103328266,-0.0025227925103328266,0.21580491543700986,2.860461874448198
2013-06-11,0.002415330794559356,1.0,0.002415330794559356,0.002415330794559356,0.21632615569488214,2.867370836100216
2013-06-12,-0.014200860323779319,1.0,-0.014200860323779319,-0.014200860323779319,0.213254138173479,2.8266517033602785
2013-06-13,0.01774933565795256,1.0,0.01774933565795256,0.01774933565795256,0.21703925745236746,2.8768228932313433
2013-06-14,0.007582411134227307,0.0,0.0,-0.001,0.2168222181949151,2.8986361471681805
2013-06-17,0.01166430055084322,1.0,0.01166430055084322,0.01066430055084322,0.21913447549584616,2.9324467103762886
2013-06-18,0.011530147637103694,0.0,0.0,-0.001,0.21891534102035032,2.9662582538848663
2013-06-19,-0.017159647233598974,1.0,-0.017159647233598974,-0.018159647233598974,0.21493991565339773,2.915358308644451
2013-06-20,-0.035665101382554854,1.0,-0.035665101382554854,-0.035665101382554854,0.2072740617704615,2.811381759000173
2013-06-21,0.012931723445937848,1.0,0.012931723445937848,0.012931723445937848,0.20995447261479336,2.8477377704085174
2013-06-24,0.0006384932385741227,1.0,0.0006384932385741227,0.0006384932385741227,0.2100885271259663,2.8495560317201556
2013-06-25,0.007909883621924907,1.0,0.007909883621924907,0.007909883621924907,0.2117503029258343,2.872095688305216
2013-06-26,0.010633038656820082,1.0,0.010633038656820082,0.010633038656820082,0.21400185208243805,2.9026347927850518
2013-06-27,0.007264525031101421,0.0,0.0,-0.001,0.2137878502303556,2.9237210558933846
2013-06-28,0.01318066636213211,1.0,0.01318066636213211,0.012180666362132109,0.216391928706289,2.962257647667056
2013-07-01,-0.015340996749802271,0.0,-0.0,-0.001,0.21617553677758272,2.916813662722119
2013-07-02,0.001370760685806438,-1.0,-0.001370760685806438,-0.002370760685806438,0.21566303631375733,2.9208119162188013
2013-07-03,-0.0027379027965299674,-1.0,0.0027379027965299674,0.0027379027965299674,0.2162535007439889,2.9128150171052476
2013-07-05,-0.002371447960408002,-1.0,0.002371447960408002,0.002371447960408002,0.21676633466725934,2.9059074278738874
2013-07-08,0.009132872660647218,-1.0,-0.009132872660647218,-0.009132872660647218,0.21478663533562803,2.9324467103762886
2013-07-09,0.008554058444152579,-1.0,-0.008554058444152579,-0.008554058444152579,0.21294933790394419,2.9575310309212104
2013-07-10,0.003442268680850624,-1.0,-0.003442268680850624,-0.003442268680850624,0.21221630906746955,2.9677116473615945
2013-07-11,0.019600515170203447,-1.0,-0.019600515170203447,-0.019600515170203447,0.20805676008222804,3.025880324526495
2013-07-12,0.009371537751840409,-1.0,-0.009371537751840409,-0.009371537751840409,0.20610694830059184,3.054237476220346
2013-07-15,0.017022200699085444,-1.0,-0.017022200699085444,-0.017022200699085444,0.20259855446114314,3.106227319523237
2013-07-16,-0.005617789945882912,-1.0,0.005617789945882912,0.005617789945882912,0.20373671058344536,3.0887771869179925
2013-07-17,-0.001765747208195445,-1.0,0.001765747208195445,0.001765747208195445,0.20409645811136504,3.083323187223454
2013-07-18,0.007310119360294243,-1.0,-0.007310119360294243,-0.007310119360294243,0.20260448864155767,3.1058626477484204
2013-07-19,-0.005501035547342714,-1.0,0.005501035547342714,0.005501035547342714,0.20371902313562604,3.0887771869179925
2013-07-22,-0.0009423496675846632,-1.0,0.0009423496675846632,0.0009423496675846632,0.20391099768935855,3.0858664787626573
2013-07-23,-0.0009422219703417722,-1.0,0.0009422219703417722,0.0009422219703417722,0.2041031271113758,3.082958907568826
2013-07-24,-0.012264316949770482,-1.0,0.012264316949770482,0.012264316949770482,0.206606312552709,3.045148522383284
2013-07-25,0.0038207641013128235,0.0,0.0,-0.001,0.2063997062401563,3.0567833165407716
2013-07-26,-0.001546207302354774,-1.0,0.001546207302354774,0.000546207302354774,0.20651244326690854,3.05205689585502
2013-07-29,0.010005944647074605,-1.0,-0.010005944647074605,-0.010005944647074605,0.20444609119064772,3.0825956082146675
2013-07-30,0.019931490173321187,-1.0,-0.019931490173321187,-0.019931490173321187,0.20037117593310738,3.1440363322881213
2013-07-31,0.0015036088920705737,-1.0,-0.0015036088920705737,-0.0015036088920705737,0.20006989605125972,3.148763733274343
2013-08-01,0.019396960074649083,-1.0,-0.019396960074649083,-0.019396960074649083,0.19618914826541423,3.209840177693168
2013-08-02,-0.003964275950059215,-1.0,0.003964275950059215,0.003964275950059215,0.1969668961875454,3.1971154854732053
2013-08-05,-0.00977934745560971,-1.0,0.00977934745560971,0.00977934745560971,0.19889310390261639,3.1658497822850524
2013-08-06,-0.0029858780490463754,0.0,-0.0,-0.001,0.19869421079871377,3.1563969409135493
2013-08-07,-0.0006912174757269796,-1.0,0.0006912174757269796,-0.00030878252427302046,0.1986328574987449,3.1542151841876587
2013-08-08,-0.0014983215442165854,-1.0,0.0014983215442165854,0.0014983215442165854,0.19893047338852457,3.149489155622095
2013-08-09,-0.004270819216532606,-1.0,0.004270819216532606,0.004270819216532606,0.1997800694770262,3.1360382568140035
2013-08-12,-0.007766848380563962,0.0,-0.0,-0.001,0.19958028940754918,3.111681123157681
2013-08-13,-0.005725453211751885,-1.0,0.005725453211751885,0.004725453211751885,0.20052339672713249,3.09386533847715
2013-08-14,-0.007990715447070973,0.0,-0.0,-0.001,0.20032287333040535,3.069143140925823
2013-08-15,-0.01682007275540831,-1.0,0.01682007275540831,0.01582007275540831,0.2034919957610648,3.0175199299986883
2013-08-16,-0.010241254007022804,0.0,-0.0,-0.001,0.20328850376530375,2.986616741924318
2013-08-19,-0.007425243727996245,-1.0,0.007425243727996245,0.006425243727996245,0.20459468194909552,2.964440384693416
2013-08-20,0.007971396938901032,-1.0,-0.007971396938901032,-0.007971396938901032,0.20296377652769107,2.9880711157015156
2013-08-21,-0.017155571687916482,-1.0,0.017155571687916482,0.017155571687916482,0.20644573614596212,2.9368090474675057
2013-08-22,0.0023520062284003718,0.0,0.0,-0.001,0.20623929040981617,2.943716440638772
2013-08-23,0.005434398194048562,-1.0,-0.005434398194048562,-0.006434398194048562,0.2049122646920614,2.9597137679475702
2013-08-26,-0.010440878455363345,-1.0,0.010440878455363345,0.010440878455363345,0.20705172874172445,2.928811756233764
2013-08-27,0.006578510044324304,0.0,0.0,-0.001,0.20684467701298273,2.948078973790083
2013-08-28,0.008081409844467036,1.0,0.008081409844467036,0.007081409844467036,0.2083094289450581,2.9719036082311363
2013-08-29,-0.006412797993630592,1.0,-0.006412797993630592,-0.006412797993630592,0.2069735826570649,2.9528453907350083
2013-08-30,-0.0024830488442937337,1.0,-0.0024830488442937337,-0.0024830488442937337,0.20645965714184894,2.9455133314001656
2013-09-03,-0.007341953015947089,1.0,-0.007341953015947089,-0.007341953015947089,0.20494384003942495,2.92388751091318
2013-09-04,0.00413720148048502,1.0,0.00413720148048502,0.00413720148048502,0.20579173399785233,2.9359842226521016
2013-09-05,-0.0017480560831042435,1.0,-0.0017480560831042435,-0.0017480560831042435,0.20543199850538482,2.9308519575717966
2013-09-06,0.0006252030689135601,1.0,0.0006252030689135601,0.0006252030689135601,0.20556043522130343,2.932684335210202
2013-09-09,0.0027499502108858653,1.0,0.0027499502108858653,0.0027499502108858653,0.20612571618349004,2.940749071116275
2013-09-10,0.004736512017989192,1.0,0.004736512017989192,0.004736512017989192,0.20710203311540978,2.9546779644335075
2013-09-11,-0.012405752333386033,0.0,-0.0,-0.001,0.20689493108229437,2.918022961381832
2013-09-12,-0.0042706228836612015,-1.0,0.0042706228836612015,0.0032706228836612014,0.20757160637840563,2.905561185747906
2013-09-13,-0.0006309823891742505,-1.0,0.0006309823891742505,0.0006309823891742505,0.20770258040652298,2.9037278278090306
2013-09-16,-0.0006311106987881843,-1.0,0.0006311106987881843,0.0006311106987881843,0.20783366372718345,2.9018952541105314
2013-09-17,-0.0021473476543893977,-1.0,0.0021473476543893977,0.0021473476543893977,0.20827995485749118,2.8956638761433333
2013-09-18,0.044937098097014516,-1.0,-0.044937098097014516,-0.044937098097014516,0.19892045809441833,3.0257866078015674
2013-09-19,0.0018166968023947128,-1.0,-0.0018166968023947128,-0.0018166968023947128,0.1985590799342673,3.0312835446566893
2013-09-20,-0.02430439133530371,-1.0,0.02430439133530371,0.02430439133530371,0.20338493751616757,2.9576100431390864
2013-09-23,0.006568216231753077,0.0,0.0,-0.001,0.2031815525786514,2.9770362654316282
2013-09-24,0.0,1.0,0.0,-0.001,0.20297837102607275,2.9770362654316282
2013-09-25,-0.0109580912659486,1.0,-0.0109580912659486,-0.0109580912659486,0.20075411551135547,2.9444136303329898
2013-09-26,0.001369431200631377,1.0,0.001369431200631377,0.001369431200631377,0.20102903446079187,2.948445802225932
2013-09-27,-0.004599733483703128,1.0,-0.004599733483703128,-0.004599733483703128,0.20010435447978606,2.9348837373445495
2013-09-30,0.00112456775721137,1.0,0.00112456775721137,0.00112456775721137,0.20032938538491163,2.938184212966731
2013-10-01,-0.001123304525160962,1.0,-0.001123304525160962,-0.001123304525160962,0.20010435447978606,2.934883737344549
2013-10-02,0.004246823182930237,1.0,0.004246823182930237,0.004246823182930237,0.2009541622913961,2.947347669639509
2013-10-03,-0.011939429566352522,1.0,-0.011939429566352522,-0.011939429566352522,0.1985548842246526,2.9121580197302945
2013-10-04,0.0025175389195533082,1.0,0.0025175389195533082,0.0025175389195533082,0.19905475387335556,2.919489490884855
2013-10-07,-0.003766489472115997,1.0,-0.003766489472115997,-0.003766489472115997,0.19830501623851693,2.908493264453484
2013-10-08,0.004284817835584542,1.0,0.004284817835584542,0.004284817835584542,0.1991547171089816,2.920955628267692
2013-10-09,0.0038899155183620415,1.0,0.0038899155183620415,0.0038899155183620415,0.19992941213361884,2.9323178988945373
2013-10-10,0.01750027747652827,1.0,0.01750027747652827,0.01750027747652827,0.20342823232167634,2.983634275774582
2013-10-11,0.004299262752597954,0.0,0.0,-0.001,0.20322480408935467,2.9964617034837944
2013-10-14,-0.00844001564051522,1.0,-0.00844001564051522,-0.00944001564051522,0.20130635876021052,2.9711715198401865
2013-10-15,-0.01048633293899226,1.0,-0.01048633293899226,-0.01048633293899226,0.19919539325951474,2.9400148260642904
2013-10-16,0.016207819450636984,1.0,0.016207819450636984,0.016207819450636984,0.20242391622886358,2.9876660555473364
2013-10-17,0.01828025053873339,0.0,0.0,-0.001,0.20222149231263473,3.0422813395688113
2013-10-18,0.00650553847545865,1.0,0.00650553847545865,0.00550553847545865,0.20333483051912662,3.0620730178765463
2013-10-21,0.0029930145492713667,1.0,0.0029930145492713667,0.0029930145492713667,0.20394341462524399,3.071237846969982
2013-10-22,0.014559670108315714,1.0,0.014559670108315714,0.014559670108315714,0.20691276346295098,3.115954056846039
2013-10-23,0.0009413036753882498,0.0,0.0,-0.001,0.20670585069948802,3.1188871158520888
2013-10-24,0.0009401041450578518,1.0,0.0009401041450578518,-5.989585494214824e-05,0.20669346987583884,3.121819194557669
2013-10-25,0.009158207238729288,1.0,0.009158207238729288,0.009158207238729288,0.20858641150785381,3.150409461703271
2013-10-28,-0.009191285035508145,0.0,-0.0,-0.001,0.20837782509634595,3.1214531503621945
2013-10-29,0.009629355124396222,-1.0,-0.009629355124396222,-0.010629355124396223,0.20616290319334757,3.1515107312511974
2013-10-30,-0.004652608700845495,-1.0,0.004652608700845495,0.004652608700845495,0.20712209851053648,3.13684798500217
2013-10-31,-0.009698600968122584,-1.0,0.009698600968122584,0.009698600968122584,0.20913089309567034,3.1064249480979744
2013-11-01,0.03999968695266021,0.0,0.0,-0.001,0.20892176220257466,3.2306809735638273
2013-11-04,-0.0005669979404071546,1.0,-0.0005669979404071546,-0.0015669979404071546,0.20859438223149698,3.228849184105704
2013-11-05,-0.009422132484157353,1.0,-0.009422132484157353,-0.009422132484157353,0.20662897832666086,3.1984265393216966
2013-11-06,0.012491555307472035,1.0,0.012491555307472035,0.012491555307472035,0.20921009563755477,3.23837986133452
2013-11-07,-0.015279935282330404,0.0,-0.0,-0.001,0.2090008855419172,3.188897626633726
2013-11-08,0.001378858854272691,-1.0,-0.001378858854272691,-0.002378858854272691,0.20850370193479498,3.193294666361579
2013-11-11,-0.006542878800362972,-1.0,0.006542878800362972,0.006542878800362972,0.20986791638598135,3.17240132638573
2013-11-12,-0.010398708095293419,-1.0,0.010398708095293419,0.010398708095293419,0.21205027158704662,3.139412451031523
2013-11-13,0.005254519578172134,0.0,0.0,-0.001,0.21183822131545957,3.1559085552194253
2013-11-14,0.016259667623781615,1.0,0.016259667623781615,0.015259667623781614,0.21507080216274654,3.207222579378342
2013-11-15,0.012228972761030743,0.0,0.0,-0.001,0.2148557313605838,3.2464436169401223
2013-11-18,0.0055325960927048445,1.0,0.0055325960927048445,0.0045325960927048445,0.21582958560904406,3.264404878210392
2013-11-19,-0.019762496409914676,0.0,-0.0,-0.001,0.21561375602343502,3.199892088524251
2013-11-20,-0.012256191051319476,-1.0,0.012256191051319476,0.011256191051319475,0.2180407456545274,3.160673599743692
2013-11-21,0.004174507657523474,0.0,0.0,-0.001,0.21782270490887287,3.1738678558887545
2013-11-22,0.0,-1.0,-0.0,-0.001,0.217604882203964,3.1738678558887545
2013-11-25,-0.005658490360903934,-1.0,0.005658490360903934,0.005658490360903934,0.21883619733240076,3.1559085552194253
2013-11-26,-0.0036283972076406323,0.0,-0.0,-0.001,0.21861736113506836,3.1444576654300977
2013-11-27,-0.0022321036094123947,-1.0,0.0022321036094123947,0.0012321036094123947,0.2188867203748031,3.137438910125447
2013-11-29,-0.004120497911724086,-1.0,0.004120497911724086,0.004120497911724086,0.21978864264901166,3.1245110996481134
2013-12-02,-0.007802091011594348,-1.0,0.007802091011594348,0.007802091011594348,0.22150345364227403,3.100133379681922
2013-12-03,0.0014296592894114113,0.0,0.0,-0.001,0.22128195018863175,3.1045655141665986
2013-12-04,0.001903596295871779,-1.0,-0.001903596295871779,-0.002903596295871779,0.22063943673772077,3.1104753535796577
2013-12-05,-0.007362916948525644,-1.0,0.007362916948525644,0.007362916948525644,0.2222639865859901,3.0875731818808148
2013-12-06,0.01244182153829887,-1.0,-0.01244182153829887,-0.01244182153829887,0.21949861773049634,3.1259882163962134
2013-12-09,-0.0061443056652360495,-1.0,0.0061443056652360495,0.0061443056652360495,0.22084728433092934,3.106781189288749
2013-12-10,-0.015099268171671176,0.0,-0.0,-0.001,0.22062643704659843,3.0598710669609748
2013-12-11,-0.005311145742734502,-1.0,0.005311145742734502,0.004311145742734502,0.22157758977140654,3.0436196457703684
2013-12-12,0.004368679750310411,-1.0,-0.004368679750310411,-0.004368679750310411,0.22060958824184962,3.0569162452844925
2013-12-13,-0.0006041022642065963,-1.0,0.0006041022642065963,0.0006041022642065963,0.22074285899361218,3.055069555259226
2013-12-16,0.0018133380977096714,-1.0,-0.0018133380977096714,-0.0018133380977096714,0.2203425775576017,3.0606094292749306
2013-12-17,-0.0027756837547486812,-1.0,0.0027756837547486812,0.0027756837547486812,0.22095417887060775,3.0521141454024616
2013-12-18,0.0127070068563222,-1.0,-0.0127070068563222,-0.0127070068563222,0.2181465126047659,3.0908973807743685
2013-12-19,0.0005980316841347477,-1.0,-0.0005980316841347477,-0.0005980316841347477,0.21801605407844474,3.0927458353404806
2013-12-20,0.013017735799705443,-1.0,-0.013017735799705443,-0.013017735799705443,0.21517797868635724,3.1330063835205824
2013-12-23,-0.0014145334614699134,-1.0,0.0014145334614699134,0.0014145334614699134,0.21548235513738057,3.1285746411560935
2013-12-24,0.0003541343001849384,-1.0,-0.0003541343001849384,-0.0003541343001849384,0.21540604544434178,3.1296825767472156
2013-12-26,-0.0016523966799462109,-1.0,0.0016523966799462109,0.0016523966799462109,0.21576198167867436,3.124511099648113
2013-12-27,0.0013005367490734887,-1.0,-0.0013005367490734887,-0.0013005367490734887,0.21548137529244832,3.1285746411560935
2013-12-30,0.004132047286673934,-1.0,-0.004132047286673934,-0.004132047286673934,0.21459099606034238,3.1415020595132392
2013-12-31,0.006702236431654907,-1.0,-0.006702236431654907,-0.006702236431654907,0.21315275646864162,3.162557149066628
2014-01-02,-0.016001252282160205,-1.0,0.016001252282160205,0.016001252282160205,0.2165634674995342,3.1119522742676637
2014-01-03,0.0013055332824989385,0.0,0.0,-0.001,0.21634690403203466,3.1160150315352686
2014-01-06,0.0004742919958726777,-1.0,-0.0004742919958726777,-0.0014742919958726777,0.2160279455230884,3.117492932523745
2014-01-07,0.007345839658264186,-1.0,-0.007345839658264186,-0.007345839658264186,0.21444103887357158,3.140393535741836
2014-01-08,0.0031758379348094667,-1.0,-0.0031758379348094667,-0.0031758379348094667,0.21376000888753693,3.1503669166628754
2014-01-09,0.008558675569787066,-1.0,-0.008558675569787066,-0.008558675569787066,0.2119305063216737,3.1773298850283833
2014-01-10,0.014299608698018496,-1.0,-0.014299608698018496,-0.014299608698018496,0.20889998301010085,3.2227644590888094
2014-01-13,-0.006533056213192667,-1.0,0.006533056213192667,0.006533056213192667,0.21026473834204082,3.201709957715703
2014-01-14,0.0004613524546595027,-1.0,-0.0004613524546595027,-0.0004613524546595027,0.21016773218887838,3.203187074463803
2014-01-15,0.0009224630369042419,-1.0,-0.0009224630369042419,-0.0009224630369042419,0.20997386022438416,3.206141896140285
2014-01-16,0.008640327164929573,-1.0,-0.008640327164929573,-0.008640327164929573,0.20815961737596228,3.2338440110601248
2014-01-17,0.001256930716089677,-1.0,-0.001256930716089677,-0.001256930716089677,0.20789797515903297,3.237908728928669
2014-01-21,0.015856670823927832,-1.0,-0.015856670823927832,-0.015856670823927832,0.20460140540197505,3.2892511818012133
2014-01-22,-0.002133667128615513,-1.0,0.002133667128615513,0.002133667128615513,0.2050379566951498,3.2822330146768444
2014-01-23,-0.0006752900700880415,-1.0,0.0006752900700880415,0.0006752900700880415,0.2051764167912972,3.280016555314318
2014-01-24,-0.019594732680882854,-1.0,0.019594732680882854,0.019594732680882854,0.20919679383074405,3.2157455077240638
2014-01-27,-0.0019525253148489075,0.0,-0.0,-0.001,0.2089875970369133,3.2094666832141208
2014-01-28,0.02175144233491766,-1.0,-0.02175144233491766,-0.02275144233491766,0.20423282777421495,3.2792772126998924
2014-01-29,-0.00011263982674036832,-1.0,0.00011263982674036832,0.00011263982674036832,0.20425583252455012,3.27890783548282
2014-01-30,0.0246704226275134,-1.0,-0.0246704226275134,-0.0246704226275134,0.19921675481203488,3.3597998775408464
2014-01-31,0.010664553759903717,-1.0,-0.010664553759903717,-0.010664553759903717,0.19709219702046837,3.3956306439573987
2014-02-03,-0.00772350625913143,-1.0,0.00772350625913143,0.00772350625913143,0.19861443983778193,3.369404469425095
2014-02-04,-0.011839584023107808,-1.0,0.011839584023107808,0.011839584023107808,0.20096595218644384,3.3295121221015016
2014-02-05,-0.008652993446040202,0.0,-0.0,-0.001,0.2007649862342574,3.300701875530446
2014-02-06,0.004699808507840242,-1.0,-0.004699808507840242,-0.005699808507840242,0.19962066425764294,3.3162145422869083
2014-02-07,0.00924497152582826,-1.0,-0.00924497152582826,-0.00924497152582826,0.1977751769006141,3.346872851303888
2014-02-10,0.008056167522170199,-1.0,-0.008056167522170199,-0.008056167522170199,0.1961818669437759,3.3738358196693956
2014-02-11,0.007006903464237713,-1.0,-0.007006903464237713,-0.007006903464237713,0.19480723954066695,3.3974759615620065
2014-02-12,0.0023917480939765756,-1.0,-0.0023917480939765756,-0.0023917480939765756,0.19434130969680272,3.4056018682174036
2014-02-13,0.007049892476733488,-1.0,-0.007049892476733488,-0.007049892476733488,0.1929712243596527,3.429610995206899
2014-02-14,0.004523613686478134,-1.0,-0.004523613686478134,-0.004523613686478134,0.19209829708804294,3.4451252304441127
2014-02-18,0.0008578526640041773,-1.0,-0.0008578526640041773,-0.0008578526640041773,0.1919335050521353,3.4480806403008772
2014-02-19,-0.009748644101026382,-1.0,0.009748644101026382,0.009748644101026382,0.19380459648395112,3.414466529306945
2014-02-20,0.00010875427093059997,0.0,0.0,-0.001,0.1936107918874672,3.4148378671249566
2014-02-21,0.0011893920194987473,-1.0,-0.0011893920194987473,-0.0021893920194987473,0.19318690196481994,3.418899448031997
2014-02-24,-0.008427104502358063,-1.0,0.008427104502358063,0.008427104502358063,0.1948149081761643,3.390088025100377
2014-02-25,-0.0015244866915665733,0.0,-0.0,-0.001,0.19462009326798813,3.384919881022872
2014-02-26,-0.005005356013592088,-1.0,0.005005356013592088,0.004005356013592088,0.19539961602892494,3.3679771519408668
2014-02-27,0.001326674540946815,-1.0,-0.001326674540946815,-0.001326674540946815,0.19514038433302858,3.3724453614828374
2014-02-28,0.008942229208863672,-1.0,-0.008942229208863672,-0.008942229208863672,0.1933953942884169,3.402602540899586
2014-03-03,-0.012145506374685255,-1.0,0.012145506374685255,0.012145506374685255,0.19574427928258162,3.36127621004857
2014-03-04,0.015285481102783383,0.0,0.0,-0.001,0.19554853500329902,3.4126549340385024
2014-03-05,-0.011018967529211499,1.0,-0.011018967529211499,-0.0120189675292115,0.1931982435107095,3.3750510001319287
2014-03-06,0.0009930075861039889,1.0,0.0009930075861039889,0.0009930075861039889,0.1933900908321376,3.3784024513785478
2014-03-07,0.011681653979023432,1.0,0.011681653979023432,0.011681653979023432,0.19564920695621055,3.4178677798174366
2014-03-10,-0.006754066884203547,0.0,-0.0,-0.001,0.19545355774925433,3.3947832722311855
2014-03-11,-0.0024125882889843853,-1.0,0.0024125882889843853,0.0014125882889843852,0.19572965315597127,3.3865930578649603
2014-03-12,0.013522303864243135,-1.0,-0.013522303864243135,-0.013522303864243135,0.19308293731075332,3.4323875982579466
2014-03-13,0.017247341520850057,-1.0,-0.017247341520850057,-0.017247341520850057,0.18975276994910587,3.4915871593970316
2014-03-14,0.005118043030508668,-1.0,-0.005118043030508668,-0.005118043030508668,0.18878160710734812,3.509457252723597
2014-03-17,0.005835002708952874,-1.0,-0.005835002708952874,-0.005835002708952874,0.18768006591847627,3.5299349453001936
2014-03-18,-0.0035859107842370896,-1.0,0.0035859107842370896,0.0035859107842370896,0.18835306989083966,3.517276913512186
2014-03-19,-0.012385206292827244,-1.0,0.012385206292827244,0.012385206292827244,0.19068586151732503,3.473714713349339
2014-03-20,0.0025726957858067667,0.0,0.0,-0.001,0.1904951756558077,3.4826515245534675
2014-03-21,0.011011539372671075,-1.0,-0.011011539372671075,-0.012011539372671076,0.1882070353531141,3.521000878937381
2014-03-24,-0.005181753953942492,-1.0,0.005181753953942492,0.005181753953942492,0.18918227790271488,3.502755918711112
2014-03-25,0.005208744385758468,-1.0,-0.005208744385758468,-0.005208744385758468,0.18819687577480412,3.521000878937381
2014-03-26,-0.007296596473347017,-1.0,0.007296596473347017,0.007296596473347017,0.18957007243487747,3.495309556341475
2014-03-27,0.007775968986769355,0.0,0.0,-0.001,0.18938050236244258,3.5224889750507447
2014-03-28,0.0011629502981513884,1.0,0.0011629502981513884,0.00016295029815138837,0.1894113619717666,3.526585454654515
2014-03-31,0.009501609694145818,1.0,0.009501609694145818,0.009501609694145818,0.1912110748048589,3.5600936931976936
2014-04-01,-0.007948155145098279,0.0,-0.0,-0.001,0.19101986373005406,3.5317975161930724
2014-04-02,-0.008644902822561251,-1.0,0.008644902822561251,0.007644902822561251,0.19248019202544922,3.50126546987662
2014-04-03,0.005955272793491728,0.0,0.0,-0.001,0.19228771183342377,3.522116460872168
2014-04-04,0.004333886981606083,1.0,0.004333886981606083,0.003333886981606083,0.19292877733262806,3.5373809155496425
2014-04-07,-0.011682859142915558,1.0,-0.011682859142915558,-0.011682859142915558,0.19067481760243604,3.4960541925784385
2014-04-08,0.027688796887134437,1.0,0.027688796887134437,0.027688796887134437,0.1959543738985213,3.592855727023158
2014-04-09,-0.0007251186039305413,0.0,-0.0,-0.001,0.19575841952462278,3.5902504804942548
2014-04-10,-0.006844149652768472,1.0,-0.006844149652768472,-0.007844149652768473,0.1942228611860822,3.5656782689148283
2014-04-11,-0.006473756038766876,1.0,-0.006473756038766876,-0.006473756038766876,0.19296550976561222,3.5425949376891412
2014-04-14,0.010088813257502327,1.0,0.010088813257502327,0.010088813257502327,0.19491230275877622,3.57833551646246
2014-04-15,0.01175790021246792,0.0,0.0,-0.001,0.19471739045601744,3.6204092283917553
2014-04-16,0.006890029326624969,1.0,0.006890029326624969,0.005890029326624969,0.19586428159620728,3.645353954149758
2014-04-17,-0.013481923669948825,0.0,-0.0,-0.001,0.19566841731461107,3.5962075703899647
2014-04-21,0.0009319404347549742,-1.0,-0.0009319404347549742,-0.0019319404347549743,0.19529039758739647,3.599559021636583
2014-04-22,-0.0034137154736727515,-1.0,0.0034137154736727515,0.0034137154736727515,0.19595706343950028,3.5872711513060236
2014-04-23,0.0012460106398968218,0.0,0.0,-0.001,0.19576110637606078,3.5917409293287457
2014-04-24,0.0022802909584449527,1.0,0.0022802909584449527,0.0012802909584449526,0.19601173755056925,3.599931143694971
2014-04-25,0.010135411493894297,1.0,0.010135411493894297,0.010135411493894297,0.19799839716827747,3.6364179271860047
2014-04-28,-0.004095438158506437,0.0,-0.0,-0.001,0.1978003987711092,3.62152520244673
2014-04-29,0.007196273005568576,-1.0,-0.007196273005568576,-0.008196273005568577,0.19617917270217086,3.647586686500084
2014-04-30,0.019189836056268783,-1.0,-0.019189836056268783,-0.019189836056268783,0.19241452654036176,3.717583277015049
2014-05-01,0.0012017014734317932,-1.0,-0.0012017014734317932,-0.0012017014734317932,0.19218330172030854,3.7220507023166434
2014-05-02,-0.019805592366802904,-1.0,0.019805592366802904,0.019805592366802904,0.19598960585388728,3.6483332833379873
2014-05-05,-0.0004087436533493083,0.0,-0.0,-0.001,0.1957936162480334,3.64684205026312
2014-05-06,-0.0009186783633289286,-1.0,0.0009186783633289286,-8.132163667107142e-05,0.19577769399071038,3.643491775377065
2014-05-07,0.014306096371489163,-1.0,-0.014306096371489163,-0.014306096371489163,0.19297687943309136,3.6956159198443372
2014-05-08,-0.007757486655811552,-1.0,0.007757486655811552,0.007757486655811552,0.1944738950001737,3.66694722866114
2014-05-09,-0.015940390885400224,-1.0,0.015940390885400224,0.015940390885400224,0.19757388490348274,3.6084946564801466
2014-05-12,-0.011452947355083731,0.0,-0.0,-0.001,0.19737631101857925,3.5671667571483785
2014-05-13,0.002818142784875244,-1.0,-0.002818142784875244,-0.003818142784875244,0.19662270008075836,3.577219542407483
2014-05-14,0.005516091999759221,-1.0,-0.005516091999759221,-0.005516091999759221,0.19553811117787182,3.596951814506739
2014-05-15,-0.003519208641367677,-1.0,0.003519208641367677,0.003519208641367677,0.19622625058844567,3.584293390598544
2014-05-16,0.003428035808232588,-1.0,-0.003428035808232588,-0.003428035808232588,0.19555357997491327,3.596580476688727
2014-05-19,-0.01966902373252566,-1.0,0.01966902373252566,0.01966902373252566,0.1993999279804202,3.525839249936798
2014-05-20,0.017212258685229687,0.0,0.0,-0.001,0.19920052805243976,3.586526907189246
2014-05-21,-0.0005188870626892106,1.0,-0.0005188870626892106,-0.0015188870626892106,0.19889796494750006,3.5846659047771188
2014-05-22,0.003739326582111735,1.0,0.003739326582111735,0.003739326582111735,0.19964170939495618,3.5980701412828413
2014-05-23,-0.00186302499679325,1.0,-0.00186302499679325,-0.00186302499679325,0.19926977189995085,3.5913668466694157
2014-05-27,0.0007257467701702325,1.0,0.0007257467701702325,0.0007257467701702325,0.1994143912932998,3.5939732695588824
2014-05-28,0.008598668330735082,1.0,0.008598668330735082,0.008598668330735082,0.2011290895044063,3.624876653693347
2014-05-29,-0.0008796772064948444,0.0,-0.0,-0.001,0.2009279604149019,3.6216879323247375
2014-05-30,0.008389085170386723,1.0,0.008389085170386723,0.007389085170386723,0.20241263422751973,3.6520705808495717
2014-06-02,-0.0018485768899865196,0.0,-0.0,-0.001,0.20221022159329222,3.6453194475732134
2014-06-03,-0.00020545512397551757,1.0,-0.00020545512397551757,-0.0012054551239755176,0.20196646624555237,3.6445704980141818
2014-06-04,0.0016464533310152074,1.0,0.0016464533310152074,0.0016464533310152074,0.20229899460665574,3.650571113250757
2014-06-05,0.00462414607704309,1.0,0.00462414607704309,0.00462414607704309,0.20323445470895588,3.6674518873430624
2014-06-06,-0.003375325047041633,0.0,-0.0,-0.001,0.2030312202542469,3.6550730451288933
2014-06-09,-0.010878730753237642,-1.0,0.010878730753237642,0.009878730753237641,0.20503691101363988,3.6153104895875194
2014-06-10,-0.006225661351788481,0.0,-0.0,-0.001,0.20483187410262624,3.592802790797779
2014-06-11,-0.009187444829492075,-1.0,0.009187444829492075,0.008187444829492074,0.20650892377116295,3.559794113374079
2014-06-12,0.007586862949592987,0.0,0.0,-0.001,0.20630241484739179,3.586801783441016
2014-06-13,0.012131581248906675,1.0,0.012131581248906675,0.011131581248906675,0.20859888694011117,3.630315360700554
2014-06-16,0.003926693936274761,0.0,0.0,-0.001,0.20839028805317106,3.6445704980141818
2014-06-17,0.006072177553148483,1.0,0.006072177553148483,0.005072177553148483,0.20944728059452852,3.6667009771830905
2014-06-18,0.01984640724665554,1.0,0.01984640724665554,0.01984640724665554,0.21360405662191206,3.739471818027976
2014-06-19,0.004714915097658423,0.0,0.0,-0.001,0.21339045256529016,3.7571031101600645
2014-06-20,-0.0016977492793671667,1.0,-0.0016977492793671667,-0.0026977492793671667,0.2128147786256583,3.750724491062282
2014-06-23,-0.0036001180106054465,1.0,-0.0036001180106054465,-0.0036001180106054465,0.21204862030820507,3.7372214402691895
2014-06-24,0.011040829075736003,1.0,0.011040829075736003,0.011040829075736003,0.2143898128807736,3.7784834634093776
2014-06-25,0.010126261488907051,0.0,0.0,-0.001,0.21417542306789283,3.8167453749913722
2014-06-26,-0.003440244324536934,1.0,-0.003440244324536934,-0.004440244324536934,0.21322443186116033,3.8036148383768555
2014-06-27,0.0019727580830144475,1.0,0.0019727580830144475,0.0019727580830144475,0.2136450720826106,3.8111184502939373
2014-06-30,0.00866135810119717,1.0,0.00866135810119717,0.00866135810119717,0.21549552855847418,3.8441279119580125
2014-07-01,-0.010050856622515147,0.0,-0.0,-0.001,0.2152800330299157,3.805491133476314
2014-07-02,-0.017249928129163483,-1.0,0.017249928129163483,0.016249928129163482,0.21877831809429577,3.7398466849276786
2014-07-03,-0.014844244839397613,0.0,-0.0,-0.001,0.21855953977620146,3.684331485074803
2014-07-07,0.0026473181349699892,-1.0,-0.0026473181349699892,-0.0036473181349699893,0.21776238360320502,3.6940850826304823
2014-07-08,0.004264606883620736,-1.0,-0.004264606883620736,-0.004264606883620736,0.21683371264309714,3.7098389033025487
2014-07-09,-0.0007079609351003935,-1.0,0.0007079609351003935,0.0007079609351003935,0.21698722244106125,3.7072124822834946
2014-07-10,0.005666219179554233,-1.0,-0.005666219179554233,-0.005666219179554233,0.2157577252795475,3.728218360753292
2014-07-11,-0.004225667937827304,-1.0,0.004225667937827304,0.004225667937827304,0.21666944578159983,3.712464147961038
2014-07-14,-0.015661405146293106,-1.0,0.015661405146293106,0.015661405146293106,0.22006279375480825,3.6543217428487322
2014-07-15,0.009238478218321466,0.0,0.0,-0.001,0.21984273096105345,3.688082114672779
2014-07-16,0.004068262692136448,1.0,0.004068262692136448,0.0030682626921364484,0.22051726621059867,3.703086201545438
2014-07-17,-0.011547845438143023,1.0,-0.011547845438143023,-0.011547845438143023,0.21797076690395684,3.660323534445871
2014-07-18,0.012297559064042618,1.0,0.012297559064042618,0.012297559064042618,0.2206512752841929,3.7053365793042246
2014-07-21,-0.0010119062485052233,1.0,-0.0010119062485052233,-0.0010119062485052233,0.22042799687999218,3.7015871260668116
2014-07-22,-0.003344410392873698,1.0,-0.003344410392873698,-0.003344410392873698,0.2196907951963464,3.6892074996122663
2014-07-23,0.0014232024947178346,1.0,0.0014232024947178346,0.0014232024947178346,0.2200034596841364,3.6944579889292464
2014-07-24,0.002335447484325792,1.0,0.002335447484325792,0.002335447484325792,0.2205172662105987,3.7030862015454384
2014-07-25,-0.002734929640790029,1.0,-0.002734929640790029,-0.002734929640790029,0.21991416700293334,3.6929585213304312
2014-07-28,0.011477581314355279,1.0,0.011477581314355279,0.011477581314355279,0.22243824973688822,3.7353447530495423
2014-07-29,-0.011849334769399977,0.0,-0.0,-0.001,0.22221581148715133,3.6910834025915364
2014-07-30,-0.02093519667129251,-1.0,0.02093519667129251,0.01993519667129251,0.22664572739261854,3.613809845628139
2014-07-31,-0.025430017566042462,0.0,-0.0,-0.001,0.22641908166522592,3.521910597773478
2014-08-01,-0.0007461829103404538,-1.0,0.0007461829103404538,-0.0002538170896595462,0.22636161263287427,3.5192826082736723
2014-08-04,0.0024515850121615834,-1.0,-0.0024515850121615834,-0.0024515850121615834,0.22580666789601478,3.527910428769677
2014-08-05,-0.015524041145655754,-1.0,0.015524041145655754,0.015524041145655754,0.22931209989939597,3.4731430021152683
2014-08-06,-0.0025917478864710963,-1.0,0.0025917478864710963,0.0025917478864710963,0.2299064190496525,3.4641414910801243
2014-08-07,0.017541567966175897,-1.0,-0.017541567966175897,-0.017541567966175897,0.22587349997403292,3.5249079644903563
2014-08-08,0.015749849043691144,-1.0,-0.015749849043691144,-0.015749849043691144,0.22231602644647172,3.580424732823984
2014-08-11,-0.005866429699383557,-1.0,0.005866429699383557,0.005866429699383557,0.22362022778666624,3.559420422834938
2014-08-12,0.00010498634461453271,-1.0,-0.00010498634461453271,-0.00010498634461453271,0.22359675071636906,3.559794113374078
2014-08-13,0.008957159933926206,-1.0,-0.008957159933926206,-0.008957159933926206,0.22159395885949631,3.5916797585794185
2014-08-14,0.004595049587101663,-1.0,-0.004595049587101663,-0.004595049587101663,0.22057572363033476,3.60818370517108
2014-08-15,0.0019751722746887967,-1.0,-0.0019751722746887967,-0.0019751722746887967,0.2201400485765507,3.615310489587518
2014-08-18,-0.0024901560797162547,-1.0,0.0024901560797162547,0.0024901560797162547,0.2206882316569026,3.60630780219181
2014-08-19,0.012273858330130283,-1.0,-0.012273858330130283,-0.012273858330130283,0.2179795355664188,3.6505711132507557
2014-08-20,0.0043154400183804675,-1.0,-0.0043154400183804675,-0.0043154400183804675,0.2170388579554475,3.6663249339228217
2014-08-21,0.0027623520548603064,-1.0,-0.0027623520548603064,-0.0027623520548603064,0.21643932022018975,3.676452614137829
2014-08-22,-0.0037749187245376126,-1.0,0.0037749187245376126,0.0037749187245376126,0.21725636106281515,3.6625743043248447
2014-08-25,0.005428118039004115,0.0,0.0,-0.001,0.21703910470175233,3.6824551899753435
2014-08-26,-0.014770306349421558,1.0,-0.014770306349421558,-0.01577030634942156,0.2136163315308015,3.62806419870139
2014-08-27,0.009323605725588324,1.0,0.009323605725588324,0.009323605725588324,0.21560800598254126,3.6618908388372047
2014-08-28,0.00660574095202815,1.0,0.00660574095202815,0.00660574095202815,0.21703225661724526,3.6860803411131684
2014-08-29,0.009432699770562492,0.0,0.0,-0.001,0.21681522436062803,3.7208500303010617
2014-09-02,-0.012391750284933556,1.0,-0.012391750284933556,-0.013391750284933557,0.21391168901801866,3.6747421858778835
2014-09-03,0.0038048463906779073,1.0,0.0038048463906779073,0.0038048463906779073,0.21472559013590267,3.688724015420493
2014-09-04,-0.003790424408049775,1.0,-0.003790424408049775,-0.003790424408049775,0.21391168901801866,3.674742185877884
2014-09-05,0.007095792559309588,1.0,0.007095792559309588,0.007095792559309588,0.21542956198930205,3.7008173941378173
2014-09-08,-0.006944080224056681,0.0,-0.0,-0.001,0.21521413242731274,3.6751186212583398
2014-09-09,-0.015837409917962564,-1.0,0.015837409917962564,0.014837409917962563,0.21840735273027548,3.616914261156334
2014-09-10,-0.0008357550969786409,0.0,-0.0,-0.001,0.2181889453775452,3.613891406627238
2014-09-11,0.005542688838290122,-1.0,-0.005542688838290122,-0.006542688838290122,0.21676140299998525,3.6339220821895433
2014-09-12,-0.021320508692435625,-1.0,0.021320508692435625,0.021320508692435625,0.22138286637683097,3.5564450148485873
2014-09-15,0.0008500754648705922,0.0,0.0,-0.001,0.22116148351045414,3.5594682614978717
2014-09-16,0.010087256470481476,-1.0,-0.010087256470481476,-0.011087256470481477,0.2187094094213816,3.5953735307501393
2014-09-17,0.0016810883558402434,-1.0,-0.0016810883558402434,-0.0016810883558402434,0.21834173957989061,3.6014176713275794
2014-09-18,-0.0074502905664494135,-1.0,0.0074502905664494135,0.0074502905664494135,0.21996844898254486,3.5745860632250435
2014-09-19,0.005920548676416448,0.0,0.0,-0.001,0.21974848053356233,3.5957495740104073
2014-09-22,-0.005465201326191327,1.0,-0.005465201326191327,-0.006465201326191327,0.2183277623657882,3.5760980786698737
2014-09-23,-0.0007398105001774624,1.0,-0.0007398105001774624,-0.0007398105001774624,0.21816624119470976,3.5734524437616093
2014-09-24,-0.003913353398098285,1.0,-0.003913353398098285,-0.003913353398098285,0.2173124795933801,3.559468261497872
2014-09-25,-0.011042696480184522,1.0,-0.011042696480184522,-0.011042696480184522,0.21491276383987412,3.520162133855301
2014-09-26,0.0032208070776216235,1.0,0.0032208070776216235,0.0032208070776216235,0.2156049563907208,3.5314998969703977
2014-09-29,0.0017123821932238936,1.0,0.0017123821932238936,0.0017123821932238936,0.2159741544788151,3.5375471745093416
2014-09-30,0.0029912690547087006,1.0,0.0029912690547087006,0.0029912690547087006,0.21662019128372445,3.5481289299020236
2014-10-01,0.004367096476517007,1.0,0.004367096476517007,0.004367096476517007,0.21756619255782203,3.563623951250027
2014-10-02,-0.005514469430378699,1.0,-0.005514469430378699,-0.005514469430378699,0.21636643043987802,3.5439724559094934
2014-10-03,0.004905744926269495,1.0,0.004905744926269495,0.004905744926269495,0.2174278689582235,3.56135828080391
2014-10-06,-0.0060494501786053645,1.0,-0.0060494501786053645,-0.0060494501786053645,0.21611254989752038,3.5398140213160234
2014-10-07,-0.006832665549323935,1.0,-0.006832665549323935,-0.006832665549323935,0.21463592512305904,3.5156276560015636
2014-10-08,0.02472537247276807,1.0,0.02472537247276807,0.02472537247276807,0.21994287831776382,3.602552859271767
2014-10-09,-0.01814980980953307,0.0,-0.0,-0.001,0.21972293543944607,3.537167210047195
2014-10-10,0.0004281302172135515,-1.0,-0.0004281302172135515,-0.0014281302172135515,0.21940914247593013,3.538681578213153
2014-10-13,-0.008971816886553685,-1.0,0.008971816886553685,0.008971816886553685,0.22137764112545996,3.5069331750736037
2014-10-14,0.005927646352955618,0.0,0.0,-0.001,0.2211562634843345,3.527721034718888
2014-10-15,-0.01628483426387728,-1.0,0.01628483426387728,0.015284834263877278,0.22453660031811096,3.470272682339297
2014-10-16,0.016880973077697092,0.0,0.0,-0.001,0.22431206371779286,3.5288542620621346
2014-10-17,0.009424940718401942,1.0,0.009424940718401942,0.008424940718401941,0.2262018795570377,3.5621135042859504
2014-10-20,0.009337160768227326,1.0,0.009337160768227326,0.009337160768227326,0.22831396287253694,3.595373530750142
2014-10-21,0.004099329702281329,0.0,0.0,-0.001,0.2280856489096644,3.610112152255542
2014-10-22,0.01057377349213029,1.0,0.01057377349213029,0.009573773492130289,0.23026928924913112,3.648284660434679
2014-10-23,0.013156712449145402,0.0,0.0,-0.001,0.230039019959882,3.696284092644646
2014-10-24,0.005725830183847425,1.0,0.005725830183847425,0.004725830183847425,0.2311261453038711,3.717448387670386
2014-10-27,-0.0027449321651663583,1.0,-0.0027449321651663583,-0.0027449321651663583,0.2304917197134156,3.7072442440187237
2014-10-28,0.010602519029057289,1.0,0.010602519029057289,0.010602519029057289,0.23293551255771722,3.746550371661295
2014-10-29,-0.0053468503171824056,0.0,-0.0,-0.001,0.2327025770451595,3.726518127618238
2014-10-30,0.01328603852681809,-1.0,-0.01328603852681809,-0.01428603852681809,0.2293781790642025,3.77602879103266
2014-10-31,0.0031023573346580235,-1.0,-0.0031023573346580235,-0.0031023573346580235,0.22866656598797216,3.7877433816484
2014-11-03,0.0058875845281749495,-1.0,-0.0058875845281749495,-0.0058875845281749495,0.22732027225195048,3.81004404097889
2014-11-04,0.0014879811405748011,-1.0,-0.0014879811405748011,-0.0014879811405748011,0.22698202397396924,3.815713314656626
2014-11-05,0.03882702860626863,-1.0,-0.03882702860626863,-0.03882702860626863,0.2181689864360232,3.9638661246781193
2014-11-06,-0.008866924316664915,-1.0,0.008866924316664915,0.008866924316664915,0.2201034743269949,3.9287188237492066
2014-11-07,0.007503515760287627,-1.0,-0.007503515760287627,-0.007503515760287627,0.21845192443848824,3.9581980273609476
2014-11-10,0.008402721166070215,-1.0,-0.008402721166070215,-0.008402721166070215,0.21661633382924017,3.991457661704951
2014-11-11,-0.00766987953535303,-1.0,0.00766987953535303,0.00766987953535303,0.21827775501510024,3.960843662269212
2014-11-12,-0.01631694224072322,-1.0,0.01631694224072322,0.01631694224072322,0.22183938053611638,3.8962148050074306
2014-11-13,-0.007954085821077705,0.0,-0.0,-0.001,0.22161754115558027,3.865223978071048
2014-11-14,-0.0041068278422272675,-1.0,0.0041068278422272675,0.0031068278422272675,0.22230606870276837,3.8493501686214615
2014-11-17,0.0133526730456206,-1.0,-0.0133526730456206,-0.0133526730456206,0.21933768845132304,3.9007492828611685
2014-11-18,0.001260172936016879,-1.0,-0.001260172936016879,-0.001260172936016879,0.21906128503248817,3.9056649015376173
2014-11-19,0.003580085372270503,-1.0,-0.003580085372270503,-0.003580085372270503,0.2182770269303126,3.9196475153206025
2014-11-20,-0.006267484430828363,-1.0,0.006267484430828363,0.006267484430828363,0.21964507479820583,3.8950811855439955
2014-11-21,0.0065981529359675495,0.0,0.0,-0.001,0.21942542972340762,3.9207815269042245
2014-11-24,-0.00501243733328216,1.0,-0.00501243733328216,-0.00601243733328216,0.21810614807786713,3.901128855203127
2014-11-25,0.0034634296426838684,1.0,0.0034634296426838684,0.0034634296426838684,0.21886154337637162,3.914640140520167
2014-11-26,0.0034031949063562106,1.0,0.0034031949063562106,0.0034031949063562106,0.21960637186598736,3.9279624239066027
2014-11-28,0.01153062005795813,1.0,0.01153062005795813,0.01153062005795813,0.22213856950228072,3.973254266218606
2014-12-01,0.004023391092602191,0.0,0.0,-0.001,0.22191643093277844,3.989240222041954
2014-12-02,0.0028623344893417,1.0,0.0028623344893417,0.0018623344893417002,0.22232971355585618,4.000658761915774
2014-12-03,-0.006849995795203512,1.0,-0.006849995795203512,-0.006849995795203512,0.22080675595284976,3.9732542662186066
2014-12-04,-0.008621256271498345,1.0,-0.008621256271498345,-0.008621256271498345,0.21890312432330206,3.9389998229577117
2014-12-05,-0.005411039831309639,1.0,-0.005411039831309639,-0.005411039831309639,0.21771863079839054,3.917685738020166
2014-12-08,0.007189046417922951,1.0,0.007189046417922951,0.007189046417922951,0.2192838201412468,3.945850162641628
2014-12-09,0.00887431693120222,0.0,0.0,-0.001,0.21906453632110556,3.9808668875479456
2014-12-10,-0.030117531638587214,1.0,-0.030117531638587214,-0.031117531638587215,0.2122477886812411,3.8609730031132163
2014-12-11,0.010252475980566222,1.0,0.010252475980566222,0.010252475980566222,0.21442385403662384,3.900557536089249
2014-12-12,-0.016295894626027096,1.0,-0.016295894626027096,-0.016295894626027096,0.2109296255059364,3.836994461498383
2014-12-15,-0.001488158045204968,1.0,-0.001488158045204968,-0.001488158045204968,0.2106157288867677,3.831284407321097
2014-12-16,0.004172479545710539,1.0,0.004172479545710539,0.004172479545710539,0.21149451870755265,3.847270363144444
2014-12-17,0.020182221661879662,1.0,0.020182221661879662,0.020182221661879662,0.21576294796438103,3.9249168264066054
2014-12-18,0.022594893597805532,0.0,0.0,-0.001,0.21554718501641665,4.013599904479499
2014-12-19,0.003982947031044626,1.0,0.003982947031044626,0.0029829470310446258,0.21619015085201143,4.029585860302847
2014-12-22,0.0006615153840276999,1.0,0.0006615153840276999,0.0006615153840276999,0.2163331639626753,4.032251493340698
2014-12-23,0.003586528438658698,1.0,0.003586528438658698,0.003586528438658698,0.21710904900745245,4.046713277993388
2014-12-24,0.01561343880534305,1.0,0.01561343880534305,0.01561343880534305,0.22049886785821654,4.109896388122107
2014-12-26,0.012131798447813757,0.0,0.0,-0.001,0.22027836899035833,4.159756822744202
2014-12-29,0.011071632857520441,1.0,0.011071632857520441,0.01007163285752044,0.22249693184928265,4.205812123062192
2014-12-30,-0.02416289881318212,0.0,-0.0,-0.001,0.22227443491743337,4.104187510305386
2014-12-31,-0.014281828476848002,-1.0,0.014281828476848002,0.013281828476848001,0.22522664583679505,4.045572208246383
2015-01-02,0.0037635305947152364,0.0,0.0,-0.001,0.22500141919095826,4.060797843025248
2015-01-05,-0.010591924316746493,-1.0,0.010591924316746493,0.009591924316746492,0.22715961577499852,4.017786179606317
2015-01-06,0.003884128856887381,0.0,0.0,-0.001,0.22693245615922353,4.033391778847329
2015-01-07,0.009153799720807987,1.0,0.009153799720807987,0.008153799720807986,0.22878281795689684,4.070312639386451
2015-01-08,0.006077974094695904,1.0,0.006077974094695904,0.006077974094695904,0.23017335399775038,4.095051894165955
2015-01-09,-0.008829534635360181,1.0,-0.008829534635360181,-0.008829534635360181,0.22814103039649022,4.058894491632819
2015-01-12,-0.0025318928362445536,1.0,-0.0025318928362445536,-0.0025318928362445536,0.2275634017559759,4.048617805746382
2015-01-13,0.003948109727697213,1.0,0.003948109727697213,0.003948109727697213,0.22846184703611652,4.0646021930889775
2015-01-14,0.006180669814547013,1.0,0.006180669814547013,0.006180669814547013,0.2298738942778683,4.089724157171944
2015-01-15,-0.003815999045808427,1.0,-0.003815999045808427,-0.003815999045808427,0.22899669571664769,4.074117773690556
2015-01-16,0.01102409130650206,1.0,0.01102409130650206,0.01102409130650206,0.23152117619911528,4.119031220021164
2015-01-20,0.006560704581040966,0.0,0.0,-0.001,0.23128965502291615,4.146054967015807
2015-01-21,0.008812940437771033,1.0,0.008812940437771033,0.007812940437771032,0.23309670732148283,4.182593902491843
2015-01-22,-0.00309385960603048,0.0,-0.0,-0.001,0.23286361061416133,4.169653544168494
2015-01-23,-0.0006391996096152264,1.0,-0.0006391996096152264,-0.0016391996096152264,0.23248190067454902,4.166988303250831
2015-01-26,0.002466402441973603,1.0,0.002466402441973603,0.002466402441973603,0.2330552946020874,4.177265773377644
2015-01-27,0.013394131093668715,1.0,0.013394131093668715,0.013394131093668715,0.23617686777006133,4.23321661875936
2015-01-28,-0.011688622297445495,0.0,-0.0,-0.001,0.23594069090229128,4.1837361485994125
2015-01-29,0.015829851844388676,-1.0,-0.015829851844388676,-0.016829851844388677,0.23196984403034301,4.249964071987755
2015-01-30,-0.021672988927723957,-1.0,0.021672988927723957,0.021672988927723957,0.23699732389157846,4.157854647712339
2015-02-02,0.007597759272603977,0.0,0.0,-0.001,0.2367603265676869,4.189445026416135
2015-02-03,0.001544634055666405,1.0,0.001544634055666405,0.0005446340556664051,0.23688927430456638,4.195916185878279
2015-02-04,-0.0072568916079089885,1.0,-0.0072568916079089885,-0.0072568916079089885,0.23517019451786192,4.1654668769214895
2015-02-05,0.0024670208814250305,1.0,0.0024670208814250305,0.0024670208814250305,0.23575036429842627,4.175743170687739
2015-02-06,-0.03563940039858615,1.0,-0.03563940039858615,-0.03563940039858615,0.2273483626710821,4.026922187865937
2015-02-09,-0.012098412286656979,1.0,-0.012098412286656979,-0.012098412286656979,0.22459780844679095,3.978202822990848
2015-02-10,0.03166874413402132,1.0,0.03166874413402132,0.03166874413402132,0.2317105389755543,4.104187510305386
2015-02-11,-0.025688813534254562,0.0,-0.0,-0.001,0.23147882843657874,3.9987558026435344
2015-02-12,0.0026653837731953622,-1.0,-0.0026653837731953622,-0.0036653837731953623,0.23063036969498904,4.009414021472871
2015-02-13,-0.016328471440774095,-1.0,0.016328471440774095,0.016328471440774095,0.23439621109992884,3.943946419129012
2015-02-17,-0.001929806351240293,0.0,-0.0,-0.001,0.2341618148888289,3.9363353662804252
2015-02-18,0.029684834350308442,-1.0,-0.029684834350308442,-0.030684834350308443,0.2269765983877976,4.05318482957572
2015-02-19,-0.009954155084830663,-1.0,0.009954155084830663,0.009954155084830663,0.22923595864877708,4.012838799194641
2015-02-20,0.0016124184263437424,-1.0,-0.0016124184263437424,-0.0016124184263437424,0.22886633436507123,4.019309174416409
2015-02-23,0.003693294870332764,-1.0,-0.003693294870332764,-0.003693294870332764,0.22802106350636886,4.0341536683725625
2015-02-24,0.0008489457773064313,-1.0,-0.0008489457773064313,-0.0008489457773064313,0.2278274859873682,4.037578446094333
2015-02-25,-0.014528414103504916,-1.0,0.014528414103504916,0.014528414103504916,0.23113745804795316,3.9789188344540887
2015-02-26,-0.0028904548174509825,0.0,-0.0,-0.001,0.2309063205899052,3.9674179493407946
2015-02-27,-0.00019371681487645454,-1.0,0.00019371681487645454,-0.0008062831851235455,0.23072014470627483,3.966649393772365
2015-03-02,-0.018557910110240328,-1.0,0.018557910110240328,0.018557910110240328,0.23500182841235553,3.893036670883898
2015-03-03,0.0039396980632486756,0.0,0.0,-0.001,0.23476682658394318,3.9083740599163357
2015-03-04,-0.005395651333773288,1.0,-0.005395651333773288,-0.006395651333773288,0.23326533981637587,3.887285836207063
2015-03-05,0.00729872963207967,1.0,0.00729872963207967,0.00729872963207967,0.23496788046423078,3.9156580845281512
2015-03-06,-0.03358478216502492,0.0,-0.0,-0.001,0.23473291258376655,3.7841515607265546
2015-03-09,0.0023303482341672233,-1.0,-0.0023303482341672233,-0.0033303482341672233,0.2339511702428423,3.792969951633915
2015-03-10,-0.009501830770213715,-1.0,0.009501830770213715,0.009501830770213715,0.23617413467098322,3.756929793036984
2015-03-11,-0.00010165882359447487,0.0,-0.0,-0.001,0.23593796053631225,3.756547867973897
2015-03-12,0.025923443540683877,-1.0,-0.025923443540683877,-0.026923443540683878,0.22958569817670874,3.8539305245371946
2015-03-13,0.0008954623733852252,-1.0,-0.0008954623733852252,-0.0008954623733852252,0.22938011282252413,3.8573815743115585
2015-03-16,0.02345718205802183,-1.0,-0.02345718205802183,-0.02345718205802183,0.22399950175555658,3.9478648761674435
2015-03-17,0.003010429979269924,-1.0,-0.003010429979269924,-0.003010429979269924,0.22332516694013013,3.959749646944765
2015-03-18,0.03505023515825334,-1.0,-0.03505023515825334,-0.03505023515825334,0.21549756732212239,4.09853980323799
2015-03-19,-0.013283641978084293,-1.0,0.013283641978084293,0.013283641978084293,0.2183601598535776,4.044096267858848
2015-03-20,0.004835161212440875,-1.0,-0.004835161212440875,-0.004835161212440875,0.21730435327831119,4.063650125272575
2015-03-23,-0.0023584238846457994,-1.0,0.0023584238846457994,0.0023584238846457994,0.21781684905532023,4.054066315758289
2015-03-24,-0.008511693192541192,-1.0,0.008511693192541192,0.008511693192541192,0.21967083924664516,4.019559347096338
2015-03-25,-0.013544164938758652,0.0,-0.0,-0.001,0.2194511684073985,3.965117772318137
2015-03-26,-0.0067685944496022055,-1.0,0.0067685944496022055,0.0057685944496022054,0.22071709319943214,3.938279498172405
2015-03-27,0.007982634032262625,0.0,0.0,-0.001,0.2204963761062327,3.9697173421230785
2015-03-30,0.011589803991139291,1.0,0.011589803991139291,0.01058980399113929,0.22283138950995426,4.015725588018511
2015-03-31,-0.006587795909367977,0.0,-0.0,-0.001,0.2226085581204443,3.9892708074166183
2015-04-01,0.006823745241602008,-1.0,-0.006823745241602008,-0.00782374524160201,0.2208669254731096,4.016492575106189
2015-04-02,-9.547970939027817e-05,-1.0,9.547970939027817e-05,9.547970939027817e-05,0.2208880137829677,4.01610908156235
2015-04-06,0.007541664567474626,-1.0,-0.007541664567474626,-0.007541664567474626,0.21922215047604085,4.046397229121882
2015-04-07,-0.011843754960376152,-1.0,0.011843754960376152,0.011843754960376152,0.22181856390816582,3.9984726918678177
2015-04-08,-0.0023972598373707132,0.0,-0.0,-0.001,0.22159674534425766,3.9888873138727794
2015-04-09,-0.0002883231389689822,-1.0,0.0002883231389689822,-0.0007116768610310178,0.22143904006811638,3.98773722536145
2015-04-10,0.008556807239086472,-1.0,-0.008556807239086472,-0.008556807239086472,0.21954422888704517,4.021859524118997
2015-04-13,-0.010962881729710161,-1.0,0.010962881729710161,0.010962881729710161,0.22195106630277428,3.9777683538225723
2015-04-14,0.005879483743414182,0.0,0.0,-0.001,0.2217291152364715,4.00115557819394
2015-04-15,-0.0017245365277456237,1.0,-0.0017245365277456237,-0.0027245365277456237,0.22112500616274502,3.994255439246151
2015-04-16,-0.004031295355017894,1.0,-0.004031295355017894,-0.004031295355017894,0.22023358595252285,3.9781534158471628
2015-04-17,-0.005879308917285386,1.0,-0.005879308917285386,-0.005879308917285386,0.21893876466674644,3.954764622995043
2015-04-20,0.013087777783616694,1.0,0.013087777783616694,0.013087777783616694,0.22180418656692438,4.006523703567311
2015-04-21,-0.01052655170871486,0.0,-0.0,-0.001,0.22158238238035746,3.9643488246295178
2015-04-22,-0.0010635967135622648,-1.0,0.0010635967135622648,6.35967135622648e-05,0.22159647429166016,3.9601323562482276
2015-04-23,0.009584344708861492,-1.0,-0.009584344708861492,-0.009584344708861492,0.21947261729578052,3.9980876298432264
2015-04-24,0.007384506805901969,-1.0,-0.007384506805901969,-0.007384506805901969,0.21785192025965072,4.027611535156396
2015-04-27,-0.011708954112255698,-1.0,0.011708954112255698,0.011708954112255698,0.22040273839723776,3.980452416509258
2015-04-28,0.0026970468135334436,0.0,0.0,-0.001,0.22018233565884052,3.9911878830156255
2015-04-29,-0.013448666849208646,-1.0,0.013448666849208646,0.012448666849208645,0.22292331220153808,3.9375117268443502
2015-04-30,-0.017234813516658787,0.0,-0.0,-0.001,0.22270038888933655,3.869649446512531
2015-05-01,0.009412446373719963,-1.0,-0.009412446373719963,-0.010412446373719964,0.22038153303261976,3.906072314412925
2015-05-04,0.008637727808978202,-1.0,-0.008637727808978202,-0.008637727808978202,0.21847793733615864,3.9398119038670094
2015-05-05,-0.02539905607984505,-1.0,0.02539905607984505,0.02539905607984505,0.2240270707187686,3.83974440037665
2015-05-06,-0.0011978843707645126,0.0,-0.0,-0.001,0.22380304364804982,3.8351448305717084
2015-05-07,0.005698359619219051,-1.0,-0.005698359619219051,-0.006698359619219051,0.2223039303778194,3.856998865008095
2015-05-08,0.006063580827970538,-1.0,-0.006063580827970538,-0.006063580827970538,0.22095597252759797,3.880386089379462
2015-05-11,-0.011856615510852486,-1.0,0.011856615510852486,0.011856615510852486,0.22357576253868416,3.834377843484029
2015-05-12,-0.0010001454199168869,0.0,-0.0,-0.001,0.2233521867761455,3.8305429080456377
2015-05-13,0.0029030183652072328,-1.0,-0.0029030183652072328,-0.003903018365207233,0.222480439089249,3.8416630444564084
2015-05-14,0.008782037482914617,-1.0,-0.008782037482914617,-0.008782037482914617,0.22052660753395192,3.8754006733095525
2015-05-15,0.010487093446289952,-1.0,-0.010487093446289952,-0.010487093446289952,0.21821392439335005,3.9160423623123646
2015-05-18,0.0015659604908138114,-1.0,-0.0015659604908138114,-0.0015659604908138114,0.21787221000920462,3.922174729932099
2015-05-19,0.00205279070262665,-1.0,-0.00205279070262665,-0.00205279070262665,0.217424963962137,3.9302261337517805
2015-05-20,9.767521027104209e-05,-1.0,-9.767521027104209e-05,-9.767521027104209e-05,0.21740372693306384,3.9306100194158073
2015-05-21,-0.0035110758756515814,-1.0,0.0035110758756515814,0.0035110758756515814,0.21816704791397526,3.916809349400042
2015-05-22,0.0006848671882242474,-1.0,-0.0006848671882242474,-0.0006848671882242474,0.21801763246130723,3.919491843605976
2015-05-26,-0.011738519168209227,-1.0,0.011738519168209227,0.011738519168209227,0.22057683661896185,3.8734828134701678
2015-05-27,0.00568548956526449,0.0,0.0,-0.001,0.22035625978234288,3.8955054595873837
2015-05-28,0.01428159011635044,1.0,0.01428159011635044,0.013281590116350439,0.22328294130434403,3.951139471857216
2015-05-29,0.0006844741765568152,0.0,0.0,-0.001,0.2230596583630397,3.9538439247936763
2015-06-01,0.011628002691593808,1.0,0.011628002691593808,0.010628002691593808,0.22543033701250806,3.999819232593319
2015-06-02,-0.012653506060932518,0.0,-0.0,-0.001,0.22520490667549556,3.949207495691065
2015-06-03,-0.019565660099006843,-1.0,0.019565660099006843,0.018565660099006842,0.22938598442546135,3.8719386441699237
2015-06-04,0.001496703535527999,0.0,0.0,-0.001,0.2291565984410359,3.8777337884280003
2015-06-05,-0.015941012499967155,-1.0,0.015941012499967155,0.014941012499967155,0.23258043004279336,3.8159187856351244
2015-06-08,-0.00658068953994051,0.0,-0.0,-0.001,0.23234784961275057,3.790807408797233
2015-06-09,0.0007133205474900706,-1.0,-0.0007133205474900706,-0.0017133205474900706,0.23194976326784392,3.7935114696135055
2015-06-10,0.009471221814282504,-1.0,-0.009471221814282504,-0.009471221814282504,0.22975291561016384,3.8294406581972398
2015-06-11,0.005548850310777675,-1.0,-0.005548850310777675,-0.005548850310777675,0.2284780510729783,3.850689651183582
2015-06-12,-0.00431417885848695,-1.0,0.00431417885848695,0.00431417885848695,0.22946374625054566,3.8340770872998515
2015-06-15,-0.001209268618507786,-1.0,0.001209268618507786,0.001209268618507786,0.22974122955797166,3.82944065819724
2015-06-16,0.004136499464928667,-1.0,-0.004136499464928667,-0.004136499464928667,0.22879090508483305,3.8452811374308493
2015-06-17,0.01175519947005954,-1.0,-0.01175519947005954,-0.01175519947005954,0.22610142235862538,3.890483184219806
2015-06-18,0.015491762467167769,-1.0,-0.015491762467167769,-0.015491762467167769,0.22259871282995677,3.9507536255922497
2015-06-19,-0.01271249356350801,-1.0,0.01271249356350801,0.01271249356350801,0.22542849753405275,3.9005296955559023
2015-06-22,-0.001981445985088759,0.0,-0.0,-0.001,0.2252030690365187,3.8928010066509238
2015-06-23,-0.014588865695344788,-1.0,0.014588865695344788,0.013588865695344787,0.2282633232958354,3.8360094555861903
2015-06-24,-0.007654400265610706,0.0,-0.0,-0.001,0.22803505997253956,3.8066471037904663
2015-06-25,-0.005480611685914627,-1.0,0.005480611685914627,0.004480611685914627,0.22905679652705077,3.7857843491892793
2015-06-26,0.0072455219260598724,0.0,0.0,-0.001,0.22882773973052373,3.8132143326986645
2015-06-29,-0.005369883365968775,1.0,-0.005369883365968775,-0.006369883365968775,0.22737013371754203,3.7927378164826324
2015-06-30,-0.0014258115836154328,1.0,-0.0014258115836154328,-0.0014258115836154328,0.22704594674711936,3.7873300869702753
2015-07-01,0.004080407139961828,1.0,0.004080407139961828,0.004080407139961828,0.2279723866493257,3.802783935698541
2015-07-02,0.018185284686357273,1.0,0.018185284686357273,0.018185284686357273,0.23211812940117202,3.871938644169925
2015-07-06,0.0023949889648622325,0.0,0.0,-0.001,0.23188601127177086,3.8812118944953355
2015-07-07,0.024088867910498468,1.0,0.024088867910498468,0.023088867910498467,0.23723999675631716,3.9747058951544894
2015-07-08,-0.009039458398050315,0.0,-0.0,-0.001,0.23700275675956084,3.938776706570755
2015-07-09,-0.007553146796060006,-1.0,0.007553146796060006,0.006553146796060006,0.23855587061567715,3.909026547909124
2015-07-10,0.004546817869484743,0.0,0.0,-0.001,0.2383173147450615,3.926800179669448
2015-07-13,0.003246664736755278,1.0,0.003246664736755278,0.002246664736755278,0.23885273385225744,3.939549183341065
2015-07-14,0.0001960825298428226,1.0,0.0001960825298428226,0.0001960825298428226,0.23889956870057108,3.940321660111375
2015-07-15,0.007647809281941198,1.0,0.007647809281941198,0.007647809281941198,0.24072662703953104,3.9704564886774087
2015-07-16,0.016152803025911266,0.0,0.0,-0.001,0.24048590041249152,4.034590490261966
2015-07-17,-0.0074690198468914115,1.0,-0.0074690198468914115,-0.008469019846891412,0.23844922054900058,4.00445605381612
2015-07-20,-0.004824565784183332,1.0,-0.004824565784183332,-0.004824565784183332,0.23729880659827468,3.9851362921546127
2015-07-21,-0.009887978488343219,1.0,-0.009887978488343219,-0.009887978488343219,0.2349524011033214,3.9457313502246723
2015-07-22,0.006560261627363895,1.0,0.006560261627363895,0.006560261627363895,0.23649375032453654,3.971616380193438
2015-07-23,-0.007101003113075488,1.0,-0.007101003113075488,-0.007101003113075488,0.2348144074672591,3.943413919913743
2015-07-24,0.0020571470846244555,1.0,0.0020571470846244555,0.0020571470846244555,0.23529745524100817,3.951526102362561
2015-07-27,0.011927956342421497,1.0,0.011927956342421497,0.011927956342421497,0.2381040730146058,3.9986597331974805
2015-07-28,0.005700494707741255,0.0,0.0,-0.001,0.23786596894159118,4.021454071844631
2015-07-29,0.004803490596954729,1.0,0.004803490596954729,0.0038034905969547292,0.23877068991779607,4.040771088664822
2015-07-30,0.0028682387944412024,0.0,0.0,-0.001,0.23853191922787828,4.052360985060786
2015-07-31,0.0029556377592812044,1.0,0.0029556377592812044,0.0019556377592812044,0.23899840125591415,4.06433829620247
2015-08-03,0.02385945359358277,1.0,0.02385945359358277,0.02385945359358277,0.2447007725196201,4.161311187169334
2015-08-04,-0.010862452903865893,0.0,-0.0,-0.001,0.2444560717471005,4.1161091403803765
2015-08-05,-0.00544419104015792,-1.0,0.00544419104015792,0.00444419104015792,0.2455424812308712,4.093700255878005
2015-08-06,-0.0019818174712583625,-1.0,0.0019818174712583625,0.0019818174712583625,0.24602910161011068,4.085587289188811
2015-08-07,0.011820556275699001,-1.0,-0.011820556275699001,-0.011820556275699001,0.2431209007690687,4.133881203659948
2015-08-10,-0.004392555269524978,-1.0,0.004392555269524978,0.004392555269524978,0.24418882276287354,4.1157229019952215
2015-08-11,0.0009384460381618442,-1.0,-0.0009384460381618442,-0.0009384460381618442,0.24395966472958833,4.119585285846771
2015-08-12,0.01659949028762342,-1.0,-0.01659949028762342,-0.01659949028762342,0.23991005864433765,4.187968301788221
2015-08-13,0.00479704817777904,-1.0,-0.00479704817777904,-0.00479704817777904,0.23875919853468697,4.20805818749891
2015-08-14,0.0011016113978667974,-1.0,-0.0011016113978667974,-0.0011016113978667974,0.23849617868023562,4.212693832361145
2015-08-17,0.004494211967301931,-1.0,-0.004494211967301931,-0.004494211967301931,0.23742432629985513,4.231626571397122
2015-08-18,-0.00018282641859357351,-1.0,0.00018282641859357351,0.00018282641859357351,0.23746773373911956,4.230852918266248
2015-08-19,-0.004017911924019235,-1.0,0.004017911924019235,0.004017911924019235,0.23842185817807976,4.2138537238771745
2015-08-20,-0.007518286239434957,-1.0,0.007518286239434957,0.007518286239434957,0.24021438195360054,4.182172765409957
2015-08-21,-0.0119166046757323,-1.0,0.0119166046757323,0.0119166046757323,0.24307692178076698,4.132335465878953
2015-08-24,-0.03664925390767004,0.0,-0.0,-0.001,0.2428338448589862,3.980888454158285
2015-08-25,-0.0245535580166496,-1.0,0.0245535580166496,0.0235535580166496,0.2485534459122784,3.883143478541299
2015-08-26,0.019250037009203913,0.0,0.0,-0.001,0.2483048924663661,3.957894134215268
2015-08-27,0.005901873806047231,1.0,0.005901873806047231,0.004901873806047231,0.24952205171466038,3.981253125933101
2015-08-28,-0.004302607714161466,1.0,-0.004302607714161466,-0.004302607714161466,0.24844845621009948,3.9641233555214317
2015-08-31,-0.03349041392913177,1.0,-0.03349041392913177,-0.03349041392913177,0.24012781457156948,3.8313632234788804
2015-09-01,-0.031094608577110217,1.0,-0.031094608577110217,-0.031094608577110217,0.23266113416898962,3.7122284837280692
2015-09-02,-0.0032509537271729894,1.0,-0.0032509537271729894,-0.0032509537271729894,0.23190476358769466,3.7001602007027756
2015-09-03,0.0013678043629641312,1.0,0.0013678043629641312,0.0013678043629641312,0.23222196393512207,3.705221295968963
2015-09-04,-0.005779432286210917,1.0,-0.005779432286210917,-0.005779432286210917,0.2308798528191881,3.6838072203834837
2015-09-08,0.026104606833701194,1.0,0.026104606833701194,0.026104606833701194,0.2369068806028558,3.7799715595227443
2015-09-09,-0.01843663409382057,0.0,-0.0,-0.001,0.23666997372225296,3.710281606994775
2015-09-10,0.0005247247889819118,-1.0,-0.0005247247889819118,-0.0015247247889819118,0.23630911714651093,3.712228483728069
2015-09-11,0.005243862196828042,-1.0,-0.005243862196828042,-0.005243862196828042,0.23506994470034054,3.7316948983398786
2015-09-14,0.002921282056239649,-1.0,-0.002921282056239649,-0.002921282056239649,0.2343832390889262,3.7425962316857597
2015-09-15,0.001040074019491577,-1.0,-0.001040074019491577,-0.001040074019491577,0.2341394631713455,3.746488808791783
2015-09-16,0.013301459844847097,-1.0,-0.013301459844847097,-0.013301459844847097,0.2310250665038778,3.796322579241096
2015-09-17,0.012203858729737727,-1.0,-0.012203858729737727,-0.012203858729737727,0.2282056692292362,3.842652363690668
2015-09-18,-0.014285670552507845,-1.0,0.014285670552507845,0.014285670552507845,0.23146574023805966,3.7877574979751674
2015-09-21,0.007811952460147431,-1.0,-0.007811952460147431,-0.007811952460147431,0.2296575408791671,3.8173472794799164
2015-09-22,-0.010199025263719741,-1.0,0.010199025263719741,0.010199025263719741,0.23199982394059745,3.778414058136109
2015-09-23,-0.0007213681149481621,0.0,-0.0,-0.001,0.23176782411665686,3.7756884307094976
2015-09-24,0.00556823381597038,-1.0,-0.00556823381597038,-0.00656823381597038,0.23024551885683997,3.796712346707942
2015-09-25,0.011177356477992006,-1.0,-0.011177356477992006,-0.011177356477992006,0.22767198261511684,3.8391495540514904
2015-09-28,-0.010749435155458564,-1.0,0.010749435155458564,0.010749435155458564,0.2301193278289527,3.797880864868106
2015-09-29,-0.007791129463397994,-1.0,0.007791129463397994,0.007791129463397994,0.23191221730409817,3.7682910833633567
2015-09-30,0.00785230781013313,0.0,0.0,-0.001,0.23168030508679407,3.7978808648681057
2015-10-01,-0.01025130137808039,1.0,-0.01025130137808039,-0.011251301378080392,0.22907360015089695,3.7589476435242983
2015-10-02,0.020610954503097245,1.0,0.020610954503097245,0.020610954503097245,0.2337950257014678,3.8364231423845023
2015-10-05,0.022122910600938628,0.0,0.0,-0.001,0.2335612306757663,3.9212959885908467
2015-10-06,-0.008637692695375287,1.0,-0.008637692695375287,-0.009637692695375288,0.2313102393089596,3.887425038873791
2015-10-07,0.0008011006004622345,1.0,0.0008011006004622345,0.0008011006004622345,0.23149554208056308,3.890539257406685
2015-10-08,0.009206592793668644,1.0,0.009206592793668644,0.009206592793668644,0.2336268272700484,3.9263578680974103
2015-10-09,0.001983092431761424,0.0,0.0,-0.001,0.23339320044277836,3.934144198670021
2015-10-12,0.003958534461157459,1.0,0.003958534461157459,0.002958534461157459,0.23408370226928818,3.949717644055619
2015-10-13,-0.0020702447660125856,0.0,-0.0,-0.001,0.23384961856701889,3.9415407617757854
2015-10-14,-0.0030618186528296176,-1.0,0.0030618186528296176,0.0020618186528296176,0.23433177407253747,3.929472478750492
2015-10-15,0.022490662694245378,-1.0,-0.022490662694245378,-0.022490662694245378,0.2290614971833279,4.01784891883639
2015-10-16,0.00445753382651759,-1.0,-0.00445753382651759,-0.00445753382651759,0.22804044781128047,4.0357586163019405
2015-10-19,0.0010611974352872089,-1.0,-0.0010611974352872089,-0.0010611974352872089,0.2277984518729214,4.040041352994998
2015-10-20,0.0016383467877387758,-1.0,-0.0016383467877387758,-0.0016383467877387758,0.22742523901104353,4.04666034176801
2015-10-21,0.002501272050859926,-1.0,-0.002501272050859926,-0.002501272050859926,0.22685638661704507,4.056782140180197
2015-10-22,0.01449144103643607,-1.0,-0.01449144103643607,-0.01449144103643607,0.22356891066664522,4.115570759362286
2015-10-23,-0.010878944846583138,-1.0,0.010878944846583138,0.010878944846583138,0.22600110451519834,4.0707976920589735
2015-10-26,-0.006789766994284574,0.0,-0.0,-0.001,0.22577510341068313,4.043157924249021
2015-10-27,0.0024068430883199543,-1.0,-0.0024068430883199543,-0.0034068430883199543,0.22500592306011372,4.052889170953986
2015-10-28,-0.01104719754593586,-1.0,0.01104719754593586,0.01104719754593586,0.22749160794116444,4.008116103650672
2015-10-29,-0.011364699169958081,0.0,-0.0,-0.001,0.22726411633322327,3.962565069894418
2015-10-30,0.00864589788160619,-1.0,-0.00864589788160619,-0.009645897881606191,0.22507194987491952,3.996825002837945
2015-11-02,-0.004188129000534446,-1.0,0.004188129000534446,0.004188129000534446,0.22601458023539747,3.980085784133498
2015-11-03,0.0007824501032889231,-1.0,-0.0007824501032889231,-0.0007824501032889231,0.2258377351037475,3.983200002666392
2015-11-04,0.008894567985580082,-1.0,-0.008894567985580082,-0.008894567985580082,0.2238290060151578,4.018628845890271
2015-11-05,-0.010850701305230026,-1.0,0.010850701305230026,0.010850701305230026,0.2262577077028748,3.9750239046269344
2015-11-06,-0.0319292424115829,0.0,-0.0,-0.001,0.2260314499951719,3.8481044027842644
2015-11-09,0.0007082020187527682,-1.0,-0.0007082020187527682,-0.0017082020187527682,0.22564534261598854,3.8508296380906875
2015-11-10,0.0009097264975610475,-1.0,-0.0009097264975610475,-0.0009097264975610475,0.22544006706875952,3.854332839850052
2015-11-11,0.007272926673142388,-1.0,-0.007272926673142388,-0.007272926673142388,0.22380045799178014,3.882365119968166
2015-11-12,0.010128111858277888,-1.0,-0.010128111858277888,-0.010128111858277888,0.22153378191930556,3.92168614817788
2015-11-13,-0.002978432163627809,-1.0,0.002978432163627809,0.002978432163627809,0.2221936052607041,3.9100056720184933
2015-11-16,0.01682764798328673,-1.0,-0.01682764798328673,-0.01682764798328673,0.21845460948723963,3.975801871079875
2015-11-17,-0.013415202693139894,-1.0,0.013415202693139894,0.013415202693139894,0.22138522235276165,3.922465683111574
2015-11-18,-0.010422240911754144,0.0,-0.0,-0.001,0.22116383713040888,3.8815848007940965
2015-11-19,0.012939127890819302,-1.0,-0.012939127890819302,-0.013939127890819303,0.21808100611982378,3.931809122950632
2015-11-20,0.00029709632473196024,-1.0,-0.00029709632473196024,-0.00029709632473196024,0.21801621505441174,3.932977248990608
2015-11-23,-0.00524644492588755,-1.0,0.00524644492588755,0.00524644492588755,0.21916002511964516,3.91234310045901
2015-11-24,-0.0031090239068102266,-1.0,0.0031090239068102266,0.0031090239068102266,0.21984139887715926,3.9001795322280386
2015-11-25,-0.005331181530420892,-1.0,0.005331181530420892,0.005331181530420892,0.22101341328247506,3.879386967140499
2015-11-27,0.004955544940132617,-1.0,-0.004955544940132617,-0.004955544940132617,0.21991817138058165,3.8986114435963284
2015-11-30,0.004930806871467297,-1.0,-0.004930806871467297,-0.004930806871467297,0.21883379734997774,3.917834743691594
2015-12-01,0.007110105447547754,-1.0,-0.007110105447547754,-0.007110105447547754,0.2172778659753321,3.9456909618453078
2015-12-02,-0.025653784420160752,-1.0,0.025653784420160752,0.025653784420160752,0.22285186550833586,3.8444690565215516
2015-12-03,-0.016022336292201178,0.0,-0.0,-0.001,0.22262901364282753,3.782871680433002
2015-12-04,0.017838912226054715,-1.0,-0.017838912226054715,-0.018838912226054716,0.21843492519583715,3.8503539963026743
2015-12-07,0.00438136201067274,-1.0,-0.00438136201067274,-0.00438136201067274,0.21747788271277999,3.867223791029717
2015-12-08,0.007811632590754458,-1.0,-0.007811632590754458,-0.007811632590754458,0.21577902539641255,3.897433122431466
2015-12-09,-0.005838088155161292,-1.0,0.005838088155161292,0.005838088155161292,0.21703876236871159,3.8746795642838654
2015-12-10,-0.0117459575643305,-1.0,0.0117459575643305,0.0117459575643305,0.21958809046130925,3.8291677425464083
2015-12-11,-0.0019464857729277751,0.0,-0.0,-0.001,0.21936850237084796,3.821714322013388
2015-12-14,0.005851461526409585,-1.0,-0.005851461526409585,-0.006851461526409585,0.217865507516748,3.844076936333578
2015-12-15,0.007552446810583424,-1.0,-0.007552446810583424,-0.007552446810583424,0.216220089859367,3.873109122931028
2015-12-16,0.04993909298767529,-1.0,-0.04993909298767529,-0.04993909298767529,0.20542225468607656,4.066528679572494
2015-12-17,-0.002315098290188722,-1.0,0.002315098290188722,0.002315098290188722,0.205897827396667,4.057114265979412
2015-12-18,-0.012571945069152601,-1.0,0.012571945069152601,0.012571945069152601,0.20848636357255576,4.006108448288243
2015-12-21,0.0018610033228496636,0.0,0.0,-0.001,0.2082778772089832,4.013563829422203
2015-12-22,0.005963043492066111,1.0,0.005963043492066111,0.004963043492066111,0.2093115693720066,4.037496885095232
2015-12-23,0.010397432934042161,1.0,0.010397432934042161,0.010397432934042161,0.21148787237687114,4.079476488179414
2015-12-24,-0.00048108171391580967,0.0,-0.0,-0.001,0.21127638450449426,4.077513926638601
2015-12-28,0.0005773835849385289,1.0,0.0005773835849385289,-0.0004226164150614711,0.21118709563628782,4.079868216247201
2015-12-29,0.006347073905605738,1.0,0.006347073905605738,0.006347073905605738,0.21252751574020157,4.105763441340854
2015-12-30,0.0024841758067959407,0.0,0.0,-0.001,0.21231498822446138,4.115962879550261
2015-12-31,-0.009722686786792778,1.0,-0.009722686786792778,-0.010722686786792779,0.21003840110558888,4.075944661646328
2016-01-04,-0.0030801478186190945,1.0,-0.0030801478186190945,-0.0030801478186190945,0.20939145178259727,4.063390149587946
2016-01-05,0.009752076068837434,1.0,0.009752076068837434,0.009752076068837434,0.21143345314854547,4.103016639424092
2016-01-06,-0.003251057874430474,0.0,-0.0,-0.001,0.21122201969539692,4.089677494869573
2016-01-07,0.004412610851003418,1.0,0.004412610851003418,0.003412610851003418,0.2119428382517803,4.107723650160539
2016-01-08,0.004489066337014069,1.0,0.004489066337014069,0.004489066337014069,0.2128942637123476,4.126163494120231
2016-01-11,0.0038988088704601243,1.0,0.0038988088704601243,0.0038988088704601243,0.21372429775617938,4.142250616952076
2016-01-12,-0.0018944071538388174,1.0,-0.0018944071538388174,-0.0018944071538388174,0.2133194169175609,4.134403507750329
2016-01-13,-0.007211974147631972,1.0,-0.007211974147631972,-0.007211974147631972,0.21178096279756353,4.104586296536555
2016-01-14,0.010227391491175686,1.0,0.010227391491175686,0.010227391491175686,0.21394692961447231,4.146565507500549
2016-01-15,-0.0040684722854889,1.0,-0.0040684722854889,-0.0040684722854889,0.2130764924607704,4.129695320653319
2016-01-19,0.024225605191484645,1.0,0.024225605191484645,0.024225605191484645,0.21823839944271137,4.229739689052588
2016-01-20,-0.023188800803200516,0.0,-0.0,-0.001,0.21802016104326866,4.131657097953756
2016-01-21,-0.0025639879465233495,-1.0,0.0025639879465233495,0.0015639879465233495,0.21836114194723943,4.121063578955435
2016-01-22,0.014851620337221982,-1.0,-0.014851620337221982,-0.014851620337221982,0.2151181251706368,4.182268050615634
2016-01-25,-0.0016884839469327728,-1.0,0.0016884839469327728,0.0016884839469327728,0.21548134867168173,4.175206358150399
2016-01-26,0.001315110804401165,-1.0,-0.001315110804401165,-0.001315110804401165,0.21519796682189665,4.180697217142607
2016-01-27,0.001595606735276256,-1.0,-0.001595606735276256,-0.001595606735276256,0.21485459549661787,4.187367965780431
2016-01-28,0.014709910404617998,-1.0,-0.014709910404617998,-0.014709910404617998,0.21169410364684219,4.248963773388229
2016-01-29,0.03148671666541625,-1.0,-0.03148671666541625,-0.03148671666541625,0.2050285513855748,4.3827496918425215
2016-02-01,0.011368556141388542,-1.0,-0.011368556141388542,-0.011368556141388542,0.20269767278856032,4.432575227767886
2016-02-02,0.008231686064307242,-1.0,-0.008231686064307242,-0.008231686064307242,0.20102912918019922,4.469062795499297
2016-02-03,0.0073742828925340564,-1.0,-0.0073742828925340564,-0.0073742828925340564,0.19954668351198465,4.502018928817808
2016-02-04,-0.01071915515613231,-1.0,0.01071915515613231,0.01071915515613231,0.20168565537344124,4.453761089403965
2016-02-05,0.0007929986503967257,0.0,0.0,-0.001,0.2014839697180678,4.457292915937052
2016-02-08,0.004928935635638121,-1.0,-0.004928935635638121,-0.005928935635638121,0.20028938422999654,4.479262625828892
2016-02-09,0.010335643604920008,-1.0,-0.010335643604920008,-0.010335643604920008,0.1982192645367464,4.525558687942298
2016-02-10,-0.01395766872473303,-1.0,0.01395766872473303,0.01395766872473303,0.2009859433660105,4.462392438981662
2016-02-11,-0.01617700622091156,0.0,-0.0,-0.001,0.2007849574226445,4.390204288736107
2016-02-12,-0.0020551858027300085,-1.0,0.0020551858027300085,0.0010551858027300085,0.20099682285911863,4.381181603210812
2016-02-16,0.0060892908637903975,-1.0,-0.0060892908637903975,-0.0060892908637903975,0.1997728947420317,4.40785989231985
2016-02-17,-0.008189060602108666,-1.0,0.008189060602108666,0.008189060602108666,0.20140884708373286,4.371763660536039
2016-02-18,0.026025290069817686,-1.0,-0.026025290069817686,-0.026025290069817686,0.19616712341575115,4.485540077918177
2016-02-19,0.003673771856538499,-1.0,-0.003673771856538499,-0.003673771856538499,0.19544645015856826,4.502018928817808
2016-02-22,0.00827882258526147,-1.0,-0.00827882258526147,-0.00827882258526147,0.19382838367278632,4.5392903448049795
2016-02-23,0.0036302702951114263,-1.0,-0.0036302702951114263,-0.0036302702951114263,0.19312473424918955,4.555769195704611
2016-02-24,0.00650740753938317,-1.0,-0.00650740753938317,-0.00650740753938317,0.191867992897495,4.585415442516429
2016-02-25,-0.0013791802446112555,-1.0,0.0013791802446112555,0.0013791802446112555,0.19213261344287244,4.579091328124775
2016-02-26,-0.02866051109907497,-1.0,0.02866051109907497,0.02866051109907497,0.19763923234294617,4.447852230291377
2016-02-29,0.0026662942811672696,0.0,0.0,-0.001,0.19744159311060322,4.45971151325648
2016-03-01,-0.0019498250643962267,-1.0,0.0019498250643962267,0.0009498250643962267,0.19762912808449398,4.451015855967957
2016-03-02,-0.0021317660093002067,-1.0,0.0021317660093002067,0.0021317660093002067,0.19805042714219218,4.441527331659348
2016-03-03,-0.0065856186932514715,-1.0,0.0065856186932514715,0.0065856186932514715,0.19935471173738625,4.4122771262373846
2016-03-04,0.023920050897771716,-1.0,-0.023920050897771716,-0.023920050897771716,0.19458613688591736,4.517819019672057
2016-03-07,0.0014001629646653857,-1.0,-0.0014001629646653857,-0.0014001629646653857,0.1943136845836124,4.524144702544463
2016-03-08,0.008737396044670387,-1.0,-0.008737396044670387,-0.008737396044670387,0.1926158889645062,4.563673946573991
2016-03-09,0.007016136245552085,-1.0,-0.007016136245552085,-0.007016136245552085,0.1912644696444731,4.595693304763431
2016-03-10,-0.004903023980824761,-1.0,0.004903023980824761,0.004903023980824761,0.1922022439258197,4.57316051028166
2016-03-11,0.0011238440663141613,-1.0,-0.0011238440663141613,-0.0011238440663141613,0.1919862385744514,4.578300029585442
2016-03-14,0.0001728367591069535,-1.0,-0.0001728367591069535,-0.0001728367591069535,0.19195305629518306,4.579091328124775
2016-03-15,-0.0020717131474103923,-1.0,0.0020717131474103923,0.0020717131474103923,0.19235072796559538,4.5696047644171065
2016-03-16,0.013148832693673063,-1.0,-0.013148832693673063,-0.013148832693673063,0.18982154042506955,4.629689732940638
2016-03-17,0.010331153716079067,-1.0,-0.010331153716079067,-0.010331153716079067,0.18786046491231523,4.6775197692294
2016-03-18,0.0014365244558312007,-1.0,-0.0014365244558312007,-0.0014365244558312007,0.18759059876018486,4.684239140770532
2016-03-21,-0.007848030546310891,-1.0,0.007848030546310891,0.007848030546310891,0.18906281550945553,4.647477088907539
2016-03-22,-0.004507948962954034,0.0,-0.0,-0.001,0.18887375269394607,4.626526499384246
2016-03-23,0.005553725794249731,-1.0,-0.005553725794249731,-0.006553725794249731,0.187635925909059,4.6522209589416565
2016-03-24,0.006712337114966882,-1.0,-0.006712337114966882,-0.006712337114966882,0.18637645031947844,4.6834482343513875
2016-03-28,-0.007596004993339678,-1.0,0.007596004993339678,0.007596004993339678,0.18779216676674612,4.647872738177206
2016-03-29,0.012161711148666932,0.0,0.0,-0.001,0.18760437459997936,4.704398823874681
2016-03-30,-0.00428528359497049,1.0,-0.00428528359497049,-0.00528528359497049,0.1866128322765614,4.684239140770532
2016-03-31,-0.0013505858523997771,1.0,-0.0013505858523997771,-0.0013505858523997771,0.1863607956254124,4.67791267365775
2016-04-01,0.0031270450375795455,1.0,0.0031270450375795455,0.0031270450375795455,0.18694355422657224,4.692540717270142
2016-04-04,8.398025987577107e-05,1.0,8.398025987577107e-05,8.398025987577107e-05,0.1869592537948383,4.692934798059056
2016-04-05,-0.01996281282004342,1.0,-0.01996281282004342,-0.01996281282004342,0.18322702120635695,4.5992506191087354
2016-04-06,0.0030940766051454904,1.0,0.0030940766051454904,0.0030940766051454904,0.18379393964610202,4.613481052850521
2016-04-07,-0.004455237981426552,1.0,-0.004455237981426552,-0.004455237981426552,0.18297509390543468,4.592926896837269
2016-04-08,0.005335924629082722,1.0,0.005335924629082722,0.005335924629082722,0.1839514352155134,4.617434408585679
2016-04-11,-0.004965454293932026,1.0,-0.004965454293932026,-0.004965454293932026,0.18303803277164757,4.594506749074618
2016-04-12,0.0070552512706227866,1.0,0.0070552512706227866,0.0070552512706227866,0.18432941208493203,4.626922148653912
2016-04-13,-0.004869677378894766,1.0,-0.004869677378894766,-0.004869677378894766,0.18343178731663706,4.604390530532704
2016-04-14,-0.0028336030421313163,1.0,-0.0028336030421313163,-0.0028336030421313163,0.18291201444607305,4.5913435155182265
2016-04-15,0.011020562692645175,1.0,0.011020562692645175,0.011020562692645175,0.18492780776851403,4.641942704574465
2016-04-18,0.0028954066041728677,0.0,0.0,-0.001,0.1847428799607455,4.655383016137482
2016-04-19,0.0028019757188495475,1.0,0.0028019757188495475,0.0018019757188495475,0.18507578214466514,4.668427286310644
2016-04-20,-0.021930682553416236,1.0,-0.021930682553416236,-0.021930682553416236,0.18101694391812526,4.566045489470858
2016-04-21,-0.022508642488452746,1.0,-0.022508642488452746,-0.022508642488452746,0.17694249824311986,4.4632700039623465
2016-04-22,0.013550390018698177,1.0,0.013550390018698177,0.013550390018698177,0.17934013810519694,4.523749053274793
2016-04-25,0.0002621214029492336,1.0,0.0002621214029492336,0.0002621214029492336,0.17938714699380218,4.5249348247232275
2016-04-26,0.009172798200432819,1.0,0.009172798200432819,0.009172798200432819,0.1810326290929277,4.566441138740524
2016-04-27,0.011859416424212732,0.0,0.0,-0.001,0.18085159646383478,4.620596465781504
2016-04-28,-0.0035931224208377577,1.0,-0.0035931224208377577,-0.004593122420837758,0.18002092294127245,4.603994097022661
2016-04-29,0.009530559820421614,1.0,0.009530559820421614,0.009530559820421614,0.18173662311629177,4.647872738177203
2016-05-02,0.00408210992084479,1.0,0.00408210992084479,0.00408210992084479,0.1824784919884956,4.66684586559254
2016-05-03,0.003049261568011552,1.0,0.003049261568011552,0.003049261568011552,0.18303491664110483,4.681076299334325
2016-05-04,0.008782310331808985,1.0,0.008782310331808985,0.008782310331808985,0.1846423860806038,4.722186964081955
2016-05-05,-0.005106245665943976,0.0,-0.0,-0.001,0.1844577436945232,4.698074317362835
2016-05-06,-0.0030291598260943076,-1.0,0.0030291598260943076,0.0020291598260943075,0.18483203793764014,4.683843099380674
2016-05-09,0.0033757455158540672,-1.0,-0.0033757455158540672,-0.0033757455158540672,0.18420809201438598,4.699654561720372
2016-05-10,0.005972012241723945,-1.0,-0.005972012241723945,-0.005972012241723945,0.18310799903385147,4.72772095629484
2016-05-11,0.0007526862813531654,-1.0,-0.0007526862813531654,-0.0007526862813531654,0.18297017615497266,4.731279447000709
2016-05-12,0.012198104557715528,-1.0,-0.012198104557715528,-0.012198104557715528,0.18073828681529067,4.788992088386994
2016-05-13,-0.003219091805894525,-1.0,0.003219091805894525,0.003219091805894525,0.18132009995338919,4.773575883196774
2016-05-16,0.005962087135466865,-1.0,-0.005962087135466865,-0.005962087135466865,0.18023905371805551,4.802036358560156
2016-05-17,-0.013993897604328787,-1.0,0.013993897604328787,0.013993897604328787,0.1827613005800871,4.734837153466201
2016-05-18,-0.014693708403602734,0.0,-0.0,-0.001,0.182578539279507,4.665264836994624
2016-05-19,0.003304633277910085,-1.0,-0.003304633277910085,-0.004304633277910085,0.18179260562349223,4.680681826425221
2016-05-20,0.007769466915699352,-1.0,-0.007769466915699352,-0.007769466915699352,0.18038017398858172,4.7170482290185465
2016-05-23,-0.011229302924337103,-1.0,0.011229302924337103,0.011229302924337103,0.18240571760384414,4.664079065546189
2016-05-24,0.01610296982289472,0.0,0.0,-0.001,0.1822233118862403,4.739184589990274
2016-05-25,-0.00658941452423123,1.0,-0.00658941452423123,-0.00758941452423123,0.18084034363635734,4.70795613821998
2016-05-26,0.01344848181525693,1.0,0.01344848181525693,0.01344848181525693,0.1832723717092157,4.771271000731859
2016-05-27,0.00016699705840261814,0.0,0.0,-0.001,0.1830890993375065,4.772067788953822
2016-05-31,0.002336418072408364,1.0,0.002336418072408364,0.0013364180724083638,0.18333378291872213,4.7832173343786915
2016-06-01,0.00024970600519980124,1.0,0.00024970600519980124,0.00024970600519980124,0.18337956246527293,4.784411732471262
2016-06-02,-0.0028299232439973343,1.0,-0.0028299232439973343,-0.0028299232439973343,0.18286061237897838,4.770872214500688
2016-06-03,0.016609705937323804,1.0,0.016609705937323804,0.016609705937323804,0.18589787337811217,4.850114999048094
2016-06-06,-0.0004104632972079525,0.0,-0.0,-0.001,0.18571197550473406,4.848124204853747
2016-06-07,-0.005256605272474069,1.0,-0.005256605272474069,-0.006256605272474069,0.18455004897962957,4.822639529596904
2016-06-08,0.014945018168726065,1.0,0.014945018168726065,0.014945018168726065,0.18730815281466942,4.894713964987946
2016-06-09,0.00862362337342737,0.0,0.0,-0.001,0.18712084466185475,4.936924134742657
2016-06-10,-0.0012096581393313821,1.0,-0.0012096581393313821,-0.002209658139331382,0.1867073715644091,4.9309521442798045
2016-06-13,-0.0019386718392150337,1.0,-0.0019386718392150337,-0.0019386718392150337,0.18634540724098334,4.921392646217172
2016-06-14,0.011247159028661802,1.0,0.011247159028661802,0.011247159028661802,0.18844126367048342,4.9767443319516635
2016-06-15,-0.009121891665422432,0.0,-0.0,-0.001,0.18825282240681293,4.931347009309095
2016-06-16,0.008155939463320605,-1.0,-0.008155939463320605,-0.009155939463320606,0.1865291909610569,4.971566776989648
2016-06-17,0.002002574242541577,-1.0,-0.002002574242541577,-0.002002574242541577,0.18615565240775617,4.981522708562323
2016-06-20,-0.006874646717575761,-1.0,0.006874646717575761,0.006874646717575761,0.18743540675253934,4.947276499825375
2016-06-21,0.00024142537669225028,-1.0,-0.00024142537669225028,-0.00024142537669225028,0.18739015508885865,4.948470897917947
2016-06-22,-0.0050694223616083445,-1.0,0.0050694223616083445,0.0050694223616083445,0.18834011493141137,4.923385008892273
2016-06-23,0.0013749017785078532,-1.0,-0.0013749017785078532,-0.0013749017785078532,0.18808116577242778,4.930154179697278
2016-06-24,-8.08076373397526e-05,-1.0,8.08076373397526e-05,8.08076373397526e-05,0.18809636416706196,4.929755785586297
2016-06-27,0.032956431220899196,-1.0,-0.032956431220899196,-0.032956431220899196,0.18189737927848898,5.092222943069801
2016-06-28,0.004535597017275794,-1.0,-0.004535597017275794,-0.004535597017275794,0.18107236606758317,5.115319214261692
2016-06-29,-0.005527054834528755,-1.0,0.005527054834528755,0.005527054834528755,0.18207316296385656,5.087046564468349
2016-06-30,0.02074356160269697,-1.0,-0.02074356160269697,-0.02074356160269697,0.17829631709171792,5.1925700282541865
2016-07-01,-0.005138234378157525,-1.0,0.005138234378157525,0.005138234378157525,0.17921244535769745,5.165889386424021
2016-07-05,0.008787672922557332,-1.0,-0.008787672922557332,-0.008787672922557332,0.17763758500424234,5.211285532706025
2016-07-06,0.00015267094009852045,-1.0,-0.00015267094009852045,-0.00015267094009852045,0.1776104649071429,5.212081144567425
2016-07-07,-0.0195581569434361,-1.0,0.0195581569434361,0.0195581569434361,0.18108419825459343,5.1101424435400515
2016-07-08,0.012467539722355925,0.0,0.0,-0.001,0.18090311405633883,5.173853347441784
2016-07-11,-0.001846973298086474,1.0,-0.001846973298086474,-0.002846973298086474,0.18038808772107973,5.1642973784608435
2016-07-12,-0.01819715584968784,1.0,-0.01819715584968784,-0.01819715584968784,0.17710553757539207,5.0703218542108575
2016-07-13,0.006597022705179034,1.0,0.006597022705179034,0.006597022705179034,0.17827390682798988,5.103770882605652
2016-07-14,-0.007256008893168797,1.0,-0.007256008893168797,-0.007256008893168797,0.17698034977462604,5.066737875692769
2016-07-15,0.0026718487716879125,1.0,0.0026718487716879125,0.0026718487716879125,0.17745321450478427,5.080275433062403
2016-07-18,0.005251810100005194,1.0,0.005251810100005194,0.005251810100005194,0.17838516508899888,5.106956074892569
2016-07-19,-0.0012477007754019276,0.0,-0.0,-0.001,0.17820677992390987,5.100584121837982
2016-07-20,-0.006870004595737278,-1.0,0.006870004595737278,0.005870004595737278,0.17925285454105477,5.0655430854800105
2016-07-21,0.00825399975832819,0.0,0.0,-0.001,0.1790736016865137,5.107354076883364
2016-07-22,0.012084710207800109,1.0,0.012084710207800109,0.011084710207800108,0.18105858066707572,5.169074970831126
2016-07-25,-0.002464882273860547,0.0,-0.0,-0.001,0.18087752208640864,5.156333809563268
2016-07-26,-0.008185929591302044,1.0,-0.008185929591302044,-0.009185929591302044,0.17921599390387372,5.114124424048933
2016-07-27,-0.009810893637341556,1.0,-0.009810893637341556,-0.009810893637341556,0.17745772484957237,5.063950293276458
2016-07-28,0.0019660405407007087,1.0,0.0019660405407007087,0.0019660405407007087,0.17780661393088715,5.073906224849133
2016-07-29,0.006827607904404953,1.0,0.006827607904404953,0.006827607904404953,0.17902060777361714,5.108548867096123
2016-08-01,0.0016368568112201665,0.0,0.0,-0.001,0.17884158716584353,5.11691083010468
2016-08-02,-0.006770379167748142,1.0,-0.006770379167748142,-0.007770379167748142,0.17745192022260303,5.0822674036173145
2016-08-03,0.0036040445663350074,1.0,0.0036040445663350074,0.0036040445663350074,0.178091464851467,5.100584121837983
2016-08-04,-0.004996346012125397,1.0,-0.004996346012125397,-0.004996346012125397,0.1772016582712628,5.075099838701328
2016-08-05,-0.011455401745306126,1.0,-0.011455401745306126,-0.011455401745306126,0.17517174208583103,5.016962531151465
2016-08-08,0.0,1.0,0.0,0.0,0.17517174208583103,5.016962531151465
2016-08-09,0.0006349627662805002,1.0,0.0006349627662805002,0.0006349627662805002,0.17528296961976003,5.0201481155585705
2016-08-10,0.002379677525810253,1.0,0.002379677525810253,0.002379677525810253,0.17570008656322145,5.032094449205404
2016-08-11,0.005143363915068866,1.0,0.005143363915068866,0.005143363915068866,0.1766037760483252,5.057976342212665
2016-08-12,-0.0018105214912792489,0.0,-0.0,-0.001,0.17642717227227686,5.048818767342707
2016-08-15,-0.011593939960663824,1.0,-0.011593939960663824,-0.012593939960663825,0.17420525905725012,4.990283065681863
2016-08-16,-0.01061296773984688,1.0,-0.01061296773984688,-0.01061296773984688,0.17235642426276385,4.937321352493077
2016-08-17,0.014598120439377915,1.0,0.014598120439377915,0.014598120439377915,0.1748725041026522,5.009396964244684
2016-08-18,0.00922078687565242,0.0,0.0,-0.001,0.17469763159854956,5.055587546027525
2016-08-19,-0.014807700392012513,1.0,-0.014807700392012513,-0.015807700392012514,0.17193606377904552,4.980725920340359
2016-08-22,-0.0003197124493161674,1.0,-0.0003197124493161674,-0.0003197124493161674,0.17188109367896895,4.979133520256995
2016-08-23,-0.006158224561422343,1.0,-0.006158224561422343,-0.006158224561422343,0.170822611306231,4.948470897917947
2016-08-24,-0.0009654684181920059,1.0,-0.0009654684181920059,-0.0009654684181920059,0.17065768746990173,4.943693305547664
2016-08-25,0.002899600931089319,1.0,0.002899600931089319,0.002899600931089319,0.17115252665938702,4.95802804325945
2016-08-26,-0.01633798512735607,1.0,-0.01633798512735607,-0.01633798512735607,0.16835623922431653,4.877023854827662
2016-08-29,0.0059201255807603825,1.0,0.0059201255807603825,0.0059201255807603825,0.16935292930282903,4.9058964485086065
2016-08-30,-0.009154593090386354,1.0,-0.009154593090386354,-0.009154593090386354,0.16780257214639666,4.8609849627789385
2016-08-31,-0.0023098943256620874,1.0,-0.0023098943256620874,-0.0023098943256620874,0.16741496593716418,4.849756601196287
2016-09-01,0.0004962792799114712,1.0,0.0004962792799114712,0.0004962792799114712,0.16749805051590588,4.852163434910074
2016-09-02,0.0176031951708453,1.0,0.0176031951708453,0.0176031951708453,0.17044655138987347,4.937577014855635
2016-09-06,0.017542250440140572,0.0,0.0,-0.001,0.1702761048384836,5.024193227417714
2016-09-07,-0.0018358073911656225,1.0,-0.0018358073911656225,-0.0028358073911656225,0.16979323460184373,5.0149697763561765
2016-09-08,0.0025589221798199002,1.0,0.0025589221798199002,0.0025589221798199002,0.17022772227584976,5.027802693748021
2016-09-09,-0.036050346214846596,1.0,-0.036050346214846596,-0.036050346214846596,0.1640909539524406,4.8465486659384664
2016-09-12,0.020105980207696605,1.0,0.020105980207696605,0.020105980207696605,0.16739016342487043,4.9439932774914634
2016-09-13,-0.014194230781127581,1.0,-0.014194230781127581,-0.014194230781127581,0.16501418881472715,4.873817095930407
2016-09-14,0.004607303524644335,1.0,0.004607303524644335,0.004607303524644335,0.16577445926846957,4.896272250614959
2016-09-15,0.005160146082275663,1.0,0.005160146082275663,0.005160146082275663,0.16662987969500512,4.921537730686724
2016-09-16,0.00480707061814134,1.0,0.00480707061814134,0.00480707061814134,0.1674308812937914,4.945195910107983
2016-09-19,0.01151471415332872,1.0,0.01151471415332872,0.01151471415332872,0.16935880003232934,5.002138427445087
2016-09-20,0.0026457581405017194,0.0,0.0,-0.001,0.169189441232297,5.015372875909416
2016-09-21,0.02214731880488152,1.0,0.02214731880488152,0.02114731880488152,0.17276734428445617,5.1264499379175374
2016-09-22,0.001486422710684998,0.0,0.0,-0.001,0.17259457694017172,5.134070009530448
2016-09-23,-0.009997782802136368,1.0,-0.009997782802136368,-0.010997782802136369,0.1706964192701571,5.0827406926842
2016-09-26,-0.004102389709895737,1.0,-0.004102389709895737,-0.004102389709895737,0.16999615603622717,5.061889309568464
2016-09-27,0.004436198705944028,1.0,0.004436198705944028,0.004436198705944028,0.17075029276365053,5.084344856373203
2016-09-28,-0.0024450320878166565,1.0,-0.0024450320878166565,-0.0024450320878166565,0.1703328028188393,5.071913470053845
2016-09-29,-0.02197997941797769,1.0,-0.02197997941797769,-0.02197997941797769,0.16658889131867477,4.960432916372298
2016-09-30,-0.011155794330990232,1.0,-0.011155794330990232,-0.011155794330990232,0.16473045990929594,4.905095346964575
2016-10-03,-0.0097286285261452,1.0,-0.0097286285261452,-0.0097286285261452,0.16312785845789735,4.857375496448633
2016-10-04,-0.01840989916743263,1.0,-0.01840989916743263,-0.01840989916743263,0.16012469103228824,4.767951703340655
2016-10-05,-0.0030276952491296028,1.0,-0.0030276952491296028,-0.0030276952491296028,0.15963988226598144,4.753515798620371
2016-10-06,-0.004302295242134102,1.0,-0.004302295242134102,-0.004302295242134102,0.15895306436005366,4.733064770216557
2016-10-07,0.03143239801286524,1.0,0.03143239801286524,0.03143239801286524,0.16394934034438344,4.8818363458946745
2016-10-10,0.008542916230215525,0.0,0.0,-0.001,0.16378539100403905,4.923541464847275
2016-10-11,-0.013275826573395433,1.0,-0.013275826573395433,-0.014275826573395434,0.16144721916680962,4.858177382233041
2016-10-12,0.015105358072647013,1.0,0.015105358072647013,0.015105358072647013,0.1638859372221574,4.931561891172106
2016-10-13,0.01341691779987042,0.0,0.0,-0.001,0.16372205128493525,4.997728251690936
2016-10-14,-0.004814207856497887,1.0,-0.004814207856497887,-0.005814207856497887,0.16277013724807243,4.973668149077004
2016-10-17,0.00024156341354952815,1.0,0.00024156341354952815,0.00024156341354952815,0.16280945655805001,4.974869605332958
2016-10-18,0.008463712443753879,1.0,0.008463712443753879,0.008463712443753879,0.1641874289814812,5.016975471117667
2016-10-19,-0.004236356855032208,0.0,-0.0,-0.001,0.16402324155249973,4.99572177268907
2016-10-20,-0.0036120864514616047,-1.0,0.0036120864514616047,0.0026120864514616047,0.16445168443948383,4.9776767937586675
2016-10-21,-0.0033834181629922577,-1.0,0.0033834181629922577,0.0033834181629922577,0.16500809325555102,4.960835231685159
2016-10-24,0.005415801506136075,-1.0,-0.005415801506136075,-0.005415801506136075,0.16411444217557297,4.987702130604613
2016-10-25,0.009165609917742623,-1.0,-0.009165609917742623,-0.009165609917742623,0.16261023321672374,5.033417462719629
2016-10-26,0.005417634129155191,-1.0,-0.005417634129155191,-0.005417634129155191,0.16172927046749894,5.060686676951945
2016-10-27,-0.008558062872977001,-1.0,0.008558062872977001,0.008558062872977001,0.16311335973256047,5.017377002190153
2016-10-28,0.004875304677235182,0.0,0.0,-0.001,0.1629502463728279,5.0418382437563825
2016-10-31,0.018054439725335936,1.0,0.018054439725335936,0.017054439725335935,0.16572927152782196,5.132865808433175
2016-11-01,-0.01648422249846293,0.0,-0.0,-0.001,0.16556354225629413,5.04825450639221
2016-11-02,-0.017555037950551355,-1.0,0.017555037950551355,0.016555037950551355,0.16830445298157481,4.959632206948453
2016-11-03,0.0012935391431776466,0.0,0.0,-0.001,0.16813614852859324,4.966047685343906
2016-11-04,-0.005329340683792316,1.0,-0.005329340683792316,-0.006329340683792316,0.16707195756329507,4.93958192537675
2016-11-07,0.012014817364488062,1.0,0.012014817364488062,0.012014817364488062,0.16907929662014556,4.998930100067078
2016-11-08,0.004091237971884265,0.0,0.0,-0.001,0.16891021732352543,5.0193819127112675
2016-11-09,-0.061356476377200764,1.0,-0.061356476377200764,-0.062356476377200765,0.15837757134712316,4.71141032495585
2016-11-10,-0.020682684128963125,1.0,-0.020682684128963125,-0.020682684128963125,0.1551018980658383,4.613965713402853
2016-11-11,-0.013210656195999704,1.0,-0.013210656195999704,-0.013210656195999704,0.1530529002151435,4.553012198662957
2016-11-14,0.00792678352844689,1.0,0.00792678352844689,0.00792678352844689,0.15426611742354993,4.589102940764136
2016-11-15,0.005155551332627573,1.0,0.005155551332627573,0.005155551332627573,0.1550614443108122,4.612762296545958
2016-11-16,-0.006433210661594302,1.0,-0.006433210661594302,-0.006433210661594302,0.15406390137406967,4.583087424960418
2016-11-17,0.004287486804804175,1.0,0.004287486804804175,0.004287486804804175,0.15472444831830764,4.6027373518202
2016-11-18,-0.006011546353670516,1.0,-0.006011546353670516,-0.006011546353670516,0.15379431512519603,4.575067782875962
2016-11-21,0.002279491586639537,1.0,0.002279491586639537,0.002279491586639537,0.1541448879725969,4.5854966113953335
2016-11-22,0.003083860165502106,1.0,0.003083860165502106,0.003083860165502106,0.15462024925233137,4.599637641734261
2016-11-23,-0.0036018224113147923,1.0,-0.0036018224113147923,-0.0036018224113147923,0.15406333457333124,4.583070563792335
2016-11-25,0.011814588443130658,1.0,0.011814588443130658,0.011814588443130658,0.1558835294654915,4.637217656309368
2016-11-28,0.013419064129062575,0.0,0.0,-0.001,0.155727645936026,4.699444777419805
2016-11-29,0.008340547389360076,1.0,0.008340547389360076,0.007340547389360076,0.1568707721008529,4.738640719289555
2016-11-30,-0.025922938362208492,0.0,-0.0,-0.001,0.15671390132875204,4.615801228002761
2016-12-01,-0.011205469802471946,-1.0,0.011205469802471946,0.010205469802471945,0.1583132403163902,4.564079006728163
2016-12-02,0.012925909984028428,0.0,0.0,-0.001,0.15815492707607381,4.623073881129126
2016-12-05,0.005156768808257883,1.0,0.005156768808257883,0.004156768808257883,0.15881234054381596,4.646914004317604
2016-12-06,-0.0021738728698691423,1.0,-0.0021738728698691423,-0.0021738728698691423,0.15846710270530734,4.636812204035003
2016-12-07,0.025533834019296542,1.0,0.025533834019296542,0.025533834019296542,0.16251337540330346,4.755207797231481
2016-12-08,-0.006882954723683166,0.0,-0.0,-0.001,0.16235086202790017,4.722477917261432
2016-12-09,-0.003251395261073542,1.0,-0.003251395261073542,-0.004251395261073542,0.16166064434244354,4.707123274940724
2016-12-12,0.008241055882785897,1.0,0.008241055882785897,0.008241055882785897,0.1629928987465168,4.7459149408966725
2016-12-13,0.013367192105568693,0.0,0.0,-0.001,0.16282990584777027,4.809354497628327
2016-12-14,-0.0251219710459053,1.0,-0.0251219710459053,-0.0261219710459053,0.15857646776180734,4.688534033189414
2016-12-15,0.0086188035674859,1.0,0.0086188035674859,0.0086188035674859,0.1599432071878721,4.728943587040946
2016-12-16,0.01597869441076538,1.0,0.01597869441076538,0.01597869441076538,0.16249889081860486,4.804505931504021
2016-12-19,0.0026910127747203916,0.0,0.0,-0.001,0.16233639192778626,4.8174349183419185
2016-12-20,0.0006715174373137511,1.0,0.0006715174373137511,-0.0003284825626862489,0.16228306725374858,4.820669909892709
2016-12-21,-0.005867808136388097,1.0,-0.005867808136388097,-0.005867808136388097,0.16133082135131901,4.792383143772599
2016-12-22,0.0025295948524430845,1.0,0.0025295948524430845,0.0025295948524430845,0.16173892296654974,4.804505931504021
2016-12-23,0.002775402778634639,1.0,0.002775402778634639,0.002775402778634639,0.16218781362276447,4.817840370616284
2016-12-27,0.00016766175819227236,0.0,0.0,-0.001,0.1620256258091417,4.818648138203511
2016-12-28,-0.0050314508399667,1.0,-0.0050314508399667,-0.0060314508399667,0.16104837621225904,4.794403346981043
2016-12-29,0.012895121499595374,1.0,0.012895121499595374,0.012895121499595374,0.16312511459082865,4.85622776065843
2016-12-30,-0.0059910183172744436,0.0,-0.0,-0.001,0.16296198947623783,4.827134011191469
2017-01-03,-0.006194384673115949,-1.0,0.006194384673115949,0.005194384673115949,0.16380847673667367,4.797232886257468
2017-01-04,0.0029478290494560078,0.0,0.0,-0.001,0.163644668259937,4.811374308716583
2017-01-05,-0.0005876862813108952,1.0,-0.0005876862813108952,-0.0015876862813108952,0.16338485186513105,4.8085467300410984
2017-01-06,-0.0029413009489321906,1.0,-0.0029413009489321906,-0.0029413009489321906,0.162904287845299,4.794403346981044
2017-01-09,-0.0025282836035250833,1.0,-0.0025282836035250833,-0.0025282836035250833,0.16249241960539582,4.782281735610186
2017-01-10,0.001943430606810015,1.0,0.001943430606810015,0.001943430606810015,0.16280821234703155,4.7915757683055595
2017-01-11,0.0069993758419322205,1.0,0.0069993758419322205,0.0069993758419322205,0.16394776821540152,4.825113807983025
2017-01-12,0.0007536656684159482,0.0,0.0,-0.001,0.16378382044718612,4.828750330606302
2017-01-13,-0.0037658152424810964,1.0,-0.0037658152424810964,-0.0047658152424810965,0.16300325701922713,4.810566149009169
2017-01-17,0.009828016437113174,1.0,0.009828016437113174,0.009828016437113174,0.16460525570851509,4.8578444721934515
2017-01-18,-0.0015805580941670172,0.0,-0.0,-0.001,0.16444065045280656,4.850166366792721
2017-01-19,-0.006248402771394268,1.0,-0.006248402771394268,-0.007248402771394268,0.16324871838633456,4.81986057382473
2017-01-20,-0.00016759148420486536,1.0,-0.00016759148420486536,-0.00016759148420486536,0.16322135929132567,4.819052806237503
2017-01-23,-0.004025066775245056,1.0,-0.004025066775245056,-0.004025066775245056,0.16256438242103183,4.799655796898965
2017-01-24,0.00025285396143726047,1.0,0.00025285396143726047,0.00025285396143726047,0.1626054874691156,4.800869408880747
2017-01-25,0.0017674066976047786,1.0,0.0017674066976047786,0.0017674066976047786,0.1628928774967358,4.809354497628329
2017-01-26,-0.0022684058484789826,1.0,-0.0022684058484789826,-0.0022684058484789826,0.16252337034074665,4.7984449297584995
2017-01-27,0.022063254938086585,1.0,0.022063254938086585,0.022063254938086585,0.1661091648939716,4.904314243550131
2017-01-30,0.008898095340664991,0.0,0.0,-0.001,0.1659430557290776,4.9479532992698205
2017-01-31,0.010371629313590702,1.0,0.010371629313590702,0.009371629313590701,0.16749821253453506,4.999271636750805
2017-02-01,-0.008891130400134561,0.0,-0.0,-0.001,0.16733071432200053,4.95482246072276
2017-02-02,0.006850676152595714,-1.0,-0.006850676152595714,-0.007850676152595715,0.166017055073476,4.9887663447947785
2017-02-03,0.006074571249272243,-1.0,-0.006074571249272243,-0.006074571249272243,0.1650085726438378,5.019070961402206
2017-02-06,-0.002817694112764668,-1.0,0.002817694112764668,0.002817694112764668,0.16547351632753204,5.004928754702715
2017-02-07,0.003794570910990114,-1.0,-0.003794570910990114,-0.003794570910990114,0.16484561533593634,5.023920311766888
2017-02-08,0.01584498206591456,-1.0,-0.01584498206591456,-0.01584498206591456,0.16223363951729378,5.1035242390074185
2017-02-09,-0.013064182474588959,-1.0,0.013064182474588959,0.013064182474588959,0.1643530893874644,5.036850867085538
2017-02-10,0.0065786590151271085,0.0,0.0,-0.001,0.16418873629807693,5.0699865914501405
2017-02-13,0.004224004083629218,1.0,0.004224004083629218,0.003224004083629218,0.16471808145438788,5.091402235516371
2017-02-14,0.0,0.0,0.0,-0.001,0.1645533633729335,5.091402235516371
2017-02-15,-0.005635040498941368,1.0,-0.005635040498941368,-0.006635040498941368,0.16346154514271707,5.062711977722836
2017-02-16,0.00718341851440818,1.0,0.00718341851440818,0.00718341851440818,0.16463575783248904,5.099079556676727
2017-02-17,0.005309419834973683,0.0,0.0,-0.001,0.16447112207465656,5.126152710815055
2017-02-21,0.011035873262208229,1.0,0.011035873262208229,0.010035873262208228,0.16612173341109096,5.182724282454335
2017-02-22,0.0014030221114438302,0.0,0.0,-0.001,0.16595561167767986,5.189995759220135
2017-02-23,0.0056836318851243295,1.0,0.0056836318851243295,0.0046836318851243295,0.16673288667204877,5.219493784600899
2017-02-24,0.021632559168937027,0.0,0.0,-0.001,0.16656615378537673,5.332404792728177
2017-02-27,-0.00832302367896709,1.0,-0.00832302367896709,-0.00932302367896709,0.16501325358952118,5.288023061372463
2017-02-28,0.008701203940167712,1.0,0.008701203940167712,0.008701203940167712,0.16644906756183422,5.334035228469775
2017-03-01,-0.012137267329958457,0.0,-0.0,-0.001,0.1662826184942724,5.269294616954421
2017-03-02,0.011822852847136467,-1.0,-0.011822852847136467,-0.012822852847136468,0.1641504009462838,5.331592711818882
2017-03-03,-0.001069293121420234,-1.0,0.001069293121420234,0.001069293121420234,0.16432592584089403,5.325891676405919
2017-03-06,-0.0012235046598166877,-1.0,0.0012235046598166877,0.0012235046598166877,0.16452697937688904,5.319375423122158
2017-03-07,7.688522120097296e-05,-1.0,-7.688522120097296e-05,-7.688522120097296e-05,0.16451432968368612,5.319784404478216
2017-03-08,-0.009261487615391806,-1.0,0.009261487615391806,0.009261487615391806,0.16603797711060606,5.270515287099586
2017-03-09,-0.0053304532057006915,0.0,-0.0,-0.001,0.16587193913349546,5.242421051991772
2017-03-10,0.01017448470480109,-1.0,-0.01017448470480109,-0.011174484704801091,0.16401840568669251,5.295759984801389
2017-03-13,0.0030755729667968357,-1.0,-0.0030755729667968357,-0.0030755729667968357,0.1635139551121054,5.312047481049289
2017-03-14,0.0008431394491528188,-1.0,-0.0008431394491528188,-0.0008431394491528188,0.16337609004606338,5.316526277836335
2017-03-15,0.010185928881041306,-1.0,-0.010185928881041306,-0.010185928881041306,0.16171195281199158,5.370680036396563
2017-03-16,-0.0151624701612052,-1.0,0.0151624701612052,0.0151624701612052,0.16416390547121362,5.2892472605993195
2017-03-17,0.002539877033180371,0.0,0.0,-0.001,0.1639997415657424,5.302681298239328
2017-03-20,-0.0026106436230385333,-1.0,0.0026106436230385333,0.0016106436230385332,0.16426388670367523,5.288837887123074
2017-03-21,0.01508971293905792,-1.0,-0.01508971293905792,-0.01508971293905792,0.16178519180706283,5.368644932620975
2017-03-22,0.004247361011443296,-1.0,-0.004247361011443296,-0.004247361011443296,0.16109803169115264,5.391447505792072
2017-03-23,-0.002416819199741238,-1.0,0.002416819199741238,0.002416819199741238,0.1614873765071843,5.378417351945676
2017-03-24,0.005375158379693712,-1.0,-0.005375158379693712,-0.005375158379693712,0.16061935628213697,5.407327197044477
2017-03-27,-0.012801184396721843,-1.0,0.012801184396721843,0.012801184396721843,0.1626754742795874,5.338107004501702
2017-03-28,0.0012201906850035638,0.0,0.0,-0.001,0.1625127988053078,5.3446205129441475
2017-03-29,-0.005408928223851195,-1.0,0.005408928223851195,0.004408928223851195,0.1632293060706976,5.31571184420591
2017-03-30,-0.018537018823600704,0.0,-0.0,-0.001,0.1630660767646269,5.217174393689028
2017-03-31,0.0018731249115466753,-1.0,-0.0018731249115466753,-0.0028731249115466753,0.16259756755724628,5.22694681301373
2017-04-03,0.002726339559433022,-1.0,-0.002726339559433022,-0.002726339559433022,0.16215427137654737,5.241197244885102
2017-04-04,0.006370347881534677,-1.0,-0.006370347881534677,-0.006370347881534677,0.161121292257402,5.274585494650761
2017-04-05,0.00849164896783261,-1.0,-0.00849164896783261,-0.00849164896783261,0.15975310680230856,5.319375423122158
2017-04-06,-0.006736044705770605,-1.0,0.006736044705770605,0.006736044705770605,0.16082921087161467,5.28354387246523
2017-04-07,-0.006396252064207908,-1.0,0.006396252064207908,0.006396252064207908,0.16185791504363714,5.249748994064641
2017-04-10,0.0038779926549763477,0.0,0.0,-0.001,0.1616960571285935,5.270107482104093
2017-04-11,-0.0008500724440293483,1.0,-0.0008500724440293483,-0.0018500724440293484,0.1613969077089917,5.2656275089564835
2017-04-12,0.009201997586346655,1.0,0.009201997586346655,0.009201997586346655,0.16288208166417367,5.314081800584502
2017-04-13,0.0019926689263776165,0.0,0.0,-0.001,0.1627191995825095,5.324671006260755
2017-04-17,0.001070167633821173,1.0,0.001070167633821173,7.016763382117295e-05,0.16273061720372148,5.3303692968324015
2017-04-18,0.007868049001770183,1.0,0.007868049001770183,0.007868049001770183,0.16401098967396865,5.37230890365741
2017-04-19,-0.0033348736474109186,0.0,-0.0,-0.001,0.16384697868429468,5.354392932268851
2017-04-20,-0.004790853211857793,1.0,-0.004790853211857793,-0.005790853211857793,0.16289816488152753,5.328740821691742
2017-04-21,0.016428640809562634,1.0,0.016428640809562634,0.016428640809562634,0.16557436032090306,5.416284790618569
2017-04-24,-0.0020296365303589248,0.0,-0.0,-0.001,0.16540878596058214,5.405291701148702
2017-04-25,0.001280252289789452,-1.0,-0.001280252289789452,-0.002280252289789452,0.16503161219764423,5.412211838226077
2017-04-26,-0.0006770546434899938,-1.0,0.0006770546434899938,0.0006770546434899938,0.16514334761700528,5.408547475069454
2017-04-27,0.0051947040713007375,-1.0,-0.0051947040713007375,-0.0051947040713007375,0.16428547679679098,5.436643278658021
2017-04-28,0.0002993926246130929,-1.0,-0.0002993926246130929,-0.0002993926246130929,0.16423629093670697,5.438270969558304
2017-05-01,-0.003893318627996689,-1.0,0.003893318627996689,0.003893318627996689,0.1648757151476039,5.417098047888429
2017-05-02,0.007366543292557148,0.0,0.0,-0.001,0.1647108394324563,5.457003335178227
2017-05-03,-0.004924744874129305,1.0,-0.004924744874129305,-0.005924744874129305,0.1637349697308153,5.430128985975201
2017-05-04,0.0073487932372644504,1.0,0.0073487932372644504,0.0073487932372644504,0.16493822416907683,5.4700338811448095
2017-05-05,-7.483929444318527e-05,0.0,-0.0,-0.001,0.16477328594490775,5.469624507668565
2017-05-08,0.004615578620942751,1.0,0.004615578620942751,0.0036155786209427507,0.16536903671487266,5.494869989610744
2017-05-09,-0.008743737792338946,0.0,-0.0,-0.001,0.16520366767815778,5.446824287218595
2017-05-10,0.0029899138999536223,-1.0,-0.0029899138999536223,-0.003989913899953622,0.16454451926816538,5.463109822865555
2017-05-11,0.0035031713868121095,-1.0,-0.0035031713868121095,-0.0035031713868121095,0.16396809161640838,5.48224803288003
2017-05-12,0.006758724672842664,-1.0,-0.006758724672842664,-0.006758724672842664,0.16285987643004163,5.519301037922499
2017-05-15,0.004278700900441912,-1.0,-0.004278700900441912,-0.004278700900441912,0.16216304773011456,5.542916476243269
2017-05-16,-0.0016893327057995178,-1.0,0.0016893327057995178,0.0016893327057995178,0.1624369950703172,5.533552646154436
2017-05-17,0.004047086854982229,-1.0,-0.004047086854982229,-0.004047086854982229,0.16177959844280532,5.555947414330039
2017-05-18,0.003590940244086571,-1.0,-0.003590940244086571,-0.003590940244086571,0.16119865757208487,5.575898489494186
2017-05-19,0.0025559303597058047,-1.0,-0.0025559303597058047,-0.0025559303597058047,0.16078664502925255,5.590150097726122
2017-05-22,0.007720632178973785,-1.0,-0.007720632178973785,-0.007720632178973785,0.15954527048369047,5.633309590455919
2017-05-23,0.004409143269696214,-1.0,-0.004409143269696214,-0.004409143269696214,0.15884181252812543,5.658147659522793
2017-05-24,0.00856370081941149,-1.0,-0.00856370081941149,-0.00856370081941149,0.1574815387680215,5.706602343271
2017-05-25,0.011015655185592443,-1.0,-0.011015655185592443,-0.011015655185592443,0.15574677643885648,5.769464306965768
2017-05-26,7.115909120258834e-05,-1.0,-7.115909120258834e-05,-7.115909120258834e-05,0.15573569363978737,5.769874856802577
2017-05-30,-0.0004267202879434384,-1.0,0.0004267202879434384,0.0004267202879434384,0.15580214921982044,5.767412734142285
2017-05-31,0.00561690498371048,-1.0,-0.00561690498371048,-0.00561690498371048,0.15492702335139483,5.799807743471804
2017-06-01,0.0032521362976529744,-1.0,-0.0032521362976529744,-0.0032521362976529744,0.15442317955526644,5.818669508753757
2017-06-02,0.00570827067466495,-1.0,-0.00570827067466495,-0.00570827067466495,0.15354169024792258,5.851884049276143
2017-06-05,-0.006025851497952872,-1.0,0.006025851497952872,0.006025851497952872,0.15446690967210122,5.816621465011966
2017-06-06,0.0004932663114951552,0.0,0.0,-0.001,0.15431244276242911,5.819490608427376
2017-06-07,0.004650399980756115,-1.0,-0.004650399980756115,-0.005650399980756115,0.15344051573881384,5.846553567440817
2017-06-08,-0.007925429906400439,-1.0,0.007925429906400439,0.007925429906400439,0.15465659779110374,5.800217116948049
2017-06-09,-0.008554322533958825,0.0,-0.0,-0.001,0.15450194119331265,5.750600188962687
2017-06-12,-0.0058468905250602665,-1.0,0.0058468905250602665,0.0048468905250602665,0.15525079518818594,5.716977059204431
2017-06-13,0.003801667460581193,0.0,0.0,-0.001,0.15509554439299775,5.738711104863297
2017-06-14,0.008574260123721977,1.0,0.008574260123721977,0.007574260123721977,0.1562702783902606,5.787916306651287
2017-06-15,0.005100684817866519,0.0,0.0,-0.001,0.15611400811187032,5.817438643483705
2017-06-16,0.0068374888513342835,1.0,0.0068374888513342835,0.0058374888513342835,0.15702532189376048,5.857215315351846
2017-06-19,-0.003150369384124163,0.0,-0.0,-0.001,0.1568682965718667,5.838762923546138
2017-06-20,-0.0030196965286921618,-1.0,0.0030196965286921618,0.0020196965286921617,0.15718512292591477,5.821131631414049
2017-06-21,-0.006340064858351591,-1.0,0.006340064858351591,0.006340064858351591,0.15818168680003303,5.784225279321882
2017-06-22,0.003757197572474613,0.0,0.0,-0.001,0.158023505113233,5.805957756499997
2017-06-23,0.010947094659353063,1.0,0.010947094659353063,0.009947094659353062,0.1595953798769971,5.869516125648608
2017-06-26,0.007614907033131724,0.0,0.0,-0.001,0.1594357844971201,5.914211945274889
2017-06-27,-0.013589388231551647,1.0,-0.013589388231551647,-0.014589388231551648,0.1571097139390896,5.833841423066868
2017-06-28,-0.008785975938329638,1.0,-0.008785975938329638,-0.008785975938329638,0.1557293517727429,5.782585432695772
2017-06-29,-0.007445664099721583,1.0,-0.007445664099721583,-0.007445664099721583,0.1545698433289757,5.739530243935976
2017-06-30,0.0011428437913310052,1.0,0.0011428437913310052,0.0011428437913310052,0.15474649251475123,5.746089630440414
2017-07-03,-0.003639167978433555,1.0,-0.003639167978433555,-0.003639167978433555,0.15418334403441664,5.725178645056106
2017-07-05,-0.0057299813822350165,1.0,-0.0057299813822350165,-0.0057299813822350165,0.1532998763436487,5.692373478009965
2017-07-06,0.005402596007001437,1.0,0.005402596007001437,0.005402596007001437,0.1541280936434567,5.723127072232622
2017-07-07,0.006520232246746804,1.0,0.006520232246746804,0.006520232246746804,0.15513304460976038,5.760443189921223
2017-07-10,0.003915114144483978,0.0,0.0,-0.001,0.15497791156515062,5.78299598253258
2017-07-11,-0.0019854869999827995,1.0,-0.0019854869999827995,-0.0029854869999827996,0.15451522702488837,5.771513919188309
2017-07-12,0.000212857937471167,1.0,0.000212857937471167,0.000212857937471167,0.15454811681742078,5.772742431737234
2017-07-13,-0.0014203358676581068,1.0,-0.0014203358676581068,-0.0014203358676581068,0.154328606583826,5.7645431986066855
2017-07-14,0.007682627529086439,1.0,0.007682627529086439,0.007682627529086439,0.15551425578529246,5.808830036876909
2017-07-17,-0.004870762612038337,0.0,-0.0,-0.001,0.15535874152950715,5.780536604713603
2017-07-18,0.003688843662830399,-1.0,-0.003688843662830399,-0.004688843662830399,0.15463028867882123,5.80186010053566
2017-07-19,0.0021906408345913064,-1.0,-0.0021906408345913064,-0.0021906408345913064,0.15429154925417676,5.81456989218848
2017-07-20,0.011847761141690283,-1.0,-0.011847761141690283,-0.011847761141690283,0.15246353983243194,5.883459527412793
2017-07-21,0.006202652919427676,-1.0,-0.006202652919427676,-0.006202652919427676,0.15151786141198403,5.919952584826834
2017-07-24,-0.008450191494619785,-1.0,0.008450191494619785,0.008450191494619785,0.15279821635577057,5.869927851845978
2017-07-25,-0.0002794976203956967,-1.0,0.0002794976203956967,0.0002794976203956967,0.15284092309364272,5.868287220979493
2017-07-26,0.01663068175591742,-1.0,-0.01663068175591742,-0.01663068175591742,0.1502990743423917,5.96588083820392
2017-07-27,-0.005773667729277121,-1.0,0.005773667729277121,0.005773667729277121,0.1511668512576626,5.931435824531669
2017-07-28,0.003249248210566602,-1.0,-0.003249248210566602,-0.003249248210566602,0.15067567263671666,5.950708531770619
2017-07-31,0.006684095377051502,-1.0,-0.006684095377051502,-0.006684095377051502,0.14966854206981145,5.990483635158008
2017-08-01,0.00328581970918429,-1.0,-0.00328581970918429,-0.00328581970918429,0.14917675822443358,6.010167284353956
2017-08-02,0.0011592994488287545,-1.0,-0.0011592994488287545,-0.0011592994488287545,0.14900381769084592,6.017134867974076
2017-08-03,0.0054520884118993695,-1.0,-0.0054520884118993695,-0.0054520884118993695,0.14819143570308488,6.049940819260593
2017-08-04,-0.005354469747210322,-1.0,0.005354469747210322,0.005354469747210322,0.14898492226235271,6.017546594171449
2017-08-07,0.002316928533154794,-1.0,-0.002316928533154794,-0.002316928533154794,0.14863973484495321,6.031488819575073
2017-08-08,0.001767420905379069,-1.0,-0.001767420905379069,-0.001767420905379069,0.14837702587021825,6.0421489990053505
2017-08-09,-0.0007460613238265967,-1.0,0.0007460613238265967,0.0007460613238265967,0.14848772423056444,6.037641185324395
2017-08-10,0.0032597658374695637,-1.0,-0.0032597658374695637,-0.0032597658374695637,0.14800368901983404,6.057322481799215
2017-08-11,-0.0036555152810948677,-1.0,0.0036555152810948677,0.0036555152810948677,0.14854471876670447,6.035179846904478
2017-08-14,0.0059787612983774885,-1.0,-0.0059787612983774885,-0.0059787612983774885,0.14765660535106373,6.0712627466018985
2017-08-15,0.006686874417431987,-1.0,-0.006686874417431987,-0.006686874417431987,0.14666924417417684,6.111860518143659
2017-08-16,0.006239549585281168,-1.0,-0.006239549585281168,-0.006239549585281168,0.14575409415251636,6.149995774904938
2017-08-17,-0.009134748911562851,-1.0,0.009134748911562851,0.009134748911562851,0.14708552120543192,6.093817107694009
2017-08-18,0.008882168465268014,0.0,0.0,-0.001,0.1469384356842265,6.14794341784108
2017-08-21,0.0034683311560725905,1.0,0.0034683311560725905,0.0024683311560725904,0.14730112840305046,6.16926652154295
2017-08-22,0.0025922416693313632,1.0,0.0025922416693313632,0.0025922416693313632,0.14768296852603638,6.185258751289304
2017-08-23,-0.0014480896748011451,1.0,-0.0014480896748011451,-0.0014480896748011451,0.14746911034416985,6.176301941955589
2017-08-24,-0.0022053142766482736,1.0,-0.0022053142766482736,-0.0022053142766482736,0.14714389460976324,6.162681255106103
2017-08-25,0.005291383020196827,1.0,0.005291383020196827,0.005291383020196827,0.14792248931522697,6.195290362058257
2017-08-28,0.005196377498280391,0.0,0.0,-0.001,0.14777456682591175,6.22748342949097
2017-08-29,-0.001060978361834275,1.0,-0.001060978361834275,-0.002060978361834275,0.14747000664125412,6.220876204323599
2017-08-30,-0.0006630436166592535,1.0,-0.0006630436166592535,-0.0006630436166592535,0.14737222759470195,6.216751492066295
2017-08-31,-0.0007303427943600171,1.0,-0.0007303427943600171,-0.0007303427943600171,0.14726459535018938,6.212211132409737
2017-09-01,-0.0023256254331669446,1.0,-0.0023256254331669446,-0.0023256254331669446,0.14692211306183794,6.197763856204002
2017-09-05,0.0006660856132594262,1.0,0.0006660856132594262,0.0006660856132594262,0.1470199757676181,6.2018920975429985
2017-09-06,-0.013376892603986335,1.0,-0.013376892603986335,-0.013376892603986335,0.145053305341134,6.1189300530126545
2017-09-07,0.008364450499018572,1.0,0.008364450499018572,0.008364450499018572,0.14626659653337895,6.170111540548036
2017-09-08,-0.008228147034913147,1.0,-0.008228147034913147,-0.008228147034913147,0.14506309347080598,6.119342955570592
2017-09-11,0.021179198686845924,1.0,0.021179198686845924,0.021179198686845924,0.14813541354955267,6.248945735859572
2017-09-12,-0.014993566261482738,0.0,-0.0,-0.001,0.14798727813600313,6.155251753904552
2017-09-13,-0.0063706890840242725,-1.0,0.0063706890840242725,0.0053706890840242725,0.14878207179526265,6.116038558746531
2017-09-14,0.009246117787776509,-1.0,-0.009246117787776509,-0.009246117787776509,0.14740641523473422,6.172588171655285
2017-09-15,0.0036110751835967125,-1.0,-0.0036110751835967125,-0.0036110751835967125,0.14687411958677712,6.194877851620512
2017-09-18,-0.011926448828794012,-1.0,0.011926448828794012,0.011926448828794012,0.148625806258303,6.12099495792253
2017-09-19,-0.0025624604540283036,0.0,-0.0,-0.001,0.1484771804520447,6.105310150403547
2017-09-20,-0.007977329732305027,-1.0,0.007977329732305027,0.006977329732305027,0.14951315469778156,6.056606078215789
2017-09-21,0.0002726956665861646,0.0,0.0,-0.001,0.1493636415430838,6.058257688447537
2017-09-22,-0.0028618119272735276,-1.0,0.0028618119272735276,0.0018618119272735276,0.1496417285524097,6.040920094336242
2017-09-25,0.003143169511560906,-1.0,-0.003143169511560906,-0.003143169511560906,0.1491713792335665,6.059907730198535
2017-09-26,0.005993900691138476,-1.0,-0.005993900691138476,-0.005993900691138476,0.14827726080048034,6.096230215330808
2017-09-27,-0.009817364183501986,-1.0,0.009817364183501986,0.009817364183501986,0.14973295266989076,6.036381303160437
2017-09-28,0.005060018661559251,0.0,0.0,-0.001,0.14958321971722086,6.066925505202716
2017-09-29,-0.0029937099064788475,1.0,-0.0029937099064788475,-0.0039937099064788475,0.1489858277307932,6.048762890215921
2017-10-02,0.0012966598529682294,1.0,0.0012966598529682294,0.0012966598529682294,0.14917901167227296,6.056606078215789
2017-10-03,0.0010222850368935,1.0,0.0010222850368935,0.0010222850368935,0.1493315151437241,6.062797655983907
2017-10-04,0.011437188178698321,1.0,0.011437188178698321,0.011437188178698321,0.151039447783433,6.132139013664766
2017-10-05,-0.005452150303959846,0.0,-0.0,-0.001,0.15088840833564957,6.098705670077489
2017-10-06,-0.0019621743602615815,-1.0,0.0019621743602615815,0.0009621743602615815,0.15103358929341082,6.086738946180882
2017-10-09,0.0029154197779295288,-1.0,-0.0029154197779295288,-0.0029154197779295288,0.15059326298005313,6.104484345287672
2017-10-10,0.00764040549872802,-1.0,-0.00764040549872802,-0.00764040549872802,0.14944266938550893,6.151125081046307
2017-10-11,0.00563644574342459,-1.0,-0.00563644574342459,-0.00563644574342459,0.14860034388776497,6.185795563826643
2017-10-12,0.005538104172522429,-1.0,-0.005538104172522429,-0.005538104172522429,0.14777737970324187,6.220053144049042
2017-10-13,-0.0009953589631068738,-1.0,0.0009953589631068738,0.0009953589631068738,0.14792447124267394,6.213861958401112
2017-10-16,0.006443118276652227,-1.0,-0.006443118276652227,-0.006443118276652227,0.14697137637844615,6.25389860595388
2017-10-17,0.007589410526710472,-1.0,-0.007589410526710472,-0.007589410526710472,0.14585595026743445,6.301362009866887
2017-10-18,-0.0008512769403016263,-1.0,0.0008512769403016263,0.0008512769403016263,0.1459801140745029,6.295997805695395
2017-10-19,0.008719258787954542,-1.0,-0.008719258787954542,-0.008719258787954542,0.14470727568199218,6.350894239891646
2017-10-20,0.001884813779941652,-1.0,-0.001884813779941652,-0.001884813779941652,0.14443452941472895,6.362864492869946
2017-10-23,0.0014270200289372426,-1.0,-0.0014270200289372426,-0.0014270200289372426,0.14422841844838402,6.371944427942685
2017-10-24,-0.0010367398651247584,-1.0,0.0010367398651247584,0.0010367398651247584,0.14437794579947336,6.365338379135877
2017-10-25,-0.0023338689252245803,-1.0,0.0023338689252245803,0.0023338689252245803,0.1447149050006625,6.350482513694272
2017-10-26,-0.0030550325110858534,-1.0,0.0030550325110858534,0.0030550325110858534,0.14515701374027823,6.331081583153854
2017-10-27,0.015972296889191107,-1.0,-0.015972296889191107,-0.015972296889191107,0.1428385228212701,6.432203497829677
2017-10-30,-0.0030798017978068692,-1.0,0.0030798017978068692,0.0030798017978068692,0.14327843716065114,6.412393585933202
2017-10-31,-0.00186685939630038,-1.0,0.00186685939630038,0.00186685939630038,0.14354591785735174,6.400422548714526
2017-11-01,-0.010898138556813652,-1.0,0.010898138556813652,0.010898138556813652,0.14511030115942616,6.330669856956481
2017-11-02,-0.022949363376926102,0.0,-0.0,-0.001,0.14496519085826673,6.185385013989834
2017-11-03,0.018617164083113646,-1.0,-0.018617164083113646,-0.019617164083113647,0.14212138492286022,6.300539341712515
2017-11-06,-0.0051752944601645146,-1.0,0.0051752944601645146,0.0051752944601645146,0.14285690493892242,6.267932195361301
2017-11-07,0.023903387246897445,-1.0,-0.023903387246897445,-0.023903387246897445,0.13944214101927413,6.417757005864319
2017-11-08,-0.0036658332524277526,-1.0,0.0036658332524277526,0.0036658332524277526,0.13995331265661232,6.39423057882622
2017-11-09,0.002130275241397639,-1.0,-0.002130275241397639,-0.002130275241397639,0.13965517357970836,6.407852049916081
2017-11-10,-0.0005795655504180486,-1.0,0.0005795655504180486,0.0005795655504180486,0.13973611290725282,6.404138279615774
2017-11-13,0.01044067871330534,-1.0,-0.01044067871330534,-0.01044067871330534,0.13827717304774204,6.471001829828822
2017-11-14,0.010332676103483873,-1.0,-0.010332676103483873,-0.010332676103483873,0.13684839980613434,6.537864595801494
2017-11-15,-0.006565180325642794,-1.0,0.006565180325642794,0.006565180325642794,0.13774683422813727,6.494942335785422
2017-11-16,-0.0004452520494876433,-1.0,0.0004452520494876433,0.0004452520494876433,0.13780816628838777,6.492050449399109
2017-11-17,-0.00794695570749393,-1.0,0.00794695570749393,0.00794695570749393,0.13890332168201255,6.440458412026918
2017-11-20,-0.0007691462342854782,0.0,-0.0,-0.001,0.13876441836033054,6.435504757692235
2017-11-21,0.001859911411551174,-1.0,-0.001859911411551174,-0.002859911411551174,0.13836756441674458,6.447474226430159
2017-11-22,-0.0003028718638545813,-1.0,0.0003028718638545813,0.0003028718638545813,0.1384094720588765,6.445521467894046
2017-11-24,0.005477679641763267,-1.0,-0.005477679641763267,-0.005477679641763267,0.1376513093115524,6.480827969619277
2017-11-27,0.006216912657371898,-1.0,-0.006216912657371898,-0.006216912657371898,0.1367955431443896,6.521118711053853
2017-11-28,0.00503150614224257,-1.0,-0.00503150614224257,-0.00503150614224257,0.1361072555288272,6.553929759902813
2017-11-29,-0.00012642032910692436,-1.0,0.00012642032910692436,0.00012642032910692436,0.13612446225286498,6.5531012099456225
2017-11-30,0.0017111685988444592,-1.0,-0.0017111685988444592,-0.0017111685988444592,0.1358915303475233,6.5643146709611315
2017-12-01,-0.003606807128647027,-1.0,0.003606807128647027,0.003606807128647027,0.1363816648879035,6.540638454011226
2017-12-04,-0.009525672012809405,-1.0,0.009525672012809405,0.009525672012809405,0.13768079189618654,6.478334477343947
2017-12-05,-0.0021155722752533856,0.0,-0.0,-0.001,0.13754311110429035,6.46462909253386
2017-12-06,0.013749681099741506,-1.0,-0.013749681099741506,-0.014749681099741507,0.13551439407803575,6.553515680984312
2017-12-07,0.002534908695180693,-1.0,-0.002534908695180693,-0.002534908695180693,0.1351708774621652,6.570128244868042
2017-12-08,0.005373911231213002,-1.0,-0.005373911231213002,-0.005373911231213002,0.13444448116563834,6.605435530833648
2017-12-11,0.001382926508996185,-1.0,-0.001382926508996185,-0.001382926508996185,0.13425855432864614,6.614570362732703
2017-12-12,-0.013688580742168388,-1.0,0.013688580742168388,0.013688580742168388,0.1360963633899006,6.524026282247682
2017-12-13,-0.0038199709180701813,0.0,-0.0,-0.001,0.1359602670265107,6.49910469158077
2017-12-14,0.009650140184178202,-1.0,-0.009650140184178202,-0.010650140184178203,0.13451227112320008,6.561821962926175
2017-12-15,0.0028484760948692678,-1.0,-0.0028484760948692678,-0.0028484760948692678,0.13412911613443906,6.580513155926359
2017-12-18,-0.013128685597642908,-1.0,0.013128685597642908,0.013128685597642908,0.13589005512965785,6.494119667631049
2017-12-19,-0.014390557794274672,0.0,-0.0,-0.001,0.1357541650745282,6.400665663231068
2017-12-20,-0.002985194591460627,-1.0,0.002985194591460627,0.001985194591460627,0.1360236635088024,6.3815584307114435
2017-12-21,0.005467388974749188,-1.0,-0.005467388974749188,-0.005467388974749188,0.13527996923062938,6.4164488929172325
2017-12-22,0.00038799827053859204,-1.0,-0.00038799827053859204,-0.00038799827053859204,0.13522748083652938,6.418938463990684
2017-12-26,-0.003493989917057183,-1.0,0.003493989917057183,0.003493989917057183,0.13569996429108125,6.39651075771929
2017-12-27,0.008376823158107838,0.0,0.0,-0.001,0.13556426432679017,6.450093197165639
2017-12-28,0.006825710748606717,1.0,0.006825710748606717,0.005825710748606717,0.13635402251860573,6.494119667631048
2017-12-29,-0.001023273540635139,0.0,-0.0,-0.001,0.13621766849608713,6.487474406805442
2018-01-02,-0.0070429596786433235,1.0,-0.0070429596786433235,-0.008042959678643324,0.1351220752808543,6.441783386142081
2018-01-03,-0.021213185907741905,1.0,-0.021213185907741905,-0.021213185907741905,0.13225570557768163,6.305132637594446
2018-01-04,-0.005138376645377529,1.0,-0.005138376645377529,-0.005138376645377529,0.13157612594892334,6.2727344913034235
2018-01-05,0.004568928026303043,1.0,0.004568928026303043,0.004568928026303043,0.13217728779836377,6.301394163722297
2018-01-08,0.008239235975377346,1.0,0.008239235975377346,0.008239235975377346,0.13326632766311985,6.353312837211071
2018-01-09,-0.00732203492765271,0.0,-0.0,-0.001,0.13313306133545674,6.306793658710707
2018-01-10,-0.008232244214499196,-1.0,0.008232244214499196,0.007232244214499196,0.13409591214805866,6.2548745931017455
2018-01-11,-0.0005975642798491387,0.0,-0.0,-0.001,0.1339618162359106,6.251136903469972
2018-01-12,-0.0011959058806703116,-1.0,0.0011959058806703116,0.00019590588067031154,0.1339880601434965,6.243661132086237
2018-01-16,0.0014629941608979014,-1.0,-0.0014629941608979014,-0.0014629941608979014,0.13379203639387655,6.2527955718651045
2018-01-17,0.00890172656420507,-1.0,-0.00890172656420507,-0.00890172656420507,0.13260105626943008,6.30845624830772
2018-01-18,-0.007242759043534663,-1.0,0.007242759043534663,0.007242759043534663,0.13356145376890774,6.262765619764546
2018-01-19,-0.0041119375669707026,-1.0,0.0041119375669707026,0.0041119375669707026,0.13411065012815934,6.237013518539504
2018-01-22,-0.0009322343345904427,-1.0,0.0009322343345904427,0.0009322343345904427,0.13423567268084308,6.231199160392217
2018-01-23,0.017997495948032016,-1.0,-0.017997495948032016,-0.017997495948032016,0.13181976670568826,6.3433451420327565
2018-01-24,-0.012244759440894093,-1.0,0.012244759440894093,0.012244759440894093,0.1334338680385542,6.265672406718001
2018-01-25,0.014849152563693346,-1.0,-0.014849152563693346,-0.014849152563693346,0.13145248817488597,6.35871233219948
2018-01-26,0.030048100566882674,-1.0,-0.030048100566882674,-0.030048100566882674,0.12750259059044006,6.549779559833287
2018-01-29,-0.01274678959499509,-1.0,0.01274678959499509,0.01274678959499509,0.1291278392855132,6.4662908978904925
2018-01-30,-0.003725762532121313,-1.0,0.003725762532121313,0.003725762532121313,0.12960893895097692,6.442199033541335
2018-01-31,0.021405862654804153,-1.0,-0.021405862654804153,-0.021405862654804153,0.1268345478049574,6.580099861248232
2018-02-01,-0.013129808166750356,-1.0,0.013129808166750356,0.013129808166750356,0.128499861086553,6.493704412351983
2018-02-02,-0.0026864535148254376,-1.0,0.0026864535148254376,0.0026864535148254376,0.12884506999002357,6.476259377309183
2018-02-05,-0.010453798575757345,-1.0,0.010453798575757345,0.010453798575757345,0.13019199039917864,6.408557866254433
2018-02-06,-0.030656809610220104,0.0,-0.0,-0.001,0.13006179840877946,6.212091927872592
2018-02-07,-0.009829118419301786,-1.0,0.009829118419301786,0.008829118419301785,0.13121012942875795,6.1510325406819435
2018-02-08,-0.01890702892914975,-1.0,0.01890702892914975,0.01890702892914975,0.13369092314166497,6.034734790491129
2018-02-09,0.019340659426343665,0.0,0.0,-0.001,0.1335572322185233,6.151450540802325
2018-02-12,0.012829186954898208,1.0,0.012829186954898208,0.011829186954898208,0.135137105687615,6.230368649834088
2018-02-13,0.007133332989278207,0.0,0.0,-0.001,0.1350019685819274,6.274811944059315
2018-02-14,-0.006553571440846451,1.0,-0.006553571440846451,-0.007553571440846451,0.1339822215675889,6.233689515706046
2018-02-15,0.028984937469314964,1.0,0.028984937469314964,0.028984937469314964,0.13786568788172537,6.41437261652191
2018-02-16,0.010490042290768331,0.0,0.0,-0.001,0.13772782219384364,6.481659656537971
2018-02-20,-0.01435445775496802,1.0,-0.01435445775496802,-0.01535445775496802,0.1356130861662845,6.388618946816116
2018-02-21,-0.013328401003111723,1.0,-0.013328401003111723,-0.013328401003111723,0.13380558057259073,6.303468871636873
2018-02-22,0.0036241825916190074,1.0,0.0036241825916190074,0.0036241825916190074,0.1342905164283634,6.326313793788272
2018-02-23,0.025934246949953943,1.0,0.025934246949953943,0.025934246949953943,0.13777323984445342,6.490381977999277
2018-02-26,-0.0032223857604829487,0.0,-0.0,-0.001,0.13763546660460896,6.469467463533277
2018-02-27,-0.01920516695724539,1.0,-0.01920516695724539,-0.02020516695724539,0.13485451902262446,6.345220260771654
2018-02-28,0.0030988470089128306,1.0,0.0030988470089128306,0.0030988470089128306,0.1352724125455361,6.36488312759764
2018-03-01,0.007098522237288574,1.0,0.007098522237288574,0.007098522237288574,0.13623264677408226,6.4100643920166345
2018-03-02,-0.0024804258443635874,0.0,-0.0,-0.001,0.13609641412730816,6.394164702634642
2018-03-05,0.014197034399166641,-1.0,-0.014197034399166641,-0.015197034399166642,0.13402815224021222,6.484942878871883
2018-03-06,-0.011353143407627608,-1.0,0.011353143407627608,0.011353143407627608,0.1355497930732547,6.411318392377777
2018-03-07,-0.001370425942719078,-1.0,0.001370425942719078,0.001370425942719078,0.13573555402621248,6.40253215532583
2018-03-08,0.008233104589029594,-1.0,-0.008233104589029594,-0.008233104589029594,0.1346180290134648,6.455244872195253
2018-03-09,0.0032397435758813042,-1.0,-0.0032397435758813042,-0.0032397435758813042,0.13418190111877062,6.476158210300689
2018-03-12,-0.0027132891589287667,-1.0,0.0027132891589287667,0.0027132891589287667,0.13454597541640065,6.458586520437172
2018-03-13,0.0018142866926325052,-1.0,-0.0018142866926325052,-0.0018142866926325052,0.1343018704436554,6.470304248014417
2018-03-14,0.021593897854403465,-1.0,-0.021593897854403465,-0.021593897854403465,0.1314017695716398,6.610023337032953
2018-03-15,0.0008226783007505567,-1.0,-0.0008226783007505567,-0.0008226783007505567,0.13129366818713298,6.615461259799784
2018-03-16,0.01833832770118482,-1.0,-0.01833832770118482,-0.01833832770118482,0.1288859618748267,6.736777756276486
2018-03-19,-0.00689285866036804,-1.0,0.00689285866036804,0.00689285866036804,0.12977435459333547,6.690342099376161
2018-03-20,0.0030641248418705747,-1.0,-0.0030641248418705747,-0.0030641248418705747,0.12937670976958832,6.710842142803472
2018-03-21,-0.0021198711155757666,-1.0,0.0021198711155757666,0.0021198711155757666,0.1296509717196571,6.696616022383754
2018-03-22,0.011307200013491059,-1.0,-0.011307200013491059,-0.011307200013491059,0.12818498225047945,6.772335999162396
2018-03-23,-0.014824904904571112,-1.0,0.014824904904571112,0.014824904904571112,0.13008531242253696,6.671936761993011
2018-03-26,0.012163598888747185,0.0,0.0,-0.001,0.12995522711011442,6.7530915245769805
2018-03-27,0.00718581135262264,1.0,0.00718581135262264,0.00618581135262264,0.13075910562930484,6.8016179663195855
2018-03-28,-0.001968205695136338,0.0,-0.0,-0.001,0.13062834652367555,6.7882309831021335
2018-03-29,0.006532379892151052,-1.0,-0.006532379892151052,-0.007532379892151052,0.12964440419297568,6.832574286679427
2018-04-02,-0.005877750277852756,-1.0,0.005877750277852756,0.005877750277852756,0.13040642162574298,6.792414121267448
2018-04-03,-0.0022784534780533328,0.0,-0.0,-0.001,0.13027601520411725,6.776937921688467
2018-04-04,0.002037284681979834,-1.0,-0.002037284681979834,-0.003037284681979834,0.1298803298587084,6.7907444735070515
2018-04-05,0.01028732040814373,-1.0,-0.01028732040814373,-0.01028732040814373,0.12854420929073646,6.86060303771585
2018-04-06,-0.007621894935429863,-1.0,0.007621894935429863,0.007621894935429863,0.12952395974850836,6.8083122421686895
2018-04-09,-0.0038094042327225797,-1.0,0.0038094042327225797,0.0038094042327225797,0.13001736886901333,6.782376628695675
2018-04-10,-0.002035535378527631,-1.0,0.002035535378527631,0.002035535378527631,0.13028202382316928,6.768570861117467
2018-04-11,-0.004697166579671341,-1.0,0.004697166579671341,0.004697166579671341,0.13089398019140341,6.736777756276489
2018-04-12,-0.012232900417278092,-1.0,0.012232900417278092,0.012232900417278092,0.132495193216306,6.654367424850624
2018-04-13,0.007229486187100509,0.0,0.0,-0.001,0.1323626980230897,6.702475082232473
2018-04-16,0.01185836700713927,1.0,0.01185836700713927,0.010858367007139269,0.13379994077627955,6.781955491613791
2018-04-17,0.006785307989243927,0.0,0.0,-0.001,0.13366614083550327,6.827973148393736
2018-04-18,-0.0022053688746772604,1.0,-0.0022053688746772604,-0.0032053688746772604,0.1332376915480709,6.812914948935136
2018-04-19,-0.0019649420721954414,1.0,-0.0019649420721954414,-0.0019649420721954414,0.1329758872023459,6.799527965717684
2018-04-20,-0.010766637805386226,1.0,-0.010766637805386226,-0.010766637805386226,0.13154418398798837,6.726319910863207
2018-04-23,0.0021144101687564643,1.0,0.0021144101687564643,0.0021144101687564643,0.13182232234825333,6.740542110081045
2018-04-24,0.0064544540165527575,1.0,0.0064544540165527575,0.0064544540165527575,0.13267316346620533,6.7840486291772
2018-04-25,-0.01134608739801568,0.0,-0.0,-0.001,0.13254049030273912,6.707076220518167
2018-04-26,0.017962840968803517,-1.0,-0.017962840968803517,-0.018962840968803518,0.13002714606320104,6.827554364032979
2018-04-27,0.004595594780854473,-1.0,-0.004595594780854473,-0.004595594780854473,0.12942959398938358,6.8589310372343295
2018-04-30,-0.00030494096985411723,-1.0,0.00030494096985411723,0.00030494096985411723,0.12946906237530253,6.856839468151673
2018-05-01,-0.004209857893277658,-1.0,0.004209857893277658,0.004209857893277658,0.13001410872947847,6.8279731483937365
2018-05-02,0.0014092951456845526,0.0,0.0,-0.001,0.12988409462074899,6.837595777806632
2018-05-03,-0.00238577777777782,1.0,-0.00238577777777782,-0.00338577777777782,0.12944433593949525,6.821282793746513
2018-05-04,0.006316316639704445,1.0,0.006316316639704445,0.006316316639704445,0.13026194735250538,6.8643681757607835
2018-05-07,-0.00450948304148302,1.0,-0.00450948304148302,-0.00450948304148302,0.1296745333099687,6.833413423881694
2018-05-08,-0.021059246906236617,1.0,-0.021059246906236617,-0.021059246906236617,0.12694368529554306,6.689506883375778
2018-05-09,-0.010131163027456647,1.0,-0.010131163027456647,-0.010131163027456647,0.12565759812450777,6.621734398567004
2018-05-10,0.012256408804831143,1.0,0.012256408804831143,0.012256408804831143,0.12719770901655492,6.702893082352854
2018-05-11,0.0031829926519142404,0.0,0.0,-0.001,0.12707051130753835,6.72422834178055
2018-05-14,-0.0033596164676955587,1.0,-0.0033596164676955587,-0.004359616467695559,0.12651653261388351,6.701637513510959
2018-05-15,-0.008426651712789557,1.0,-0.008426651712789557,-0.008426651712789557,0.12545042185763652,6.645165148279237
2018-05-16,-0.01057612442168876,1.0,-0.01057612442168876,-0.01057612442168876,0.12412364258731681,6.574885054868366
2018-05-17,-0.004772379942776239,1.0,-0.004772379942776239,-0.004772379942776239,0.12353127740500877,6.543507205306453
2018-05-18,0.00019211980413613716,1.0,0.00019211980413613716,0.00019211980413613716,0.12355501020982851,6.5447643426291
2018-05-21,0.02409723732543423,1.0,0.02409723732543423,0.02409723732543423,0.1265323446136012,6.702475082232473
2018-05-22,-0.004930816344320577,0.0,-0.0,-0.001,0.1264058122689876,6.6694264085496
2018-05-23,0.005331411798764618,1.0,0.005331411798764618,0.004331411798764618,0.12695332789568192,6.704983867195134
2018-05-24,0.00573988140338777,1.0,0.00573988140338777,0.00573988140338777,0.12768202494156855,6.743469679404463
2018-05-25,0.007568328710944261,0.0,0.0,-0.001,0.12755434291662698,6.794506474590482
2018-05-29,0.008065623814752954,1.0,0.008065623814752954,0.0070656238147529535,0.1284555939196139,6.8493084078214315
2018-05-30,0.009405766294525053,0.0,0.0,-0.001,0.12832713832569428,6.913731401984525
2018-05-31,0.0032675305064797655,1.0,0.0032675305064797655,0.0022675305064797655,0.12861812402665707,6.936322230254117
2018-06-01,-0.016464777868805958,1.0,-0.016464777868805958,-0.016464777868805958,0.12650045518465564,6.822117225506522
2018-06-04,-0.004939181031227369,1.0,-0.004939181031227369,-0.004939181031227369,0.12587564653596595,6.788421553513491
2018-06-05,-0.011602755853797886,1.0,-0.011602755853797886,-0.011602755853797886,0.12441514214127017,6.709657155595414
2018-06-06,-0.019899333922654083,1.0,-0.019899333922654083,-0.019899333922654083,0.12193936368276656,6.5761394473496955
2018-06-07,0.001601004226174041,1.0,0.001601004226174041,0.001601004226174041,0.12213458911935965,6.586667874396812
2018-06-08,0.0026859831068462015,1.0,0.0026859831068462015,0.0026859831068462015,0.12246264056249585,6.604359553037849
2018-06-11,-0.008928857690920222,1.0,-0.008928857690920222,-0.008928857690920222,0.12136918907245901,6.5453901664491045
2018-06-12,0.012934581956501434,1.0,0.012934581956501434,0.012934581956501434,0.12293904879551085,6.630052051994319
2018-06-13,-0.0017153792825190806,0.0,-0.0,-0.001,0.12281610974671534,6.618678998062305
2018-06-14,0.010691495632793258,1.0,0.010691495632793258,0.009691495632793257,0.12400638153796227,6.689442575664948
2018-06-15,0.00453314641299718,0.0,0.0,-0.001,0.12388237515642431,6.719766798281775
2018-06-18,0.005452877188363292,1.0,0.005452877188363292,0.004452877188363292,0.12443400815879863,6.756408861367246
2018-06-19,0.016146527537811872,1.0,0.016146527537811872,0.016146527537811872,0.12644318529817497,6.8655014031040285
2018-06-20,-0.001840688491059228,0.0,-0.0,-0.001,0.1263167421128768,6.852864153685984
2018-06-21,0.00411811606003476,1.0,0.00411811606003476,0.00311811606003476,0.12671061237511025,6.881085043614515
2018-06-22,0.005692596160289831,1.0,0.005692596160289831,0.005692596160289831,0.1274319247205848,6.920256281912423
2018-06-25,0.012781171493872812,1.0,0.012781171493872812,0.012781171493872812,0.12906065400423286,7.008705264233097
2018-06-26,0.002223916812643223,0.0,0.0,-0.001,0.12893159335022863,7.024292041705086
2018-06-27,0.007855252037276772,1.0,0.007855252037276772,0.006855252037276772,0.12981545191821214,7.079469626076117
2018-06-28,-0.0075563011566861515,0.0,-0.0,-0.001,0.12968563646629394,7.025975021551873
2018-06-29,0.001319238536275913,-1.0,-0.001319238536275913,-0.002319238536275913,0.12938486454059983,7.035243958555216
2018-07-02,0.011853490919123466,-1.0,-0.011853490919123466,-0.011853490919123466,0.1278512022236958,7.118636158931769
2018-07-03,-0.002661970605181585,-1.0,0.002661970605181585,0.002661970605181585,0.12819153836585243,7.09968655872771
2018-07-05,-0.00011874586253513009,-1.0,0.00011874586253513009,0.00011874586253513009,0.1282067605806454,7.098843500323564
2018-07-06,0.010501916067748196,-1.0,-0.010501916067748196,-0.010501916067748196,0.12686034394170956,7.173394958942042
2018-07-09,-0.029299544524974186,-1.0,0.029299544524974186,0.029299544524974186,0.1305772942374832,6.963217753947294
2018-07-10,0.012823612927364225,0.0,0.0,-0.001,0.13044671694324572,7.052511363152865
2018-07-11,0.0057929722167517905,1.0,0.0057929722167517905,0.0047929722167517905,0.1310719444333212,7.0933663655379355
2018-07-12,0.0004752961009577561,1.0,0.0004752961009577561,0.0004752961009577561,0.1311342424174553,7.096737814914141
2018-07-13,0.006113145854981239,1.0,0.006113145854981239,0.006113145854981239,0.13193588516793567,7.140121208271272
2018-07-16,-0.00011807340233505048,0.0,-0.0,-0.001,0.13180394928276773,7.139278149867127
2018-07-17,0.004188640524654952,1.0,0.004188640524654952,0.003188640524654952,0.13222422469676035,7.169182019642443
2018-07-18,-0.004641219957814635,0.0,-0.0,-0.001,0.1320920004720636,7.135908268971673
2018-07-19,0.004899477246955497,-1.0,-0.004899477246955497,-0.005899477246955497,0.13131272672077382,7.170870489171861
2018-07-20,-0.0016450643966922085,-1.0,0.0016450643966922085,0.0016450643966922085,0.13152874461233474,7.159073945436834
2018-07-23,-0.006706889380307501,-1.0,0.006706889380307501,0.006706889380307501,0.1324108933527804,7.111058828419347
2018-07-24,0.008173633860376173,-1.0,-0.008173633860376173,-0.008173633860376173,0.13132861519138944,7.1691820196424425
2018-07-25,-0.014452344139874618,-1.0,0.014452344139874618,0.014452344139874618,0.13322662153354858,7.065570533893169
2018-07-26,0.0024439907230688895,-1.0,-0.0024439907230688895,-0.0024439907230688895,0.13290101690645478,7.082838722731193
2018-07-27,-0.007017356211573178,-1.0,0.007017356211573178,0.007017356211573178,0.1338336306829677,7.033135920424664
2018-07-30,-0.004491593357646928,0.0,-0.0,-0.001,0.1336997970522847,7.001545933841057
2018-07-31,0.007880547583583253,-1.0,-0.007880547583583253,-0.008880547583583254,0.13251246964264649,7.056721949731335
2018-08-01,0.0021489944279731166,-1.0,-0.0021489944279731166,-0.0021489944279731166,0.13222770108374748,7.071886805881063
2018-08-02,0.00923160623583108,-1.0,-0.00923160623583108,-0.00923160623583108,0.13100702701387315,7.137171680217326
2018-08-03,0.010032585244394765,-1.0,-0.010032585244394765,-0.010032585244394765,0.12969268784774174,7.208775963502987
2018-08-06,-0.0008183159162881148,-1.0,0.0008183159162881148,0.0008183159162881148,0.12979881743843372,7.202876907395098
2018-08-07,-0.0022223245682657655,-1.0,0.0022223245682657655,0.0022223245682657655,0.13008727253935898,7.1868697770816
2018-08-08,-0.0032226785431349603,-1.0,0.0032226785431349603,0.0032226785431349603,0.13050650200130653,7.163708806058693
2018-08-09,0.004527300260997125,-1.0,-0.004527300260997125,-0.004527300260997125,0.1299156598807342,7.19614106680607
2018-08-10,0.00046785407660765443,-1.0,-0.00046785407660765443,-0.00046785407660765443,0.12985487830964382,7.199507810740019
2018-08-13,0.0021649782015289443,-1.0,-0.0021649782015289443,-0.0021649782015289443,0.12957374532874125,7.2150945882120086
2018-08-14,0.0037360439107985144,-1.0,-0.0037360439107985144,-0.0037360439107985144,0.12908965212650644,7.242050498414133
2018-08-15,0.004827235497231186,-1.0,-0.004827235497231186,-0.004827235497231186,0.12846650597543616,7.277009581652819
2018-08-16,0.011691923369351764,-1.0,-0.011691923369351764,-0.011691923369351764,0.126964485432043,7.362091820039542
2018-08-17,0.0021739443059927144,-1.0,-0.0021739443059927144,-0.0021739443059927144,0.12668847171187472,7.378096597631913
2018-08-20,-0.0049665426687399705,-1.0,0.0049665426687399705,0.0049665426687399705,0.1273176754122692,7.341452966065689
2018-08-21,-0.009581114785367939,-1.0,0.009581114785367939,0.009581114785367939,0.1285375206746004,7.271113662506433
2018-08-22,-0.005329429198200897,0.0,-0.0,-0.001,0.1284089831539258,7.232362777050034
2018-08-23,-0.0004660531059815787,-1.0,0.0004660531059815787,-0.0005339468940184213,0.12834041957620668,7.228992111914205
2018-08-24,0.006234224183204962,-1.0,-0.006234224183204962,-0.006234224183204962,0.12754031662880203,7.2740592693584984
2018-08-27,-0.007179719282183306,-1.0,0.007179719282183306,0.007179719282183306,0.12845602029935763,7.221833565762541
2018-08-28,-0.005249058526074046,0.0,-0.0,-0.001,0.12832756427905828,7.183925738710287
2018-08-29,0.006373219748302628,-1.0,-0.006373219748302628,-0.007373219748302628,0.12738137694786436,7.229710476098575
2018-08-30,0.0017596759124318684,-1.0,-0.0017596759124318684,-0.0017596759124318684,0.1271572270071568,7.242432423477221
2018-08-31,-0.004273540830961431,-1.0,0.004273540830961431,0.004273540830961431,0.1277006386087237,7.211481592800013
2018-09-04,-0.0004116144213598405,0.0,-0.0,-0.001,0.12757293797011496,7.2085132429770455
2018-09-05,0.009351248309074967,-1.0,-0.009351248309074967,-0.010351248309074967,0.12625239881166808,7.275921840251379
2018-09-06,0.012819169644785688,-1.0,-0.012819169644785688,-0.012819169644785688,0.12463394789324017,7.369193116643762
2018-09-07,-0.009895068429006226,-1.0,0.009895068429006226,0.009895068429006226,0.12586720933622098,7.2962744464880105
2018-09-10,-0.00040683088948167967,0.0,-0.0,-0.001,0.12574134212688476,7.293306096665043
2018-09-11,0.0006973241998380342,-1.0,-0.0006973241998380342,-0.0016973241998380342,0.1255279183039727,7.298391895503074
2018-09-12,0.0020332419259170287,-1.0,-0.0020332419259170287,-0.0020332419259170287,0.12527268967760397,7.313231291896784
2018-09-13,0.012173839563627498,-1.0,-0.012173839563627498,-0.012173839563627498,0.12374764005176472,7.402261396336036
2018-09-14,-0.0054409654821403475,-1.0,0.0054409654821403475,0.0054409654821403475,0.12442094668978271,7.361985947588792
2018-09-17,0.001209492288075209,-1.0,-0.001209492288075209,-0.001209492288075209,0.1242704605142864,7.370890212817319
2018-09-18,-0.002415743176443219,-1.0,0.002415743176443219,0.002415743176443219,0.12457066603130723,7.353084035081393
2018-09-19,-0.024619832277079312,-1.0,0.024619832277079312,0.024619832277079312,0.12763757493564207,7.1720523394184195
2018-09-20,0.0005917844312581799,0.0,0.0,-0.001,0.12750993736070643,7.176296648333056
2018-09-21,0.00880190378065615,-1.0,-0.00880190378065615,-0.009801903780656152,0.12626009722361928,7.23946172093313
2018-09-24,-0.011419237221862444,-1.0,0.011419237221862444,0.011419237221862444,0.1277018912254712,7.156792590183201
2018-09-25,-0.01161064432523129,-1.0,0.01161064432523129,0.01161064432523129,0.12918459246414954,7.073697616909134
2018-09-26,-0.014384230795156605,0.0,-0.0,-0.001,0.1290554078716854,6.971947917812363
2018-09-27,0.0069320078087167225,-1.0,-0.0069320078087167225,-0.007932007808716723,0.12803173936869008,7.020277515220605
2018-09-28,0.012138376983745314,-1.0,-0.012138376983745314,-0.012138376983745314,0.1264776418503483,7.105492290230863
2018-10-01,-0.0036395944969013216,-1.0,0.0036395944969013216,0.0036395944969013216,0.12693796917960787,7.079631179593564
2018-10-02,0.014073084819572035,-1.0,-0.014073084819572035,-0.014073084819572035,0.12515156037251904,7.179263429675271
2018-10-03,-0.006495989859321427,-1.0,0.006495989859321427,0.006495989859321427,0.12596454363957715,7.132627007238703
2018-10-04,0.006003331519139676,-1.0,-0.006003331519139676,-0.006003331519139676,0.12520833672445164,7.175446531765526
2018-10-05,0.018433912050319412,-1.0,-0.018433912050319412,-0.018433912050319412,0.12290025725730633,7.307718082053861
2018-10-08,0.005511679708510631,-1.0,-0.005511679708510631,-0.005511679708510631,0.12222287040321049,7.347995883522233
2018-10-09,0.0023656365910456056,-1.0,-0.0023656365910456056,-0.0023656365910456056,0.12193373550872202,7.365378571455146
2018-10-10,-0.005641023129270284,-1.0,0.005641023129270284,0.005641023129270284,0.12262156653096505,7.323830300577736
2018-10-11,-0.021186545489940478,-1.0,0.021186545489940478,0.021186545489940478,0.1252194939283211,7.168663636753942
2018-10-12,0.0015967791358859618,0.0,0.0,-0.001,0.12509427443439278,7.180110409281295
2018-10-15,0.0016529960088458306,-1.0,-0.0016529960088458306,-0.0026529960088458307,0.12476239982358887,7.191979103130909
2018-10-16,0.009726375426074796,-1.0,-0.009726375426074796,-0.009726375426074796,0.1235489138838466,7.261930991944445
2018-10-17,-0.0027436794722320856,-1.0,0.0027436794722320856,0.0027436794722320856,0.12388789250268627,7.242006580953081
2018-10-18,0.004390637551543453,-1.0,-0.004390637551543453,-0.004390637551543453,0.12334394566968239,7.273803606995939
2018-10-19,0.011016103884790018,-1.0,-0.011016103884790018,-0.011016103884790018,0.12198517595062527,7.353932583168167
2018-10-22,-0.004612173369260453,-1.0,0.004612173369260453,0.004612173369260453,0.12254779273058931,7.3200149711487414
2018-10-23,-0.011757260529691171,-1.0,0.011757260529691171,0.011757260529691171,0.12398861905706145,7.233951648051706
2018-10-24,0.029127341909298776,0.0,0.0,-0.001,0.12386463043800439,7.444657431059843
2018-10-25,-0.013667373656696125,1.0,-0.013667373656696125,-0.014667373656696125,0.1220478616205216,7.342908516203449
2018-10-26,-0.019110797254408896,1.0,-0.019110797254408896,-0.019110797254408896,0.11971542968175766,7.2025796802926125
2018-10-29,0.01701094102577616,1.0,0.01701094102577616,0.01701094102577616,0.1217519017959495,7.325102338467524
2018-10-30,0.00445667140487549,1.0,0.00445667140487549,0.00445667140487549,0.12229451001517272,7.3577479125971585
2018-10-31,-0.0060503052332304685,1.0,-0.0060503052332304685,-0.0060503052332304685,0.12155459090123256,7.3132312918967814
2018-11-01,-0.01176805920961621,1.0,-0.01176805920961621,-0.01176805920961621,0.12012412927830618,7.227168753040122
2018-11-02,-0.01360978490374154,1.0,-0.01360978490374154,-0.01360978490374154,0.1184892657170792,7.128808540848204
2018-11-05,0.015224616810345148,1.0,0.015224616810345148,0.015224616810345148,0.12029321938376089,7.2373419191969335
2018-11-06,0.004393684156232203,1.0,0.004393684156232203,0.004393684156232203,0.12082174979586949,7.2691405137205445
2018-11-07,0.012130515186015822,1.0,0.012130515186015822,0.012130515186015822,0.12228737986656929,7.3573189331115145
2018-11-08,0.002420732212335075,0.0,0.0,-0.001,0.12216509248670272,7.37512903204932
2018-11-09,0.014945605507514781,1.0,0.014945605507514781,0.01394560550751478,0.12386875867331135,7.485354801129349
2018-11-12,0.010931279283205697,0.0,0.0,-0.001,0.12374488991463803,7.5671793049943785
2018-11-13,0.0009527356873044734,1.0,0.0009527356873044734,-4.7264312695526577e-05,0.12373904119746663,7.574388826770479
2018-11-14,-0.010298761193669792,1.0,-0.010298761193669792,-0.010298761193669792,0.12246468236184026,7.496382005055569
2018-11-15,0.013346680920925058,1.0,0.013346680920925058,0.013346680920925058,0.12409917940140618,7.59643382373841
2018-11-16,0.0067530018245245405,0.0,0.0,-0.001,0.12397508022200476,7.647732555209996
2018-11-19,0.00898052261481519,1.0,0.00898052261481519,0.007980522614815189,0.12496446615339002,7.7164131903741175
2018-11-20,-0.017801282950992592,0.0,-0.0,-0.001,0.12483950168723663,7.579051135805496
2018-11-21,-0.014488016279474492,-1.0,0.014488016279474492,0.01348801627947449,0.12652333891831555,7.469245719566977
2018-11-23,0.006527596761883636,0.0,0.0,-0.001,0.12639681557939722,7.518001943739735
2018-11-26,-0.0016917806768771415,1.0,-0.0016917806768771415,-0.0026917806768771415,0.1260565830736018,7.505283133322592
2018-11-27,0.00547933983348825,1.0,0.00547933983348825,0.00547933983348825,0.1267472899305104,7.546407130156614
2018-11-28,0.0002809021166800818,1.0,0.0002809021166800818,0.0002809021166800818,0.12678289351253536,7.5485269318928045
2018-11-29,0.001017114113762263,1.0,0.001017114113762263,0.001017114113762263,0.12691184618291057,7.556204645173347
2018-11-30,0.02591503822186092,1.0,0.02591503822186092,0.02591503822186092,0.13020077152754764,7.7520239773652175
2018-12-03,0.004292367387962681,0.0,0.0,-0.001,0.13007057075602008,7.7852985122763645
2018-12-04,-0.001753669519976686,1.0,-0.001753669519976686,-0.002753669519976686,0.12971239938988324,7.7716456715714655
2018-12-06,0.002689970256640528,1.0,0.002689970256640528,0.002689970256640528,0.13006132188615951,7.792551167273142
2018-12-07,0.0010947591650605215,1.0,0.0010947591650605215,0.0010947591650605215,0.13020370771031428,7.801082134082717
2018-12-10,-0.0013671032671144223,1.0,-0.0013671032671144223,-0.0013671032671144223,0.1300257057961131,7.790417249210184
2018-12-11,0.0020263323545450795,1.0,0.0020263323545450795,0.0020263323545450795,0.13028918109069035,7.806203223737665
2018-12-12,-0.009126829444716766,1.0,-0.009126829444716766,-0.009126829444716766,0.1291000539563838,7.734957338303813
2018-12-13,0.004908753357119933,1.0,0.004908753357119933,0.004908753357119933,0.12973377427964655,7.7729263361053915
2018-12-14,-0.005269281619725508,1.0,-0.005269281619725508,-0.005269281619725508,0.12905017048737719,7.731968598231071
2018-12-17,-0.03084261960069301,1.0,-0.03084261960069301,-0.03084261960069301,0.12506992516963042,7.493494431991326
2018-12-18,0.001992653346658102,1.0,0.001992653346658102,0.001992653346658102,0.12531914617458595,7.508426368749398
2018-12-19,-0.008409215700753925,1.0,-0.008409215700753925,-0.008409215700753925,0.12426531044296954,7.445286391841356
2018-12-20,0.0022348674289744963,1.0,0.0022348674289744963,0.0022348674289744963,0.12454302693782994,7.461925619897869
2018-12-21,-0.004574115500567744,1.0,-0.004574115500567744,-0.004574115500567744,0.12397335274782599,7.427793910255811
2018-12-24,-0.03463307079697309,1.0,-0.03463307079697309,-0.03463307079697309,0.11967977484517242,7.170546597896595
2018-12-26,0.013445689533168714,1.0,0.013445689533168714,0.013445689533168714,0.12128895194114014,7.266959541235032
2018-12-27,0.01068513226508272,1.0,0.01068513226508272,0.01068513226508272,0.12258494043492449,7.344607965098133
2018-12-28,0.003252555644264188,1.0,0.003252555644264188,0.003252555644264188,0.12298365477483789,7.368496711189921
2018-12-31,0.006368330574628045,1.0,0.006368330574628045,0.006368330574628045,0.12376685534371999,7.415421734084838
2019-01-02,-0.022954674118800367,1.0,-0.022954674118800367,-0.022954674118800367,0.12092582751259619,7.24520314472545
2019-01-03,-0.0024726963192501783,1.0,-0.0024726963192501783,-0.0024726963192501783,0.1206268146640035,7.227287957577268
2019-01-04,0.01841659853983235,1.0,0.01841659853983235,0.01841659853983235,0.12284835028280922,7.360390018423733
2019-01-07,-0.0014489564881531303,0.0,-0.0,-0.001,0.1227255019325264,7.349725133551201
2019-01-08,0.007313555082836043,1.0,0.007313555082836043,0.006313555082836043,0.12350033614904612,7.403477753159132
2019-01-09,-0.004321782838436428,0.0,-0.0,-0.001,0.12337683581289707,7.371481530060783
2019-01-10,0.015047367322452043,-1.0,-0.015047367322452043,-0.016047367322452044,0.12139696240952566,7.482402920354279
2019-01-11,0.0018243454848758667,-1.0,-0.0018243454848758667,-0.0018243454848758667,0.12117549240927619,7.496053408338049
2019-01-14,-0.025496732599162963,-1.0,0.025496732599162963,0.025496732599162963,0.12426507153680742,7.304928539036609
2019-01-15,0.02038196798485825,0.0,0.0,-0.001,0.12414080646527062,7.453817358650931
2019-01-16,-0.00022904925305955448,1.0,-0.00022904925305955448,-0.0012290492530595545,0.12398823129981026,7.45211006735249
2019-01-17,0.004637178948445175,1.0,0.004637178948445175,0.004637178948445175,0.1245631869158487,7.486666835278314
2019-01-18,0.003419197177405131,0.0,0.0,-0.001,0.12443862372893284,7.51226522538967
2019-01-22,0.007325686494066064,1.0,0.007325686494066064,0.006325686494066064,0.12522578345039515,7.567297725291149
2019-01-23,0.011275641614901577,0.0,0.0,-0.001,0.12510055766694475,7.652623862434792
2019-01-24,0.0050171100495099985,1.0,0.0050171100495099985,0.0040171100495099985,0.12560310037434796,7.691017918520134
2019-01-25,-0.033725418618298364,1.0,-0.033725418618298364,-0.033725418618298364,0.12136708323446693,7.431635119617209
2019-01-28,-0.009931174040791135,1.0,-0.009931174040791135,-0.009931174040791135,0.12016176560804226,7.357830257836635
2019-01-29,0.00226111159844522,1.0,0.00226111159844522,0.00226111159844522,0.12043346476994826,7.37446713317202
2019-01-30,0.004223187010977458,1.0,0.004223187010977458,0.004223187010977458,0.12094207781405172,7.405610886981712
2019-01-31,0.0310500742504769,1.0,0.0310500742504769,0.0310500742504769,0.12469733831018498,7.635555654892634
2019-02-01,-0.0064808359363220935,0.0,-0.0,-0.001,0.1245726409718748,7.586070871410619
2019-02-04,0.0015744620803264109,1.0,0.0015744620803264109,0.0005744620803264109,0.12464420323035927,7.598014852336323
2019-02-05,0.0003928419368572911,1.0,0.0003928419368572911,0.0003928419368572911,0.12469316870057431,7.600999671207186
2019-02-06,-0.00039268767267142124,1.0,-0.00039268767267142124,-0.00039268767267142124,0.12464420323035925,7.598014852336323
2019-02-07,0.01824815823086956,1.0,0.01824815823086956,0.01824815823086956,0.12691873037346751,7.736664629602253
2019-02-08,0.0091535168679302,0.0,0.0,-0.001,0.12679181164309405,7.807482319790837
2019-02-11,0.0,1.0,0.0,-0.001,0.12666501983145095,7.807482319790837
2019-02-12,0.0014208267996562718,1.0,0.0014208267996562718,0.0014208267996562718,0.12684498888620646,7.818575399908638
2019-02-13,-0.0022917632935912646,1.0,-0.0022917632935912646,-0.0022917632935912646,0.12655429019670106,7.800657075798951
2019-02-14,-0.0013126876991601533,1.0,-0.0013126876991601533,-0.0013126876991601533,0.1263881639366839,7.790417249210184
2019-02-15,0.007830608319489007,1.0,0.007830608319489007,0.007830608319489007,0.12737786014469143,7.85142095533414
2019-02-19,0.0072269904064306,0.0,0.0,-0.001,0.12725048228454675,7.908163099255188
2019-02-20,0.0014565863775655163,1.0,0.0014565863775655163,0.0004565863775655163,0.12730858312129653,7.919682021897129
2019-02-21,0.004955766373729853,1.0,0.004955766373729853,0.004955766373729853,0.12793949471661625,7.95893011575188
2019-02-22,0.00841575451158949,0.0,0.0,-0.001,0.12781155522189963,8.025910517780945
2019-02-25,-0.0013287091363067827,1.0,-0.0013287091363067827,-0.0023287091363067827,0.12751391928552883,8.015246417148788
2019-02-26,0.0018623546350213793,1.0,0.0018623546350213793,0.0018623546350213793,0.12775139542413996,8.030173648464604
2019-02-27,-0.0009089374026618469,1.0,-0.0009089374026618469,-0.0009089374026618469,0.12763527740259673,8.022874723285645
2019-02-28,0.004870909652885835,1.0,0.004870909652885835,0.004870909652885835,0.12825697730734578,8.06195342121919
2019-03-01,-0.0008520467799849607,0.0,-0.0,-0.001,0.12812872033003844,8.055084259766252
2019-03-04,0.00362567425225091,1.0,0.00362567425225091,0.00262567425225091,0.12846514461198288,8.084289371366598
2019-03-05,0.0004246038170883093,1.0,0.0004246038170883093,0.0004246038170883093,0.12851969140274794,8.087721991492126
2019-03-06,-0.0039822318068499785,1.0,-0.0039822318068499785,-0.0039822318068499785,0.12800789619983738,8.055514807732646
2019-03-07,0.0019193433791464543,1.0,0.0019193433791464543,0.0019193433791464543,0.128253587307887,8.070976106744483
2019-03-08,0.00409718468434539,1.0,0.00409718468434539,0.00409718468434539,0.12877906594151722,8.104044386436755
2019-03-11,0.0042394618034740095,1.0,0.0042394618034740095,0.0042394618034740095,0.12932501987266334,8.138401173066711
2019-03-12,0.007335148040478634,1.0,0.007335148040478634,0.007335148040478634,0.13027363803876718,8.198097550483961
2019-03-13,0.00041890067605732106,0.0,0.0,-0.001,0.1301433644007284,8.201531739090242
2019-03-14,5.249604343338099e-05,1.0,5.249604343338099e-05,-0.000947503956566619,0.13002005304803782,8.201962287056638
2019-03-15,0.001361574530907017,1.0,0.001361574530907017,0.001361574530907017,0.1301970850407752,8.213129870010155
2019-03-18,-0.0019351228716131263,1.0,-0.0019351228716131263,-0.0019351228716131263,0.12994513768369545,8.197236454551168
2019-03-19,-0.012416414365468587,1.0,-0.012416414365468587,-0.012416414365468587,0.1283316850094368,8.095456170079737
2019-03-20,0.007267401308498345,1.0,0.007267401308498345,0.007267401308498345,0.1292643228649962,8.154289098843066
2019-03-21,0.010744308520035828,1.0,0.010744308520035828,0.010744308520035828,0.13065317863049125,8.2419012966826
2019-03-22,0.010525903126598957,0.0,0.0,-0.001,0.13052252545186077,8.328654751310472
2019-03-25,-0.0016499014880186902,1.0,-0.0016499014880186902,-0.00264990148801869,0.13017665361744593,8.31491329144309
2019-03-26,0.007179151796754546,1.0,0.007179151796754546,0.007179151796754546,0.13111121157415911,8.374607316139212
2019-03-27,-0.005538260878766854,0.0,-0.0,-0.001,0.13098010036258495,8.328226556065204
2019-03-28,-0.010313591566895597,-1.0,0.010313591566895597,0.009313591566895596,0.13219999552075307,8.242332628889374
2019-03-29,0.0072947015863147335,0.0,0.0,-0.001,0.13206779552523232,8.302457985792266
2019-04-01,-0.014638849929873743,1.0,-0.014638849929873743,-0.015638849929873744,0.13000240709044397,8.180919549289172
2019-04-02,-0.005302230289979115,1.0,-0.005302230289979115,-0.005302230289979115,0.12931310438979882,8.13754242985505
2019-04-03,-0.000897041027098533,1.0,-0.000897041027098533,-0.000897041027098533,0.1291971052298197,8.130242720435714
2019-04-04,-0.0048075490094606765,1.0,-0.0048075490094606765,-0.0048075490094606765,0.12857598381454688,8.091156180098409
2019-04-05,0.0089176421988586,1.0,0.0089176421988586,0.0089176421988586,0.12972257843357124,8.16331021588761
2019-04-08,-0.007575802699037015,0.0,-0.0,-0.001,0.12959285585513766,8.101466588321012
2019-04-09,0.005672129154366434,-1.0,-0.005672129154366434,-0.006672129154366434,0.128728195583389,8.147419153149754
2019-04-10,-0.005745634464219607,-1.0,0.005745634464219607,0.005745634464219607,0.1294678207404497,8.100607060868974
2019-04-11,0.007528530656660148,0.0,0.0,-0.001,0.12933835291970927,8.161592729464283
2019-04-12,0.004262417887030745,1.0,0.004262417887030745,0.003262417887030745,0.12976030867575364,8.196380848301011
2019-04-15,0.0016241900697544498,0.0,0.0,-0.001,0.12963054836707788,8.209693328682746
2019-04-16,-0.008579298834256233,1.0,-0.008579298834256233,-0.009579298834256234,0.12838877860622114,8.139259916278377
2019-04-17,0.0006859354896895375,1.0,0.0006859354896895375,0.0006859354896895375,0.12847684502594503,8.14484292351476
2019-04-18,-0.0015292260105919109,1.0,-0.0015292260105919109,-0.0015292260105919109,0.12828037489277258,8.132387617863936
2019-04-22,0.005386718540556945,1.0,0.005386718540556945,0.005386718540556945,0.12897138516659706,8.17619450102408
2019-04-23,-0.003099095373005567,0.0,-0.0,-0.001,0.12884241378143046,8.150855694477162
2019-04-24,0.001422453071508567,-1.0,-0.001422453071508567,-0.002422453071508567,0.12853029908042507,8.162449904195194
2019-04-25,0.0022101062278723216,-1.0,-0.0022101062278723216,-0.0022101062278723216,0.12824623346595712,8.180489785563152
2019-04-26,0.006457324730853031,-1.0,-0.006457324730853031,-0.006457324730853031,0.12741810589095864,8.23331386456596
2019-04-29,0.00031280787262355503,-1.0,-0.00031280787262355503,-0.00031280787262355503,0.12737824850432117,8.235889309960577
2019-04-30,0.013922834318614408,-1.0,-0.013922834318614408,-0.013922834318614408,0.1256047822546002,8.350556232289605
2019-05-01,-0.006016930011443544,-1.0,0.006016930011443544,0.006016930011443544,0.12636053743852874,8.300311519883294
2019-05-02,-0.00802002137777924,-1.0,0.00802002137777924,0.00802002137777924,0.1273739516500934,8.233742844051603
2019-05-03,0.0035990080582881667,0.0,0.0,-0.001,0.1272465776984433,8.263376150897217
2019-05-06,-0.007847836010777431,1.0,-0.007847836010777431,-0.008847836010777432,0.12612072084603482,8.198526529969607
2019-05-07,-0.006024335526189306,1.0,-0.006024335526189306,-0.006024335526189306,0.12536092730685344,8.149135855332705
2019-05-08,-0.009854664367267452,1.0,-0.009854664367267452,-0.009854664367267452,0.12412553744347499,8.068828856595136
2019-05-09,0.003885226139425102,1.0,0.003885226139425102,0.003885226139425102,0.12460779322612056,8.100178081383326
2019-05-10,0.016701241870583194,1.0,0.016701241870583194,0.016701241870583194,0.12668889811974962,8.235461114715307
2019-05-13,0.016530785305862716,0.0,0.0,-0.001,0.12656220922162986,8.371599754297446
2019-05-14,-0.000153633027653588,1.0,-0.000153633027653588,-0.001153633027653588,0.126416202877019,8.37031360008089
2019-05-15,-0.00020537520888874727,1.0,-0.00020537520888874727,-0.00020537520888874727,0.1263902401229462,8.368594545176808
2019-05-16,0.011546856720241472,1.0,0.011546856720241472,0.011546856720241472,0.12784965011648278,8.46522550733976
2019-05-17,0.009487156587832724,0.0,0.0,-0.001,0.1277218004663663,8.545536427279208
2019-05-20,0.001859482857829331,1.0,0.001859482857829331,0.000859482857829331,0.12783157516443824,8.56142670577669
2019-05-21,-0.0022572466024967097,1.0,-0.0022572466024967097,-0.0022572466024967097,0.1275430277757065,8.54210145443255
2019-05-22,0.015233748046078466,1.0,0.015233748046078466,0.015233748046078466,0.1294859861258756,8.672229675773417
2019-05-23,0.007923222440834765,0.0,0.0,-0.001,0.12935650013974972,8.740941680552579
2019-05-24,-0.0007857708543970165,1.0,-0.0007857708543970165,-0.0017857708543970166,0.12912549907197335,8.734073303340017
2019-05-28,-0.010817918853262332,1.0,-0.010817918853262332,-0.010817918853262332,0.12772862990112574,8.639588807086039
2019-05-29,-0.0121787252691552,1.0,-0.0121787252691552,-0.0121787252691552,0.12617305800855433,8.53436962856607
2019-05-30,0.0011070230398078085,1.0,0.0011070230398078085,0.0011070230398078085,0.1263127344907728,8.543817372375129
2019-05-31,0.0026305291551078636,1.0,0.0026305291551078636,0.0026305291551078636,0.12664500382151217,8.566292133069078
2019-06-03,0.006911809565172566,1.0,0.006911809565172566,0.006911809565172566,0.127520349970307,8.625500712972487
2019-06-04,-0.0010021328281512032,0.0,-0.0,-0.001,0.1273928296203367,8.616856815548775
2019-06-05,0.026431988292171527,1.0,0.026431988292171527,0.025431988292171526,0.1306326825717477,8.84461747401268
2019-06-06,0.005423773238060647,0.0,0.0,-0.001,0.13050204988917596,8.892588673569113
2019-06-07,-0.00665819392719591,1.0,-0.00665819392719591,-0.00765819392719591,0.12950263988322805,8.833380093665705
2019-06-10,-0.004745724129548878,1.0,-0.004745724129548878,-0.004745724129548878,0.12888805608029394,8.791459308609719
2019-06-11,-0.00712808801373821,1.0,-0.00712808801373821,-0.00712808801373821,0.12796933067263397,8.728793012888751
2019-06-12,0.012774194151219609,1.0,0.012774194151219609,0.012774194151219609,0.12960403574804782,8.840296309541202
2019-06-13,0.0010754555893528472,0.0,0.0,-0.001,0.12947443171229978,8.849803655618834
2019-06-14,0.010695060638190812,1.0,0.010695060638190812,0.009695060638190811,0.1307296941788458,8.94445284235176
2019-06-17,-0.00285105693486265,0.0,-0.0,-0.001,0.13059896448466696,8.918951698047021
2019-06-18,-0.004603293475698433,-1.0,0.004603293475698433,0.0036032934756984334,0.13106955088132752,8.877895145885331
2019-06-19,0.003991828892594196,-1.0,-0.003991828892594196,-0.003991828892594196,0.1305463436611801,8.913334184234097
2019-06-20,0.0006788928380501158,-1.0,-0.0006788928380501158,-0.0006788928380501158,0.1304577166834349,8.919385382974921
2019-06-21,0.0056689890691163924,-1.0,-0.0056689890691163924,-0.0056689890691163924,0.1297181533135746,8.969949281214243
2019-06-24,0.0031318208861792485,-1.0,-0.0031318208861792485,-0.0031318208861792485,0.12931189929171055,8.998041555721118
2019-06-25,-0.00951019978426948,-1.0,0.00951019978426948,0.00951019978426948,0.13054168128845806,8.912468382859052
2019-06-26,-0.015274548900695684,0.0,-0.0,-0.001,0.1304111396071696,8.776334448719167
2019-06-27,0.007287992634712248,-1.0,-0.007287992634712248,-0.008287992634712249,0.12933029304262095,8.840296309541204
2019-06-28,0.0015154671148160936,-1.0,-0.0015154671148160936,-0.0015154671148160936,0.12913429723656533,8.853693487883543
2019-07-01,-0.004100441870177773,-1.0,0.004100441870177773,0.004100441870177773,0.12966380491583013,8.817389432400105
2019-07-02,0.017841325392194074,-1.0,-0.017841325392194074,-0.017841325392194074,0.12735043078073682,8.97470334637325
2019-07-03,0.005152564043972463,-1.0,-0.005152564043972463,-0.005152564043972463,0.1266942495301116,9.020946080141092
2019-07-05,-0.0029702379824289027,-1.0,0.0029702379824289027,0.0029702379824289027,0.12707056160222124,8.994151723456413
2019-07-08,0.0049013760683940255,-1.0,-0.0049013760683940255,-0.0049013760683940255,0.12644774099258674,9.038235443469267
2019-07-09,-0.004638073557366784,-1.0,0.004638073557366784,0.004638073557366784,0.1270342149164732,8.996315442653657
2019-07-10,0.006341000969805277,-1.0,-0.006341000969805277,-0.006341000969805277,0.1262286908364894,9.053361087600198
2019-07-11,0.004391934765029637,-1.0,-0.004391934765029637,-0.004391934765029637,0.12567430266086047,9.093122858901197
2019-07-12,-0.007937512764324972,-1.0,0.007937512764324972,0.007937512764324972,0.12667184404237866,9.020946080141092
2019-07-15,0.0005749044013874105,0.0,0.0,-0.001,0.12654517219833628,9.026132261747245
2019-07-16,-0.0046440321146332675,-1.0,0.0046440321146332675,0.0036440321146332675,0.12700630686977882,8.984214613652764
2019-07-17,0.009765060848319296,-1.0,-0.009765060848319296,-0.009765060848319296,0.12576608255507513,9.071946016029443
2019-07-18,0.011671436943180291,-1.0,-0.011671436943180291,-0.011671436943180291,0.12429821165294276,9.177828661907466
2019-07-19,-0.012384359128299494,-1.0,0.012384359128299494,0.012384359128299494,0.1258375653450582,9.064167135740403
2019-07-22,-0.0017645948301654446,0.0,-0.0,-0.001,0.12571172777971312,9.04817255327292
2019-07-23,-0.009839307461695146,-1.0,0.009839307461695146,0.008839307461695145,0.12682293239309894,8.959144801554796
2019-07-24,0.01331401373497032,0.0,0.0,-0.001,0.12669610946070584,9.078426978496285
2019-07-25,-0.011567994926087621,1.0,-0.011567994926087621,-0.012567994926087622,0.12510379339984865,8.973407781272183
2019-07-26,0.007416952997968407,1.0,0.007416952997968407,0.007416952997968407,0.12603168235536288,9.039963125017483
2019-07-29,0.010565513357255751,0.0,0.0,-0.001,0.12590565067300752,9.135474976163955
2019-07-30,-0.009414429959429316,1.0,-0.009414429959429316,-0.010414429959429317,0.12459441509257711,9.04946968685474
2019-07-31,-0.010602251309086541,1.0,-0.010602251309086541,-0.010602251309086541,0.12327343379205696,8.953524935020745
2019-08-01,0.014915547352448266,1.0,0.014915547352448266,0.014915547352448266,0.12511212453108128,9.087071660160372
2019-08-02,0.005469530771288866,0.0,0.0,-0.001,0.1249870124065502,9.136773678226527
2019-08-05,-0.015893427873676536,1.0,-0.015893427873676536,-0.016893427873676536,0.12287555332731384,8.991559024773528
2019-08-06,0.01610196322646318,1.0,0.01610196322646318,0.01610196322646318,0.12485409096842157,9.136340777539004
2019-08-07,0.006953607594349931,1.0,0.006953607594349931,0.006953607594349931,0.12572227732356525,9.199871306154268
2019-08-08,0.011039531126808111,1.0,0.011039531126808111,0.011039531126808111,0.12711019231741194,9.301433571801187
2019-08-09,0.005854506035485985,0.0,0.0,-0.001,0.12698308212509452,9.35588887078597
2019-08-12,-0.004758055282059193,1.0,-0.004758055282059193,-0.005758055282059193,0.12625190651833196,9.311373034325968
2019-08-13,0.0007890097212095437,1.0,0.0007890097212095437,0.0007890097212095437,0.12635152049989615,9.318719798167859
2019-08-14,-0.0030608091123073278,1.0,-0.0030608091123073278,-0.0030608091123073278,0.12596478261459618,9.290196975694588
2019-08-15,0.010187986620754597,1.0,0.010187986620754597,0.010187986620754597,0.12724811013455994,9.384845378187139
2019-08-16,0.0017499252306194535,0.0,0.0,-0.001,0.12712086202442538,9.40126815589989
2019-08-19,0.0065737172434032765,1.0,0.0065737172434032765,0.0055737172434032764,0.12782939776508723,9.463069434486188
2019-08-20,0.0007765273597024613,1.0,0.0007765273597024613,0.0007765273597024613,0.1279286607898261,9.470417766808831
2019-08-21,0.009720176828052374,1.0,0.009720176828052374,0.009720176828052374,0.12917214999407914,9.562471902137741
2019-08-22,0.001627042147436475,0.0,0.0,-0.001,0.12904297784408506,9.578030446956197
2019-08-23,0.0012634761716712184,1.0,0.0012634761716712184,0.0002634761716712184,0.1290769775938685,9.590132060197467
2019-08-26,0.007751197565175616,1.0,0.007751197565175616,0.007751197565175616,0.13007747874831432,9.664467068472183
2019-08-27,0.001743844286471452,1.0,0.001743844286471452,0.001743844286471452,0.1303043136164282,9.68132039415133
2019-08-28,-0.007047723104993353,1.0,-0.007047723104993353,-0.007047723104993353,0.12938596489467338,9.613089128722626
2019-08-29,-0.00031645066196439586,1.0,-0.00031645066196439586,-0.00031645066196439586,0.12934502062043357,9.61004706030432
2019-08-30,-0.009225592127146576,1.0,-0.009225592127146576,-0.009225592127146576,0.12815173621651207,9.521388685803268
2019-09-03,0.029578023254607233,1.0,0.029578023254607233,0.029578023254607233,0.13194221125044236,9.803012541768112
2019-09-04,-0.006384074892740066,0.0,-0.0,-0.001,0.13181026903919194,9.740429375526995
2019-09-05,-0.019230594267777623,1.0,-0.019230594267777623,-0.020230594267777624,0.12914366896593343,9.553115130212293
2019-09-06,0.0015010637973869034,1.0,0.0015010637973869034,0.0015010637973869034,0.12933752185207992,9.567454965486522
2019-09-09,-0.0011356886912947672,1.0,-0.0011356886912947672,-0.0011356886912947672,0.1291906346911524,9.556589315077748
2019-09-10,-0.00804953900817762,1.0,-0.00804953900817762,-0.00804953900817762,0.12815070963771474,9.479663176600896
2019-09-11,0.008894247135993849,1.0,0.008894247135993849,0.008894247135993849,0.12929051371988556,9.563977643659564
2019-09-12,0.0030903111811422246,0.0,0.0,-0.001,0.1291612232061657,9.59353331070796
2019-09-13,-0.010193004945107442,1.0,-0.010193004945107442,-0.011193004945107443,0.12771552099610295,9.49574637823086
2019-09-16,-0.0008239864376308192,1.0,-0.0008239864376308192,-0.0008239864376308192,0.1276102851389272,9.487922012000016
2019-09-17,0.017910385583612465,1.0,0.017910385583612465,0.017910385583612465,0.12989583455020012,9.65785435362218
2019-09-18,0.007560019085798064,0.0,0.0,-0.001,0.12976593871564993,9.730867916863422
2019-09-19,0.004466064158358263,1.0,0.004466064158358263,0.0034660641583582627,0.13021571578480798,9.774326597296644
2019-09-20,0.0036461064656989617,1.0,0.0036461064656989617,0.0036461064656989617,0.13069049614806658,9.809964832700901
2019-09-23,-0.0019491760849796869,0.0,-0.0,-0.001,0.13055980565191852,9.790843483854509
2019-09-24,0.01433746648742562,1.0,0.01433746648742562,0.01333746648742562,0.13230114268440576,9.931219374187902
2019-09-25,0.0037636547084298755,0.0,0.0,-0.001,0.13216884154172137,9.968597054746015
2019-09-26,0.010245650472223256,1.0,0.010245650472223256,0.009245650472223255,0.13339082845393477,10.070731815867376
2019-09-27,-0.0019853779000768013,0.0,-0.0,-0.001,0.13325743762548084,10.050737607482553
2019-09-30,0.00748079200748375,-1.0,-0.00748079200748375,-0.00848079200748375,0.1321273090135289,10.125925085045925
2019-10-01,-0.00412027421199368,-1.0,0.00412027421199368,0.00412027421199368,0.13267170975755746,10.08420349704543
2019-10-02,-0.012584533169416656,-1.0,0.012584533169416656,0.012584533169416656,0.13434132128964466,9.957298503649714
2019-10-03,0.004626698358783932,0.0,0.0,-0.001,0.134206979968355,10.00336792029447
2019-10-04,0.01485846835953808,1.0,0.01485846835953808,0.013858468359538079,0.13606688315387563,10.152002646026984
2019-10-07,-0.004452061620018322,0.0,-0.0,-0.001,0.13593081627072176,10.106805304680282
2019-10-08,-0.011094728161235579,1.0,-0.011094728161235579,-0.01209472816123558,0.13428676999919253,9.994673047246321
2019-10-09,0.014741219672954387,1.0,0.014741219672954387,0.014741219672954387,0.13626632077492212,10.142006718195136
2019-10-10,-0.005827825405412268,0.0,-0.0,-0.001,0.1361300544541472,10.082900873780977
2019-10-11,-0.010603566131527353,-1.0,0.010603566131527353,0.009603566131527352,0.137437388434586,9.975986167568205
2019-10-14,-0.0027880821711476766,0.0,-0.0,-0.001,0.13729995104615142,9.948172298394793
2019-10-15,-0.005941456066665851,-1.0,0.005941456066665851,0.004941456066665851,0.13797841272220135,9.889065669740258
2019-10-16,0.010415680325792653,-1.0,-0.010415680325792653,-0.010415680325792653,0.1365412736834266,9.992067016477044
2019-10-17,0.005132690117169769,-1.0,-0.005132690117169769,-0.005132690117169769,0.1358404496374059,10.043353200102613
2019-10-18,0.006014692726092452,-1.0,-0.006014692726092452,-0.006014692726092452,0.13502341107306268,10.103760883540847
2019-10-21,0.0013764893080296936,-1.0,-0.0013764893080296936,-0.0013764893080296936,0.1348375527913869,10.11766860236793
2019-10-22,0.014776726009310348,-1.0,-0.014776726009310348,-0.014776726009310348,0.13284509521802265,10.267174619158123
2019-10-23,-0.0010159738805879392,-1.0,0.0010159738805879392,0.0010159738805879392,0.13298006236492838,10.256743437917622
2019-10-24,0.006567766463170921,-1.0,-0.006567766463170921,-0.006567766463170921,0.13210668037105763,10.324107333490526
2019-10-25,-0.0028206229070555366,-1.0,0.0028206229070555366,0.0028206229070555366,0.1324793034998873,10.294986919850782
2019-10-28,-0.01540838141112566,-1.0,0.01540838141112566,0.01540838141112566,0.13452059513729384,10.136357834767171
2019-10-29,-0.002701263011056443,0.0,-0.0,-0.001,0.13438607454215654,10.108976866281283
2019-10-30,0.012295821825516251,-1.0,-0.012295821825516251,-0.013295821825516252,0.13259930123921349,10.233275044667344
2019-10-31,0.012231307370895061,-1.0,-0.012231307370895061,-0.012231307370895061,0.13097743842859075,10.35844137714958
2019-11-01,-0.011034695896079527,-1.0,0.011034695896079527,0.011034695896079527,0.1324227346308977,10.244139126595368
2019-11-04,-0.025921533084902082,0.0,-0.0,-0.001,0.1322903118962668,9.978595335298985
2019-11-05,-0.010845024783676771,-1.0,0.010845024783676771,0.00984502478367677,0.13359271329552588,9.870377221581386
2019-11-06,0.0016733000114095287,-1.0,-0.0016733000114095287,-0.0016733000114095287,0.13336917260684425,9.886893323898875
2019-11-07,-0.01934168469373443,-1.0,0.01934168469373443,0.01934168469373443,0.13594875709127008,9.695664150627435
2019-11-08,-0.0045273332121126275,0.0,-0.0,-0.001,0.1358128083341788,9.65176864830481
2019-11-11,0.0006305274752347323,-1.0,-0.0006305274752347323,-0.0016305274752347323,0.13559136181870113,9.657854353622175
2019-11-12,0.004499746486293477,-1.0,-0.004499746486293477,-0.004499746486293477,0.13498123506478568,9.701312249815022
2019-11-13,0.021011080545143113,-1.0,-0.021011080545143113,-0.021011080545143113,0.13214513346275658,9.90514730288947
2019-11-14,0.008599754684074146,-1.0,-0.008599754684074146,-0.008599754684074146,0.13100871773228265,9.990329139803938
2019-11-15,0.006742989031750968,-1.0,-0.006742989031750968,-0.006742989031750968,0.1301253273855501,10.057693819617219
2019-11-18,0.00319756496009016,-1.0,-0.00319756496009016,-0.00319756496009016,0.1297092431982818,10.089853948954142
2019-11-19,0.0021538552656830134,-1.0,-0.0021538552656830134,-0.0021538552656830134,0.12942986826181144,10.111586034012069
2019-11-20,0.011003082333564285,-1.0,-0.011003082333564285,-0.011003082333564285,0.12800574076490434,10.222844647667221
2019-11-21,-0.0003402287902446455,-1.0,0.0003402287902446455,0.0003402287902446455,0.12804929200322915,10.219366541599888
2019-11-22,-0.007484894954773336,-1.0,0.007484894954773336,0.007484894954773336,0.1290077275029064,10.142875656531688
2019-11-25,-0.0035134677906216716,0.0,-0.0,-0.001,0.1288787197754035,10.107238989608183
2019-11-26,0.010147785506366969,-1.0,-0.010147785506366969,-0.01114778550636697,0.1274420074510121,10.209805082936315
2019-11-27,-0.0025674569057063668,-1.0,0.0025674569057063668,0.0025674569057063668,0.1277692093131193,10.183591848370215
2019-11-29,0.0032176398932515227,-1.0,-0.0032176398932515227,-0.0032176398932515227,0.12735809400810422,10.216358979758121
2019-12-02,-0.01099118482152095,-1.0,0.01099118482152095,0.01099118482152095,0.12875791035786394,10.104069090008595
2019-12-03,0.004237694305595285,0.0,0.0,-0.001,0.12862915244750608,10.146887046054665
2019-12-04,0.00874159127211982,1.0,0.00874159127211982,0.00774159127211982,0.12962494677143388,10.235586985295642
2019-12-05,0.0012802267677036738,0.0,0.0,-0.001,0.12949532182466245,10.248690857737376
2019-12-06,-0.0007245776287861938,1.0,-0.0007245776287861938,-0.0017245776287861938,0.12927199708961115,10.241264885617515
2019-12-09,-0.0005118374274456494,1.0,-0.0005118374274456494,-0.0005118374274456494,0.12920583084318005,10.236023022944671
2019-12-10,0.0007680726930046067,1.0,0.0007680726930046067,0.0007680726930046067,0.12930507031362767,10.243885032713562
2019-12-11,0.005673098086651063,1.0,0.005673098086651063,0.005673098086651063,0.1300386306606182,10.301999597292523
2019-12-12,-0.00797387205112432,0.0,-0.0,-0.001,0.12990859202995758,10.21985277063298
2019-12-13,0.013039757185859369,-1.0,-0.013039757185859369,-0.01403975718585937,0.12808470694150012,10.353117169237265
2019-12-16,0.010635339624203599,-1.0,-0.010635339624203599,-0.010635339624203599,0.12672248258251068,10.463226086501276
2019-12-17,0.0014615652194247541,-1.0,-0.0014615652194247541,-0.0014615652194247541,0.12653726940944893,10.478518773832285
2019-12-18,0.0019596806043935544,-1.0,-0.0019596806043935544,-0.0019596806043935544,0.1262892967768543,10.499053323836138
2019-12-19,0.0014984823580423967,-1.0,-0.0014984823580423967,-0.0014984823580423967,0.1261000544936246,10.514785970018053
2019-12-20,0.008559842823543606,-1.0,-0.008559842823543606,-0.008559842823543606,0.12502065784711888,10.60479088524461
2019-12-23,-0.016192054456714122,-1.0,0.016192054456714122,0.016192054456714122,0.12704499914719364,10.433077533728664
2019-12-24,0.007245130537129718,0.0,0.0,-0.001,0.12691795414804644,10.508666542364523
2019-12-26,0.006028819975935518,1.0,0.006028819975935518,0.005028819975935518,0.12755620169117102,10.572021401135576
2019-12-27,0.002273120430651865,0.0,0.0,-0.001,0.12742864548947985,10.596052878975787
2019-12-30,-0.005030629703540734,1.0,-0.005030629703540734,-0.006030629703540734,0.12666017051490902,10.542748060622523
2019-12-31,0.0036057471472137337,1.0,0.0036057471472137337,0.0036057471472137337,0.12711687506340877,10.580762544365907
2020-01-02,-0.014618506412889531,1.0,-0.014618506412889531,-0.014618506412889531,0.12525861621010784,10.426087599257833
2020-01-03,0.007124296842943689,1.0,0.007124296842943689,0.007124296842943689,0.126150995774125,10.50036614222548
2020-01-06,0.004993196391813504,1.0,0.004993196391813504,0.004993196391813504,0.12678089247104804,10.552796532559562
2020-01-07,-0.0008695701287017021,1.0,-0.0008695701287017021,-0.0008695701287017021,0.12667064759406507,10.54362013592058
2020-01-08,-0.00045572969449747536,1.0,-0.00045572969449747536,-0.00045572969449747536,0.12661292001853522,10.53881509513714
2020-01-09,0.007835844052862306,1.0,0.007835844052862306,0.007835844052862306,0.127605039114878,10.621395606724587
2020-01-10,0.001892192783189861,0.0,0.0,-0.001,0.12747743407576312,10.641493334839035
2020-01-13,0.011702039615826276,1.0,0.011702039615826276,0.010702039615826275,0.12884170262536584,10.766020511414872
2020-01-14,0.00539781584445187,0.0,0.0,-0.001,0.12871286092274048,10.824133507513082
2020-01-15,0.015541229675770873,1.0,0.015541229675770873,0.014541229675770873,0.13058450419564357,10.992353852394551
2020-01-16,0.002742469943770809,0.0,0.0,-0.001,0.13045391969144793,11.022500052446036
2020-01-17,0.004479401710508535,1.0,0.004479401710508535,0.003479401710508535,0.1309078212827649,11.071874258035043
2020-01-21,0.01377259887405824,0.0,0.0,-0.001,0.13077691346148212,11.224362740974971
2020-01-22,0.011716902006867924,1.0,0.011716902006867924,0.010716902006867923,0.13217843682780947,11.355877499300515
2020-01-23,0.000692605809712088,0.0,0.0,-0.001,0.13204625839098166,11.363742646030909
2020-01-24,0.013995736545304283,1.0,0.013995736545304283,0.012995736545304282,0.13376229677682405,11.522786594273397
2020-01-27,0.0114516324759526,0.0,0.0,-0.001,0.13362853448004722,11.654741311449849
2020-01-28,-0.003486599487187547,1.0,-0.003486599487187547,-0.004486599487187547,0.13302899676577543,11.614105896370043
2020-01-29,-0.00018805661550758135,1.0,-0.00018805661550758135,-0.00018805661550758135,0.13300397978287928,11.611921786923025
2020-01-30,0.015690653854349312,1.0,0.015690653854349312,0.015690653854349312,0.1350908991909033,11.794120432265412
2020-01-31,-0.0064087091418194575,0.0,-0.0,-0.001,0.13495580829171241,11.718535344831434
2020-02-03,-0.005182924176829529,-1.0,0.005182924176829529,0.004182924176829529,0.1355203182050194,11.657799064675675
2020-02-04,-0.008507789125174137,-1.0,0.008507789125174137,0.008507789125174137,0.1366732964944842,11.558616968569762
2020-02-05,0.008202873879262107,0.0,0.0,-0.001,0.13653662319798973,11.653430845781639
2020-02-06,0.006074088291178281,1.0,0.006074088291178281,0.005074088291178281,0.13722942207907568,11.724214813634056
2020-02-07,0.004509433321123524,1.0,0.004509433321123524,0.004509433321123524,0.1378482490076376,11.777084378578667
2020-02-10,0.00816191474475203,1.0,0.00816191474475203,0.00816191474475203,0.13897335466375127,11.873207937218378
2020-02-11,0.001508941095219818,0.0,0.0,-0.001,0.1388343813090875,11.891123908606938
2020-02-12,-0.006944916640621246,1.0,-0.006944916640621246,-0.007944916640621247,0.1377313537227346,11.808541044298364
2020-02-13,0.019277960760290425,1.0,0.019277960760290425,0.019277960760290425,0.14038653335526316,12.036185635186627
2020-02-14,0.011072044490164412,0.0,0.0,-0.001,0.1402461468219079,12.16945081803129
2020-02-18,0.012638052995775473,1.0,0.012638052995775473,0.011638052995775472,0.14187833891107454,12.323248982399052
2020-02-19,-0.02613084757342865,0.0,-0.0,-0.001,0.14173646057216346,12.001232041630573
2020-02-20,0.008592039653396055,-1.0,-0.008592039653396055,-0.009592039653396056,0.14037691882202327,12.104347103221869
2020-02-21,0.00202125292672517,-1.0,-0.00202125292672517,-0.00202125292672517,0.1400931815640096,12.128813050230354
2020-02-24,-0.013148918156411171,-1.0,0.013148918156411171,0.013148918156411171,0.141935255342666,11.969332280098463
2020-02-25,-0.01317826653683063,0.0,-0.0,-0.001,0.14179332008732332,11.811597229043436
2020-02-26,-0.003181155280175263,-1.0,0.003181155280175263,0.002181155280175263,0.14210259333612538,11.77402270415096
2020-02-27,-0.04558503293383598,-1.0,0.04558503293383598,0.04558503293383598,0.14858034473333617,11.237303491418507
2020-02-28,-0.012077268725824264,0.0,-0.0,-0.001,0.14843176438860284,11.101587557399002
2020-03-02,0.06167896123213534,-1.0,-0.06167896123213534,-0.06267896123213534,0.13912821558287217,11.786321945966971
2020-03-03,-0.011924839007553811,-1.0,0.011924839007553811,0.011924839007553811,0.14078729715510613,11.645771954270117
2020-03-04,0.06437900495011761,-1.0,-0.06437900495011761,-0.06437900495011761,0.13172355105464387,12.395515164562013
2020-03-05,-0.021472741582815424,-1.0,0.021472741582815424,0.021472741582815424,0.134552016826811,12.129349470647503
2020-03-06,-0.015715390692591202,-1.0,0.015715390692591202,0.015715390692591202,0.13666655433972047,11.938732004869303
2020-03-09,-0.03877600313782015,0.0,-0.0,-0.001,0.13652988778538075,11.475795695186898
2020-03-10,-0.021241360627971995,-1.0,0.021241360627971995,0.020241360627971994,0.13929343848054118,11.232034180332505
2020-03-11,-0.05658320383142712,-1.0,0.05658320383142712,0.05658320383142712,0.14717510750246598,10.596489700865195
2020-03-12,-0.13417039995002877,0.0,-0.0,-0.001,0.1470279323949635,9.174754439633752
2020-03-13,0.06065362009063069,-1.0,-0.06065362009063069,-0.06165362009063069,0.1379631281083735,9.731236509840125
2020-03-16,-0.09112658134710538,-1.0,0.09112658134710538,0.09112658134710538,0.1505352363248423,8.844462194418258
2020-03-17,0.10125633282684898,0.0,0.0,-0.001,0.15038470108851745,9.740020002050755
2020-03-18,-0.05014393679969553,1.0,-0.05014393679969553,-0.05114393679969553,0.14269343544040522,9.251617054640151
2020-03-19,-0.016806173478405184,1.0,-0.016806173478405184,-0.016806173478405184,0.14029530481016417,9.096132773464097
2020-03-20,-0.07411868653035081,1.0,-0.07411868653035081,-0.07411868653035081,0.1298968010912596,8.421939359789262
2020-03-23,-0.05262074776768777,1.0,-0.05262074776768777,-0.05262074776768777,0.12306153428520691,7.978770613023029
2020-03-24,0.1369039591959178,1.0,0.1369039591959178,0.1369039591959178,0.13990914555357592,9.071095899461922
2020-03-25,0.018109009037905244,0.0,0.0,-0.001,0.13976923640802236,9.235364457088982
2020-03-26,0.09906335588476778,1.0,0.09906335588476778,0.09806335588476778,0.1534754767796445,10.150250653027124
2020-03-27,0.003677880640789777,0.0,0.0,-0.001,0.15332200130286483,10.187582063403056
2020-03-30,0.060616539221094445,1.0,0.060616539221094445,0.059616539221094444,0.1624625284069938,10.805118031117445
2020-03-31,-0.021909861753105386,0.0,-0.0,-0.001,0.1623000658785868,10.568379388829676
2020-04-01,-0.09305106937220875,-1.0,0.09305106937220875,0.09205106937220875,0.17723996050189064,9.584980385167865
2020-04-02,0.03766668823979846,0.0,0.0,-0.001,0.17706272054138875,9.946014853120566
2020-04-03,-0.021241086533218767,1.0,-0.021241086533218767,-0.022241086533218768,0.1731246532520206,9.734750690964754
2020-04-06,0.0580670956374012,1.0,0.0580670956374012,0.0580670956374012,0.1831774990495976,10.300019390343262
2020-04-07,-0.02567034723433581,0.0,-0.0,-0.001,0.182994321550548,10.03561431607276
2020-04-08,0.021926440645780643,-1.0,-0.021926440645780643,-0.022926440645780644,0.17879891309900448,10.255659617718075
2020-04-09,0.05044975644230565,-1.0,-0.05044975644230565,-0.05044975644230565,0.16977855148101073,10.773055147587142
2020-04-13,-0.03697820400919272,-1.0,0.03697820400919272,0.03697820400919272,0.17605665739406076,10.374686916537382
2020-04-14,0.026120717096268287,0.0,0.0,-0.001,0.1758806007366667,10.64568117844661
2020-04-15,-0.02128871952901734,1.0,-0.02128871952901734,-0.022288719529017342,0.17196044735625204,10.419048257643322
2020-04-16,0.001095929262583395,1.0,0.001095929262583395,0.001095929262583395,0.1721489038425167,10.430466797517141
2020-04-17,0.036971406732691836,1.0,0.036971406732691836,0.036971406732691836,0.17851349098506542,10.816095827899986
2020-04-20,-0.03512540629179106,0.0,-0.0,-0.001,0.17833497749408034,10.436176067454053
2020-04-21,-0.009216848198918992,-1.0,0.009216848198918992,0.008216848198918991,0.17980032893270684,10.339987416863137
2020-04-22,0.049911044734596954,-1.0,-0.049911044734596954,-0.049911044734596954,0.17082630667205126,10.856066991381363
2020-04-23,-0.024396183425583584,-1.0,0.024396183425583584,0.024396183425583584,0.1749938165835376,10.5912203897792
2020-04-24,-0.005971609623023788,-1.0,0.005971609623023788,0.005971609623023788,0.1760388113426175,10.52797375618003
2020-04-27,0.016270197703856404,-1.0,-0.016270197703856404,-0.016270197703856404,0.17317462507852124,10.699265970614091
2020-04-28,-0.01765182322742187,-1.0,0.01765182322742187,0.01765182322742187,0.17623147294788236,10.510404419037641
2020-04-29,-0.017425956492077788,0.0,-0.0,-0.001,0.17605524147493448,10.32725056891735
2020-04-30,-0.017054289349807794,-1.0,0.017054289349807794,0.016054289349807793,0.17888168326312334,10.151126649527066
2020-05-01,-0.017609997978197733,0.0,-0.0,-0.001,0.1787028015798602,9.972365329752465
2020-05-04,0.013389242097821219,-1.0,-0.013389242097821219,-0.01438924209782122,0.1761314037043687,10.105887743440439
2020-05-05,4.33796991698987e-05,-1.0,-4.33796991698987e-05,-4.33796991698987e-05,0.17612376317706163,10.106326133810594
2020-05-06,-0.03233370097132948,-1.0,0.03233370097132948,0.03233370097132948,0.18181849626957397,9.77955120668123
2020-05-07,0.008173875834456501,0.0,0.0,-0.001,0.1816366777733044,9.85948804396135
2020-05-08,0.023387166886347677,-1.0,-0.023387166886347677,-0.024387166886347678,0.17720707379976505,10.090073536259425
2020-05-11,-0.010229171399731452,-1.0,0.010229171399731452,0.010229171399731452,0.17901975533090772,9.986860444621133
2020-05-12,0.0024187953956036345,-1.0,-0.0024187953956036345,-0.0024187953956036345,0.17858674317099124,10.011016616681118
2020-05-13,0.009608358323071053,-1.0,-0.009608358323071053,-0.009608358323071053,0.1768708177508541,10.107206051512408
2020-05-14,0.009168915353347629,-1.0,-0.009168915353347629,-0.009168915353347629,0.17524910419441914,10.199878168257568
2020-05-15,-0.01886043745296906,-1.0,0.01886043745296906,0.01886043745296906,0.17855437896276682,10.00750400403724
2020-05-18,0.033355142377480496,0.0,0.0,-0.001,0.17837582458380405,10.34130572493511
2020-05-19,-0.02102363359577042,1.0,-0.02102363359577042,-0.02202363359577042,0.17444734078082694,10.123893902472231
2020-05-20,0.009935029140521134,1.0,0.009935029140521134,0.009935029140521134,0.17618048019497087,10.224475083408837
2020-05-21,-0.016710124890459532,1.0,-0.016710124890459532,-0.016710124890459532,0.17323648236765177,10.053622827825684
2020-05-22,0.021625143686589077,1.0,0.021625143686589077,0.021625143686589077,0.1769827461906115,10.271033866048187
2020-05-26,0.001966741018202045,0.0,0.0,-0.001,0.1768057634444209,10.291234329651886
2020-05-27,0.029107069197140012,1.0,0.029107069197140012,0.02810706919714001,0.1817752552720064,10.590781999409046
2020-05-28,0.04242501208855409,0.0,0.0,-0.001,0.1815934800167344,11.040096053761216
2020-05-29,0.01670928923932835,1.0,0.01670928923932835,0.01570928923932835,0.18444618451829345,11.22456821195348
2020-06-01,0.005862361183240239,0.0,0.0,-0.001,0.18426173833377515,11.29037068493787
2020-06-02,0.0037159548222913674,1.0,0.0037159548222913674,0.0027159548222913674,0.1847621848905666,11.332325192330021
2020-06-03,0.01161337256175865,1.0,0.01161337256175865,0.01161337256175865,0.18690789697902527,11.463931706779553
2020-06-04,-0.029624678817995465,1.0,-0.029624678817995465,-0.029624678817995465,0.18137081056247467,11.124316411974775
2020-06-05,0.009885137855018433,1.0,0.009885137855018433,0.009885137855018433,0.18316368602776117,11.23428181324999
2020-06-08,0.023979883070557095,1.0,0.023979883070557095,0.023979883070557095,0.18755592980147912,11.50367857751341
2020-06-09,-0.0069486020511077,0.0,-0.0,-0.001,0.18736837387167762,11.423744092954417
2020-06-10,-0.007267978687735432,1.0,-0.007267978687735432,-0.008267978687735433,0.18581921614975094,11.34071656435268
2020-06-11,-0.032945211892647985,1.0,-0.032945211892647985,-0.032945211892647985,0.17969736269997164,10.96709425412562
2020-06-12,-0.00571810508501891,1.0,-0.00571810508501891,-0.00571810508501891,0.17866983429655245,10.904383256703222
2020-06-15,0.006722985094850253,1.0,0.006722985094850253,0.006722985094850253,0.17987102892942752,10.977693262806572
2020-06-16,-0.0016091021861329713,1.0,-0.0016091021861329713,-0.0016091021861329713,0.1795815980635552,10.960029032578692
2020-06-17,0.003344533057647814,1.0,0.003344533057647814,0.003344533057647814,0.18018221465482398,10.99668521199093
2020-06-18,-0.0002811992653017903,1.0,-0.0002811992653017903,-0.0002811992653017903,0.1801315475484426,10.993592952188564
2020-06-19,-0.026995446329477923,1.0,-0.026995446329477923,-0.026995446329477923,0.17526881602435282,10.696816003679631
2020-06-22,0.01994117766088377,1.0,0.01994117766088377,0.01994117766088377,0.1787638826231072,10.91012311201479
2020-06-23,-0.015503416259168179,1.0,-0.015503416259168179,-0.015503416259168179,0.17599243173869608,10.740978931970455
2020-06-24,-0.006332200377204278,1.0,-0.006332200377204278,-0.006332200377204278,0.17487801239605522,10.672964901125889
2020-06-25,-0.010385983764194195,1.0,-0.010385983764194195,-0.010385983764194195,0.17306173219859525,10.562115660946981
2020-06-26,-0.012293104291912993,1.0,-0.012293104291912993,-0.012293104291912993,0.1709342662757388,10.432274471583712
2020-06-29,0.008551468254511141,1.0,0.008551468254511141,0.008551468254511141,0.17239600522740392,10.521485735549808
2020-06-30,0.008100983374588422,1.0,0.008100983374588422,0.008100983374588422,0.17379258239959658,10.606720116569466
2020-07-01,0.025357059861663256,0.0,0.0,-0.001,0.17361878981719697,10.875675353501226
2020-07-02,0.0005685119243645786,1.0,0.0005685119243645786,-0.0004314880756354214,0.1735438753796846,10.88185830462521
2020-07-06,0.0022728276774011125,1.0,0.0022728276774011125,0.0022728276774011125,0.173938310702891,10.90659089336152
2020-07-07,-0.0009719423113373482,1.0,-0.0009719423113373482,-0.0009719423113373482,0.17376925269915633,10.895990316199814
2020-07-08,0.02654846046265469,1.0,0.02654846046265469,0.02654846046265469,0.17838255883406492,11.185262084310914
2020-07-09,-0.005054077663429357,0.0,-0.0,-0.001,0.17820417627523086,11.128730901050995
2020-07-10,0.030199798329285876,1.0,0.030199798329285876,0.029199798329285875,0.18340770228390413,11.464816329923627
2020-07-13,-0.012943012275525079,0.0,-0.0,-0.001,0.18322429458162023,11.316427071428786
2020-07-14,0.02462523027009267,-1.0,-0.02462523027009267,-0.02562523027009267,0.17852912984189093,11.59509669389743
2020-07-15,-0.01352115175712676,-1.0,0.01352115175712676,0.01352115175712676,0.18094304929955093,11.438317631860684
2020-07-16,0.03621618571514085,-1.0,-0.03621618571514085,-0.03621618571514085,0.17438998222225452,11.85256986748492
2020-07-17,0.026082281730698043,-1.0,-0.026082281730698043,-0.026082281730698043,0.16984149357492226,12.161711934001444
2020-07-20,-0.0038127675577568354,-1.0,0.0038127675577568354,0.0038127675577568354,0.17048905971158568,12.1153421532927
2020-07-21,0.007290478444970772,-1.0,-0.007290478444970772,-0.007290478444970772,0.16924611289665503,12.203668794114726
2020-07-22,0.01480136439936608,-1.0,-0.01480136439936608,-0.01480136439936608,0.16674103950649538,12.384299742945592
2020-07-23,0.0019613133909919256,-1.0,-0.0019613133909919256,-0.0019613133909919256,0.16641400807288337,12.408589235869488
2020-07-24,-0.002562627702405562,-1.0,0.002562627702405562,0.002562627702405562,0.16684046522003929,12.376790641345877
2020-07-27,-0.009348757093893267,-1.0,0.009348757093893267,0.009348757093893267,0.1684002162028136,12.261083032037963
2020-07-28,0.008680441512636694,-1.0,-0.008680441512636694,-0.008680441512636694,0.1669384279753497,12.367514646179151
2020-07-29,0.004999348131674353,-1.0,-0.004999348131674353,-0.004999348131674353,0.16610384465734648,12.429344157418981
2020-07-30,0.003198077645282016,-1.0,-0.003198077645282016,-0.003198077645282016,0.16557263166495242,12.46909416511434
2020-07-31,-0.005808894850191648,-1.0,0.005808894850191648,0.005808894850191648,0.16653442567236365,12.396662508232053
2020-08-03,-0.01107936542680521,-1.0,0.01107936542680521,0.01107936542680521,0.16837952143053092,12.259315354230575
2020-08-04,0.026873951395747664,-1.0,-0.026873951395747664,-0.026873951395747664,0.1638544983555676,12.58877159920531
2020-08-05,-0.004455281321514848,-1.0,0.004455281321514848,0.004455281321514848,0.16458451624153733,12.532685080238554
2020-08-06,-0.0034179422286978456,-1.0,0.0034179422286978456,0.0034179422286978456,0.1651470566097891,12.489849086663835
2020-08-07,0.01757322454216048,-1.0,-0.01757322454216048,-0.01757322454216048,0.16224489030150838,12.709336009161476
2020-08-10,-0.0143857932401118,-1.0,0.0143857932401118,0.0143857932401118,0.1645789117476505,12.52650212911457
2020-08-11,-0.020624394595206486,0.0,-0.0,-0.001,0.16441433283590284,12.268150606306017
2020-08-12,0.0244786364561822,-1.0,-0.0244786364561822,-0.025478636456182202,0.16022527982139115,12.568458204987474
2020-08-13,-0.0006675284593439246,-1.0,0.0006675284593439246,0.0006675284593439246,0.16033223475557826,12.56006840144557
2020-08-14,-0.013713142542092549,-1.0,0.013713142542092549,0.013713142542092549,0.16253089354487374,12.387830393118113
2020-08-17,0.00887701609291125,0.0,0.0,-0.001,0.16236836265132887,12.497797362874078
2020-08-18,0.0002119077204314479,1.0,0.0002119077204314479,-0.0007880922795685521,0.16224040139827717,12.500445742623658
2020-08-19,-0.0025080367656344915,1.0,-0.0025080367656344915,-0.0025080367656344915,0.16183349650669898,12.469094165114338
2020-08-20,-0.0008150528737170815,1.0,-0.0008150528737170815,-0.0008150528737170815,0.1617015936503075,12.458931194082412
2020-08-21,0.001063473338543952,1.0,0.001063473338543952,0.001063473338543952,0.16187355898395467,12.472180935234073
2020-08-24,0.0007790729070134006,1.0,0.0007790729070134006,0.0007790729070134006,0.1619996702881209,12.481897673492083
2020-08-25,-0.004670547228596722,1.0,-0.004670547228596722,-0.004670547228596722,0.16124304317702312,12.423600380905528
2020-08-26,-0.008211432552274522,1.0,-0.008211432552274522,-0.008211432552274522,0.1599190068034515,12.32158482432131
2020-08-27,0.00461095669475009,1.0,0.00461095669475009,0.00461095669475009,0.16065638641848967,12.378399118356946
2020-08-28,0.002402442736871402,1.0,0.002402442736871402,0.002402442736871402,0.16104235418717278,12.408137513412937
2020-08-31,-0.0013590694643580425,1.0,-0.0013590694643580425,-0.0013590694643580425,0.16082348644112865,12.391273992608902
2020-09-01,-0.007307622007408421,1.0,-0.007307622007408421,-0.007307622007408421,0.1596482491923033,12.300723246080686
2020-09-02,0.0401617123334439,1.0,0.0401617123334439,0.0401617123334439,0.16605999625090256,12.794741354583085
2020-09-03,-0.026607953590174205,0.0,-0.0,-0.001,0.16589393625465165,12.454299470422056
2020-09-04,-0.011653818905028035,-1.0,0.011653818905028035,0.010653818905028034,0.167661340208951,12.30915931980477
2020-09-08,0.002127468980888114,-1.0,-0.002127468980888114,-0.002127468980888114,0.1673046459083623,12.335346674438465
2020-09-09,0.01604815246806579,-1.0,-0.01604815246806579,-0.01604815246806579,0.16461971544220916,12.533306198616302
2020-09-10,-0.019336155770499075,-1.0,0.019336155770499075,0.019336155770499075,0.16780282790289497,12.290960237640496
2020-09-11,0.004477988111615039,0.0,0.0,-0.001,0.16763502507499206,12.345999011464983
2020-09-14,0.013553905667931687,-1.0,-0.013553905667931687,-0.014553905667931688,0.16519528073340925,12.513335517442757
2020-09-15,0.048878932338597414,-1.0,-0.048878932338597414,-0.048878932338597414,0.15712071178378534,13.12497399753001
2020-09-16,-0.051910661310438644,-1.0,0.051910661310438644,0.051910661310438644,0.16527695183804847,12.443647917635916
2020-09-17,-0.002960647905245639,0.0,-0.0,-0.001,0.16511167488621042,12.406806657494952
2020-09-18,-0.009301550591340524,-1.0,0.009301550591340524,0.008301550591340523,0.16648235780849924,12.291404117693283
2020-09-21,-0.002600075569421767,-1.0,0.002600075569421767,0.002600075569421767,0.16691522451977686,12.259445538132978
2020-09-22,0.006734153197987203,-1.0,-0.006734153197987203,-0.006734153197987203,0.16579119182678426,12.342002522509146
2020-09-23,-0.01708260987671184,-1.0,0.01708260987671184,0.01708260987671184,0.1686233380777563,12.13116890831973
2020-09-24,0.015476685254540268,0.0,0.0,-0.001,0.16845471473967855,12.31891919128346
2020-09-25,0.015421542948789835,1.0,0.015421542948789835,0.014421542948789834,0.170884091643223,12.508895932674509
2020-09-28,0.008232178711743643,0.0,0.0,-0.001,0.17071320755157976,12.611871399478888
2020-09-29,-0.0035898080046562475,1.0,-0.0035898080046562475,-0.0045898080046562475,0.16992966670505896,12.566597202575343
2020-09-30,-0.019638090828018928,1.0,-0.019638090828018928,-0.019638090828018928,0.16659257247593004,12.31981322531204
2020-10-01,0.01873452621582805,1.0,0.01873452621582805,0.01873452621582805,0.1697136053923426,12.550619089155752
2020-10-02,-0.0056233197463360085,1.0,-0.0056233197463360085,-0.0056233197463360085,0.16875925152391796,12.48004294500296
2020-10-05,0.023971531669597423,1.0,0.023971531669597423,0.023971531669597423,0.17280466926636112,12.779208689697034
2020-10-06,0.008231413103946261,0.0,0.0,-0.001,0.17263186459709476,12.88439963556347
2020-10-07,0.023563367201192342,1.0,0.023563367201192342,0.02256336720119234,0.17652702074862553,13.187999475343162
2020-10-08,0.013193649579407385,0.0,0.0,-0.001,0.1763504937278769,13.361997319074248
2020-10-09,0.006211593519010794,1.0,0.006211593519010794,0.005211593519010794,0.17726956081806347,13.44499661502245
2020-10-12,0.009111773034653492,1.0,0.009111773034653492,0.009111773034653492,0.17888480082219038,13.56750437263022
2020-10-13,-0.013740545910893687,0.0,-0.0,-0.001,0.17870591602136818,13.381079455901844
2020-10-14,-0.002753059462896168,-1.0,0.002753059462896168,0.001753059462896168,0.17901919811852499,13.344240548482007
2020-10-15,-0.007251036672567546,-1.0,0.007251036672567546,0.007251036672567546,0.18031727288917604,13.247480970897401
2020-10-16,0.023922873377986154,-1.0,-0.023922873377986154,-0.023922873377986154,0.17600356560198452,13.564398780741461
2020-10-19,-0.0197972667563433,-1.0,0.0197972667563433,0.0197972667563433,0.17948795514027457,13.295860759689704
2020-10-20,0.00480717960236432,0.0,0.0,-0.001,0.1793084671851343,13.359776350329561
2020-10-21,-0.010997042143294333,-1.0,0.010997042143294333,0.009997042143294332,0.18110102148823362,13.21285832678
2020-10-22,0.015418830873986655,0.0,0.0,-0.001,0.18091992046674538,13.416585154682567
2020-10-23,0.002647221907549957,1.0,0.002647221907549957,0.001647221907549957,0.18121793572325043,13.452101832828552
2020-10-26,-0.0013856440790591673,1.0,-0.0013856440790591673,-0.0013856440790591673,0.1809668321635962,13.433462007572992
2020-10-27,0.0015526643114771588,1.0,0.0015526643114771588,0.0015526643114771588,0.1812478129054577,13.454319664611734
2020-10-28,-0.017418769164732173,1.0,-0.017418769164732173,-0.017418769164732173,0.17809069909084496,13.219961976105346
2020-10-29,-0.006043710670706637,1.0,-0.006043710670706637,-0.006043710670706637,0.177014370432396,13.140064350844021
2020-10-30,-0.01080927421176614,1.0,-0.01080927421176614,-0.01080927421176614,0.1751009735629691,12.998029792115496
2020-11-02,0.026225956523087568,1.0,0.026225956523087568,0.026225956523087568,0.17969316408278185,13.338915556329313
2020-11-03,0.011846049682315618,0.0,0.0,-0.001,0.17951347091869907,13.496929012717803
2020-11-04,-0.03551697325433989,1.0,-0.03551697325433989,-0.03651697325433989,0.1729581823023672,13.017558945957381
2020-11-05,0.019503775542293766,1.0,0.019503775542293766,0.019503775542293766,0.1763315198681957,13.271450493747912
2020-11-06,0.012976430095418712,0.0,0.0,-0.001,0.1761551883483275,13.443666543344841
2020-11-09,-0.0027734936978620617,1.0,-0.0027734936978620617,-0.0037734936978620617,0.17549046785524938,13.406380618910715
2020-11-10,0.006356811401686535,1.0,0.006356811401686535,0.006356811401686535,0.17660602766219893,13.491602452084356
2020-11-11,0.020397477196661518,1.0,0.020397477196661518,0.020397477196661518,0.1802083450842316,13.76679710544717
2020-11-12,-0.011220037839144714,0.0,-0.0,-0.001,0.1800281367391474,13.612333121000225
2020-11-13,0.00678248773948642,-1.0,-0.00678248773948642,-0.00778248773948642,0.1786270699722124,13.704658603499213
2020-11-16,0.007254790451817206,-1.0,-0.007254790451817206,-0.007254790451817206,0.1773311680105419,13.804083029881294
2020-11-17,-0.01466243438474546,-1.0,0.01466243438474546,0.01466243438474546,0.17993127462586675,13.601681568214081
2020-11-18,-0.010703557693294563,0.0,-0.0,-0.001,0.17975134335124088,13.45609518482288
2020-11-19,-0.008708293667968214,-1.0,0.008708293667968214,0.007708293667968214,0.18113691949300403,13.33891555632931
2020-11-20,0.005590195328181391,0.0,0.0,-0.001,0.18095578257351103,13.413482699755308
2020-11-23,-0.012971160193150144,1.0,-0.012971160193150144,-0.013971160193150145,0.17842762034729964,13.239494266908734
2020-11-24,0.005497829810257482,1.0,0.005497829810257482,0.005497829810257482,0.17940858503741833,13.312282753162078
2020-11-25,0.01795514136645804,1.0,0.01795514136645804,0.01795514136645804,0.18262989154412138,13.551306671905365
2020-11-27,-0.011056896679840666,0.0,-0.0,-0.001,0.18244726165257724,13.401471274157272
2020-11-30,-0.02049767580182993,-1.0,0.02049767580182993,0.019497675801829928,0.18600455921121084,13.126772260712059
2020-12-01,0.007609659342103781,0.0,0.0,-0.001,0.18581855465199962,13.226662525877455
2020-12-02,0.002158005669775198,1.0,0.002158005669775198,0.0011580056697751981,0.1860337335918361,13.255205738600502
2020-12-03,-0.012919264786207196,1.0,-0.012919264786207196,-0.012919264786207196,0.18363031452839643,13.08395822586787
2020-12-04,-0.011315538660194968,1.0,-0.011315538660194968,-0.011315538660194968,0.1815524386051666,12.935906190734686
2020-12-07,0.010342275270246892,1.0,0.010342275270246892,0.010342275270246892,0.18343010390120582,13.069692893429355
2020-12-08,0.005595599558054776,1.0,0.005595599558054776,0.005595599558054776,0.18445650530952934,13.14282566120774
2020-12-09,-0.0001358699705883426,1.0,-0.0001358699705883426,-0.0001358699705883426,0.1844314432095781,13.141039945871704
2020-12-10,-0.005293681044601928,1.0,-0.005293681044601928,-0.005293681044601928,0.18345512197463099,13.071475471803886
2020-12-11,0.0070962442906006284,1.0,0.0070962442906006284,0.0070962442906006284,0.18475696433652491,13.164233854990401
2020-12-14,-0.0033875913501085764,1.0,-0.0033875913501085764,-0.0033875913501085764,0.18413108324226618,13.119638810252429
2020-12-15,0.01849076914101322,1.0,0.01849076914101322,0.01849076914101322,0.18753580859418362,13.362231022706284
2020-12-16,-0.006274166681241589,0.0,-0.0,-0.001,0.18734827278558944,13.278394158036567
2020-12-17,0.00832871867029672,-1.0,-0.00832871867029672,-0.00932871867029672,0.18560055345540666,13.388986167372165
2020-12-18,-0.007327784700519868,-1.0,0.007327784700519868,0.007327784700519868,0.18696059435142517,13.290874559379423
2020-12-21,-0.0014760922734688986,0.0,-0.0,-0.001,0.18677363375707376,13.27125600213468
2020-12-22,0.004166658295136516,-1.0,-0.004166658295136516,-0.005166658295136516,0.18580863821291,13.326552791042854
2020-12-23,-0.005085993339353112,-1.0,0.005085993339353112,0.005085993339353112,0.18675365970925514,13.258774032311072
2020-12-24,0.00874443809186487,-1.0,-0.00874443809186487,-0.00874443809186487,0.18512060389349835,13.374714561010641
2020-12-28,0.006801898588255195,-1.0,-0.006801898588255195,-0.006801898588255195,0.18386143231921823,13.465688013101495
2020-12-29,-0.002119583062857533,-1.0,0.002119583062857533,0.002119583062857533,0.18425114189707475,13.437146368859201
2020-12-30,0.007699560942231454,-1.0,-0.007699560942231454,-0.007699560942231454,0.18283248900136248,13.540606496215917
2020-12-31,0.01633509959059154,-1.0,-0.01633509959059154,-0.01633509959059154,0.1798459020851295,13.761793651848615
2021-01-04,-0.03797781709612669,-1.0,0.03797781709612669,0.03797781709612669,0.18667605686000643,13.239150769624072
2021-01-05,0.007410480682517706,0.0,0.0,-0.001,0.18648938080314642,13.33725924065531
2021-01-06,0.048949595792126877,-1.0,-0.048949595792126877,-0.04994959579212688,0.17717431161250524,13.990112689460197
2021-01-07,0.010965711089518049,-1.0,-0.010965711089518049,-0.010965711089518049,0.17523146929887826,14.143524223322618
2021-01-08,0.023205956523764115,-1.0,-0.023205956523764115,-0.023205956523764115,0.17116505544073318,14.471738231541847
2021-01-11,-0.017749557908463776,-1.0,0.017749557908463776,0.017749557908463776,0.17420315950418386,14.214871275764967
2021-01-12,0.0007529658512772652,0.0,0.0,-0.001,0.17402895634467969,14.22557458841592
2021-01-13,0.026206959208578295,-1.0,-0.026206959208578295,-0.027206959208578296,0.16929415762829852,14.598383641373124
2021-01-14,0.008431087722163388,-1.0,-0.008431087722163388,-0.008431087722163388,0.16786682373448458,14.721463894455335
2021-01-15,-0.005937153432985176,-1.0,0.005937153432985176,0.005937153432985176,0.1688634748233041,14.634060304555803
2021-01-19,0.009385872756156877,-1.0,-0.009385872756156877,-0.009385872756156877,0.16727854373545006,14.77141373248029
2021-01-20,0.014973894249918018,-1.0,-0.014973894249918018,-0.014973894249918018,0.16477373251127514,14.992599319632237
2021-01-21,-0.004045539361309025,-1.0,0.004045539361309025,0.004045539361309025,0.1654403311318593,14.93194616895633
2021-01-22,0.00597310547913521,-1.0,-0.00597310547913521,-0.00597310547913521,0.16445213858350566,15.021136258432275
2021-01-25,0.03158725136709584,-1.0,-0.03158725136709584,-0.03158725136709584,0.15925754754421198,15.495612665246773
2021-01-26,-0.018878214689043604,-1.0,0.018878214689043604,0.018878214689043604,0.1622640457176022,15.20308316261398
2021-01-27,-0.05913407295587936,-1.0,0.05913407295587936,0.05913407295587936,0.17185937963518302,14.304062933721664
2021-01-28,0.02830742219063742,0.0,0.0,-0.001,0.17168752025554784,14.70897408222797
2021-01-29,-0.019281822439433882,1.0,-0.019281822439433882,-0.020281822439433883,0.1682053844546581,14.425358255708215
2021-02-01,0.010263208998213091,1.0,0.010263208998213091,0.010263208998213091,0.16993171146994104,14.573408722360647
2021-02-02,0.015055184801198829,1.0,0.015055184801198829,0.015055184801198829,0.172490064789705,14.79281408385919
2021-02-03,0.0014470962171602153,1.0,0.0014470962171602153,0.0014470962171602153,0.1727396745099599,14.814220709161097
2021-02-04,-0.0006023325271529156,1.0,-0.0006023325271529156,-0.0006023325271529156,0.17263562778527272,14.805297622163547
2021-02-05,0.007228956507183915,1.0,0.007228956507183915,0.007228956507183915,0.17388360323012286,14.912324474750081
2021-02-08,-0.0023921124973389496,0.0,-0.0,-0.001,0.17370971962689274,14.876652517009658
2021-02-09,0.005155959253762221,-1.0,-0.005155959253762221,-0.006155959253762221,0.17264036967088714,14.95335593121974
2021-02-10,0.000954198473282375,-1.0,-0.000954198473282375,-0.000954198473282375,0.17247563649372027,14.967624400619757
2021-02-11,0.0004763824443532183,-1.0,-0.0004763824443532183,-0.0004763824443532183,0.17239347212841602,14.974754714117886
2021-02-12,-0.00976757929127392,-1.0,0.00976757929127392,0.00976757929127392,0.17407733903672834,14.82848761008036
2021-02-16,-0.023336889130525562,0.0,-0.0,-0.001,0.1739032616976916,14.482436838750543
2021-02-17,-0.006281639830628238,-1.0,0.006281639830628238,0.005281639830628238,0.1748217560913503,14.391463386659689
2021-02-18,0.0006199173966607852,-1.0,-0.0006199173966607852,-0.0006199173966607852,0.1747133810434345,14.400384905176486
2021-02-19,-0.03257778149555868,-1.0,0.03257778149555868,0.03257778149555868,0.18040515539541782,13.931252312283705
2021-02-22,-0.0384121646421236,0.0,-0.0,-0.001,0.1802247502400224,13.396122754793298
2021-02-23,-0.005193291000976874,-1.0,0.005193291000976874,0.004193291000976874,0.1809804850633572,13.326552791042849
2021-02-24,-0.01271551297997564,-1.0,0.01271551297997564,0.01271551297997564,0.18328174477030262,13.157098836050013
2021-02-25,0.009335352780345696,-1.0,-0.009335352780345696,-0.009335352780345696,0.18157074502467457,13.279924995250415
2021-02-26,-0.007831582010746962,-1.0,0.007831582010746962,0.007831582010746962,0.18299273120508777,13.175922173553543
2021-03-01,0.033070307303097124,-1.0,-0.033070307303097124,-0.033070307303097124,0.17694110534990246,13.61165396883465
2021-03-02,-0.004874029195547802,-1.0,0.004874029195547802,0.004874029195547802,0.1778035214632704,13.545310369990856
2021-03-03,-0.039979073507085405,-1.0,0.039979073507085405,0.039979073507085405,0.18491194151766913,13.003781411032707
2021-03-04,-0.01696071953515066,0.0,-0.0,-0.001,0.18472702957615145,12.783227921623775
2021-03-05,-0.008276002537401572,-1.0,0.008276002537401572,0.007276002537401572,0.1860711039120742,12.677433894908233
2021-03-08,0.0022631275502249526,-1.0,-0.0022631275502249526,-0.0022631275502249526,0.18565000127051,12.706124544821956
2021-03-09,0.044594978935704965,-1.0,-0.044594978935704965,-0.044594978935704965,0.177370943374438,13.272753901252734
2021-03-10,0.00594457309541796,-1.0,-0.00594457309541796,-0.00594457309541796,0.17631654883654543,13.351654756996226
2021-03-11,0.005371645100673339,-1.0,-0.005371645100673339,-0.005371645100673339,0.17536943891081996,13.423375107857526
2021-03-12,0.010820263415142639,-1.0,-0.010820263415142639,-0.010820263415142639,0.17347189538683913,13.568619562444812
2021-03-15,-0.0019824746925256598,-1.0,0.0019824746925256598,0.0019824746925256598,0.173815799029308,13.541720117549756
2021-03-16,-0.0018539079745377718,-1.0,0.0018539079745377718,0.0018539079745377718,0.1741380375252291,13.516615014634873
2021-03-17,-0.03210377123781338,-1.0,0.03210377123781338,0.03210377123781338,0.17972852524574082,13.082680698295441
2021-03-18,-0.025082337358315665,0.0,-0.0,-0.001,0.17954879672049506,12.75453648746967
2021-03-19,-0.00407696841188776,-1.0,0.00407696841188776,0.0030769684118877602,0.1801012626963965,12.702536645101986
2021-03-22,0.011998889441040328,-1.0,-0.011998889441040328,-0.011998889441040328,0.1779402475571107,12.854952977927327
2021-03-23,0.03250116309587381,-1.0,-0.03250116309587381,-0.03250116309587381,0.17215698254993686,13.272753901252733
2021-03-24,-0.016076841737558634,-1.0,0.016076841737558634,0.016076841737558634,0.17492472311240786,13.059369937360728
2021-03-25,0.008513201876454657,-1.0,-0.008513201876454657,-0.008513201876454657,0.173435553631369,13.170546990016783
2021-03-26,0.008304742795916864,-1.0,-0.008304742795916864,-0.008304742795916864,0.17199521596679304,13.27992499525041
2021-03-29,0.009992034718423026,-1.0,-0.009992034718423026,-0.009992034718423026,0.17027663379745017,13.412618466861005
2021-03-30,-0.007754102746889813,-1.0,0.007754102746889813,0.007754102746889813,0.17159697631131016,13.308615645164133
2021-03-31,0.018728264676779238,-1.0,-0.018728264676779238,-0.018728264676779238,0.16838326272121693,13.557862921448292
2021-04-01,0.0021159317746779482,-1.0,-0.0021159317746779482,-0.0021159317746779482,0.16802697522530116,13.586550434400513
2021-04-05,0.013329814611377389,-1.0,-0.013329814611377389,-0.013329814611377389,0.1657872067958374,13.7676566328992
2021-04-06,0.010158809219087184,-1.0,-0.010158809219087184,-0.010158809219087184,0.16410300619103313,13.907519630026723
2021-04-07,-0.001933939958314479,-1.0,0.001933939958314479,0.001933939958314479,0.1644203715519855,13.880623322093172
2021-04-08,0.004521270434957092,-1.0,-0.004521270434957092,-0.004521270434957092,0.16367698258718283,13.943381373938127
2021-04-09,0.0023150291172844284,-1.0,-0.0023150291172844284,-0.0023150291172844284,0.16329806560666424,13.975660707812196
2021-04-12,-0.003849133538122107,-1.0,0.003849133538122107,0.003849133538122107,0.1639266216677013,13.92186652346434
2021-04-13,0.018031843100849265,0.0,0.0,-0.001,0.1637626950460336,14.172903436286415
2021-04-14,0.0011386586050508019,1.0,0.0011386586050508019,0.00013865860505080183,0.16378540215288806,14.189041534742696
2021-04-15,0.01326920440928725,1.0,0.01326920440928725,0.01326920440928725,0.16595870413331204,14.377318827239064
2021-04-16,0.009478968729047077,0.0,0.0,-0.001,0.16579274542917874,14.513600982810003
2021-04-19,-0.014208249912517568,1.0,-0.014208249912517568,-0.015208249912517569,0.16327132792300939,14.307388112915678
2021-04-20,0.009274581708701879,1.0,0.009274581708701879,0.009274581708701879,0.1647856011945196,14.440083153007025
2021-04-21,-0.03178979350700506,1.0,-0.03178979350700506,-0.03178979350700506,0.15954710095961813,13.981035891348949
2021-04-22,0.004489247167071442,1.0,0.004489247167071442,0.004489247167071442,0.16026334733061556,14.04380021711691
2021-04-23,-0.0010216936795267584,1.0,-0.0010216936795267584,-0.0010216936795267584,0.16009960728158806,14.029451755198545
2021-04-26,-0.003961938203691839,1.0,-0.003961938203691839,-0.003961938203691839,0.15946530253110308,13.973867934312773
2021-04-27,-0.008340952820093062,1.0,-0.008340952820093062,-0.008340952820093062,0.15813520996624927,13.857312561158459
2021-04-28,-0.002458329008610538,1.0,-0.002458329008610538,-0.002458329008610538,0.1577464615923065,13.82324672770798
2021-04-29,0.0016861179166027807,1.0,0.0016861179166027807,0.0016861179166027807,0.158012440727478,13.84655435168119
2021-04-30,0.003755548819416088,1.0,0.003755548819416088,0.003755548819416088,0.15860586416270514,13.898555762529627
2021-05-03,-0.010450214294790872,1.0,-0.010450214294790872,-0.010450214294790872,0.1569483988937944,13.753312876423092
2021-05-04,-0.013168301238162705,1.0,-0.013168301238162705,-0.013168301238162705,0.1548816550983136,13.57220510944365
2021-05-05,-0.025234453819387048,1.0,-0.025234453819387048,-0.025234453819387048,0.15097330112526497,13.229717926382147
2021-05-06,0.0031175849765978647,1.0,0.0031175849765978647,0.0031175849765978647,0.15144397322072048,13.270962696234063
2021-05-07,0.007025976742784268,1.0,0.007025976742784268,0.007025976742784268,0.15250801505440412,13.364204171492162
2021-05-10,0.0036226845046352096,0.0,0.0,-0.001,0.15235550703934972,13.412618466861007
2021-05-11,-0.009759635444440029,-1.0,0.009759635444440029,0.008759635444440028,0.15369008573896725,13.281716200269079
2021-05-12,-0.034156576978008446,0.0,-0.0,-0.001,0.1535363956532283,12.828058238474526
2021-05-13,0.015236373915897161,-1.0,-0.015236373915897161,-0.016236373915897162,0.15104352132370336,13.023511330410829
2021-05-14,0.00674644251387857,-1.0,-0.00674644251387857,-0.00674644251387857,0.1500245148899992,13.111373700930292
2021-05-17,-0.01668504444011787,-1.0,0.01668504444011787,0.01668504444011787,0.15252768058804597,12.892609848059278
2021-05-18,0.005424092960814475,0.0,0.0,-0.001,0.15237515290745793,12.962540562382664
2021-05-19,0.005118404044822444,1.0,0.005118404044822444,0.004118404044822444,0.15300269535352246,13.028888082428338
2021-05-20,0.022433235464462298,1.0,0.022433235464462298,0.022433235464462298,0.15643504084508542,13.32116819662158
2021-05-21,0.0020193007473532365,0.0,0.0,-0.001,0.15627860580424033,13.348067641516636
2021-05-24,-0.00550810328654272,1.0,-0.00550810328654272,-0.00650810328654272,0.15526152849618943,13.274545106271404
2021-05-25,-0.008915301972726053,1.0,-0.008915301972726053,-0.008915301972726053,0.1538773250848989,13.156198528098422
2021-05-26,0.0013629219654449631,1.0,0.0013629219654449631,0.0013629219654449631,0.15408704787124103,13.174129400054122
2021-05-27,-0.006397026511636206,1.0,-0.006397026511636206,-0.006397026511636206,0.15310134894090893,13.08985414501425
2021-05-28,0.0030138771353038774,1.0,0.0030138771353038774,0.0030138771353038774,0.15356277759586612,13.129305357126372
2021-06-01,-0.009816843602965863,1.0,-0.009816843602965863,-0.009816843602965863,0.15205527582497047,13.00041701981988
2021-06-02,0.008180872846017095,1.0,0.008180872846017095,0.008180872846017095,0.15329922070206062,13.106771778404223
2021-06-03,-0.004676324832550982,1.0,-0.004676324832550982,-0.004676324832550982,0.15258234374948085,13.045480256062293
2021-06-04,-0.0004144989134958754,1.0,-0.0004144989134958754,-0.0004144989134958754,0.15251909853377804,13.040072918670123
2021-06-07,0.0017970070090489454,1.0,0.0017970070090489454,0.0017970070090489454,0.15279317642285706,13.063506021103484
2021-06-08,-0.004553676872102508,1.0,-0.004553676872102508,-0.004553676872102508,0.15209740566916521,13.004019035866612
2021-06-09,0.004297575486191807,1.0,0.004297575486191807,0.004297575486191807,0.1527510557512824,13.059904789297125
2021-06-10,0.014630333053582856,1.0,0.014630333053582856,0.014630333053582856,0.15498585457121006,13.250975546012624
2021-06-11,-0.00027177107027731573,0.0,-0.0,-0.001,0.15483086871663884,13.247374314206265
2021-06-14,-0.0024493277343061726,1.0,-0.0024493277343061726,-0.0034493277343061726,0.1542968063070478,13.214927152891745
2021-06-15,0.001636736193732613,1.0,0.001636736193732613,0.001636736193732613,0.1545493494745079,13.236556502460422
2021-06-16,-0.0017702137219943737,1.0,-0.0017702137219943737,-0.0017702137219943737,0.15427576409534283,13.213124968507813
2021-06-17,0.017462285534869615,1.0,0.017462285534869615,0.017462285534869615,0.1569697715390859,13.443856329515812
2021-06-18,-0.01743080947258624,0.0,-0.0,-0.001,0.1568128017675468,13.2095190312592
2021-06-21,0.014328551806157774,-1.0,-0.014328551806157774,-0.015328551806157775,0.1544090886117842,13.398792309033025
2021-06-22,-0.0029598963023713676,-1.0,0.0029598963023713676,0.0029598963023713676,0.15486612350221876,13.359133273221277
2021-06-23,-0.010254960407380609,-1.0,0.010254960407380609,0.010254960407380609,0.15645426946717853,13.222135890427472
2021-06-24,-0.006407786569235685,0.0,-0.0,-0.001,0.15629781519771135,13.137411265652181
2021-06-25,0.013446821069492021,-1.0,-0.013446821069492021,-0.014446821069492022,0.1540398086279975,13.314067684257735
2021-06-28,0.017466076504339068,-1.0,-0.017466076504339068,-0.017466076504339068,0.15134933754578714,13.54661220901493
2021-06-29,-0.014238651403712943,-1.0,0.014238651403712943,0.014238651403712943,0.1535043480032845,13.353726720069485
2021-06-30,-0.010799059456080506,0.0,-0.0,-0.001,0.1533508436552812,13.209519031259203
2021-07-01,0.01241816530702966,-1.0,-0.01241816530702966,-0.013418165307029661,0.15129315668514218,13.373557022215735
2021-07-02,0.001212932947396661,-1.0,-0.001212932947396661,-0.001212932947396661,0.15110964823068312,13.389778250151869
2021-07-06,0.011443304983072,-1.0,-0.011443304983072,-0.011443304983072,0.14938045444009468,13.54300156632406
2021-07-07,0.002661888609041707,-1.0,-0.002661888609041707,-0.002661888609041707,0.14898282031000712,13.579051527925692
2021-07-08,-0.0026548217692150544,-1.0,0.0026548217692150544,0.0026548217692150544,0.14937834314460519,13.543001566324062
2021-07-09,-0.0018635768190083946,-1.0,0.0018635768190083946,0.0018635768190083946,0.14965672116215134,13.517763142545267
2021-07-12,0.0013336613145393805,-1.0,-0.0013336613145393805,-0.0013336613145393805,0.14945712978267658,13.535791260307585
2021-07-13,-0.003063080642892402,-1.0,0.003063080642892402,0.003063080642892402,0.14991492902385617,13.494330040111905
2021-07-14,0.011220860493012186,-1.0,-0.011220860493012186,-0.011220860493012186,0.14823275451945966,13.645748034938665
2021-07-15,0.014795439712606218,-1.0,-0.014795439712606218,-0.014795439712606218,0.14603958573653344,13.847642877323015
2021-07-16,0.014319325454330789,-1.0,-0.014319325454330789,-0.014319325454330789,0.14394839737915638,14.045931782458748
2021-07-19,-0.011935631452803741,-1.0,0.011935631452803741,0.011935631452803741,0.1456665123984957,13.878284717292098
2021-07-20,0.0023382066975172755,0.0,0.0,-0.001,0.1455208458860972,13.910735015568122
2021-07-21,-0.016716573139714974,1.0,-0.016716573139714974,-0.017716573139714975,0.14294271517660298,13.678195196253183
2021-07-22,0.003163061532578171,1.0,0.003163061532578171,0.003163061532578171,0.14339485178034037,13.721460169313547
2021-07-23,0.014187982075041461,1.0,0.014187982075041461,0.014187982075041461,0.14542933536705308,13.916140000239162
2021-07-26,-0.0037564938969513184,0.0,-0.0,-0.001,0.14528390603168603,13.863864105259143
2021-07-27,0.012352020128882701,1.0,0.012352020128882701,0.0113520201288827,0.1469331718573604,14.035110833751398
2021-07-28,-0.00012807016367499813,0.0,-0.0,-0.001,0.14678623868550306,14.033313354809723
2021-07-29,0.003981972206779538,1.0,0.003981972206779538,0.002981972206779538,0.14722395116960096,14.089193618557603
2021-07-30,-0.0033267276735583495,1.0,-0.0033267276735583495,-0.0033267276735583495,0.14673417717703444,14.042322708248626
2021-08-02,0.011681685029227618,1.0,0.011681685029227618,0.011681685029227618,0.14844827961783943,14.206360699205158
2021-08-03,0.007739967818586324,0.0,0.0,-0.001,0.14829983133822158,14.316317473836236
2021-08-04,0.005666279485327053,1.0,0.005666279485327053,0.004666279485327053,0.1489918397988726,14.397437729843663
2021-08-05,0.007762528971672511,1.0,0.007762528971672511,0.007762528971672511,0.15014839327185414,14.509198257339426
2021-08-06,0.001490841717493696,0.0,0.0,-0.001,0.1499982448785823,14.530829175388854
2021-08-09,-0.0006203402966450389,1.0,-0.0006203402966450389,-0.0016203402966450389,0.14975519667797949,14.521815116507696
2021-08-10,-0.0003720895870755747,1.0,-0.0003720895870755747,-0.0003720895870755747,0.14969947432868516,14.516411700317407
2021-08-11,0.022848861997705416,1.0,0.022848861997705416,0.022848861997705416,0.15311993695875034,14.848095187959837
2021-08-12,0.007647984808820452,0.0,0.0,-0.001,0.1529668170217916,14.961653194397273
2021-08-13,0.005421877846881529,1.0,0.005421877846881529,0.004421877846881529,0.15364321760128827,15.0427734504047
2021-08-16,0.005991138257878781,1.0,0.005991138257878781,0.005991138257878781,0.15456371536032293,15.132896785928024
2021-08-17,0.00011929780338637563,0.0,0.0,-0.001,0.1544091516449626,15.134702107273458
2021-08-18,0.005479168124030043,1.0,0.005479168124030043,0.004479168124030043,0.15510077619506926,15.217627684626322
2021-08-19,0.0015398656688805357,0.0,0.0,-0.001,0.1549456754188742,15.241060787059684
2021-08-20,0.020460868665860277,1.0,0.020460868665860277,0.019460868665860276,0.1579610528585439,15.552906130152106
2021-08-23,-0.021789236585062044,0.0,-0.0,-0.001,0.15780309180568536,15.214020178896961
2021-08-24,-0.0030806677838666197,-1.0,0.0030806677838666197,0.0020806677838666196,0.15813142761500001,15.167150837068736
2021-08-25,0.004635281437995076,-1.0,-0.004635281437995076,-0.004635281437995076,0.15739844394381255,15.237454849811071
2021-08-26,-0.003981456719684862,-1.0,0.003981456719684862,0.003981456719684862,0.15802511903612057,15.176787582808396
2021-08-27,-0.0047726838903290325,-1.0,0.0047726838903290325,0.0047726838903290325,0.15877932297601158,15.10435357320498
2021-08-30,0.006473881523077152,0.0,0.0,-0.001,0.15862054365303557,15.202137368720576
2021-08-31,0.0004767717445728348,1.0,0.0004767717445728348,-0.0005232282554271652,0.15853754890270508,15.209385318275096
2021-09-01,0.016073297727415614,1.0,0.016073297727415614,0.016073297727415614,0.16108577012719297,15.453850296746715
2021-09-02,0.013358502615157919,0.0,0.0,-0.001,0.16092468435706578,15.660290596350066
2021-09-03,-0.009135079042050576,1.0,-0.009135079042050576,-0.010135079042050577,0.15929369996128986,15.517232603930927
2021-09-07,-0.007702391581416723,1.0,-0.007702391581416723,-0.007702391581416723,0.1580667575077353,15.397712802155525
2021-09-08,0.016582628430797275,1.0,0.016582628430797275,0.016582628430797275,0.160687919814747,15.6530473522378
2021-09-09,-0.006941155145053224,0.0,-0.0,-0.001,0.16052723189493226,15.544397122073054
2021-09-10,-0.010601605573090311,-1.0,0.010601605573090311,0.00960160557309031,0.1620685510593274,15.379601554913355
2021-09-13,-0.004120887105928173,0.0,-0.0,-0.001,0.16190648250826808,15.3162239531714
2021-09-14,0.0007095745768102013,-1.0,-0.0007095745768102013,-0.0017095745768102013,0.16162969130195118,15.327091956301302
2021-09-15,-0.00035458688581124775,-1.0,0.00035458688581124775,0.00035458688581124775,0.16168700307084458,15.321657170495975
2021-09-16,-0.007209522064355989,-1.0,0.007209522064355989,0.007209522064355989,0.16285268908700343,15.211195345062785
2021-09-17,-0.028095253022155764,0.0,-0.0,-0.001,0.16268983639791643,14.78383296307381
2021-09-20,0.0006125886219143784,-1.0,-0.0006125886219143784,-0.0016125886219143784,0.16242748461884005,14.79288937093527
2021-09-21,0.002815397882105719,-1.0,-0.002815397882105719,-0.002815397882105719,0.1619701866226484,14.834537240340426
2021-09-22,-0.00024392301802234062,-1.0,0.00024392301802234062,0.00024392301802234062,0.162009694879399,14.830918755245797
2021-09-23,-0.007692799871398925,-1.0,0.007692799871398925,0.007692799871398925,0.16325600303933263,14.716827465352715
2021-09-24,-0.007013323769790802,0.0,-0.0,-0.001,0.1630927470362933,14.613613589474047
2021-09-27,-0.024039798004733215,-1.0,0.024039798004733215,0.023039798004733214,0.16685037098404656,14.262305270663868
2021-09-28,-0.018918253131230744,0.0,-0.0,-0.001,0.16668352061306252,13.992487369318562
2021-09-29,0.013976837915289142,-1.0,-0.013976837915289142,-0.014976837915289143,0.16418712854169093,14.188058097311258
2021-09-30,0.002169973400718339,-1.0,-0.002169973400718339,-0.002169973400718339,0.16383084684001514,14.21884580599027
2021-10-01,0.008787735117472328,-1.0,-0.008787735117472328,-0.008787735117472328,0.16239114475391392,14.343797256609495
2021-10-04,0.0018935976781258024,-1.0,-0.0018935976781258024,-0.0018935976781258024,0.16208364125925973,14.370958637790118
2021-10-05,0.0015121677937619538,-1.0,-0.0015121677937619538,-0.0015121677937619538,0.1618385435970518,14.392689938607669
2021-10-06,0.02138903279985893,-1.0,-0.02138903279985893,-0.02138903279985893,0.15837697367977305,14.700535655782748
2021-10-07,-0.003202998399140955,-1.0,0.003202998399140955,0.003202998399140955,0.15888425487293018,14.653449863610762
2021-10-08,-0.008774038667381356,-1.0,0.008774038667381356,0.008774038667381356,0.16027831146882335,14.524879927896906
2021-10-11,-0.029672121641250215,0.0,-0.0,-0.001,0.1601180331573545,14.093895923851795
2021-10-12,0.013362566451424751,-1.0,-0.013362566451424751,-0.014362566451424752,0.15781832726606057,14.28222654469373
2021-10-13,0.016736528955098917,-1.0,-0.016736528955098917,-0.016736528955098917,0.15517699626212686,14.52126144280228
2021-10-14,0.015837147081982694,-1.0,-0.015837147081982694,-0.015837147081982694,0.1527194353485833,14.751236796087863
2021-10-15,0.0025778345148053106,-1.0,-0.0025778345148053106,-0.0025778345148053106,0.15232574991706013,14.789263043436884
2021-10-18,-0.00832598281245478,-1.0,0.00832598281245478,0.00832598281245478,0.15359401149276383,14.666127893528357
2021-10-19,0.012840981972039867,0.0,0.0,-0.001,0.15344041748127107,14.854455377408785
2021-10-20,0.023040354038777577,1.0,0.023040354038777577,0.022040354038777576,0.1568222986064161,15.196707288357507
2021-10-21,-0.0013107908951019986,0.0,-0.0,-0.001,0.1566654763078097,15.176787582808398
2021-10-22,0.007278650391112862,1.0,0.007278650391112862,0.006278650391112862,0.15764912406190362,15.287254113683844
2021-10-25,-0.0015401369265962694,1.0,-0.0015401369265962694,-0.0015401369265962694,0.15740632282449032,15.263709649117098
2021-10-26,0.013999347481509883,1.0,0.013999347481509883,0.013999347481509883,0.15960990863349708,15.477391624351965
2021-10-27,-0.005381971186976586,0.0,-0.0,-0.001,0.15945029872486358,15.39409274858015
2021-10-28,0.016586222313333066,-1.0,-0.016586222313333066,-0.017586222313333066,0.15664617032356076,15.649422593220168
2021-10-29,-0.012612854599977519,-1.0,0.012612854599977519,0.012612854599977519,0.15862192569349515,15.452038701478278
2021-11-01,0.003047120486873389,-1.0,-0.003047120486873389,-0.003047120486873389,0.1581385855740472,15.499122925169512
2021-11-02,-0.0019863149900092303,-1.0,0.0019863149900092303,0.0019863149900092303,0.15845269861707179,15.468336784971253
2021-11-03,-0.0021069790499622654,-1.0,0.0021069790499622654,0.0021069790499622654,0.15878655513346795,15.435745323427557
2021-11-04,-0.0056314224839064675,-1.0,0.0056314224839064675,0.0056314224839064675,0.1596807493101886,15.348820120157354
2021-11-05,0.009084398721901588,-1.0,-0.009084398721901588,-0.009084398721901588,0.15823014571524285,15.488254922039609
2021-11-08,-0.010990121609942838,-1.0,0.010990121609942838,0.010990121609942838,0.15996911425901233,15.318037116920598
2021-11-09,0.004137654075367481,0.0,0.0,-0.001,0.15980914514475333,15.381417855624054
2021-11-10,0.0030608048419777933,1.0,0.0030608048419777933,0.0020608048419777933,0.16013848060486,15.428497373873032
2021-11-11,0.001995509214730573,1.0,0.001995509214730573,0.001995509214730573,0.16045803841853995,15.459285082552043
2021-11-12,0.011010716485921224,1.0,0.011010716485921224,0.011010716485921224,0.16222479638745355,15.629502887671055
2021-11-15,0.01193377850300159,0.0,0.0,-0.001,0.1620625715910661,15.816021913244546
2021-11-16,-0.004122016447009269,1.0,-0.004122016447009269,-0.005122016447009269,0.16123248443393204,15.750828010791892
2021-11-17,0.009197585523016416,1.0,0.009197585523016416,0.009197585523016416,0.16271543399860156,15.895697598479472
2021-11-18,-0.002050529604206597,0.0,-0.0,-0.001,0.16255271856460296,15.863102999974274
2021-11-19,0.008105165343474496,1.0,0.008105165343474496,0.007105165343474496,0.16370768250703577,15.991676072649632
2021-11-22,-0.010757532111498214,0.0,-0.0,-0.001,0.16354397482452873,15.819645103781426
2021-11-23,-0.0005724785734476656,-1.0,0.0005724785734476656,-0.0004275214265523344,0.1634740562711077,15.810588695919964
2021-11-24,0.0032786078599884583,-1.0,-0.0032786078599884583,-0.0032786078599884583,0.16293808894531306,15.862425416289453
2021-11-26,-0.012842568189310621,-1.0,0.012842568189310621,0.012842568189310621,0.16503063246322922,15.6587111362329
2021-11-29,0.029852568703809368,0.0,0.0,-0.001,0.16486560183076598,16.1261638862404
2021-11-30,-0.021204523784768003,1.0,-0.021204523784768003,-0.022204523784768004,0.16120483965362464,15.784216260557548
2021-12-01,0.012214585180583937,1.0,0.012214585180583937,0.012214585180583937,0.1631738898990962,15.977013914580885
2021-12-02,0.008880065271989368,1.0,0.008880065271989368,0.008880065271989368,0.16462288469208458,16.118890840993846
2021-12-03,-0.0066575496504052145,1.0,-0.0066575496504052145,-0.0066575496504052145,0.1635268996636541,16.01157852491047
2021-12-06,0.012722641574493654,1.0,0.012722641574493654,0.012722641574493654,0.16560739379586298,16.215288099524766
2021-12-07,0.014133583821497986,1.0,0.014133583821497986,0.014133583821497986,0.16794801977753662,16.444468233069138
2021-12-08,-0.0009955811192113861,0.0,-0.0,-0.001,0.16778007175775908,16.428096430980823
2021-12-09,-0.004539287262011804,1.0,-0.004539287262011804,-0.005539287262011804,0.1668506897434519,16.35352458211257
2021-12-10,0.004115343561843954,1.0,0.004115343561843954,0.004115343561843954,0.16753733765527684,16.420824954215025
2021-12-13,0.016171924363290513,1.0,0.016171924363290513,0.016171924363290513,0.17024673880786503,16.686381293357424
2021-12-14,-0.018639923455827656,0.0,-0.0,-0.001,0.17007649206905717,16.375348423294486
2021-12-15,0.02188163686712441,-1.0,-0.02188163686712441,-0.02288163686712441,0.16618486353789863,16.733667851065654
2021-12-16,0.0024999271233423492,-1.0,-0.0024999271233423492,-0.0024999271233423492,0.16576941349005128,16.775500801199534
2021-12-17,-0.013986316711268487,-1.0,0.013986316711268487,0.013986316711268487,0.16808791700816433,16.54087333400382
2021-12-20,-0.010996612582856446,0.0,-0.0,-0.001,0.16791982909115616,16.358979758167678
2021-12-21,0.005670373184593291,-1.0,-0.005670373184593291,-0.0066703731845932914,0.16679974116602503,16.451741278315698
2021-12-22,0.0038696855343034464,-1.0,-0.0038696855343034464,-0.0038696855343034464,0.1661542786205093,16.5154043435545
2021-12-23,-0.0011012811082710128,-1.0,0.0011012811082710128,0.0011012811082710128,0.16633726118861247,16.49721624075549
2021-12-27,0.006835641781832491,-1.0,-0.006835641781832491,-0.006835641781832491,0.165200239256156,16.60998530137472
2021-12-28,0.006132094714035752,-1.0,-0.006132094714035752,-0.006132094714035752,0.1641872157422559,16.711839304441494
2021-12-29,0.0011972075668473803,-1.0,-0.0011972075668473803,-0.0011972075668473803,0.16399064956518966,16.73184684491271
2021-12-30,0.008479360302974914,-1.0,-0.008479360302974914,-0.008479360302974914,0.16260011376120753,16.873722202844917
2021-12-31,0.006359729927596147,-1.0,-0.006359729927596147,-0.006359729927596147,0.16156602095148984,16.981034518928293
2022-01-03,-0.018208693509268348,-1.0,0.018208693509268348,0.018208693509268348,0.16450792710850753,16.671832065902823
2022-01-04,-0.010691968332400825,0.0,-0.0,-0.001,0.16434341918139903,16.493577365411085
2022-01-05,-0.010476301059783477,-1.0,0.010476301059783477,0.009476301059783476,0.16590078689875618,16.320785683378208
2022-01-06,-0.04413254023795554,0.0,-0.0,-0.001,0.1657348861118574,15.600507952491471
2022-01-07,0.00746160313219435,-1.0,-0.00746160313219435,-0.00846160313219435,0.16433250328041946,15.716912751493604
2022-01-10,-0.024533981393485726,-1.0,0.024533981393485726,0.024533981393485726,0.1683642338582462,15.331314306485421
2022-01-11,0.0059315818393888,0.0,0.0,-0.001,0.16819586962438796,15.42225325199973
2022-01-12,0.0035385329179262737,-1.0,-0.0035385329179262737,-0.004538532917926274,0.16743250713343844,15.476825402800527
2022-01-13,-0.0022330099350396093,-1.0,0.0022330099350396093,0.0022330099350396093,0.167806385585316,15.4422654979132
2022-01-14,-0.02002363548735875,-1.0,0.02002363548735875,0.02002363548735875,0.17116647948272756,15.13305520248397
2022-01-18,-0.023437264367279997,0.0,-0.0,-0.001,0.17099531300324483,14.77837778701871
2022-01-19,0.016492188522363893,-1.0,-0.016492188522363893,-0.017492188522363894,0.16800423075175144,15.022105579536937
2022-01-20,0.011139455356143468,-1.0,-0.011139455356143468,-0.011139455356143468,0.16613275512364908,15.189443653995463
2022-01-21,-0.010896745371005268,-1.0,0.010896745371005268,0.010896745371005268,0.16794306145401505,15.023928154170642
2022-01-24,-0.008232684146513347,0.0,-0.0,-0.001,0.16777511839256104,14.900240899037446
2022-01-25,-0.08325192804221393,-1.0,0.08325192804221393,0.08225192804221393,0.18157494535785992,13.659767115899127
2022-01-26,-0.03275654513144921,0.0,-0.0,-0.001,0.18139337041250206,13.212320337882092
2022-01-27,-0.0017892498280435154,-1.0,0.0017892498280435154,0.0007892498280435154,0.18153653509890835,13.18868019598948
2022-01-28,-0.00013795449166742468,-1.0,0.00013795449166742468,0.00013795449166742468,0.181561578879327,13.186860758317279
2022-01-31,0.07751697609608676,-1.0,-0.07751697609608676,-0.07751697609608676,0.16748747430937044,14.209066328502184
2022-02-01,-0.011392598867418502,-1.0,0.011392598867418502,0.011392598867418502,0.1693955919194942,14.047188135541015
2022-02-02,0.006474153409141703,-1.0,-0.006474153409141703,-0.006474153409141703,0.16829889887057503,14.138131786497583
2022-02-03,-0.025215494909973546,-1.0,0.025215494909973546,0.025215494909973546,0.17254263889840019,13.781631796398617
2022-02-04,0.0031673186434089118,0.0,0.0,-0.001,0.17237009625950178,13.825282615723948
2022-02-07,-0.004341284451131466,-1.0,0.004341284451131466,0.0033412844511314663,0.1729460337819737,13.765263131271807
2022-02-08,-0.0029070747897489424,-1.0,0.0029070747897489424,0.0029070747897489424,0.17344880083676836,13.725246481848625
2022-02-09,0.01590268074544743,-1.0,-0.01590268074544743,-0.01590268074544743,0.17069049993138055,13.94351469480204
2022-02-10,-0.015784680503164172,-1.0,0.015784680503164172,0.015784680503164172,0.17338479493772274,13.723420770253416
2022-02-11,-0.0064938575340142135,0.0,-0.0,-0.001,0.17321141014278502,13.634302830892059
2022-02-14,-0.0005337823854343338,-1.0,0.0005337823854343338,-0.00046621761456566626,0.17313065593233268,13.627025080203252
2022-02-15,0.0022692112065310077,-1.0,-0.0022692112065310077,-0.0022692112065310077,0.17273778590769698,13.657947678226929
2022-02-16,0.0018645446656979647,-1.0,-0.0018645446656979647,-0.0018645446656979647,0.1724157085904183,13.683413531714749
2022-02-17,0.001993582754317158,-1.0,-0.001993582754317158,-0.001993582754317158,0.17207198360719908,13.710692548951766
2022-02-18,-0.01631721018090504,-1.0,0.01631721018090504,0.01631721018090504,0.174879718329963,13.486972296904751
2022-02-22,-0.004989679312653483,0.0,-0.0,-0.001,0.17470483861163302,13.419676630244554
2022-02-23,-0.0197886964745968,-1.0,0.0197886964745968,0.0187886964745968,0.17798731479695043,13.154118722621405
2022-02-24,0.04314165504585632,0.0,0.0,-0.001,0.17780932748215347,13.721609174984978
2022-02-25,0.02279928635636641,1.0,0.02279928635636641,0.02179928635636641,0.18168544392876984,14.034452071835606
2022-02-28,0.020004135094660036,1.0,0.020004135094660036,0.020004135094660036,0.18531990409385424,14.315199147060136
2022-03-01,-0.010604272497469758,0.0,-0.0,-0.001,0.1851345841897604,14.163396874449164
2022-03-02,0.00142037494975078,-1.0,-0.00142037494975078,-0.00242037494975078,0.18468648907985497,14.18351420857301
2022-03-03,0.01599000579021892,-1.0,-0.01599000579021892,-0.01599000579021892,0.1817333510500929,14.410308682893746
2022-03-04,0.018022230588724986,-1.0,-0.018022230588724986,-0.018022230588724986,0.17845811069180642,14.670014588831563
2022-03-07,0.04949530145860015,-1.0,-0.04949530145860015,-0.04949530145860015,0.16962527270538322,15.396111383307844
2022-03-08,-0.02649130154537427,-1.0,0.02649130154537427,0.02649130154537427,0.17411886695433787,14.988248354026465
2022-03-09,-0.019889906782216915,-1.0,0.019889906782216915,0.019889906782216915,0.1775820749870849,14.690133491436162
2022-03-10,-0.001992027193301271,0.0,-0.0,-0.001,0.1774044929120978,14.660870346047997
2022-03-11,-0.010728370559716427,-1.0,0.010728370559716427,0.009728370559716426,0.17913034955810528,14.503583096247636
2022-03-14,-0.0002524089427169418,-1.0,0.0002524089427169418,0.0002524089427169418,0.17917556366024576,14.499922262172705
2022-03-15,0.034056442893743544,-1.0,-0.034056442893743544,-0.034056442893743544,0.17307348130849629,14.99373803665811
2022-03-16,0.006465048755141867,-1.0,-0.006465048755141867,-0.006465048755141867,0.17195455281361471,15.090673284086929
2022-03-17,0.00218184751097672,-1.0,-0.00218184751097672,-0.00218184751097672,0.17157937420055722,15.123598832030776
2022-03-18,-0.003869865329433231,-1.0,0.003869865329433231,0.003869865329433231,0.17224336327202183,15.065072541254443
2022-03-21,-0.006920230774308367,-1.0,0.006920230774308367,0.006920230774308367,0.17343532709520726,14.960818762637265
2022-03-22,0.012836201070744124,0.0,0.0,-0.001,0.17326189176811205,15.152858840457439
2022-03-23,-0.003379515945334477,1.0,-0.003379515945334477,-0.004379515945334477,0.17250308855039478,15.101649512388711
2022-03-24,0.01368542122402494,1.0,0.01368542122402494,0.01368542122402494,0.1748638659796522,15.308321947143341
2022-03-25,0.002867324974835883,0.0,0.0,-0.001,0.17468900211367255,15.352215880985213
2022-03-28,0.005837482055747412,1.0,0.005837482055747412,0.004837482055747412,0.1755340570267339,15.441834165706425
2022-03-29,0.002250258758426771,0.0,0.0,-0.001,0.17535852296970716,15.476582288283979
2022-03-30,0.010399560404100727,1.0,0.010399560404100727,0.009399560404100726,0.1770068159987348,15.637531940640024
2022-03-31,-0.009239749529055485,0.0,-0.0,-0.001,0.17682980918273605,15.493045062255906
2022-04-01,0.011805028275698737,-1.0,-0.011805028275698737,-0.012805028275698738,0.1745654984761647,15.675940897292511
2022-04-04,-0.0010501936744842233,-1.0,0.0010501936744842233,0.0010501936744842233,0.17474882605844755,15.659478123320586
2022-04-05,0.0082923913828441,-1.0,-0.0082923913828441,-0.0082923913828441,0.17329974039907836,15.789332644770244
2022-04-06,0.00185344843428914,-1.0,-0.00185344843428914,-0.00185344843428914,0.17297853826657297,15.818597358639163
2022-04-07,0.006821513174770422,-1.0,-0.006821513174770422,-0.006821513174770422,0.17179856288883502,15.926504128927508
2022-04-08,-0.011368909649859482,-1.0,0.011368909649859482,0.011368909649859482,0.17375172522829388,15.745437142447617
2022-04-11,-0.017539700288534688,0.0,-0.0,-0.001,0.17357797350306559,15.469266894057125
2022-04-12,-0.008158108730169977,-1.0,0.008158108730169977,0.007158108730169977,0.1748204635105631,15.343066932759388
2022-04-13,-0.004052802459998395,-1.0,0.004052802459998395,0.004052802459998395,0.17552897631513678,15.280884513350381
2022-04-14,-0.008856784338681867,-1.0,0.008856784338681867,0.008856784338681867,0.17708359860354952,15.145545014711333
2022-04-18,-0.013283606325808939,0.0,-0.0,-0.001,0.17690651500494597,14.94435755714609
2022-04-19,0.0014687362476528687,-1.0,-0.0014687362476528687,-0.0024687362476528687,0.17646977947890732,14.966306876788154
2022-04-20,-0.003910536597849901,-1.0,0.003910536597849901,0.003910536597849901,0.1771598710099741,14.907780586011821
2022-04-21,-0.06539087025133827,-1.0,0.06539087025133827,0.06539087025133827,0.18874450914893115,13.932947839976503
2022-04-22,-0.029272938399216075,0.0,-0.0,-0.001,0.18855576463978221,13.52508951613738
2022-04-25,0.0012172025887358107,-1.0,-0.0012172025887358107,-0.0022172025887358107,0.18813769831030183,13.541552290109305
2022-04-26,-0.006347680738866601,-1.0,0.006347680738866601,0.006347680738866601,0.18933193635412082,13.455594839463023
2022-04-27,-0.0040779862413425905,-1.0,0.0040779862413425905,0.0040779862413425905,0.19010402938561966,13.400723108838612
2022-04-28,0.003002542206241854,-1.0,-0.003002542206241854,-0.003002542206241854,0.1895332340138127,13.44095934556706
2022-04-29,-0.033610003392297694,-1.0,0.033610003392297694,0.033610003392297694,0.1959034466519701,12.989208656366817
2022-05-02,-0.016192501384126756,0.0,-0.0,-0.001,0.19570754320531814,12.778880877219885
2022-05-03,0.012738087354968064,-1.0,-0.012738087354968064,-0.013738087354968065,0.19301889588073728,12.941659378132643
2022-05-04,0.03250392872835617,-1.0,-0.03250392872835617,-0.03250392872835617,0.1867450234458038,13.362314152186128
2022-05-05,-0.016698433856789596,-1.0,0.016698433856789596,0.016698433856789596,0.18986337286789814,13.139184433142205
2022-05-06,0.008769294689569218,-1.0,-0.008769294689569218,-0.008769294689569218,0.18819840500046398,13.25440581341703
2022-05-09,-0.024285560786294402,-1.0,0.024285560786294402,0.024285560786294402,0.1927689088049864,12.932515135349076
2022-05-10,-0.010182529952550201,0.0,-0.0,-0.001,0.19257613989618141,12.800829412621576
2022-05-11,0.0030001989881014435,-1.0,-0.0030001989881014435,-0.0040001989881014435,0.19180579701623623,12.839234448072183
2022-05-12,-0.02407388913270614,-1.0,0.02407388913270614,0.02407388913270614,0.19642330850861545,12.530144141420472
2022-05-13,0.018829250865658675,0.0,0.0,-0.001,0.19622688520010684,12.766077368842142
2022-05-16,0.004584577809277235,1.0,0.004584577809277235,0.003584577809277235,0.19693027573837876,12.824604443858853
2022-05-17,0.027096478300485005,1.0,0.027096478300485005,0.027096478300485005,0.20226639268163227,13.172106059884177
2022-05-18,-0.014162771792293971,0.0,-0.0,-0.001,0.20206412628895062,12.985552527734145
2022-05-19,-0.007605690691604772,-1.0,0.007605690691604772,0.006605690691604772,0.2033988994070848,12.886788431748613
2022-05-20,0.010786266372739606,-1.0,-0.010786266372739606,-0.010786266372739606,0.20120498469815792,13.025788764462593
2022-05-23,0.018674808545553034,-1.0,-0.018674808545553034,-0.018674808545553034,0.1974475201305089,13.269042875793748
2022-05-24,0.029220646430899277,-1.0,-0.029220646430899277,-0.029220646430899277,0.19167797595611744,13.65677288614376
2022-05-25,0.001607096445426004,-1.0,-0.001607096445426004,-0.001607096445426004,0.1913699309622919,13.678720637305071
2022-05-26,0.0033429652562779744,-1.0,-0.0033429652562779744,-0.0033429652562779744,0.19073018793198865,13.724448125145914
2022-05-27,0.037726878864074775,-1.0,-0.037726878864074775,-0.037726878864074775,0.1835345332361563,14.242228717039572
2022-05-31,-0.022471798746072524,-1.0,0.022471798746072524,0.022471798746072524,0.18765888432999356,13.922180219614724
2022-06-01,0.006341550795270878,-1.0,-0.006341550795270878,-0.006341550795270878,0.18646883598283104,14.010468432658326
2022-06-02,0.030852026009713596,-1.0,-0.030852026009713596,-0.030852026009713596,0.18071589460508772,14.442719769150973
2022-06-03,0.0021651601118364283,-1.0,-0.0021651601118364283,-0.0021651601118364283,0.18032461575851394,14.47399056990157
2022-06-06,0.019062135892029763,-1.0,-0.019062135892029763,-0.019062135892029763,0.1768872434282471,14.749895745044991
2022-06-07,-0.005112751700404705,-1.0,0.005112751700404705,0.005112751700404705,0.17779162398286474,14.67448319049372
2022-06-08,-0.016169548533122247,-1.0,0.016169548533122247,0.016169548533122247,0.18066643427563828,14.437203422346546
2022-06-09,-0.014651513627240709,0.0,-0.0,-0.001,0.18048576784136264,14.22567653966479
2022-06-10,-0.018489772062347698,-1.0,0.018489772062347698,0.017489772062347697,0.18364242278140588,13.9626470230137
2022-06-13,-0.04610706334067993,0.0,-0.0,-0.001,0.18345878035862448,13.31887037232005
2022-06-14,-0.012843849679694208,-1.0,0.012843849679694208,0.011843849679694207,0.18563163857561207,13.147804803354639
2022-06-15,0.037912691897336925,-1.0,-0.037912691897336925,-0.037912691897336925,0.1785938434558971,13.646273475990549
2022-06-16,-0.04474999922416589,-1.0,0.04474999922416589,0.04474999922416589,0.18658591781198933,13.035602748527216
2022-06-17,-0.000846531345182866,0.0,-0.0,-0.001,0.18639933189417734,13.024567702197237
2022-06-21,0.02711502499687346,-1.0,-0.02711502499687346,-0.02811502499687346,0.18115871001857203,13.377729181015786
2022-06-22,0.02694879881816359,-1.0,-0.02694879881816359,-0.02694879881816359,0.1762767003881235,13.738242913358857
2022-06-23,0.033605515912925155,-1.0,-0.033605515912925155,-0.033605515912925155,0.17035283092815245,14.199923654199369
2022-06-24,0.010621654119857826,-1.0,-0.010621654119857826,-0.010621654119857826,0.168543402079695,14.350750331782661
2022-06-27,-0.0016661094388203956,-1.0,0.0016661094388203956,0.0016661094388203956,0.1688242138327509,14.326840411200724
2022-06-28,-0.018616049655060696,-1.0,0.018616049655060696,0.018616049655060696,0.17196705378043797,14.060131238705681
2022-06-29,-0.005756248318305346,0.0,-0.0,-0.001,0.17179508672665753,13.979197631907729
2022-06-30,0.019210616194741625,-1.0,-0.019210616194741625,-0.020210616194741626,0.1683230021646827,14.24774663232475
2022-07-01,0.04002074905314834,-1.0,-0.04002074905314834,-0.04002074905314834,0.1615865895351774,14.817952124869858
2022-07-05,-0.01799905751128783,-1.0,0.01799905751128783,0.01799905751128783,0.16449499585327393,14.551242952374816
2022-07-06,0.005815063350969707,-1.0,-0.005815063350969707,-0.005815063350969707,0.16353844703146964,14.635859351978226
2022-07-07,0.010179362148603488,-1.0,-0.010179362148603488,-0.010179362148603488,0.1618737299539161,14.784843064678038
2022-07-08,-0.0016174035421837596,-1.0,0.0016174035421837596,0.0016174035421837596,0.16213554509813005,14.760930007134597
2022-07-11,0.0053582132261988935,-1.0,-0.0053582132261988935,-0.0053582132261988935,0.1612667882759483,14.840022217529821
2022-07-12,-0.009048133368014577,-1.0,0.009048133368014577,0.009048133368014577,0.16272595168410042,14.705747717321312
2022-07-13,0.0038776461634011383,-1.0,-0.0038776461634011383,-0.0038776461634011383,0.16209495802186677,14.762771403537329
2022-07-14,-0.001619609213498241,-1.0,0.001619609213498241,0.001619609213498241,0.16235748850934056,14.738861482955391
2022-07-15,-0.017721583376991368,-1.0,0.017721583376991368,0.017721583376991368,0.1652347202788378,14.47766552030327
2022-07-18,-0.015245534444700226,0.0,-0.0,-0.001,0.16506948555855894,14.256945771934639
2022-07-19,0.01832017129806829,-1.0,-0.01832017129806829,-0.01932017129806829,0.16188031482148357,14.518135460663752
2022-07-20,-0.007728244608978363,-1.0,0.007728244608978363,0.007728244608978363,0.16313136549180243,14.40593575855746
2022-07-21,0.007022700827892914,-1.0,-0.007022700827892914,-0.007022700827892914,0.16198574271630786,14.507104335535654
2022-07-22,0.0174966461761219,-1.0,-0.0174966461761219,-0.0174966461761219,0.1591515354904243,14.760930007134606
2022-07-25,0.009096933972714716,-1.0,-0.009096933972714716,-0.009096933972714716,0.15770374448041174,14.895209212785373
2022-07-26,-0.013213593435281612,-1.0,0.013213593435281612,0.013213593435281612,0.15978757764319745,14.698389974114166
2022-07-27,0.005881806831641967,0.0,0.0,-0.001,0.15962779006555425,14.784843064678048
2022-07-28,0.051754261173011074,1.0,0.051754261173011074,0.05075426117301107,0.167729580613012,15.550021694049377
2022-07-29,-0.0005914828487121326,0.0,-0.0,-0.001,0.16756185103239898,15.540824122920245
2022-08-01,0.009705494498396305,-1.0,-0.009705494498396305,-0.010705494498396306,0.16576801855803053,15.691655505945793
2022-08-02,0.004219657697449364,-1.0,-0.004219657697449364,-0.004219657697449364,0.1650685342625312,15.75786892088718
2022-08-03,0.009221545120673413,-1.0,-0.009221545120673413,-0.009221545120673413,0.16354634732582585,15.9031808201468
2022-08-04,0.017580336013814035,-1.0,-0.017580336013814035,-0.017580336013814035,0.1606711475860059,16.182764082653424
2022-08-05,0.0,-1.0,-0.0,-0.0,0.1606711475860059,16.182764082653424
2022-08-08,-0.005228700776362283,-1.0,0.005228700776362283,0.005228700776362283,0.16151124894012786,16.098149251530767
2022-08-09,0.015996250802599032,-1.0,-0.015996250802599032,-0.015996250802599032,0.15892767449464057,16.355659284415925
2022-08-10,0.009671828171636587,-1.0,-0.009671828171636587,-0.009671828171636587,0.15739055333521063,16.513848410648627
2022-08-11,-0.0038984427409514133,-1.0,0.0038984427409514133,0.0038984427409514133,0.1580041313953546,16.449470118186962
2022-08-12,0.011629348335802536,-1.0,-0.011629348335802536,-0.011629348335802536,0.15616664631286212,16.640766736130733
2022-08-15,0.0058583450029270345,-1.0,-0.0058583450029270345,-0.0058583450029270345,0.1552517682208113,16.738254088784217
2022-08-16,-0.0051646256642023936,-1.0,0.0051646256642023936,0.0051646256642023936,0.1560535854873773,16.65180727214334
2022-08-17,-0.003645544867809769,-1.0,0.003645544867809769,0.003645544867809769,0.15662248583505411,16.591102361602623
2022-08-18,0.0004433807088930486,-1.0,-0.0004433807088930486,-0.0004433807088930486,0.15655304244625598,16.598458536329026
2022-08-19,-0.005873182980176583,-1.0,0.005873182980176583,0.005873182980176583,0.1574725071106462,16.500972752156294
2022-08-22,-0.013041766465272886,0.0,-0.0,-0.001,0.15731503460353555,16.28577091907284
2022-08-23,-0.006324959188685475,-1.0,0.006324959188685475,0.005324959188685475,0.15815273074256603,16.18276408265342
2022-08-24,0.00829737735300995,0.0,0.0,-0.001,0.15799457801182346,16.317038582861933
2022-08-25,0.00766532235389783,1.0,0.00766532235389783,0.00666532235389783,0.15904766280444033,16.44211394346056
2022-08-26,-0.014878618632300333,0.0,-0.0,-0.001,0.15888861514163588,16.19747800058698
2022-08-29,-0.007017913870801751,-1.0,0.007017913870801751,0.006017913870801751,0.15984479314260924,16.083805495054655
2022-08-30,-0.015168827774654448,-1.0,0.015168827774654448,0.015168827774654448,0.16226945128046474,15.83983301953913
2022-08-31,-0.007468185943768968,0.0,-0.0,-0.001,0.16210718182918427,15.72153820123096
2022-09-01,0.014107961974647809,-1.0,-0.014107961974647809,-0.01510796197464781,0.15965807269029164,15.943337064356898
2022-09-02,-0.01333165696458416,-1.0,0.01333165696458416,0.01333165696458416,0.16178657934702523,15.730785963744152
2022-09-06,0.026553959722469545,0.0,0.0,-0.001,0.16162479276767822,16.148500620628205
2022-09-07,0.03284849341934515,1.0,0.03284849341934515,0.03184849341934515,0.16677229891654263,16.678954536997203
2022-09-08,0.0003326177553371057,0.0,0.0,-0.001,0.1666055266176261,16.684502253416667
2022-09-09,-0.004098853428457172,1.0,-0.004098853428457172,-0.005098853428457172,0.16575602945703188,16.61611492415315
2022-09-12,0.010122370103770484,1.0,0.010122370103770484,0.010122370103770484,0.16743387333412743,16.784309389102212
2022-09-13,-0.02147323081454644,0.0,-0.0,-0.001,0.1672664394607933,16.42389603952726
2022-09-14,0.00022480681082504006,-1.0,-0.00022480681082504006,-0.00122480681082504,0.16706157038651928,16.42758824321723
2022-09-15,-0.0322903362340643,-1.0,0.0322903362340643,0.0322903362340643,0.1724560446660908,15.897135895328983
2022-09-16,-0.014184777825619,0.0,-0.0,-0.001,0.1722835886214247,15.671638554590068
2022-09-19,0.024177399344489592,-1.0,-0.024177399344489592,-0.025177399344489593,0.16794593591020132,16.05053801830689
2022-09-20,-0.013242517595956294,-1.0,0.013242517595956294,0.013242517595956294,0.1701699629216615,15.837988486174897
2022-09-21,-0.02007236922764899,-1.0,0.02007236922764899,0.02007236922764899,0.17358567724888044,15.52008253345714
2022-09-22,-0.005121082634039209,0.0,-0.0,-0.001,0.17341209157163157,15.440602908316198
2022-09-23,-0.012209698907134636,-1.0,0.012209698907134636,0.011209698907134635,0.175355988905006,15.252077795861029
2022-09-26,-0.016601829535230372,0.0,-0.0,-0.001,0.175180632916101,14.998865400236072
2022-09-27,-0.0008628342436961534,-1.0,0.0008628342436961534,-0.00013716575630384666,0.17515660413209727,14.98592386555216
2022-09-28,0.015910332599990307,-1.0,-0.015910332599990307,-0.015910332599990307,0.17236980430327076,15.224354898571226
2022-09-29,-0.02913696214284256,-1.0,0.02913696214284256,0.02913696214284256,0.17739213676582433,14.780763446242357
2022-09-30,-0.01950705132572228,0.0,-0.0,-0.001,0.1772147446290585,14.492434335063148
2022-10-03,0.03545437337273105,-1.0,-0.03545437337273105,-0.03645437337273105,0.17075449216119762,15.006254513058265
2022-10-04,0.020076443064570793,-1.0,-0.020076443064570793,-0.020076443064570793,0.16732634932130364,15.307526727402138
2022-10-05,-0.01267826163760477,-1.0,0.01267826163760477,0.01267826163760477,0.16944775655686437,15.113453898527506
2022-10-06,-0.034975976905948336,0.0,-0.0,-0.001,0.1692783088003075,14.584846084003493
2022-10-07,-0.02762641566694901,-1.0,0.02762641566694901,0.02662641566694901,0.17378558341382266,14.181919063648339
2022-10-10,0.0001303941164936262,0.0,0.0,-0.001,0.17361179783040884,14.183768302454828
2022-10-11,-0.009252241347393886,-1.0,0.009252241347393886,0.008252241347393885,0.1750444842868603,14.052536654905001
2022-10-12,-0.04314072592481799,0.0,-0.0,-0.001,0.17486943980257344,13.446300022527286
2022-10-13,0.004673725722393662,-1.0,-0.004673725722393662,-0.005673725722393662,0.173877278563905,13.509144340813593
2022-10-14,-0.0180599183664939,-1.0,0.0180599183664939,0.0180599183664939,0.17701748802055728,13.265170296817317
2022-10-17,0.026194770292350844,-1.0,-0.026194770292350844,-0.026194770292350844,0.17238055558412982,13.612648385631362
2022-10-18,0.019144531981391655,-1.0,-0.019144531981391655,-0.019144531981391655,0.16908041052477937,13.87325616800152
2022-10-19,-0.018918425131045358,-1.0,0.018918425131045358,0.018918425131045358,0.1722791456124188,13.61079600986337
2022-10-20,-0.040738645543389795,0.0,-0.0,-0.001,0.1721068664668064,13.056310615654162
2022-10-21,0.014298171116386094,-1.0,-0.014298171116386094,-0.015298171116386095,0.16947394617329217,13.242991978985474
2022-10-24,0.022749321139847956,-1.0,-0.022749321139847956,-0.022749321139847956,0.16561852894695864,13.544261056367844
2022-10-25,0.03520733679093446,-1.0,-0.03520733679093446,-0.03520733679093446,0.15978754161950393,14.021118416963725
2022-10-26,-0.003427226228812752,-1.0,0.003427226228812752,0.003427226228812752,0.16033516967317982,13.973064872167818
2022-10-27,-0.001719674626784573,-1.0,0.001719674626784573,0.001719674626784573,0.160610893996248,13.949035747048736
2022-10-28,0.04717113094267589,-1.0,-0.04717113094267589,-0.04717113094267589,0.15303469648473075,14.607027538796839
2022-10-31,-0.019359807216930647,-1.0,0.019359807216930647,0.019359807216930647,0.15599741870617664,14.324238301633335
2022-11-01,0.0027096466750382575,-1.0,-0.0027096466750382575,-0.0027096466750382575,0.1555747208192649,14.36305192631981
2022-11-02,-0.005533507576795049,-1.0,0.005533507576795049,0.005533507576795049,0.15643559471567609,14.28357386965962
2022-11-03,0.011646130346791184,-1.0,-0.011646130346791184,-0.011646130346791184,0.15461372538873952,14.449922232763695
2022-11-04,0.007930476743646997,-1.0,-0.007930476743646997,-0.007930476743646997,0.1533875648352955,14.564517004978136
2022-11-07,-0.019162376579678897,-1.0,0.019162376579678897,0.019162376579678897,0.15632683511530934,14.285426245427608
2022-11-08,0.012679446246743664,0.0,0.0,-0.001,0.15617050828019402,14.466557539618329
2022-11-09,-0.0008941491937858315,1.0,-0.0008941491937858315,-0.0018941491937858315,0.15587469803784196,14.453622278857422
2022-11-10,0.06393825923386598,1.0,0.06393825923386598,0.06393825923386598,0.16584105488898607,15.377761726991388
2022-11-11,0.0013220810588072673,0.0,0.0,-0.001,0.16567521383409708,15.398092374497494
2022-11-14,-0.01980523574843418,1.0,-0.01980523574843418,-0.02080523574843418,0.16222830195260646,15.093129524944406
2022-11-15,0.015307130898899235,1.0,0.015307130898899235,0.015307130898899235,0.16471155180610114,15.324162034256771
2022-11-16,0.017006536393251004,1.0,0.017006536393251004,0.017006536393251004,0.16751272480628046,15.584772953588434
2022-11-17,-0.023363507779918802,0.0,-0.0,-0.001,0.16734521208147418,15.220657989439003
2022-11-18,0.010321744149392131,-1.0,-0.010321744149392131,-0.011321744149392132,0.16545057240566197,15.377761726991393
2022-11-21,0.004807613848702097,-1.0,-0.004807613848702097,-0.004807613848702097,0.1646551499424888,15.451692067232118
2022-11-22,0.00610077273477061,-1.0,-0.00610077273477061,-0.00610077273477061,0.1636506262930801,15.54595932890196
2022-11-23,0.01475764053709061,-1.0,-0.01475764053709061,-0.01475764053709061,0.16123552917657707,15.775381008482125
2022-11-25,0.004945740327902515,-1.0,-0.004945740327902515,-0.004945740327902515,0.1604381001176378,15.853401946523801
2022-11-28,-0.01886561538676912,-1.0,0.01886561538676912,0.01886561538676912,0.16346486360784107,15.554317762828827
2022-11-29,-0.014809406860374907,0.0,-0.0,-0.001,0.16330139874423322,15.323967542643539
2022-11-30,0.02679094443027963,-1.0,-0.02679094443027963,-0.02779094443027963,0.1587630986463453,15.73451110552991
2022-12-01,0.0015347365732729656,-1.0,-0.0015347365732729656,-0.0015347365732729656,0.1585194391123666,15.758659435186136
2022-12-02,0.004361862171963216,-1.0,-0.004361862171963216,-0.004361862171963216,0.15782799916738155,15.827396535657325
2022-12-05,-0.0005868648701519152,-1.0,0.0005868648701519152,0.0005868648701519152,0.15792062287561925,15.818107992644583
2022-12-06,0.00035220670091096196,-1.0,-0.00035220670091096196,-0.00035220670091096196,0.15786500217403043,15.823679236275325
2022-12-07,0.0012914654936655445,-1.0,-0.0012914654936655445,-0.0012914654936655445,0.15766112497106524,15.844114971991807
2022-12-08,0.005510530642371503,-1.0,-0.005510530642371503,-0.005510530642371503,0.15679232851080144,15.931424453046226
2022-12-09,-0.01457562310522953,-1.0,0.01457562310522953,0.01457562310522953,0.15907767439696618,15.699214014689186
2022-12-12,0.024139328027207085,0.0,0.0,-0.001,0.15891859672256922,16.078182491559094
2022-12-13,0.006932141881609288,1.0,0.006932141881609288,0.005932141881609288,0.15986132438595377,16.18963873378899
2022-12-14,-0.0011473707258188304,1.0,-0.0011473707258188304,-0.0011473707258188304,0.15967790418216268,16.171063216244256
2022-12-15,-0.014244496396077722,1.0,-0.014244496396077722,-0.014244496396077722,0.15740337285150663,15.94071456453972
2022-12-16,-0.019461474368788645,1.0,-0.019461474368788645,-0.019461474368788645,0.15434007114519616,15.630484756621755
2022-12-19,-0.007368821175258389,1.0,-0.007368821175258389,-0.007368821175258389,0.15320276676075054,15.515306509567607
2022-12-20,0.0,1.0,0.0,0.0,0.15320276676075054,15.515306509567607
2022-12-21,0.013529711533630584,1.0,0.013529711533630584,0.013529711533630584,0.15527555600117757,15.725224130997917
2022-12-22,-0.015475622416158075,0.0,-0.0,-0.001,0.1551202804451764,15.481866499937135
2022-12-23,0.009959057254093517,-1.0,-0.009959057254093517,-0.010959057254093518,0.15342030841050666,15.636051294810242
2022-12-27,-0.002019377234132258,-1.0,0.002019377234132258,0.002019377234132258,0.15373012188856436,15.604476208793779
2022-12-28,-0.010000116597164044,-1.0,0.010000116597164044,0.010000116597164044,0.15526744103194626,15.448429627268169
2022-12-29,0.011063025323132303,0.0,0.0,-0.001,0.1551121735909143,15.619335995437265
2022-12-30,-0.005709030635679402,1.0,-0.005709030635679402,-0.006709030635679402,0.15407152126632603,15.530164727730343
2023-01-03,0.002751124436267016,1.0,0.002751124436267016,0.002751124436267016,0.15449539119341466,15.572890143412053
2023-01-04,0.007873278994940502,1.0,0.007873278994940502,0.007873278994940502,0.1557117765117129,15.695499852268695
2023-01-05,-0.02201449272031253,1.0,-0.02201449272031253,-0.02201449272031253,0.15228386074122885,15.349971385029258
2023-01-06,0.012344324163374942,1.0,0.012344324163374942,0.012344324163374942,0.15416370208306882,15.53945640770459
2023-01-09,0.005020828013198253,1.0,0.005020828013198253,0.005020828013198253,0.15493773151710583,15.617477345746266
2023-01-10,0.005590699194431892,1.0,0.005590699194431892,0.005590699194431892,0.15580394176788562,15.704789963762188
2023-01-11,0.005440868333742799,1.0,0.005440868333742799,0.005440868333742799,0.1566516505009228,15.790237658164104
2023-01-12,0.0008238621633107623,0.0,0.0,-0.001,0.1564949988504219,15.80324663752035
2023-01-13,-0.004584580912612712,1.0,-0.004584580912612712,-0.005584580912612712,0.1556210398669225,15.730795374628665
2023-01-17,0.012517698109143938,1.0,0.012517698109143938,0.012517698109143938,0.15756905706340768,15.927708722144985
2023-01-18,-0.022626595491579193,0.0,-0.0,-0.001,0.15741148800634427,15.567318899781313
2023-01-19,-0.014439157956589677,-1.0,0.014439157956589677,0.013439157956589676,0.15952696585784334,15.342539923226767
2023-01-20,-0.00932304373108217,0.0,-0.0,-0.001,0.1593674388919855,15.199500752576649
2023-01-23,0.010388740084708914,-1.0,-0.010388740084708914,-0.011388740084708915,0.15755244455247897,15.357404415312505
2023-01-24,0.014878369599176322,-1.0,-0.014878369599176322,-0.014878369599176322,0.15520832105117344,15.585897554287547
2023-01-25,-0.08712763558274839,-1.0,0.08712763558274839,0.08712763558274839,0.1687312550871303,14.227935151947532
2023-01-26,-0.0024806096951028866,0.0,-0.0,-0.001,0.16856252383204318,14.192641198068316
2023-01-27,-0.01073308685102925,-1.0,0.01073308685102925,0.009733086851029249,0.17020315751632914,14.040310347443953
2023-01-30,-0.007012205169281027,-1.0,0.007012205169281027,0.007012205169281027,0.17139665697729312,13.941856810647296
2023-01-31,-0.005596390499692627,0.0,-0.0,-0.001,0.17122526032031582,13.863832735644115
2023-02-01,-0.005226031845159351,-1.0,0.005226031845159351,0.004226031845159351,0.1719488637231252,13.791379904271675
2023-02-02,0.018319250452670133,-1.0,-0.018319250452670133,-0.018319250452670133,0.16879888942352922,14.04402764682595
2023-02-03,-0.012301671728703889,-1.0,0.012301671728703889,0.012301671728703889,0.17087539794938728,13.871262628965857
2023-02-06,0.011249630671670507,-1.0,-0.011249630671670507,-0.011249630671670507,0.16895311283158193,14.027309210491469
2023-02-07,0.007548713297163001,-1.0,-0.007548713297163001,-0.007548713297163001,0.1676777342221531,14.133197346052123
2023-02-08,-0.013801394688747526,-1.0,0.013801394688747526,0.013801394688747526,0.16999192081266792,13.938139511265298
2023-02-09,-0.023457431275562213,-1.0,0.023457431275562213,0.023457431275562213,0.1739794946125319,13.611186561570594
2023-02-10,0.020062819034418533,0.0,0.0,-0.001,0.17380551511791936,13.884265334399094
2023-02-13,0.011774225780771364,1.0,0.011774225780771364,0.010774225780771363,0.1756781349797431,14.047741809246446
2023-02-14,0.005421674841756152,0.0,0.0,-0.001,0.17550245684476337,14.123904097597123
2023-02-15,0.011969241843628131,1.0,0.011969241843628131,0.01096924184362813,0.17742758573804446,14.292956521517473
2023-02-16,-0.01624649441894377,0.0,-0.0,-0.001,0.1772501581523064,14.060746083160433
2023-02-17,0.005020433787967793,-1.0,-0.005020433787967793,-0.006020433787967793,0.17618303531124363,14.131337127880368
2023-02-21,-0.03168120121160056,-1.0,0.03168120121160056,0.03168120121160056,0.18176472550300968,13.683639392943029
2023-02-22,0.00027143089011905097,0.0,0.0,-0.001,0.18158296077750666,13.687353555363524
2023-02-23,-0.010993635022684911,-1.0,0.010993635022684911,0.00999363502268491,0.18339763461385555,13.53687978594941
2023-02-24,0.0006861657309229496,0.0,0.0,-0.001,0.1832142369792417,13.546168328962152
2023-02-27,-0.008170912025602939,-1.0,0.008170912025602939,0.007170912025602939,0.1845280501544578,13.435483779262192
2023-02-28,-0.011550070150066705,-1.0,0.011550070150066705,0.011550070150066705,0.18665936207839684,13.28030299911163
2023-03-01,-0.016330960784742166,0.0,-0.0,-0.001,0.18647270271631844,13.063422891623643
2023-03-02,0.03349053653080292,-1.0,-0.03349053653080292,-0.03449053653080292,0.18004115915128371,13.500923933192892
2023-03-03,0.022434594181636625,-1.0,-0.022434594181636625,-0.022434594181636625,0.1760020088097332,13.80381168271122
2023-03-06,0.007720475736564758,-1.0,-0.007720475736564758,-0.007720475736564758,0.174643189571131,13.910383675879702
2023-03-07,-0.008736568915012177,-1.0,0.008736568915012177,0.008736568915012177,0.17616897183235675,13.788854650261118
2023-03-08,0.0067796074195416445,-1.0,-0.0067796074195416445,-0.0067796074195416445,0.17497461536382908,13.88233767155501
2023-03-09,-0.006599277038574325,-1.0,0.006599277038574325,0.006599277038574325,0.17612932132533296,13.790724279317383
2023-03-10,-0.010168430517734084,-1.0,0.010168430517734084,0.010168430517734084,0.17792028009136526,13.650494257693916
2023-03-13,0.0038354572742929083,0.0,0.0,-0.001,0.1777423598112739,13.702850145192281
2023-03-14,0.017192009875023784,1.0,0.017192009875023784,0.016192009875023783,0.18062036585654806,13.938429680204397
2023-03-15,0.013011304686392222,1.0,0.013011304686392222,0.013011304686392222,0.18297047246927525,14.119786835623389
2023-03-16,0.009401473372193436,0.0,0.0,-0.001,0.182787501996806,14.25253363557955
2023-03-17,-0.007346228171729696,1.0,-0.007346228171729696,-0.008346228171729697,0.18126191579820014,14.14783127146733
2023-03-20,0.003964596346420546,1.0,0.003964596346420546,0.003964596346420546,0.18198054612731887,14.203921711635964
2023-03-21,-0.00802961887496556,1.0,-0.00802961887496556,-0.00802961887496556,0.18051931169925842,14.089869633761678
2023-03-22,-0.01632170160696733,1.0,-0.01632170160696733,-0.01632170160696733,0.177572929359408,13.859898985918349
2023-03-23,-0.004316748508913948,1.0,-0.004316748508913948,-0.004316748508913948,0.1768063916813723,13.800069287637188
2023-03-24,0.025470976602817386,1.0,0.025470976602817386,0.025470976602817386,0.1813098231471171,14.151570529579853
2023-03-27,-0.0033028649582652614,0.0,-0.0,-0.001,0.18112851332396998,14.104829803173285
2023-03-28,-0.002651159221899624,1.0,-0.002651159221899624,-0.003651159221899624,0.1804671842821982,14.067435653567276
2023-03-29,0.011562936476991581,1.0,0.011562936476991581,0.011562936476991581,0.1825539148702348,14.230096518423641
2023-03-30,0.006306616618177774,0.0,0.0,-0.001,0.18237136095536458,14.319840281605005
2023-03-31,0.00639787367718192,1.0,0.00639787367718192,0.00539787367718192,0.1833557785241374,14.411456810804136
2023-04-03,-0.005319344029921957,0.0,-0.0,-0.001,0.18317242274561327,14.334797314055107
2023-04-04,0.006390979253526163,-1.0,-0.006390979253526163,-0.007390979253526163,0.1818185991692823,14.426410706292735
2023-04-05,0.015163361002216158,-1.0,-0.015163361002216158,-0.015163361002216158,0.17906161811316124,14.645163579798488
2023-04-06,0.008170681357778209,-1.0,-0.008170681357778209,-0.008170681357778209,0.17759856268815044,14.764824544841561
2023-04-10,-0.0068380836963597424,-1.0,0.0068380836963597424,0.0068380836963597424,0.1788129965241652,14.663861438841868
2023-04-11,-0.0011475988134027615,-1.0,0.0011475988134027615,0.0011475988134027615,0.17901820210679736,14.64703320885475
2023-04-12,0.0031912465972332438,-1.0,-0.0031912465972332438,-0.0031912465972332438,0.17844691087848125,14.69377550374207
2023-04-13,0.0033084412111752393,-1.0,-0.0033084412111752393,-0.0033084412111752393,0.17785652976452396,14.742388996166408
2023-04-14,-0.010526481537908916,-1.0,0.010526481537908916,0.010526481537908916,0.17972873324148678,14.587203510573591
2023-04-17,0.006665009356775942,-1.0,-0.006665009356775942,-0.006665009356775942,0.1785308395527508,14.68442735846076
2023-04-18,-0.0030556926909685034,-1.0,0.0030556926909685034,0.0030556926909685034,0.17907637493428458,14.639556261110453
2023-04-19,0.00817359665466344,-1.0,-0.00817359665466344,-0.00817359665466344,0.17761267687519244,14.759214089192023
2023-04-20,-0.002407044766463029,-1.0,0.002407044766463029,0.002407044766463029,0.17804019853952235,14.723688000161525
2023-04-21,0.0030477577568417402,-1.0,-0.0030477577568417402,-0.0030477577568417402,0.17749757514339387,14.768562234473334
2023-04-24,0.000633188396700568,-1.0,-0.000633188396700568,-0.000633188396700568,0.1773851857383706,14.777913516716152
2023-04-25,-0.015435583918615992,-1.0,0.015435583918615992,0.015435583918615992,0.1801232296587545,14.549807792486831
2023-04-26,-0.04818792264646621,0.0,-0.0,-0.001,0.17994310642909572,13.848682780061525
2023-04-27,0.02403129739513421,-1.0,-0.02403129739513421,-0.02503129739513421,0.17543889701786475,14.181484594480057
2023-04-28,0.010283533494618524,-1.0,-0.010283533494618524,-0.010283533494618524,0.1736347652441226,14.32732036631081
2023-05-01,0.0022183976587277776,-1.0,-0.0022183976587277776,-0.0022183976587277776,0.1732495742874313,14.359104060267276
2023-05-02,-0.011197859916972419,-1.0,0.011197859916972419,0.011197859916972419,0.17518959875097706,14.198312824467173
2023-05-03,-0.00724282337548221,0.0,-0.0,-0.001,0.17501440915222607,14.095476952449713
2023-05-04,0.0015920180773669745,-1.0,-0.0015920180773669745,-0.0025920180773669746,0.1745607686399038,14.117917206567123
2023-05-05,0.0,-1.0,-0.0,-0.0,0.1745607686399038,14.117917206567123
2023-05-08,0.007283623822827101,-1.0,-0.007283623822827101,-0.007283623822827101,0.17328933366690719,14.220746804661577
2023-05-09,-0.006310763029122146,-1.0,0.006310763029122146,0.006310763029122146,0.17438292158715352,14.131003041480211
2023-05-10,0.017332868483289188,-1.0,-0.017332868483289188,-0.017332868483289188,0.17136036534155166,14.375933858735147
2023-05-11,-0.010274490849668583,-1.0,0.010274490849668583,0.010274490849668583,0.1731210058472493,14.228228457848132
2023-05-12,0.024441471958289718,0.0,0.0,-0.001,0.17294788484140206,14.575987304716767
2023-05-15,-0.0053875682081501175,1.0,-0.0053875682081501175,-0.0063875682081501175,0.1718431684305223,14.497458178911476
2023-05-16,-0.021924064864696446,1.0,-0.021924064864696446,-0.021924064864696446,0.16807566765929657,14.179614965423797
2023-05-17,-0.006592775722178867,1.0,-0.006592775722178867,-0.006592775722178867,0.16696758247806337,14.086131944129907
2023-05-18,-0.0031854804092620315,1.0,-0.0031854804092620315,-0.0031854804092620315,0.16643571051509765,14.0412608467796
2023-05-19,-0.00825579043046798,1.0,-0.00825579043046798,-0.00825579043046798,0.16506165216893898,13.925339139849052
2023-05-22,0.0013427219872781393,1.0,0.0013427219872781393,0.0013427219872781393,0.16528328407856266,13.944036998892432
2023-05-23,-0.005631735329698961,1.0,-0.005631735329698961,-0.005631735329698961,0.16435245236820875,13.865507873087141
2023-05-24,0.0010787222932622242,1.0,0.0010787222932622242,0.0010787222932622242,0.16452974302253065,13.880464905537243
2023-05-25,-0.011449073994556191,1.0,-0.011449073994556191,-0.011449073994556191,0.1626460298203604,13.721546435754908
2023-05-26,0.01368550978566807,1.0,0.01368550978566807,0.01368550978566807,0.164871923653067,13.909332793775931
2023-05-30,-0.01663954865280659,0.0,-0.0,-0.001,0.16470705172941394,13.677887774025818
2023-05-31,0.010593352261214495,-1.0,-0.010593352261214495,-0.011593352261214496,0.16279754485880876,13.822782457405433
2023-06-01,-0.006806653195425616,-1.0,0.006806653195425616,0.006806653195425616,0.1639056512877294,13.728695571022062
2023-06-02,0.012198524322672988,-1.0,-0.012198524322672988,-0.012198524322672988,0.16190624421387248,13.896165397863747
2023-06-05,-0.0035205743262080036,-1.0,0.0035205743262080036,0.0035205743262080036,0.16247624718050457,13.847242914731288
2023-06-06,-0.0028538441036545237,-1.0,0.0028538441036545237,0.0028538441036545237,0.16293992906050458,13.80772504218721
2023-06-07,0.010765799168670487,-1.0,-0.010765799168670487,-0.010765799168670487,0.16118575050768177,13.95637623696762
2023-06-08,0.009842412167558212,-1.0,-0.009842412167558212,-0.009842412167558212,0.15959929391564798,14.09374064425737
2023-06-09,-0.011081396901709395,-1.0,0.011081396901709395,0.011081396901709395,0.16136787703675984,13.9375623103486
2023-06-12,-0.0012149411654950315,0.0,-0.0,-0.001,0.16120650915972307,13.920628992151105
2023-06-13,0.005001109266902448,-1.0,-0.005001109266902448,-0.006001109266902448,0.16023909128371966,13.990247578804864
2023-06-14,-0.012777454457966075,-1.0,0.012777454457966075,0.012777454457966075,0.16228653897498327,13.811487827511014
2023-06-15,0.01307899351404851,0.0,0.0,-0.001,0.16212425243600828,13.99212818722639
2023-06-16,0.016541311915860613,1.0,0.016541311915860613,0.015541311915860612,0.16464387601224198,14.223576343938007
2023-06-20,-0.01098024365548067,0.0,-0.0,-0.001,0.16447923213622972,14.067398010029237
2023-06-21,0.013643512151284343,-1.0,-0.013643512151284343,-0.014643512151284344,0.16207067850180892,14.259326725716024
2023-06-22,-0.0085775528807015,-1.0,0.0085775528807015,0.0085775528807015,0.16346084831706936,14.137016596682994
2023-06-23,-0.012777827519687479,-1.0,0.012777827519687479,0.012777827519687479,0.16554952284308666,13.95637623696762
2023-06-26,0.001618000045403356,0.0,0.0,-0.001,0.16538397332024357,13.9789576543527
2023-06-27,-0.005114997398573795,-1.0,0.005114997398573795,0.004114997398573795,0.1660645279402222,13.907455322315911
2023-06-28,-0.006359091950766671,-1.0,0.006359091950766671,0.006359091950766671,0.16712054754315475,13.819016535120126
2023-06-29,-0.008578565877531474,-1.0,0.008578565877531474,0.008578565877531474,0.16855420216974284,13.700469191410901
2023-06-30,0.019090848102306213,0.0,0.0,-0.001,0.1683856479675731,13.962022767674453
2023-07-03,0.002425962369554613,1.0,0.002425962369554613,0.0014259623695546128,0.16862575956514794,13.995894109511696
2023-07-05,0.007663267630945159,1.0,0.007663267630945159,0.007663267630945159,0.16991798389016707,14.103148391807252
2023-07-06,-0.025750595166732282,0.0,-0.0,-0.001,0.16974806590627692,13.739983926993473
2023-07-07,-0.013284042949939012,-1.0,0.013284042949939012,0.012284042949939011,0.1718332584385387,13.55746139037582
2023-07-10,-0.004718933696141292,0.0,-0.0,-0.001,0.17166142518010016,13.493484628986641
2023-07-11,0.006693788525521827,-1.0,-0.006693788525521827,-0.007693788525521827,0.17034069847677477,13.583807161565456
2023-07-12,0.017730873564038685,-1.0,-0.017730873564038685,-0.017730873564038685,0.16732040908927304,13.824659928865456
2023-07-13,0.0032666046066249788,-1.0,-0.0032666046066249788,-0.0032666046066249788,0.16677383947015964,13.869819626674111
2023-07-14,-0.006919046455340028,-1.0,0.006919046455340028,0.006919046455340028,0.16792775541298907,13.773853700349965
2023-07-17,-0.007376857181671803,0.0,-0.0,-0.001,0.16775982765757608,13.672245948761242
2023-07-18,-0.008395442768919903,-1.0,0.008395442768919903,0.007395442768919903,0.16900048586194158,13.55746139037582
2023-07-19,0.0006941479854090105,0.0,0.0,-0.001,0.16883148537607964,13.56687227488721
2023-07-20,0.027739260019723266,-1.0,-0.027739260019723266,-0.028739260019723267,0.1639793934183404,13.94320727257468
2023-07-21,0.02429146063062726,-1.0,-0.02429146063062726,-0.02429146063062726,0.15999609443888463,14.281908143101104
2023-07-24,-0.005269962291204688,-1.0,0.005269962291204688,0.005269962291204688,0.16083926782331756,14.206643025740512
2023-07-25,-0.0007946933298533798,-1.0,0.0007946933298533798,0.0007946933298533798,0.16096708571663526,14.195353101288347
2023-07-26,-0.014183597071682263,-1.0,0.014183597071682263,0.014183597071682263,0.16325017800224298,13.994011932609418
2023-07-27,-0.014791050050678045,0.0,-0.0,-0.001,0.16308692782424072,13.787025801704406
2023-07-28,-0.00573204865364263,-1.0,0.00573204865364263,0.00473204865364263,0.16385866310147815,13.70799789902001
2023-07-31,0.0061770095104320966,-1.0,-0.0061770095104320966,-0.0061770095104320966,0.16284650658113362,13.79267233241124
2023-08-01,-0.01541612238193213,-1.0,0.01541612238193213,0.01541612238193213,0.1653569682560585,13.580042807760899
2023-08-02,-0.0036025279025262424,0.0,-0.0,-0.001,0.16519161128780244,13.53112032462844
2023-08-03,-0.0251704668747601,-1.0,0.0251704668747601,0.0241704668747601,0.1691843696564225,13.190535708718986
2023-08-04,-0.013266798680056313,0.0,-0.0,-0.001,0.16901518528676607,13.015539526989318
2023-08-07,-0.007662220010225096,-1.0,0.007662220010225096,0.006662220010225096,0.17014120163621546,12.915811599581746
2023-08-08,0.0010196609428509973,-1.0,-0.0010196609428509973,-0.0010196609428509973,0.16996771529813728,12.92898134821506
2023-08-09,0.0030564127984282763,-1.0,-0.0030564127984282763,-0.0030564127984282763,0.16944822379778043,12.968497652278385
2023-08-10,-0.009140875503533707,-1.0,0.009140875503533707,0.009140875503533707,0.17099712891581084,12.84995422977104
2023-08-11,0.00922520192583276,0.0,0.0,-0.001,0.17082613178689504,12.968497652278387
2023-08-14,-0.005223391986432846,1.0,-0.005223391986432846,-0.006223391986432846,0.16976301380725917,12.900758105565403
2023-08-15,-0.017648748435030837,1.0,-0.017648748435030837,-0.017648748435030837,0.16676690908300218,12.673075871139094
2023-08-16,0.0031180067084237706,1.0,0.0031180067084237706,0.0031180067084237706,0.1672868894242661,12.712590606721669
2023-08-17,-0.0007399721740851684,1.0,-0.0007399721740851684,-0.0007399721740851684,0.16716310178100288,12.703183643412158
2023-08-18,0.004739822771522073,1.0,0.004739822771522073,0.004739822771522073,0.16795542525738275,12.76339448251603
2023-08-21,-0.011056937544739243,1.0,-0.011056937544739243,-0.011056937544739243,0.16609835261001174,12.622270426863981
2023-08-22,0.006559158491199035,1.0,0.006559158491199035,0.006559158491199035,0.16718781802990787,12.705061899112556
2023-08-23,0.005479964808426274,1.0,0.005479964808426274,0.005479964808426274,0.16810400138910933,12.77468519120857
2023-08-24,-0.009868718916227426,1.0,-0.009868718916227426,-0.009868718916227426,0.16644503025070712,12.648615413813241
2023-08-25,0.011008468057120968,1.0,0.011008468057120968,0.011008468057120968,0.16827733504948855,12.787857292563013
2023-08-28,0.0008829855287393329,1.0,0.0008829855287393329,0.0008829855287393329,0.16842592150115207,12.79914878549593
2023-08-29,-0.0006217356504030214,1.0,-0.0006217356504030214,-0.0006217356504030214,0.16832120510130283,12.791191098401175
2023-08-30,-0.006221408393987216,1.0,-0.006221408393987216,-0.006221408393987216,0.16727401014299953,12.711611874732487
2023-08-31,-0.004322522902807102,1.0,-0.004322522902807102,-0.004322522902807102,0.16655096440311204,12.656665641272362
2023-09-01,0.0010479740758242428,1.0,0.0010479740758242428,0.0010479740758242428,0.16672550549611004,12.66992949875079
2023-09-05,-0.010019639543290992,1.0,-0.010019639543290992,-0.010019639543290992,0.16505497602836602,12.542981372134397
2023-09-06,-0.007703736642399539,1.0,-0.007703736642399539,-0.007703736642399539,0.16378343596152592,12.44635354693295
2023-09-07,0.008524890544362451,1.0,0.008524890544362451,0.008524890544362451,0.1651796718260775,12.552457348596992
2023-09-08,0.008754532709229323,1.0,0.008754532709229323,0.008754532709229323,0.16662574266597868,12.66234824703649
2023-09-11,0.010474480249106799,1.0,0.010474480249106799,0.010474480249106799,0.16837106071652622,12.794979763657386
2023-09-12,0.0029616690034552917,0.0,0.0,-0.001,0.1682026896558097,12.832874258623248
2023-09-13,0.010334987528604067,1.0,0.010334987528604067,0.009334987528604066,0.16977285966602437,12.965501854042262
2023-09-14,0.012421306051736414,0.0,0.0,-0.001,0.16960308680635836,13.126550320685677
2023-09-15,-0.009237589121752765,1.0,-0.009237589121752765,-0.010237589121752766,0.16786676008985388,13.00529264223717
2023-09-18,-0.005827429150255359,1.0,-0.005827429150255359,-0.005827429150255359,0.16688852843874735,12.929505220786197
2023-09-19,-0.009525458187076175,1.0,-0.009525458187076175,-0.009525458187076175,0.1652988387392014,12.806345759426016
2023-09-20,-0.0035506648104076666,1.0,-0.0035506648104076666,-0.0035506648104076666,0.16471191796928886,12.760874718188107
2023-09-21,-0.006532962848175616,1.0,-0.006532962848175616,-0.006532962848175616,0.16363586112854375,12.677508397743962
2023-09-22,0.011806931313208091,1.0,0.011806931313208091,0.011806931313208091,0.16556789850126613,12.827190868618743
2023-09-25,-0.0033975499685195976,0.0,-0.0,-0.001,0.16540233060276485,12.783609846686872
2023-09-26,-0.03156958318229108,-1.0,0.03156958318229108,0.030569583182291082,0.1704586109066709,12.380036612261936
2023-09-27,-0.08233834449626731,0.0,-0.0,-0.001,0.17028815229576422,11.36068489280511
2023-09-28,-0.04803210331909724,-1.0,0.04803210331909724,0.04703210331909724,0.17829716226855677,10.815007302258188
2023-09-29,0.0036789296688775064,0.0,0.0,-0.001,0.17811886510628822,10.854794953491592
2023-10-02,-0.08971886600817647,-1.0,0.08971886600817647,0.08871886600817647,0.19392136883318145,9.880915059513049
2023-10-03,0.012080548631694832,0.0,0.0,-0.001,0.19372744746434828,10.000281934415142
2023-10-04,-0.040924743905683014,-1.0,0.040924743905683014,0.03992474390568301,0.20146196619186402,9.591022957264574
2023-10-05,-0.02311324449712493,0.0,-0.0,-0.001,0.20126050422567215,9.36934329867578
2023-10-06,0.015975769710128818,-1.0,-0.015975769710128818,-0.01697576971012882,0.19784395225419274,9.519025769550563
2023-10-09,-0.018312074426755975,-1.0,0.018312074426755975,0.018312074426755975,0.20146688543275507,9.344712661188344
2023-10-10,0.04582320202644885,-1.0,-0.04582320202644885,-0.04582320202644885,0.1922350276399305,9.772917317341092
2023-10-11,0.03799934759764678,-1.0,-0.03799934759764678,-0.03799934759764678,0.18493022200419754,10.144281799525798
2023-10-12,-0.010086145762765009,-1.0,0.010086145762765009,0.010086145762765009,0.18679545517927237,10.041965094637217
2023-10-13,0.028113264321710574,-1.0,-0.028113264321710574,-0.028113264321710574,0.18154402517372326,10.324277513652143
2023-10-16,-0.0020188101728222385,-1.0,0.0020188101728222385,0.0020188101728222385,0.18191052809855907,10.303434757180543
2023-10-17,-0.003861667144158032,-1.0,0.003861667144158032,0.003861667144158032,0.18261300600809371,10.263646321706764
2023-10-18,-0.017168151316540037,-1.0,0.017168151316540037,0.017168151316540037,0.1857481337276089,10.087438488596252
2023-10-19,-0.015965482173359247,0.0,-0.0,-0.001,0.1855623855938813,9.92638766923171
2023-10-20,-0.008207577460266458,-1.0,0.008207577460266458,0.0072075774602664575,0.18689984086176104,9.844916073535858
2023-10-23,-0.008468115756618766,-1.0,0.008468115756618766,0.008468115756618766,0.18848253034907203,9.761548184610959
2023-10-24,0.0698757417166902,0.0,0.0,-0.001,0.18829404781872297,10.443643604313861
2023-10-25,0.024310554167635612,1.0,0.024310554167635612,0.02331055416763561,0.1926832864198447,10.697534367864014
2023-10-26,0.019660012820520434,0.0,0.0,-0.001,0.19249060313342486,10.907848030684178
2023-10-27,-0.02310226894369871,1.0,-0.02310226894369871,-0.024102268943698713,0.1878511428475683,10.655851991882319
2023-10-30,0.01706982942093327,1.0,0.01706982942093327,0.01706982942093327,0.19105772981250366,10.837745567718462
2023-10-31,0.019230621723722363,1.0,0.019230621723722363,0.019230621723722363,0.19473188874192107,11.046162153069204
2023-11-01,0.002229791410457649,0.0,0.0,-0.001,0.19453715685317916,11.07079279055664
2023-11-02,0.02532957519954726,1.0,0.02532957519954726,0.02432957519954726,0.19927016323994473,11.351211269063649
2023-11-03,-0.008846807425210823,0.0,-0.0,-0.001,0.19907089307670478,11.25078928892336
2023-11-06,-0.005725738106626577,-1.0,0.005725738106626577,0.004725738106626577,0.20001164998203755,11.186370215962144
2023-11-07,-0.009823922620064152,-1.0,0.009823922620064152,0.009823922620064152,0.20197654895457245,11.076476180561142
2023-11-08,-0.016421468740627554,0.0,-0.0,-0.001,0.20177457240561789,10.894584173205752
2023-11-09,-0.048347763091195484,-1.0,0.048347763091195484,0.04734776309119548,0.21132814705770633,10.367855398622513
2023-11-10,0.007675572296201416,0.0,0.0,-0.001,0.21111681891064862,10.447434622291203
2023-11-13,-0.011606980327247385,-1.0,0.011606980327247385,0.010606980327247384,0.21335613085558494,10.326171454160066
2023-11-14,0.05596327209484242,0.0,0.0,-0.001,0.21314277472472937,10.904057796947221
2023-11-15,-0.009556836052771689,1.0,-0.009556836052771689,-0.01055683605277169,0.21089266139612756,10.79984950427185
2023-11-16,-0.007017524240626849,1.0,-0.007017524240626849,-0.007017524240626849,0.2094127170326099,10.7240612985805
2023-11-17,0.013604269624746257,1.0,0.013604269624746257,0.013604269624746257,0.21226162409797222,10.869954319958696
2023-11-20,-0.000522997458675345,1.0,-0.000522997458675345,-0.000522997458675345,0.2121506118079947,10.86426936147344
2023-11-21,0.011161505262415439,1.0,0.011161505262415439,0.011161505262415439,0.21451853197811427,10.985530961123825
2023-11-22,-0.0007303041677595434,0.0,-0.0,-0.001,0.21430401344613614,10.977508182077864
2023-11-24,0.0013919497240675316,1.0,0.0013919497240675316,0.00039194972406753157,0.21438800984507295,10.992788321562857
2023-11-27,0.0005214339383365907,1.0,0.0005214339383365907,0.0005214339383365907,0.2144997990293786,10.99852033447067
2023-11-28,0.01007299764517966,1.0,0.01007299764517966,0.01007299764517966,0.21666045499989303,11.109308403900254
2023-11-29,0.0034385892733945767,0.0,0.0,-0.001,0.21644379454489313,11.147508752612739
2023-11-30,0.0025703506506744578,1.0,0.0025703506506744578,0.0015703506506744578,0.21678368719849117,11.176161758988416
2023-12-01,0.011280168976935512,1.0,0.011280168976935512,0.011280168976935512,0.21922904382153327,11.30223075214337
2023-12-04,-0.008450222222345594,0.0,-0.0,-0.001,0.21900981477771173,11.206724390679529
2023-12-05,-0.007499697338891553,-1.0,0.007499697338891553,0.006499697338891553,0.22043331228801355,11.12267734958906
2023-12-06,0.033831474031110975,0.0,0.0,-0.001,0.22021287897572553,11.498973919498107
2023-12-07,-0.005813990364440413,1.0,-0.005813990364440413,-0.006813990364440413,0.21871235054025925,11.432118995929194
2023-12-08,-0.0025062914535358694,1.0,-0.0025062914535358694,-0.0025062914535358694,0.21816419364531747,11.403466773793891
2023-12-11,0.00016752883958082165,1.0,0.00016752883958082165,0.00016752883958082165,0.21820074243951695,11.405377183349703
2023-12-12,-0.0031821709861147296,1.0,-0.0031821709861147296,-0.0031821709861147296,0.21750639036777722,11.369083322991152
2023-12-13,0.05023530142953647,1.0,0.05023530142953647,0.05023530142953647,0.22843288945075294,11.940212650699129
2023-12-14,0.004319353545225502,0.0,0.0,-0.001,0.22820445656130217,11.991786650542673
2023-12-15,-0.020388715998042817,1.0,-0.020388715998042817,-0.021388715998042818,0.22332345625042477,11.747289518215638
2023-12-18,-0.008130009656727166,1.0,-0.008130009656727166,-0.008130009656727166,0.22150783439453514,11.651783940992175
2023-12-19,0.009344291005150662,1.0,0.009344291005150662,0.009344291005150662,0.2235776680590384,11.760661600865946
2023-12-20,-0.02809809868416402,1.0,-0.02809809868416402,-0.02809809868416402,0.21729556067834027,11.430209370613756
2023-12-21,-0.004010804891704134,1.0,-0.004010804891704134,-0.004010804891704134,0.21642403058062598,11.384365030956896
2023-12-22,0.002516873474960102,1.0,0.002516873474960102,0.002516873474960102,0.2169687424825383,11.413018037332575
2023-12-26,0.0076987092453155714,1.0,0.0076987092453155714,0.0076987092453155714,0.21863912174623312,11.500883544813542
2023-12-27,0.00614524461578525,1.0,0.00614524461578525,0.00614524461578525,0.2199827126319442,11.57155928749408
2023-12-28,0.007263039170544161,1.0,0.007263039170544161,0.007263039170544161,0.22158045569063256,11.655603975863425
2023-12-29,-0.004588594553260106,0.0,-0.0,-0.001,0.22135887523494194,11.602121134944822
2024-01-02,0.013664782851095625,-1.0,-0.013664782851095625,-0.014664782851095626,0.21811269539745876,11.76066160086595
2024-01-03,0.006821373829156929,-1.0,-0.006821373829156929,-0.006821373829156929,0.21662486716526766,11.840885470123668
2024-01-04,-0.0030650643661529475,-1.0,0.0030650643661529475,0.0030650643661529475,0.21728883632643853,11.804592394005494
2024-01-05,0.004530946609157649,-1.0,-0.004530946609157649,-0.004530946609157649,0.21630431221027743,11.858078371885602
2024-01-08,0.01353086783580193,-1.0,-0.01353086783580193,-0.01353086783580193,0.21337752714944613,12.018528463122168
2024-01-09,-0.014462849958731039,-1.0,0.014462849958731039,0.014462849958731039,0.2164635743091736,11.844706289235294
2024-01-10,0.004354181402574264,-1.0,-0.004354181402574264,-0.004354181402574264,0.21552105263958185,11.896280289078836
2024-01-11,-0.02504803161358271,-1.0,0.02504803161358271,0.02504803161358271,0.22091943077949075,11.59830188431395
2024-01-12,0.005269987906054263,0.0,0.0,-0.001,0.22069851134871127,11.65942479497505
2024-01-16,-0.01130417873437406,-1.0,0.01130417873437406,0.010304178734374059,0.22297262825605868,11.52762457315266
2024-01-17,-0.034465520872848265,0.0,-0.0,-0.001,0.22274965562780263,11.13031898781231
2024-01-18,-0.010640209282603341,-1.0,0.010640209282603341,0.00964020928260334,0.22489700892568248,11.011890064399852
2024-01-19,-0.006764959773094992,-1.0,0.006764959773094992,0.006764959773094992,0.2264184281441541,10.937395071088442
2024-01-22,-0.007160228137803593,-1.0,0.007160228137803593,0.007160228137803593,0.22803963574426914,10.85908082714616
2024-01-23,0.009322706337855813,-1.0,-0.009322706337855813,-0.009322706337855813,0.22591368918683372,10.960316848796683
2024-01-24,-0.006448187144110218,-1.0,0.006448187144110218,0.006448187144110218,0.22737042293312676,10.889642674596898
2024-01-25,0.017014685652964268,-1.0,-0.017014685652964268,-0.017014685652964268,0.22350178666013806,11.074926521578268
2024-01-26,0.008623585631686304,-1.0,-0.008623585631686304,-0.008623585631686304,0.22157439986403948,11.170432098801733
2024-01-29,0.01863878407987629,-1.0,-0.01863878407987629,-0.01863878407987629,0.21744452246734547,11.378635370770217
2024-01-30,-0.0048683183132370855,-1.0,0.0048683183132370855,0.0048683183132370855,0.21850311161818636,11.323240551815049
2024-01-31,-0.010964795329592159,-1.0,0.010964795329592159,0.010964795329592159,0.2208989535159588,11.199083536696659
2024-02-01,0.019102857830724185,0.0,0.0,-0.001,0.22067805456244285,11.413018037332579
2024-02-02,-0.026778128076908603,1.0,-0.026778128076908603,-0.027778128076908604,0.2145480312990443,11.10739877858482
2024-02-05,-0.03748939686052466,1.0,-0.03748939686052466,-0.03748939686052466,0.20650475500803014,10.690989097686346
2024-02-06,0.004645295733965771,1.0,0.004645295733965771,0.004645295733965771,0.20746403066551258,10.740651903733703
2024-02-07,0.0026677157618075764,1.0,0.0026677157618075764,0.0026677157618075764,0.2080174857301271,10.769304910109382
2024-02-08,-0.0015962542786459588,1.0,-0.0015962542786459588,-0.0015962542786459588,0.2076854369284972,10.752114361068577
2024-02-09,0.005151847219462713,1.0,0.005151847219462713,0.005151847219462713,0.20875540056926017,10.807507611542993
2024-02-12,0.017143703865817983,1.0,0.017143703865817983,0.017143703865817983,0.2123342413370098,10.99278832156286
2024-02-13,-0.03996506842063663,0.0,-0.0,-0.001,0.21212190709567277,10.553460784158025
2024-02-14,0.013755449705025402,-1.0,-0.013755449705025402,-0.014755449705025403,0.20899195296418852,10.698628383188469
2024-02-15,0.02249614371823183,-1.0,-0.02249614371823183,-0.02249614371823183,0.20429043995435217,10.93930626488463
2024-02-16,-0.004190647017833671,-1.0,0.004190647017833671,0.004190647017833671,0.2051465490773188,10.893463493708522
2024-02-20,-0.0073646202628925295,-1.0,0.0073646202628925295,0.0073646202628925295,0.2066573755095161,10.813237271729676
2024-02-21,0.008655610278001324,-1.0,-0.008655610278001324,-0.008655610278001324,0.20486862980603116,10.906832439397327
2024-02-22,-0.007530390770110418,-1.0,0.007530390770110418,0.007530390770110418,0.20641137064500767,10.824699729064548
2024-02-23,0.001940840481227557,0.0,0.0,-0.001,0.20620495927436266,10.84570874449585
2024-02-26,-0.019816809948999148,1.0,-0.019816809948999148,-0.02081680994899915,0.20191242982660715,10.630781395543977
2024-02-27,0.007434244101699239,1.0,0.007434244101699239,0.007434244101699239,0.20341349611710535,10.709813219430254
2024-02-28,-0.009359277619271245,1.0,-0.009359277619271245,-0.009359277619271245,0.2015096927354388,10.609577104259065
2024-02-29,0.0027252884951711742,1.0,0.0027252884951711742,0.0027252884951711742,0.20205886478271617,10.638491262679933
2024-03-01,0.00036246774409343097,1.0,0.00036246774409343097,0.00036246774409343097,0.20213210460360803,10.642347372608475
2024-03-04,-0.004347078928910841,1.0,-0.004347078928910841,-0.004347078928910841,0.20125342039082927,10.59608424859086
2024-03-05,0.00782243210131739,1.0,0.00782243210131739,0.00782243210131739,0.20282771160699442,10.6789713981653
2024-03-06,0.002346632090182821,0.0,0.0,-0.001,0.20262488389538744,10.70403101513838
2024-03-07,0.012965864834980412,-1.0,-0.012965864834980412,-0.013965864834980413,0.19979505215470086,10.842818034470103
2024-03-08,0.027733267871585143,-1.0,-0.027733267871585143,-0.027733267871585143,0.1942540824538772,11.143524811502916
2024-03-11,0.0010378397338142165,-1.0,-0.0010378397338142165,-0.0010378397338142165,0.19405247784865096,11.155090004327038
2024-03-12,-0.012441516387363127,-1.0,0.012441516387363127,0.012441516387363127,0.19646678493181335,11.016303769235693
2024-03-13,0.041819660868103625,-1.0,-0.041819660868103625,-0.041819660868103625,0.18825061061411827,11.47700185688514
2024-03-14,0.0,-1.0,-0.0,-0.0,0.18825061061411827,11.47700185688514
2024-03-15,0.009069567310116655,-1.0,-0.009069567310116655,-0.009069567310116655,0.18654325902998295,11.581093297744493
2024-03-18,0.0014979744062462164,-1.0,-0.0014979744062462164,-0.0014979744062462164,0.18626382200229827,11.598441479100863
2024-03-19,0.018281612041492368,-1.0,-0.018281612041492368,-0.018281612041492368,0.18285861907108666,11.810479686507739
2024-03-20,0.015178717868865155,-1.0,-0.015178717868865155,-0.015178717868865155,0.18008305968231636,11.989747625565203
2024-03-21,-0.013504851207696733,-1.0,0.013504851207696733,0.013504851207696733,0.18251505460835282,11.827827867864109
2024-03-22,0.006844831327848633,0.0,0.0,-0.001,0.18233253955374448,11.908787354594466
2024-03-25,0.013434793156776426,-1.0,-0.013434793156776426,-0.014434793156776426,0.17970060705953642,12.068779449451478
2024-03-26,-0.018846675767894117,-1.0,0.018846675767894117,0.018846675767894117,0.18308736613608123,11.841323076253442
2024-03-27,0.038417457889374784,0.0,0.0,-0.001,0.18290427876994514,12.29623660688989
2024-03-28,0.001881286047830999,1.0,0.001881286047830999,0.0008812860478309989,0.1830654697589137,12.319369345259261
2024-04-01,-0.008292875301624925,1.0,-0.008292875301624925,-0.008292875301624925,0.18154733064616962,12.217206351484366
2024-04-02,-0.007888938494626685,1.0,-0.007888938494626685,-0.007888938494626685,0.18011511492083834,12.120825562001343
2024-04-03,-0.005248100061220895,1.0,-0.005248100061220895,-0.005248100061220895,0.17916985277519548,12.057214256627356
2024-04-04,0.018864883449654535,1.0,0.018864883449654535,0.018864883449654535,0.18254987116549132,12.284672198306144
2024-04-05,0.007060969118426463,0.0,0.0,-0.001,0.1823673212943258,12.371413889328375
2024-04-08,0.010595226835730553,1.0,0.010595226835730553,0.009595226835730553,0.18411717710956946,12.502491825764517
2024-04-09,0.008017290998313387,0.0,0.0,-0.001,0.1839330599324599,12.602727940935706
2024-04-10,-0.02095441183160085,1.0,-0.02095441183160085,-0.02195441183160085,0.17989491778525615,12.338645189459717
2024-04-11,-0.001093607904383842,1.0,-0.001093607904383842,-0.001093607904383842,0.1796981832812077,12.325151549551135
2024-04-12,-0.013450082011764009,1.0,-0.013450082011764009,-0.013450082011764009,0.17728122797871046,12.159377250402253
2024-04-15,-0.00523139629798941,1.0,-0.00523139629798941,-0.00523139629798941,0.1763537996189596,12.095766729268641
2024-04-16,-0.01673305326369523,1.0,-0.01673305326369523,-0.01673305326369523,0.17340286209668052,11.893367620322556
2024-04-17,0.03387341579175107,1.0,0.03387341579175107,0.03387341579175107,0.17927660934396106,12.29623660688989
2024-04-18,0.0034489074930506014,0.0,0.0,-0.001,0.1790973327346171,12.338645189459715
2024-04-19,0.00453059775847886,1.0,0.00453059775847886,0.0035305977584788603,0.17972965337611949,12.394546627697748
2024-04-22,0.01570746352705954,1.0,0.01570746352705954,0.01570746352705954,0.18255275035125593,12.589233516786749
2024-04-23,0.013627302047608758,0.0,0.0,-0.001,0.18237019760090467,12.76079080446788
2024-04-24,0.005438087260386748,1.0,0.005438087260386748,0.004438087260386748,0.18317957245155148,12.830185098374118
2024-04-25,0.0051084302118042935,1.0,0.0051084302118042935,0.0051084302118042935,0.18411533251364837,12.895727203553694
2024-04-26,-0.013602625703997728,1.0,-0.013602625703997728,-0.013602625703997728,0.18161088055909813,12.720311453222891
2024-04-29,0.021669966930774054,1.0,0.021669966930774054,0.021669966930774054,0.18554638233508255,12.995960181763378
2024-04-30,-0.0066747532902925455,0.0,-0.0,-0.001,0.18536083595274747,12.909215353779642
2024-05-01,0.02448880184297364,-1.0,-0.02448880184297364,-0.02548880184297364,0.18063621033569993,13.225346570526623
2024-05-02,0.003498005857959008,-1.0,-0.003498005857959008,-0.003498005857959008,0.18000434381378613,13.271608910303863
2024-05-03,0.018736522687267776,-1.0,-0.018736522687267776,-0.018736522687267776,0.17663168834211238,13.520272711748316
2024-05-06,0.015825558759997138,-1.0,-0.015825558759997138,-0.015825558759997138,0.17383639317937677,13.734238581999275
2024-05-07,0.009824361529560788,-1.0,-0.009824361529560788,-0.009824361529560788,0.17212856160578768,13.869168707162078
2024-05-08,0.01250867692132318,-1.0,-0.01250867692132318,-0.01250867692132318,0.1699754610397288,14.042653657687294
2024-05-09,0.023747493725307933,-1.0,-0.023747493725307933,-0.023747493725307933,0.16593896984523152,14.376131487309896
2024-05-10,-0.010592712500958723,-1.0,0.010592712500958723,0.010592712500958723,0.16769671364550728,14.223849259588842
2024-05-13,0.010706119345183174,-1.0,-0.010706119345183174,-0.010706119345183174,0.16590133261542347,14.376131487309896
2024-05-14,0.011262932947079252,-1.0,-0.011262932947079252,-0.011262932947079252,0.16403279703034487,14.538048892289863
2024-05-15,0.021612444145043375,-1.0,-0.021612444145043375,-0.021612444145043375,0.1604876473665713,14.852251661952387
2024-05-16,-0.00830630182330161,-1.0,0.00830630182330161,0.00830630182330161,0.16182070620450964,14.728884376892578
2024-05-17,-0.004187937181900692,-1.0,0.004187937181900692,0.004187937181900692,0.16249840115682493,14.667200734362673
2024-05-20,-0.0028913889799346837,-1.0,0.0028913889799346837,0.0028913889799346837,0.1629682472431868,14.624792151792848
2024-05-21,0.01423482201163706,-1.0,-0.01423482201163706,-0.01423482201163706,0.16064842325013157,14.832973465030806
2024-05-22,-0.008186927964275892,-1.0,0.008186927964275892,0.008186927964275892,0.1619636403188549,14.711536979776582
2024-05-23,-0.013102642555313793,-1.0,0.013102642555313793,0.013102642555313793,0.16408579200491027,14.51877696929129
2024-05-24,0.01712672469093901,0.0,0.0,-0.001,0.16392170621290536,14.767436065293488
2024-05-28,0.012008980022667703,1.0,0.012008980022667703,0.011008980022667703,0.16572631700188487,14.94477790998762
2024-05-29,-0.01096347080509652,0.0,-0.0,-0.001,0.165560590684883,14.78093127368282
2024-05-30,0.019692213004942394,-1.0,-0.019692213004942394,-0.020692213004942395,0.1621347756772073,15.072000520735596
2024-05-31,0.02340441274644478,-1.0,-0.02340441274644478,-0.02340441274644478,0.1583401064667057,15.424751841837523
2024-06-03,-0.022577334463132148,-1.0,0.022577334463132148,0.022577334463132148,0.16191500400933248,15.076502060493544
2024-06-04,-0.00720617791884437,0.0,-0.0,-0.001,0.16175308900532315,14.967858104251803
2024-06-05,-0.001296146601945658,-1.0,0.001296146601945658,0.000296146601945658,0.1618009916329863,14.948457565831573
2024-06-06,-0.004542558112961781,-1.0,0.004542558112961781,0.004542558112961781,0.16253598204021402,14.88055332863964
2024-06-07,-0.017079466736374282,-1.0,0.017079466736374282,0.017079466736374282,0.16531200993893377,14.626401413044297
2024-06-10,0.020957613469647862,0.0,0.0,-0.001,0.16514669792899483,14.93293588031079
2024-06-11,-0.05495640680345237,1.0,-0.05495640680345237,-0.055956406803452374,0.15590568211743314,14.11227538130256
2024-06-12,-0.00659889388254431,1.0,-0.00659889388254431,-0.00659889388254431,0.1548768770654545,14.019149973620102
2024-06-13,0.012731644641713613,1.0,0.012731644641713613,0.012731644641713613,0.15684871442747023,14.197636809263122
2024-06-14,-0.0016396666313147623,1.0,-0.0016396666313147623,-0.0016396666313147623,0.1565915348242589,14.174357417943448
2024-06-17,-0.010265577130812664,1.0,-0.010265577130812664,-0.010265577130812664,0.15498403234548813,14.028849458589843
2024-06-18,-0.02586070033098442,1.0,-0.02586070033098442,-0.02586070033098442,0.15097603672891385,13.666053586752758
2024-06-20,0.028676825368842973,1.0,0.028676825368842973,0.028676825368842973,0.15530555016906894,14.057952618941318
2024-06-21,0.004830196156707212,0.0,0.0,-0.001,0.15515024461889987,14.1258552876525
2024-06-24,0.014283691841340485,1.0,0.014283691841340485,0.013283691841340484,0.15721121265752594,14.327624651576699
2024-06-25,-0.011780553635225566,0.0,-0.0,-0.001,0.15705400144486842,14.15883730090342
2024-06-26,0.0053439071205900746,-1.0,-0.0053439071205900746,-0.006343907120590075,0.15605766544678515,14.234500812374995
2024-06-27,0.004770398209742677,-1.0,-0.004770398209742677,-0.004770398209742677,0.1553132082389212,14.302405049566929
2024-06-28,-0.03947355722939261,-1.0,0.03947355722939261,0.03947355722939261,0.1614439730528208,13.737838245324895
2024-07-01,-0.012851577935561354,0.0,-0.0,-0.001,0.16128252907976798,13.561285346448967
2024-07-02,0.008154517259055138,-1.0,-0.008154517259055138,-0.00915451725905514,0.1598060653837232,13.671871081861557
2024-07-03,0.01929908027560634,-1.0,-0.01929908027560634,-0.01929908027560634,0.15672195529935393,13.935725619388144
2024-07-05,0.003619642231680542,-1.0,-0.003619642231680542,-0.003619642231680542,0.15615467789132084,13.986167960369194
2024-07-08,0.00027733492908388335,-1.0,-0.00027733492908388335,-0.00027733492908388335,0.15611137074480175,13.990046813268638
2024-07-09,0.00013890930298798843,-1.0,-0.00013890930298798843,-0.00013890930298798843,0.1560896854231031,13.991990160920238
2024-07-10,0.01081514871880418,-1.0,-0.01081514871880418,-0.01081514871880418,0.15440155226178087,14.143315615382635
2024-07-11,0.02469134844081977,-1.0,-0.02469134844081977,-0.02469134844081977,0.1505891697350818,14.492533149350535
2024-07-12,0.01740319706350335,-1.0,-0.01740319706350335,-0.01740319706350335,0.1479684367385528,14.744749559698038
2024-07-15,-0.0661842039338314,-1.0,0.0661842039338314,0.0661842039338314,0.15776160993142743,13.768880047885713
2024-07-16,0.01310386009790765,0.0,0.0,-0.001,0.15760384832149602,13.94930552573808
2024-07-17,-0.013908113260967525,-1.0,0.013908113260967525,0.012908113260967524,0.15963821664599426,13.755297004574274
2024-07-18,0.010860311646005982,0.0,0.0,-0.001,0.15947857842934826,13.904683816827323
2024-07-19,0.004604478365358933,1.0,0.004604478365358933,0.0036044783653589327,0.16005341551503507,13.96870763263906
2024-07-22,0.012499938243076159,1.0,0.012499938243076159,0.012499938243076159,0.16205407332456642,14.143315615382635
2024-07-23,-0.010836836727824872,0.0,-0.0,-0.001,0.16189201925124186,13.990046813268638
2024-07-24,0.04576360820670322,-1.0,-0.04576360820670322,-0.04676360820670322,0.15432136429118473,14.630281834424501
2024-07-25,-0.02612386771111397,-1.0,0.02612386771111397,0.02612386771111397,0.15835283519692628,14.248082287205682
2024-07-26,0.011165563371738685,-1.0,-0.011165563371738685,-0.011165563371738685,0.1565847365804405,14.407170152909224
2024-07-29,0.0010772495136319726,-1.0,-0.0010772495136319726,-0.0010772495136319726,0.15641605574911704,14.422690269949259
2024-07-30,-0.0008070405341844555,-1.0,0.0008070405341844555,0.0008070405341844555,0.15654228984630383,14.411050574289423
2024-07-31,0.02840604342404962,-1.0,-0.02840604342404962,-0.02840604342404962,0.15209554276322956,14.820411502688863
2024-08-01,0.02618136552672401,-1.0,-0.02618136552672401,-0.02618136552672401,0.14811347376315998,15.208430113497226
2024-08-02,0.010333033871440023,-1.0,-0.010333033871440023,-0.010333033871440023,0.1465830122219486,15.365579336991422
2024-08-05,-0.03181808391652796,-1.0,0.03181808391652796,0.03181808391652796,0.151247002805564,14.876676044220961
2024-08-06,0.0037817477454378245,0.0,0.0,-0.001,0.15109575580275844,14.932935880310803
2024-08-07,0.007665453477535111,-1.0,-0.007665453477535111,-0.008665453477535112,0.14978644256019663,15.04740360558434
2024-08-08,-0.00025787979653557613,-1.0,0.00025787979653557613,0.00025787979653557613,0.14982506945752785,15.043523184204142
2024-08-09,-0.0010317852627158564,-1.0,0.0010317852627158564,0.0010317852627158564,0.14997965675617952,15.028001498683356
2024-08-12,0.0015492764146463056,-1.0,-0.0015492764146463056,-0.0015492764146463056,0.14974729681129043,15.051284026964534
2024-08-13,0.006960542579264928,-1.0,-0.006960542579264928,-0.006960542579264928,0.14870497437570562,15.156049130306831
2024-08-14,-0.0014081715760873026,-1.0,0.0014081715760873026,0.0014081715760873026,0.14891437649384426,15.13470681271575
2024-08-15,-0.007691249024020297,-1.0,0.007691249024020297,0.007691249024020297,0.15005971404671514,15.018302013713617
2024-08-16,0.014984966678548206,-1.0,-0.014984966678548206,-0.014984966678548206,0.14781107423193265,15.24335076895749
2024-08-19,0.009927411973705835,-1.0,-0.009927411973705835,-0.009927411973705835,0.14634369280375625,15.394677791900635
2024-08-20,-0.004662545434168552,-1.0,0.004662545434168552,0.004662545434168552,0.1470260269204578,15.322899407251514
2024-08-21,0.00835641423067579,-1.0,-0.00835641423067579,-0.00835641423067579,0.14579741653681996,15.450943901913485
2024-08-22,-0.009040597111045101,-1.0,0.009040597111045101,0.009040597111045101,0.1471155122395606,15.311258143110926
2024-08-23,0.009376408545929804,0.0,0.0,-0.001,0.14696839672732104,15.454822754812929
2024-08-26,0.01230238869519873,1.0,0.01230238869519873,0.011302388695198728,0.1486294906730434,15.644953991558038
2024-08-27,-0.012772854546116208,0.0,-0.0,-0.001,0.14848086118237036,15.445123269843187
2024-08-28,-0.002512291073582751,-1.0,0.002512291073582751,0.0015122910735827508,0.14870540746333433,15.406320624521975
2024-08-29,0.007807524152838585,-1.0,-0.007807524152838585,-0.007807524152838585,0.14754438640290665,15.526605844904305
2024-08-30,0.012513515067020586,-1.0,-0.012513515067020586,-0.012513515067020586,0.14569808750059957,15.720898261084205
2024-09-03,-0.007204322853115008,-1.0,0.007204322853115008,0.007204322853115008,0.1467477435620353,15.60763983447038
2024-09-04,0.014387786470656971,-1.0,-0.014387786470656971,-0.014387786470656971,0.144636368362614,15.832199223719659
2024-09-05,-0.009250175178827091,-1.0,0.009250175178827091,0.009250175178827091,0.14597428010719757,15.685748607434162
2024-09-06,-0.004356938583685022,0.0,-0.0,-0.001,0.14582830582709036,15.617406764112449
2024-09-09,0.015128711097327496,-1.0,-0.015128711097327496,-0.016128711097327497,0.1434762832125925,15.853677999136154
2024-09-10,0.013671802537974953,-1.0,-0.013671802537974953,-0.013671802537974953,0.14151470379962738,16.070426354240983
2024-09-11,0.013730137699586864,-1.0,-0.013730137699586864,-0.013730137699586864,0.13957168742994225,16.29107552097578
2024-09-12,0.00035960029777015734,-1.0,-0.00035960029777015734,-0.00035960029777015734,0.13952149740958217,16.29693379658412
2024-09-13,0.014258247646571576,-1.0,-0.014258247646571576,-0.014258247646571576,0.13753216534749585,16.529299514535598
2024-09-16,-0.00011813921905134972,-1.0,0.00011813921905134972,0.00011813921905134972,0.13754841329010445,16.527346755999485
2024-09-17,0.0038988650556899263,-1.0,-0.0038988650556899263,-0.0038988650556899263,0.13701213058806205,16.59178465072972
2024-09-18,-0.008120528798141735,-1.0,0.008120528798141735,0.008120528798141735,0.13812474154019716,16.457050585660905
2024-09-19,-0.023611676734794695,0.0,-0.0,-0.001,0.13798661679865695,16.068472027224118
2024-09-20,0.005711394158625316,-1.0,-0.005711394158625316,-0.006711394158625316,0.137060534224706,16.16024540449844
2024-09-23,0.024891295064019436,-1.0,-0.024891295064019436,-0.024891295064019436,0.1336489200256867,16.562494841168775
2024-09-24,-0.006248545159664554,-1.0,0.006248545159664554,0.006248545159664554,0.1344840313380076,16.459003344197022
2024-09-25,0.003915245069469053,-1.0,-0.003915245069469053,-0.003915245069469053,0.13395749339738913,16.523444375888765
2024-09-26,-0.013708435974473243,-1.0,0.013708435974473243,0.013708435974473243,0.13579384111892817,16.296933796584124
2024-09-27,0.01294028344026188,0.0,0.0,-0.001,0.13565804727780925,16.507820739119104
2024-09-30,-0.00011838794761287463,1.0,-0.00011838794761287463,-0.0011183879476128747,0.13550632895273707,16.50586641210224
2024-10-01,0.00875433340739007,1.0,0.00875433340739007,0.00875433340739007,0.1366925965352008,16.650364269851625
2024-10-02,0.0018764836655487116,0.0,0.0,-0.001,0.1365559039386656,16.681608406429437
2024-10-03,-0.004448019466843145,1.0,-0.004448019466843145,-0.005448019466843145,0.13581194471569538,16.607408287499386
2024-10-04,-0.014109463041591663,1.0,-0.014109463041591663,-0.014109463041591663,0.13389571110112258,16.37308667405029
2024-10-07,-0.04245681431970416,1.0,-0.04245681431970416,-0.04245681431970416,0.12821092575669746,15.677937573289713
2024-10-08,0.0026155456089766993,1.0,0.0026155456089766993,0.0026155456089766993,0.12854626728058322,15.718943934067342
2024-10-09,0.00099383701312461,1.0,0.00099383701312461,0.00099383701312461,0.12867402131890568,15.73456600235625
2024-10-10,0.004467626900421129,1.0,0.004467626900421129,0.004467626900421129,0.1292488888379354,15.804862172694827
2024-10-11,0.011366300066034452,1.0,0.011366300066034452,0.011366300066034452,0.1307179704916689,15.984504978651994
2024-10-14,0.012826909820602861,1.0,0.012826909820602861,0.012826909820602861,0.13239467811109776,16.18953678254014
2024-10-15,-0.0014472288976868919,0.0,-0.0,-0.001,0.13226228343298665,16.166106817068286
2024-10-16,0.01932587208690295,1.0,0.01932587208690295,0.01832587208690295,0.1346861051211013,16.478530929558158
2024-10-17,-0.007228314058400298,0.0,-0.0,-0.001,0.1345514190159802,16.359418932778247
2024-10-18,0.007161576992753105,-1.0,-0.007161576992753105,-0.008161576992753106,0.1334532672501971,16.47657817102204
2024-10-21,-0.004147912939997611,-1.0,0.004147912939997611,0.004147912939997611,0.13400681978430914,16.408234759219578
2024-10-22,-0.003927359197218538,-1.0,0.003927359197218538,0.003927359197218538,0.13453311270047907,16.343793727527835
2024-10-23,0.015054016053330566,-1.0,-0.015054016053330566,-0.015054016053330566,0.13250784906218152,16.589833460674363
2024-10-24,-0.02530592772549667,-1.0,0.02530592772549667,0.02530592772549667,0.13586108311361011,16.170012334140512
2024-10-25,-0.01666487702858388,0.0,-0.0,-0.001,0.1357252220304965,15.900541067041376
2024-10-28,0.01768387073672595,-1.0,-0.01768387073672595,-0.01868387073672595,0.13318934952636527,16.181724179914937
2024-10-29,-0.0399419820886564,-1.0,0.0399419820886564,0.0399419820886564,0.13850919613954715,15.535394042557197
2024-10-30,-0.005907474603068841,0.0,-0.0,-0.001,0.1383706869434076,15.443619096802124
2024-10-31,0.00202290663998439,-1.0,-0.00202290663998439,-0.00302290663998439,0.13795240527506716,15.474860096418434
2024-11-01,-0.023974711097930257,-1.0,0.023974711097930257,0.023974711097930257,0.14125977433680148,15.103854796325912
2024-11-04,0.013186725773260966,0.0,0.0,-0.001,0.1411185145624647,15.303025187644215
2024-11-05,0.00357276429851372,1.0,0.00357276429851372,0.0025727642985137198,0.1414815792385903,15.357699289693887
2024-11-06,-0.05251102262800944,1.0,-0.05251102262800944,-0.05251102262800944,0.13405223682974618,14.551250794778607
2024-11-07,0.001341986722415811,1.0,0.001341986722415811,0.001341986722415811,0.13423213315168184,14.570778380139743
2024-11-08,0.03149291584048641,1.0,0.03149291584048641,0.03149291584048641,0.13845949442411673,15.029654677395863
2024-11-11,-0.013771640026753462,0.0,-0.0,-0.001,0.1383210349296926,14.822671683452356
2024-11-12,-0.021736261892036257,-1.0,0.021736261892036257,0.020736261892036256,0.14118929613517223,14.500482209801165
2024-11-13,-0.0002694452154382576,0.0,-0.0,-0.001,0.14104810683903704,14.496575124248187
2024-11-14,0.014008760249332619,-1.0,-0.014008760249332619,-0.01500876024933262,0.1389311496198677,14.699654169600219
2024-11-15,0.014213544181941318,-1.0,-0.014213544181941318,-0.014213544181941318,0.1369564455864978,14.90858835359909
2024-11-18,0.0005239284873383987,-1.0,-0.0005239284873383987,-0.0005239284873383987,0.13688469020313043,14.916399387743542
2024-11-19,0.009032613137157197,-1.0,-0.009032613137157197,-0.009032613137157197,0.13564826375212594,15.051133452812358
2024-11-20,-0.00259472832155494,-1.0,0.00259472832155494,0.00259472832155494,0.13600023414385332,15.012079850570844
2024-11-21,0.006243590075786454,-1.0,-0.006243590075786454,-0.006243590075786454,0.13515110443164813,15.105809123342782
2024-11-22,-0.010996221103549031,-1.0,0.010996221103549031,0.010996221103549031,0.13663725585836736,14.939702306274496
2024-11-25,0.008420935708750577,0.0,0.0,-0.001,0.136500618602509,15.065508578903506
2024-11-26,0.011090913633921673,1.0,0.011090913633921673,0.010090913633921672,0.13787803455580383,15.23259883340323
2024-11-27,0.013291919326090529,0.0,0.0,-0.001,0.13774015652124802,15.435069308223527
2024-11-29,0.0019104182525424562,1.0,0.0019104182525424562,0.0009104182525424562,0.13786555767385303,15.464556746359214
2024-12-02,-0.020338093611926733,1.0,-0.020338093611926733,-0.020338093611926733,0.13506163505602173,15.150037143584807
2024-12-03,-0.010120765474707083,1.0,-0.010120765474707083,-0.010120765474707083,0.13369470792298926,14.996707170721484
2024-12-04,-0.0072093790642376865,1.0,-0.0072093790642376865,-0.0072093790642376865,0.1327308520946899,14.88859022401238
2024-12-05,0.006073513405090658,1.0,0.006073513405090658,0.006073513405090658,0.13353699470415611,14.979016276320822
2024-12-06,-0.012598408212090906,0.0,-0.0,-0.001,0.13340345770945194,14.790304514656178
2024-12-09,-0.007177109857460007,-1.0,0.007177109857460007,0.006177109857460007,0.13422750552308826,14.684152874329204
2024-12-10,-0.007496563509831189,-1.0,0.007496563509831189,0.007496563509831189,0.13523375054300832,14.574072189718725
2024-12-11,-0.0021581301442986645,0.0,-0.0,-0.001,0.13509851679246532,14.54261944520091
2024-12-12,-0.010272884827919326,-1.0,0.010272884827919326,0.009272884827919325,0.13635126977910458,14.3932247905441
2024-12-13,0.005462952862729686,0.0,0.0,-0.001,0.1362149185093255,14.471854299117515
2024-12-16,-0.011274165002107983,1.0,-0.011274165002107983,-0.012274165002107984,0.13454299412379334,14.308696225862798
2024-12-17,-0.007143869536988534,1.0,-0.007143869536988534,-0.007143869536988534,0.13358183652665714,14.206476766780835
2024-12-18,-0.024214692923282377,1.0,-0.024214692923282377,-0.024214692923282377,0.13034719337503603,13.862471294351492
2024-12-19,-0.010635368117678845,1.0,-0.010635368117678845,-0.010635368117678845,0.12896090299038626,13.715038809115308
2024-12-20,0.027232362646819608,1.0,0.027232362646819608,0.027232362646819608,0.13247281306788178,14.088531719680342
2024-12-23,0.011441305708718152,0.0,0.0,-0.001,0.1323403402548139,14.249722918072177
2024-12-24,0.005794025524135993,1.0,0.005794025524135993,0.004794025524135993,0.13297478322386833,14.332286176371353
2024-12-26,-0.0074062506190023525,1.0,-0.0074062506190023525,-0.0074062506190023525,0.13198993865330486,14.226137673005883
2024-12-27,-0.0035928291597441264,1.0,-0.0035928291597441264,-0.0035928291597441264,0.13151572135291842,14.175025590743774
2024-12-30,-0.00485370610032243,1.0,-0.00485370610032243,-0.00485370610032243,0.13087738269389945,14.106224182561753
2024-12-31,-0.0009753647026722323,1.0,-0.0009753647026722323,-0.0009753647026722323,0.1307497295144417,14.0924654694061
2025-01-02,-0.0011159975189172222,1.0,-0.0011159975189172222,-0.0011159975189172222,0.1306038131407045,14.076738312906816
2025-01-03,0.005306548587371784,1.0,0.005306548587371784,0.005306548587371784,0.13129686862083167,14.151437208715974
2025-01-06,-0.010418309571138873,1.0,-0.010418309571138873,-0.010418309571138873,0.1299289771978187,14.004003154999037
2025-01-07,-0.01136991485696126,1.0,-0.01136991485696126,-0.01136991485696126,0.12845169578962745,13.84477883147008
2025-01-08,0.0032657095288115556,1.0,0.0032657095288115556,0.0032657095288115556,0.12887118171655965,13.8899918576243
2025-01-10,-0.0464194917216012,1.0,-0.0464194917216012,-0.0464194917216012,0.12288904696371485,13.245225495576202
2025-01-13,-0.006233317042884434,1.0,-0.006233317042884434,-0.006233317042884434,0.1221230405728921,13.162663805757779
2025-01-14,0.015232990819928904,1.0,0.015232990819928904,0.015232990819928904,0.12398333972884076,13.363170542676698
2025-01-15,0.019270482068983075,0.0,0.0,-0.001,0.12385935638911193,13.620685281004112
2025-01-16,0.03001877360879468,1.0,0.03001877360879468,0.02901877360879468,0.12745360301149858,14.029561548851216
2025-01-17,-0.008547089767976135,0.0,-0.0,-0.001,0.12732614940848708,13.90964962688784
2025-01-21,0.001271956041740463,1.0,0.001271956041740463,0.00027195604174046293,0.12736077652409028,13.927342089769253
2025-01-22,-0.03330994240561225,1.0,-0.03330994240561225,-0.03330994240561225,0.12311839639333878,13.46342312689578
2025-01-23,0.010804737098710548,1.0,0.010804737098710548,0.010804737098710548,0.12444865829838364,13.608891874230588
2025-01-24,0.052000465626613535,1.0,0.052000465626613535,0.052000465626613535,0.1309200464765069,14.316560588352816
2025-01-27,0.01373057128217181,0.0,0.0,-0.001,0.1307891264300304,14.513135144026727
2025-01-28,-0.04456181672754611,1.0,-0.04456181672754611,-0.04556181672754611,0.1248301362216695,13.866403475596499
2025-01-29,0.0049617341874628185,1.0,0.0049617341874628185,0.0049617341874628185,0.1254495101761862,13.93520488377852
2025-01-30,0.005783652562590946,1.0,0.005783652562590946,0.005783652562590946,0.12617506655719246,14.015801267214815
2025-01-31,0.0036462994419481642,1.0,0.0036462994419481642,0.0036462994419481642,0.12663513863196774,14.066907075553917
2025-02-03,-0.007126727659454879,1.0,-0.007126727659454879,-0.007126727659454879,0.1257326444868204,13.966656059815586
2025-02-04,-0.016185947539781753,1.0,-0.016185947539781753,-0.016185947539781753,0.12369754249911868,13.740592497525236
2025-02-05,-0.010014100878642407,1.0,-0.010014100878642407,-0.010014100878642407,0.12245882283009235,13.602992818122702
2025-02-06,0.0010114475056783867,1.0,0.0010114475056783867,0.0010114475056783867,0.12258268350099216,13.616751531278354
2025-02-07,-0.01443634509325642,1.0,-0.01443634509325642,-0.01443634509325642,0.1208130375795144,13.420175407123692
2025-02-10,0.020946307468231673,1.0,0.020946307468231673,0.020946307468231673,0.12334362461082594,13.701278527478905
2025-02-11,0.009038872026432276,0.0,0.0,-0.001,0.12322028098621512,13.825122630687291
2025-02-12,-0.014929762182988138,1.0,-0.014929762182988138,-0.01592976218298814,0.12125741121398374,13.618716837660482
2025-02-13,-0.009815215097899954,1.0,-0.009815215097899954,-0.009815215097899954,0.12006724364070398,13.485046202541453
2025-02-14,-0.007871687664386062,1.0,-0.007871687664386062,-0.007871687664386062,0.11912211180004062,13.378896130695232
2025-02-18,0.006464831009804994,1.0,0.006464831009804994,0.006464831009804994,0.11989221612235898,13.46538843327791
2025-02-19,0.008175084228422946,1.0,0.008175084228422946,0.008175084228422946,0.12087234508749155,13.575469117888389
2025-02-20,0.015638743590392412,0.0,0.0,-0.001,0.12075147274240405,13.787772398542335
2025-02-21,0.02053039595919559,1.0,0.02053039595919559,0.01953039595919559,0.12310979681771923,14.070840825279678
2025-02-24,-0.010896778508527438,0.0,-0.0,-0.001,0.12298668702090151,13.91751398937786
2025-02-25,0.006779368765316374,-1.0,-0.006779368765316374,-0.007779368765316374,0.12202992822934138,14.011865949008302
2025-02-26,-0.00378758367474874,-1.0,0.00378758367474874,0.00378758367474874,0.12249212679333359,13.95879483428707
2025-02-27,-0.022954720028981246,-1.0,0.022954720028981246,0.022954720028981246,0.12530389926962904,13.638374606924021
2025-02-28,0.019720015820082537,0.0,0.0,-0.001,0.1251785953703594,13.907323569932775
2025-03-03,0.020664171351210125,1.0,0.020664171351210125,0.019664171351210125,0.12764012871922598,14.194706887218588
2025-03-04,-0.010751082986776073,0.0,-0.0,-0.001,0.12751248859050676,14.04209841550114
2025-03-05,-0.005222238046170613,-1.0,0.005222238046170613,0.004222238046170613,0.1280508766711955,13.968767234907638
2025-03-06,-0.006668596468731747,-1.0,0.006668596468731747,0.006668596468731747,0.12890479629518303,13.875615163052396
2025-03-07,0.04027996507557985,-1.0,-0.04027996507557985,-0.04027996507557985,0.12371251560233833,14.434524457222333
2025-03-10,0.04572291035296594,-1.0,-0.04572291035296594,-0.04572291035296594,0.11805601934191272,15.094512924967603
2025-03-11,-0.02796744936329787,-1.0,0.02796744936329787,0.02796744936329787,0.1213577450848902,14.672357899074926
2025-03-12,-0.01499395531756198,-1.0,0.01499395531756198,0.01499395531756198,0.12317737769213312,14.45236122033292
2025-03-13,-0.0026055317409723333,-1.0,0.0026055317409723333,0.0026055317409723333,0.12349832025947971,14.414705134441345
2025-03-14,0.011274685715292998,-1.0,-0.011274685715292998,-0.011274685715292998,0.12210591551218747,14.57722640451079
2025-03-17,-0.019578643987298694,-1.0,0.019578643987298694,0.019578643987298694,0.12449658376074375,14.291824078414624
2025-03-18,-0.01955357231046473,0.0,-0.0,-0.001,0.124372087176983,14.012367862848903
2025-03-19,-0.00282872084641117,-1.0,0.00282872084641117,0.0018287208464111701,0.12459952900551521,13.97273078576768
2025-03-20,0.009219786744022462,-1.0,-0.009219786744022462,-0.009219786744022462,0.12345074791967872,14.101556383844096
2025-03-21,-0.0037947483494674694,-1.0,0.0037947483494674694,0.0037947483494674694,0.12391921244158743,14.048044526031582
2025-03-24,-0.01142794490594845,-1.0,0.01142794490594845,0.01142794490594845,0.1253353543741584,13.887504247151782
2025-03-25,-0.02112159864252905,-1.0,0.02112159864252905,0.02112159864252905,0.12798263742496854,13.594177956297024
2025-03-26,0.016620440126505986,0.0,0.0,-0.001,0.12785465478754357,13.820119177088726
2025-03-27,0.004302389585922439,1.0,0.004302389585922439,0.0033023895859224392,0.12827688066802567,13.879578713912439
2025-03-28,0.00599736084932867,1.0,0.00599736084932867,0.00599736084932867,0.1290462034100181,13.962819555896433
2025-03-31,0.006245696254716604,1.0,0.006245696254716604,0.006245696254716604,0.12985218679934143,14.050027085701979
2025-04-01,0.00042298662719231217,0.0,0.0,-0.001,0.1297223346125421,14.055970059270921
2025-04-02,-0.006203970554545468,-1.0,0.006203970554545468,0.005203970554545468,0.13039740582213266,13.96876723490763
2025-04-03,0.02355275512181665,-1.0,-0.02355275512181665,-0.02355275512181665,0.12732618765428383,14.297770188945066
2025-04-04,-0.0724979296664725,-1.0,0.0724979296664725,0.0724979296664725,0.13655707265154418,13.26121145139954
2025-04-07,-0.02764922181010987,0.0,-0.0,-0.001,0.13642051557889265,12.894549274509025
2025-04-08,-0.014601795100476322,-1.0,0.014601795100476322,0.013601795100476322,0.1382760794792981,12.70626570808965
2025-04-09,0.05412577357714521,-1.0,-0.05412577357714521,-0.05412577357714521,0.1307917797102663,13.394002168816755
2025-04-10,-0.012725840874292627,-1.0,0.012725840874292627,0.012725840874292627,0.13245621508652466,13.223552228546463
2025-04-11,-0.013639092266774622,-1.0,0.013639092266774622,0.013639092266774622,0.13426279762539753,13.043194979606804
2025-04-14,0.028567315925577708,-1.0,-0.028567315925577708,-0.028567315925577708,0.1304272698685809,13.415804051268141
2025-04-15,-0.0004432168588422991,-1.0,0.0004432168588422991,0.0004432168588422991,0.1304850774334394,13.409857940737695
2025-04-16,-0.029855370740845433,-1.0,0.029855370740845433,0.029855370740845433,0.13438075779636266,13.0095016603349
2025-04-17,0.010207330716044405,0.0,0.0,-0.001,0.1342463770385663,13.142293946232867
2025-04-21,-0.02458158471492289,-1.0,0.02458158471492289,0.023581584714922887,0.1374121193513727,12.819235534245125
2025-04-22,0.030302970980029764,0.0,0.0,-0.001,0.13727470723202134,13.207696456625522
2025-04-23,0.009453852615948222,1.0,0.009453852615948222,0.00845385261594822,0.13843520737485832,13.332560072322641
2025-04-24,-0.013676219974302128,0.0,-0.0,-0.001,0.13829677216748346,13.150221047952959
2025-04-25,-0.0039185119363553955,-1.0,0.0039185119363553955,0.0029185119363553955,0.1387003929478137,13.098691749810843
2025-04-28,0.0015130166370163067,-1.0,-0.0015130166370163067,-0.0015130166370163067,0.13849053694572294,13.118510288351455
2025-04-29,0.016014608135684227,-1.0,-0.016014608135684227,-0.016014608135684227,0.13627266526603668,13.328598089943346
2025-04-30,-0.005502027824692002,-1.0,0.005502027824692002,0.005502027824692002,0.13702244126207536,13.255263772388341
2025-05-01,-0.012409979811906724,-1.0,0.012409979811906724,0.012409979811906724,0.13872288699191587,13.090766216571502
2025-05-02,0.0157454747965049,-1.0,-0.0157454747965049,-0.0157454747965049,0.13653862927108626,13.296886546101467
2025-05-05,-0.014756313079780758,-1.0,0.014756313079780758,0.014756313079780758,0.13855343603209452,13.10067352524087
2025-05-06,0.006656541506541602,0.0,0.0,-0.001,0.13841488259606244,13.187878702325287
2025-05-07,0.012323414952249978,1.0,0.012323414952249978,0.011323414952249977,0.1399822117472646,13.350398403913982
2025-05-08,0.014251836448172739,0.0,0.0,-0.001,0.13984222953551734,13.54066609848451
2025-05-09,0.029127594613309826,1.0,0.029127594613309826,0.028127594613309825,0.14377565507771378,13.935073131395354
2025-05-12,-0.008818113465789645,0.0,-0.0,-0.001,0.14363187942263606,13.812192075368634
2025-05-13,0.0347252630450543,-1.0,-0.0347252630450543,-0.0357252630450543,0.13850059274860685,14.291824078414624
2025-05-14,0.0011093198008316207,-1.0,-0.0011093198008316207,-0.0011093198008316207,0.1383469512986439,14.307678281854812
2025-05-15,0.03269163181136414,-1.0,-0.03269163181136414,-0.03269163181136414,0.13382416370456393,14.775419632320661
2025-05-16,0.006036276682125363,-1.0,-0.006036276682125363,-0.006036276682125363,0.13301636402568914,14.864608153315855
2025-05-19,-0.015200050142058608,-1.0,0.015200050142058608,0.015200050142058608,0.13503821942859393,14.638665364043401
2025-05-20,0.00744646267843363,0.0,0.0,-0.001,0.13490318120916533,14.74767163933883
2025-05-21,-0.038570085466449466,1.0,-0.038570085466449466,-0.03957008546644947,0.12956505079902275,14.178852683778398
2025-05-22,-0.06429963990608711,1.0,-0.06429963990608711,-0.06429963990608711,0.12123406468823171,13.26715756192999
2025-05-23,0.012249775494868942,1.0,0.012249775494868942,0.012249775494868942,0.12271915476299297,13.429677263518684
2025-05-27,0.004132222717939893,1.0,0.004132222717939893,0.004132222717939893,0.123226257642231,13.485171681001598
2025-05-28,-0.01219886803307113,1.0,-0.01219886803307113,-0.01219886803307113,0.1217230367870442,13.320667851261751
2025-05-29,0.02648433010861062,1.0,0.02648433010861062,0.02648433010861062,0.12494678987513483,13.673456815901725
2025-05-30,0.02391643889105821,0.0,0.0,-0.001,0.12482184308525969,14.000477210268762
2025-06-02,0.0010987953470140699,1.0,0.0010987953470140699,9.879534701406987e-05,0.12483417490256225,14.015860869483383
2025-06-03,0.01140416343113948,1.0,0.01140416343113948,0.01140416343113948,0.1262578042349425,14.175700037467085
2025-06-04,-0.015081013700818824,0.0,-0.0,-0.001,0.12613154643070756,13.961916110983346
2025-06-05,0.023182581378487388,-1.0,-0.023182581378487388,-0.02418258137848739,0.12308136004475252,14.285589367425832
2025-06-06,0.009230762474177645,-1.0,-0.009230762474177645,-0.009230762474177645,0.12194522524518067,14.417456249680177
2025-06-09,-0.0036031378631042887,-1.0,0.0036031378631042887,0.0036031378631042887,0.12238461070348636,14.365508167177305
2025-06-10,0.012656476761101931,-1.0,-0.012656476761101931,-0.012656476761101931,0.12083565272220118,14.547324887456604
2025-06-11,0.0026095477987795324,-1.0,-0.0026095477987795324,-0.0026095477987795324,0.12052032631062587,14.585286827094796
2025-06-12,0.01150673352697451,-1.0,-0.01150673352697451,-0.01150673352697451,0.11913353103118549,14.753115836028668
2025-06-13,0.01273029072641041,-1.0,-0.01273029072641041,-0.01273029072641041,0.11761692654589466,14.940927289741722
2025-06-16,-0.013372410645187127,-1.0,0.013372410645187127,0.013372410645187127,0.11918974838649117,14.741131074603413
2025-06-17,-0.026023397724068587,-1.0,0.026023397724068587,0.026023397724068587,0.12229147061338451,14.357516757746382
2025-06-18,-0.004035603679488187,0.0,-0.0,-0.001,0.12216917914277113,14.299575510290508
2025-06-20,-0.0005588564097703808,-1.0,0.0005588564097703808,-0.00044114359022961926,0.12211528499246868,14.291584100859586
2025-06-23,-0.011184146337849699,-1.0,0.011184146337849699,0.011184146337849699,0.12348104020991267,14.131744932875886
2025-06-24,0.009472653757063076,0.0,0.0,-0.001,0.12335755916970276,14.26561005960815
2025-06-25,-0.014846000248263436,1.0,-0.014846000248263436,-0.015846000248263437,0.12140283525647448,14.053822809121579
2025-06-26,0.009240916725724357,1.0,0.009240916725724357,0.009240916725724357,0.12252470874734639,14.183693015378758
2025-06-27,-0.0014087217113883943,0.0,-0.0,-0.001,0.12240218403859904,14.163712139080326
2025-06-30,-0.020736392538336035,1.0,-0.020736392538336035,-0.021736392538336036,0.1197416021187864,13.87000784436436
2025-07-01,0.05243460982564985,1.0,0.05243460982564985,0.05243460982564985,0.12602020630578317,14.59727629396231
2025-07-02,-0.0005475663918877993,0.0,-0.0,-0.001,0.1258941860994774,14.589283316050635
2025-07-03,0.011777514643277254,1.0,0.011777514643277254,0.010777514643277253,0.127251012533668,14.761108813940341
2025-07-07,0.011775897938250957,0.0,0.0,-0.001,0.12712376152113433,14.93493412478872
2025-07-08,-0.030635342002251487,1.0,-0.030635342002251487,-0.03163534200225149,0.12310215784880059,14.477397310094721
2025-07-09,0.016422822290818262,1.0,0.016422822290818262,0.016422822290818262,0.1251238427107677,14.715157033351977
2025-07-10,0.013441891152967678,0.0,0.0,-0.001,0.12499871886805694,14.91295657249312
2025-07-11,-0.003215326540595309,1.0,-0.003215326540595309,-0.004215326540595309,0.12447180845087201,14.86500654742684
2025-07-14,0.00860210810473161,1.0,0.00860210810473161,0.00860210810473161,0.12554252840315785,14.992876940725347
2025-07-15,-0.004531087568769965,0.0,-0.0,-0.001,0.1254169858747547,14.92494290239913
2025-07-16,0.0009370985843053514,-1.0,-0.0009370985843053514,-0.0019370985843053514,0.12517404080896885,14.938929045263805
2025-07-17,0.005483461631097475,-1.0,-0.005483461631097475,-0.005483461631097475,0.12448765375898344,15.020846089493197
2025-07-18,0.010242061840814332,-1.0,-0.010242061840814332,-0.010242061840814332,0.12321264351076605,15.174690524043141
2025-07-21,0.0028968130508528755,-1.0,-0.0028968130508528755,-0.0028968130508528755,0.12285571951701398,15.218648765595843
2025-07-22,0.017986052680072806,-1.0,-0.017986052680072806,-0.017986052680072806,0.12064603007373272,15.492372184013375
2025-07-23,-0.060871729157864984,-1.0,0.060871729157864984,0.060871729157864984,0.12798996254035258,14.549324700415271
2025-07-24,-0.011672625732773279,0.0,-0.0,-0.001,0.12786197257781223,14.37949587852273
2025-07-25,-0.001667360036545329,-1.0,0.001667360036545329,0.0006673600365453289,0.12794730254850453,14.355520081749214
2025-07-28,-0.007098279158699761,-1.0,0.007098279158699761,0.007098279158699761,0.12885550821959643,14.253620592740637
2025-07-29,0.008550615442056708,-1.0,-0.008550615442056708,-0.008550615442056708,0.12775371432121987,14.375497821086142
2025-07-30,-0.013342480941845758,-1.0,0.013342480941845758,0.013342480941845758,0.12945826581980074,14.183693015378756
2025-07-31,0.000985961439574412,0.0,0.0,-0.001,0.12932880755398093,14.19767758976268
2025-08-01,-0.00928780872363777,-1.0,0.00928780872363777,0.008287808723637768,0.1304006599734445,14.065812275989085
2025-08-04,0.0018464964739377532,-1.0,-0.0018464964739377532,-0.0018464964739377532,0.13015987561460438,14.09178474875977
2025-08-05,0.009216022567234416,-1.0,-0.009216022567234416,-0.009216022567234416,0.12896031926359175,14.22165495501695
2025-08-06,-0.008991355941605939,-1.0,0.008991355941605939,0.008991355941605939,0.13011984739643384,14.093782993237689
2025-08-07,0.02891985166978328,0.0,0.0,-0.001,0.1299897275490374,14.501373106868236
2025-08-08,-0.0023422230730875127,1.0,-0.0023422230730875127,-0.0033422230730875127,0.12955527288235866,14.467407656185879
2025-08-11,0.0005523732807448667,1.0,0.0005523732807448667,0.0005523732807448667,0.12962683575347847,14.475399065616799
2025-08-12,-0.008143630951800485,1.0,-0.008143630951800485,-0.008143630951800485,0.12857120264165248,14.357516757746378
2025-08-13,0.006123048932937358,1.0,0.006123048932937358,0.006123048932937358,0.12935845040679392,14.445428535409528
2025-08-14,-0.0008300920473816031,1.0,-0.0008300920473816031,-0.0008300920473816031,0.12925107098584962,14.433437500061265
2025-08-15,0.043881790145962274,1.0,0.043881790145962274,0.043881790145962274,0.13492283935899155,15.066802575523816
2025-08-18,0.00411087462659987,0.0,0.0,-0.001,0.13478791651963257,15.128740311935527
2025-08-19,0.010433079805098222,1.0,0.010433079805098222,0.009433079805098221,0.13605938169292517,15.286579666960558
2025-08-20,-0.00431320980912786,1.0,-0.00431320980912786,-0.00431320980912786,0.13547252903318338,15.220645441593009
2025-08-21,-0.0013125421923525504,1.0,-0.0013125421923525504,-0.0013125421923525504,0.1352947156229226,15.20066770225608
2025-08-22,0.003154468343464112,1.0,0.003154468343464112,0.003154468343464112,0.1357214985203931,15.248617727322364
2025-08-25,-0.013102578785244012,1.0,-0.013102578785244012,-0.013102578785244012,0.1339431968931783,15.048821512184054
2025-08-26,-0.0063730122639785725,1.0,-0.0063730122639785725,-0.0063730122639785725,0.13308957525670156,14.95291518812848
2025-08-27,-0.012693720744227477,1.0,-0.012693720744227477,-0.012693720744227477,0.13140017335442514,14.76310705841826
2025-08-28,-0.0168159721030674,1.0,-0.0168159721030674,-0.0168159721030674,0.1291905517049589,14.514851061969301
2025-08-29,-0.0005547821431901578,1.0,-0.0005547821431901578,-0.0005547821431901578,0.12911887909380412,14.506798481789057
2025-09-02,0.008327540783282572,1.0,0.008327540783282572,0.008327540783282572,0.1301941218253495,14.627604437781017
2025-09-03,-0.014040040875104687,0.0,-0.0,-0.001,0.13006392770352415,14.422232273569708
2025-09-04,-0.010609967359551664,-1.0,0.010609967359551664,0.009609967359551663,0.13131383780341013,14.26921285989526
2025-09-05,0.00042319439439997275,0.0,0.0,-0.001,0.13118252396560673,14.275251510790069
2025-09-08,-0.015938010777333034,-1.0,0.015938010777333034,0.014938010777333033,0.13314212992240274,14.047732398361957
2025-09-09,0.004299894141164051,0.0,0.0,-0.001,0.13300898779248033,14.108136160598313
2025-09-10,0.013843476737280147,1.0,0.013843476737280147,0.012843476737280146,0.13471728563304222,14.303441815343938
2025-09-11,0.00394131258144137,0.0,0.0,-0.001,0.13458256834740917,14.359816150528667
2025-09-12,0.004486829890514077,1.0,0.004486829890514077,0.003486829890514077,0.1350518348694651,14.424246202855146
2025-09-15,-0.0019541518631861488,1.0,-0.0019541518631861488,-0.0019541518631861488,0.13478792307472823,14.39605903526278
2025-09-16,-0.023356713725980693,1.0,-0.023356713725980693,-0.023356713725980693,0.1316397201417523,14.05981440559383
2025-09-17,0.006873851652783314,1.0,0.006873851652783314,0.006873851652783314,0.1325445920496206,14.156459484083548
2025-09-18,0.006826924387300259,1.0,0.006826924387300259,0.006826924387300259,0.1334494639574889,14.253104562573267
2025-09-19,0.004096749671296029,1.0,0.004096749671296029,0.004096749671296029,0.1339961730050914,14.311495964004937
2025-09-22,0.01786697517171487,1.0,0.01786697517171487,0.01786697517171487,0.13639027930127817,14.56719910706391
2025-09-23,-0.0004146452129312195,0.0,-0.0,-0.001,0.13625388902197688,14.56115888768835
2025-09-24,0.020879599922745573,1.0,0.020879599922745573,0.019879599922745572,0.13896256182365196,14.865190059674815
2025-09-25,0.011106474371521013,0.0,0.0,-0.001,0.1388235992618283,15.030289912100383
2025-09-26,0.01607510446422955,1.0,0.01607510446422955,0.01507510446422955,0.14091637952280073,15.271903392565052
2025-09-29,0.004746245384368075,0.0,0.0,-0.001,0.14077546314327793,15.34438759355253
2025-09-30,-0.009447649903986166,1.0,-0.009447649903986166,-0.010447649903986167,0.13930469038928545,15.199419191577576
2025-10-01,0.04212470806568391,1.0,0.04212470806568391,0.04212470806568391,0.14517285980411457,15.839690287790734
2025-10-02,-0.006228495475725904,0.0,-0.0,-0.001,0.14502768694431045,15.74103284849633
2025-10-03,0.024046998723675328,1.0,0.024046998723675328,0.023046998723675327,0.14837013986021355,16.119557445313454
2025-10-06,0.025605859351092386,0.0,0.0,-0.001,0.14822176972035334,16.532312566060003
2025-10-07,0.013396633029215899,1.0,0.013396633029215899,0.012396633029215898,0.15005922060651752,16.753789890631804
2025-10-08,0.009974778917646754,0.0,0.0,-0.001,0.149909161385911,16.92090524082356
2025-10-09,-0.003926646487616092,1.0,-0.003926646487616092,-0.004926646487616092,0.14917061194250764,16.854462827692398
2025-10-10,-0.004300593957131782,1.0,-0.004300593957131782,-0.004300593957131782,0.14852908971020604,16.781978626704923
2025-10-13,0.011397716082752085,1.0,0.011397716082752085,0.011397716082752085,0.15022198210475257,16.97325485439892
2025-10-14,0.004033188861172432,1.0,0.004033188861172432,0.004033188861172432,0.15082785572968072,17.041711196815523
2025-10-15,0.013586980781689517,1.0,0.013586980781689517,0.013586980781689517,0.15287715090682333,17.27325659933376
2025-10-16,-0.008625653346113649,0.0,-0.0,-0.001,0.15272427375591652,17.124263475749437
2025-10-17,-0.0061141780363132,-1.0,0.0061141780363132,0.0051141780363132,0.15350533288237092,17.01956268011797
2025-10-20,0.0028392811491968484,-1.0,-0.0028392811491968484,-0.0028392811491968484,0.1530694880844168,17.067886003603203
2025-10-21,-0.009201331214197639,-1.0,0.009201331214197639,0.009201331214197639,0.1544779311430692,16.91083873135788
2025-10-22,-0.013692222761821249,0.0,-0.0,-0.001,0.15432345321192614,16.679291760358893
2025-10-23,0.00494938754714469,-1.0,-0.00494938754714469,-0.00594938754714469,0.15340532318115474,16.761844039292807
2025-10-24,0.01393398788678435,-1.0,-0.01393398788678435,-0.01393398788678435,0.1512677752661803,16.995403371096483
2025-10-27,0.019192045319573525,-1.0,-0.019192045319573525,-0.019192045319573525,0.1483646372678807,17.321579922818998
2025-10-28,-0.028594725966492596,-1.0,0.028594725966492596,0.028594725966492596,0.15260708341367385,16.82627409161929
2025-10-29,-0.021658403208947852,0.0,-0.0,-0.001,0.15245447633026019,16.461843862838727
2025-10-30,-0.0014676896284250285,-1.0,0.0014676896284250285,0.00046768962842502846,0.1525257777076468,16.437682985336487
2025-10-31,-0.002939789234793211,-1.0,0.002939789234793211,0.002939789234793211,0.1529741713469802,16.389359661851252
2025-11-03,0.004668206944956621,-1.0,-0.004668206944956621,-0.004668206944956621,0.15226005625789923,16.4658685844481
2025-11-04,-0.0011004029063514942,-1.0,0.0011004029063514942,0.0011004029063514942,0.15242760366632666,16.44774949480217
2025-11-05,0.0055085524412952225,-1.0,-0.0055085524412952225,-0.0055085524412952225,0.15158794821802973,16.538352785435574
2025-11-06,-0.0017042567344696113,-1.0,0.0017042567344696113,0.0017042567344696113,0.15184629299964475,16.51016718632396
2025-11-07,0.023536473125765234,-1.0,-0.023536473125765234,-0.023536473125765234,0.14827236680521153,16.898758292606768
2025-11-10,0.01000829221105759,-1.0,-0.01000829221105759,-0.01000829221105759,0.14678841363139986,17.06788600360321
2025-11-11,0.011678679850153362,-1.0,-0.011678679850153362,-0.011678679850153362,0.14507411874288684,17.267216379958207
2025-11-12,0.001515867190849507,-1.0,-0.001515867190849507,-0.001515867190849507,0.1448542056460431,17.293391186745886
2025-11-13,-0.02212130930578815,-1.0,0.02212130930578815,0.02212130930578815,0.14805857033338346,16.910838731357888
2025-11-14,-0.0013097231337488857,0.0,-0.0,-0.001,0.1479105117630501,16.888690214660333
2025-11-17,0.022293842785176654,-1.0,-0.022293842785176654,-0.023293842785176655,0.14446510755576658,17.265204019153522
2025-11-18,-0.012944696285665303,-1.0,0.012944696285665303,0.012944696285665303,0.14633516449695194,17.04171119681553
2025-11-19,-0.004371424966178483,-1.0,0.004371424966178483,0.004371424966178483,0.14697485768846377,16.967214635023367
2025-11-20,0.00035599357381221886,-1.0,-0.00035599357381221886,-0.00035599357381221886,0.1469225355836147,16.973254854398927
2025-11-21,-0.0030214956167660123,-1.0,0.0030214956167660123,0.0030214956167660123,0.14736646138088474,16.921970239254108
2025-11-24,0.008984160837686161,-1.0,-0.008984160837686161,-0.008984160837686161,0.14604249738975822,17.073999941574105
2025-11-25,0.007123386632343909,-1.0,-0.007123386632343909,-0.007123386632343909,0.1450021802160979,17.195624644518553
2025-11-26,0.008369700333003882,-1.0,-0.008369700333003882,-0.008369700333003882,0.14378855542005695,17.339546869831988
2025-11-28,0.008767801342289161,-1.0,-0.008767801342289161,-0.008767801342289161,0.14252784593083914,17.49157657215199
2025-12-01,-0.019005690767412986,-1.0,0.019005690767412986,0.019005690767412986,0.14523668609634616,17.159137076787143
2025-12-02,-0.0008268758981397895,0.0,-0.0,-0.001,0.14509144941024982,17.144948599905472
2025-12-03,0.004374468880818716,-1.0,-0.004374468880818716,-0.005374468880818716,0.14431165993052156,17.219948644018995
2025-12-04,-0.018363667100717573,-1.0,0.018363667100717573,0.018363667100717573,0.14696175121223765,16.90372723962878
2025-12-05,-0.0031178975783358043,0.0,-0.0,-0.001,0.1468147894610254,16.851023149403492
2025-12-08,-0.031035789719805362,-1.0,0.031035789719805362,0.03003578971980536,0.15122448760503426,16.328038338375034
2025-12-09,-0.011297299986993359,0.0,-0.0,-0.001,0.15107326311742922,16.143575591067282
2025-12-10,0.02046705501447077,-1.0,-0.02046705501447077,-0.02146705501447077,0.14783016506687174,16.473987040819924
2025-12-11,-0.0007382547843508558,-1.0,0.0007382547843508558,0.0007382547843508558,0.14793930139350372,16.461825041069705
2025-12-12,0.005418090505407314,-1.0,-0.005418090505407314,-0.005418090505407314,0.147137752869247,16.551016699026402
2025-12-15,0.0,-1.0,-0.0,-0.0,0.147137752869247,16.551016699026402
2025-12-16,-0.004041598671753688,-1.0,0.004041598671753688,0.004041598671753688,0.14773242461580816,16.484124131919444
2025-12-17,-0.012666119358164751,-1.0,0.012666119358164751,0.012666119358164751,0.14960362113906306,16.275334248149747
2025-12-18,0.006974801512957818,0.0,0.0,-0.001,0.149454017517924,16.388851474087637
2025-12-19,-0.016202900409326593,1.0,-0.016202900409326593,-0.017202900409326594,0.1468829749387894,16.12330454582975
2025-12-22,0.006286256387427969,1.0,0.006286256387427969,0.006286256387427969,0.1478063189782028,16.224659772017418
2025-12-23,-0.003123493115167686,1.0,-0.003123493115167686,-0.003123493115167686,0.14734464695849608,16.173982158923582
2025-12-24,0.008271626177113411,1.0,0.008271626177113411,0.008271626177113411,0.1485634267973355,16.3077672931375
2025-12-26,-0.0004970581429145637,0.0,-0.0,-0.001,0.14841486337053816,16.29966138461169
2025-12-29,-0.0017412422587130827,1.0,-0.0017412422587130827,-0.0027412422587130827,0.1480080222752457,16.27127972540609
2025-12-30,0.0032391833706690853,1.0,0.0032391833706690853,0.0032391833706690853,0.1484874473997253,16.32398538411213
2025-12-31,-0.0031044877768120482,1.0,-0.0031044877768120482,-0.0031044877768120482,0.14802646993426283,16.273307771018295
2026-01-02,0.00809661188348687,1.0,0.00809661188348687,0.00809661188348687,0.1492249828098032,16.40506642810076
2026-01-05,0.004819102937813291,0.0,0.0,-0.001,0.1490757578269934,16.484124131919444
2026-01-06,-0.0033201986904940473,1.0,-0.0033201986904940473,-0.004320198690494047,0.1484317209332448,16.429393564562705
2026-01-07,-0.033066093044223255,1.0,-0.033066093044223255,-0.033066093044223255,0.14352366383815196,15.886137708296712
2026-01-08,0.014291158687092409,1.0,0.014291158687092409,0.014291158687092409,0.1455747832934159,16.113169023210983
2026-01-09,0.005032071118510784,1.0,0.005032071118510784,0.005032071118510784,0.14630732595601015,16.194251635680367
2026-01-12,0.015396228944267287,1.0,0.015396228944267287,0.015396228944267287,0.14855990704265243,16.443582041444376
2026-01-13,0.006410293097021347,0.0,0.0,-0.001,0.14841134713560977,16.54899022189495
2026-01-14,0.004164641576014594,1.0,0.004164641576014594,0.003164641576014594,0.14888101585510746,16.61791083461411
2026-01-15,0.00256151327019416,1.0,0.00256151327019416,0.00256151327019416,0.1492623765529003,16.66047783373988
2026-01-16,0.017520350124571094,1.0,0.017520350124571094,0.017520350124571094,0.1518775056505327,16.952375238629656
2026-01-20,-0.0014348431507704706,0.0,-0.0,-0.001,0.15172562814488216,16.928051239129218
2026-01-21,0.004071292274866467,1.0,0.004071292274866467,0.003071292274866467,0.15219162189450283,16.996970283367627
2026-01-22,0.014549882979707052,1.0,0.014549882979707052,0.014549882979707052,0.15440599218355966,17.244274212000185
2026-01-23,-0.003056415019738079,0.0,-0.0,-0.001,0.1542515861913761,17.191568553294147
2026-01-26,0.007782202697832696,1.0,0.007782202697832696,0.006782202697832696,0.15529775171538823,17.32535682446957
2026-01-27,0.019655986068375375,0.0,0.0,-0.001,0.15514245396367285,17.665903796840976
2026-01-28,0.004819291228579159,1.0,0.004819291228579159,0.003819291228579159,0.15573498817727657,17.751040932054014
2026-01-29,0.006965943520155449,1.0,0.006965943520155449,0.006965943520155449,0.15681982930903157,17.87469368061067
2026-01-30,-0.003175449183292378,1.0,-0.003175449183292378,-0.003175449183292378,0.15632185591012815,17.817933499160972
2026-02-02,-0.017861099410695136,1.0,-0.017861099410695136,-0.017861099410695136,0.153529775701653,17.499685617639305
2026-02-03,0.028842817748314875,1.0,0.028842817748314875,0.028842817748314875,0.15795800704115542,18.004425860561682
2026-02-04,0.012947500608725848,0.0,0.0,-0.001,0.15780004903411426,18.237538175351062
2026-02-05,-0.008447288578697587,1.0,-0.008447288578697587,-0.009447288578697588,0.15630926643315635,18.08348042741886
2026-02-06,0.0029144881947269496,1.0,0.0029144881947269496,0.0029144881947269496,0.1567648279449022,18.136184517644146
2026-02-09,0.0001118231682211146,1.0,0.0001118231682211146,0.0001118231682211146,0.15678235788462863,18.138212563256353
2026-02-10,0.015087089526012676,1.0,0.015087089526012676,0.015087089526012676,0.1591477473541334,18.41186540004005
2026-02-11,0.005835077285639478,0.0,0.0,-0.001,0.15898859960677927,18.519300057622075
2026-02-12,0.006239096656452059,1.0,0.006239096656452059,0.005239096656452059,0.15982155624739317,18.634843760691417
2026-02-13,0.02034151839973397,0.0,0.0,-0.001,0.15966173469114578,19.01390477792569
2026-02-17,-0.0116204597435281,1.0,-0.0116204597435281,-0.0126204597435281,0.1576467301958943,18.792954462886527
2026-02-18,-0.01607160428686283,1.0,-0.01607160428686283,-0.01607160428686283,0.15511309433106807,18.490921535377982
2026-02-19,0.004604266750586339,1.0,0.004604266750586339,0.004604266750586339,0.15582727639387717,18.576058670591024
2026-02-20,0.005892591999979713,1.0,0.005892591999979713,0.005892591999979713,0.15674550295613435,18.6855198053045
2026-02-23,0.020394886886598185,1.0,0.020394886886598185,0.020394886886598185,0.15994230975890764,19.066608868150976
2026-02-24,0.01722304028430166,0.0,0.0,-0.001,0.15978236744914873,19.394993840772162
2026-02-25,-0.005957317415883678,1.0,-0.005957317415883678,-0.006957317415883678,0.15867071080134365,19.279451706183576
2026-02-26,-0.03280414585333313,1.0,-0.03280414585333313,-0.03280414585333313,0.15346565366156434,18.647005760441637
2026-02-27,0.026300454099724924,1.0,0.026300454099724924,0.026300454099724924,0.1575018700415746,19.13743047954144
2026-03-02,-0.011304248834115627,0.0,-0.0,-0.001,0.15734436817153302,18.921096203355113
2026-03-03,-0.001294336131317686,-1.0,0.001294336131317686,0.00029433613131768597,0.15739068030414527,18.896605944894972
2026-03-04,0.00010798730016237101,-1.0,-0.00010798730016237101,-0.00010798730016237101,0.1573736841095085,18.898646538353194
2026-03-05,-0.015874742945771292,-1.0,0.015874742945771292,0.015874742945771292,0.15987195089117595,18.598635382533846
2026-03-06,-0.0012070597944515704,0.0,-0.0,-0.001,0.15971207894028477,18.576185717531924
2026-03-09,0.010876751372449256,-1.0,-0.010876751372449256,-0.011876751372449257,0.15781521828753403,18.778234271029962
2026-03-10,-0.005108148480769348,-1.0,0.005108148480769348,0.005108148480769348,0.15862136185507178,18.68231226216687
2026-03-11,0.0013109633645558283,-1.0,-0.0013109633645558283,-0.0013109633645558283,0.15841341506084383,18.706804089107763
2026-03-12,0.0007636645265669539,-1.0,-0.0007636645265669539,-0.0007636645265669539,0.15829244035522955,18.721089811796052
2026-03-13,0.011446645728555804,-1.0,-0.011446645728555804,-0.011446645728555804,0.15648052286897468,18.935383494524157
2026-03-16,0.0004310646169505272,-1.0,-0.0004310646169505272,-0.0004310646169505272,0.15641306965232396,18.943545868357035
2026-03-17,-0.003124285870418353,-1.0,0.003124285870418353,0.003124285870418353,0.15690174879578747,18.884360815664905
2026-03-18,-0.016967491274433533,-1.0,0.016967491274433533,0.016967491274433533,0.15956397784942336,18.563940588301858
2026-03-19,0.015941118077558825,0.0,0.0,-0.001,0.15940441387157395,18.859870557204765
2026-03-20,-0.03149008690075061,1.0,-0.03149008690075061,-0.032490086900750614,0.1542253506125233,18.26597159442148
2026-03-23,0.008156438895704055,1.0,0.008156438895704055,0.008156438895704055,0.15548328026096286,18.414956875602044
2026-03-24,0.015405046729592753,1.0,0.015405046729592753,0.015405046729592753,0.15787850745905335,18.69864014679413
2026-03-25,-0.005020677770528503,0.0,-0.0,-0.001,0.1577206289515943,18.60476029987001
2026-03-26,0.0,-1.0,-0.0,-0.001,0.15756290832264272,18.60476029987001
2026-03-27,0.002632687340810458,-1.0,-0.002632687340810458,-0.002632687340810458,0.15714809444852043,18.65374081679029
2026-03-30,0.007111570695455205,-1.0,-0.007111570695455205,-0.007111570695455205,0.1560305246651937,18.786398213343592
2026-03-31,0.009016778113603241,-1.0,-0.009016778113603241,-0.009016778113603241,0.15462363204533855,18.955790997587105
2026-04-01,-0.0003229504047306264,-1.0,0.0003229504047306264,0.0003229504047306264,0.1546735678098885,18.949669217212445
2026-04-02,0.0032310439791469747,-1.0,-0.0032310439791469747,-0.0032310439791469747,0.15417381070988317,19.01089643184355
2026-04-06,-0.004508860137056092,-1.0,0.004508860137056092,0.004508860137056092,0.154868958859171,18.92517895875231
2026-04-07,0.01013688957254022,-1.0,-0.01013688957254022,-0.01013688957254022,0.1532990693250013,19.117021407997743
2026-04-08,0.0053379318639990014,-1.0,-0.0053379318639990014,-0.0053379318639990014,0.15248076933812998,19.219066765716246
2026-04-09,0.00329192925237054,-1.0,-0.00329192925237054,-0.00329192925237054,0.15197881343312183,19.28233457380557
2026-04-10,-0.004233653211522914,-1.0,0.004233653211522914,0.004233653211522914,0.1526222390246964,19.20069985611152
2026-04-13,-0.018920089717096467,-1.0,0.018920089717096467,0.018920089717096467,0.1555098654798678,18.83742089220285
2026-04-14,-0.010725913842147383,0.0,-0.0,-0.001,0.15535435561438793,18.635372338704816
2026-04-15,-0.0007666759166043979,-1.0,0.0007666759166043979,-0.0002333240833956021,0.1553181077017627,18.621085047535775
2026-04-16,0.006466531649288676,-1.0,-0.006466531649288676,-0.006466531649288676,0.1543137382426016,18.741498883339762
2026-04-17,0.0016334663255117565,-1.0,-0.0016334663255117565,-0.0016334663255117565,0.1540616719476185,18.772112490655314
2026-04-20,0.00032611036065910426,-1.0,-0.00032611036065910426,-0.00032611036065910426,0.1540114308402159,18.778234271029973
2026-04-21,-0.015324445442308043,-1.0,0.015324445442308043,0.015324445442308043,0.1563715706096186,18.490468244440695
2026-04-22,-0.006622485659240618,0.0,-0.0,-0.001,0.15621519903900896,18.36801538365924
2026-04-23,0.06944441005046231,-1.0,-0.06944441005046231,-0.07044441005046231,0.14521071150179043,19.643571375775274
2026-04-24,-0.010077892370680575,-1.0,0.010077892370680575,0.010077892370680575,0.14667412942337543,19.445605577674428
2026-04-27,-0.004722879578064831,-1.0,0.004722879578064831,0.004722879578064831,0.14736685367385952,19.353766324208525
2026-04-28,0.017715926017774386,-1.0,-0.017715926017774386,-0.017715926017774386,0.14475611339670125,19.696636216573495
2026-04-29,-0.024246244160990194,-1.0,0.024246244160990194,0.024246244160990194,0.14826590546591367,19.219066765716253
2026-04-30,0.0393968123365287,0.0,0.0,-0.001,0.14811763956044777,19.976236732368392
2026-05-01,-0.009501460500836889,1.0,-0.009501460500836889,-0.01050146050083689,0.14656218801912652,19.786433308100428
2026-05-04,-0.014852916334490152,1.0,-0.014852916334490152,-0.014852916334490152,0.1443853121026786,19.492547069617242
2026-05-05,0.008061935387519759,1.0,0.008061935387519759,0.008061935387519759,0.14554933715975726,19.649694724630685
2026-05-06,-0.009243883149322007,1.0,-0.009243883149322007,-0.009243883149322007,0.1442038960945912,19.46805524267635
2026-05-07,-0.0217003707527349,1.0,-0.0217003707527349,-0.0217003707527349,0.1410746180853497,19.045591226075548
2026-05-08,-0.002357465802498626,1.0,-0.002357465802498626,-0.002357465802498626,0.14074203949761294,19.000691896071707
2026-05-11,0.018689501153781984,1.0,0.018689501153781984,0.018689501153781984,0.1433724380071892,19.355805349185996
2026-05-12,-0.002635959055077297,0.0,-0.0,-0.001,0.14322906556918202,19.304784238807496
2026-05-13,0.002748710975531088,-1.0,-0.002748710975531088,-0.003748710975531088,0.14269214119906776,19.357847511124966
2026-05-14,0.008750681222533307,-1.0,-0.008750681222533307,-0.008750681222533307,0.141443487758474,19.52724186384923
2026-05-15,-0.02424749479528998,-1.0,0.02424749479528998,0.02424749479528998,0.14487313799172527,19.053755168389177
2026-05-18,-0.0462725054237747,0.0,-0.0,-0.001,0.14472826485373355,18.172090179016614
2026-05-19,0.011455497514153423,-1.0,-0.011455497514153423,-0.012455497514153424,0.14292560231062013,18.38026051288931
2026-05-20,-0.01987564632779315,-1.0,0.01987564632779315,0.01987564632779315,0.14576634103333283,18.014940955522423
2026-05-21,0.016087101769790113,-1.0,-0.016087101769790113,-0.016087101769790113,0.14342138307051966,18.30474914405067
2026-05-22,-0.012710480705451555,-1.0,0.012710480705451555,0.012710480705451555,0.1452443377927867,18.072086983237085
2026-05-26,-0.010163744540568453,0.0,-0.0,-0.001,0.14509909345499392,17.888406907824532
2026-05-27,0.0,-1.0,-0.0,-0.001,0.1449539943615389,17.888406907824532
2026-05-28,-0.004563642061333861,-1.0,0.004563642061333861,0.004563642061333861,0.1456155125071656,17.80677062164973
2026-05-29,-0.0027506681565678814,-1.0,0.0027506681565678814,0.0027506681565678814,0.14601605246052135,17.757790104729448
2026-06-01,-0.038501366850238306,-1.0,0.038501366850238306,0.038501366850238306,0.1516378700623275,17.074090913457727
2026-06-02,0.024145325389125727,0.0,0.0,-0.001,0.15148623219226517,17.486350394286678
2026-06-03,-0.01283839365889372,1.0,-0.01283839365889372,-0.013838393658893722,0.14938990607728603,17.261853744267473
2026-06-04,0.013005361610931132,1.0,0.013005361610931132,0.013005361610931132,0.15133277582684418,17.486350394286678
2026-06-05,0.009205557904133466,1.0,0.009205557904133466,0.009205557904133466,0.15272587845751145,17.64732200537325
2026-06-08,-0.021318665886899346,0.0,-0.0,-0.001,0.15257315257905393,17.271104643742174
2026-06-09,0.009760738887906628,-1.0,-0.009760738887906628,-0.010760738887906629,0.150931352722846,17.43968338647545
2026-06-10,0.003418612628405926,-1.0,-0.003418612628405926,-0.003418612628405926,0.1504153768944053,17.499302908335856
2026-06-11,-0.003289548868143699,-1.0,0.003289548868143699,0.003289548868143699,0.1509101756272197,17.441738096260437
2026-06-12,0.01355494549173275,-1.0,-0.01355494549173275,-0.01355494549173275,0.14886459642244493,17.678159905436324
2026-06-15,0.0015118605191555279,-1.0,-0.0015118605191555279,-0.0015118605191555279,0.14863953391641382,17.70488681744867
2026-06-16,0.0012772945522918633,-1.0,-0.0012772945522918633,-0.0012772945522918633,0.1484496774494872,17.727501172929543
2026-06-17,-0.005798445790734075,-1.0,0.005798445790734075,0.005798445790734075,0.14931045485683,17.624709218373138
2026-06-18,0.011897779110303874,-1.0,-0.011897779110303874,-0.011897779110303874,0.14753399204608444,17.834404115536678
2026-06-22,-0.007723321832222574,-1.0,0.007723321832222574,0.007723321832222574,0.14867344454784892,17.696663272866473
2026-06-23,0.004065967317333774,-1.0,-0.004065967317333774,-0.004065967317333774,0.14806894318136193,17.76861732735981
2026-06-24,0.013768395663594557,-1.0,-0.013768395663594557,-0.013768395663594557,0.14603027138615063,18.0132626811179
2026-06-25,0.00091296734937929,-1.0,-0.00091296734937929,-0.00091296734937929,0.14589695051635407,18.029708201801554
2026-06-26,0.00980616465538886,-1.0,-0.00980616465538886,-0.00980616465538886,0.14446626099687157,18.206510489117036
2026-06-29,0.0011292469091301882,-1.0,-0.0011292469091301882,-0.0011292469091301882,0.14430312291816727,18.22707013481292
2026-06-30,-0.010038427501479208,-1.0,0.010038427501479208,0.010038427501479208,0.14575169935581836,18.044099012700222
2026-07-01,-0.01595071151908234,-1.0,0.01595071151908234,0.01595071151908234,0.14807654266565906,17.756282794726882
2026-07-02,0.022808770738247386,0.0,0.0,-0.001,0.1479284661229934,18.161281778155296
2026-07-06,-0.01018784167753417,1.0,-0.01018784167753417,-0.011187841677534172,0.14627346586440887,17.976257514738364
2026-07-07,0.011779491657574859,1.0,0.011779491657574859,0.011779491657574859,0.14799649293528325,18.188008690167642
2026-07-08,-0.011642350684808678,0.0,-0.0,-0.001,0.14784849644234796,17.976257514738364
2026-07-09,-0.003888425866787837,-1.0,0.003888425866787837,0.002888425866787837,0.14827554586383773,17.906358170030018
2026-07-10,0.009873715561626417,-1.0,-0.009873715561626417,-0.009873715561626417,0.1468115152992333,18.0831604573455
2026-07-13,0.004774876913561155,-1.0,-0.004774876913561155,-0.004774876913561155,0.14611050838418607,18.1695053227375
2026-07-14,0.01312518327855594,-1.0,-0.01312518327855594,-0.01312518327855594,0.14419278118272064,18.407983410179128
2026-07-15,-0.004914032129856194,-1.0,0.004914032129856194,0.004914032129856194,0.14490134914234584,18.317525988255646
2026-07-16,0.002805836187220745,-1.0,-0.002805836187220745,-0.002805836187220745,0.14449477969334515,18.36892196553385
2026-07-17,-0.00615551686352378,-1.0,0.00615551686352378,0.00615551686352378,0.14538421974643867,18.255851756610255
2026-07-20,-0.009009043066040445,-1.0,0.009009043066040445,0.009009043066040445,0.146693992443257,18.091384001927704
2026-07-21,-0.0007954510775479706,-1.0,0.0007954510775479706,0.0007954510775479706,0.1468106803376158,18.076993191029036
2026-07-22,0.016831608686420862,-1.0,-0.016831608686420862,-0.016831608686420862,0.14433962041518583,18.381258066647533
2026-07-23,0.004250052990200315,-1.0,-0.004250052990200315,-0.004250052990200315,0.1437261693798359,18.459379387457332
2026-07-24,-0.00011139476699506545,-1.0,0.00011139476699506545,0.00011139476699506545,0.14374217972298506,18.45732310919159
2026-07-27,-0.010581387404309694,-1.0,0.010581387404309694,0.010581387404309694,0.14526317141297387,18.26201902292672
