Date,retorno_mensual_activo,posicion,retorno_estrategia_bruto,retorno_estrategia_neto,equity_estrategia,equity_buy_and_hold
2008-03-17,0.011230934533957626,0.0,0.0,0.0,1.0,1.8618136817034334
2008-03-18,0.00048272265687865357,1.0,0.00048272265687865357,-0.0005172773431213465,0.9994827226568787,1.8627124213504784
2008-03-19,-0.0217181434670215,-1.0,0.0217181434670215,0.0197181434670215,1.0191906663750363,1.8222577657457857
2008-03-20,0.000986617507221066,1.0,0.000986617507221066,-0.0010133824927789341,1.0181578363969281,1.82405563716014
2008-03-24,0.02530001444609553,1.0,0.02530001444609553,0.02530001444609553,1.0439172443661757,1.8702042711307736
2008-03-25,0.003044261139506954,1.0,0.003044261139506954,0.003044261139506954,1.0470952010660608,1.875897661316317
2008-03-26,0.0014375043569843093,-1.0,-0.0014375043569843093,-0.0034375043569843094,1.043495806750219,1.8785942723777158
2008-03-27,0.009251987507468584,-1.0,-0.009251987507468584,-0.009251987507468584,1.03384139658207,1.8959750031173566
2008-03-28,-0.020704884764034537,1.0,-0.020704884764034537,-0.02270488476403454,1.0103681468083856,1.8567190591623217
2008-03-31,0.012588711626667859,1.0,0.012588711626667859,0.012588711626667859,1.0230873800453273,1.8800927599698543
2008-04-01,0.03426826460304788,-1.0,-0.03426826460304788,-0.036268264603047884,0.9859817762338043,1.944520276146776
2008-04-02,0.013561734704217399,1.0,0.013561734704217399,0.011561734704217399,0.9973814359538127,1.97089134425885
2008-04-03,0.00015180327568797836,-1.0,-0.00015180327568797836,-0.0021518032756879784,0.9952352673128169,1.9711905320209335
2008-04-04,0.002584739820230997,1.0,0.002584739820230997,0.0005847398202309968,0.9958172210041129,1.9762855466823104
2008-04-07,-0.0028814492702725625,-1.0,0.0028814492702725625,0.0008814492702725624,0.9966949833668919,1.9705909801359724
2008-04-08,0.005931179454443658,1.0,0.005931179454443658,0.003931179454443658,1.000613170207851,1.9822789088704669
2008-04-09,-0.002268122279207696,1.0,-0.002268122279207696,-0.002268122279207696,0.9983436571836338,1.9777828579136543
2008-04-10,-0.012878837594623271,1.0,-0.012878837594623271,-0.012878837594623271,0.9854861513591435,1.9523113136891543
2008-04-11,-0.004757817479649207,1.0,-0.004757817479649207,-0.004757817479649207,0.9807973881222548,1.943022572795167
2008-04-14,-0.004472803153070415,-1.0,0.004472803153070415,0.002472803153070415,0.9832227069961269,1.934331815305082
2008-04-15,0.007900861269896975,-1.0,-0.007900861269896975,-0.007900861269896975,0.975454400790738,1.9496147026277553
2008-04-16,0.03504457930907434,-1.0,-0.03504457930907434,-0.03504457930907434,0.9412700116798414,2.017938129696131
2008-04-17,-0.0005941251082711707,1.0,-0.0005941251082711707,-0.0025941251082711708,0.93882823950888,2.016739221986341
2008-04-18,-0.012778610058203466,1.0,-0.012778610058203466,-0.012778610058203466,0.9268313195245663,1.990968097879493
2008-04-21,0.002558866988646269,-1.0,-0.002558866988646269,-0.004558866988646269,0.9226060188179424,1.9960627204206047
2008-04-22,-0.0036031301843555408,-1.0,0.0036031301843555408,0.0036031301843555408,0.9259302884126134,1.9888706465827903
2008-04-23,0.020189789482390363,1.0,0.020189789482390363,0.01818978948239036,0.9427727654342078,2.0290255262450025
2008-04-24,-0.010633495268526527,1.0,-0.010633495268526527,-0.010633495268526527,0.9327477956936675,2.0074498929119566
2008-04-25,-0.005373500212424109,1.0,-0.005373500212424109,-0.005373500212424109,0.9277356752153695,1.9966628604859635
2008-04-28,-0.0028521402982797373,1.0,-0.0028521402982797373,-0.0028521402982797373,0.925089642909936,1.990968097879493
2008-04-29,0.00722479870525361,1.0,0.00722479870525361,0.00722479870525361,0.9317732293642752,2.005352441615254
2008-04-30,-0.00941431634652723,-1.0,0.00941431634652723,0.0074143163465272294,0.9386816908500072,1.986473419343607
2008-05-01,0.019007872119510827,-1.0,-0.019007872119510827,-0.019007872119510827,0.920839349309404,2.0242320520672976
2008-05-02,0.013323296411939411,1.0,0.013323296411939411,0.011323296411939411,0.9312662862094119,2.0512014957035385
2008-05-05,-0.018992164482402374,1.0,-0.018992164482402374,-0.018992164482402374,0.9135795237248068,2.012244739510587
2008-05-06,-0.006850260040380363,1.0,-0.006850260040380363,-0.006850260040380363,0.907321266419725,1.998460339780052
2008-05-07,-0.027290424629447863,1.0,-0.027290424629447863,-0.027290424629447863,0.8825600837838024,1.9439215085023438
2008-05-08,0.007707773886338032,-1.0,-0.007707773886338032,-0.009707773886338032,0.8739923900493216,1.958904815942669
2008-05-09,-0.0019889210133529067,1.0,-0.0019889210133529067,-0.003988921013352907,0.8705061034391434,1.9550087089910824
2008-05-12,0.007050712156426275,1.0,0.007050712156426275,0.007050712156426275,0.876643791404905,1.968792912661485
2008-05-13,-0.014915979545859437,1.0,-0.014915979545859437,-0.014915979545859437,0.8635677905433048,1.9394264378461932
2008-05-14,0.0037082498399210184,1.0,0.0037082498399210184,0.0037082498399210184,0.8667701156643479,1.946618315623875
2008-05-15,-0.01000636539801869,1.0,-0.01000636539801869,-0.01000636539801869,0.8580968971709275,1.9271397414672669
2008-05-16,0.0009331256555635825,1.0,0.0009331256555635825,0.0009331256555635825,0.8588976094006372,1.928938005001886
2008-05-19,0.025166839423318654,1.0,0.025166839423318654,0.025166839423318654,0.8805133476174953,1.9774832780313052
2008-05-20,-0.004394659346233287,-1.0,0.004394659346233287,0.002394659346233287,0.8826218771348509,1.968792912661485
2008-05-21,0.005022814180074331,1.0,0.005022814180074331,0.003022814180074331,0.8852898790606979,1.978681793620831
2008-05-22,0.008026777857278011,-1.0,-0.008026777857278011,-0.010026777857278011,0.8764132741040598,1.9945642328284658
2008-05-23,-0.016225628308500384,-1.0,0.016225628308500384,0.016225628308500384,0.8906336301343081,1.962201174949162
2008-05-27,0.004886712442646823,1.0,0.004886712442646823,0.0028867124426468233,0.8932046333162564,1.9717898878457623
2008-05-28,0.005319542964166368,1.0,0.005319542964166368,0.005319542964166368,0.8979560737389747,1.9822789088704666
2008-05-29,0.01889567804611536,-1.0,-0.01889567804611536,-0.020895678046115362,0.8791926727225713,2.0197354129300877
2008-05-30,0.0017807892590013807,1.0,0.0017807892590013807,-0.0002192107409986193,0.8789999442453033,2.0233321360594583
2008-06-02,-0.015551033788222202,-1.0,0.015551033788222202,0.013551033788222202,0.8909113021896169,1.9918672296468019
2008-06-03,-0.00992925714340831,-1.0,0.00992925714340831,0.00992925714340831,0.8997573896010265,1.9720894677281104
2008-06-04,0.00038265781652402353,1.0,0.00038265781652402353,-0.0016173421834759765,0.8983021740199305,1.9728441031778212
2008-06-05,0.008869614578724594,1.0,0.008869614578724594,0.008869614578724594,0.9062697680787177,1.990342469996918
2008-06-06,-0.029710213881545267,-1.0,0.029710213881545267,0.027710213881545265,0.9313826971865574,1.9312089695157866
2008-06-09,0.0029682992583313084,-1.0,-0.0029682992583313084,-0.0029682992583313084,0.928618074617276,1.936941375667683
2008-06-10,0.005607266813727918,1.0,0.005607266813727918,0.003607266813727918,0.9319678477804708,1.947802322763601
2008-06-11,-0.006195947766615251,1.0,-0.006195947766615251,-0.006195947766615251,0.9261934236754582,1.935733841312066
2008-06-12,0.021041076599153108,1.0,0.021041076599153108,0.021041076599153108,0.9456815304486453,1.976463765342686
2008-06-13,0.02915610957983339,1.0,0.02915610957983339,0.02915610957983339,0.9732539247780306,2.0340897594655876
2008-06-16,-0.0038563538318618917,1.0,-0.0038563538318618917,-0.0038563538318618917,0.9695007132758382,2.0262455896273215
2008-06-17,0.005956177066318569,1.0,0.005956177066318569,0.005956177066318569,0.9752752311900312,2.038314267138989
2008-06-18,-0.007253106443949275,1.0,-0.007253106443949275,-0.007253106443949275,0.9682014561260627,2.023530156793209
2008-06-19,0.006113089984688402,1.0,0.006113089984688402,0.006113089984688402,0.9741201587506676,2.0359001787284168
2008-06-20,-0.015856707299457096,1.0,-0.015856707299457096,-0.015856707299457096,0.9586738205188576,2.003617505503408
2008-06-23,0.007076930032018591,1.0,0.007076930032018591,0.007076930032018591,0.9654582880701975,2.017796966400783
2008-06-24,-0.012409678649594746,-1.0,0.012409678649594746,0.010409678649594746,0.9755083985985963,1.9927567544676223
2008-06-25,-0.0015139696859742813,1.0,-0.0015139696859742813,-0.0035139696859742813,0.9720804916575075,1.9897397811498378
2008-06-26,-0.03229759317030301,-1.0,0.03229759317030301,0.030297593170303005,1.001532190922535,1.9254759751834927
2008-06-27,-0.004700410677534461,1.0,-0.004700410677534461,-0.006700410677534461,0.9948215139365831,1.916425447350404
2008-06-30,0.03243062024933385,1.0,0.03243062024933385,0.03243062024933385,1.0270841926709278,1.9785763132695848
2008-07-01,0.0019826231130373184,1.0,0.0019826231130373184,0.0019826231130373184,1.0291205135303525,1.9824990843991812
2008-07-02,0.0007603081938141187,1.0,0.0007603081938141187,0.0007603081938141187,1.0299029622892117,1.9840063946972788
2008-07-03,-0.01383800603535179,1.0,-0.01383800603535179,-0.01383800603535179,1.015651158881227,1.9565517022332812
2008-07-07,-0.0029297514015198534,1.0,-0.0029297514015198534,-0.0029297514015198534,1.0126755534750393,1.9508194921415172
2008-07-08,0.02072399616164966,-1.0,-0.02072399616164966,-0.022723996161649662,0.9896635180848761,1.9912482678087293
2008-07-09,0.01606025571875791,1.0,0.01606025571875791,0.01406025571875791,1.003578440224675,2.023228224189271
2008-07-10,0.015061107559557252,1.0,0.015061107559557252,0.015061107559557252,1.0186934430573515,2.053700282091318
2008-07-11,-0.002350105476460751,1.0,-0.002350105476460751,-0.002350105476460751,1.0162994060179877,2.048873869811366
2008-07-14,-0.006332108224965771,1.0,-0.006332108224965771,-0.006332108224965771,1.0098640881901133,2.035900178728416
2008-07-15,-0.009780278619345384,1.0,-0.009780278619345384,-0.009780278619345384,0.9999873360399428,2.015988507739277
2008-07-16,-0.009428737230368411,1.0,-0.009428737230368411,-0.009428737230368411,0.9905587182147261,1.9969802818403608
2008-07-17,-0.026891920416668658,1.0,-0.026891920416668658,-0.026891920416668658,0.9639206919964584,1.9432776470274533
2008-07-18,0.012419840468394616,1.0,0.012419840468394616,0.012419840468394616,0.9758924332152389,1.9674128453893316
2008-07-21,0.00322071060720841,1.0,0.00322071060720841,0.00322071060720841,0.9790355003263896,1.9737493128092352
2008-07-22,0.00489129846337466,1.0,0.00489129846337466,0.00489129846337466,0.9838242551647254,1.9834035097900657
2008-07-23,-0.030118614489761164,1.0,-0.030118614489761164,-0.030118614489761164,0.9541928316977426,1.9236661441010596
2008-07-24,-0.008782857619842988,1.0,-0.008782857619842988,-0.008782857619842988,0.9458122919150665,1.9067708582493077
2008-07-25,-0.0020571822002071194,1.0,-0.0020571822002071194,-0.0020571822002071194,0.9438665837034018,1.9028482831798437
2008-07-28,0.005867023745053324,1.0,0.005867023745053324,0.005867023745053324,0.949404271362152,1.9140123392404937
2008-07-29,0.004886311464813886,1.0,0.004886311464813886,0.004886311464813886,0.9540433563380522,1.9233647996775198
2008-07-30,0.006587920419780735,1.0,0.006587920419780735,0.006587920419780735,0.9603285180466278,1.9360357739160028
2008-07-31,0.005609889673654944,-1.0,-0.005609889673654944,-0.007609889673654944,0.9530205239738284,1.9468967210119208
2008-08-01,-0.05098367589450259,1.0,-0.05098367589450259,-0.05298367589450259,0.9025259934107901,1.8476367695877791
2008-08-04,-0.026126965191529905,1.0,-0.026126965191529905,-0.026126965191529905,0.8789457281964954,1.7993636280221685
2008-08-05,-0.010730897180104892,1.0,-0.010730897180104892,-0.010730897180104892,0.8695138519603264,1.7800548419402422
2008-08-06,-0.03033893016365996,1.0,-0.03033893016365996,-0.03033893016365996,0.843133731929367,1.7260498824031325
2008-08-07,0.03286161371681562,1.0,0.03286161371681562,0.03286161371681562,0.870840466939647,1.7827706668946193
2008-08-08,0.016246490836501426,-1.0,-0.016246490836501426,-0.018246490836501428,0.8549506843395781,1.8117344341979063
2008-08-11,0.010657624935232146,-1.0,-0.010657624935232146,-0.010657624935232146,0.8458389406077669,1.8310432202798326
2008-08-12,-0.02718736267548627,-1.0,0.02718736267548627,0.02718736267548627,0.8688350706511192,1.7812619841755946
2008-08-13,0.017784584389436864,-1.0,-0.017784584389436864,-0.017784584389436864,0.853383200016622,1.812940988252861
2008-08-14,-0.015643036524174314,-1.0,0.015643036524174314,0.015643036524174314,0.8667327045835987,1.784581086157449
2008-08-15,0.009805307786139528,-1.0,-0.009805307786139528,-0.009805307786139528,0.8582341236468434,1.8020794529765458
2008-08-18,0.0073664007568763346,-1.0,-0.0073664007568763346,-0.0073664007568763346,0.8519120271488342,1.8153542924229036
2008-08-19,0.00581693544702877,-1.0,-0.00581693544702877,-0.00581693544702877,0.846956509880362,1.8259140911554141
2008-08-20,0.0046266355174808815,-1.0,-0.0046266355174808815,-0.0046266355174808815,0.8430379508099879,1.8343619301414227
2008-08-21,0.004934204021988187,1.0,0.004934204021988187,0.0029342040219881866,0.8455115961559432,1.8434130461549085
2008-08-22,0.005073448111118539,1.0,0.005073448111118539,0.005073448111118539,0.8498012553663894,1.8527655065919344
2008-08-25,-0.014492614063131959,1.0,-0.014492614063131959,-0.014492614063131959,0.8374854137419993,1.8259140911554144
2008-08-26,0.005122607237106891,1.0,0.005122607237106891,0.005122607237106891,0.8417755225834055,1.8352675318931024
2008-08-27,0.005712690601958892,1.0,0.005712690601958892,0.005712690601958892,0.8465843257002268,1.8457518474746284
2008-08-28,0.006916138396273697,1.0,0.006916138396273697,0.006916138396273697,0.8524394200608856,1.8585173226969407
2008-08-29,-0.01782500712339896,1.0,-0.01782500712339896,-0.01782500712339896,0.8372446813260342,1.8253892381809074
2008-09-02,-0.01764906039018499,1.0,-0.01764906039018499,-0.01764906039018499,0.8224680993839499,1.7931728332806587
2008-09-03,-0.03644059966969293,-1.0,0.03644059966969293,0.03444059966969293,0.8507943939359258,1.7278285399245092
2008-09-04,-0.0079154651874761,-1.0,0.0079154651874761,0.0079154651874761,0.8575288273428255,1.7141519732668091
2008-09-05,-0.02375903166319171,1.0,-0.02375903166319171,-0.02575903166319171,0.835439715127202,1.6734253822584404
2008-09-08,0.015619079709993766,1.0,0.015619079709993766,0.015619079709993766,0.8484885146306683,1.6995627466926617
2008-09-09,-0.03165224657928367,1.0,-0.03165224657928367,-0.03165224657928367,0.8216319469458883,1.645767767557381
2008-09-10,0.011634105886696222,1.0,0.011634105886696222,0.011634105886696222,0.831190900016549,1.6649148040300552
2008-09-11,0.011865836663778495,1.0,0.011865836663778495,0.011865836663778495,0.8410536754725645,1.6846704111537827
2008-09-12,0.009922467195981222,-1.0,-0.009922467195981222,-0.011922467195981222,0.8310262406166834,1.7013864980444964
2008-09-15,-0.045194385587910224,-1.0,0.045194385587910224,0.045194385587910224,0.8685839609687852,1.6244933806178092
2008-09-16,-0.00898072514061743,1.0,-0.00898072514061743,-0.01098072514061743,0.8590462792318382,1.6099042520737283
2008-09-17,-0.05569163533374466,1.0,-0.05569163533374466,-0.05569163533374466,0.8112045871140484,1.5202460515449934
2008-09-18,0.052378595065745825,1.0,0.052378595065745825,0.052378595065745825,0.8536943436979707,1.5998744038791675
2008-09-19,0.06326045900544863,-1.0,-0.06326045900544863,-0.06526045900544863,0.7979818589778859,1.7010831930196322
2008-09-22,-0.04234461236738929,1.0,-0.04234461236738929,-0.04434461236738929,0.7625956627653028,1.629051484606535
2008-09-23,-0.006529715349903875,1.0,-0.006529715349903875,-0.006529715349903875,0.7576161301603741,1.618414242121716
2008-09-24,0.009390184941081348,1.0,0.009390184941081348,0.009390184941081348,0.7647302857369264,1.633611451166519
2008-09-25,0.03162719647977563,1.0,0.03162719647977563,0.03162719647977563,0.7889165607379631,1.685278001504174
2008-09-26,-0.002344422573094529,1.0,-0.002344422573094529,-0.002344422573094529,0.7870670069446809,1.6813269977155079
2008-09-29,-0.0670645372994535,1.0,-0.0670645372994535,-0.0670645372994535,0.7342827223002701,1.568569580564638
2008-09-30,-0.02538231748545694,1.0,-0.02538231748545694,-0.02538231748545694,0.7156449251187591,1.5287556494727164
2008-10-01,-0.002187016243850537,-1.0,0.002187016243850537,0.0001870162438505369,0.7157787623445856,1.5254122360344413
2008-10-02,-0.0368598189652275,1.0,-0.0368598189652275,-0.0388598189652275,0.6879637292207204,1.469185817166869
2008-10-03,0.0012412012628999491,1.0,0.0012412012628999491,0.0012412012628999491,0.6888176306702585,1.4710093724585713
2008-10-06,-0.07231407326924388,1.0,-0.07231407326924388,-0.07231407326924388,0.6390064220568225,1.3646346929188578
2008-10-07,-0.03162592516845386,1.0,-0.03162592516845386,-0.03162592516845386,0.618797252770692,1.3214768582383298
2008-10-08,-0.05128786982981559,1.0,-0.05128786982981559,-0.05128786982981559,0.5870604598195412,1.2537011251498886
2008-10-09,-0.05212087470858617,1.0,-0.05212087470858617,-0.05212087470858617,0.556462355146922,1.1883571258839378
2008-10-10,-0.051662900352686725,1.0,-0.051662900352686725,-0.051662900352686725,0.5277138959429452,1.1269631501059907
2008-10-13,0.13942871219684383,1.0,0.13942871219684383,0.13942871219684383,0.6012923648626493,1.2840941708185674
2008-10-14,0.005444010424320744,1.0,0.005444010424320744,0.005444010424320744,0.604565806765026,1.291084792870313
2008-10-15,-0.11746723345735488,1.0,-0.11746723345735488,-0.11746723345735488,0.5335491340014246,1.1394246340929755
2008-10-16,0.08215540346148598,1.0,0.08215540346148598,0.08215540346148598,0.577383078371838,1.2330345246208398
2008-10-17,0.03081063109083182,1.0,0.03081063109083182,0.03081063109083182,0.5951726153976415,1.2710250964811918
2008-10-20,0.1126252211031813,1.0,0.1126252211031813,0.1126252211031813,0.6622040628013596,1.4141745790000784
2008-10-21,-0.06146572071243672,-1.0,0.06146572071243672,0.05946572071243672,0.7015825046545461,1.3272513192886317
2008-10-22,-0.054728382942394016,1.0,-0.054728382942394016,-0.05672838294239402,0.6617828636648191,1.2546130008258058
2008-10-23,0.08769372868018555,1.0,0.08769372868018555,0.08769372868018555,0.719817070556238,1.3646346929188575
2008-10-24,-0.03786223455025883,-1.0,0.03786223455025883,0.03586223455025883,0.745631319173806,1.3129665741001433
2008-10-27,-0.058332659499463535,1.0,-0.058332659499463535,-0.06033265949946354,0.700645398681957,1.2363777419989825
2008-10-28,0.10963588516860212,1.0,0.10963588516860212,0.10963588516860212,0.7774612771557614,1.3719291101457987
2008-10-29,0.0013296193357290598,-1.0,-0.0013296193357290598,-0.00332961933572906,0.774872627054563,1.373753253617898
2008-10-30,0.04645954059883728,-1.0,-0.04645954059883728,-0.04645954059883728,0.7388724007789937,1.4375771986771435
2008-10-31,-0.001268219315884389,-1.0,0.001268219315884389,0.001268219315884389,0.7398094530296355,1.4357540355057061
2008-11-03,-0.01397092651142029,-1.0,0.01397092651142029,0.01397092651142029,0.7501452765303666,1.4156952213871807
2008-11-04,0.016101096296567086,-1.0,-0.016101096296567086,-0.016101096296567086,0.7380671151965362,1.4384894664733257
2008-11-05,-0.0285233803931072,-1.0,0.0285233803931072,0.0285233803931072,0.7591192842789303,1.3974588842296292
2008-11-06,-0.050891622837110795,-1.0,0.050891622837110795,0.050891622837110795,0.7977520965828311,1.3263399337630453
2008-11-07,0.0751603297282395,1.0,0.0751603297282395,0.07316032972823949,0.8561159030102253,1.4260280805164072
2008-11-10,-0.03047767611998864,-1.0,0.03047767611998864,0.028477676119988637,0.880496094417322,1.3825660585404191
2008-11-11,-0.024400910696572242,-1.0,0.024400910696572242,0.024400910696572242,0.9019810009858799,1.3488301876138624
2008-11-12,-0.02456038627400481,-1.0,0.02456038627400481,0.02456038627400481,0.9241340027819067,1.3157023971880275
2008-11-13,0.1097249269581595,1.0,0.1097249269581595,0.1077249269581595,1.0236862707311392,1.460067746618159
2008-11-14,-0.015403770128549765,-1.0,0.015403770128549765,0.013403770128549765,1.0374075261877718,1.4375771986771433
2008-11-17,-0.03530638563904942,-1.0,0.03530638563904942,0.03530638563904942,1.0740346363722095,1.3868215437147438
2008-11-18,0.021915189900260756,-1.0,-0.021915189900260756,-0.021915189900260756,1.050496963356655,1.4172140012030252
2008-11-19,-0.04203263873690488,-1.0,0.04203263873690488,0.04203263873690488,1.094652122711641,1.357644757077575
2008-11-20,-0.037384933457498715,-1.0,0.037384933457498715,0.037384933457498715,1.1355756194783255,1.3068892981753077
2008-11-21,0.12488340597448988,1.0,0.12488340597448988,0.12288340597448988,1.2751190193414135,1.470098084963051
2008-11-24,-0.00020651623056200386,-1.0,0.00020651623056200386,-0.0017934837694379962,1.272832114076123,1.4697944858479879
2008-11-25,0.0011473122366698618,-1.0,-0.0011473122366698618,-0.0011473122366698618,1.2713717782164171,1.4714807990469911
2008-11-26,0.010214846202709404,-1.0,-0.010214846202709404,-0.010214846202709404,1.2583849110354712,1.4865117490994961
2008-11-28,0.006190518427561464,-1.0,-0.006190518427561464,-0.006190518427561464,1.2505948560547409,1.495714027475083
2008-12-01,-0.07095961404947682,-1.0,0.07095961404947682,0.07095961404947682,1.3393365843726464,1.3895787373570627
2008-12-02,0.010816770283172739,1.0,0.010816770283172739,0.008816770283172739,1.3511452073689092,1.4046094913494354
2008-12-03,0.02467750308234984,1.0,0.02467750308234984,0.02467750308234984,1.3844880973884577,1.4392717464017089
2008-12-04,-0.04987174040055464,-1.0,0.04987174040055464,0.04787174040055464,1.4507659521742957,1.3674927594993098
2008-12-05,0.03970371321935451,1.0,0.03970371321935451,0.03770371321935451,1.5054652155834791,1.4217872998520142
2008-12-08,-0.011434690901228284,-1.0,0.011434690901228284,0.009434690901228284,1.5196688145550603,1.4055296015509144
2008-12-09,-0.008511383244500181,1.0,-0.008511383244500181,-0.010511383244500181,1.5036949932405568,1.393566600450625
2008-12-10,-0.0022010866009749552,1.0,-0.0022010866009749552,-0.0022010866009749552,1.500385230338982,1.390499239678807
2008-12-11,0.007500132539824067,-1.0,-0.007500132539824067,-0.009500132539824067,1.4861313717899671,1.4009281682729227
2008-12-12,0.013575726091210605,1.0,0.013575726091210605,0.011575726091210605,1.5033344214853628,1.4199467853588572
2008-12-15,-0.019874407732956678,1.0,-0.019874407732956678,-0.019874407732956678,1.473456540233774,1.3917261839875341
2008-12-16,0.05774740627059427,1.0,0.05774740627059427,0.05774740627059427,1.558544833684718,1.4720947613516862
2008-12-17,-0.013544392508427872,-1.0,0.013544392508427872,0.011544392508427872,1.576537286986757,1.4521561320943384
2008-12-18,0.06273769481971536,-1.0,-0.06273769481971536,-0.06273769481971536,1.47762897180388,1.5432610603402512
2008-12-19,0.0015896224365630207,-1.0,-0.0015896224365630207,-0.0015896224365630207,1.475280099637385,1.5457142627472422
2008-12-22,0.010716362511167477,-1.0,-0.010716362511167477,-0.010716362511167477,1.4594704632841595,1.5622786971255236
2008-12-23,-0.025721462307512266,-1.0,0.025721462307512266,0.025721462307512266,1.4970101777944504,1.5220946045035801
2008-12-24,0.010882850789608156,1.0,0.010882850789608156,0.008882850789608156,1.5103078958343232,1.5386593329720601
2008-12-26,-0.002990801992126535,1.0,-0.002990801992126535,-0.002990801992126535,1.5057908639707376,1.5340575075738032
2008-12-29,-0.017796135395789836,-1.0,0.017796135395789836,0.015796135395789834,1.5295765403357626,1.506757212464092
2008-12-30,0.009364778621291814,-1.0,-0.009364778621291814,-0.009364778621291814,1.5152523946511969,1.520867660194853
2008-12-31,0.015127400543679226,1.0,0.015127400543679226,0.013127400543679226,1.5351437197605522,1.5438744344645488
2009-01-02,0.02642556928574913,-1.0,-0.02642556928574913,-0.02842556928574913,1.4915063855909159,1.5846721953009884
2009-01-05,0.005419864257494522,1.0,0.005419864257494522,0.003419864257494522,1.496607134968823,1.5932609034921457
2009-01-06,-0.01405476651437676,-1.0,0.01405476651437676,0.01205476651437676,1.5146483845446228,1.5708679934970786
2009-01-07,-0.010935296029810582,1.0,-0.010935296029810582,-0.012935296029810582,1.4950559593094637,1.5536900869644334
2009-01-08,0.008884279869706413,-1.0,-0.008884279869706413,-0.010884279869706413,1.4787833518274671,1.567493504527814
2009-01-09,-0.021134681924106502,-1.0,0.021134681924106502,0.021134681924106502,1.5100369676030048,1.5343650278915157
2009-01-12,-0.005998089443485233,1.0,-0.005998089443485233,-0.007998089443485233,1.4979595568731467,1.5251617692152668
2009-01-13,-0.009452695450897552,1.0,-0.009452695450897552,-0.009452695450897552,1.4837998013842635,1.510744879497523
2009-01-14,-0.018680249660048776,1.0,-0.018680249660048776,-0.018680249660048776,1.4560820506488747,1.4825237879758688
2009-01-15,0.002276046385562225,1.0,0.002276046385562225,0.002276046385562225,1.4593961609373363,1.4858980808850013
2009-01-16,0.028695421266264454,1.0,0.028695421266264454,0.028695421266264454,1.5012741485698022,1.5285365522747303
2009-01-20,-0.0006015701879772406,1.0,-0.0006015701879772406,-0.0006015701879772406,1.5003710267980417,1.5276170302536483
2009-01-21,-0.015864060329787044,-1.0,0.015864060329787044,0.013864060329787044,1.5211722612306342,1.5033828215248943
2009-01-22,-0.007345492312957003,-1.0,0.007345492312957003,0.007345492312957003,1.5323460203821873,1.4923397345659517
2009-01-23,-0.014388286471133771,1.0,-0.014388286471133771,-0.016388286471133773,1.507233494827262,1.470867522952761
2009-01-26,0.020646484872385074,1.0,0.020646484872385074,0.020646484872385074,1.5383525683773653,1.5012357670146876
2009-01-27,0.03759688662046856,-1.0,-0.03759688662046856,-0.03959688662046856,1.4774385961450203,1.557677557937731
2009-01-28,0.013784949005632097,1.0,0.013784949005632097,0.011784949005632097,1.494850134659542,1.5791500636411202
2009-01-29,-0.00602123033858315,-1.0,0.00602123033858315,0.00402123033858315,1.5008612713726701,1.5696416373687487
2009-01-30,0.007425505589957471,1.0,0.007425505589957471,0.005425505589957471,1.5090042025902533,1.5812970201212604
2009-02-02,-0.013384263023352605,1.0,-0.013384263023352605,-0.013384263023352605,1.4888072934394407,1.5601325248859137
2009-02-03,0.02634629559825208,-1.0,-0.02634629559825208,-0.02834629559825208,1.4466051218107727,1.6012362375590052
2009-02-04,0.014368071181490194,1.0,0.014368071181490194,0.012368071181490194,1.4644968369288367,1.6242429137986345
2009-02-05,-0.004532790015754906,1.0,-0.004532790015754906,-0.004532790015754906,1.457858580288301,1.6168805617358073
2009-02-06,-0.006639860101913975,1.0,-0.006639860101913975,-0.006639860101913975,1.4481786032668118,1.6061447010043775
2009-02-09,-0.005729908774945169,1.0,-0.005729908774945169,-0.005729908774945169,1.4398806719802655,1.5969416383882609
2009-02-10,-0.029773132211911024,1.0,-0.029773132211911024,-0.029773132211911024,1.3970109143640217,1.5493956838538214
2009-02-11,0.006137430639612251,1.0,0.006137430639612251,0.006137430639612251,1.4055849719537121,1.5589049923967888
2009-02-12,-0.00393565339386126,1.0,-0.00393565339386126,-0.00393565339386126,1.4000530766884822,1.552769682672755
2009-02-13,0.005729517215856461,1.0,0.005729517215856461,0.005729517215856461,1.4080747048944817,1.5616663033018885
2009-02-17,-0.04124953399090281,1.0,-0.04124953399090281,-0.04124953399090281,1.3499922794932064,1.4972482960413898
2009-02-18,-0.008400182854353289,-1.0,0.008400182854353289,0.0064001828543532886,1.3586324769339284,1.4846711365762733
2009-02-19,0.030785419852111584,1.0,0.030785419852111584,0.028785419852111582,1.3977412832071858,1.5303773608580855
2009-02-20,-0.01803968226617303,-1.0,0.01803968226617303,0.016039682266173028,1.420160609280142,1.5027698395208613
2009-02-23,-0.022861986121957,1.0,-0.022861986121957,-0.024861986121957003,1.3848525959212692,1.4684135363052397
2009-02-24,0.025694669200310605,-1.0,-0.025694669200310605,-0.027694669200310607,1.3464995613860382,1.5061439363698612
2009-02-25,-0.024821691498793763,1.0,-0.024821691498793763,-0.026821691498793765,1.3103841655472808,1.4687588962285096
2009-02-26,-0.03057805385250323,-1.0,0.03057805385250323,0.028578053852503227,1.3478323947977586,1.423847107603291
2009-02-27,-0.013921764157846406,1.0,-0.013921764157846406,-0.015921764157846408,1.3263725252834835,1.4040246439744062
2009-03-02,-0.0200751438936021,1.0,-0.0200751438936021,-0.0200751438936021,1.2997454059818971,1.3758386472164565
2009-03-03,-0.025213639405412103,-1.0,0.025213639405412103,0.0232136394054121,1.3299172271552018,1.3411487476855108
2009-03-04,0.030485284914239408,1.0,0.030485284914239408,0.028485284914239406,1.367800298283073,1.382034049371079
2009-03-05,-0.039220139674507104,1.0,-0.039220139674507104,-0.039220139674507104,1.3141549795375784,1.3278304809198207
2009-03-06,-0.0011666919524980779,1.0,-0.0011666919524980779,-0.0011666919524980779,1.3126217654986168,1.32628131178345
2009-03-09,-0.024287821453416902,1.0,-0.024287821453416902,-0.024287821453416902,1.2807410424223176,1.29406882808585
2009-03-10,0.03877488933569917,-1.0,-0.03877488933569917,-0.04077488933569917,1.2285189681498596,1.3442462036876568
2009-03-11,0.008294420799103586,1.0,0.008294420799103586,0.006294420799103586,1.2362517834950755,1.3553959473586397
2009-03-12,0.017824470978522244,1.0,0.017824470978522244,0.017824470978522244,1.2582873175321299,1.3795551630867404
2009-03-13,0.015042803210965516,-1.0,-0.015042803210965516,-0.017042803210965518,1.236842574396576,1.4003075399237257
2009-03-16,0.031851584272990285,1.0,0.031851584272990285,0.029851584272990284,1.2737642847385977,1.4449095535397098
2009-03-17,0.03301133359562258,-1.0,-0.03301133359562258,-0.035011333595622585,1.229168098443425,1.4926079448271112
2009-03-18,0.03610752696928987,-1.0,-0.03610752696928987,-0.03610752696928987,1.1847858781790883,1.5465023264495326
2009-03-19,-0.00040055031137575803,-1.0,0.00040055031137575803,0.00040055031137575803,1.1852604445315065,1.54588287446113
2009-03-20,-0.011220473576897927,-1.0,0.011220473576897927,0.011220473576897927,1.1985596280311146,1.52853733651526
2009-03-23,0.031408040359823364,-1.0,-0.031408040359823364,-0.031408040359823364,1.1609152188602585,1.5765456988720281
2009-03-24,0.003929358964131158,1.0,0.003929358964131158,0.0019293589641311577,1.1631550410443627,1.5827405128462533
2009-03-25,0.0121334418468102,-1.0,-0.0121334418468102,-0.0141334418468102,1.1467156569129382,1.6019446028174638
2009-03-26,0.0009666882071015515,1.0,0.0009666882071015515,-0.0010333117928984486,1.1455307421015488,1.6034931837734374
2009-03-27,-0.024725079058665278,1.0,-0.024725079058665278,-0.024725079058665278,1.1172074039389566,1.5638466880346082
2009-03-30,-0.019805832545850333,1.0,-0.019805832545850333,-0.019805832545850333,1.0950801811775575,1.532873402404012
2009-03-31,0.025055689257524216,1.0,0.025055689257524216,0.025055689257524216,1.1225181699092157,1.5712806020457708
2009-04-01,0.00867370601896944,1.0,0.00867370601896944,0.00867370601896944,1.13225456251596,1.584909428061225
2009-04-02,0.005081154668430621,-1.0,-0.005081154668430621,-0.007081154668430621,1.1242368928347481,1.592962598000658
2009-04-03,0.027999410451924334,-1.0,-0.027999410451924334,-0.027999410451924334,1.092758922627072,1.6375646116166422
2009-04-06,-0.024778269229088434,1.0,-0.024778269229088434,-0.026778269229088436,1.0634967299944755,1.5969885947899773
2009-04-07,0.003878936852963255,-1.0,-0.003878936852963255,-0.005878936852963255,1.057244499875505,1.6031832127040702
2009-04-08,0.016615145106746,-1.0,-0.016615145106746,-0.016615145106746,1.0396782290967646,1.6298203344158475
2009-04-09,-0.005701588003502289,-1.0,0.005701588003502289,0.005701588003502289,1.0456060460152852,1.620527770349278
2009-04-13,-0.033256394711342896,-1.0,0.033256394711342896,0.033256394711342896,1.0803791333941362,1.56663485917785
2009-04-14,-0.007512655364905418,-1.0,0.007512655364905418,0.007512655364905418,1.0884956494867615,1.5548652713981996
2009-04-15,0.006772478539642801,1.0,0.006772478539642801,0.004772478539642801,1.0936904716144316,1.5653955630807799
2009-04-16,0.0017810661911479286,-1.0,-0.0017810661911479286,-0.0037810661911479287,1.0895551555486296,1.568183636193956
2009-04-17,0.006912685818048159,1.0,0.006912685818048159,0.004912685818048159,1.0949077977092745,1.5790239969759692
2009-04-20,-0.008630922596040036,-1.0,0.008630922596040036,0.006630922596040036,1.1021680465656856,1.5653955630807799
2009-04-21,0.007122887054377358,-1.0,-0.007122887054377358,-0.007122887054377358,1.0943174280550545,1.5765456988720277
2009-04-22,-0.010804819992106807,-1.0,0.010804819992106807,0.010804819992106807,1.1061413308794148,1.559511406386385
2009-04-23,0.00496476695070136,-1.0,-0.00496476695070136,-0.00496476695070136,1.1006495969570598,1.567254017076054
2009-04-24,-0.0015809242768233256,-1.0,0.0015809242768233256,0.0015809242768233256,1.102389640625165,1.5647763071525096
2009-04-27,0.015043846064404232,1.0,0.015043846064404232,0.013043846064404232,1.1167690414004736,1.588316561042539
2009-04-28,0.05830706809590036,1.0,0.05830706809590036,0.05830706809590036,1.1818845699448044,1.6809266429250926
2009-04-29,-0.007555117929309407,1.0,-0.007555117929309407,-0.007555117929309407,1.1729552926400402,1.6682270439072755
2009-04-30,-0.001299250465873203,-1.0,0.001299250465873203,-0.0007007495341267971,1.1721333447651712,1.6660595991432967
2009-05-01,0.04201467762383149,-1.0,-0.04201467762383149,-0.04201467762383149,1.1228865401527193,1.7360585561033923
2009-05-04,0.02765393617531875,-1.0,-0.02765393617531875,-0.02765393617531875,1.0918343074392114,1.7840674086104915
2009-05-05,0.006250499335519688,-1.0,-0.006250499335519688,-0.006250499335519688,1.085009797826065,1.7952187207625336
2009-05-06,-0.019841598345213818,1.0,-0.019841598345213818,-0.02184159834521382,1.0613114496213265,1.759598711963355
2009-05-07,-0.008272727465185592,-1.0,0.008272727465185592,0.006272727465185592,1.0679687671004823,1.7450420313711905
2009-05-08,0.014554277294255513,-1.0,-0.014554277294255513,-0.014554277294255513,1.0524252535224976,1.7704398569858977
2009-05-11,-0.0008746317587673413,1.0,-0.0008746317587673413,-0.0028746317587673414,1.0493999184649931,1.7688913740599903
2009-05-12,0.013132512867167101,1.0,0.013132512867167101,0.013132512867167101,1.0631811763970387,1.792121362790454
2009-05-13,-0.0406152851781576,1.0,-0.0406152851781576,-0.0406152851781576,1.0199997697216239,1.7193338425668512
2009-05-14,-0.008466579492534376,-1.0,0.008466579492534376,0.006466579492534376,1.0265956793148956,1.7047769659145544
2009-05-15,-0.010901679483354743,-1.0,0.010901679483354743,0.010901679483354743,1.0377872963697834,1.686192033841548
2009-05-18,-0.00110157897637575,1.0,-0.00110157897637575,-0.00310157897637575,1.034568517109413,1.6843345601469357
2009-05-19,0.023721473911721525,1.0,0.023721473911721525,0.023721473911721525,1.0591100071979123,1.7242894584740722
2009-05-20,-0.03143507957124614,-1.0,0.03143507957124614,0.029435079571246137,1.090284994534486,1.6700862821430789
2009-05-21,-0.015949430838665513,-1.0,0.015949430838665513,0.015949430838665513,1.1076744196492485,1.6434493564914339
2009-05-22,0.00848112957021474,1.0,0.00848112957021474,0.00648112957021474,1.1148534010846076,1.6573876634259237
2009-05-26,0.02747062565816205,-1.0,-0.02747062565816205,-0.029470625658162053,1.0819979738375143,1.702917139498353
2009-05-27,-0.011458159676009494,-1.0,0.011458159676009494,0.011458159676009494,1.0943956793908634,1.6834048429989676
2009-05-28,0.020791002643088863,1.0,0.020791002643088863,0.01879100264308886,1.1149604714948822,1.7184045175391478
2009-05-29,0.0189256174868202,1.0,0.0189256174868202,0.0189256174868202,1.136061786891319,1.7509263841257174
2009-06-01,0.029541827061646098,-1.0,-0.029541827061646098,-0.0315418270616461,1.1002283224778484,1.8026519485632326
2009-06-02,-0.008762741338923963,-1.0,0.008762741338923963,0.008762741338923963,1.10986933868148,1.7868557758138657
2009-06-03,-0.024765589382711894,1.0,-0.024765589382711894,-0.026765589382711896,1.0801630316938695,1.7426032393839324
2009-06-04,-0.003942459732140913,1.0,-0.003942459732140913,-0.003942459732140913,1.0759045324372691,1.7357330962835629
2009-06-05,-0.008996093443344177,1.0,-0.008996093443344177,-0.008996093443344177,1.066225594727346,1.720118279156691
2009-06-08,0.005265562285730718,-1.0,-0.005265562285730718,-0.007265562285730718,1.0584788662582143,1.7291756690944144
2009-06-09,-0.005779841510160422,-1.0,0.005779841510160422,0.005779841510160422,1.0645967063470412,1.7191813077838232
2009-06-10,0.0030881631285479827,1.0,0.0030881631285479827,0.0010881631285479827,1.0657551612296616,1.7244904201098101
2009-06-11,0.023542467576851633,-1.0,-0.023542467576851633,-0.025542467576851635,1.0385331445790906,1.7650891799118367
2009-06-12,0.01539255309045684,1.0,0.01539255309045684,0.01339255309045684,1.0524417548540652,1.7922584088230205
2009-06-15,-0.015682330363793406,-1.0,0.015682330363793406,0.013682330363793406,1.066841610632629,1.7641516203585712
2009-06-16,0.0046031273793447625,1.0,0.0046031273793447625,0.0026031273793447624,1.0696187352386912,1.7722722349835591
2009-06-17,-0.0007053540532192537,-1.0,0.0007053540532192537,-0.0012946459467807463,1.0682339576785136,1.7710221555792056
2009-06-18,0.018338312083972408,1.0,0.018338312083972408,0.016338312083972406,1.0856870974577622,1.8034997125758465
2009-06-19,-0.012120290384289856,-1.0,0.012120290384289856,0.010120290384289856,1.0966745661505115,1.781640772351444
2009-06-22,0.0024537768222963052,1.0,0.0024537768222963052,0.0004537768222963052,1.0971722116502325,1.786012521184298
2009-06-23,-0.004546235946286448,1.0,-0.004546235946286448,-0.004546235946286448,1.0921842079023616,1.7778928868599724
2009-06-24,0.009133997198972121,1.0,0.009133997198972121,0.009133997198972121,1.1021602153981034,1.7941321555086238
2009-06-25,0.0008706220833558653,-1.0,-0.0008706220833558653,-0.0028706220833558654,1.0989963299443852,1.7956941665836685
2009-06-26,-0.01408750728117314,-1.0,0.01408750728117314,0.01408750728117314,1.1144784487444592,1.770397311937161
2009-06-29,0.016405221382503,1.0,0.016405221382503,0.014405221382502999,1.1305327575246518,1.7994410717744784
2009-06-30,-0.01319001098931516,1.0,-0.01319001098931516,-0.01319001098931516,1.1156210180291208,1.775706424263148
2009-07-01,0.0017593122981383047,-1.0,-0.0017593122981383047,-0.0037593122981383047,1.1114270502159824,1.7788304464132374
2009-07-02,-0.029143991953163306,1.0,-0.029143991953163306,-0.031143991953163308,1.0768127751075278,1.726988226196928
2009-07-06,0.0074143477033787875,1.0,0.0074143477033787875,0.0074143477033787875,1.0847966394336153,1.7397927173855934
2009-07-07,-0.022617216513700855,1.0,-0.022617216513700855,-0.022617216513700855,1.06026155896621,1.7004434488075235
2009-07-08,-0.005693139142986414,1.0,-0.005693139142986414,-0.005693139142986414,1.0542253423830559,1.6907625876486825
2009-07-09,0.006095531682826394,1.0,0.006095531682826394,0.006095531682826394,1.0606514063583903,1.7010686845698326
2009-07-10,-0.0031209299859616957,1.0,-0.0031209299859616957,-0.0031209299859616957,1.057341187579634,1.6957597683039782
2009-07-13,0.017495527322699322,1.0,0.017495527322699322,0.017495527322699322,1.0758399292163487,1.7254279796630747
2009-07-14,0.018280203042916554,1.0,0.018280203042916554,0.018280203042916554,1.0955065015641006,1.756969153467245
2009-07-15,0.02044071565324934,1.0,0.02044071565324934,0.02044071565324934,1.1178994384588583,1.792882860344799
2009-07-16,-0.0006969173790395411,-1.0,0.0006969173790395411,-0.001303082620960459,1.1164427231286211,1.7916333691208426
2009-07-17,-0.009586697924521714,-1.0,0.009586697924521714,0.009586697924521714,1.1271457222652859,1.7744575212195879
2009-07-20,0.021647236231763234,-1.0,-0.021647236231763234,-0.021647236231763234,1.1027461325477879,1.8128696223646574
2009-07-21,0.011541991357160386,1.0,0.011541991357160386,0.009541991357160386,1.1132685266137008,1.833793747877649
2009-07-22,-0.004427565648240317,-1.0,0.004427565648240317,0.002427565648240317,1.1159710590461756,1.825674505673588
2009-07-23,0.023605509949785164,1.0,0.023605509949785164,0.021605509949785162,1.1400821828660699,1.8687704833823349
2009-07-24,0.0035095821601764943,1.0,0.0035095821601764943,0.0035095821601764943,1.1440833949561917,1.8753290869322778
2009-07-27,-0.00016664800501742238,1.0,-0.00016664800501742238,-0.00016664800501742238,1.1438927357408486,1.8750165670811894
2009-07-28,-0.04913401266087636,-1.0,0.04913401266087636,0.04713401266087636,1.1978089904299423,1.7828894793348693
2009-07-29,0.0028024151091126104,1.0,0.0028024151091126104,0.0008024151091126103,1.1987701304616942,1.7878858757496352
2009-07-30,0.005066306659155639,-1.0,-0.005066306659155639,-0.007066306659155639,1.190299253106016,1.7969438538677558
2009-07-31,-0.015120341803388393,-1.0,0.015120341803388393,0.015120341803388393,1.2082969846612968,1.7697734485957772
2009-08-03,0.005999875701904855,1.0,0.005999875701904855,0.003999875701904855,1.2131300224109285,1.7803918693078833
2009-08-04,-0.010525010555183956,1.0,-0.010525010555183956,-0.010525010555183956,1.200361816120243,1.761653226091054
2009-08-05,0.0010634071096360387,1.0,0.0010634071096360387,0.0010634071096360387,1.201638289409641,1.7635265806563925
2009-08-06,0.00920896181971309,1.0,0.00920896181971309,0.00920896181971309,1.2127041305379196,1.7797668296057063
2009-08-07,-0.002983148296620164,-1.0,0.002983148296620164,0.0009831482966201639,1.2138963985381623,1.774457521219587
2009-08-10,0.007391572118377487,1.0,0.007391572118377487,0.005391572118377487,1.2204412085151195,1.7875735519586788
2009-08-11,0.004193156088373673,1.0,0.004193156088373673,0.004193156088373673,1.225558708999107,1.7950691268814902
2009-08-12,0.006784948448000705,-1.0,-0.006784948448000705,-0.008784948448000705,1.2147922389205514,1.8072485783679788
2009-08-13,-0.014169498497910826,-1.0,0.014169498497910826,0.014169498497910826,1.2320052357252098,1.7816407723514422
2009-08-14,-0.0040318178856978415,-1.0,0.0040318178856978415,0.0040318178856978415,1.2369724564698799,1.7744575212195872
2009-08-17,-0.007039660892376176,-1.0,0.007039660892376176,0.007039660892376176,1.2456803230966373,1.7619659420022749
2009-08-18,0.00974800444871482,1.0,0.00974800444871482,0.00774800444871482,1.2553318597816665,1.779141593843397
2009-08-19,0.0035109492357072725,1.0,0.0035109492357072725,0.0035109492357072725,1.259739266215326,1.7853880696625164
2009-08-20,0.0029735363174336893,1.0,0.0029735363174336893,0.0029735363174336893,1.2634851466739145,1.7906969859283708
2009-08-21,0.01203373505637062,1.0,0.01203373505637062,0.01203373505637062,1.278689592176648,1.8122457590232743
2009-08-24,0.002412554109369358,-1.0,-0.002412554109369358,-0.004412554109369358,1.273047305162081,1.8166178999763931
2009-08-25,-0.006017300954410332,-1.0,0.006017300954410332,0.006017300954410332,1.2807076139264422,1.8056867633530662
2009-08-26,-0.015118141835349985,1.0,-0.015118141835349985,-0.017118141835349987,1.2587842793416366,1.7783881347544805
2009-08-27,-0.0019477156262422968,-1.0,0.0019477156262422968,-5.228437375770327e-05,1.2587184645938951,1.7749243403948953
2009-08-28,0.000532091220119213,1.0,0.000532091220119213,-0.001467908779880787,1.2568707807083197,1.7758687620527953
2009-08-31,-0.0039007367813026494,-1.0,0.0039007367813026494,0.0019007367813026494,1.2592597612305565,1.7689415654538896
2009-09-01,-0.003559900177823261,-1.0,0.003559900177823261,0.003559900177823261,1.2637426002784868,1.7626443100604714
2009-09-02,-0.009110682872977338,1.0,-0.009110682872977338,-0.011110682872977338,1.2497015570137209,1.7465854167336525
2009-09-03,-0.0009007211943491411,1.0,-0.0009007211943491411,-0.0009007211943491411,1.2485759243347074,1.7450122302310593
2009-09-04,-0.005233589123536442,1.0,-0.005233589123536442,-0.005233589123536442,1.2420413909572,1.735879553202484
2009-09-08,-0.011427168320267023,1.0,-0.011427168320267023,-0.011427168320267023,1.2278483749219935,1.7160433653643292
2009-09-09,-0.008073337432668914,1.0,-0.008073337432668914,-0.008073337432668914,1.217935540675094,1.7021891682266503
2009-09-10,0.0011098857114884009,-1.0,-0.0011098857114884009,-0.003109885711488401,1.2141479003396347,1.7040784036627155
2009-09-11,-0.012933850813157677,1.0,-0.012933850813157677,-0.014933850813157677,1.196015996730854,1.682038107815818
2009-09-14,0.028453368876683705,-1.0,-0.028453368876683705,-0.030453368876683706,1.1595932803999947,1.7298977585621405
2009-09-15,-0.010375254071548268,1.0,-0.010375254071548268,-0.012375254071548268,1.1452430189353846,1.7119496297992565
2009-09-16,0.014346595496576908,-1.0,-0.014346595496576908,-0.01634659549657691,1.1265221945595694,1.736510278648501
2009-09-17,-0.003626498230953068,-1.0,0.003626498230953068,0.003626498230953068,1.130607525305269,1.7302128271949504
2009-09-18,0.0014558790351266726,-1.0,-0.0014558790351266726,-0.0014558790351266726,1.1289614975122206,1.7327318077763707
2009-09-21,-0.0010906613521960429,-1.0,0.0010906613521960429,0.0010906613521960429,1.1301928121856748,1.7308419841599083
2009-09-22,-0.012188101699592169,-1.0,0.012188101699592169,0.012188101699592169,1.1439677171207419,1.7097463060310434
2009-09-23,-0.007919252521638609,1.0,-0.007919252521638609,-0.009919252521638609,1.1326204124580188,1.6962063932856448
2009-09-24,0.0012993182653564528,1.0,0.0012993182653564528,0.0012993182653564528,1.134092046847641,1.6984103052342552
2009-09-25,0.00834277900160707,1.0,0.00834277900160707,0.00834277900160707,1.1435535261619711,1.7125797670648766
2009-09-28,0.010480399937172091,1.0,0.010480399937172091,0.010480399937172091,1.155538424465712,1.7305282879480255
2009-09-29,0.0032749041014814573,1.0,0.0032749041014814573,0.0032749041014814573,1.1593227019914143,1.7361956021359561
2009-09-30,0.0016315424309440996,-1.0,-0.0016315424309440996,-0.0036315424309440996,1.1551125724079756,1.7390282789292595
2009-10-01,-0.026796328064260688,1.0,-0.026796328064260688,-0.02879632806426069,1.1218495718217634,1.6924287066540444
2009-10-02,-0.009674715298269576,-1.0,0.009674715298269576,0.007674715298269576,1.1304594478929813,1.676054940754548
2009-10-05,0.004133036710471494,1.0,0.004133036710471494,0.0021330367104714937,1.1328707593950362,1.6829821373534537
2009-10-06,0.008232050055859697,1.0,0.008232050055859697,0.008232050055859697,1.142196608193196,1.6968365305512652
2009-10-07,-0.018556562615761107,1.0,-0.018556562615761107,-0.018556562615761107,1.121001365313749,1.6653490772233797
2009-10-08,0.0020800386339980825,-1.0,-0.0020800386339980825,-0.004080038633998083,1.1164276364345043,1.6688130676430974
2009-10-09,0.0018866880465464586,1.0,0.0018866880465464586,-0.00011331195345354143,1.1163011318381304,1.6719615973097401
2009-10-12,0.003766270315908038,1.0,0.003766270315908038,0.003766270315908038,1.1205054236545868,1.678258656643026
2009-10-13,-0.005440939971621206,1.0,-0.005440939971621206,-0.005440939971621206,1.1144088209066063,1.6691273520353775
2009-10-14,-0.00037717258929037545,1.0,-0.00037717258929037545,-0.00037717258929037545,1.1139884964460969,1.668497802950155
2009-10-15,0.014342784066947,1.0,0.014342784066947,0.014342784066947,1.1299661929036862,1.6924287066540444
2009-10-16,-0.0046513098874538805,-1.0,0.0046513098874538805,0.0026513098874538805,1.1329620834434204,1.6845566962769738
2009-10-19,0.02242947863028122,-1.0,-0.02242947863028122,-0.02242947863028122,1.1075503346039073,1.7223404246976153
2009-10-20,-0.022303180646110143,-1.0,0.022303180646110143,0.022303180646110143,1.1322522297912379,1.6839267550714863
2009-10-21,0.007853458003816094,-1.0,-0.007853458003816094,-0.007853458003816094,1.1233601344548452,1.6971514031239425
2009-10-22,-0.006308368028760669,-1.0,0.006308368028760669,0.006308368028760669,1.1304467036118242,1.686445147472509
2009-10-23,-0.017363250149127984,1.0,-0.017363250149127984,-0.019363250149127986,1.1085575813095314,1.6571629785141608
2009-10-26,-0.009500468510420856,-1.0,0.009500468510420856,0.007500468510420856,1.116872282540132,1.641419153820152
2009-10-27,-0.02532160999634614,1.0,-0.02532160999634614,-0.02732160999634614,1.0863575336208415,1.5998557781665856
2009-10-28,-0.013579245948481034,-1.0,0.013579245948481034,0.011579245948481033,1.0989367346906227,1.578130943072763
2009-10-29,-0.000598815860271662,-1.0,0.000598815860271662,0.000598815860271662,1.0995947954367906,1.5771859332344655
2009-10-30,-0.019764621322239218,1.0,-0.019764621322239218,-0.02176462132223922,1.0756625311062038,1.546013450509324
2009-11-02,-0.0012218143026143657,-1.0,0.0012218143026143657,-0.0007781856973856343,1.0748254659092833,1.5441245091634574
2009-11-03,0.0034662642509875052,-1.0,-0.0034662642509875052,-0.0034662642509875052,1.071099836820751,1.5494768527486444
2009-11-04,0.013411750965874658,1.0,0.013411750965874658,0.011411750965874658,1.0833229614181383,1.5702580504250965
2009-11-05,0.007219008814201455,-1.0,-0.007219008814201455,-0.009219008814201455,1.0733357974881976,1.581593757131686
2009-11-06,-0.009357210054294796,-1.0,0.009357210054294796,0.009357210054294796,1.0833792260040889,1.5667944521256436
2009-11-09,0.021704213812415052,-1.0,-0.021704213812415052,-0.021704213812415052,1.0598653316429674,1.6008004939146843
2009-11-10,-0.00452372363000908,1.0,-0.00452372363000908,-0.00652372363000908,1.0529510631343006,1.5935589148934322
2009-11-11,0.013041177011209104,1.0,0.013041177011209104,0.013041177011209104,1.066682784332776,1.6143407987803478
2009-11-12,-0.00936250612027234,1.0,-0.00936250612027234,-0.00936250612027234,1.0566959602360713,1.5992265231715614
2009-11-13,0.0068910462801266,1.0,0.0068910462801266,0.0068910462801266,1.0639777010020808,1.6102468671551426
2009-11-16,0.016620976033740575,1.0,0.016620976033740575,0.016620976033740575,1.0816620488708708,1.6370107417425341
2009-11-17,-0.008655093805235103,1.0,-0.008655093805235103,-0.008655093805235103,1.0723001623723307,1.622842260212575
2009-11-18,0.0007759806738165675,1.0,0.0007759806738165675,0.0007759806738165675,1.073132246574862,1.6241015544431527
2009-11-19,-0.013958813770335032,1.0,-0.013958813770335032,-0.013958813770335032,1.0581525933939824,1.601431023300569
2009-11-20,0.00491493666091225,1.0,0.00491493666091225,0.00491493666091225,1.0633533463680938,1.6093019553469112
2009-11-23,0.017609329005631613,1.0,0.017609329005631613,0.017609329005631613,1.082078285293529,1.6376406829480212
2009-11-24,0.010924430010869512,-1.0,-0.010924430010869512,-0.012924430010869513,1.068093040228971,1.6555309739718393
2009-11-25,0.007293584696155708,1.0,0.007293584696155708,0.005293584696155708,1.0737470812007974,1.667605729347612
2009-11-27,-0.01714955929534756,1.0,-0.01714955929534756,-0.01714955929534756,1.055332791963538,1.639007026010904
2009-11-30,0.00756162051438114,-1.0,-0.00756162051438114,-0.00956162051438114,1.0452421002904004,1.651400575162003
2009-12-01,0.017701799457172207,-1.0,-0.017701799457172207,-0.017701799457172207,1.0267394342468663,1.6806333369669795
2009-12-02,0.00813004620842439,-1.0,-0.00813004620842439,-0.00813004620842439,1.0183919952024278,1.6942969636559395
2009-12-03,-0.0060011194529423495,1.0,-0.0060011194529423495,-0.00800111945294235,1.0102437191988929,1.6841292851882828
2009-12-04,-0.00471707283738354,-1.0,0.00471707283738354,0.00271707283738354,1.0129886249674656,1.676185124682479
2009-12-07,0.003981242065178803,1.0,0.003981242065178803,0.0019812420651788027,1.0149956006427987,1.682858423409892
2009-12-08,0.0062311124791296635,-1.0,-0.0062311124791296635,-0.008231112479129664,1.006641057688086,1.6933445035326098
2009-12-09,0.0075059659971450365,-1.0,-0.0075059659971450365,-0.0075059659971450365,0.9990852441377491,1.706054689797578
2009-12-10,0.02495848220765362,-1.0,-0.02495848220765362,-0.02495848220765362,0.9741495928480078,1.7486352254181747
2009-12-11,0.02216917116873085,1.0,0.02216917116873085,0.02016917116873085,0.9937973827301088,1.7874010190421425
2009-12-14,-0.00853289977969851,-1.0,0.00853289977969851,0.006532899779698511,1.0002897614328112,1.772149305280525
2009-12-15,-0.006634505335605723,-1.0,0.006634505335605723,0.006634505335605723,1.006926189192189,1.7603919712591514
2009-12-16,-0.009747810323319173,1.0,-0.009747810323319173,-0.011747810323319173,0.9950970113119766,1.7432320042286231
2009-12-17,-0.010936517474978147,-1.0,0.010936517474978147,0.008936517474978147,1.0039897131428648,1.7241671169514357
2009-12-18,0.006634695891198472,1.0,0.006634695891198472,0.004634695891198472,1.0086429001411736,1.7356064414380128
2009-12-21,-0.0021970265980405523,-1.0,0.0021970265980405523,0.0001970265980405523,1.0088416296204263,1.731793267922443
2009-12-22,-0.012477796256525231,1.0,-0.012477796256525231,-0.014477796256525231,0.9942358260516809,1.7101843043668847
2009-12-23,-0.01616393171239272,-1.0,0.01616393171239272,0.01416393171239272,1.0083181143978912,1.6825410020554925
2009-12-24,-0.0007557890222984476,1.0,-0.0007557890222984476,-0.0027557890222984476,1.0055394024072488,1.681269356036572
2009-12-28,0.009639225522123152,1.0,0.009639225522123152,0.009639225522123152,1.0152320234784333,1.697475490522843
2009-12-29,-0.0005621434122902169,-1.0,0.0005621434122902169,-0.0014378565877097831,1.0137722654254209,1.6965212658583215
2009-12-30,0.0058067279274189865,-1.0,-0.0058067279274189865,-0.0058067279274189865,1.0078855656997323,1.7063725032722412
2009-12-31,-0.016387554530964743,-1.0,0.016387554530964743,0.016387554530964743,1.0244023453686089,1.6784092308247285
2010-01-04,0.008140702742747585,-1.0,-0.008140702742747585,-0.008140702742747585,1.0160629903859895,1.6920726614535562
2010-01-05,-0.009765043840500143,1.0,-0.009765043840500143,-0.011765043840500143,1.0041089647593886,1.6755494977331504
2010-01-06,0.009861340260469698,1.0,0.009861340260469698,0.009861340260469698,1.0140108249194688,1.6920726614535562
2010-01-07,-0.002816679134257871,1.0,-0.002816679134257871,-0.002816679134257871,1.0111546817870065,1.6873066356943918
2010-01-08,-0.008663306943810678,-1.0,0.008663306943810678,0.006663306943810678,1.0178923157994246,1.6726889804010427
2010-01-11,-0.0007589512290321343,-1.0,0.0007589512290321343,0.0007589512290321343,1.018664846423523,1.671419491043579
2010-01-12,-0.024335325309514877,1.0,-0.024335325309514877,-0.02633532530951488,0.9918379763115925,1.6307449540003696
2010-01-13,0.003507813064035359,1.0,0.003507813064035359,0.003507813064035359,0.9953171585223047,1.6364653024541218
2010-01-14,-0.028932092387553898,1.0,-0.028932092387553898,-0.028932092387553898,0.9665205505370198,1.589118937134493
2010-01-15,0.010797552158393842,-1.0,-0.010797552158393842,-0.012797552158393842,0.9541514533793628,1.606277531744094
2010-01-19,0.006726471356486963,1.0,0.006726471356486963,0.004726471356486963,0.9586612228935107,1.6170821115519394
2010-01-20,-0.017882091883274165,1.0,-0.017882091883274165,-0.017882091883274165,0.941518354820797,1.5881653006503686
2010-01-21,-0.019007643944452646,1.0,-0.019007643944452646,-0.019007643944452646,0.9236223091651965,1.5579780200906719
2010-01-22,-0.018152366418150434,-1.0,0.018152366418150434,0.016152366418150432,0.9385409951348109,1.5296970321985615
2010-01-25,-0.00810100198880237,-1.0,0.00810100198880237,0.00810100198880237,0.9461441176029706,1.5173049534984557
2010-01-26,0.030785268467313776,-1.0,-0.030785268467313776,-0.030785268467313776,0.9170168169337934,1.5640155938386908
2010-01-27,0.010971485820129967,1.0,0.010971485820129967,0.008971485820129967,0.9252438203037356,1.5811751687489541
2010-01-28,-0.01507270036774877,-1.0,0.01507270036774877,0.01307270036774877,0.9373392555336777,1.5573425892014765
2010-01-29,-0.0051012260378814345,1.0,-0.0051012260378814345,-0.0071012260378814345,0.9306829976059535,1.5493982326355402
2010-02-01,0.00963902256560556,-1.0,-0.00963902256560556,-0.01163902256560556,0.9198507571953924,1.5643329171630236
2010-02-02,0.00710974054193958,-1.0,-0.00710974054193958,-0.00710974054193958,0.9133108569744265,1.5754549183252682
2010-02-03,-0.003630482965116366,-1.0,0.003630482965116366,0.003630482965116366,0.916626616482528,1.5697352560819795
2010-02-04,-0.02793509989574583,-1.0,0.02793509989574583,0.02793509989574583,0.9422326725810668,1.5258845448934553
2010-02-05,-0.012911009782868854,1.0,-0.012911009782868854,-0.014911009782868854,0.9281830319824719,1.5061838346068075
2010-02-08,-0.010759732055218962,1.0,-0.010759732055218962,-0.010759732055218962,0.9181960312601397,1.489977700120536
2010-02-09,-0.009170751259063747,-1.0,0.009170751259063747,0.007170751259063747,0.9247801866073657,1.4763134852511788
2010-02-10,-0.011622529192446884,-1.0,0.011622529192446884,0.011622529192446884,0.9355284713228063,1.459154988671644
2010-02-11,0.000870621447291331,-1.0,-0.000870621447291331,-0.000870621447291331,0.934713980171121,1.4604253602997037
2010-02-12,-0.008485118772129652,1.0,-0.008485118772129652,-0.010485118772129652,0.9249133930710567,1.4480334776597306
2010-02-16,0.017774850182651347,-1.0,-0.017774850182651347,-0.01977485018265135,0.9066233692911488,1.473772055784596
2010-02-17,-0.013152162070225626,-1.0,0.013152162070225626,0.013152162070225626,0.91854742678072,1.4543887668523474
2010-02-18,-0.000655897925000759,1.0,-0.000655897925000759,-0.002655897925000759,0.9161078585759183,1.4534348362780245
2010-02-19,0.02492355031919713,-1.0,-0.02492355031919713,-0.02692355031919713,0.8914429825477376,1.489659592555674
2010-02-22,-0.0012797492173240999,-1.0,0.0012797492173240999,0.0012797492173240999,0.892583806006942,1.4877532018580215
2010-02-23,-0.0004270418361969064,1.0,-0.0004270418361969064,-0.0024270418361969064,0.8904174677674512,1.4871178689988922
2010-02-24,0.01641481242804055,1.0,0.01641481242804055,0.01641481242804055,0.9050335034835048,1.5115286298768964
2010-02-25,-0.0038251430975136946,1.0,-0.0038251430975136946,-0.0038251430975136946,0.9015716208246362,1.5057468165716286
2010-02-26,-0.01087867481689997,1.0,-0.01087867481689997,-0.01087867481689997,0.8917637163375395,1.4893662865975634
2010-03-01,0.021781412620613505,1.0,0.021781412620613505,0.021781412620613505,0.9111875898031792,1.521806788229176
2010-03-02,-0.0040104669722346165,1.0,-0.0040104669722346165,-0.0040104669722346165,0.9075333020687635,1.5157036323668605
2010-03-03,-0.005509771938516095,1.0,-0.005509771938516095,-0.005509771938516095,0.9025330005477562,1.5073524510261387
2010-03-04,0.006819073087836358,1.0,0.006819073087836358,0.006819073087836358,0.9086874390426756,1.5176311975588153
2010-03-05,0.008465512838955247,1.0,0.008465512838955247,0.008465512838955247,0.9163799442244887,1.5304787239465485
2010-03-08,0.0020984042110279155,1.0,0.0020984042110279155,0.0020984042110279155,0.9183028797583509,1.5336902869457665
2010-03-09,-0.015287724892284138,1.0,-0.015287724892284138,-0.015287724892284138,0.904264117964813,1.5102436517689712
2010-03-10,-0.001063487075717573,-1.0,0.001063487075717573,-0.0009365129242824271,0.903417262931374,1.5086375271641304
2010-03-11,0.008515979588472389,-1.0,-0.008515979588472389,-0.008515979588472389,0.8957237799603769,1.5214850535518636
2010-03-12,-0.006333004222260574,-1.0,0.006333004222260574,0.006333004222260574,0.9013964024408451,1.5118494822836133
2010-03-15,0.005098978725876391,-1.0,-0.005098978725876391,-0.005098978725876391,0.8968002013612176,1.5195583706305047
2010-03-16,0.011413757950968328,-1.0,-0.011413757950968328,-0.011413757950968328,0.886564340932501,1.5369022420652492
2010-03-17,0.0035529707933465993,-1.0,-0.0035529707933465993,-0.0035529707933465993,0.8834144037227453,1.5423628108435359
2010-03-18,-0.0010414674509007238,1.0,-0.0010414674509007238,-0.003041467450900724,0.8807275275681656,1.5407564901785626
2010-03-19,0.003961015151379144,1.0,0.003961015151379144,0.003961015151379144,0.8842161026490998,1.5468594499807458
2010-03-22,-0.006644786294367044,1.0,-0.006644786294367044,-0.006644786294367044,0.8783406756089583,1.5365808995082015
2010-03-23,-0.00041768242967532565,-1.0,0.00041768242967532565,-0.0015823175703246744,0.8769508617252114,1.5359390966647022
2010-03-24,-0.011501437863227437,1.0,-0.011501437863227437,-0.013501437863227437,0.8651107641565248,1.5182735885827114
2010-03-25,0.003807891560835275,-1.0,-0.003807891560835275,-0.005807891560835275,0.8600862946501924,1.5240550097677146
2010-03-26,0.007586442802550053,1.0,0.007586442802550053,0.005586442802550053,0.8648911175405128,1.5356171659272573
2010-03-29,0.01610609088924897,1.0,0.01610609088924897,0.01610609088924897,0.8788211324889245,1.5603499555727727
2010-03-30,-0.018938051040220727,1.0,-0.018938051040220727,-0.018938051040220727,0.8621779730266246,1.5307999684735294
2010-03-31,0.014057913946019518,1.0,0.014057913946019518,0.014057913946019518,0.8742983967775864,1.5523198226988997
2010-04-01,0.010552543267694503,-1.0,-0.010552543267694503,-0.012552543267694503,0.8633237283231597,1.5687007447932297
2010-04-05,0.002661502223344936,1.0,0.002661502223344936,0.0006615022233449359,0.863894818888912,1.5728758453132599
2010-04-06,0.0044928488184139415,1.0,0.0044928488184139415,0.0044928488184139415,0.867776167705191,1.5799425386963875
2010-04-07,-0.0018300024855868458,1.0,-0.0018300024855868458,-0.0018300024855868458,0.8661881351613574,1.5770512399234886
2010-04-08,-0.0012215131521366995,-1.0,0.0012215131521366995,-0.0007784868478633005,0.8655138190903591,1.5751248510923286
2010-04-09,0.013662129779901777,1.0,0.013662129779901777,0.011662129779901777,0.8756075535748893,1.5966444112275004
2010-04-12,0.0006034765875457815,1.0,0.0006034765875457815,0.0006034765875457815,0.87613596223335,1.5976079487483121
2010-04-13,-0.00502653167841538,-1.0,0.00502653167841538,0.00302653167841538,0.8787876154776483,1.5895775217842405
2010-04-14,-0.017983369188571463,-1.0,0.017983369188571463,0.017983369188571463,0.8945911776051271,1.56099156235614
2010-04-15,0.004732158557110289,1.0,0.004732158557110289,0.0027321585571102886,0.8970353425461363,1.5683784219355204
2010-04-16,-0.008191536033639202,-1.0,0.008191536033639202,0.006191536033639202,0.9025893691929586,1.5555309935778534
2010-04-19,-0.0004124680163981598,1.0,-0.0004124680163981598,-0.00241246801639816,0.9004119012078396,1.5548893867944864
2010-04-20,0.03387712472429838,-1.0,-0.03387712472429838,-0.03587712472429838,0.8681077111249633,1.607564568483411
2010-04-21,0.006393437914457678,1.0,0.006393437914457678,0.004393437914457678,0.8719216884568528,1.6178424327454917
2010-04-22,0.010522413594713287,1.0,0.010522413594713287,0.010522413594713287,0.8810964090849965,1.6348660399539168
2010-04-23,0.007858398207371886,-1.0,-0.007858398207371886,-0.009858398207371886,0.8724102098251512,1.6477134683115837
2010-04-26,-0.0046780609945856755,-1.0,0.0046780609945856755,0.0046780609945856755,0.8764913979990124,1.640005364205222
2010-04-27,-0.020368249934726523,-1.0,0.020368249934726523,0.020368249934726523,0.8943439938590942,1.6066013250527977
2010-04-28,0.014593873900831333,1.0,0.014593873900831333,0.012593873900831333,0.9056072493417215,1.6300478621995267
2010-04-29,-0.0011820996341119772,1.0,-0.0011820996341119772,-0.0011820996341119772,0.9045367313436256,1.6281209832180357
2010-04-30,0.026829461553875333,-1.0,-0.026829461553875333,-0.028829461553875335,0.8784594244232864,1.6718025925423416
2010-05-03,0.0117198462434982,-1.0,-0.0117198462434982,-0.0117198462434982,0.8681640150378935,1.6913958618764195
2010-05-04,-0.02297736713572529,-1.0,0.02297736713572529,0.02297736713572529,0.8881121383454447,1.6525320381862385
2010-05-05,-0.009912916582628384,-1.0,0.009912916582628384,0.009912916582628384,0.8969159198888828,1.6361506259415775
2010-05-06,0.0025524415567514946,1.0,0.0025524415567514946,0.0005524415567514946,0.8974114135159413,1.6403268047923356
2010-05-07,0.0029366705522266834,-1.0,-0.0029366705522266834,-0.004936670552226683,0.892981189017605,1.6451439042159974
2010-05-10,0.027333039606522114,-1.0,-0.027333039606522114,-0.027333039606522114,0.8685732988103076,1.6901106877083618
2010-05-11,0.0007604082841465853,1.0,0.0007604082841465853,-0.0012395917158534147,0.8674966225444909,1.69139586187642
2010-05-12,0.003987748124360424,1.0,0.003987748124360424,0.003987748124360424,0.8709559805739316,1.6981407225521687
2010-05-13,-0.00037800216733563374,-1.0,0.00037800216733563374,-0.0016219978326643663,0.8695432918610947,1.697498821678603
2010-05-14,-0.00264909473863173,-1.0,0.00264909473863173,0.00264909473863173,0.8718467944205764,1.6930019864812607
2010-05-17,-0.0017077940817471493,-1.0,0.0017077940817471493,0.0017077940817471493,0.8733357292162781,1.6901106877083618
2010-05-18,-0.0055111329921028185,-1.0,0.0055111329921028185,0.0055111329921028185,0.8781487985667442,1.6807962629370268
2010-05-19,-0.005924276621305347,1.0,-0.005924276621305347,-0.007924276621305347,0.8711901045722343,1.6708387609313315
2010-05-20,-0.03594718092651872,1.0,-0.03594718092651872,-0.03594718092651872,0.8398732762617834,1.6107768176930926
2010-05-21,0.008773780681774035,1.0,0.008773780681774035,0.008773780681774035,0.8472421401881873,1.6249094202188177
2010-05-24,-0.005732273230393825,1.0,-0.005732273230393825,-0.005732273230393825,0.842385516748325,1.6155949954474826
2010-05-25,-0.01530829538013978,1.0,-0.01530829538013978,-0.01530829538013978,0.8294900304339899,1.590862990042497
2010-05-26,-0.02180540348084159,1.0,-0.02180540348084159,-0.02180540348084159,0.8114026656370412,1.5561735806618824
2010-05-27,0.02745134131244331,-1.0,-0.02745134131244331,-0.029451341312443313,0.7875057687895384,1.5988926327660387
2010-05-28,0.0030135693390411777,-1.0,-0.0030135693390411777,-0.0030135693390411777,0.7851325655503961,1.6037110065805613
2010-06-01,-0.019828136508115657,1.0,-0.019828136508115657,-0.02182813650811566,0.767994584732595,1.5719124058225145
2010-06-02,0.025185838755377832,-1.0,-0.025185838755377832,-0.027185838755377834,0.7471160077870512,1.6115023382131384
2010-06-03,0.010672517519161095,1.0,0.010672517519161095,0.008672517519161095,0.7535953844534301,1.628701125149887
2010-06-04,-0.031081775207890128,-1.0,0.031081775207890128,0.029081775207890126,0.7755112760218082,1.5780782028971405
2010-06-07,0.008225172227433353,1.0,0.008225172227433353,0.006225172227433353,0.7803389672793606,1.591058167904328
2010-06-08,-0.0020394560596138644,-1.0,0.0020394560596138644,3.9456059613864405e-05,0.7803697563801727,1.5878132746825975
2010-06-09,-0.010831929233231397,-1.0,0.010831929233231397,0.010831929233231397,0.7888226663570367,1.5706141936556501
2010-06-10,0.039256673424143074,1.0,0.039256673424143074,0.03725667342414307,0.8182115748270625,1.632271282131314
2010-06-11,-0.005964366347859684,1.0,-0.005964366347859684,-0.005964366347859684,0.8133314612447348,1.622535818225592
2010-06-14,0.009999812704778677,-1.0,-0.009999812704778677,-0.011999812704778677,0.8035716360428939,1.6387608725146428
2010-06-15,0.016039377107782027,1.0,0.016039377107782027,0.014039377107782027,0.8148532812744175,1.665045576138383
2010-06-16,0.007211047362239098,-1.0,-0.007211047362239098,-0.009211047362239098,0.8073476291073228,1.6770522986482037
2010-06-17,0.013351898257667916,-1.0,-0.013351898257667916,-0.013351898257667916,0.7965680057049125,1.6994441303125427
2010-06-18,0.002673173685107999,-1.0,-0.002673173685107999,-0.002673173685107999,0.7944386410736631,1.7039870396410055
2010-06-21,-0.011045725275553475,-1.0,0.011045725275553475,0.011045725275553475,0.803213792051247,1.6851652669280273
2010-06-22,-0.023493611800615377,1.0,-0.023493611800615377,-0.02549361180061538,0.7827369714437923,1.6455746483269398
2010-06-23,-0.010055980938887044,1.0,-0.010055980938887044,-0.010055980938887044,0.7748657833787913,1.6290267810298482
2010-06-24,-0.012351344572485212,1.0,-0.012351344572485212,-0.012351344572485212,0.7652951490908512,1.608906109939542
2010-06-25,-0.007260863053693556,1.0,-0.007260863053693556,-0.007260863053693556,0.7597384458176465,1.5972240630090202
2010-06-28,-0.0006095178567067094,1.0,-0.0006095178567067094,-0.0006095178567067094,0.759275371668494,1.5962505264214546
2010-06-29,-0.01666998807058162,1.0,-0.01666998807058162,-0.01666998807058162,0.7466182602804938,1.5696410491883492
2010-06-30,0.008062662157418243,1.0,0.008062662157418243,0.008062662157418243,0.7526379910736948,1.5822965346763704
2010-07-01,0.003896181701043222,1.0,0.003896181701043222,0.003896181701043222,0.755570405442026,1.5884614494804006
2010-07-02,0.00020513682607781192,1.0,0.00020513682607781192,0.00020513682607781192,0.7557254007568768,1.5887873014204938
2010-07-06,0.008986531432467748,1.0,0.008986531432467748,0.008986531432467748,0.7625167508250927,1.6030649884442147
2010-07-07,0.028340058689682923,1.0,0.028340058689682923,0.028340058689682923,0.7841265202953422,1.6484959443000997
2010-07-08,0.00393691141675756,1.0,0.00393691141675756,0.00393691141675756,0.7872135569452754,1.6549859268036933
2010-07-09,0.008431249715680877,-1.0,-0.008431249715680877,-0.010431249715680877,0.7790019357532099,1.6689395264285127
2010-07-12,0.009332870948286498,-1.0,-0.009332870948286498,-0.009332870948286498,0.7717316112183598,1.6845155236491645
2010-07-13,0.0071280498883183885,-1.0,-0.0071280498883183885,-0.0071280498883183885,0.766230669793203,1.6965228343393826
2010-07-14,-0.0034429383130203384,-1.0,0.0034429383130203384,0.0034429383130203384,0.7688687547228452,1.6906818108741217
2010-07-15,0.016122979626550515,-1.0,-0.016122979626550515,-0.016122979626550515,0.7564722994549575,1.7179406392658247
2010-07-16,-0.00623339836561454,1.0,-0.00623339836561454,-0.00823339836561454,0.7502439616609924,1.7072320308928024
2010-07-19,0.0030409881098283353,1.0,0.0030409881098283353,0.0030409881098283353,0.752525444627874,1.7124237031994656
2010-07-20,-0.0013262842424974775,-1.0,0.0013262842424974775,-0.0006737157575025226,0.7520184563779065,1.710152542625433
2010-07-21,-0.01100601747737373,-1.0,0.01100601747737373,0.01100601747737373,0.7602951846521094,1.6913305738523223
2010-07-22,0.013814263363129298,1.0,0.013814263363129298,0.011814263363129298,0.7692775121973084,1.714695059833631
2010-07-23,-0.0005675892583847375,1.0,-0.0005675892583847375,-0.0005675892583847375,0.7688408785446683,1.713721817336264
2010-07-26,0.00037914162747409996,1.0,0.00037914162747409996,0.00037914162747409996,0.7691323781266284,1.7143715606151269
2010-07-27,0.018360357044872933,1.0,0.018360357044872933,0.018360357044872933,0.7832539232038055,1.7458480345755967
2010-07-28,-0.013568744261429067,1.0,-0.013568744261429067,-0.013568744261429067,0.7726261510280921,1.7221590690751218
2010-07-29,-0.010740529957828149,-1.0,0.010740529957828149,0.008740529957828149,0.7793793130473546,1.703662168001575
2010-07-30,-0.0038092002658844937,1.0,-0.0038092002658844937,-0.005809200265884494,0.7748517425347751,1.6971725776182462
2010-08-02,0.03269562316291741,1.0,0.03269562316291741,0.03269562316291741,0.800186003115822,1.7526626926584896
2010-08-03,-0.004999209120418846,-1.0,0.004999209120418846,0.002999209120418846,0.8025859282743986,1.7439007653403333
2010-08-04,-0.0026048025773480754,-1.0,0.0026048025773480754,0.0026048025773480754,0.804676506168911,1.7393582481321355
2010-08-05,-0.006343307345781035,1.0,-0.006343307345781035,-0.008343307345781035,0.7979628427640144,1.728324964179814
2010-08-06,0.00844907932589778,1.0,0.00844907932589778,0.00844907932589778,0.8047048941216465,1.7429277189030987
2010-08-09,-0.00428256732661314,-1.0,0.00428256732661314,0.0022825673266131403,0.8065416872205342,1.735463513601476
2010-08-10,0.0050493182657775915,-1.0,-0.0050493182657775915,-0.0050493182657775915,0.8024692015471405,1.7442264212202945
2010-08-11,-0.019907861451589626,-1.0,0.019907861451589626,0.019907861451589626,0.8184446472307086,1.7095026032864389
2010-08-12,-0.01176909507519952,-1.0,0.01176909507519952,0.01176909507519952,0.8280770000977549,1.6893833046170597
2010-08-13,-0.0007678149965084646,1.0,-0.0007678149965084646,-0.0027678149965084647,0.8257850361586205,1.6880861707809236
2010-08-16,0.0026912757578563262,1.0,0.0026912757578563262,0.0026912757578563262,0.8280074514076348,1.6926292761695187
2010-08-17,0.005943093042394931,1.0,0.005943093042394931,0.005943093042394931,0.8329283767311466,1.7026887294440758
2010-08-18,0.0015247814992256359,1.0,0.0015247814992256359,0.0015247814992256359,0.8341984105101663,1.705284957717672
2010-08-19,-0.013510942178824092,-1.0,0.013510942178824092,0.011510942178824092,0.8438008201792159,1.6822449512555302
2010-08-20,0.027970863319833228,1.0,0.027970863319833228,0.025970863319833226,0.8657150559492535,1.7292987948575782
2010-08-23,0.008069161781977252,1.0,0.008069161781977252,0.008069161781977252,0.8727006507928015,1.7432527866026624
2010-08-24,0.010609892526715958,-1.0,-0.010609892526715958,-0.012609892526715958,0.8616959893783092,1.7617485113154148
2010-08-25,-0.009666521102954517,1.0,-0.009666521102954517,-0.011666521102954517,0.8516429949338958,1.7447185321526857
2010-08-26,-0.004130400459832373,1.0,-0.004130400459832373,-0.004130400459832373,0.8481253683160078,1.737512145925204
2010-08-27,0.015834100548411723,1.0,0.015834100548411723,0.015834100548411723,0.8615546706755822,1.7650240879478705
2010-08-30,-0.011689911971868194,1.0,-0.011689911971868194,-0.011689911971868194,0.8514831724164328,1.744391111731533
2010-08-31,0.008824324438237774,1.0,0.008824324438237774,0.008824324438237774,0.8589969361835353,1.7597841848486302
2010-09-01,0.016564433650406718,-1.0,-0.016564433650406718,-0.01856443365040672,0.8430501445558535,1.7889340132175904
2010-09-02,0.00036572207642904253,1.0,0.00036572207642904253,-0.0016342779235709575,0.8416723663161425,1.7895882658794988
2010-09-03,0.0,1.0,0.0,0.0,0.8416723663161425,1.7895882658794988
2010-09-07,-0.006405739332093985,-1.0,0.006405739332093985,0.004405739332093985,0.8453805553651581,1.7781246299365006
2010-09-08,-0.00036805559690389344,1.0,-0.00036805559690389344,-0.0023680555969038935,0.843378647209512,1.7774701812144598
2010-09-09,0.006264984650247163,-1.0,-0.006264984650247163,-0.008264984650247163,0.8364081356359792,1.7886060046160404
2010-09-10,0.010071533317504766,-1.0,-0.010071533317504766,-0.010071533317504766,0.8279842232308894,1.80662000958342
2010-09-13,0.005257187977976807,1.0,0.005257187977976807,0.003257187977976807,0.8306811234887514,1.8161177505785742
2010-09-14,-0.007754668676080767,1.0,-0.007754668676080767,-0.007754668676080767,0.8242394666006216,1.8020343591460883
2010-09-15,-0.023081995636494046,-1.0,0.023081995636494046,0.021081995636494044,0.8416160794389221,1.760439809931466
2010-09-16,0.0022322997197596894,1.0,0.0022322997197596894,0.0002322997197596894,0.841811586618321,1.76436963922583
2010-09-17,-0.0020421985470809867,-1.0,0.0020421985470809867,4.219854708098665e-05,0.8418471098441923,1.760766446112089
2010-09-20,0.01376522465224772,1.0,0.01376522465224772,0.01176522465224772,0.8517516302143547,1.7850037918029618
2010-09-21,-0.007523091386124614,-1.0,0.007523091386124614,0.005523091386124614,0.8564559323063092,1.771575045152649
2010-09-22,0.004066899545766223,-1.0,-0.004066899545766223,-0.004066899545766223,0.8529728120642439,1.7787798628990712
2010-09-23,-0.013993856683579109,1.0,-0.013993856683579109,-0.01599385668357911,0.839330487153099,1.7538878724260252
2010-09-24,0.017741110971875473,-1.0,-0.017741110971875473,-0.019741110971875475,0.8227611708641314,1.7850037918029618
2010-09-27,0.003118722450726752,1.0,0.003118722450726752,0.0011187224507267519,0.8236816122575633,1.79057072320309
2010-09-28,0.006219475968006538,1.0,0.006219475968006538,0.006219475968006538,0.8288044802502881,1.8017071347850677
2010-09-29,-0.006181033180681861,-1.0,0.006181033180681861,0.004181033180681861,0.8322697392825124,1.79057072320309
2010-09-30,-0.005121889180744077,1.0,-0.005121889180744077,-0.007121889180744077,0.8263424064308555,1.781399618388559
2010-10-01,0.000368149367608428,1.0,0.000368149367608428,0.000368149367608428,0.826646623865211,1.7820554395315267
2010-10-04,-0.00771926998807726,1.0,-0.00771926998807726,-0.00771926998807726,0.8202655153908629,1.768299272460061
2010-10-05,0.0075939377113276585,-1.0,-0.0075939377113276585,-0.009593937711327659,0.8123959391294528,1.7817276269901088
2010-10-06,0.006985737471003173,1.0,0.006985737471003173,0.004985737471003173,0.8164463320044614,1.7941743084370951
2010-10-07,0.002190655309396883,-1.0,-0.002190655309396883,-0.004190655309396883,0.8130248868484092,1.7981047259118563
2010-10-08,0.00036385681683626103,1.0,0.00036385681683626103,-0.001636143183163739,0.8116946617220497,1.7987589785737648
2010-10-11,0.001274943111508664,1.0,0.001274943111508664,0.001274943111508664,0.8127295262396607,1.8010522939427618
2010-10-12,0.004546046340694554,-1.0,-0.004546046340694554,-0.006546046340694554,0.8074093610984451,1.8092399611330399
2010-10-13,0.004163530824984996,-1.0,-0.004163530824984996,-0.004163530824984996,0.8040476873351302,1.816772787481012
2010-10-14,-0.002343519159423879,1.0,-0.002343519159423879,-0.004343519159423879,0.8005552908000996,1.8125151456452304
2010-10-15,-0.0003612884801977856,-1.0,0.0003612884801977856,-0.0016387115198022145,0.7992434116228269,1.8118603048029247
2010-10-18,0.009038289860247684,-1.0,-0.009038289860247684,-0.009038289860247684,0.7920196179996865,1.8282364234240103
2010-10-19,-0.005553746773683588,1.0,-0.005553746773683588,-0.007553746773683588,0.7860369023655273,1.8180828612858884
2010-10-20,0.009367645384148249,1.0,0.009367645384148249,0.009367645384148249,0.7934002173257418,1.8351140168094122
2010-10-21,-0.007852495017337202,1.0,-0.007852495017337202,-0.007852495017337202,0.7871700460724372,1.8207037931361707
2010-10-22,-0.002518829572874748,1.0,-0.002518829572874748,-0.002518829572874748,0.7851872988815088,1.8161177505785742
2010-10-25,-0.010820392602232665,1.0,-0.010820392602232665,-0.010820392602232665,0.7766912640413243,1.7964666435054304
2010-10-26,0.007110244809603206,1.0,0.007110244809603206,0.007110244809603206,0.7822137290701382,1.80923996113304
2010-10-27,-0.009775698595088755,1.0,-0.009775698595088755,-0.009775698595088755,0.7745670434178081,1.7915533765868135
2010-10-28,0.006398713034628134,-1.0,-0.006398713034628134,-0.008398713034628134,0.7680616770940616,1.8030170125298115
2010-10-29,-0.0001814871178399402,1.0,-0.0001814871178399402,-0.0021814871178399402,0.7663861604397744,1.802689788168791
2010-11-01,-0.020348736037420267,1.0,-0.020348736037420267,-0.020348736037420267,0.7507911707582534,1.7660073295119914
2010-11-02,0.008901603756345633,1.0,0.008901603756345633,0.008901603756345633,0.7574744162641062,1.7817276269901092
2010-11-03,0.0042284817245012984,1.0,0.0042284817245012984,0.0042284817245012984,0.7606773829900563,1.789261629698876
2010-11-04,0.00695566533122749,1.0,0.00695566533122749,0.00695566533122749,0.7659684002911691,1.801707134785068
2010-11-05,-0.005089686518315761,1.0,-0.005089686518315761,-0.005089686518315761,0.7620698612507513,1.792537010271199
2010-11-08,-0.005116708331546871,-1.0,0.005116708331546871,0.003116708331546871,0.7644450107365323,1.7833651212161383
2010-11-09,-0.0003669740504931296,-1.0,0.0003669740504931296,0.0003669740504931296,0.7647255422185016,1.7827106724940975
2010-11-10,-0.005511580588018483,1.0,-0.005511580588018483,-0.007511580588018483,0.7589812446804113,1.7728851189575257
2010-11-11,-0.004434032936255439,-1.0,0.004434032936255439,0.0024340329362554387,0.7608286300279636,1.765024087947871
2010-11-12,-0.004824124242443384,-1.0,0.004824124242443384,0.004824124242443384,0.7644989618664265,1.756509392456705
2010-11-15,-0.001119093866593257,-1.0,0.001119093866593257,0.001119093866593257,0.7653545079656682,1.7545436935689933
2010-11-16,-0.01885415679592639,1.0,-0.01885415679592639,-0.020854156795926393,0.749393685052083,1.7214632516651396
2010-11-17,-0.006658897743830994,1.0,-0.006658897743830994,-0.006658897743830994,0.7444035491334485,1.7100002039025386
2010-11-18,0.0024898487298801175,-1.0,-0.0024898487298801175,-0.0044898487298801176,0.7410612898038534,1.71425784573832
2010-11-19,-0.007068997639511965,-1.0,0.007068997639511965,0.007068997639511965,0.7462998503122106,1.702139761073281
2010-11-22,0.0023088734805292166,1.0,0.0023088734805292166,0.00030887348052921655,0.7465303625444949,1.7060697864277774
2010-11-23,-0.008140989279419975,-1.0,0.008140989279419975,0.0061409892794199745,0.7511147974976421,1.6921806905865266
2010-11-24,0.006253673562526929,1.0,0.006253673562526929,0.004253673562526929,0.7543097946541806,1.7027630362342663
2010-11-26,-0.01378933233788937,1.0,-0.01378933233788937,-0.01378933233788937,0.743908366209969,1.6792830708349584
2010-11-29,-0.0015748715462193807,1.0,-0.0015748715462193807,-0.0015748715462193807,0.7427368060910304,1.6766384157086525
2010-11-30,-0.001578174233896723,1.0,-0.001578174233896723,-0.001578174233896723,0.7415646380010908,1.6739923881614196
2010-12-01,0.006124037526595405,-1.0,-0.006124037526595405,-0.008124037526595405,0.7355401390535738,1.6842439803657552
2010-12-02,0.005890381011649515,-1.0,-0.005890381011649515,-0.005890381011649515,0.7312075273851867,1.6941648191266867
2010-12-03,-0.002538118355333574,-1.0,0.002538118355333574,0.002538118355333574,0.733063418632001,1.6898648283023008
2010-12-06,-0.0037175510478744123,1.0,-0.0037175510478744123,-0.005717551047874412,0.7288720911146431,1.6835826695390794
2010-12-07,-0.001375090208270091,1.0,-0.001375090208270091,-0.001375090208270091,0.72786982623907,1.681267591495383
2010-12-08,0.0007869144568710684,-1.0,-0.0007869144568710684,-0.0027869144568710685,0.7258413152976041,1.6825906052689994
2010-12-09,0.003930779410378449,1.0,0.003930779410378449,0.0019307794103784488,0.7272427547643827,1.689204497776287
2010-12-10,0.01801120668933298,1.0,0.01801120668933298,0.01801120668933298,0.740341274333764,1.7196291091262865
2010-12-13,0.0017310598982296366,-1.0,-0.0017310598982296366,-0.0037310598982296366,0.737579016694093,1.7226058901169234
2010-12-14,-0.012671022784827457,-1.0,0.012671022784827457,0.012671022784827457,0.7469248972202345,1.7007787116339739
2010-12-15,-0.0114718746213881,1.0,-0.0114718746213881,-0.0134718746213881,0.7368624186532903,1.681267591495383
2010-12-16,0.007474637810026774,-1.0,-0.007474637810026774,-0.009474637810026774,0.7298809141207301,1.693834457803547
2010-12-17,0.008785486706078593,1.0,0.008785486706078593,0.0067854867060785935,0.7348335113605168,1.708715617914878
2010-12-20,-0.0027094994149918783,-1.0,0.0027094994149918783,0.0007094994149918783,0.7353548753069435,1.7040858539477501
2010-12-21,-0.007956602941513125,-1.0,0.007956602941513125,0.007956602941513125,0.7412058020708668,1.6905271194296385
2010-12-22,0.01858360453293506,-1.0,-0.01858360453293506,-0.01858360453293506,0.7274315265676649,1.7219432068693208
2010-12-23,0.0019207011942756758,-1.0,-0.0019207011942756758,-0.0019207011942756758,0.7260343479658325,1.7252505452432296
2010-12-27,-0.00038342656296042055,-1.0,0.00038342656296042055,0.00038342656296042055,0.7263127288204643,1.7245890383564215
2010-12-28,0.0026847880767033594,-1.0,-0.0026847880767033594,-0.0026847880767033594,0.7243627330661692,1.7292191944438142
2010-12-29,-0.0042076722244766,1.0,-0.0042076722244766,-0.0062076722244766,0.7198661266476684,1.7219432068693212
2010-12-30,-0.0019203596148350544,-1.0,0.0019203596148350544,-7.964038516494569e-05,0.7198087962320749,1.7186364566758099
2010-12-31,0.00038513031915621276,1.0,0.00038513031915621276,-0.0016148696808437873,0.7186463988310351,1.719298355682883
2011-01-03,0.0046163635617224585,1.0,0.0046163635617224585,0.0046163635617224585,0.7219639318803618,1.7272352619637867
2011-01-04,0.009955592242297806,1.0,0.009955592242297806,0.009955592242297806,0.7291515103998087,1.7444309119384167
2011-01-05,-0.0077726956599143415,1.0,-0.0077726956599143415,-0.0077726956599143415,0.7234840376195042,1.7308719813601725
2011-01-06,-0.004394405201199603,-1.0,0.004394405201199603,0.0023944052011996026,0.7252163515621654,1.7232658285226727
2011-01-07,0.0021113886652628366,-1.0,-0.0021113886652628366,-0.0021113886652628366,0.7236851379776137,1.7269043124602503
2011-01-10,0.013404466876490329,-1.0,-0.013404466876490329,-0.013404466876490329,0.7139845245165845,1.7500525441154922
2011-01-11,-0.003023492564110608,1.0,-0.003023492564110608,-0.005023492564110608,0.7103978285667853,1.744761273261556
2011-01-12,0.01649007041488293,1.0,0.01649007041488293,0.01649007041488293,0.7221123387824315,1.7735325095148
2011-01-13,0.0024237607037915776,1.0,0.0024237607037915776,0.0024237607037915776,0.7238625662928955,1.7778311279182588
2011-01-14,0.007254693400869039,1.0,0.007254693400869039,0.007254693400869039,0.7291139672757166,1.790728747669827
2011-01-18,0.0027700015185738724,1.0,0.0027700015185738724,0.0027700015185738724,0.7311336140722838,1.7956890690202263
2011-01-19,-0.004419650504882244,1.0,-0.004419650504882244,-0.004419650504882244,0.7279022590257129,1.7877527509197195
2011-01-20,0.003514326542295221,-1.0,-0.003514326542295221,-0.005514326542295221,0.7238883682785708,1.794035497863338
2011-01-21,0.0031336215163542125,1.0,0.0031336215163542125,0.0011336215163542124,0.72470898370829,1.7996573261005457
2011-01-24,-0.005145161692708955,1.0,-0.005145161692708955,-0.005145161692708955,0.7209802388069521,1.7903977981662902
2011-01-25,0.007942394343509296,1.0,0.007942394343509296,0.007942394343509296,0.7267065481774344,1.8046178435110776
2011-01-26,-0.006596837820131873,1.0,-0.006596837820131873,-0.006596837820131873,0.72191258293628,1.7927130722701188
2011-01-27,0.0036895389060653816,1.0,0.0036895389060653816,0.0036895389060653816,0.7245761074978015,1.7993273568976713
2011-01-28,-0.0069844202502967745,1.0,-0.0069844202502967745,-0.0069844202502967745,0.7195153634597127,1.7867600984692422
2011-01-31,-0.010549495261170772,-1.0,0.010549495261170772,0.008549495261170771,0.7256668566499511,1.767910681277592
2011-02-01,0.02001478066438911,1.0,0.02001478066438911,0.018014780664389107,0.7387395859079167,1.8032950257975937
2011-02-02,0.006051972115090454,1.0,0.006051972115090454,0.006051972115090454,0.7432104172821449,1.814208517009002
2011-02-03,0.002369850325185663,1.0,0.002369850325185663,0.002369850325185663,0.7449717147312224,1.8185079196529905
2011-02-04,-0.004546720866787979,1.0,-0.004546720866787979,-0.004546720866787979,0.7415845362906871,1.8102396717482852
2011-02-07,0.008220980118885501,1.0,0.008220980118885501,0.008220980118885501,0.7476810880200058,1.8251216161001456
2011-02-08,0.004348699950123436,-1.0,-0.004348699950123436,-0.006348699950123436,0.7429342851337849,1.8330585223810494
2011-02-09,-0.003428001434519712,-1.0,0.003428001434519712,0.003428001434519712,0.7454810649289773,1.8267747951367685
2011-02-10,-0.00036158074213887836,-1.0,0.00036158074213887836,0.00036158074213887836,0.7457506165256848,1.8261142685506224
2011-02-11,-0.0028982015561004326,-1.0,0.0028982015561004326,0.0028982015561004326,0.7479119521229622,1.8208218213358918
2011-02-14,-0.006538453835434166,-1.0,0.006538453835434166,0.006538453835434166,0.7528021398948876,1.808916461914536
2011-02-15,0.001280139947227088,1.0,0.001280139947227088,-0.000719860052772912,0.7522602277067354,1.8112321281386294
2011-02-16,-0.007485917628926808,-1.0,0.007485917628926808,0.005485917628926808,0.7563870653514523,1.7976733936205178
2011-02-17,-0.002207331450901351,1.0,-0.002207331450901351,-0.004207331450901351,0.7532046942623442,1.7937053326003307
2011-02-18,0.0064524654786211055,1.0,0.0064524654786211055,0.0064524654786211055,0.7580647215504073,1.8052791543377529
2011-02-22,0.0010995046255977137,1.0,0.0010995046255977137,0.0010995046255977137,0.7588982172182543,1.8072640671184423
2011-02-23,-0.005123831255837152,-1.0,0.005123831255837152,0.0031238312558371523,0.7612688871891999,1.7980039510037895
2011-02-24,0.0007360417051043289,1.0,0.0007360417051043289,-0.0012639582948956712,0.7603066750645912,1.7993273568976706
2011-02-25,0.005145778347872332,1.0,0.005145778347872332,0.005145778347872332,0.7642190446908813,1.808586296651529
2011-02-28,0.01426232818997697,1.0,0.01426232818997697,0.01426232818997697,0.7751185875152934,1.834380947974268
2011-03-01,-0.024157202014147616,-1.0,0.024157202014147616,0.022157202014147614,0.7922930466437905,1.7900674368431502
2011-03-02,0.004105607371408082,1.0,0.004105607371408082,0.002105607371408082,0.7939613047231191,1.797416750907171
2011-03-03,0.011896356341369207,1.0,0.011896356341369207,0.011896356341369207,0.8034065513253638,1.8187994610699088
2011-03-04,0.005694024292793198,-1.0,-0.005694024292793198,-0.007694024292793198,0.7972251218024772,1.82915574938496
2011-03-07,-0.0023737441134715764,1.0,-0.0023737441134715764,-0.0043737441134715765,0.793738263118882,1.8248138016922346
2011-03-08,0.012448993646896112,1.0,0.012448993646896112,0.012448993646896112,0.8036195057137473,1.8475308971162696
2011-03-09,0.008499051339516672,1.0,0.008499051339516672,0.008499051339516672,0.8104495091502455,1.863233157062204
2011-03-10,-0.007531007928129996,1.0,-0.007531007928129996,-0.007531007928129996,0.8043460074714859,1.8492011333844138
2011-03-11,0.0061430440787269,-1.0,-0.0061430440787269,-0.0081430440787269,0.7977961824780976,1.860560857457226
2011-03-14,-0.010953401703270083,1.0,-0.010953401703270083,-0.012953401703270083,0.7874620080491235,1.8401813869921164
2011-03-15,-0.023783691983241484,-1.0,0.023783691983241484,0.021783691983241482,0.8046158378809704,1.7964150796906018
2011-03-16,-0.02175950158972828,-1.0,0.02175950158972828,0.02175950158972828,0.8221238774844619,1.7573259829082624
2011-03-17,0.004182546878631177,1.0,0.004182546878631177,0.002182546878631177,0.8239182013871138,1.7646760812128128
2011-03-18,-0.001135913165749125,1.0,-0.001135913165749125,-0.001135913165749125,0.8229823018546578,1.7626715624188807
2011-03-21,0.018953749216948035,1.0,0.018953749216948035,0.018953749216948035,0.8385809020139976,1.796080797164814
2011-03-22,0.002418439215414958,1.0,0.002418439215414958,0.002418439215414958,0.8406089589527262,1.8004245093987312
2011-03-23,-0.0037115232872141357,1.0,-0.0037115232872141357,-0.0037115232872141357,0.8374890192261324,1.7937421919052268
2011-03-24,0.006146395773324098,1.0,0.006146395773324098,0.006146395773324098,0.8426365581941092,1.8047672413319862
2011-03-25,0.0014814497762778434,-1.0,-0.0014814497762778434,-0.0034814497762778434,0.8397029613371008,1.807440913357891
2011-03-28,-0.00610024570419021,1.0,-0.00610024570419021,-0.00810024570419021,0.8329011610317341,1.796415079690602
2011-03-29,0.01692417805830071,-1.0,-0.01692417805830071,-0.01892417805830071,0.8171391911554041,1.8268179283659023
2011-03-30,0.0054861525572835745,-1.0,-0.0054861525572835745,-0.0054861525572835745,0.8126562408921902,1.8368401302152984
2011-03-31,0.0025465485877051997,-1.0,-0.0025465485877051997,-0.0025465485877051997,0.8105867722896564,1.8415177328547383
2011-04-01,0.014695052507730288,-1.0,-0.014695052507730288,-0.014695052507730288,0.7986751571087882,1.8685789326329552
2011-04-04,0.004648794908044929,1.0,0.004648794908044929,0.0026487949080449286,0.80079068379812,1.8772655728602592
2011-04-05,0.002135468516382577,-1.0,-0.002135468516382577,-0.004135468516382577,0.7974790391370604,1.8812744143879911
2011-04-06,0.004617214820234139,1.0,0.004617214820234139,0.002617214820234139,0.7995662130971161,1.8899606624950307
2011-04-07,-0.009191884518385929,1.0,-0.009191884518385929,-0.009191884518385929,0.7922166928015242,1.8725883623410842
2011-04-08,-0.0008921492955988874,1.0,-0.0008921492955988874,-0.0008921492955988874,0.7915099172370796,1.8709177339526748
2011-04-11,-0.014821686943696788,1.0,-0.014821686943696788,-0.014821686943696788,0.7797784050309603,1.8431875770026176
2011-04-12,-0.0009059545369739519,1.0,-0.0009059545369739519,-0.0009059545369739519,0.7790719612470882,1.841517732854738
2011-04-13,-0.0027212863039129953,-1.0,0.0027212863039129953,0.0007212863039129953,0.7796338951824984,1.8365064358699075
2011-04-14,0.0034563684196646793,1.0,0.0034563684196646793,0.0014563684196646793,0.7807693293663424,1.842854078717359
2011-04-15,-0.0007251501234170066,-1.0,0.0007251501234170066,-0.0012748498765829935,0.7797739656831599,1.8415177328547376
2011-04-18,-0.0034468561850227175,1.0,-0.0034468561850227175,-0.0054468561850227176,0.7755266490352589,1.8351702860674182
2011-04-19,-0.0007282931360107492,-1.0,0.0007282931360107492,-0.0012717068639892509,0.7745404064724742,1.8338337441446644
2011-04-20,0.014392268072925152,-1.0,-0.014392268072925152,-0.014392268072925152,0.76339301330921,1.8602267709915705
2011-04-21,-0.003053000819347118,-1.0,0.003053000819347118,0.003053000819347118,0.7657236528043269,1.8545474971355618
2011-04-25,-0.0009010394779616071,1.0,-0.0009010394779616071,-0.002901039477961607,0.7635022582583325,1.8528764766268877
2011-04-26,0.010458225085688166,1.0,0.010458225085688166,0.010458225085688166,0.7714871367286293,1.8722542758754286
2011-04-27,0.002855156791199631,-1.0,-0.002855156791199631,-0.004855156791199631,0.7677414457174182,1.877599855386047
2011-04-28,0.011209553066191313,-1.0,-0.011209553066191313,-0.011209553066191313,0.7591354072405344,1.89864691060207
2011-04-29,-0.004574967603789504,1.0,-0.004574967603789504,-0.006574967603789504,0.7541441165310383,1.8899606624950305
2011-05-02,0.0005303070147730793,-1.0,-0.0005303070147730793,-0.0025303070147730793,0.75223590038283,1.8909629218919968
2011-05-03,0.013604621179202026,1.0,0.013604621179202026,0.011604621179202025,0.7609653130441686,1.9166887561082544
2011-05-04,0.0010455169662515473,1.0,0.0010455169662515473,0.0010455169662515473,0.7617609151896851,1.918692686721789
2011-05-05,-0.006616428812437403,1.0,-0.006616428812437403,-0.006616428812437403,0.7567207783222354,1.9059977931471501
2011-05-06,0.005959782321568685,1.0,0.005959782321568685,0.005959782321568685,0.7612306694392439,1.9173571250996975
2011-05-09,0.004530425789468051,-1.0,-0.004530425789468051,-0.006530425789468051,0.7562595090438038,1.9260435692668694
2011-05-10,0.012141303835535577,1.0,0.012141303835535577,0.010141303835535577,0.7639289665035299,1.9494282494418178
2011-05-11,-0.0022273934699063025,1.0,-0.0022273934699063025,-0.0022273934699063025,0.7622273961120677,1.9450861056889601
2011-05-12,0.011336108292976377,1.0,0.011336108292976377,0.011336108292976377,0.7708680884182675,1.9671358124222138
2011-05-13,-0.004075915381624551,1.0,-0.004075915381624551,-0.004075915381624551,0.76772609531948,1.9591179333066175
2011-05-16,-0.009720454495871556,1.0,-0.009720454495871556,-0.009720454495871556,0.7602634487446338,1.9400744165838646
2011-05-17,0.009127158612525665,1.0,0.009127158612525665,0.009127158612525665,0.7672024938286318,1.9577817835041287
2011-05-18,-0.0017065541955886276,1.0,-0.0017065541955886276,-0.0017065541955886276,0.7658932211939226,1.9544407227874427
2011-05-19,-0.0018801076743343303,-1.0,0.0018801076743343303,-0.0001198923256656697,0.765801396474422,1.9507661637854985
2011-05-20,-0.010447408379394396,-1.0,0.010447408379394396,0.010447408379394396,0.7738020364009008,1.9303857130197268
2011-05-23,-0.0032880738208831417,1.0,-0.0032880738208831417,-0.005288073820883142,0.7697101141096632,1.92403846229254
2011-05-24,-0.0036462991027065295,1.0,-0.0036462991027065295,-0.0036462991027065295,0.7669035208112409,1.9170228425739098
2011-05-25,-0.006448532169382126,1.0,-0.006448532169382126,-0.006448532169382126,0.7619581187864772,1.9046608591041316
2011-05-26,0.0015786422955699209,1.0,0.0015786422955699209,0.0015786422955699209,0.7631609781002464,1.9076676372950299
2011-05-27,0.004378411416305461,1.0,0.004378411416305461,0.004378411416305461,0.7665024108392394,1.916020191056679
2011-05-31,0.01046198995867531,-1.0,-0.01046198995867531,-0.01246198995867531,0.7569502654920603,1.936065575056133
2011-06-01,-0.01114952967415428,1.0,-0.01114952967415428,-0.01314952967415428,0.7469967255141136,1.9144793544759362
2011-06-02,-0.009690052675151328,1.0,-0.009690052675151328,-0.009690052675151328,0.7397582878957163,1.8959279486855747
2011-06-03,-0.0094288238995629,1.0,-0.0094288238995629,-0.0094288238995629,0.7327832372709054,1.8780515779311588
2011-06-06,-0.004848962157362191,-1.0,0.004848962157362191,0.002848962157362191,0.7348709089834397,1.8689449769001962
2011-06-07,0.0,-1.0,-0.0,-0.0,0.7348709089834397,1.8689449769001962
2011-06-08,0.00162391664146333,-1.0,-0.00162391664146333,-0.00162391664146333,0.7336775398850142,1.8719799877501637
2011-06-09,0.0023426922674503192,-1.0,-0.0023426922674503192,-0.0023426922674503192,0.7319587591855236,1.8763654607922877
2011-06-10,-0.002517042990141327,-1.0,0.002517042990141327,0.002517042990141327,0.733801130849404,1.8716425682622573
2011-06-13,0.00738885604301065,-1.0,-0.00738885604301065,-0.00738885604301065,0.7283791799293593,1.8854718657631178
2011-06-14,-0.00017885359834723946,-1.0,0.00017885359834723946,0.00017885359834723946,0.7285094531666508,1.8851346423353434
2011-06-15,-0.007515274957556328,1.0,-0.007515274957556328,-0.009515274957556328,0.7215774854105912,1.8709673371661788
2011-06-16,0.012259473715537483,-1.0,-0.012259473715537483,-0.014259473715537483,0.7112881702236552,1.8939044120587967
2011-06-17,0.008548404762244832,-1.0,-0.008548404762244832,-0.008548404762244832,0.7052077910419869,1.9100942735540767
2011-06-20,0.007416865881985757,-1.0,-0.007416865881985757,-0.007416865881985757,0.6999773594368971,1.9242611866029762
2011-06-21,-0.0014025974237690253,-1.0,0.0014025974237690253,0.0014025974237690253,0.70095914587794,1.921562222819988
2011-06-22,-0.004388278524320555,1.0,-0.004388278524320555,-0.006388278524320555,0.6964812236199018,1.9131298725844414
2011-06-23,-0.005994544097878696,1.0,-0.005994544097878696,-0.005994544097878696,0.6923061362115678,1.901661531198265
2011-06-24,0.0040796426245433,1.0,0.0040796426245433,0.0040796426245433,0.6951304978340894,1.9094196306383957
2011-06-27,0.006535920867847267,1.0,0.006535920867847267,0.006535920867847267,0.6996738157607603,1.9218994462477623
2011-06-28,0.0019308138798250774,1.0,0.0019308138798250774,0.0019308138798250774,0.7010247556755813,1.9256102763742056
2011-06-29,0.002452062199276739,1.0,0.002452062199276739,0.002452062199276739,0.7027437119797306,1.9303319925434417
2011-06-30,0.004018439889770242,1.0,0.004018439889770242,0.004018439889770242,0.7055676453442352,1.9380889156227779
2011-07-01,0.01253098579124945,1.0,0.01253098579124945,0.01253098579124945,0.7144091034828092,1.9623750802866249
2011-07-05,-0.008422180453343864,1.0,-0.008422180453343864,-0.008422180453343864,0.7083922210957654,1.9458476032433059
2011-07-06,0.0012133304328401096,1.0,0.0012133304328401096,0.0012133304328401096,0.7092517349360081,1.9482085593579899
2011-07-07,0.005020735567448309,1.0,0.005020735567448309,0.005020735567448309,0.7128127003478758,1.9579899993647658
2011-07-08,-0.006029130198511368,-1.0,0.006029130198511368,0.004029130198511368,0.7156847155247299,1.9461850227312125
2011-07-11,-0.009358916110158044,1.0,-0.009358916110158044,-0.011358916110158044,0.7075553128797621,1.927970840368625
2011-07-12,0.002274250579824999,1.0,0.002274250579824999,0.002274250579824999,0.7091644709603372,1.932355529170219
2011-07-13,-0.0015708304835270193,-1.0,0.0015708304835270193,-0.0004291695164729808,0.7088601191872353,1.9293201261999864
2011-07-14,-0.003671579686744031,-1.0,0.003671579686744031,0.003671579686744031,0.7114627556015862,1.922236473615404
2011-07-15,-0.0033337341770021123,-1.0,0.0033337341770021123,0.0033337341770021123,0.7138345833055993,1.9158282481870323
2011-07-18,-0.007746399886364941,-1.0,0.007746399886364941,0.007746399886364941,0.7193642314406012,1.9009874764629815
2011-07-19,0.00727459047038348,-1.0,-0.00727459047038348,-0.00727459047038348,0.7141311512578287,1.9148163818435775
2011-07-20,0.00299493932048156,1.0,0.00299493932048156,0.00099493932048156,0.7148416684201958,1.920551140717063
2011-07-21,0.01668380849809492,1.0,0.01668380849809492,0.01668380849809492,0.726767949922577,1.9525932481595842
2011-07-22,-0.007428240648930551,-1.0,0.007428240648930551,0.005428240648930551,0.7307130212506866,1.9380889156227779
2011-07-25,0.0013927926017704984,1.0,0.0013927926017704984,-0.0006072073982295017,0.7302693268982006,1.9407882715260307
2011-07-26,-0.003128515526504616,1.0,-0.003128515526504616,-0.003128515526504616,0.7279846679704695,1.9347164852849035
2011-07-27,-0.012377919481960542,1.0,-0.012377919481960542,-0.012377919481960542,0.7189737323662292,1.9107687204096253
2011-07-28,-0.007237454377923669,-1.0,0.007237454377923669,0.005237454377923669,0.7227393244884228,1.896939618968897
2011-07-29,-0.017603080836294915,-1.0,0.017603080836294915,0.017603080836294915,0.7354617632409616,1.863547637514617
2011-08-01,0.002896271217824653,1.0,0.002896271217824653,0.000896271217824653,0.736120936451165,1.8689449769001956
2011-08-02,-0.021115637026935974,-1.0,0.021115637026935974,0.019115637026935972,0.7501923570802936,1.8294810131446557
2011-08-03,-0.003871517820170256,1.0,-0.003871517820170256,-0.005871517820170256,0.7457875892871412,1.822398144800603
2011-08-04,-0.02850287323490297,1.0,-0.02850287323490297,-0.02850287323490297,0.7245305001695259,1.7704545614958291
2011-08-05,0.00609667978234274,-1.0,-0.00609667978234274,-0.00809667978234274,0.7186642087171127,1.7812484560264572
2011-08-08,-0.04999078172613414,1.0,-0.04999078172613414,-0.05199078172613414,0.6813002947073163,1.6922024532612252
2011-08-09,0.035279881747710906,1.0,0.035279881747710906,0.035279881747710906,0.7053364885392711,1.7519031557054676
2011-08-10,-0.03369275947508488,1.0,-0.03369275947508488,-0.03369275947508488,0.6815717558819165,1.692876704056641
2011-08-11,0.04502901565433559,-1.0,-0.04502901565433559,-0.04702901565433559,0.6495181071049929,1.7691052756644676
2011-08-12,0.004575720201048794,-1.0,-0.004575720201048794,-0.004575720201048794,0.6465460939813656,1.7772002064121075
2011-08-15,0.0389070983754658,-1.0,-0.0389070983754658,-0.0389070983754658,0.6213908614985595,1.8463459096758814
2011-08-16,-0.0009140679496111304,-1.0,0.0009140679496111304,0.0009140679496111304,0.6219588549692365,1.844658224055951
2011-08-17,0.006583101586999707,1.0,0.006583101586999707,0.004583101586999707,0.6248093555844946,1.8568017965382058
2011-08-18,-0.00835609418775396,1.0,-0.00835609418775396,-0.00835609418775396,0.6195883897598407,1.8412861858383418
2011-08-19,-0.005495219261463347,1.0,-0.005495219261463347,-0.005495219261463347,0.6161836157062534,1.8311679145240565
2011-08-22,-0.002947377617660618,1.0,-0.002947377617660618,-0.002947377617660618,0.6143674899089515,1.82577077119861
2011-08-23,0.018289359234560765,1.0,0.018289359234560765,0.018289359234560765,0.6256038776339317,1.8591629487130223
2011-08-24,0.026937819690262765,1.0,0.026937819690262765,0.026937819690262765,0.6424562820871638,1.909244745000271
2011-08-25,-0.014810449353500399,1.0,-0.014810449353500399,-0.014810449353500399,0.6329412158594737,1.8809679724010078
2011-08-26,0.0036224315789561423,1.0,0.0036224315789561423,0.0036224315789561423,0.635234002107426,1.8877816501832383
2011-08-29,0.015881253579835386,-1.0,-0.015881253579835386,-0.017881253579835388,0.6238752218332094,1.9177619892731583
2011-08-30,0.0026648267305451334,-1.0,-0.0026648267305451334,-0.0026648267305451334,0.6222127024655435,1.922872492684997
2011-08-31,0.0049609663560730155,-1.0,-0.0049609663560730155,-0.0049609663560730155,0.6191259261822907,1.9324117984282254
2011-09-01,0.0,-1.0,-0.0,-0.0,0.6191259261822907,1.9324117984282254
2011-09-02,-0.019216799138006224,-1.0,0.019216799138006224,0.019216799138006224,0.6310235447468677,1.8952770290459169
2011-09-06,-0.010426391732954454,-1.0,0.010426391732954454,0.010426391732954454,0.637602843417116,1.8755161282986141
2011-09-07,-0.0009083187635408052,-1.0,0.0009083187635408052,0.0009083187635408052,0.6381819900434788,1.873812561807957
2011-09-08,-0.0061818481635468325,1.0,-0.0061818481635468325,-0.008181848163546833,0.6329604819002329,1.8622289370639136
2011-09-09,-0.01939230094288913,1.0,-0.01939230094288913,-0.01939230094288913,0.6206859217502675,1.8261160330918136
2011-09-12,0.009701461049052673,-1.0,-0.009701461049052673,-0.011701461049052673,0.6134229896132114,1.8438320266579045
2011-09-13,-0.009793266379716559,-1.0,0.009793266379716559,0.009793266379716559,0.6194304043539357,1.825774888461391
2011-09-14,0.004851529495170981,1.0,0.004851529495170981,0.002851529495170981,0.6211967284221567,1.8346326891843039
2011-09-15,0.00909997328346246,1.0,0.00909997328346246,0.00909997328346246,0.6268496020545726,1.851327797640848
2011-09-16,0.017297892869726272,1.0,0.017297892869726272,0.017297892869726272,0.6376927793163432,1.8833518675511856
2011-09-19,-0.009587766634384765,1.0,-0.009587766634384765,-0.009587766634384765,0.6315787297638258,1.865294729354672
2011-09-20,0.016803534957463784,1.0,0.016803534957463784,0.016803534957463784,0.6421914850278028,1.8966382745453563
2011-09-21,-0.015447357686640517,1.0,-0.015447357686640517,-0.015447357686640517,0.6322713234552635,1.8673402247162814
2011-09-22,-0.02663790102058683,1.0,-0.02663790102058683,-0.02663790102058683,0.6154289425229067,1.8175982006385287
2011-09-23,0.008622404379601045,1.0,0.008622404379601045,0.008622404379601045,0.6207354197322494,1.8332702673240693
2011-09-26,0.010592637802841809,1.0,0.010592637802841809,0.010592637802841809,0.6273106452048681,1.852689435260552
2011-09-27,0.00331019372464314,1.0,0.00331019372464314,0.00331019372464314,0.6293871649660271,1.8588221962028642
2011-09-28,-0.013196246170449566,1.0,-0.013196246170449566,-0.013196246170449566,0.621081617000614,1.8342927209146755
2011-09-29,0.012630179078869652,1.0,0.012630179078869652,0.012630179078869652,0.6289259890459258,1.857460166462895
2011-09-30,-0.009171377752276166,1.0,-0.009171377752276166,-0.009171377752276166,0.6231578712221617,1.840424697616458
2011-10-03,-0.021288601883319602,1.0,-0.021288601883319602,-0.021288601883319602,0.6098917113912562,1.8012446289326725
2011-10-04,0.0026481394504640487,1.0,0.0026481394504640487,0.0026481394504640487,0.6115067896927024,1.8060145758944854
2011-10-05,0.00018867650056986207,1.0,0.00018867650056986207,0.00018867650056986207,0.6116221666538564,1.8063553284046434
2011-10-06,0.013957364983905762,1.0,0.013957364983905762,0.013957364983905762,0.6201588004660915,1.83156728901381
2011-10-07,0.00818423301985205,1.0,0.00818423301985205,0.00818423301985205,0.6252343245984179,1.8465572624986377
2011-10-10,0.01660518897157992,-1.0,-0.01660518897157992,-0.018605188971579922,0.6136017218377462,1.877219694789271
2011-10-11,-0.0059893172788242355,-1.0,0.0059893172788242355,0.0059893172788242355,0.6172767772326653,1.8659764304351205
2011-10-12,-0.00164268104375076,-1.0,0.00164268104375076,0.00164268104375076,0.6182907660933729,1.8629112263247591
2011-10-13,-0.0016463310802007358,-1.0,0.0016463310802007358,0.0016463310802007358,0.6193086773981934,1.8598442576732057
2011-10-14,0.004945767439928694,1.0,0.004945767439928694,0.0029457674399286943,0.6211330167353383,1.8690426148461443
2011-10-17,-0.0030989172671330723,1.0,-0.0030989172671330723,-0.0030989172671330723,0.6192081769045906,1.86325060641399
2011-10-18,0.00256001363713132,1.0,0.00256001363713132,0.00256001363713132,0.6207933582816896,1.868020553375803
2011-10-19,-0.0014592045126080588,1.0,-0.0014592045126080588,-0.0014592045126080588,0.6198874938118878,1.8652947293546724
2011-10-20,0.006027712531077034,1.0,0.006027712531077034,0.006027712531077034,0.6236239974261957,1.8765381897689555
2011-10-21,0.014342658703085265,1.0,0.014342658703085265,0.014342658703085265,0.6325684235803333,1.903452736568117
2011-10-24,-0.0005368483233532118,1.0,-0.0005368483233532118,-0.0005368483233532118,0.632228830282728,1.9024308711579083
2011-10-25,-0.011461251905665493,1.0,-0.011461251905665493,-0.011461251905665493,0.6249826963968335,1.880626631710453
2011-10-26,0.015036346089710717,-1.0,-0.015036346089710717,-0.01703634608971072,0.6143352748809364,1.9089043846103784
2011-10-27,0.03159006363902761,1.0,0.03159006363902761,0.02959006363902761,0.6325134947603629,1.969206795601039
2011-10-28,-0.013148687779597767,1.0,-0.013148687779597767,-0.013148687779597767,0.6241967723013766,1.9433143102722188
2011-10-31,-0.01122043280008489,-1.0,0.01122043280008489,0.00922043280008489,0.6299521366944113,1.921509482644366
2011-11-01,-0.018617202821905154,-1.0,0.018617202821905154,0.018617202821905154,0.6416800833913436,1.8857363508817617
2011-11-02,0.015357002534686304,1.0,0.015357002534686304,0.013357002534686304,0.6502510058916595,1.914695608802003
2011-11-03,0.025088730033886453,-1.0,-0.025088730033886453,-0.027088730033886455,0.6326365319387972,1.9627328900283043
2011-11-04,-0.020308620467827332,-1.0,0.020308620467827332,0.020308620467827332,0.6454845071600248,1.9228724926849976
2011-11-07,-0.007264188409661365,1.0,-0.007264188409661365,-0.009264188409661365,0.6395046170701769,1.9089043846103786
2011-11-08,0.007495644402028212,-1.0,-0.007495644402028212,-0.009495644402028212,0.6334321086330233,1.9232128530748904
2011-11-09,-0.027812073459668518,1.0,-0.027812073459668518,-0.02981207345966852,0.6145481840787429,1.8697243159265928
2011-11-10,0.007470782732923453,-1.0,-0.007470782732923453,-0.009470782732923453,0.6087279317484204,1.8836926200613444
2011-11-11,0.009586136328366468,1.0,0.009586136328366468,0.007586136328366468,0.6133458248255486,1.9017499543179903
2011-11-14,-0.009853471658781698,-1.0,0.009853471658781698,0.007853471658781698,0.6181627188778481,1.8830111150410287
2011-11-15,0.006875599799380572,-1.0,-0.006875599799380572,-0.006875599799380572,0.613912479411947,1.8959579458858362
2011-11-16,-0.0008988356913465223,-1.0,0.0008988356913465223,0.0008988356913465223,0.6144642858598056,1.8942537912147819
2011-11-17,-0.003956489176322409,1.0,-0.003956489176322409,-0.005956489176322409,0.610804235991845,1.886759196592633
2011-11-18,0.002708614549788768,1.0,0.002708614549788768,0.002708614549788768,0.6124586692325251,1.8918697000044715
2011-11-21,-0.014946883942232425,-1.0,0.014946883942232425,0.012946883942232425,0.6203881005424927,1.8635921431646787
2011-11-22,-0.012742699869660923,-1.0,0.012742699869660923,0.012742699869660923,0.6282935199104147,1.839844947804873
2011-11-23,-0.020201756484516054,1.0,-0.020201756484516054,-0.022201756484516055,0.6143443001805643,1.802676848200052
2011-11-25,0.003627273231526118,1.0,0.003627273231526118,0.003627273231526118,0.6165726948155499,1.8092156496766199
2011-11-28,0.01864180658984793,1.0,0.01864180658984793,0.01864180658984793,0.6280667237408827,1.8429426978972174
2011-11-29,0.015872853763636563,1.0,0.015872853763636563,0.015872853763636563,0.638035935000628,1.8721954578357018
2011-11-30,0.019117741924673748,1.0,0.019117741924673748,0.019117741924673748,0.650233741344638,1.9079876074311513
2011-12-01,0.0025250612820340024,1.0,0.0025250612820340024,0.0025250612820340024,0.6518756213891794,1.9128053930652764
2011-12-02,0.003238755017569206,-1.0,-0.003238755017569206,-0.005238755017569206,0.6484606047067958,1.9190005011297
2011-12-05,0.013450293712100825,1.0,0.013450293712100825,0.011450293712100825,0.6558856690914151,1.9448116215035631
2011-12-06,0.0047781810813385395,-1.0,-0.0047781810813385395,-0.0067781810813385395,0.6514399572576586,1.9541042836001987
2011-12-07,0.005283709155399219,-1.0,-0.005283709155399219,-0.005283709155399219,0.6479979379913035,1.964429202294062
2011-12-08,-0.008058766065134448,1.0,-0.008058766065134448,-0.010058766065134448,0.6414798783223594,1.9485983269012555
2011-12-09,0.015188686658592632,1.0,0.015188686658592632,0.015188686658592632,0.6512231151919898,1.9781949763120166
2011-12-12,-0.00852480183822446,1.0,-0.00852480183822446,-0.00852480183822446,0.6456715671825068,1.9613312561415854
2011-12-13,0.006843352219968457,-1.0,-0.006843352219968457,-0.008843352219968457,0.6399616660954929,1.9747533367473955
2011-12-14,-0.00365958438797076,1.0,-0.00365958438797076,-0.00565958438797076,0.6363397490411591,1.9675265602661416
2011-12-15,0.012943481036283622,1.0,0.012943481036283622,0.012943481036283622,0.6445762005155068,1.9929932029873307
2011-12-16,-0.0006904921037569345,-1.0,0.0006904921037569345,-0.0013095078962430656,0.6437321228912014,1.9916170569178266
2011-12-19,-0.005529722554056149,-1.0,0.005529722554056149,0.005529722554056149,0.6472917829299234,1.980603967159145
2011-12-20,0.02067793747846358,1.0,0.02067793747846358,0.01867793747846358,0.6593818583818117,2.021558772161659
2011-12-21,0.016002561170146645,1.0,0.016002561170146645,0.016002561170146645,0.6699336569050517,2.0539088900722224
2011-12-22,0.0006701086578324578,-1.0,-0.0006701086578324578,-0.002670108657832458,0.6681448612475761,2.055285232201859
2011-12-23,0.008874997102433113,-1.0,-0.008874997102433113,-0.008874997102433113,0.6622150775399983,2.073525882682324
2011-12-27,0.008630320304456207,-1.0,-0.008630320304456207,-0.008630320304456207,0.6564999493103878,2.091421075209453
2011-12-28,-0.0016458798210559067,-1.0,0.0016458798210559067,0.0016458798210559067,0.657580469329482,2.0879788474644347
2011-12-29,0.006758509124118683,1.0,0.006758509124118683,0.004758509124118683,0.6607095719926286,2.10209047155599
2011-12-30,-0.003274119255018526,1.0,-0.003274119255018526,-0.003274119255018526,0.6585463300609925,2.0952079766672775
2012-01-03,-0.03170188193429535,1.0,-0.03170188193429535,-0.03170188193429535,0.6376691720571355,2.0287859407631776
2012-01-04,-0.002544701884675926,1.0,-0.002544701884675926,-0.002544701884675926,0.6360464941132019,2.0236232853561136
2012-01-05,0.012755097591983677,-1.0,-0.012755097591983677,-0.014755097591983677,0.6266615660195225,2.0494347978502416
2012-01-06,-0.010579452416619617,-1.0,0.010579452416619617,0.010579452416619617,0.6332913022385503,2.0277528999254204
2012-01-09,0.0011879133730174907,1.0,0.0011879133730174907,-0.0008120866269825094,0.6327770148410181,2.0301616947124166
2012-01-10,0.004407524980465594,1.0,0.004407524980465594,0.004407524980465594,0.6355659953409943,2.039109683096246
2012-01-11,-0.0006747797927585397,-1.0,0.0006747797927585397,-0.0013252202072414603,0.6347237304409329,2.0377337330868746
2012-01-12,0.003040483721803877,-1.0,-0.003040483721803877,-0.003040483721803877,0.6327938632706847,2.043929429331696
2012-01-13,-0.004546660996969543,-1.0,0.004546660996969543,0.004546660996969543,0.6356709624479392,2.034636375114795
2012-01-17,0.0005076311375620257,-1.0,-0.0005076311375620257,-0.0005076311375620257,0.6353482760741566,2.03566921989242
2012-01-18,0.005916854299220509,1.0,0.005916854299220509,0.003916854299220509,0.6378368427008,2.047713978067931
2012-01-19,-0.011932423339163667,-1.0,0.011932423339163667,0.009932423339163667,0.64417210824382,2.0232797880041016
2012-01-20,0.008844742429278352,-1.0,-0.008844742429278352,-0.008844742429278352,0.6384745718662782,2.041175176591363
2012-01-23,0.0008433416114643766,1.0,0.0008433416114643766,-0.0011566583885356235,0.6377360748968623,2.0428965845540703
2012-01-24,-0.0028638896633267352,1.0,-0.0028638896633267352,-0.0028638896633267352,0.6359096691440347,2.0370459541423203
2012-01-25,0.01452929690206961,1.0,0.01452929690206961,0.01452929690206961,0.6451489895299252,2.0666427996132137
2012-01-26,-0.006328419819935038,1.0,-0.006328419819935038,-0.006328419819935038,0.6410662158777729,2.0535642163594154
2012-01-27,0.00419002773970778,1.0,0.00419002773970778,0.00419002773970778,0.6437523011052902,2.0621687073912325
2012-01-30,0.0001667610758733229,1.0,0.0001667610758733229,0.0001667610758733229,0.6438596539316185,2.062512596863509
2012-01-31,-0.0013349118176816388,1.0,-0.0013349118176816388,-0.0013349118176816388,0.6430001580706568,2.059759324423839
2012-02-01,0.0016710844048970497,1.0,0.0016710844048970497,0.0016710844048970497,0.644074665607155,2.063201356108725
2012-02-02,0.0026687423128979315,-1.0,-0.0026687423128979315,-0.0046687423128979316,0.6410676469631693,2.0687075088678006
2012-02-03,0.0016632874919928486,-1.0,-0.0016632874919928486,-0.0016632874919928486,0.6400013671644542,2.072148364191892
2012-02-06,-0.003985923663321844,1.0,-0.003985923663321844,-0.005985923663321844,0.6361703678361862,2.063888938993146
2012-02-07,0.0035015336071229086,1.0,0.0035015336071229086,0.0035015336071229086,0.6383979397590204,2.0711157154743995
2012-02-08,0.0028251529107858886,-1.0,-0.0028251529107858886,-0.004825152910785889,0.6353175720817524,2.0769669340665464
2012-02-09,-0.0009940982789479191,1.0,-0.0009940982789479191,-0.002994098278947919,0.6334153688325971,2.074902224811959
2012-02-10,0.0011609196607877958,1.0,0.0011609196607877958,0.0011609196607877958,0.63415071318772,2.0773110195989557
2012-02-13,-0.005301419736627899,1.0,-0.005301419736627899,-0.005301419736627899,0.63078881408083,2.0662983219605393
2012-02-14,0.005663004590997112,1.0,0.005663004590997112,0.005663004590997112,0.6343609740309194,2.0779997788441715
2012-02-15,-0.006790587753995991,-1.0,0.006790587753995991,0.004790587753995991,0.6373999359447249,2.063888938993146
2012-02-16,0.007670790484036294,1.0,0.007670790484036294,0.005670790484036294,0.6410144974360056,2.079720598626482
2012-02-17,-0.00347506708655565,1.0,-0.00347506708655565,-0.00347506708655565,0.6387869290539607,2.0724934300249633
2012-02-21,0.0031549462698932107,1.0,0.0031549462698932107,0.0031549462698932107,0.640802267493036,2.079032035441399
2012-02-22,-0.003807695038868575,1.0,-0.003807695038868575,-0.003807695038868575,0.638362287878207,2.0711157154744
2012-02-23,0.0004985953753220418,-1.0,-0.0004985953753220418,-0.002498595375322042,0.6367672788179346,2.0721483641918925
2012-02-24,0.009300835476168334,1.0,0.009300835476168334,0.007300835476168334,0.6414162119571918,2.091421075209453
2012-02-27,0.0008229867829954163,-1.0,-0.0008229867829954163,-0.0028229867829954163,0.6396055024684376,2.093142287112028
2012-02-28,-0.0055902844711260835,1.0,-0.0055902844711260835,-0.0075902844711260836,0.6347507147554047,2.0814410262885286
2012-02-29,-0.006178965632223532,1.0,-0.006178965632223532,-0.006178965632223532,0.6308286119039017,2.0685798737215917
2012-03-01,0.005041446374103309,-1.0,-0.005041446374103309,-0.007041446374103309,0.6263866660619304,2.0790085082255083
2012-03-02,-0.000167767940442487,1.0,-0.000167767940442487,-0.002167767940442487,0.6250288051289207,2.078659717249921
2012-03-05,0.0006690149945001167,-1.0,-0.0006690149945001167,-0.0026690149945001167,0.623360593876037,2.0800503717692242
2012-03-06,-0.0051803865062242105,-1.0,0.0051803865062242105,0.0051803865062242105,0.6265898426850643,2.069274906891044
2012-03-07,0.0036954651697456153,-1.0,-0.0036954651697456153,-0.0036954651697456153,0.6242743017457053,2.0769218402360887
2012-03-08,0.00016765329751189384,1.0,0.00016765329751189384,-0.0018323467024881062,0.6231304147874535,2.077270043031279
2012-03-09,0.004183267947552194,1.0,0.004183267947552194,0.004183267947552194,0.6257371362787787,2.085959820220702
2012-03-12,0.012664356258085485,1.0,0.012664356258085485,0.012664356258085485,0.6336616942965273,2.112377158524029
2012-03-13,0.0023041305705546744,-1.0,-0.0023041305705546744,-0.0043041305705546744,0.6309343316267162,2.1172443513115256
2012-03-14,-0.013955147878211172,1.0,-0.013955147878211172,-0.015955147878211173,0.6208676810641716,2.0876978932946657
2012-03-15,0.003163711455766549,1.0,0.003163711455766549,0.003163711455766549,0.6228319272592695,2.094302767035862
2012-03-16,-0.0014937360167033287,1.0,-0.0014937360167033287,-0.0014937360167033287,0.6219015807771696,2.091174431562859
2012-03-19,-0.0021611693622295425,1.0,-0.0021611693622295425,-0.0021611693622295425,0.6205575461344719,2.0866550494502873
2012-03-20,0.002831831898985726,1.0,0.002831831898985726,0.002831831898985726,0.6223148607887719,2.0925641057815003
2012-03-21,0.0018274961672237744,1.0,0.0018274961672237744,0.0018274961672237744,0.6234521388116697,2.096388258664486
2012-03-22,-0.0003317254267399816,1.0,-0.0003317254267399816,-0.0003317254267399816,0.6232453238848704,2.095692833374768
2012-03-23,0.0018244871775561222,1.0,0.0018244871775561222,0.0018244871775561222,0.6243824269867702,2.0995163980773563
2012-03-26,0.0087746846370087,1.0,0.0087746846370087,0.0087746846370087,0.6298611858764692,2.1179389923607137
2012-03-27,0.000492201016117022,1.0,0.000492201016117022,0.000492201016117022,0.6301712041921703,2.1189814440848274
2012-03-28,-0.00836561399002611,-1.0,0.00836561399002611,0.006365613990026111,0.6341826308256876,2.1012548632715857
2012-03-29,0.0024812921044283787,1.0,0.0024812921044283787,0.0004812921044283786,0.6344878579186696,2.1064686903732133
2012-03-30,0.007920798161354048,1.0,0.007920798161354048,0.007920798161354048,0.6395135081770732,2.123153603702871
2012-04-02,0.012278958886126512,-1.0,-0.012278958886126512,-0.014278958886126512,0.6303819210866902,2.14922371951167
2012-04-03,0.002102523758299446,-1.0,-0.002102523758299446,-0.002102523758299446,0.629056528120803,2.1537425134438437
2012-04-04,0.007746939676172682,1.0,0.007746939676172682,0.005746939676172682,0.6326716780408159,2.1704274267735015
2012-04-05,0.007046747881002791,1.0,0.007046747881002791,0.007046747881002791,0.6371299558474205,2.185721881643988
2012-04-09,-0.003975790937783663,1.0,-0.003975790937783663,-0.003975790937783663,0.6345968603427719,2.1770319083944325
2012-04-10,-0.00606768847591288,1.0,-0.00606768847591288,-0.00606768847591288,0.6307463242864195,2.163822356972173
2012-04-11,0.0024098167140305105,1.0,0.0024098167140305105,0.0024098167140305105,0.6322663073209982,2.169036772254197
2012-04-12,0.0019229656733361633,1.0,0.0019229656733361633,0.0019229656733361633,0.6334821337263835,2.173207755511446
2012-04-13,-0.007037732509327932,1.0,-0.007037732509327932,-0.007037732509327932,0.6290238559197789,2.1579133006409594
2012-04-16,0.010309470366518969,-1.0,-0.010309470366518969,-0.012309470366518969,0.621280905405501,2.1801602438674346
2012-04-17,0.0047829760370077246,-1.0,-0.0047829760370077246,-0.0047829760370077246,0.618309333722696,2.190587898070689
2012-04-18,-0.003490902790028283,-1.0,0.003490902790028283,0.003490902790028283,0.6204677915008892,2.182940768665512
2012-04-19,-0.001273751829637404,1.0,-0.001273751829637404,-0.003273751829637404,0.6184365339332321,2.180160243867434
2012-04-20,0.011798265355078774,-1.0,-0.011798265355078774,-0.013798265355078774,0.6099031825327461,2.2058823529411753
2012-04-23,-0.0018907568626927995,1.0,-0.0018907568626927995,-0.0038907568626927996,0.6075301975397287,2.2017115657440587
2012-04-24,0.008841226321769424,-1.0,-0.008841226321769424,-0.010841226321769424,0.6009438251708912,2.221177395992059
2012-04-25,0.007981066746743926,-1.0,-0.007981066746743926,-0.007981066746743926,0.5961476523911586,2.2389047610458306
2012-04-26,0.00031052202026704556,1.0,0.00031052202026704556,-0.0016894779797329545,0.5951404740597743,2.239599990275416
2012-04-27,0.0017072534020319274,-1.0,-0.0017072534020319274,-0.0037072534020319275,0.5929341375126294,2.2434235549780044
2012-04-30,-0.0029439298728393126,-1.0,0.0029439298728393126,0.0029439298728393126,0.594679694032679,2.2368190733570734
2012-05-01,-0.008702373124283791,1.0,-0.008702373124283791,-0.010702373124283791,0.5883152100577063,2.2173534391692056
2012-05-02,0.0,1.0,0.0,0.0,0.5883152100577063,2.2173534391692056
2012-05-03,-0.002978630995128184,-1.0,0.002978630995128184,0.0009786309951281841,0.5888909535571741,2.210748761488142
2012-05-04,-0.000471715222708724,-1.0,0.000471715222708724,0.000471715222708724,0.5891687423844825,2.2097059176437637
2012-05-07,0.008966552836098929,1.0,0.008966552836098929,0.006966552836098929,0.5932732175576819,2.229519362506557
2012-05-08,0.0009355755253652731,1.0,0.0009355755253652731,0.0009355755253652731,0.5938282694598835,2.2316052462554463
2012-05-09,-0.0007789321776390246,-1.0,0.0007789321776390246,-0.0012210678223609755,0.5931031648680378,2.22986697712135
2012-05-10,0.014653247850705542,-1.0,-0.014653247850705542,-0.014653247850705542,0.5844122771921886,2.2625417706112128
2012-05-11,0.001228938547873426,1.0,0.001228938547873426,-0.000771061452126574,0.5839616594130962,2.2653222954092906
2012-05-14,0.008132611611582297,-1.0,-0.008132611611582297,-0.010132611611582297,0.5780446027222081,2.2837452818129127
2012-05-15,-0.0009133609450671099,1.0,-0.0009133609450671099,-0.00291336094506711,0.5763605501521304,2.2816593980640234
2012-05-16,-0.0012186414854192806,-1.0,0.0012186414854192806,-0.0007813585145807194,0.5759102059288006,2.278878873265946
2012-05-17,-0.007779071245018754,-1.0,0.007779071245018754,0.007779071245018754,0.5803902524514541,2.261151312152042
2012-05-18,-0.0007684071756848265,1.0,-0.0007684071756848265,-0.0027684071756848266,0.5787834959118701,2.259413827258475
2012-05-21,0.0030768600650845634,1.0,0.0030768600650845634,0.0030768600650845634,0.5805643317367714,2.2663657274340663
2012-05-22,0.0062883968433355975,-1.0,-0.0062883968433355975,-0.008288396843335597,0.575752384162251,2.2806175345203066
2012-05-23,-0.01021196700376148,-1.0,0.01021196700376148,0.01021196700376148,0.581631948511653,2.257327943509585
2012-05-24,0.0013858577713521392,1.0,0.0013858577713521392,-0.0006141422286478609,0.5812747437705412,2.260456278982588
2012-05-25,0.004613248404969461,1.0,0.004613248404969461,0.004613248404969461,0.5839563085550897,2.270884325306108
2012-05-29,0.004744879621493947,1.0,0.004744879621493947,0.004744879621493947,0.5867271109433956,2.281659398064023
2012-05-30,-0.007160184674625203,-1.0,0.007160184674625203,0.005160184674625203,0.5897547311894729,2.26532229540929
2012-05-31,0.011925164671407584,1.0,0.011925164671407584,0.009925164671407584,0.5956081440122701,2.292336636815857
2012-06-01,-0.011478524475864171,1.0,-0.011478524475864171,-0.011478524475864171,0.5887714413532013,2.266023994623246
2012-06-04,0.0021679729561012717,1.0,0.0021679729561012717,0.0021679729561012717,0.5900478819153797,2.270936673361466
2012-06-05,0.006488381364944562,-1.0,-0.006488381364944562,-0.008488381364944562,0.5850393304701041,2.2856713765538736
2012-06-06,0.00782783548344268,-1.0,-0.00782783548344268,-0.00782783548344268,0.5804597388398407,2.3035632360587512
2012-06-07,0.008985665406077592,1.0,0.008985665406077592,0.006985665406077592,0.584514636357075,2.3242622845397167
2012-06-08,0.010415320522142668,-1.0,-0.010415320522142668,-0.012415320522142668,0.5772576997968183,2.3484702212107256
2012-06-11,-0.003884268873855068,1.0,-0.003884268873855068,-0.005884268873855068,0.5738609602817107,2.3393481314293014
2012-06-12,0.003299253783317857,1.0,0.003299253783317857,0.003299253783317857,0.5757542732260186,2.347066234602417
2012-06-13,0.00149501029766963,-1.0,-0.00149501029766963,-0.00349501029766963,0.5737420061121663,2.3505751227924603
2012-06-14,0.0076118612213875725,1.0,0.0076118612213875725,0.0056118612213875724,0.5769617666273483,2.3684673744176026
2012-06-15,0.0038513081327127274,1.0,0.0038513081327127274,0.0038513081327127274,0.5791838241714246,2.377589072078762
2012-06-18,0.006345101063459646,-1.0,-0.006345101063459646,-0.008345101063459646,0.574350476624393,2.392675115028479
2012-06-19,-0.00527844564906188,1.0,-0.00527844564906188,-0.00727844564906188,0.5701700978967695,2.380045509477938
2012-06-20,-0.009434266125122659,1.0,-0.009434266125122659,-0.009434266125122659,0.5647909614566242,2.35759152675162
2012-06-21,-0.008779909652012807,1.0,-0.008779909652012807,-0.008779909652012807,0.5598321478427616,2.3368920861503897
2012-06-22,0.00015017708311138023,-1.0,-0.00015017708311138023,-0.0021501770831113803,0.558628409588081,2.3372430337874337
2012-06-25,0.00435330707390591,-1.0,-0.00435330707390591,-0.00435330707390591,0.5561965285809364,2.3474177704198578
2012-06-26,0.0016438725032463797,-1.0,-0.0016438725032463797,-0.0016438725032463797,0.5552822124012011,2.3512766259462827
2012-06-27,0.011041531340498345,-1.0,-0.011041531340498345,-0.011041531340498345,0.549151046450152,2.3772383205018497
2012-06-28,0.002508938728237542,1.0,0.002508938728237542,0.0005089387282375419,0.5494305306853426,2.383202665790407
2012-06-29,0.01295449916037783,1.0,0.01295449916037783,0.01295449916037783,0.5565481280337918,2.414075862723399
2012-07-02,0.00043588304202990535,1.0,0.00043588304202990535,0.00043588304202990535,0.5567907179248752,2.4151281174541337
2012-07-03,-0.003921968797163,1.0,-0.003921968797163,-0.003921968797163,0.5546070021026239,2.4056560603363275
2012-07-05,-0.002333416544478273,-1.0,0.002333416544478273,0.0003334165444782728,0.5547919172528085,2.400042662684814
2012-07-06,-0.0016079095786742936,-1.0,0.0016079095786742936,0.0016079095786742936,0.5556839724907304,2.396183611098256
2012-07-09,-0.006442323749842216,-1.0,0.006442323749842216,0.006442323749842216,0.5592638685441141,2.3807466205114953
2012-07-10,0.00987330828668287,1.0,0.00987330828668287,0.00787330828668287,0.5636671253947648,2.4042524658482836
2012-07-11,-0.0023347787851941693,1.0,-0.0023347787851941693,-0.0023347787851941693,0.5623510873484817,2.39863906819677
2012-07-12,0.0007311470524311581,-1.0,-0.0007311470524311581,-0.002731147052431158,0.5608152238338384,2.4003928260813283
2012-07-13,0.013300012921515503,1.0,0.013300012921515503,0.011300012921515503,0.5671524431097434,2.4323180816849232
2012-07-16,0.0028851408756100927,-1.0,-0.0028851408756100927,-0.004885140875610093,0.5643818235272059,2.439335662004878
2012-07-17,-0.001006689319922538,1.0,-0.001006689319922538,-0.003006689319922538,0.5626849027260482,2.4368800088462312
2012-07-18,0.01497250678399853,1.0,0.01497250678399853,0.01497250678399853,0.5711097062493675,2.4733662113104717
2012-07-19,-0.0028367040298937773,1.0,-0.0028367040298937773,-0.0028367040298937773,0.5694896370441385,2.4663500034114443
2012-07-20,0.0027024794748369274,1.0,0.0027024794748369274,0.0027024794748369274,0.5710286710993826,2.4730152636734277
2012-07-23,-0.007660647612826033,-1.0,0.007660647612826033,0.0056606476128260325,0.5742610631832965,2.4540703651972855
2012-07-24,-0.010007168692443447,-1.0,0.010007168692443447,0.010007168692443447,0.5800077905160737,2.42951206906963
2012-07-25,-0.006209414261260093,1.0,-0.006209414261260093,-0.008209414261260093,0.575246266288969,2.414426222180045
2012-07-26,0.027608416364704347,-1.0,-0.027608416364704347,-0.02960841636470435,0.5582141353244436,2.481084706603852
2012-07-27,0.005231726709250539,1.0,0.005231726709250539,0.0032317267092505392,0.5600181308550528,2.494065063731304
2012-07-30,0.0046421174445021585,-1.0,-0.0046421174445021585,-0.0066421174445021585,0.5562984246588629,2.5056428066713745
2012-07-31,-0.00728092418989057,1.0,-0.00728092418989057,-0.00928092418989057,0.5511354611526484,2.4873994113490556
2012-08-01,-0.004513309415263178,1.0,-0.004513309415263178,-0.004513309415263178,0.5486480162867428,2.476173008166294
2012-08-02,-0.005383992491959977,1.0,-0.005383992491959977,-0.005383992491959977,0.5456940994863262,2.4628413112815326
2012-08-03,0.00954387965988257,1.0,0.00954387965988257,0.00954387965988257,0.5509021383029317,2.486346372377791
2012-08-06,-0.006772752542078875,1.0,-0.006772752542078875,-0.006772752542078875,0.5471710144453038,2.4695069636637808
2012-08-07,-0.007671689481004607,1.0,-0.007671689481004607,-0.007671689481004607,0.5429732883294731,2.450561673067374
2012-08-08,-0.0007158954962188657,-1.0,0.0007158954962188657,-0.0012841045037811343,0.5422760538844964,2.4488073270024184
2012-08-09,-0.007879451241436852,-1.0,0.007879451241436852,0.007879451241436852,0.546548891610478,2.4295120690696295
2012-08-10,0.007942030080211993,1.0,0.007942030080211993,0.0059420300802119925,0.549796501564734,2.4488073270024184
2012-08-13,-0.007306196444010871,1.0,-0.007306196444010871,-0.007306196444010871,0.5457795803200721,2.4309158596178055
2012-08-14,0.004329764071249409,1.0,0.004329764071249409,0.004329764071249409,0.5481426771377635,2.441441151767009
2012-08-15,-0.00517325339658381,-1.0,0.00517325339658381,0.00317325339658381,0.5498820727498035,2.428810958036071
2012-08-16,0.005055742240209327,-1.0,-0.005055742240209327,-0.005055742240209327,0.5471020107274684,2.441090400190097
2012-08-17,0.00028721223659067263,1.0,0.00028721223659067263,-0.0017127877634093274,0.5461649410981578,2.4417915112236557
2012-08-20,-0.008189862793562264,1.0,-0.008189862793562264,-0.008189862793562264,0.5416919251679099,2.421793573776249
2012-08-21,-0.006808448629000319,-1.0,0.006808448629000319,0.004808448629000319,0.544296622962824,2.40530491663915
2012-08-22,-0.005105068388190581,-1.0,0.005105068388190581,0.005105068388190581,0.5470752944465104,2.393025670545256
2012-08-23,-0.011728579656664961,-1.0,0.011728579656664961,0.011728579656664961,0.5534917106156197,2.3649588783478217
2012-08-24,0.006379236133126298,-1.0,-0.006379236133126298,-0.006379236133126298,0.5499608562958747,2.380045509477936
2012-08-27,0.006780585310681486,-1.0,-0.006780585310681486,-0.006780585310681486,0.546231799792225,2.3961836110982553
2012-08-28,0.001317658779560249,-1.0,-0.001317658779560249,-0.001317658779560249,0.5455120526655538,2.3993409634708573
2012-08-29,-0.0005900579524996674,1.0,-0.0005900579524996674,-0.0025900579524996675,0.5440991448353629,2.397925213254603
2012-08-30,-0.005461483366256292,-1.0,0.005461483366256292,0.0034614833662562922,0.5459825349748048,2.3848289845888866
2012-08-31,-0.0010387410540636521,-1.0,0.0010387410540636521,0.0010387410540636521,0.5465496694486849,2.3823517648156733
2012-09-04,-0.001782550558269147,1.0,-0.001782550558269147,-0.003782550558269147,0.54448231769139,2.3781051023473077
2012-09-05,-0.0005957392360489422,-1.0,0.0005957392360489422,-0.0014042607639510579,0.5437177225359908,2.376688371830391
2012-09-06,0.0038721385037521205,-1.0,-0.0038721385037521205,-0.0038721385037521205,0.5416123722073868,2.3858912383863755
2012-09-07,0.003560223157170528,-1.0,-0.003560223157170528,-0.003560223157170528,0.5396841112976439,2.394385543623769
2012-09-10,0.004286835150787205,-1.0,-0.004286835150787205,-0.004286835150787205,0.5373705744790118,2.404649879736712
2012-09-11,-0.0029437761983239774,1.0,-0.0029437761983239774,-0.0049437761983239775,0.5347139346232228,2.39757112865544
2012-09-12,-0.009300375164959518,1.0,-0.009300375164959518,-0.009300375164959518,0.5297408944252952,2.375272817674269
2012-09-13,0.023692404355518226,1.0,0.023692404355518226,0.023692404355518226,0.5422917298996731,2.431548741725279
2012-09-14,-0.013245465106753285,1.0,-0.013245465106753285,-0.013245465106753285,0.5351088237136061,2.3993417477113868
2012-09-17,-0.003540346557812546,1.0,-0.003540346557812546,-0.003540346557812546,0.5332143530315165,2.390847246413861
2012-09-18,-0.002072908687462016,1.0,-0.002072908687462016,-0.002072908687462016,0.532109048366838,2.385891238386375
2012-09-19,0.0014833372927891553,1.0,0.0014833372927891553,0.0014833372927891553,0.5328983455621111,2.3894303198368125
2012-09-20,0.007998698966262374,1.0,0.007998698966262374,0.007998698966262374,0.5371608390078817,2.4085426536660473
2012-09-21,0.008523193946558205,1.0,0.008523193946558205,0.008523193946558205,0.5417391650192418,2.429071129831801
2012-09-24,0.012531096090946603,1.0,0.012531096090946603,0.012531096090946603,0.548527750552327,2.4595100535714676
2012-09-25,0.0014391767277772693,1.0,0.0014391767277772693,0.0014391767277772693,0.549317178925462,2.463049723202302
2012-09-26,0.005172842263693411,1.0,0.005172842263693411,0.005172842263693411,0.5521587100447805,2.475790690908061
2012-09-27,0.0027162484158846922,1.0,0.0027162484158846922,0.0027162484158846922,0.5536585102662566,2.482515553450302
2012-09-28,0.002709127325825289,-1.0,-0.002709127325825289,-0.004709127325825289,0.551051261846386,2.4892410041729405
2012-10-01,-0.002559246723104036,-1.0,0.002559246723104036,0.002559246723104036,0.5524615379825286,2.4828704222899947
2012-10-02,0.005986818670289162,1.0,0.005986818670289162,0.003986818670289162,0.5546641019567741,2.497734917290069
2012-10-03,0.0021255707678327074,1.0,0.0021255707678327074,0.0021255707678327074,0.5558430797578595,2.503044029616056
2012-10-04,0.005090502522340223,-1.0,-0.005090502522340223,-0.007090502522340223,0.5519018729988111,2.5157857815623452
2012-10-05,-0.003516991701414618,1.0,-0.003516991701414618,-0.005516991701414618,0.5488570349454814,2.5069377838460536
2012-10-08,-0.002117924298107643,1.0,-0.002117924298107643,-0.002117924298107643,0.547694597294983,2.5016282793998017
2012-10-09,-0.005234689930910252,1.0,-0.005234689930910252,-0.005234689930910252,0.5448275859013091,2.488533031034747
2012-10-10,-0.005973353351134136,1.0,-0.005973353351134136,-0.005973353351134136,0.5415731382152752,2.473668143914408
2012-10-11,-0.0005727245671177661,-1.0,0.0005727245671177661,-0.001427275432882234,0.5408001641799915,2.4722514133974913
2012-10-12,-0.006871716356485091,1.0,-0.006871716356485091,-0.008871716356485091,0.5360023385178461,2.4552628029227046
2012-10-15,0.004180385081572702,1.0,0.004180385081572702,0.004180385081572702,0.5382430346974741,2.465526746915383
2012-10-16,0.011914887526082829,-1.0,-0.011914887526082829,-0.013914887526082829,0.5307534434079613,2.4949032207974287
2012-10-17,0.018300388976388193,1.0,0.018300388976388193,0.01630038897638819,0.5394049309860685,2.5405609201964654
2012-10-18,0.0037616712982719847,1.0,0.0037616712982719847,0.0037616712982719847,0.5414339950331051,2.55011767529148
2012-10-19,-0.004580137764713221,-1.0,0.004580137764713221,0.0025801377647132213,0.5428309693307896,2.5384377850224147
2012-10-22,-0.0008364716467392785,-1.0,0.0008364716467392785,0.0008364716467392785,0.5432850320456067,2.536314453788232
2012-10-23,-0.012559202084720389,1.0,-0.012559202084720389,-0.014559202084720389,0.535375235474451,2.504460368012708
2012-10-24,-0.017382890478583768,1.0,-0.017382890478583768,-0.017382890478583768,0.5260688663912526,2.4609256077275896
2012-10-25,0.003020500813741833,-1.0,-0.003020500813741833,-0.005020500813741833,0.5234277372194511,2.468358835528289
2012-10-26,-0.003154854265018381,1.0,-0.003154854265018381,-0.005154854265018381,0.5207295435158166,2.4605715231284266
2012-10-31,0.007767516493512483,-1.0,-0.007767516493512483,-0.009767516493512483,0.5156433091108666,2.479684053017794
2012-11-01,-0.002712141756253672,1.0,-0.002712141756253672,-0.004712141756253672,0.5132135247426725,2.472958798355288
2012-11-02,-0.0020032082092609205,-1.0,0.0020032082092609205,3.2082092609204277e-06,0.5132151712390554,2.4680049469892587
2012-11-05,-0.0017213218938672004,1.0,-0.0017213218938672004,-0.0037213218938672004,0.5113053323860587,2.4637567160398333
2012-11-06,-0.006607974387434656,-1.0,0.006607974387434656,0.004607974387434656,0.5136614142618524,2.447476274763372
2012-11-07,-0.015907660269797397,1.0,-0.015907660269797397,-0.0179076602697974,0.5044629401615475,2.408542653666047
2012-11-08,-0.0064657589912145985,-1.0,0.0064657589912145985,0.0044657589912145985,0.5067157500723085,2.3929695973473817
2012-11-09,-0.003401887248178692,-1.0,0.003401887248178692,0.003401887248178692,0.5084395399209308,2.384828984588886
2012-11-12,-0.008756418552383849,1.0,-0.008756418552383849,-0.010756418552383849,0.5029705514209598,2.363946423823969
2012-11-13,0.004641770778283538,1.0,0.004641770778283538,0.004641770778283538,0.5053052254288828,2.3749193212555033
2012-11-14,-0.006110349362956291,-1.0,0.006110349362956291,0.004110349362956291,0.507382206440323,2.3604077344937973
2012-11-15,-0.00299911879548842,-1.0,0.00299911879548842,0.00299911879548842,0.5089039059521545,2.353328591292261
2012-11-16,0.012934162985949627,1.0,0.012934162985949627,0.010934162985949627,0.5144683442040218,2.3837669268515302
2012-11-19,0.005345052690555185,1.0,0.005345052690555185,0.005345052690555185,0.517218204611415,2.3965082866775544
2012-11-20,0.0,-1.0,-0.0,-0.002,0.5161837682021921,2.3965082866775544
2012-11-21,-0.006793318974456453,-1.0,0.006793318974456453,0.006793318974456453,0.5196903691890266,2.380228041461226
2012-11-23,-0.0007434744589424058,-1.0,0.0007434744589424058,0.0007434744589424058,0.5200767457050769,2.3784584027059408
2012-11-26,0.01130969799534598,1.0,0.01130969799534598,0.00930969799534598,0.5249185031419935,2.405358048935038
2012-11-27,-0.002060240432569027,-1.0,0.002060240432569027,6.024043256902707e-05,0.5249501244596864,2.4004024330278164
2012-11-28,0.0028265497690758146,-1.0,-0.0028265497690758146,-0.0028265497690758146,0.5234663268066185,2.4071872899705804
2012-11-29,0.010384269951923875,1.0,0.010384269951923875,0.008384269951923875,0.5278552098013072,2.432184172614475
2012-11-30,0.008809301381498491,-1.0,-0.008809301381498491,-0.010809301381498491,0.5221494637527707,2.4536100160063463
2012-12-03,-0.00611247090293654,1.0,-0.00611247090293654,-0.00811247090293654,0.5179135414210925,2.438612396176354
2012-12-04,-0.005564442240460821,1.0,-0.005564442240460821,-0.005564442240460821,0.5150316414343022,2.425042878350959
2012-12-05,0.018700895384728966,-1.0,-0.018700895384728966,-0.020700895384728968,0.5043700253051455,2.4703933515224823
2012-12-06,-0.000289360899707658,1.0,-0.000289360899707658,-0.002289360899707658,0.5032153402902274,2.4696785162796537
2012-12-07,0.003036787256432971,1.0,0.003036787256432971,0.003036787256432971,0.5047434982228624,2.477178404525378
2012-12-10,-0.0033157657005590258,1.0,-0.0033157657005590258,-0.0033157657005590258,0.5030698870438748,2.468964661337487
2012-12-11,0.0024590056535849225,1.0,0.0024590056535849225,0.0024590056535849225,0.504306938740264,2.4750358593982176
2012-12-12,-0.0011544011772626206,-1.0,0.0011544011772626206,-0.0008455988227373794,0.5038804973865669,2.472178675088361
2012-12-13,0.011844443556210393,1.0,0.011844443556210393,0.009844443556210393,0.5088409205021642,2.5014602558663124
2012-12-14,-0.00827972390156384,-1.0,0.00827972390156384,0.00627972390156384,0.5120363009927354,2.480748855597004
2012-12-17,0.015114439263415713,1.0,0.015114439263415713,0.013114439263415713,0.5187513699627687,2.518243983502713
2012-12-18,0.005246552871975396,1.0,0.005246552871975396,0.005246552871975396,0.521473026452688,2.531456083706694
2012-12-19,-0.0045138371751795026,1.0,-0.0045138371751795026,-0.0045138371751795026,0.5191191821200325,2.5200295031287245
2012-12-20,0.0002831946535339913,-1.0,-0.0002831946535339913,-0.0022831946535339914,0.517933931978869,2.5207431620107585
2012-12-21,-0.00892448387997502,-1.0,0.00892448387997502,0.00892448387997502,0.5225562250057066,2.498246830295836
2012-12-24,-0.0005717201548737227,-1.0,0.0005717201548737227,0.0005717201548737227,0.5228549809315972,2.4968185322311065
2012-12-26,-0.011584643002103712,1.0,-0.011584643002103712,-0.013584643002103712,0.5157521826737698,2.4678937808941726
2012-12-27,0.0014468398759301948,1.0,0.0014468398759301948,0.0014468398759301948,0.5164983934977602,2.4714644280259304
2012-12-28,-0.013870690472403413,-1.0,0.013870690472403413,0.011870690472403413,0.5226295860564657,2.437183509931227
2012-12-31,0.013773132468749338,1.0,0.013773132468749338,0.011773132468749338,0.5287825734051961,2.4707511612641615
2013-01-02,0.01922201757228037,-1.0,-0.01922201757228037,-0.02122201757228037,0.5175607403404754,2.5182439835027135
2013-01-03,0.00014200914760031935,1.0,0.00014200914760031935,-0.0018579908523996807,0.5165991172193616,2.51860159718426
2013-01-04,0.004962063486045887,-1.0,-0.004962063486045887,-0.006962063486045887,0.5130025213684452,2.531099058205545
2013-01-07,-0.0046556068602093825,-1.0,0.0046556068602093825,0.0046556068602093825,0.5153908594262328,2.5193152560662937
2013-01-08,0.01063090387975385,-1.0,-0.01063090387975385,-0.01063090387975385,0.5099117887391688,2.546097854396332
2013-01-09,-0.007012615052881421,1.0,-0.007012615052881421,-0.009012615052881421,0.5053161500763365,2.528243050256483
2013-01-10,0.009745531743760028,1.0,0.009745531743760028,0.009745531743760028,0.51024072465754,2.5528821231586987
2013-01-11,0.004056627668380219,1.0,0.004056627668380219,0.004056627668380219,0.5123105812987202,2.5632382154136173
2013-01-14,-0.0012538880434703747,-1.0,0.0012538880434703747,-0.0007461119565296253,0.5119283402485566,2.5600242016627437
2013-01-15,0.0026503096878369714,1.0,0.0026503096878369714,0.0006503096878369714,0.5122612522076986,2.5668090586055077
2013-01-16,-0.007929530425877074,-1.0,0.007929530425877074,0.005929530425877074,0.515298720888662,2.5464554680778786
2013-01-17,-0.003225482334453744,-1.0,0.003225482334453744,0.003225482334453744,0.516960807809855,2.5382419209501204
2013-01-18,0.0066121118390958245,1.0,0.0066121118390958245,0.004612111839095824,0.5193450888719033,2.5550250604061238
2013-01-22,0.00600966371297873,1.0,0.00600966371297873,0.00600966371297873,0.5224661782070106,2.5703799017973976
2013-01-23,-0.0026395556850903334,1.0,-0.0026395556850903334,-0.0026395556850903334,0.5210870996360568,2.563595240914766
2013-01-24,0.004318133775726318,-1.0,-0.004318133775726318,-0.006318133775726318,0.517794801631751,2.5746651881118514
2013-01-25,0.005547966809061666,1.0,0.005547966809061666,0.0035479668090616662,0.519631920401845,2.5889493451199423
2013-01-28,-0.0013794906335342638,-1.0,0.0013794906335342638,-0.0006205093664657362,0.5193094839281212,2.5853779137476547
2013-01-29,0.0029006591359235223,-1.0,-0.0029006591359235223,-0.0029006591359235223,0.5178031441291934,2.5928772138129816
2013-01-30,-0.008401117043687512,-1.0,0.008401117043687512,0.008401117043687512,0.5221532689486121,2.5710941488598285
2013-01-31,0.0006945353156109224,1.0,0.0006945353156109224,-0.0013054646843890776,0.5214716162961615,2.572879864545972
2013-02-01,0.003192279274599974,1.0,0.003192279274599974,0.003192279274599974,0.5231362993291558,2.5810932156135977
2013-02-04,-0.0040122131708151265,-1.0,0.0040122131708151265,0.0020122131708151265,0.5241889610807975,2.5707373194188112
2013-02-05,0.0023615037968318653,1.0,0.0023615037968318653,0.00036150379683186525,0.5243784573804855,2.576808125359276
2013-02-06,-0.002078681282159822,1.0,-0.002078681282159822,-0.002078681282159822,0.5232884416963608,2.571451762541374
2013-02-07,0.0033327416727586545,1.0,0.0033327416727586545,0.0033327416727586545,0.5250324268928752,2.5800217469898845
2013-02-08,-0.0020761681114833674,-1.0,0.0020761681114833674,7.61681114833674e-05,0.5250724176212992,2.5746651881118505
2013-02-11,0.0011095781318606335,1.0,0.0011095781318606335,-0.0008904218681393666,0.5246048816582923,2.577521980301442
2013-02-12,0.004295182575495549,1.0,0.004295182575495549,0.004295182575495549,0.5268581554050109,2.58859290779919
2013-02-13,0.0008277629058000002,1.0,0.0008277629058000002,0.0008277629058000002,0.5272942690426734,2.590735648986483
2013-02-14,-0.0048248881771849605,1.0,-0.0048248881771849605,-0.0048248881771849605,0.5247501331580721,2.578235639183476
2013-02-15,0.004155440943271804,1.0,0.004155440943271804,0.004155440943271804,0.5269307013463844,2.588949345119942
2013-02-19,0.005517356697231746,1.0,0.005517356697231746,0.005517356697231746,0.5298379659804349,2.6032335021280333
2013-02-20,0.0005487383762134979,-1.0,-0.0005487383762134979,-0.002548738376213498,0.5284875476233656,2.6046619962528954
2013-02-21,-0.0056214459960003405,-1.0,0.0056214459960003405,0.0056214459960003405,0.5314584118318889,2.5900200295031253
2013-02-22,0.0030332311784675436,1.0,0.0030332311784675436,0.0010332311784675436,0.5320075312330524,2.5978761590094694
2013-02-25,-0.007697349628181138,1.0,-0.007697349628181138,-0.007697349628181138,0.5279124832603261,2.577879397922857
2013-02-26,0.0011081946625950412,1.0,0.0011081946625950412,0.0011081946625950412,0.5284975130565925,2.580736190112449
2013-02-27,0.004607998050289996,1.0,0.004607998050289996,0.004607998050289996,0.5309328285663404,2.5926282174448
2013-02-28,-0.0009727277773332599,1.0,-0.0009727277773332599,-0.0009727277773332599,0.5304163754560958,2.590106295961393
2013-03-01,0.006818146550826798,1.0,0.006818146550826798,0.006818146550826798,0.5340328320369138,2.607766020269477
2013-03-04,0.01699771322850996,1.0,0.01699771322850996,0.01699771322850996,0.5431101689704863,2.65209207924907
2013-03-05,0.003940730980239948,1.0,0.003940730980239948,0.003940730980239948,0.5452504200390316,2.662543260668216
2013-03-06,0.00392563075845942,1.0,0.00392563075845942,0.00392563075845942,0.5473908718589997,2.672995422388024
2013-03-07,-0.0031009533907861986,1.0,-0.0031009533907861986,-0.0031009533907861986,0.5456934382788231,2.664706588169414
2013-03-08,0.0029754389434630824,1.0,0.0029754389434630824,0.0029754389434630824,0.5473171157862702,2.6726352599247556
2013-03-11,0.0002695919632105248,1.0,0.0002695919632105248,0.0002695919632105248,0.5474646680820138,2.6733557809114243
2013-03-12,-0.014558956045765292,1.0,-0.014558956045765292,-0.014558956045765292,0.5394941540427982,2.6344345116024424
2013-03-13,0.008892100615693899,1.0,0.008892100615693899,0.008892100615693899,0.5442913903421255,2.6578601683450676
2013-03-14,0.0035249158475672004,1.0,0.0035249158475672004,0.0035249158475672004,0.5462099716896368,2.667228901773085
2013-03-15,0.006215388745349992,1.0,0.006215388745349992,0.006215388745349992,0.5496048790002745,2.6838067662704375
2013-03-18,-0.004699791623626326,-1.0,0.004699791623626326,0.002699791623626326,0.5510886976489037,2.671193433710888
2013-03-19,0.013491498094809318,-1.0,-0.013491498094809318,-0.013491498094809318,0.5436536855345026,2.7072318348326654
2013-03-20,0.007721008090064929,1.0,0.007721008090064929,0.005721008090064929,0.546763932667639,2.72813439373109
2013-03-21,-0.0014526995172904344,1.0,-0.0014526995172904344,-0.0014526995172904344,0.545969648966581,2.724171234214213
2013-03-22,0.007672493643200218,1.0,0.007672493643200218,0.007672493643200218,0.5501585976276573,2.7450724206917103
2013-03-25,0.00013191749035934563,-1.0,-0.00013191749035934563,-0.0021319174903593457,0.5489857048909033,2.7454345437563026
2013-03-26,0.012994622661121058,-1.0,-0.012994622661121058,-0.012994622661121058,0.5418518428094964,2.7811104296932228
2013-03-27,-0.0037575642473270943,1.0,-0.0037575642473270943,-0.005757564247327094,0.5387320960119881,2.770660228574739
2013-03-28,0.010405693984426145,-1.0,-0.010405693984426145,-0.012405693984426145,0.5320487504892749,2.799490871048108
2013-04-01,-0.002574387536824041,1.0,-0.002574387536824041,-0.004574387536824041,0.529614953316054,2.792283896640229
2013-04-02,0.008776379852319716,1.0,0.008776379852319716,0.008776379852319716,0.5342630553218243,2.816790040772659
2013-04-03,0.0020471261511647576,-1.0,-0.0020471261511647576,-0.004047126151164758,0.5321008253390301,2.8225563653274652
2013-04-04,0.011619170123380318,-1.0,-0.011619170123380318,-0.011619170123380318,0.5259182553266248,2.8553521279190353
2013-04-05,0.003912342059737117,-1.0,-0.003912342059737117,-0.003912342059737117,0.523860683216327,2.866523242144453
2013-04-08,0.005029467602394533,-1.0,-0.005029467602394533,-0.005029467602394533,0.5212259428819221,2.880940327922329
2013-04-09,-0.00938229434849902,-1.0,0.00938229434849902,0.00938229434849902,0.5261162381001142,2.8539104977653005
2013-04-10,0.008460596654287666,-1.0,-0.008460596654287666,-0.008460596654287666,0.521664980816278,2.87805628337433
2013-04-11,-0.00025028173726049374,-1.0,0.00025028173726049374,0.00025028173726049374,0.5217955440339447,2.8773359584477936
2013-04-12,-0.004383956890068541,-1.0,0.004383956890068541,0.004383956890068541,0.5240830732044194,2.8647218416477145
2013-04-15,-0.006793441716407944,1.0,-0.006793441716407944,-0.008793441716407944,0.5194745792456403,2.8452605207827597
2013-04-16,0.009626808041216073,1.0,0.009626808041216073,0.009626808041216073,0.5244754613023296,2.8726512976435856
2013-04-17,-0.00865676773827595,-1.0,0.00865676773827595,0.00665676773827595,0.5279667726326444,2.847783422566828
2013-04-18,-0.0021513865940987476,-1.0,0.0021513865940987476,0.0021513865940987476,0.5291026332694158,2.841656739488621
2013-04-19,0.015599219583653845,1.0,0.015599219583653845,0.013599219583653845,0.536298016161536,2.8859843669492737
2013-04-22,-0.002122501697362722,1.0,-0.002122501697362722,-0.002122501697362722,0.5351597227119409,2.8798588602318618
2013-04-23,0.002502476231479589,-1.0,-0.002502476231479589,-0.004502476231479589,0.5327501787803852,2.887065638579608
2013-04-24,0.005617297285257061,-1.0,-0.005617297285257061,-0.005617297285257061,0.5297575626474019,2.9032831445535603
2013-04-25,-0.0014892498888785521,-1.0,0.0014892498888785521,0.0014892498888785521,0.5305465040387072,2.898959430453151
2013-04-26,0.0012426558424267764,-1.0,-0.0012426558424267764,-0.0012426558424267764,0.5298872173257844,2.9025618393263617
2013-04-29,0.008939948922104257,-1.0,-0.008939948922104257,-0.008939948922104257,0.5251500526684159,2.928510593913188
2013-04-30,0.009475993449198361,-1.0,-0.009475993449198361,-0.009475993449198361,0.5201737342094838,2.9562611411170177
2013-05-01,-0.008533963853710969,1.0,-0.008533963853710969,-0.010533963853710969,0.5146942428956712,2.931032515396595
2013-05-02,0.004918439287686871,-1.0,-0.004918439287686871,-0.006918439287686871,0.5111333620244756,2.945448620873809
2013-05-03,0.0002445552509153792,-1.0,-0.0002445552509153792,-0.0002445552509153792,0.5110083616768745,2.9461689458003453
2013-05-06,-0.014067539308268207,1.0,-0.014067539308268207,-0.01606753930826821,0.5027977147387775,2.9047235983464996
2013-05-07,0.013896080131899913,1.0,0.013896080131899913,0.013896080131899913,0.5097846320729238,2.945087870230143
2013-05-08,-0.009544614831556442,1.0,-0.009544614831556442,-0.009544614831556442,0.504918934112741,2.9169781408637077
2013-05-09,-0.013590154091513873,1.0,-0.013590154091513873,-0.013590154091513873,0.4980570079944259,2.877335958447792
2013-05-10,0.0020037091036300136,1.0,0.0020037091036300136,0.0020037091036300136,0.4990549693554711,2.883101302701936
2013-05-13,-0.004750159960541844,-1.0,0.004750159960541844,0.0027501599605418443,0.500427450350302,2.869406110331655
2013-05-14,0.007159110856142181,1.0,0.007159110856142181,0.005159110856142181,0.5030092110421158,2.889948506766811
2013-05-15,0.012096650819434007,1.0,0.012096650819434007,0.012096650819434007,0.5090939378270513,2.924907204739314
2013-05-16,-0.008994988007777538,1.0,-0.008994988007777538,-0.008994988007777538,0.5045146439614647,2.8985976995088216
2013-05-17,0.008330161033772043,1.0,0.008330161033772043,0.008330161033772043,0.50871733218956,2.9227434851178513
2013-05-20,-0.010603873261993746,1.0,-0.010603873261993746,-0.010603873261993746,0.5033229580728423,2.8917510836243436
2013-05-21,0.00311573960729139,1.0,0.00311573960729139,0.00311573960729139,0.5048911813485689,2.9007610270100197
2013-05-22,-0.01652393854194678,1.0,-0.01652393854194678,-0.01652393854194678,0.49654839049759425,2.852829030074832
2013-05-23,-0.011874616257843362,-1.0,0.011874616257843362,0.009874616257843362,0.5014516153072077,2.8189527800934577
2013-05-24,-0.011761788026026676,-1.0,0.011761788026026676,0.011761788026026676,0.5073495829117597,2.78579685503862
2013-05-28,-0.0036224504517946565,1.0,-0.0036224504517946565,-0.0056224504517946566,0.5044970350200997,2.775705443962477
2013-05-29,-0.01687850024075721,-1.0,0.01687850024075721,0.01487850024075721,0.5120031942771075,2.7288556989582853
2013-05-30,0.00865972054529296,-1.0,-0.00865972054529296,-0.00865972054529296,0.5075693896963704,2.7524868267196942
2013-05-31,-0.0011887604759116543,-1.0,0.0011887604759116543,0.0011887604759116543,0.5081727681256241,2.7492147791696224
2013-06-03,0.008727667008217699,1.0,0.008727667008217699,0.006727667008217699,0.5115915852922175,2.7732090102962856
2013-06-04,0.0027528359413564463,1.0,0.0027528359413564463,0.0027528359413564463,0.5129999129955054,2.7808431997327228
2013-06-05,-0.006536481790549442,-1.0,0.006536481790549442,0.004536481790549442,0.5153271277593631,2.7626662687952965
2013-06-06,0.01842364650182704,-1.0,-0.01842364650182704,-0.01842364650182704,0.5058329229247227,2.8135646555341025
2013-06-07,0.018219410740475617,1.0,0.018219410740475617,0.016219410740475615,0.5140372348676941,2.864826145638163
2013-06-10,-0.0015233393811118212,-1.0,0.0015233393811118212,-0.00047666061888817883,0.5137922135611905,2.860462043150474
2013-06-11,0.0024153311256598364,-1.0,-0.0024153311256598364,-0.0024153311256598364,0.5125512352356545,2.8673710061570636
2013-06-12,-0.01420072551324425,-1.0,0.01420072551324425,0.01420072551324425,0.5198298346387104,2.826652257553992
2013-06-13,0.01774898885170506,-1.0,-0.01774898885170506,-0.01774898885170506,0.5106033806989242,2.8768224769609647
2013-06-14,0.007582822627757668,1.0,0.007582822627757668,0.005582822627757668,0.5134539888064997,2.898636911535306
2013-06-17,0.011664232123150153,-1.0,-0.011664232123150153,-0.013664232123150153,0.5064380343188903,2.932447285312185
2013-06-18,0.011530147637103694,-1.0,-0.011530147637103694,-0.011530147637103694,0.5005987290141489,2.966258835449858
2013-06-19,-0.01715918455619847,1.0,-0.01715918455619847,-0.019159184556198472,0.49100766557636844,2.9153602526509195
2013-06-20,-0.035665219094502376,1.0,-0.035665219094502376,-0.035665219094502376,0.4734957696065071,2.8113832905007206
2013-06-21,0.01293164919881895,1.0,0.01293164919881895,0.01293164919881895,0.4796188507961832,2.847739112976897
2013-06-24,0.0006382865198031329,-1.0,-0.0006382865198031329,-0.002638286519803133,0.4783534788474842,2.849556786464626
2013-06-25,0.007909883077695357,-1.0,-0.007909883077695357,-0.007909883077695357,0.4745697587599918,2.8720964474688144
2013-06-26,0.010633174458509531,-1.0,-0.010633174458509531,-0.010633174458509531,0.46952357572236403,2.902635950056416
2013-06-27,0.007264523559042502,1.0,0.007264523559042502,0.005264523559042502,0.4719953936482803,2.9237222172989243
2013-06-28,0.013180663710508966,-1.0,-0.013180663710508966,-0.015180663710508966,0.4648301903043965,2.962258816628085
2013-07-01,-0.01534079514565223,1.0,-0.01534079514565223,-0.017340795145652232,0.4567696651968134,2.916815410953791
2013-07-02,0.0013700879610856198,1.0,0.0013700879610856198,0.0013700879610856198,0.45739547981608863,2.920811704633048
2013-07-03,-0.0027377021559950032,1.0,-0.0027377021559950032,-0.0027377021559950032,0.45614326722485377,2.9128153921320186
2013-07-05,-0.0023715154295237406,1.0,-0.0023715154295237406,-0.0023715154295237406,0.45506151642855663,2.9059076054862234
2013-07-08,0.00913300883202739,1.0,0.00913300883202739,0.00913300883202739,0.4592175972772144,2.932447285312185
2013-07-09,0.00855432587966054,1.0,0.00855432587966054,0.00855432587966054,0.4631458942539984,2.957532395015671
2013-07-10,0.003442068892687722,1.0,0.003442068892687722,0.003442068892687722,0.46474007432938613,2.9677124252716705
2013-07-11,0.01960071206849867,-1.0,-0.01960071206849867,-0.021600712068498673,0.4547013577971044,3.0258817020215263
2013-07-12,0.009371405734186045,1.0,0.009371405734186045,0.007371405734186045,0.45805314599331215,3.0542384671548195
2013-07-15,0.01702194174246241,-1.0,-0.01702194174246241,-0.01902194174246241,0.44934008573527573,3.1062275364103167
2013-07-16,-0.00561835872071359,-1.0,0.00561835872071359,0.00561835872071359,0.45186463952453276,3.0887756358426053
2013-07-17,-0.001765304115860733,-1.0,0.001765304115860733,0.001765304115860733,0.45266231803249735,3.083323007499682
2013-07-18,0.007310693505163224,-1.0,-0.007310693505163224,-0.007310693505163224,0.44935304256402503,3.10586423698493
2013-07-19,-0.005502043823690683,-1.0,0.005502043823690683,0.005502043823690683,0.4518254026965211,3.0887756358426053
2013-07-22,-0.0009415886251726846,1.0,-0.0009415886251726846,-0.0029415886251726846,0.450496318231385,3.0858672798381854
2013-07-23,-0.0009424125150450102,-1.0,0.0009424125150450102,-0.0010575874849549898,0.45001987896320517,3.082959119893898
2013-07-24,-0.012263873346145981,1.0,-0.012263873346145981,-0.014263873346145981,0.44360085240642605,3.0451500997161736
2013-07-25,0.0038202477962028247,-1.0,-0.0038202477962028247,-0.005820247796202825,0.4410189855228139,3.0567833276737213
2013-07-26,-0.00154627173923505,-1.0,0.00154627173923505,0.00154627173923505,0.4417009207165939,3.0520567100011746
2013-07-29,0.010006139934227276,-1.0,-0.010006139934227276,-0.010006139934227276,0.43728119949482663,3.082596016528644
2013-07-30,0.01993180945240547,-1.0,-0.01993180945240547,-0.01993180945240547,0.4285653939493764,3.144037732948837
2013-07-31,0.0015032967202912584,1.0,0.0015032967202912584,-0.0004967032797087417,0.4283525241126321,3.1487641545612512
2013-08-01,0.019397085813896764,1.0,0.019397085813896764,0.019397085813896764,0.4366613147814441,3.209841003074998
2013-08-02,-0.003964275707917464,1.0,-0.003964275707917464,-0.003964275707917464,0.4349302689386687,3.1971163083602305
2013-08-05,-0.009779837448330664,-1.0,0.009779837448330664,0.007779837448330664,0.4383139557323703,3.1658490305610605
2013-08-06,-0.0029851981165687214,-1.0,0.0029851981165687214,0.0029851981165687214,0.43962240972748834,3.156398343997689
2013-08-07,-0.0006911551888443279,-1.0,0.0006911551888443279,0.0006911551888443279,0.4399262570371037,3.154216782904175
2013-08-08,-0.0014985697109654028,-1.0,0.0014985697109654028,0.0014985697109654028,0.44058551720095784,3.1494899691714964
2013-08-09,-0.004270756699276901,-1.0,0.004270756699276901,0.004270756699276901,0.44246715075014825,3.1360392637863517
2013-08-12,-0.007767034964598629,1.0,-0.007767034964598629,-0.00976703496459863,0.43814555861808524,3.111681537174169
2013-08-13,-0.005725390564724209,1.0,-0.005725390564724209,-0.005725390564724209,0.4356370041707974,3.0938659450608057
2013-08-14,-0.007990208482293815,1.0,-0.007990208482293815,-0.007990208482293815,0.43215617368487086,3.069145311143501
2013-08-15,-0.016820958493818372,1.0,-0.016820958493818372,-0.016820958493818372,0.42488689262447027,3.017519345253259
2013-08-16,-0.010240803181904012,1.0,-0.010240803181904012,-0.010240803181904012,0.4205357095825323,2.9866175235409322
2013-08-19,-0.007425440179198439,-1.0,0.007425440179198439,0.005425440179198439,0.42281730091808906,2.9644405737817334
2013-08-20,0.007971464130626993,-1.0,-0.007971464130626993,-0.007971464130626993,0.419446827970012,2.98807150548301
2013-08-21,-0.017155244742213638,-1.0,0.017155244742213638,0.017155244742213638,0.4266425409601827,2.936810407499214
2013-08-22,0.0023518053216837753,1.0,0.0023518053216837753,0.0003518053216837753,0.4267926360765492,2.9437172138443466
2013-08-23,0.005434264626282159,-1.0,-0.005434264626282159,-0.007434264626282159,0.4236197466794076,2.959714152169319
2013-08-26,-0.010440945389926126,-1.0,0.010440945389926126,0.010440945389926126,0.4280427373205816,2.9288119383367275
2013-08-27,0.006578845634403141,-1.0,-0.006578845634403141,-0.006578845634403141,0.4252267102268221,2.9480801399712417
2013-08-28,0.008081607745148878,-1.0,-0.008081607745148878,-0.008081607745148878,0.42179019475200885,2.9719053672637528
2013-08-29,-0.006413389195977448,-1.0,0.006413389195977448,0.006413389195977448,0.4244952994300006,2.952845381489876
2013-08-30,-0.0024825181627387005,-1.0,0.0024825181627387005,0.0024825181627387005,0.42554911672083273,2.9455148891985683
2013-09-03,-0.007342349946031335,-1.0,0.007342349946031335,0.007342349946031335,0.42867364725502155,2.923887888110827
2013-09-04,0.0041370005941037125,1.0,0.0041370005941037125,0.0021370005941037124,0.42958972309388216,2.935984014041034
2013-09-05,-0.0017475891016683898,-1.0,0.0017475891016683898,-0.0002524108983316103,0.429481289965962,2.9308531203754233
2013-09-06,0.0006255374196604269,1.0,0.0006255374196604269,-0.0013744625803395732,0.4288909840039478,2.9326864786737468
2013-09-09,0.002749547619593562,1.0,0.002749547619593562,0.002749547619593562,0.430070240188081,2.9407500398001982
2013-09-10,0.0047362447059764445,1.0,0.0047362447059764445,0.0047362447059764445,0.4321071580863698,2.954678151607802
2013-09-11,-0.012405488556438748,1.0,-0.012405488556438748,-0.012405488556438748,0.42674665768157405,2.9180239256100715
2013-09-12,-0.0042706894991308975,1.0,-0.0042706894991308975,-0.0042706894991308975,0.42492415521182414,2.9055619514727558
2013-09-13,-0.0006307799140188308,1.0,-0.0006307799140188308,-0.0006307799140188308,0.4246561215897351,2.9037291813548296
2013-09-16,-0.0006312455685703044,-1.0,0.0006312455685703044,-0.0013687544314296956,0.4240748716414754,2.901896215176771
2013-09-17,-0.002147279801462787,-1.0,0.002147279801462787,0.002147279801462787,0.42498547904765904,2.8956650320479804
2013-09-18,0.04493661501211643,-1.0,-0.04493661501211643,-0.04493661501211643,0.4058880701899545,3.0257864167971684
2013-09-19,0.001817215644629444,1.0,0.001817215644629444,-0.00018278435537055597,0.4058138802006922,3.0312849232110795
2013-09-20,-0.024304967157355195,1.0,-0.024304967157355195,-0.024304967157355195,0.3959505871704155,2.957609642707848
2013-09-23,0.006568616149174478,1.0,0.006568616149174478,0.006568616149174478,0.3985514345915782,2.977037045169893
2013-09-24,0.0,-1.0,-0.0,-0.002,0.39775433172239505,2.977037045169893
2013-09-25,-0.010958090544276433,-1.0,0.010958090544276433,0.010958090544276433,0.40211295970378724,2.944414403675256
2013-09-26,0.001369564283723701,-1.0,-0.001369564283723701,-0.001369564283723701,0.4015622401561545,2.9484469684790113
2013-09-27,-0.0046000650464544934,1.0,-0.0046000650464544934,-0.0066000650464544935,0.3989119032509239,2.9348839206379864
2013-09-30,0.0011240334805122654,1.0,0.0011240334805122654,0.0011240334805122654,0.3993602935859528,2.938182828426201
2013-10-01,-0.0011227714478140305,-1.0,0.0011227714478140305,-0.0008772285521859696,0.39900996333380984,2.9348839206379864
2013-10-02,0.004246556536859902,-1.0,-0.004246556536859902,-0.004246556536859902,0.3973155449657424,2.9473470711360967
2013-10-03,-0.011939035206377402,-1.0,0.011939035206377402,0.011939035206377402,0.4020591092451294,2.9121585906883896
2013-10-04,0.002517808218255757,-1.0,-0.002517808218255757,-0.002517808218255757,0.4010468015156474,2.9194908475208887
2013-10-07,-0.003766555615943301,-1.0,0.003766555615943301,0.003766555615943301,0.4025573665981522,2.908494422873464
2013-10-08,0.0042844125121186405,-1.0,-0.0042844125121186405,-0.0042844125121186405,0.4008326447798536,2.9209556127702503
2013-10-09,0.003890251911229381,1.0,0.003890251911229381,0.001890251911229381,0.4015903194527318,2.932318865925446
2013-10-10,0.017499740241887274,-1.0,-0.017499740241887274,-0.019499740241887276,0.393759412539747,2.9836336843855267
2013-10-11,0.004300052990047654,1.0,0.004300052990047654,0.0023000529900476536,0.3946650800539184,2.9964634673312758
2013-10-14,-0.008440535771186863,-1.0,0.008440535771186863,0.006440535771186863,0.39720693461964407,2.9711717102482114
2013-10-15,-0.010485938398048344,-1.0,0.010485938398048344,0.010485938398048344,0.40137202206734324,2.9400161867245247
2013-10-16,0.016207881814002345,-1.0,-0.016207881814002345,-0.016207881814002345,0.39486663177022857,2.9876676216102096
2013-10-17,0.01827945706300871,1.0,0.01827945706300871,0.016279457063008707,0.40129484614774685,3.042280563617975
2013-10-18,0.006506121416279376,1.0,0.006506121416279376,0.006506121416279376,0.40390571914051127,3.0620740103472603
2013-10-21,0.0029925659662051185,-1.0,-0.0029925659662051185,-0.0049925659662051185,0.40188919319357475,3.071237468816627
2013-10-22,0.014560057780601099,-1.0,-0.014560057780601099,-0.014560057780601099,0.39603766331927714,3.115954863820544
2013-10-23,0.0009412406947952867,-1.0,-0.0009412406947952867,-0.0009412406947952867,0.3956648965538894,3.118887727341517
2013-10-24,0.0009402298694503042,1.0,0.0009402298694503042,-0.0010597701305496959,0.3952455827148146,3.121820198742226
2013-10-25,0.00915782926951958,1.0,0.00915782926951958,0.00915782926951958,0.3988651742808486,3.150409295132445
2013-10-28,-0.009191162857070112,-1.0,0.009191162857070112,0.007191162857070112,0.4017334787071159,3.1214533702344553
2013-10-29,0.00962929352351849,-1.0,-0.00962929352351849,-0.00962929352351849,0.3978650691224209,3.151510760956419
2013-10-30,-0.004652485146232732,-1.0,0.004652485146232732,0.004652485146232732,0.3997161304467178,3.1368484039528766
2013-10-31,-0.00969860157430702,1.0,-0.00969860157430702,-0.01169860157430702,0.3950400106937979,3.1064253610839367
2013-11-01,0.04000025750669889,1.0,0.04000025750669889,0.04000025750669889,0.4108417128469989,3.230683175452634
2013-11-04,-0.0005671797258189892,1.0,-0.0005671797258189892,-0.0005671797258189892,0.4106086917569513,3.2288507974549727
2013-11-05,-0.009422372508876897,1.0,-0.009422372508876897,-0.009422372508876897,0.4067397837078347,3.1984273624657678
2013-11-06,0.012491309346086554,-1.0,-0.012491309346086554,-0.014491309346086554,0.40084559167876416,3.238379908071315
2013-11-07,-0.015279816972274873,-1.0,0.015279816972274873,0.015279816972274873,0.40697043895375884,3.188898055789293
2013-11-08,0.0013792893137110074,-1.0,-0.0013792893137110074,-0.0013792893137110074,0.40640910897631366,3.193296468800157
2013-11-11,-0.006543244774527834,-1.0,0.006543244774527834,0.006543244774527834,0.40906834325494346,3.1724019483671624
2013-11-12,-0.01039839908632223,-1.0,0.01039839908632223,0.01039839908632223,0.413321999141689,3.1394140468458143
2013-11-13,0.005254143230297714,-1.0,-0.005254143230297714,-0.005254143230297714,0.4111503461579656,3.155908977907151
2013-11-14,0.016259979257780444,-1.0,-0.016259979257780444,-0.016259979257780444,0.4044650500576078,3.2072239924273642
2013-11-15,0.012228358462876177,-1.0,-0.012228358462876177,-0.012228358462876177,0.3995191064397982,3.246443077077503
2013-11-18,0.005532356528300975,-1.0,-0.005532356528300975,-0.005532356528300975,0.39730882430310505,3.26440355762873
2013-11-19,-0.019761787559071986,-1.0,0.019761787559071986,0.019761787559071986,0.4051603568843277,3.199893108015792
2013-11-20,-0.012256740986967829,1.0,-0.012256740986967829,-0.014256740986967829,0.3993840906180404,3.160672847004859
2013-11-21,0.004175067750408434,1.0,0.004175067750408434,0.004175067750408434,0.401051546254806,3.1738688702779805
2013-11-22,0.0,-1.0,-0.0,-0.002,0.4002494431622964,3.1738688702779805
2013-11-25,-0.005658674981508183,-1.0,0.005658674981508183,0.005658674981508183,0.40251432467268144,3.155908977907151
2013-11-26,-0.0036285838073764065,1.0,-0.0036285838073764065,-0.0056285838073764066,0.40024873906259173,3.1444574976923634
2013-11-27,-0.002231730059987891,1.0,-0.002231730059987891,-0.002231730059987891,0.3993554919201535,3.1374399173724092
2013-11-29,-0.004120934830113665,1.0,-0.004120934830113665,-0.004120934830113665,0.39770977396390256,3.1245107319395204
2013-12-02,-0.007802093459464032,1.0,-0.007802093459464032,-0.007802093459464032,0.39460680513769386,3.10013300719383
2013-12-03,0.0014295964989969878,-1.0,-0.0014295964989969878,-0.003429596498996988,0.3932534630203132,3.1045649464873395
2013-12-04,0.001903786473794744,1.0,0.001903786473794744,-9.621352620525596e-05,0.39321562671794363,3.1104753752394796
2013-12-05,-0.007362351050951732,1.0,-0.007362351050951732,-0.007362351050951732,0.3903206352353261,3.0875749635916256
2013-12-06,0.012441435799692036,-1.0,-0.012441435799692036,-0.014441435799692036,0.3846838448402801,3.1259888292778872
2013-12-09,-0.006144431104028847,1.0,-0.006144431104028847,-0.008144431104028847,0.3815508137691455,3.1067814062844255
2013-12-10,-0.015098954541645115,-1.0,0.015098954541645115,0.013098954541645115,0.38654873053403527,3.0598722550601085
2013-12-11,-0.0053115932441009095,-1.0,0.0053115932441009095,0.0053115932441009095,0.3886019201596556,3.0436194582623193
2013-12-12,0.004368616459206054,-1.0,-0.004368616459206054,-0.004368616459206054,0.38690426741516704,3.0569158643232437
2013-12-13,-0.000603332818957969,-1.0,0.000603332818957969,0.000603332818957969,0.38713769945749354,3.055071526657504
2013-12-16,0.0018130805819083218,-1.0,-0.0018130805819083218,-0.0018130805819083218,0.3864357876120825,3.0606106175188277
2013-12-17,-0.002775555103013194,1.0,-0.002775555103013194,-0.004775555103013194,0.38459034221456473,3.052115724101037
2013-12-18,0.012707002774993592,-1.0,-0.012707002774993592,-0.014707002774993592,0.37893417098437937,3.0908989670767903
2013-12-19,0.0005972703173398042,-1.0,-0.0005972703173398042,-0.0005972703173398042,0.3787078448518246,3.0927450692837217
2013-12-20,0.013018312118465936,-1.0,-0.013018312118465936,-0.013018312118465936,0.373777707925832,3.133007389898504
2013-12-23,-0.0014147835999996916,-1.0,0.0014147835999996916,0.0014147835999996916,0.3743065224970509,3.1285748624245975
2013-12-24,0.00035400900946358504,1.0,0.00035400900946358504,-0.001645990990536415,0.3736904173333217,3.129682406112677
2013-12-26,-0.0016524597393826612,-1.0,0.0016524597393826612,-0.0003475402606173388,0.3735605448682915,3.124510731939522
2013-12-27,0.0013007254043111427,1.0,0.0013007254043111427,-0.0006992745956888573,0.3732993234693134,3.1285748624245984
2013-12-30,0.004132173139671291,-1.0,-0.004132173139671291,-0.006132173139671291,0.3710101873848774,3.14150267543656
2013-12-31,0.0067018619736594065,1.0,0.0067018619736594065,0.0047018619736594065,0.3727546260767826,3.1625565927572175
2014-01-02,-0.016000762280552916,1.0,-0.016000762280552916,-0.016000762280552916,0.36679026791595165,3.111953276517714
2014-01-03,0.0013056591225433234,1.0,0.0013056591225433234,0.0013056591225433234,0.36726917097531625,3.1160164267021275
2014-01-06,0.0004739772758948213,1.0,0.0004739772758948213,0.0004739772758948213,0.36744324821649527,3.1174933476796993
2014-01-07,0.007345777229933237,1.0,0.007345777229933237,0.007345777229933237,0.3701424044625367,3.1403937593275533
2014-01-08,0.0031761504898735193,1.0,0.0031761504898735193,0.0031761504898735193,0.37131803244179334,3.1503681225046374
2014-01-09,0.00855892290801985,1.0,0.00855892290801985,0.00855892290801985,0.3744961148558203,3.1773318803970376
2014-01-10,0.014299108874203492,-1.0,-0.014299108874203492,-0.016299108874203494,0.36839216190681906,3.2227648948843126
2014-01-13,-0.0065329349386331614,1.0,-0.0065329349386331614,-0.008532934938633161,0.3652486955573658,3.2017107815035226
2014-01-14,0.0004610462461411835,1.0,0.0004610462461411835,0.0004610462461411835,0.36541709209736045,3.2031869182405646
2014-01-15,0.0009227693019209227,-1.0,-0.0009227693019209227,-0.0029227693019209227,0.3643490622381811,3.2061427207970317
2014-01-16,0.008640693544992306,-1.0,-0.008640693544992306,-0.008640693544992306,0.3612008336479756,3.2338460175089465
2014-01-17,0.0012562632797050721,1.0,0.0012562632797050721,-0.0007437367202949279,0.3609321953245905,3.2379085795129634
2014-01-21,0.015856977421869756,-1.0,-0.015856977421869756,-0.017856977421869757,0.3544870372618534,3.289252022752379
2014-01-22,-0.002133488182544996,-1.0,0.002133488182544996,0.002133488182544996,0.3552433311667169,3.2822344424324243
2014-01-23,-0.00067534964247562,1.0,-0.00067534964247562,-0.00267534964247562,0.35429293104768816,3.2800177865752063
2014-01-24,-0.019594968263535906,-1.0,0.019594968263535906,0.017594968263535904,0.3605267039254674,3.215745942143432
2014-01-27,-0.001952769309043756,1.0,-0.001952769309043756,-0.003952769309043756,0.35910162503510007,3.209466332161932
2014-01-28,0.021751876595238917,1.0,0.021751876595238917,0.021751876595238917,0.3669127592680133,3.2792782477556925
2014-01-29,-0.00011263981327136463,1.0,-0.00011263981327136463,-0.00011263981327136463,0.3668714302833225,3.2789088704662004
2014-01-30,0.02467053926585483,-1.0,-0.02467053926585483,-0.02667053926585483,0.3570867713964308,3.3598013205041966
2014-01-31,0.010664201142514651,1.0,0.010664201142514651,0.008664201142514651,0.3601806430091406,3.3956309175849397
2014-02-03,-0.007723507151025544,-1.0,0.007723507151025544,0.005723507151025544,0.3622421394950644,3.369404737910729
2014-02-04,-0.011839469024241711,-1.0,0.011839469024241711,0.011839469024241711,0.3665308940848913,3.3295127748861013
2014-02-05,-0.008652640132845724,-1.0,0.008652640132845724,0.008652640132845724,0.36970235400897805,3.300703699027299
2014-02-06,0.004699688033853011,1.0,0.004699688033853011,0.002699688033853011,0.3707004350301834,3.316215976704912
2014-02-07,0.009244378123100638,1.0,0.009244378123100638,0.009244378123100638,0.3741273300220003,3.34687233113144
2014-02-10,0.008056638994596632,-1.0,-0.008056638994596632,-0.010056638994596632,0.37036486652595674,3.37383687326437
2014-02-11,0.007007251321377916,-1.0,-0.007007251321377916,-0.007007251321377916,0.36776962682560077,3.397478196152665
2014-02-12,0.0023912853294258962,-1.0,-0.0023912853294258962,-0.0023912853294258962,0.3668901847123643,3.4056025359201696
2014-02-13,0.00705035303578061,-1.0,-0.00705035303578061,-0.00705035303578061,0.36430347938477936,3.4296132360979565
2014-02-14,0.004522925615658258,1.0,0.004522925615658258,0.0025229256156582575,0.3652225899647927,3.4451251216553045
2014-02-18,0.0008580804970332867,1.0,0.0008580804970332867,0.0008580804970332867,0.36553598034631746,3.4480813163320363
2014-02-19,-0.009748302937148012,1.0,-0.009748302937148012,-0.009748302937148012,0.36197262487547416,3.4144683751085116
2014-02-20,0.00010806518868866632,1.0,0.00010806518868866632,0.00010806518868866632,0.36201174151548143,3.414837360277739
2014-02-21,0.001190081399546683,-1.0,-0.001190081399546683,-0.003190081399546683,0.3608568945924554,3.4189012947026827
2014-02-24,-0.008427445678478196,-1.0,0.008427445678478196,0.008427445678478196,0.3638979964693377,3.3900886897614972
2014-02-25,-0.001524949358240879,1.0,-0.001524949358240879,-0.003524949358240879,0.36261527446021796,3.384918976189666
2014-02-26,-0.005004894959645401,1.0,-0.005004894959645401,-0.005004894959645401,0.3608004231007816,3.367977812266926
2014-02-27,0.0013267909669705258,1.0,0.0013267909669705258,0.0013267909669705258,0.36127912984303084,3.3724464148051987
2014-02-28,0.008942344440890482,1.0,0.008942344440890482,0.008942344440890482,0.3645098122613924,3.402603992254833
2014-03-03,-0.012145618816587822,1.0,-0.012145618816587822,-0.012145618816587822,0.36008261502675953,3.361277261181106
2014-03-04,0.015285595977721611,1.0,0.015285595977721611,0.015285595977721611,0.36558669239866004,3.4126563873646227
2014-03-05,-0.011018964997013714,-1.0,0.011018964997013714,0.009018964997013714,0.36888390598077764,3.3750524460854168
2014-03-06,0.0009928911733880774,1.0,0.0009928911733880774,-0.0010071088266119226,0.3685123997430693,3.3784035058688566
2014-03-07,0.011681420489701777,1.0,0.011681420489701777,0.011681420489701777,0.37281714804013716,3.4178680578047933
2014-03-10,-0.006753723479376861,1.0,-0.006753723479376861,-0.006753723479376861,0.3702992441139042,3.3947847220533847
2014-03-11,-0.0024128187449762306,1.0,-0.0024128187449762306,-0.0024128187449762306,0.3694057791564556,3.3865937218408555
2014-03-12,0.013522651222353188,1.0,0.013522651222353188,0.013522651222353188,0.37440112466750997,3.4323894475731205
2014-03-13,0.017246992886200907,1.0,0.017246992886200907,0.017246992886200907,0.3808584182012361,3.491587843958085
2014-03-14,0.005118267639071972,1.0,0.005118267639071972,0.005118267639071972,0.38280775351818364,3.509458725028793
2014-03-17,0.005834666207819028,-1.0,-0.005834666207819028,-0.007834666207819028,0.3798085825476036,3.529935245259454
2014-03-18,-0.003585911182575341,1.0,-0.003585911182575341,-0.005585911182575341,0.37768700553911283,3.5172772109897115
2014-03-19,-0.01238476173742964,1.0,-0.01238476173742964,-0.01238476173742964,0.37300944196418767,3.4737165707671127
2014-03-20,0.0025721305042982756,1.0,0.0025721305042982756,0.0025721305042982756,0.37396887092825504,3.482651423122069
2014-03-21,0.011011429259851102,-1.0,-0.011011429259851102,-0.013011429259851102,0.36910300141878566,3.5210003929044977
2014-03-24,-0.005181198854398716,1.0,-0.005181198854398716,-0.0071811988543987165,0.36645239936784196,3.5027573897024435
2014-03-25,0.005208183488723872,1.0,0.005208183488723872,0.005208183488723872,0.3683609507036328,3.5210003929044973
2014-03-26,-0.007296264812672648,1.0,-0.007296264812672648,-0.007296264812672648,0.3656732916606512,3.4953102416323416
2014-03-27,0.007775520248044732,-1.0,-0.007775520248044732,-0.009775520248044732,0.36209864499385336,3.522488097189352
2014-03-28,0.0011631734542199013,1.0,0.0011631734542199013,-0.0008368265457800988,0.3617956312355315,3.5265853618368084
2014-03-31,0.009501834186677938,1.0,0.009501834186677938,0.009501834186677938,0.365233353332996,3.5600943911901473
2014-04-01,-0.007948485574762576,1.0,-0.007948485574762576,-0.007948485574762576,0.3623303012926065,3.5317970322769794
2014-04-02,-0.008644239547734522,-1.0,0.008644239547734522,0.006644239547734522,0.3647377106097975,3.501267332695999
2014-04-03,0.00595515879882158,1.0,0.00595515879882158,0.00395515879882158,0.3661803061751779,3.52211793565933
2014-04-04,0.0043341086782482385,-1.0,-0.0043341086782482385,-0.006334108678248239,0.3638608803200301,3.537383177570085
2014-04-07,-0.011683297364232903,-1.0,0.011683297364232903,0.011683297364232903,0.36811197518402056,3.4960548780152987
2014-04-08,0.027689357691067062,1.0,0.027689357691067062,0.02568935769106706,0.37756853538488805,3.592858392040264
2014-04-09,-0.0007253364858440525,1.0,-0.0007253364858440525,-0.0007253364858440525,0.3772946711502667,3.5902523607600463
2014-04-10,-0.0068446935003698695,-1.0,0.0068446935003698695,0.004844693500369869,0.3791225481913126,3.5656781837616642
2014-04-11,-0.006473977404092279,1.0,-0.006473977404092279,-0.00847397740409228,0.3759098722845575,3.5425940637697266
2014-04-14,0.010089924597579625,1.0,0.010089924597579625,0.010089924597579625,0.3797027745513945,3.5783385707529964
2014-04-15,0.011756796665211011,-1.0,-0.011756796665211011,-0.013756796665211011,0.37447928068867453,3.6204083697286213
2014-04-16,0.006890465544802105,1.0,0.006890465544802105,0.0048904655448021046,0.37631065870812475,3.6453546688583494
2014-04-17,-0.01348213880416782,1.0,-0.01348213880416782,-0.01348213880416782,0.371237186173934,3.59620749122238
2014-04-21,0.0009320496751510365,1.0,0.0009320496751510365,0.0009320496751510365,0.37158319767271136,3.5995593352463495
2014-04-22,-0.0034132801030269944,-1.0,0.0034132801030269944,0.0014132801030269943,0.3721083488126014,3.587273030987688
2014-04-23,0.0012451357614446934,1.0,0.0012451357614446934,-0.0007548642385553066,0.3718274575272149,3.591739672924637
2014-04-24,0.002280838067156843,1.0,0.002280838067156843,0.002280838067156843,0.3726755357467571,3.599931849497961
2014-04-25,0.010135520418252053,1.0,0.010135520418252053,0.010135520418252053,0.37645279624870137,3.6364190322628636
2014-04-28,-0.004095869042610056,1.0,-0.004095869042610056,-0.004095869042610056,0.3749108948945423,3.62152473612266
2014-04-29,0.007196491892916157,-1.0,-0.007196491892916157,-0.009196491892916157,0.3714630298890787,3.647587009526162
2014-04-30,0.01918983811920061,1.0,0.01918983811920061,0.017189838119200607,0.37784841924013973,3.7175836137646683
2014-05-01,0.0012013851686205612,1.0,0.0012013851686205612,0.0012013851686205612,0.3783023607270016,3.722049863581352
2014-05-02,-0.019805600712928695,1.0,-0.019805600712928695,-0.019805600712928695,0.37080985522168425,3.648332430149649
2014-05-05,-0.00040831391182138965,1.0,-0.00040831391182138965,-0.00040831391182138965,0.37065844839915674,3.64684276526347
2014-05-06,-0.0009186783633289286,-1.0,0.0009186783633289286,-0.0010813216366710714,0.3702576473990878,3.64349248972056
2014-05-07,0.014306526859836133,1.0,0.014306526859836133,0.012306526859836133,0.3748142330818644,3.695618212888358
2014-05-08,-0.0077579077798288765,1.0,-0.0077579077798288765,-0.0077579077798288765,0.37190645882704804,3.6669479476033144
2014-05-09,-0.015940711686461828,1.0,-0.015940711686461828,-0.015940711686461828,0.3659780051925531,3.6084941876013072
2014-05-12,-0.01145251642512235,1.0,-0.01145251642512235,-0.01145251642512235,0.36178663607685185,3.567167848647845
2014-05-13,0.0028179226254618772,1.0,0.0028179226254618772,0.0028179226254618772,0.36280612282424257,3.57721985163737
2014-05-14,0.005516311836261778,1.0,0.005516311836261778,0.005516311836261778,0.3648074745338462,3.5969529118458676
2014-05-15,-0.0035193172722898236,1.0,-0.0035193172722898236,-0.0035193172722898236,0.3635236012876588,3.584294093335595
2014-05-16,0.0034279264086536365,1.0,0.0034279264086536365,0.0034279264086536365,0.36476973344068164,3.5965807897145217
2014-05-19,-0.0196688078252647,1.0,-0.0196688078252647,-0.0196688078252647,0.35759514765316386,3.525840333333588
2014-05-20,0.017212145557718994,1.0,0.017212145557718994,0.017212145557718994,0.36375012738530416,3.586527610364202
2014-05-21,-0.0005186683997888686,1.0,-0.0005186683997888686,-0.0005186683997888686,0.3635614616888102,3.584667391827736
2014-05-22,0.0037388882112898703,1.0,0.0037388882112898703,0.0037388882112898703,0.3649207773519978,3.598070062480436
2014-05-23,-0.0018625894799821907,1.0,-0.0018625894799821907,-0.0018625894799821907,0.36424107975107506,3.591368335033821
2014-05-27,0.0007253098753510212,1.0,0.0007253098753510212,0.0007253098753510212,0.36450526740322703,3.593973189953244
2014-05-28,0.008598670207049519,-1.0,-0.008598670207049519,-0.01059867020704952,0.3606419962852878,3.6248765801466294
2014-05-29,-0.0008793528724408972,-1.0,0.0008793528724408972,0.0008793528724408972,0.3609591278606441,3.6216890345136337
2014-05-30,0.008389084262100388,-1.0,-0.008389084262100388,-0.008389084262100388,0.3579310113218469,3.6520716889952936
2014-06-02,-0.0018485766915061763,1.0,-0.0018485766915061763,-0.0038485766915061764,0.3565534863745064,3.6453205543953073
2014-06-03,-0.00020577780622355046,1.0,-0.00020577780622355046,-0.00020577780622355046,0.3564801155802789,3.644570428328642
2014-06-04,0.0016466688658114403,1.0,0.0016466688658114403,0.0016466688658114403,0.35706712028788584,3.650571828982228
2014-06-05,0.0046236090101352545,1.0,0.0046236090101352545,0.0046236090101352545,0.35871805904247195,3.667450645782856
2014-06-06,-0.0033750060943846805,1.0,-0.0033750060943846805,-0.0033750060943846805,0.35750738340703775,3.655072977502484
2014-06-09,-0.010878303962985392,1.0,-0.010878303962985392,-0.010878303962985392,0.35361830942132444,3.615311982646318
2014-06-10,-0.006225660001305866,1.0,-0.006225660001305866,-0.006225660001305866,0.3514168020566307,3.592804279443715
2014-06-11,-0.009187551964495277,-1.0,0.009187551964495277,0.007187551964495277,0.35394262858260944,3.559795203428065
2014-06-12,0.007586972266359737,-1.0,-0.007586972266359737,-0.007586972266359737,0.3512572756756707,3.586803270910394
2014-06-13,0.012131687919431533,1.0,0.012131687919431533,0.010131687919431533,0.35481610477224634,3.6303172488214748
2014-06-16,0.00392615260051854,1.0,0.00392615260051854,0.00392615260051854,0.3562091669447038,3.6445704283286426
2014-06-17,0.006072286450018671,1.0,0.006072286450018671,0.006072286450018671,0.35837217104251456,3.6667013039567213
2014-06-18,0.019846516309927953,1.0,0.019846516309927953,0.019846516309927953,0.3654846101801341,3.7394725511893325
2014-06-19,0.004714810237879563,1.0,0.004714810237879563,0.004714810237879563,0.3672078007619988,3.75710345465795
2014-06-20,-0.0016976450888523953,1.0,-0.0016976450888523953,-0.0016976450888523953,0.3665844122424469,3.7507252264298394
2014-06-23,-0.0036001180106054465,-1.0,0.0036001180106054465,0.0016001180106054464,0.3671709905628833,3.737222172989337
2014-06-24,0.011040619229895077,-1.0,-0.011040619229895077,-0.011040619229895077,0.36311719546381516,3.7784834199788335
2014-06-25,0.010126056036343645,1.0,0.010126056036343645,0.008126056036343645,0.3660679061419141,3.8167445548219345
2014-06-26,-0.0034395265804341157,-1.0,0.0034395265804341157,0.0014395265804341157,0.36659487062304924,3.803616760474897
2014-06-27,0.001972138924352329,1.0,0.001972138924352329,-2.786107564767097e-05,0.36658465689562675,3.8111180211415485
2014-06-30,0.008661669440197972,1.0,0.008661669440197972,0.008661669440197972,0.3697598920155051,3.844128665638258
2014-07-01,-0.010050652612556665,1.0,-0.010050652612556665,-0.010050652612556665,0.3660435637908008,3.8054926638219566
2014-07-02,-0.017250233696091244,1.0,-0.017250233696091244,-0.017250233696091244,0.3597292267724594,3.739847026042267
2014-07-03,-0.014844036697247653,-1.0,0.014844036697247653,0.012844036697247653,0.3643496021621974,3.6843325995456033
2014-07-07,0.002646785707633992,1.0,0.002646785707633992,0.0006467857076339917,0.3645852582774581,3.6940842384122505
2014-07-08,0.0042649271388377485,-1.0,-0.0042649271388377485,-0.006264927138837749,0.3623011581984555,3.709839238533808
2014-07-09,-0.0007076439178084204,-1.0,0.0007076439178084204,0.0007076439178084204,0.3625575384094696,3.7072139933606123
2014-07-10,0.005666217980897059,1.0,0.005666217980897059,0.003666217980897059,0.36388675337589615,3.728219875948825
2014-07-11,-0.00422587740148983,1.0,-0.00422587740148983,-0.00422587740148983,0.3623490125681035,3.712464875827268
2014-07-14,-0.015661299523673677,1.0,-0.015661299523673677,-0.015661299523673677,0.356674156150167,3.654322851435819
2014-07-15,0.009238369923878054,1.0,0.009238369923878054,0.009238369923878054,0.3599692439469693,3.688082837758664
2014-07-16,0.004068687975712804,1.0,0.004068687975712804,0.004068687975712804,0.3614338464814427,3.703088496054085
2014-07-17,-0.011547946436995415,1.0,-0.011547946436995415,-0.011547946436995415,0.3572600277817578,3.6603254284501987
2014-07-18,0.01229766223899409,-1.0,-0.01229766223899409,-0.01429766223899409,0.3521520445730406,3.7053388742540805
2014-07-21,-0.0010126466004112267,1.0,-0.0010126466004112267,-0.0030126466004112267,0.35109113491312977,3.7015866754396956
2014-07-22,-0.003344093656656444,-1.0,0.003344093656656444,0.0013440936566564438,0.3515630342804748,3.6892082229187935
2014-07-23,0.0014236276485624089,-1.0,-0.0014236276485624089,-0.0014236276485624089,0.35106253942466065,3.6944602817462444
2014-07-24,0.0023354464928129204,1.0,0.0023354464928129204,0.00033544649281292034,0.35118030212226864,3.7030884960540855
2014-07-25,-0.0027355638227455348,1.0,-0.0027355638227455348,-0.0027355638227455348,0.3502196259925221,3.692958461131855
2014-07-28,0.01147843319593922,1.0,0.01147843319593922,0.01147843319593922,0.3542395985733841,3.7353478381233356
2014-07-29,-0.011850062135039363,1.0,-0.011850062135039363,-0.011850062135039363,0.3500418373195981,3.691083734145589
2014-07-30,-0.020935305129785586,1.0,-0.020935305129785586,-0.020935305129785586,0.34271360464712153,3.6138097699116627
2014-07-31,-0.025430348602848873,-1.0,0.025430348602848873,0.02343034860284887,0.3507435038749425,3.521909327678428
2014-08-01,-0.000745960650909705,1.0,-0.000745960650909705,-0.002745960650909705,0.3497803760147397,3.519282121903908
2014-08-04,0.002451920093210047,1.0,0.002451920093210047,0.002451920093210047,0.35063800954690083,3.527911120452279
2014-08-05,-0.01552370770165612,-1.0,0.01552370770165612,0.01352370770165612,0.3553799354971036,3.4731448594209557
2014-08-06,-0.002592198611186647,1.0,-0.002592198611186647,-0.004592198611186647,0.35374796025087024,3.464141778139915
2014-08-07,0.017541796339892723,1.0,0.017541796339892723,0.017541796339892723,0.35995333492524345,3.524909047704559
2014-08-08,0.0157496248063127,1.0,0.0157496248063127,0.0157496248063127,0.365622464898097,3.580425042682283
2014-08-11,-0.005866758895254565,1.0,-0.005866758895254565,-0.005866758895254565,0.3634774460498512,3.5594195522143344
2014-08-12,0.00010553721139627825,1.0,0.00010553721139627825,0.00010553721139627825,0.36351580644591275,3.5597952034280644
2014-08-13,0.008956938642315615,-1.0,-0.008956938642315615,-0.010956938642315615,0.359532786059173,3.591680070644379
2014-08-14,0.004595486787197567,-1.0,-0.004595486787197567,-0.004595486787197567,0.3578805578912737,3.6081855889528662
2014-08-15,0.0019750629555392862,-1.0,-0.0019750629555392862,-0.0019750629555392862,0.3571737212588749,3.615311982646318
2014-08-18,-0.0024902640005223242,-1.0,0.0024902640005223242,0.0024902640005223242,0.35806317811885846,3.6063089013652765
2014-08-19,0.012273748263825768,1.0,0.012273748263825768,0.010273748263825768,0.361741829073397,3.650571828982228
2014-08-20,0.004315547431762212,-1.0,-0.004315547431762212,-0.006315547431762212,0.35945723139383157,3.6663260448632555
2014-08-21,0.0027626726148994862,-1.0,-0.0027626726148994862,-0.0027626726148994862,0.35846416874443227,3.676454903424692
2014-08-22,-0.0037754503998843614,-1.0,0.0037754503998843614,0.0037754503998843614,0.35981753243366266,3.6625746302894004
2014-08-25,0.005428332742889896,1.0,0.005428332742889896,0.0034283327428898964,0.3610511066615708,3.6824563040782783
2014-08-26,-0.014770624226664752,-1.0,0.014770624226664752,0.012770624226664752,0.3656619546713672,3.628064125779625
2014-08-27,0.009323823900474926,-1.0,-0.009323823900474926,-0.009323823900474926,0.36225258699890794,3.661891556788025
2014-08-28,0.006605098463971615,1.0,0.006605098463971615,0.004605098463971615,0.36392079583086634,3.686078711084996
2014-08-29,0.009432918548594627,1.0,0.009432918548594627,0.009432918548594627,0.36735363105607866,3.720849191330369
2014-09-02,-0.012391755508532887,1.0,-0.012391755508532887,-0.012391755508532887,0.36280147467485996,3.674741337867281
2014-09-03,0.0038052748423005323,1.0,0.0038052748423005323,0.0038052748423005323,0.36418203399918975,3.688724738632229
2014-09-04,-0.0037908496176196627,1.0,-0.0037908496176196627,-0.0037908496176196627,0.36280147467485996,3.674741337867281
2014-09-05,0.0070962224155988185,1.0,0.0070962224155988185,0.0070962224155988185,0.36537599463186,3.7008181197205823
2014-09-08,-0.00694418617907866,1.0,-0.00694418617907866,-0.00694418617907866,0.3628387556997703,3.675118949682335
2014-09-09,-0.015837091519934843,1.0,-0.015837091519934843,-0.015837091519934843,0.35709244511877375,3.616915754529569
2014-09-10,-0.0008358633286484896,1.0,-0.0008358633286484896,-0.0008358633286484896,0.35679396463896157,3.613892507287547
2014-09-11,0.005542796740465761,-1.0,-0.005542796740465761,-0.007542796740465761,0.35410274028546496,3.633923578897334
2014-09-12,-0.021320827807673637,1.0,-0.021320827807673637,-0.02332082780767364,0.34584477125304225,3.5564453200054187
2014-09-15,0.0008500755585967301,1.0,0.0008500755585967301,0.0008500755585967301,0.34613876544015293,3.559468567247441
2014-09-16,0.010087367744306519,1.0,0.010087367744306519,0.010087367744306519,0.349630394457708,3.5953742356595657
2014-09-17,0.001681306480707967,1.0,0.001681306480707967,0.001681306480707967,0.3502182303057622,3.6014191616625504
2014-09-18,-0.0074503978234577994,-1.0,0.0074503978234577994,0.005450397823457799,0.35212705898595603,3.5745871561791405
2014-09-19,0.0059208771169261265,-1.0,-0.0059208771169261265,-0.0059208771169261265,0.3500421579401556,3.5957518474746197
2014-09-22,-0.005465853248132535,-1.0,0.005465853248132535,0.005465853248132535,0.35195543700611615,3.576097995559622
2014-09-23,-0.0007395913617922467,-1.0,0.0007395913617922467,0.0007395913617922467,0.3522157402070617,3.573453144373184
2014-09-24,-0.003913463129567862,-1.0,0.003913463129567862,0.003913463129567862,0.3535941235200155,3.559468567247441
2014-09-25,-0.01104313834702364,-1.0,0.01104313834702364,0.01104313834702364,0.35749891234474157,3.5201608634174453
2014-09-26,0.0032213658350532803,-1.0,-0.0032213658350532803,-0.0032213658350532803,0.3563472775624455,3.53150058935675
2014-09-29,0.0017121601231688821,1.0,0.0017121601231688821,-0.00028783987683111793,0.3562447066059628,3.537547083840794
2014-09-30,0.0029914914083297717,-1.0,-0.0029914914083297717,-0.004991491408329772,0.3544665142136762,3.5481296255486656
2014-10-01,0.004367649049712208,-1.0,-0.004367649049712208,-0.004367649049712208,0.352918328879716,3.563626610535949
2014-10-02,-0.005515236634824228,-1.0,0.005515236634824228,0.005515236634824228,0.35486475697625436,3.543972366500687
2014-10-03,0.0049057460118546725,-1.0,-0.0049057460118546725,-0.0049057460118546725,0.3531238806099703,3.5613581948037707
2014-10-06,-0.006049121198338225,1.0,-0.006049121198338225,-0.008049121198338225,0.3502815436969131,3.5398151074527076
2014-10-07,-0.00683332943777315,-1.0,0.00683332943777315,0.00483332943777315,0.351974569793572,3.5156263846746767
2014-10-08,0.024726055479983522,-1.0,-0.024726055479983522,-0.024726055479983522,0.3432716270533128,3.602553957709037
2014-10-09,-0.01814948129878302,-1.0,0.01814948129878302,0.01814948129878302,0.34950182902891974,3.53716947202574
2014-10-10,0.0004276865990644474,-1.0,-0.0004276865990644474,-0.0004276865990644474,0.34935235178029556,3.538682272007545
2014-10-13,-0.00897170607686959,1.0,-0.00897170607686959,-0.01097170607686959,0.345519360459299,3.506934254763664
2014-10-14,0.005927086625988398,-1.0,-0.005927086625988398,-0.007927086625988398,0.34278039855798204,3.5277201578832944
2014-10-15,-0.016284174580276867,1.0,-0.016284174580276867,-0.01828417458027687,0.33651294190805103,3.470274146961961
2014-10-16,0.01688119525086096,-1.0,-0.01688119525086096,-0.01888119525086096,0.3301591753474435,3.528856522410841
2014-10-17,0.009424492056380407,1.0,0.009424492056380407,0.007424492056380407,0.3326104395221517,3.562114202674408
2014-10-20,0.009337160768227326,1.0,0.009337160768227326,0.009337160768227326,0.33571607666916076,3.595374235659565
2014-10-21,0.004099220639847578,-1.0,-0.004099220639847578,-0.006099220639847578,0.33366847024521157,3.6101124679343566
2014-10-22,0.01057366602343568,-1.0,-0.01057366602343568,-0.01057366602343568,0.330140371278288,3.6482845914773354
2014-10-23,0.013156930238777065,1.0,0.013156930238777065,0.011156930238777065,0.3338237243696438,3.696284817338608
2014-10-24,0.005725830183847425,1.0,0.005725830183847425,0.005725830183847425,0.33573514232672386,3.7174491165138224
2014-10-27,-0.0027452486081781524,1.0,-0.0027452486081781524,-0.0027452486081781524,0.3348134658945349,3.7072437945007395
2014-10-28,0.010602205079268234,1.0,0.010602205079268234,0.010602205079268234,0.3383632269232494,3.746548753488881
2014-10-29,-0.005346016381025609,1.0,-0.005346016381025609,-0.005346016381025609,0.336554331569381,3.7265196424804183
2014-10-30,0.013286035730790902,1.0,0.013286035730790902,0.013286035730790902,0.3410258044439643,3.7760303156019073
2014-10-31,0.0031030836023600017,-1.0,-0.0031030836023600017,-0.005103083602360002,0.3392855212533247,3.787747653356266
2014-11-03,0.005886750855982781,-1.0,-0.005886750855982781,-0.005886750855982781,0.3372882319206641,3.8100451800969077
2014-11-04,0.001487980987435522,-1.0,-0.001487980987435522,-0.001487980987435522,0.33678635344428043,3.8157144548861623
2014-11-05,0.03882702461622567,-1.0,-0.03882702461622567,-0.03882702461622567,0.32370994140869047,3.9638672939545154
2014-11-06,-0.008867319134160723,-1.0,0.008867319134160723,0.008867319134160723,0.32658038076606183,3.928718417653559
2014-11-07,0.007504017050519174,1.0,0.007504017050519174,0.005504017050519174,0.3283778847501633,3.9581995876463196
2014-11-10,0.008402620435925101,1.0,0.008402620435925101,0.008402620435925101,0.33113711947527086,3.991458836390947
2014-11-11,-0.007669878781865314,1.0,-0.007669878781865314,-0.007669878781865314,0.3285973379087195,3.960844830953023
2014-11-12,-0.01631664362791485,-1.0,0.01631664362791485,0.01431664362791485,0.3333017488926402,3.896217137380894
2014-11-13,-0.00795478710797326,1.0,-0.00795478710797326,-0.00995478710797326,0.3299838009396988,3.8652235595265916
2014-11-14,-0.0041064232990167815,1.0,-0.0041064232990167815,-0.0041064232990167815,0.3286287477712219,3.849351315445843
2014-11-17,0.013352671685429529,1.0,0.013352671685429529,0.013352671685429529,0.3330168195466049,3.900750439762868
2014-11-18,0.001259770712080055,-1.0,-0.001259770712080055,-0.003259770712080055,0.3319312610716168,3.9056644909220144
2014-11-19,0.0035804880419147977,-1.0,-0.0035804880419147977,-0.0035804880419147977,0.3307427851606122,3.9196486759274918
2014-11-20,-0.0062675838434771425,1.0,-0.0062675838434771425,-0.008267583843477143,0.32800834145367164,3.895081949214142
2014-11-21,0.006598052265360366,1.0,0.006598052265360366,0.006598052265360366,0.3301725576340571,3.920781903492919
2014-11-24,-0.005012437834579608,1.0,-0.005012437834579608,-0.005012437834579608,0.32851758821423227,3.901129227938716
2014-11-25,0.003463530505362966,1.0,0.003463530505362966,0.003463530505362966,0.32965541890256056,3.914640908025045
2014-11-26,0.00340309473873579,-1.0,-0.00340309473873579,-0.00540309473873579,0.3278742594430924,3.9279628019031847
2014-11-28,0.011530721036932423,1.0,0.011530721036932423,0.009530721036932423,0.3309991375450353,3.9732550452153776
2014-12-01,0.004023687162393985,-1.0,-0.004023687162393985,-0.006023687162393985,0.3290053022894418,3.989242180533728
2014-12-02,0.002862431939711696,1.0,0.002862431939711696,0.0008624319397116959,0.32928904697047073,4.000661114766533
2014-12-03,-0.006850385165091621,-1.0,0.006850385165091621,0.004850385165091621,0.33088622567892345,3.9732550452153776
2014-12-04,-0.00862145365135969,-1.0,0.00862145365135969,0.00862145365135969,0.33373894593748765,3.9389998109980224
2014-12-05,-0.005411240004989382,1.0,-0.005411240004989382,-0.007411240004989382,0.33126552651013275,3.9176849376411043
2014-12-08,0.0071894496552857845,1.0,0.0071894496552857845,0.0071894496552857845,0.3336471433355091,3.9458509362655465
2014-12-09,0.00887431693120222,1.0,0.00887431693120222,0.00887431693120222,0.33660803382865867,3.980867668037248
2014-12-10,-0.03011763013979296,1.0,-0.03011763013979296,-0.03011763013979296,0.3264701975637242,3.8609733679758422
2014-12-11,0.010252375461856644,-1.0,-0.010252375461856644,-0.012252375461856644,0.32247016212606694,3.90055751659256
2014-12-12,-0.016295596314596317,-1.0,0.016295596314596317,0.016295596314596317,0.32772500571157576,3.836995605900303
2014-12-15,-0.0014878513092968504,1.0,-0.0014878513092968504,-0.0034878513092968504,0.3265819496213153,3.831286726964298
2014-12-16,0.004172477837549593,1.0,0.004172477837549593,0.004172477837549593,0.327944605568254,3.8472726859218547
2014-12-17,0.020181601904140534,1.0,0.020181601904140534,0.020181601904140534,0.3345630530444429,3.924916811685803
2014-12-18,0.022594998017877455,-1.0,-0.022594998017877455,-0.024594998017877456,0.3263344754179598,4.0136002992661775
2014-12-19,0.003983338211714482,1.0,0.003983338211714482,0.001983338211714482,0.326981707052856,4.029587826704793
2014-12-22,0.0006610286395791753,1.0,0.0006610286395791753,0.0006610286395791753,0.32719785132583645,4.0322514996639445
2014-12-23,0.003587015366129709,1.0,0.003587015366129709,0.003587015366129709,0.32837151504630685,4.046715247753339
2014-12-24,0.015613434266591009,-1.0,-0.015613434266591009,-0.01761343426659101,0.3225877649510178,4.109898370269747
2014-12-26,0.012131413340375818,-1.0,-0.012131413340375818,-0.012131413340375818,0.318674319435849,4.159757246186426
2014-12-29,0.011071633901189815,-1.0,-0.011071633901189815,-0.011071633901189815,0.31514607403734446,4.205812555534023
2014-12-30,-0.02416299429889901,-1.0,0.02416299429889901,0.02416299429889901,0.32276094682762924,4.104187530732417
2014-12-31,-0.01428144903983175,-1.0,0.01428144903983175,0.01428144903983175,0.3273704408417959,4.045573785662349
2015-01-02,0.00376304523640969,1.0,0.00376304523640969,0.00176304523640969,0.32794760973806336,4.060797462825029
2015-01-05,-0.010591444573194275,-1.0,0.010591444573194275,0.008591444573194275,0.3307651534500395,4.0177877515745495
2015-01-06,0.0038841280987360616,1.0,0.0038841280987360616,0.0018841280987360615,0.33138835736973743,4.033393353875198
2015-01-07,0.009153506285610513,1.0,0.009153506285610513,0.009153506285610513,0.33442172278189947,4.0703130452922345
2015-01-08,0.0060781673534986425,-1.0,-0.0060781673534986425,-0.008078167353498642,0.33172020813862196,4.09505308916265
2015-01-09,-0.008830108317629537,1.0,-0.008830108317629537,-0.010830108317629537,0.3281276423533341,4.0588933268189
2015-01-12,-0.0025317974515667308,1.0,-0.0025317974515667308,-0.0025317974515667308,0.3272968896246353,4.048617031037879
2015-01-13,0.003948886080370251,-1.0,-0.003948886080370251,-0.005948886080370251,0.32534983771379883,4.0646045584764945
2015-01-14,0.006180185069829758,1.0,0.006180185069829758,0.004180185069829758,0.32670986024788157,4.089724566883553
2015-01-15,-0.003815807652919667,1.0,-0.003815807652919667,-0.003815807652919667,0.3254631982628634,4.0741189645829055
2015-01-16,0.011023897752188594,1.0,0.011023897752188594,0.011023897752188594,0.3290510712826135,4.11903163547872
2015-01-20,0.006560895599995176,-1.0,-0.006560895599995176,-0.008560895599995176,0.3262340994142965,4.146056172012173
2015-01-21,0.008813128757650057,1.0,0.008813128757650057,0.006813128757650057,0.3284567743387421,4.182595898892566
2015-01-22,-0.003094233737694685,1.0,-0.003094233737694685,-0.003094233737694685,0.3274404523062088,4.169653969551069
2015-01-23,-0.0006390115868458723,-1.0,0.0006390115868458723,-0.0013609884131541277,0.3269948096446221,4.166989512351388
2015-01-26,0.0024662140067366334,-1.0,-0.0024662140067366334,-0.0024662140067366334,0.3261883704649463,4.1772662002526735
2015-01-27,0.01339385074077093,1.0,0.01339385074077093,0.01139385074077093,0.3299049120713992,4.233215880243325
2015-01-28,-0.011688441369477554,1.0,-0.011688441369477554,-0.011688441369477554,0.32604883784915,4.183736184622759
2015-01-29,0.015829948536593363,1.0,0.015829948536593363,0.015829948536593363,0.33121017417271814,4.249964513116021
2015-01-30,-0.02167299092736852,1.0,-0.02167299092736852,-0.02167299092736852,0.32403185907282067,4.157855070781619
2015-02-02,0.0075977599891356995,1.0,0.0075977599891356995,0.0075977599891356995,0.3264937753668894,4.189445455679029
2015-02-03,0.0015447277974161011,1.0,0.0015447277974161011,0.0015447277974161011,0.32699811937738194,4.1959170085301745
2015-02-04,-0.007256798155091837,1.0,-0.007256798155091837,-0.007256798155091837,0.32462516002796565,4.165468085723754
2015-02-05,0.002466926513247092,1.0,0.002466926513247092,0.002466926513247092,0.32542598644210574,4.175743989384511
2015-02-06,-0.03563949430287383,1.0,-0.03563949430287383,-0.03563949430287383,0.3138279688522952,4.0269225852645825
2015-02-09,-0.012098413464735946,1.0,-0.012098413464735946,-0.012098413464735946,0.31003114832832185,3.978203210837568
2015-02-10,0.03166864868834196,1.0,0.03166864868834196,0.03166864868834196,0.3198494158471747,4.104187530732417
2015-02-11,-0.025688436276919413,-1.0,0.025688436276919413,0.02368843627691941,0.32742614835268036,3.9987573708806696
2015-02-12,0.0026651871293985607,1.0,0.0026651871293985607,0.0006651871293985607,0.3276439480123931,4.0094148075591285
2015-02-13,-0.016327786841652814,1.0,-0.016327786841652814,-0.016327786841652814,0.3222942474692892,3.9439499372215368
2015-02-17,-0.0019308986637616155,1.0,-0.0019308986637616155,-0.0019308986637616155,0.3216719299375127,3.936334569557813
2015-02-18,0.02968504540976369,1.0,0.02968504540976369,0.02968504540976369,0.33122077578475406,4.053184840003159
2015-02-19,-0.009953866779611742,1.0,-0.009953866779611742,-0.009953866779611742,0.32792384830795296,4.012839978072626
2015-02-20,0.0016125159851811954,-1.0,-0.0016125159851811954,-0.0036125159851811955,0.32673921816401835,4.019310746683242
2015-02-23,0.003693099031540692,1.0,0.003693099031540692,0.001693099031540692,0.3272924200178582,4.0341544593092795
2015-02-24,0.0008494317778657834,1.0,0.0008494317778657834,0.0008494317778657834,0.32757043260007596,4.037581198303836
2015-02-25,-0.01452898975438277,1.0,-0.01452898975438277,-0.01452898975438277,0.32281116514099073,3.978919222441191
2015-02-26,-0.0028903565528627384,-1.0,0.0028903565528627384,0.0008903565528627384,0.3230985821772113,3.9674187271932966
2015-02-27,-0.00019361797976691353,1.0,-0.00019361797976691353,-0.0021936179797669136,0.3223898273181102,3.966650563594448
2015-03-02,-0.018558007129961585,1.0,-0.018558007129961585,-0.018558007129961585,0.31640691460411363,3.893037434153196
2015-03-03,0.003939798786725346,1.0,0.003939798786725346,0.003939798786725346,0.3176534941823824,3.9083752183129494
2015-03-04,-0.0053953498078263,1.0,-0.0053953498078263,-0.0053953498078263,0.31593964246359013,3.8872881668299115
2015-03-05,0.00729822232488786,1.0,0.00729822232488786,0.00729822232488786,0.31824544021553497,3.915658460112342
2015-03-06,-0.033584685386668256,1.0,-0.033584685386668256,-0.033584685386668256,0.3075572672301545,3.784152302647823
2015-03-09,0.002330451855859339,-1.0,-0.002330451855859339,-0.004330451855859339,0.3062254052914946,3.792971087404383
2015-03-10,-0.00950224331098004,1.0,-0.00950224331098004,-0.01150224331098004,0.3027031261718284,3.756929353260354
2015-03-11,-0.0001011369927181871,1.0,-0.0001011369927181871,-0.0001011369927181871,0.30267251168796094,3.7565493887237102
2015-03-12,0.0259229162132526,1.0,0.0259229162132526,0.0259229162132526,0.3105186658485027,3.85393010377854
2015-03-13,0.0008957678833840799,1.0,0.0008957678833840799,0.0008957678833840799,0.31079681849656104,3.857382330590312
2015-03-16,0.02345677544002922,1.0,0.02345677544002922,0.02345677544002922,0.3180871096755104,3.9478640817053052
2015-03-17,0.003010629824633293,-1.0,-0.003010629824633293,-0.005010629824633293,0.3164932929169389,3.959749639053286
2015-03-18,0.035050341126589224,1.0,0.035050341126589224,0.03305034112658922,0.32695350421212127,4.098540214677992
2015-03-19,-0.013283260556360421,-1.0,0.013283260556360421,0.011283260556360421,0.33064260578996174,4.044098237105702
2015-03-20,0.004834965883747655,1.0,0.004834965883747655,0.002834965883747655,0.3315799662970897,4.063651314112632
2015-03-23,-0.0023589061298944225,1.0,-0.0023589061298944225,-0.0023589061298944225,0.3307978002820413,4.0540655421180185
2015-03-24,-0.008511309594739558,-1.0,0.008511309594739558,0.006511309594739558,0.33295172717293653,4.0195601351716865
2015-03-25,-0.01354475025693025,1.0,-0.01354475025693025,-0.01554475025693025,0.32777607572641965,3.965116196998073
2015-03-26,-0.006768104003267439,-1.0,0.006768104003267439,0.004768104003267439,0.3293389461452661,3.9382798781917496
2015-03-27,0.007983033092578529,-1.0,-0.007983033092578529,-0.007983033092578529,0.3267098224395135,3.9697192967871904
2015-03-30,0.01158940544536513,-1.0,-0.01158940544536513,-0.01158940544536513,0.32292344984427873,4.015725983221947
2015-03-31,-0.006587308321787444,1.0,-0.006587308321787444,-0.008587308321787444,0.32015040661613064,3.989273158034651
2015-04-01,0.006823152796710197,1.0,0.006823152796710197,0.006823152796710197,0.3223348417584014,4.016492578339736
2015-04-02,-9.54797280331432e-05,1.0,-9.54797280331432e-05,-9.54797280331432e-05,0.3223040653153747,4.016109084720709
2015-04-06,0.007541763677019642,-1.0,-0.007541763677019642,-0.009541763677019642,0.3192287160919927,4.046397630338804
2015-04-07,-0.011843562296079413,-1.0,0.011843562296079413,0.011843562296079413,0.32300952127772564,3.9984738679291785
2015-04-08,-0.002397455737241927,1.0,-0.002397455737241927,-0.004397455737241927,0.3215891012051991,3.9888877038143
2015-04-09,-0.00028822486415236437,-1.0,0.00028822486415236437,-0.0017117751358476357,0.32103861297779646,3.987738007197749
2015-04-10,0.008556807239086472,1.0,0.008556807239086472,0.006556807239086472,0.32314360127939556,4.021860312645319
2015-04-13,-0.010962686735237814,1.0,-0.010962686735237814,-0.010962686735237814,0.31960107920807296,3.9777699179449026
2015-04-14,0.005879679740069754,-1.0,-0.005879679740069754,-0.007879679740069754,0.31708272505933266,4.001157931142102
2015-04-15,-0.0017249278585012018,-1.0,0.0017249278585012018,0.0017249278585012018,0.317629669885237,3.9942562223604123
2015-04-16,-0.004031786210189736,1.0,-0.004031786210189736,-0.006031786210189736,0.3157137956224761,3.978152235203135
2015-04-17,-0.005878818972650746,-1.0,0.005878818972650746,0.0038788189726507456,0.3169383922828642,3.95476539836673
2015-04-20,0.013087678632282662,1.0,0.013087678632282662,0.011087678632282662,0.3204525033227289,4.006524096966625
2015-04-21,-0.010526259127641602,1.0,-0.010526259127641602,-0.010526259127641602,0.3170793372346524,3.9643503861208136
2015-04-22,-0.0010636954147645872,1.0,-0.0010636954147645872,-0.0010636954147645872,0.3167420613975193,3.960133524792577
2015-04-23,0.009584442776779278,1.0,0.009584442776779278,0.009584442776779278,0.31977785755998295,3.9980891979493567
2015-04-24,0.007384113049732077,-1.0,-0.007384113049732077,-0.009384113049732077,0.31677702599383895,4.027611540569928
2015-04-27,-0.011708761676146762,-1.0,0.011708761676146762,0.011708761676146762,0.3204860926956793,3.980453196917296
2015-04-28,0.0026971453249957644,-1.0,-0.0026971453249957644,-0.0026971453249957644,0.319621695129039,3.991189057648726
2015-04-29,-0.013448665527924453,1.0,-0.013448665527924453,-0.015448665527924453,0.3146839664655222,3.9375128909536965
2015-04-30,-0.01723431387145169,-1.0,0.01723431387145169,0.01523431387145169,0.31947796078097135,3.8696525579181134
2015-05-01,0.009412035322365453,1.0,0.009412035322365453,0.007412035322365453,0.3218459427109972,3.9060738644785205
2015-05-04,0.00863772607474167,1.0,0.00863772607474167,0.00863772607474167,0.3246259598024018,3.9398134605475934
2015-05-05,-0.02539915055165176,1.0,-0.02539915055165176,-0.02539915055165176,0.3163807361764061,3.839745545317721
2015-05-06,-0.0011979863698541315,1.0,-0.0011979863698541315,-0.0011979863698541315,0.31600171636678237,3.835145582490722
2015-05-07,0.005698052887500804,1.0,0.005698052887500804,0.005698052887500804,0.3178023108591813,3.8569984448510195
2015-05-08,0.00606358267732543,-1.0,-0.00606358267732543,-0.00806358267732543,0.31523968565052324,3.880385673807689
2015-05-11,-0.011856518053372955,1.0,-0.011856518053372955,-0.013856518053372955,0.31087156125516713,3.8343778110121387
2015-05-12,-0.0009995320382026884,-1.0,0.0009995320382026884,-0.0010004679617973116,0.3105605442178974,3.8305452275434586
2015-05-13,0.0029025053430298264,-1.0,-0.0029025053430298264,-0.0029025053430298264,0.3096591405789707,3.841663405533121
2015-05-14,0.008782548731488982,-1.0,-0.008782548731488982,-0.008782548731488982,0.3069395440866849,3.8754030016021934
2015-05-15,0.010486279747450311,-1.0,-0.010486279747450311,-0.010486279747450311,0.30372089016183706,3.916041561611103
2015-05-18,0.0015666620405778708,-1.0,-0.0015666620405778708,-0.0015666620405778708,0.30324506217228997,3.9221766752750042
2015-05-19,0.002052690111776334,1.0,0.002052690111776334,5.269011177633405e-05,0.30326104018851147,3.930227688552981
2015-05-20,9.777496114948825e-05,-1.0,-9.777496114948825e-05,-0.0020977749611494883,0.30262486677171185,3.9306119664125383
2015-05-21,-0.0035115736279224263,-1.0,0.0035115736279224263,0.0035115736279224263,0.30368755627302096,3.9168093330896876
2015-05-22,0.0006852677740138979,1.0,0.0006852677740138979,-0.001314732225986102,0.30328828845615785,3.919493396302611
2015-05-26,-0.011738416775872618,1.0,-0.011738416775872618,-0.011738416775872618,0.2997281641230184,3.8734847492665305
2015-05-27,0.005685184142871336,-1.0,-0.005685184142871336,-0.007685184142871336,0.29742469798892823,3.8955062233407145
2015-05-28,0.014281388797064976,1.0,0.014281388797064976,0.012281388797064976,0.30107748634277987,3.9511394622776295
2015-05-29,0.000684772039388104,1.0,0.000684772039388104,0.000684772039388104,0.30128365578711663,3.9538450921051203
2015-06-01,0.011627902363980702,1.0,0.011627902363980702,0.011627902363980702,0.3047869527204724,3.999820016798423
2015-06-02,-0.012653604095409943,-1.0,0.012653604095409943,0.010653604095409943,0.30803403224820275,3.9492078778529596
2015-06-03,-0.01956536416910426,-1.0,0.01956536416910426,0.01956536416910426,0.31406083026561643,3.871940187543271
2015-06-04,0.001496500687790725,-1.0,-0.001496500687790725,-0.001496500687790725,0.3135908380171158,3.8777345486970143
2015-06-05,-0.0159408102580344,1.0,-0.0159408102580344,-0.0179408102580344,0.3079647642935927,3.8159203180252104
2015-06-08,-0.006580893705547042,1.0,-0.006580893705547042,-0.006580893705547042,0.30593808091472274,3.790808152023449
2015-06-09,0.0007133205474900706,1.0,0.0007133205474900706,0.0007133205474900706,0.3061563128340989,3.79351221336988
2015-06-10,0.009471325180304024,1.0,0.009471325180304024,0.009471325180304024,0.3090560188289535,3.8294418011181612
2015-06-11,0.005548849742596396,1.0,0.005548849742596396,0.005548849742596396,0.3107709242394804,3.8506907982705836
2015-06-12,-0.004314178419169146,1.0,-0.004314178419169146,-0.004314178419169146,0.30943020302482116,3.8340782311297916
2015-06-15,-0.001209268494833049,-1.0,0.001209268494833049,-0.000790731505166951,0.30918552681463923,3.8294418011181612
2015-06-16,0.004136601437560561,-1.0,-0.004136601437560561,-0.004136601437560561,0.3079065495199449,3.845282675577721
2015-06-17,0.011755095098235024,-1.0,-0.011755095098235024,-0.011755095098235024,0.30428707874896854,3.8904843391087325
2015-06-18,0.015491357747457801,-1.0,-0.015491357747457801,-0.015491357747457801,0.2995732587541394,3.950753223816748
2015-06-19,-0.012712497348730256,-1.0,0.012712497348730256,0.012712497348730256,0.3033815830118019,3.90052928393349
2015-06-22,-0.001980943932601509,1.0,-0.001980943932601509,-0.003980943932601509,0.302173837939648,3.8928025541145477
2015-06-23,-0.014588862756284904,1.0,-0.014588862756284904,-0.014588862756284904,0.2977654652894066,3.836010991915255
2015-06-24,-0.007654705363251413,1.0,-0.007654705363251413,-0.007654705363251413,0.29548615838526476,3.80664745800195
2015-06-25,-0.005480612250468919,1.0,-0.005480612250468919,-0.005480612250468919,0.29386671332577446,3.7857846993104083
2015-06-26,0.007245419099517925,1.0,0.007245419099517925,0.007245419099517925,0.2959959008232176,3.8132142960774544
2015-06-29,-0.005369575974507601,1.0,-0.005369575974507601,-0.005369575974507601,0.2944065283456045,3.792738952207588
2015-06-30,-0.0014260182103962293,1.0,-0.0014260182103962293,-0.0014260182103962293,0.2939866992749241,3.7873304373944605
2015-07-01,0.0040808217013781345,1.0,0.0040808217013781345,0.0040808217013781345,0.29518640657724177,3.80278585763367
2015-07-02,0.018185175946939136,-1.0,-0.018185175946939136,-0.020185175946939138,0.28922801702333545,3.87194018754327
2015-07-06,0.002394988479770266,-1.0,-0.002394988479770266,-0.002394988479770266,0.28853531925453774,3.8812134396867957
2015-07-07,0.024088458921776024,1.0,0.024088458921776024,0.022088458921776022,0.2949086198013731,3.9747058901953363
2015-07-08,-0.009039657489419817,1.0,-0.009039657489419817,-0.009039657489419817,0.2922427468876912,3.938775910326791
2015-07-09,-0.007552253819283483,1.0,-0.007552253819283483,-0.007552253819283483,0.29003565548635074,3.9090292749147237
2015-07-10,0.004546314031911969,1.0,0.004546314031911969,0.004546314031911969,0.2913542486566431,3.926800949558423
2015-07-13,0.0032467645941889334,1.0,0.0032467645941889334,0.0032467645941889334,0.292300207315548,3.939550347849877
2015-07-14,0.00019608251032599,1.0,0.00019608251032599,0.00019608251032599,0.2923575222739673,3.940322824771639
2015-07-15,0.00764760949135912,1.0,0.00764760949135912,0.00764760949135912,0.2945933584361799,3.9704568750053815
2015-07-16,0.0161527058616715,1.0,0.0161527058616715,0.0161527058616715,0.29935183830380147,4.034590497043795
2015-07-17,-0.0074692156779276875,-1.0,0.0074692156779276875,0.0054692156779276874,0.30098905807106907,4.004455270449258
2015-07-20,-0.004823588463887862,-1.0,0.004823588463887862,0.004823588463887862,0.30244090541933716,3.9851394262025637
2015-07-21,-0.009888956606941224,1.0,-0.009888956606941224,-0.011888956606941224,0.2988451986186426,3.9457305553442357
2015-07-22,0.006560562370261591,-1.0,-0.006560562370261591,-0.008560562370261591,0.29628691565681453,3.9716167667488183
2015-07-23,-0.007101201275441893,1.0,-0.007101201275441893,-0.009101201275441893,0.29359034880214196,3.943413516699215
2015-07-24,0.0020570482615323016,1.0,0.0020570482615323016,0.0020570482615323016,0.29419427831874806,3.951525308618244
2015-07-27,0.011928358007527784,-1.0,-0.011928358007527784,-0.013928358007527784,0.29009663508655825,3.998660517175249
2015-07-28,0.005700298581931884,1.0,0.005700298581931884,0.003700298581931884,0.29117007925399224,4.02145407605093
2015-07-29,0.00480349153370363,-1.0,-0.00480349153370363,-0.00680349153370363,0.2891891060849199,4.0407710966584185
2015-07-30,0.0028686275149132356,-1.0,-0.0028686275149132356,-0.0028686275149132356,0.2883595302581915,4.052362563807759
2015-07-31,0.0029556371872860865,-1.0,-0.0029556371872860865,-0.0029556371872860865,0.28750724410725204,4.064339877297716
2015-08-03,0.023859159555096543,-1.0,-0.023859159555096543,-0.023859159555096543,0.280647562896851,4.161311610916304
2015-08-04,-0.010862453927434457,1.0,-0.010862453927434457,-0.012862453927434457,0.2770377465492435,4.1161095552650275
2015-08-05,-0.005443905764462187,-1.0,0.005443905764462187,0.003443905764462187,0.27799183844155806,4.0937018427299625
2015-08-06,-0.0019819128778263417,-1.0,0.0019819128778263417,0.0019819128778263417,0.27854279404609605,4.085588482329874
2015-08-07,0.0118203631883107,-1.0,-0.0118203631883107,-0.0118203631883107,0.2752503170569844,4.1338816220289925
2015-08-10,-0.0043927453966285945,1.0,-0.0043927453966285945,-0.006392745396628595,0.2734907118596978,4.115722532563617
2015-08-11,0.0009387321275997618,-1.0,-0.0009387321275997618,-0.002938732127599762,0.2726869959181556,4.119586093533221
2015-08-12,0.016599299918855337,-1.0,-0.016599299918855337,-0.016599299918855337,0.26816058268893844,4.1879683386413245
2015-08-13,0.004797049076076032,-1.0,-0.004797049076076032,-0.004797049076076032,0.26687420321351046,4.20805822829084
2015-08-14,0.001101797969538465,1.0,0.001101797969538465,-0.0008982020304615351,0.2666344962623063,4.21269465830247
2015-08-17,0.0044938396447893325,1.0,0.0044938396447893325,0.0044938396447893325,0.2678327089322783,4.2316258325693425
2015-08-18,-0.0001821778368893412,1.0,-0.0001821778368893412,-0.0001821778368893412,0.2677839157487168,4.23085492412864
2015-08-19,-0.0040184668934325485,1.0,-0.0040184668934325485,-0.0040184668934325485,0.26670783494868683,4.213853373685113
2015-08-20,-0.007517916118146006,-1.0,0.007517916118146006,0.005517916118146006,0.268179506409986,4.182173977487582
2015-08-21,-0.011916884838168995,1.0,-0.011916884838168995,-0.013916884838168995,0.2644472831033212,4.1323354918246755
2015-08-24,-0.03664897619087604,-1.0,0.03664897619087604,0.034648976190876035,0.27361011071931,3.980889626772081
2015-08-25,-0.02455385110009478,1.0,-0.02455385110009478,-0.026553851100094783,0.26634470857978904,3.883143455630407
2015-08-26,0.019250141877058757,-1.0,-0.019250141877058757,-0.02125014187705876,0.26068484573426465,3.957894518080265
2015-08-27,0.005902072536652758,1.0,0.005902072536652758,0.003902072536652758,0.26170205691152587,3.9812542986183947
2015-08-28,-0.004302705782030514,1.0,-0.004302705782030514,-0.004302705782030514,0.2605760299580834,3.9641241327279957
2015-08-31,-0.03349071068088705,1.0,-0.03349071068088705,-0.03349071068088705,0.25184915352838305,3.83136279829568
2015-09-01,-0.031094311089668758,-1.0,0.031094311089668758,0.029094311089668756,0.2591765311488076,3.7122292115480904
2015-09-02,-0.003251376244471915,-1.0,0.003251376244471915,0.003251376244471915,0.2600192115653095,3.7001593576756284
2015-09-03,0.0013681228644275567,-1.0,-0.0013681228644275567,-0.0013681228644275567,0.2596634733367766,3.70522163029489
2015-09-04,-0.005779432897843106,-1.0,0.005779432897843106,0.005779432897843106,0.2611641809569474,3.6838075505109638
2015-09-08,0.026104503168101312,-1.0,-0.026104503168101312,-0.026104503168101312,0.2543466197677622,3.7799715163839527
2015-09-09,-0.018436326710012496,1.0,-0.018436326710012496,-0.020436326710012498,0.24914870914860088,3.710282726553357
2015-09-10,0.0005246190487866453,-1.0,-0.0005246190487866453,-0.0025246190487866454,0.24851970357150371,3.712229211548091
2015-09-11,0.005243967826152662,1.0,0.005243967826152662,0.0032439678261526623,0.24932589349405468,3.731696022096753
2015-09-14,0.002921176670978687,-1.0,-0.002921176670978687,-0.004921176670978687,0.24809891672352083,3.7425969654596862
2015-09-15,0.0010401787917309058,-1.0,-0.0010401787917309058,-0.0010401787917309058,0.24784084949209362,3.7464899354491537
2015-09-16,0.013301563116042026,-1.0,-0.013301563116042026,-0.013301563116042026,0.24454417878984105,3.7963241077891468
2015-09-17,0.01220375291921827,1.0,0.01220375291921827,0.01020375291921827,0.24703944716804574,3.8426535092018774
2015-09-18,-0.014285567050600911,1.0,-0.014285567050600911,-0.014285567050600911,0.24351034858138323,3.787759024843947
2015-09-21,0.007811847319690646,-1.0,-0.007811847319690646,-0.009811847319690646,0.24112106222033805,3.8173484200298087
2015-09-22,-0.010199126936655367,1.0,-0.010199126936655367,-0.012199126936655367,0.23817959577521097,3.778414798932484
2015-09-23,-0.000721575673030439,1.0,-0.000721575673030439,-0.000721575673030439,0.23800773117308735,3.775688386730956
2015-09-24,0.005568338826516417,1.0,0.005568338826516417,0.005568338826516417,0.23933303886358953,3.796712698971617
2015-09-25,0.011177460911264703,1.0,0.011177460911264703,0.011177460911264703,0.2420081745502615,3.8391503067556743
2015-09-28,-0.010749230880953253,1.0,-0.010749230880953253,-0.010749230880953253,0.2394067728069427,3.797882393721675
2015-09-29,-0.007791127854575253,1.0,-0.007791127854575253,-0.007791127854575253,0.23754152403075254,3.768292606415549
2015-09-30,0.007852306175945234,1.0,0.007852306175945234,0.007852306175945234,0.23940677280694267,3.797882393721675
2015-10-01,-0.010251505755405232,1.0,-0.010251505755405232,-0.010251505755405232,0.2369524928976293,3.758948380504085
2015-10-02,0.02061116313605793,-1.0,-0.02061116313605793,-0.022611163136057932,0.23159472142522539,3.836424678794675
2015-10-05,0.02212270165894714,1.0,0.02212270165894714,0.02012270165894714,0.23625503291025218,3.921296757400672
2015-10-06,-0.008637792692975377,1.0,-0.008637792692975377,-0.008637792692975377,0.23421431091330136,3.887425408922608
2015-10-07,0.0008013024190376417,-1.0,-0.0008013024190376417,-0.0028013024190376417,0.2335582057975667,3.8905404123066063
2015-10-08,0.009206591865753344,1.0,0.009206591865753344,0.007206591865753344,0.23524136446364738,3.926359030019933
2015-10-09,0.0019831921023854004,1.0,0.0019831921023854004,0.0019831921023854004,0.23570789327980604,3.934145754239398
2015-10-12,0.003958234659037441,-1.0,-0.003958234659037441,-0.005958234659037441,0.2343034903406576,3.9497180263175333
2015-10-13,-0.0020699471374219236,1.0,-0.0020699471374219236,-0.004069947137421924,0.23334988752085767,3.941542318795334
2015-10-14,-0.0030619175275926613,1.0,-0.0030619175275926613,-0.0030619175275926613,0.2326353894101958,3.929473641283666
2015-10-15,0.02249086002894085,1.0,0.02249086002894085,0.02249086002894085,0.23786755939119866,4.017850882937189
2015-10-16,0.0044575325214248895,1.0,0.0044575325214248895,0.0044575325214248895,0.2389278617729769,4.035760583914118
2015-10-19,0.001061099964536183,1.0,0.001061099964536183,0.001061099964536183,0.2391813881186309,4.040042929326585
2015-10-20,0.0016379582359473677,1.0,0.0016379582359473677,0.0016379582359473677,0.23957315724318515,4.046660350916256
2015-10-21,0.0025015632347724637,1.0,0.0025015632347724637,0.0025015632347724637,0.24017246464538305,4.0567833276737195
2015-10-22,0.014491632951576516,-1.0,-0.014491632951576516,-0.016491632951576518,0.2362116285133759,4.115572742622442
2015-10-23,-0.010878941737036851,-1.0,0.010878941737036851,0.010878941737036851,0.2387813610575835,4.070799666540916
2015-10-26,-0.006790728283405434,1.0,-0.006790728283405434,-0.008790728283405434,0.23668229899338455,4.043155972109259
2015-10-27,0.002407717575678703,1.0,0.002407717575678703,0.002407717575678703,0.23725216312452296,4.052890749804517
2015-10-28,-0.011047098657525178,-1.0,0.011047098657525178,0.009047098657525178,0.2393986068510218,4.008118065843255
2015-10-29,-0.011364989329027408,1.0,-0.011364989329027408,-0.013364989329027408,0.23619904702507385,3.9625658467954645
2015-10-30,0.008646194750059566,-1.0,-0.008646194750059566,-0.010646194750059566,0.23368442597066644,3.996826962816793
2015-11-02,-0.004188422091542465,-1.0,0.004188422091542465,0.004188422091542465,0.2346631949828514,3.9800865644696586
2015-11-03,0.0007825486238257628,-1.0,-0.0007825486238257628,-0.0007825486238257628,0.234479559622555,3.9832011757333916
2015-11-04,0.00889456710996761,-1.0,-0.00889456710996761,-0.00889456710996761,0.23239396544357654,4.018630025903454
2015-11-05,-0.010850505095251872,-1.0,0.010850505095251872,0.010850505095251872,0.23491555734972785,3.9750258603314568
2015-11-06,-0.03192992348427026,1.0,-0.03192992348427026,-0.033929923484270264,0.22694489046358687,3.848103588763078
2015-11-09,0.0007085080062525506,-1.0,-0.0007085080062525506,-0.0027085080062525507,0.22633020841078813,3.850830000964606
2015-11-10,0.0009099302451303082,-1.0,-0.0009099302451303082,-0.0009099302451303082,0.2261242637087685,3.854333987651339
2015-11-11,0.007272620728546064,-1.0,-0.007272620728546064,-0.007272620728546064,0.2244797477012929,3.8823650969046715
2015-11-12,0.01012821490452187,1.0,0.01012821490452187,0.00812821490452187,0.22630436733232184,3.921686524943937
2015-11-13,-0.0029781324984496926,-1.0,0.0029781324984496926,0.0009781324984496926,0.22652572298855067,3.910007222855269
2015-11-16,0.01682754432179312,-1.0,-0.01682754432179312,-0.01682754432179312,0.2227138513449346,3.9758030426963975
2015-11-17,-0.013415793130138742,1.0,-0.013415793130138742,-0.015415793130138742,0.2192805406853846,3.9224644915494067
2015-11-18,-0.010421346410725008,-1.0,0.010421346410725008,0.008421346410725008,0.2211271780796273,3.8815871302992018
2015-11-19,0.01293831449753724,-1.0,-0.01293831449753724,-0.01293831449753724,0.21826616510568017,3.9318083253406058
2015-11-20,0.0002972959037690348,1.0,0.0002972959037690348,-0.0017027040962309652,0.2178945224122861,3.9329772358501347
2015-11-23,-0.00524634627141618,1.0,-0.00524634627141618,-0.00524634627141618,0.2167513722970664,3.9123434753932678
2015-11-24,-0.003109024218416634,1.0,-0.003109024218416634,-0.003109024218416634,0.2160774870312198,3.900179904777506
2015-11-25,-0.005331383144452362,1.0,-0.005331383144452362,-0.005331383144452362,0.21492549515896592,3.879386551372843
2015-11-27,0.004955748598630683,1.0,0.004955748598630683,0.004955748598630683,0.21599061188040997,3.898611815838356
2015-11-30,0.0049310085263218895,1.0,0.0049310085263218895,0.0049310085263218895,0.21705566342919774,3.917835903943074
2015-12-01,0.007109804478124815,1.0,0.007109804478124815,0.007109804478124815,0.218598886757049,3.9456909511974865
2015-12-02,-0.02565369013970853,1.0,-0.02565369013970853,-0.02565369013970853,0.21299101865129844,3.8444694181484143
2015-12-03,-0.01602203193860008,-1.0,0.01602203193860008,0.014022031938600079,0.21597758551746193,3.782873206343869
2015-12-04,0.017838597557619407,1.0,0.017838597557619407,0.015838597557619405,0.21939836757593933,3.8503543590833385
2015-12-07,0.0043814642969166595,1.0,0.0043814642969166595,0.0043814642969166595,0.2203596536902751,3.8672245492381396
2015-12-08,0.007811835382322441,1.0,0.007811835382322441,0.007811835382322441,0.22208106702980912,3.897434670803264
2015-12-09,-0.005838590029605406,1.0,-0.005838590029605406,-0.005838590029605406,0.22078442672608475,3.8746791475932736
2015-12-10,-0.011745455126898618,-1.0,0.011745455126898618,0.009745455126898618,0.22293607144946187,3.829169277534087
2015-12-11,-0.001946690181236721,-1.0,0.001946690181236721,0.001946690181236721,0.22337005891079606,3.8217150712992183
2015-12-14,0.005851153716755375,1.0,0.005851153716755375,0.003851153716755375,0.22423029134338224,3.8440765136430306
2015-12-15,0.007552857147228753,-1.0,-0.007552857147228753,-0.009552857147228753,0.22208825140209743,3.8731102744135937
2015-12-16,0.049939189173455745,1.0,0.049939189173455745,0.04793918917345574,0.23273498209926458,4.066530261097189
2015-12-17,-0.002315290696216832,-1.0,0.002315290696216832,0.00031529069621683177,0.2328083612738047,4.057115061417787
2015-12-18,-0.01257165511908298,-1.0,0.01257165511908298,0.01257165511908298,0.23573514770057782,4.006110410087206
2015-12-21,0.0018612964180124703,1.0,0.0018612964180124703,-0.0001387035819875298,0.2357024503911914,4.013566969043663
2015-12-22,0.005962453804392087,1.0,0.005962453804392087,0.005962453804392087,0.2371078153632309,4.03749767668742
2015-12-23,0.01039753005366828,1.0,0.01039753005366828,0.01039753005366828,0.23957315099942972,4.079477680122393
2015-12-24,-0.0004811777878874768,1.0,-0.0004811777878874768,-0.0004811777878874768,0.23945787372059457,4.077514726076536
2015-12-28,0.0005776720843979621,-1.0,-0.0005776720843979621,-0.002577672084397962,0.2388406298441157,4.079870192507512
2015-12-29,0.006346591520706157,1.0,0.006346591520706157,0.004346591520706157,0.23987877250059625,4.105763462076862
2015-12-30,0.0024844627958047205,1.0,0.0024844627958047205,0.0024844627958047205,0.24047474238637728,4.115964078646766
2015-12-31,-0.00972249532423941,1.0,-0.00972249532423941,-0.00972249532423941,0.23813672782792805,4.075946637137386
2016-01-04,-0.003080243133139704,1.0,-0.003080243133139704,-0.003080243133139704,0.2374032088072877,4.063391730497299
2016-01-05,0.00975197768594338,1.0,0.00975197768594338,0.00975197768594338,0.23971835960214774,4.103017835982356
2016-01-06,-0.003251439838710568,1.0,-0.003251439838710568,-0.003251439838710568,0.23893892977766698,4.089677120331503
2016-01-07,0.004412995642231632,1.0,0.004412995642231632,0.004412995642231632,0.23999336623353532,4.10772484764166
2016-01-08,0.004488779530791076,1.0,0.004488779530791076,0.004488779530791076,0.24107064354341007,4.126163518855876
2016-01-11,0.0038989996767939683,-1.0,-0.0038989996767939683,-0.005898999676793968,0.23964856789506297,4.142251429082294
2016-01-12,-0.0018946911445174575,1.0,-0.0018946911445174575,-0.0038946911445174575,0.23871521073988577,4.134403141981247
2016-01-13,-0.007211691669878673,-1.0,0.007211691669878673,0.0052116916698786726,0.23995932081517218,4.1045871012823
2016-01-14,0.01022748702338272,1.0,0.01022748702338272,0.00822748702338272,0.24193358301331874,4.146566712597009
2016-01-15,-0.004068755595886486,1.0,-0.004068755595886486,-0.004068755595886486,0.24094921439360042,4.129695346081413
2016-01-19,0.02422560979199373,1.0,0.02422560979199373,0.02422560979199373,0.24678635604118723,4.229739734095394
2016-01-20,-0.023188619691600243,1.0,-0.023188619691600243,-0.023188619691600243,0.2410637210858723,4.131657908007005
2016-01-21,-0.0025638930402476223,1.0,-0.0025638930402476223,-0.0025638930402476223,0.24044565948912403,4.121064779051982
2016-01-22,0.014851428623625207,1.0,0.014851428623625207,0.014851428623625207,0.24401662103888724,4.182268478471408
2016-01-25,-0.0016884841052412503,1.0,-0.0016884841052412503,-0.0016884841052412503,0.2436046028528484,4.175206784621658
2016-01-26,0.001315580509761105,-1.0,-0.001315580509761105,-0.003315580509761105,0.2427969121795414,4.1806996052917285
2016-01-27,0.0015954185506941165,1.0,0.0015954185506941165,-0.0004045814493058835,0.24269868105292483,4.18736957099689
2016-01-28,0.014709533075332848,1.0,0.014709533075332848,0.014709533075332848,0.2462686653292125,4.248963822200111
2016-01-29,0.03148709162135499,1.0,0.03148709162135499,0.03148709162135499,0.2540229493579022,4.382751335365549
2016-02-01,0.011368285700200653,1.0,0.011368285700200653,0.011368285700200653,0.25691075482061043,4.4325757046989205
2016-02-02,0.008231686792509185,-1.0,-0.008231686792509185,-0.010231686792509185,0.25428212444365883,4.469063279584088
2016-02-03,0.007374634503725774,-1.0,-0.007374634503725774,-0.007374634503725774,0.25240688671505596,4.502020987845042
2016-02-04,-0.010719152355258221,-1.0,0.010719152355258221,0.010719152355258221,0.255112474589271,4.453763138969761
2016-02-05,0.0007928223560231817,-1.0,-0.0007928223560231817,-0.0007928223560231817,0.2549102157161162,4.457294181954769
2016-02-08,0.004929023174739866,-1.0,-0.004929023174739866,-0.004929023174739866,0.25365375735537354,4.479264288274257
2016-02-09,0.010335816877772297,-1.0,-0.010335816877772297,-0.010335816877772297,0.25103203856898954,4.525561143705004
2016-02-10,-0.013957923824248653,-1.0,0.013957923824248653,0.013957923824248653,0.25453592464078134,4.46239370599919
2016-02-11,-0.016177268415944024,-1.0,0.016177268415944024,0.016177268415944024,0.25865362061519576,4.390204365239622
2016-02-12,-0.0020553648040302352,-1.0,0.0020553648040302352,0.0020553648040302352,0.25918524816344324,4.381180893704809
2016-02-16,0.00608938254482605,-1.0,-0.00608938254482605,-0.00608938254482605,0.25760697003740035,4.4078595801646605
2016-02-17,-0.008188706950241764,-1.0,0.008188706950241764,0.008188706950241764,0.25971643802337635,4.3717649097848765
2016-02-18,0.026025198041697006,1.0,0.026025198041697006,0.024025198041697005,0.2659561768815721,4.48554095735377
2016-02-19,0.003674034112709057,1.0,0.003674034112709057,0.003674034112709057,0.26693330894792067,4.502020987845041
2016-02-22,0.00827855912587716,-1.0,-0.00827855912587716,-0.01027855912587716,0.26418961914923345,4.539291234778856
2016-02-23,0.003630011144346801,-1.0,-0.003630011144346801,-0.003630011144346801,0.26323060788750097,4.555768912548539
2016-02-24,0.006507667433130138,-1.0,-0.006507667433130138,-0.006507667433130138,0.26151759063314844,4.585416341533598
2016-02-25,-0.0013791802446112555,-1.0,0.0013791802446112555,0.0013791802446112555,0.261878270527768,4.579092225902038
2016-02-26,-0.028660254200821633,-1.0,0.028660254200821633,0.028660254200821633,0.2693837683307654,4.447854278698679
2016-02-29,0.002666117257145162,1.0,0.002666117257145162,0.0006661172571451619,0.2695632095076453,4.459712779748385
2016-03-01,-0.001950176592974695,-1.0,0.001950176592974695,-4.982340702530501e-05,0.26954977895013893,4.45101555227393
2016-03-02,-0.0021314141854714697,-1.0,0.0021314141854714697,0.0021314141854714697,0.270124301172684,4.4415285945860585
2016-03-03,-0.006585971251761857,-1.0,0.006585971251761857,0.006585971251761857,0.2719033320546096,4.412276814948236
2016-03-04,0.02392059049678119,1.0,0.02392059049678119,0.02192059049678119,0.27786361365128903,4.517821081797055
2016-03-07,0.0013999890118654434,1.0,0.0013999890118654434,0.0013999890118654434,0.27825261965719805,4.524145981669145
2016-03-08,0.008737568632916526,-1.0,-0.008737568632916526,-0.010737568632916526,0.27526486305634007,4.563676017689312
2016-03-09,0.0070158766709684794,1.0,0.0070158766709684794,0.005015876670968479,0.2766455576612817,4.595694205795677
2016-03-10,-0.004902682687216164,1.0,-0.004902682687216164,-0.004902682687216164,0.2752892522752405,4.573162975377183
2016-03-11,0.0011235864495338088,1.0,0.0011235864495338088,0.0011235864495338088,0.27559856354879925,4.578301319327827
2016-03-14,0.00017275109675973788,1.0,0.00017275109675973788,0.00017275109675973788,0.2756461735029177,4.579092225902038
2016-03-15,-0.002071884412912617,-1.0,0.002071884412912617,7.188441291261678e-05,0.2756659881662716,4.569604876093902
2016-03-16,0.013148749139749283,1.0,0.013148749139749283,0.011148749139749283,0.27873931911469846,4.629689464277436
2016-03-17,0.010331325734893593,1.0,0.010331325734893593,0.010331325734893593,0.28161906581559487,4.6775202941842915
2016-03-18,0.0014366922378548086,-1.0,-0.0014366922378548086,-0.0034366922378548086,0.2806512277580745,4.684240451283355
2016-03-21,-0.007847946178815124,1.0,-0.007847946178815124,-0.009847946178815124,0.2778873895720946,4.647478784333054
2016-03-22,-0.004508201320314376,-1.0,0.004508201320314376,0.0025082013203143756,0.27858438708951805,4.626527014341391
2016-03-23,0.0055535567554005905,1.0,0.0055535567554005905,0.0035535567554005904,0.2795743525202091,4.65222069469593
2016-03-24,0.006712591672306756,1.0,0.006712591672306756,0.006712591672306756,0.28145102099072683,4.683449152588879
2016-03-28,-0.007596339892045445,-1.0,0.007596339892045445,0.005596339892045445,0.2830261165671542,4.6478720809587015
2016-03-29,0.012162221446059274,-1.0,-0.012162221446059274,-0.012162221446059274,0.2795838902624463,4.704400530460277
2016-03-30,-0.0042853662324009445,1.0,-0.0042853662324009445,-0.0062853662324009445,0.27782660311946744,4.684240451283354
2016-03-31,-0.001350334607742476,-1.0,0.001350334607742476,-0.000649665392257524,0.27764610879037227,4.677915159290999
2016-04-01,0.0031267086942048383,1.0,0.0031267086942048383,0.0011267086942048383,0.27795893507505853,4.692541637290306
2016-04-04,8.414738477124928e-05,1.0,8.414738477124928e-05,8.414738477124928e-05,0.2779823245925189,4.692936502397014
2016-04-05,-0.019962893039457752,1.0,-0.019962893039457752,-0.019962893039457752,0.2724329931798186,4.599251912958696
2016-04-06,0.003094161598753642,1.0,0.003094161598753642,0.003094161598753642,0.2732759448855491,4.613482741610767
2016-04-07,-0.0044557471905734,-1.0,0.0044557471905734,0.0024557471905734003,0.27394704151945315,4.592926228846076
2016-04-08,0.005336353325413379,1.0,0.005336353325413379,0.0033363533254133788,0.2748610256424137,4.617435706000757
2016-04-11,-0.004965368950606175,1.0,-0.004965368950606175,-0.004965368950606175,0.2734962392399571,4.59450843411476
2016-04-12,0.007054823339242011,1.0,0.007054823339242011,0.007054823339242011,0.27542570689174206,4.626921879448098
2016-04-13,-0.004869593869430422,-1.0,0.004869593869430422,0.002869593869430422,0.27621606681172217,4.604390649029604
2016-04-14,-0.0028331777135162106,1.0,-0.0028331777135162106,-0.004833177713516211,0.27488106547349267,4.591345592058451
2016-04-15,0.011020047443749403,-1.0,-0.011020047443749403,-0.013020047443749403,0.2713021009596394,4.641942438313585
2016-04-18,0.0028954918112413797,1.0,0.0028954918112413797,0.0008954918112413796,0.27154504976942134,4.655383144631975
2016-04-19,0.002802228879154711,1.0,0.002802228879154711,0.002802228879154711,0.2723059811498767,4.668428593723393
2016-04-20,-0.02193059671731057,1.0,-0.02193059671731057,-0.02193059671731057,0.2663341484935672,4.566047168930884
2016-04-21,-0.022508810377287802,1.0,-0.022508810377287802,-0.022508810377287802,0.2603392836481291,4.463270879031667
2016-04-22,0.01355074143834134,1.0,0.01355074143834134,0.01355074143834134,0.26386707396708786,4.523751508682703
2016-04-25,0.00026203463173812835,1.0,0.00026203463173812835,0.00026203463173812835,0.26393621627864267,4.524936888243356
2016-04-26,0.009172535842891794,1.0,0.009172535842891794,0.009172535842891794,0.26635718068269576,4.566442034037591
2016-04-27,0.011859588164163437,1.0,0.011859588164163437,0.011859588164163437,0.2695160671501602,4.6205981559368015
2016-04-28,-0.0035934612651030706,-1.0,0.0035934612651030706,0.0015934612651030706,0.2699455305634869,4.603994215441836
2016-04-29,0.009530391104684455,1.0,0.009530391104684455,0.007530391104684455,0.2719783259855915,4.6478720809587015
2016-05-02,0.004082448760585722,1.0,0.004082448760585722,0.004082448760585722,0.27308866356541756,4.666846780574972
2016-05-03,0.003049009500427191,1.0,0.003049009500427191,0.003049009500427191,0.27392131349508747,4.6810760407459835
2016-05-04,0.008782731374422426,1.0,0.008782731374422426,0.008782731374422426,0.2763270908092438,4.722188674155101
2016-05-05,-0.005106410893565894,1.0,-0.005106410893565894,-0.005106410893565894,0.2749160511425481,4.698075238467921
2016-05-06,-0.0030293267541425806,1.0,-0.0030293267541425806,-0.0030293267541425806,0.2740832405936787,4.683843233455056
2016-05-09,0.00337608095160169,1.0,0.00337608095160169,0.00337608095160169,0.2750085678014003,4.699656267375812
2016-05-10,0.005971927809217403,1.0,0.005971927809217403,0.005971927809217403,0.27665089911522656,4.727722275332717
2016-05-11,0.0007524373970344556,-1.0,-0.0007524373970344556,-0.0027524373970344556,0.2758894348345786,4.73127959037547
2016-05-12,0.012198272336170213,-1.0,-0.012198272336170213,-0.012198272336170213,0.27252406037379434,4.788993027317434
2016-05-13,-0.0032189280469320236,-1.0,0.0032189280469320236,0.0032189280469320236,0.2734012957151954,4.77357760334524
2016-05-16,0.005962004012072253,-1.0,-0.005962004012072253,-0.005962004012072253,0.27177127609323565,4.802037692168322
2016-05-17,-0.01399422308985565,1.0,-0.01399422308985565,-0.015994223089855653,0.2674245056739857,4.734836905418223
2016-05-18,-0.014693463606217816,1.0,-0.014693463606217816,-0.014693463606217816,0.2634951134324542,4.665265751667083
2016-05-19,0.0033044651759044363,1.0,0.0033044651759044363,0.0033044651759044363,0.26436582385881274,4.680681959879807
2016-05-20,0.007769468217460718,-1.0,-0.007769468217460718,-0.009769468217460718,0.26178311034484125,4.717048369603135
2016-05-23,-0.011229471047905504,-1.0,0.011229471047905504,0.011229471047905504,0.2647227962032893,4.664078411505106
2016-05-24,0.01610314338295571,1.0,0.01610314338295571,0.014103143382955709,0.26845621975488126,4.739184734914922
2016-05-25,-0.006589167394572049,1.0,-0.006589167394572049,-0.006589167394572049,0.26668731678480234,4.707957453382766
2016-05-26,0.013448230828660535,1.0,0.013448230828660535,0.013448230828660535,0.27027378938000046,4.771271151947371
2016-05-27,0.00016699708585155015,-1.0,-0.00016699708585155015,-0.00216699708585155,0.26968810686603195,4.772067940325553
2016-05-31,0.002336418456374556,-1.0,-0.002336418456374556,-0.002336418456374556,0.26905800259568546,4.783217487936403
2016-06-01,0.00024946011109872046,1.0,0.00024946011109872046,-0.0017505398889012796,0.2685870058297136,4.784410709902353
2016-06-02,-0.00282959657206161,-1.0,0.00282959657206161,0.00082959657206161,0.2688098246890503,4.770872757758279
2016-06-03,0.01660987168341932,1.0,0.01660987168341932,0.01460987168341932,0.27273710173499977,4.850116342082565
2016-06-06,-0.0004106249592225053,1.0,-0.0004106249592225053,-0.0004106249592225053,0.27262510907372134,4.848124763257373
2016-06-07,-0.005256686578444025,-1.0,0.005256686578444025,0.0032566865784440253,0.2735129636073886,4.822639690883736
2016-06-08,0.014945101907255065,1.0,0.014945101907255065,0.012945101907255065,0.27705361679424156,4.894714532525966
2016-06-09,0.008623543953317103,1.0,0.008623543953317103,0.008623543953317103,0.2794428008360922,4.9369243184361435
2016-06-10,-0.0012098171835341898,1.0,-0.0012098171835341898,-0.0012098171835341898,0.27910472613382575,4.930951542561892
2016-06-13,-0.001938036278041566,1.0,-0.001938036278041566,-0.001938036278041566,0.2785638110492055,4.921395179587142
2016-06-14,0.011246916414177965,1.0,0.011246916414177965,0.011246916414177965,0.2816967949480908,4.976745699813097
2016-06-15,-0.009121733365710982,1.0,-0.009121733365710982,-0.009121733365710982,0.279127231894599,4.931349152510453
2016-06-16,0.008155778486104603,1.0,0.008155778486104603,0.008155778486104603,0.2814037317673709,4.9715681438359685
2016-06-17,0.002002179721835473,-1.0,-0.002002179721835473,-0.004002179721835473,0.28027750345844266,4.9815221167592805
2016-06-20,-0.006874255307375177,1.0,-0.006874255307375177,-0.008874255307375177,0.2777902493358387,4.947277861909341
2016-06-21,0.00024150461735894524,1.0,0.00024150461735894524,0.00024150461735894524,0.27785733696371057,4.94847265235635
2016-06-22,-0.005069738520860456,-1.0,0.005069738520860456,0.003069738520860456,0.2787102863342918,4.923385189931275
2016-06-23,0.001375140930839569,1.0,0.001375140930839569,-0.000624859069160431,0.2785361316842075,4.930155538424239
2016-06-24,-8.080763091278254e-05,1.0,-8.080763091278254e-05,-8.080763091278254e-05,0.27851362383928246,4.929757144235147
2016-06-27,0.03295626951650066,1.0,0.03295626951650066,0.03295626951650066,0.2876923938905471,5.092223549331455
2016-06-28,0.004535674370274911,1.0,0.004535674370274911,0.004535674370274911,0.2889972729080395,5.115320217171868
2016-06-29,-0.005527284802691934,1.0,-0.005527284802691934,-0.005527284802691934,0.2873999026734755,5.087046385474591
2016-06-30,0.020743720563787704,-1.0,-0.020743720563787704,-0.022743720563787706,0.2808633595970102,5.192570654189902
2016-07-01,-0.005138083734906651,-1.0,0.005138083734906651,0.005138083734906651,0.28230645905668683,5.1658907913692556
2016-07-05,0.0087875963498798,-1.0,-0.0087875963498798,-0.0087875963498798,0.2798256638475328,5.21128655443137
2016-07-06,0.0001528966733761461,-1.0,-0.0001528966733761461,-0.0001528966733761461,0.2797828794344053,5.212083342809552
2016-07-07,-0.019558603926722262,1.0,-0.019558603926722262,-0.021558603926722264,0.273751151151201,5.1101422690744736
2016-07-08,0.012468002994763916,1.0,0.012468002994763916,0.012468002994763916,0.2771642813235743,5.173855538188964
2016-07-11,-0.0018469728781468353,-1.0,0.0018469728781468353,-0.00015302712185316474,0.27712186767132285,5.16429956733448
2016-07-12,-0.018197455420736808,-1.0,0.018197455420736808,0.018197455420736808,0.2821647805043831,5.07032245617858
2016-07-13,0.006596945879012273,1.0,0.006596945879012273,0.0045969458790122725,0.2834618767293251,5.103771099011131
2016-07-14,-0.007256010008120151,-1.0,0.007256010008120151,0.005256010008120151,0.284951755190335,5.066738084837552
2016-07-15,0.002672081358442213,1.0,0.002672081358442213,0.0006720813584422131,0.28514326595305384,5.080276821222156
2016-07-18,0.00525165532500016,1.0,0.00525165532500016,0.00525165532500016,0.28664074010408414,5.106956684042802
2016-07-19,-0.0012473169632419845,-1.0,0.0012473169632419845,-0.0007526830367580156,0.28642499048136405,5.100586690340253
2016-07-20,-0.0068702331155906515,1.0,-0.0068702331155906515,-0.008870233115590652,0.28388433404566354,5.065544470751337
2016-07-21,0.00825399911939173,-1.0,-0.00825399911939173,-0.01025399911939173,0.2809733843343502,5.107355470352158
2016-07-22,0.012084862831183152,-1.0,-0.012084862831183152,-0.012084862831183152,0.27757785952545627,5.169077160641457
2016-07-25,-0.002465033430617214,-1.0,0.002465033430617214,0.002465033430617214,0.2782620982287857,5.156335212635036
2016-07-26,-0.008185852922482528,1.0,-0.008185852922482528,-0.010185852922482528,0.27542776142232595,5.114126210965388
2016-07-27,-0.00981089213286157,-1.0,0.00981089213286157,0.0078108921328615705,0.27757909795719127,5.063952070355766
2016-07-28,0.001965730501646945,1.0,0.001965730501646945,-3.426949835305497e-05,0.277569585460751,5.073906435399342
2016-07-29,0.006827840804892293,1.0,0.006827840804892293,0.006827840804892293,0.27946478640255695,5.108550260799167
2016-08-01,0.0016367799279384254,1.0,0.0016367799279384254,0.0016367799279384254,0.2799222087555063,5.116911833326908
2016-08-02,-0.006770455799958719,1.0,-0.006770455799958719,-0.006770455799958719,0.2780270078137003,5.082268007927082
2016-08-03,0.0036044306173146357,1.0,0.0036044306173146357,0.0036044306173146357,0.2790291368731044,5.100586690340253
2016-08-04,-0.004996651985630041,1.0,-0.004996651985630041,-0.004996651985630041,0.2776349253822987,5.075100833726086
2016-08-05,-0.011455633535931264,1.0,-0.011455633535931264,-0.011455633535931264,0.2744544414203435,5.016962338417021
2016-08-08,0.0,-1.0,-0.0,-0.002,0.27390553253750277,5.016962338417021
2016-08-09,0.0006351973918687914,1.0,0.0006351973918687914,-0.0013648026081312086,0.27353170555231404,5.020149099809488
2016-08-10,0.0023798337443834416,1.0,0.0023798337443834416,0.0023798337443834416,0.2741826655353462,5.03209622003905
2016-08-11,0.005143285189646685,1.0,0.005143285189646685,0.005143285189646685,0.275592865178252,5.057977726000454
2016-08-12,-0.0018104438258113031,1.0,-0.0018104438258113031,-0.0018104438258113031,0.2750939197770524,5.048820541455325
2016-08-15,-0.011594248822626607,-1.0,0.011594248822626607,0.009594248822626607,0.2777332392929851,4.990283259836904
2016-08-16,-0.010613047984466939,-1.0,0.010613047984466939,0.010613047984466939,0.28068083548848294,4.937321144144173
2016-08-17,0.014598203337149673,-1.0,-0.014598203337149673,-0.014598203337149673,0.276583399579181,5.009397162147198
2016-08-18,0.00922110142694943,1.0,0.00922110142694943,0.0072211014269494295,0.27858063636055275,5.05558932146723
2016-08-19,-0.014807775656722977,1.0,-0.014807775656722977,-0.014807775656722977,0.2744554767950186,4.980727288982419
2016-08-22,-0.00031994860668049796,1.0,-0.00031994860668049796,-0.00031994860668049796,0.2743676651476222,4.979133712226054
2016-08-23,-0.00615791052054282,-1.0,0.00615791052054282,0.00415791052054282,0.2755084613490363,4.948472652356348
2016-08-24,-0.0009657059871790441,-1.0,0.0009657059871790441,0.0009657059871790441,0.2757745215196795,4.943693882688576
2016-08-25,0.0028996804783401053,-1.0,-0.0028996804783401053,-0.0028996804783401053,0.2749748635232053,4.958029015331098
2016-08-26,-0.01633766877562548,1.0,-0.01633766877562548,-0.018337668775625482,0.26993246555429395,4.877026379498678
2016-08-29,0.00592020407831817,-1.0,-0.00592020407831817,-0.00792020407831817,0.26779454533974034,4.905899370960651
2016-08-30,-0.00915482921677202,1.0,-0.00915482921677202,-0.01115482921677202,0.26480734292129243,4.860986700064838
2016-08-31,-0.0023102166202173535,-1.0,0.0023102166202173535,0.0003102166202173535,0.2648894905602222,4.8497567677996924
2016-09-01,0.0004961985065694563,1.0,0.0004961985065694563,-0.0015038014934305437,0.2644911493487237,4.8521632098650995
2016-09-02,0.01760352269255039,1.0,0.01760352269255039,0.01760352269255039,0.2691471252982627,4.937578375037918
2016-09-06,0.0175423284625158,1.0,0.0175423284625158,0.0175423284625158,0.2738685925749867,5.024194996702248
2016-09-07,-0.0018357290582228236,1.0,-0.0018357290582228236,-0.0018357290582228236,0.2733658440414622,5.014971935952624
2016-09-08,0.0025590779594182322,-1.0,-0.0025590779594182322,-0.004559077959418232,0.272119547847035,5.027805640101021
2016-09-09,-0.03605072210864657,1.0,-0.03605072210864657,-0.03805072210864657,0.2617652025515769,4.846549616153453
2016-09-12,0.020105980207696605,-1.0,-0.020105980207696605,-0.022105980207696607,0.2559786261649081,4.943994246811454
2016-09-13,-0.014194072156240467,1.0,-0.014194072156240467,-0.01619407215624047,0.25183328982233827,4.873818835732174
2016-09-14,0.004607544146546738,-1.0,-0.004607544146546738,-0.006607544146546738,0.2501692902422671,4.896275171180081
2016-09-15,0.005159583418057112,-1.0,-0.005159583418057112,-0.005159583418057112,0.24887852092062596,4.921537911363546
2016-09-16,0.00480715105847751,1.0,0.00480715105847751,0.00280715105847751,0.24957716052406062,4.945196487543495
2016-09-19,0.01151495294585203,-1.0,-0.01151495294585203,-0.01351495294585203,0.24620413694321858,5.002140192405551
2016-09-20,0.0026454441637020487,-1.0,-0.0026454441637020487,-0.0026454441637020487,0.24555281764606285,5.01537307498357
2016-09-21,0.022147400451667076,1.0,0.022147400451667076,0.020147400451667075,0.25050006859521323,5.12645055088974
2016-09-22,0.0014864993140029092,1.0,0.0014864993140029092,0.0014864993140029092,0.2508724367753377,5.134071016116907
2016-09-23,-0.00999770642604736,1.0,-0.00999770642604736,-0.00999770642604736,0.24836428780207076,5.082742081327292
2016-09-26,-0.004102389393407124,-1.0,0.004102389393407124,0.0021023893934071242,0.24888644624644696,5.061890694123431
2016-09-27,0.004435965966758548,1.0,0.004435965966758548,0.0024359659667585482,0.2494927251590908,5.0843450689700145
2016-09-28,-0.002444646849638521,1.0,-0.002444646849638521,-0.002444646849638521,0.24888280355452289,5.071915640814682
2016-09-29,-0.021980051632088604,1.0,-0.021980051632088604,-0.021980051632088604,0.2434123466820555,4.960434673155977
2016-09-30,-0.011155871616846058,1.0,-0.011155871616846058,-0.011155871616846058,0.24069686979251526,4.905096700778498
2016-10-03,-0.00972862774842509,1.0,-0.00972862774842509,-0.00972862774842509,0.23835521954609273,4.857376840906595
2016-10-04,-0.018409897681261223,1.0,-0.018409897681261223,-0.018409897681261223,0.23396712434245462,4.7679530302661774
2016-10-05,-0.003027448277733713,-1.0,0.003027448277733713,0.001027448277733713,0.23420751346140659,4.753518299076383
2016-10-06,-0.0043027887657460795,-1.0,0.0043027887657460795,0.0043027887657460795,0.23521525891918166,4.733064913941349
2016-10-07,0.03143281745606341,-1.0,-0.03143281745606341,-0.03143281745606341,0.22782178062269434,4.881838479388966
2016-10-10,0.008542673204898099,1.0,0.008542673204898099,0.006542673204898099,0.2293123440822666,4.923542430157482
2016-10-11,-0.013275826573395433,1.0,-0.013275826573395433,-0.013275826573395433,0.22626803317109165,4.858178334727958
2016-10-12,0.015105438786082948,1.0,0.015105438786082948,0.015105438786082948,0.22968591109540495,4.931563250175065
2016-10-13,0.013416837220692868,-1.0,-0.013416837220692868,-0.015416837220692868,0.22614488079216055,4.997729231546215
2016-10-14,-0.0048144432355550215,-1.0,0.0048144432355550215,0.0048144432355550215,0.22723364248374578,4.973667947854262
2016-10-17,0.00024195766694790066,-1.0,-0.00024195766694790066,-0.00024195766694790066,0.22717866156175834,4.974871364947098
2016-10-18,0.008463632289349432,-1.0,-0.008463632289349432,-0.008463632289349432,0.22525590490631306,5.016976846866823
2016-10-19,-0.0042359657305471865,1.0,-0.0042359657305471865,-0.0062359657305471865,0.2238512168027139,4.995725104872547
2016-10-20,-0.0036126341884893387,1.0,-0.0036126341884893387,-0.0036126341884893387,0.22304252424375745,4.97767737756239
2016-10-21,-0.0033835759810220134,1.0,-0.0033835759810220134,-0.0033835759810220134,0.22228784291597975,4.960835027946393
2016-10-24,0.00541611896317451,1.0,0.00541611896317451,0.00541611896317451,0.22349178031728015,4.987703500614434
2016-10-25,0.009165451962372728,1.0,0.009165451962372728,0.009165451962372728,0.22554018349376334,5.033418057451874
2016-10-26,0.005417556647830057,1.0,0.005417556647830057,0.005417556647830057,0.22676206021420278,5.0606868849103295
2016-10-27,-0.008557986715590826,-1.0,0.008557986715590826,0.006557986715590826,0.22824916279268756,5.0173775937775025
2016-10-28,0.004875305058252177,-1.0,-0.004875305058252177,-0.004875305058252177,0.22713637849478255,5.041838840139607
2016-10-31,0.018054596676017276,1.0,0.018054596676017276,0.016054596676017274,0.2307829614419675,5.132867206903806
2016-11-01,-0.01648437402717018,1.0,-0.01648437402717018,-0.01648437402717018,0.22697864878646012,5.048255104033408
2016-11-02,-0.017555039314128718,1.0,-0.017555039314128718,-0.017555039314128718,0.222994029683546,4.959632787214351
2016-11-03,0.0012937764325229306,1.0,0.0012937764325229306,0.0012937764325229306,0.2232825341037439,4.966049443228417
2016-11-04,-0.005329418802382246,1.0,-0.005329418802382246,-0.005329418802382246,0.22209256796824786,4.939583285952115
2016-11-07,0.012014816410712559,1.0,0.012014816410712559,0.012014816410712559,0.22476096939857007,4.9989314722782545
2016-11-08,0.0040909238876993825,-1.0,-0.0040909238876993825,-0.006090923887699383,0.22339196744103784,5.01938172045117
2016-11-09,-0.0613563345144742,1.0,-0.0613563345144742,-0.0633563345144742,0.20923867122399692,4.7114108565553305
2016-11-10,-0.02068251939477761,-1.0,0.02068251939477761,0.018682519394777608,0.21314777675727672,4.613967010137859
2016-11-11,-0.013210570087791695,1.0,-0.013210570087791695,-0.015210570087791695,0.20990567755985318,4.553013875567674
2016-11-14,0.007926523793394091,1.0,0.007926523793394091,0.007926523793394091,0.21156949990739987,4.589103448384015
2016-11-15,0.005155808110973048,1.0,0.005155808110973048,0.005155808110973048,0.21266031165105695,4.612763985165287
2016-11-16,-0.006433039552533271,1.0,-0.006433039552533271,-0.006433039552533271,0.21129225945495164,4.583089892002218
2016-11-17,0.004287057547204487,1.0,0.004287057547204487,0.004287057547204487,0.2121980815305139,4.602737862113242
2016-11-18,-0.006011291287320697,1.0,-0.006011291287320697,-0.006011291287320697,0.21092249705182334,4.5750694641049
2016-11-21,0.0022787198234826,1.0,0.0022787198234826,0.0022787198234826,0.21140313032707378,4.585494765586566
2016-11-22,0.0030844606037760958,1.0,0.0030844606037760958,0.0030844606037760958,0.2120551949540826,4.5996385435398395
2016-11-23,-0.00360199291178398,1.0,-0.00360199291178398,-0.00360199291178398,0.211291373644951,4.583070678109241
2016-11-25,0.011814504906390022,1.0,0.011814504906390022,0.011814504906390022,0.21378767661555717,4.637217389122095
2016-11-28,0.013419321211350477,1.0,0.013419321211350477,0.013419321211350477,0.21665656211908965,4.699445698793585
2016-11-29,0.008340297070307479,1.0,0.008340297070307479,0.008340297070307479,0.21846354220939437,4.738640471987302
2016-11-30,-0.0259227792984843,-1.0,0.0259227792984843,0.023922779298484298,0.2236897973144348,4.615801740857109
2016-12-01,-0.011205640657821925,1.0,-0.011205640657821925,-0.013205640657821925,0.22073583023227936,4.564078725201315
2016-12-02,0.012926256973352812,1.0,0.012926256973352812,0.012926256973352812,0.2235891182970882,4.62307517964988
2016-12-05,0.005157022825048596,1.0,0.005157022825048596,0.005157022825048596,0.22474217248357878,4.64691648387325
2016-12-06,-0.0021742096676976574,1.0,-0.0021742096676976574,-0.0021742096676976574,0.22425353587942562,4.636813113129029
2016-12-07,0.025533918586057247,1.0,0.025533918586057247,0.025533918586057247,0.22997960740720635,4.755209121658428
2016-12-08,-0.006883119078512578,-1.0,0.006883119078512578,0.004883119078512578,0.23110262521580532,4.722478451030824
2016-12-09,-0.003251478563772947,-1.0,0.003251478563772947,0.003251478563772947,0.23185405044772617,4.707123413579418
2016-12-12,0.008241223862978986,-1.0,-0.008241223862978986,-0.008241223862978986,0.22994328931444805,4.745915871381396
2016-12-13,0.013367109482893547,-1.0,-0.013367109482893547,-0.013367109482893547,0.22686961219132515,4.809355048430753
2016-12-14,-0.025121728495719475,1.0,-0.025121728495719475,-0.027121728495719477,0.22071651616554286,4.688535736664558
2016-12-15,0.008618551224307547,1.0,0.008618551224307547,0.008618551224307547,0.2226187727661663,4.728944122077998
2016-12-16,0.015978695735705983,-1.0,-0.015978695735705983,-0.017978695735705985,0.2186163775855471,4.804506481355837
2016-12-19,0.0026913394547376512,1.0,0.0026913394547376512,0.0006913394547376512,0.21876751571282382,4.817437039209652
2016-12-20,0.0006709475011050792,1.0,0.0006709475011050792,0.0006709475011050792,0.21891429723081432,4.8206692865528415
2016-12-21,-0.0058674846797431846,1.0,-0.0058674846797431846,-0.0058674846797431846,0.21762982094563577,4.792384083367884
2016-12-22,0.0025295130308991,1.0,0.0025295130308991,0.0025295130308991,0.21818031841362998,4.804506481355837
2016-12-23,0.002775484620247015,1.0,0.002775484620247015,0.002775484620247015,0.2187858745318276,4.817841315202717
2016-12-27,0.00016782453659835994,1.0,0.00016782453659835994,0.00016782453659835994,0.21882259216983518,4.818649867188845
2016-12-28,-0.0050315313966387,1.0,-0.0050315313966387,-0.0050315313966387,0.2177215794270388,4.7944046790926755
2016-12-29,0.012895038657880775,1.0,0.012895038657880775,0.012895038657880775,0.2205291076104053,4.8562287127711
2016-12-30,-0.005991179808953695,1.0,-0.005991179808953695,-0.005991179808953695,0.21920787807360329,4.827134173359484
2017-01-03,-0.006194466912005092,1.0,-0.006194466912005092,-0.006194466912005092,0.2178500021260255,4.797232650442799
2017-01-04,0.0029483202053934843,1.0,0.0029483202053934843,0.0029483202053934843,0.2184922936890387,4.811376428396073
2017-01-05,-0.0005879306333130829,1.0,-0.0005879306333130829,-0.0005879306333130829,0.21836383537643606,4.808547672805418
2017-01-06,-0.0029412194024255323,1.0,-0.0029412194024255323,-0.0029412194024255323,0.21772157942703882,4.794404679092675
2017-01-09,-0.002528365183804504,1.0,-0.002528365183804504,-0.002528365183804504,0.21717109976585255,4.782282673224987
2017-01-10,0.0019432666180658753,-1.0,-0.0019432666180658753,-0.003943266618065875,0.21631473621773722,4.7915759235020206
2017-01-11,0.006999622493557345,-1.0,-0.006999622493557345,-0.006999622493557345,0.21480061472441964,4.8251151461157535
2017-01-12,0.0007536656071680525,-1.0,-0.0007536656071680525,-0.0007536656071680525,0.21463872688870328,4.828751669452006
2017-01-13,-0.003765490115446357,1.0,-0.003765490115446357,-0.005765490115446357,0.21340122943043446,4.81056905277074
2017-01-17,0.009827604870388917,1.0,0.009827604870388917,0.009827604870388917,0.21549845239213197,4.8578454246230915
2017-01-18,-0.0015804773751999512,1.0,-0.0015804773751999512,-0.0015804773751999512,0.2151578619637356,4.850167709837256
2017-01-19,-0.006248725653205334,-1.0,0.006248725653205334,0.004248725653205334,0.21607200869134974,4.819860342446448
2017-01-20,-0.0001673474597803093,1.0,-0.0001673474597803093,-0.0021673474597803093,0.21560370557218292,4.819053751061644
2017-01-23,-0.004024904037792876,1.0,-0.004024904037792876,-0.004024904037792876,0.21473592134706232,4.799657522160655
2017-01-24,0.0002525271299185228,1.0,0.0002525271299185228,0.0002525271299185228,0.2147901479929705,4.800869565899318
2017-01-25,0.0017674886632428333,1.0,0.0017674886632428333,0.0017674886632428333,0.2151697871445243,4.809355048430753
2017-01-26,-0.0022683245006115405,1.0,-0.0022683245006115405,-0.0022683245006115405,0.214681712244553,4.798445870542258
2017-01-27,0.022063009783545695,1.0,0.022063009783545695,0.022063009783545695,0.21941823696215293,4.904314028729846
2017-01-30,0.008898497245739323,1.0,0.008898497245739323,0.008898497245739323,0.22137072953942563,4.94795505360674
2017-01-31,0.010371548420754495,1.0,0.010371548420754495,0.010371548420754495,0.22366668677978152,4.999273009028939
2017-02-01,-0.008890972831840038,-1.0,0.008890972831840038,0.006890972831840038,0.22520796784176866,4.954824608526711
2017-02-02,0.0068502788307232,-1.0,-0.0068502788307232,-0.0068502788307232,0.223665230467152,4.988766538652448
2017-02-03,0.006074729405491475,1.0,0.006074729405491475,0.004074729405491475,0.22457660575872254,5.019071945441932
2017-02-06,-0.002817772238814409,1.0,-0.002817772238814409,-0.002817772238814409,0.22394380003352846,5.0049293438494535
2017-02-07,0.003795041289162304,1.0,0.003795041289162304,0.003795041289162304,0.2247936760011076,5.023923257358702
2017-02-08,0.015844819781146047,-1.0,-0.015844819781146047,-0.01784481978114605,0.2207822733649265,5.1035264159658595
2017-02-09,-0.013064256296499988,-1.0,0.013064256296499988,0.013064256296499988,0.22366662956988984,5.036852638851723
2017-02-10,0.0065785022903155355,1.0,0.0065785022903155355,0.004578502290315535,0.22469068774564274,5.069987585472391
2017-02-13,0.004223849400700308,-1.0,-0.004223849400700308,-0.006223849400700308,0.22329224674337408,5.091402449496846
2017-02-14,0.0,1.0,0.0,-0.002,0.22284566224988733,5.091402449496846
2017-02-15,-0.005634579269960693,1.0,-0.005634579269960693,-0.005634579269960693,0.22159002070097344,5.062714538799884
2017-02-16,0.007183261383766126,1.0,0.007183261383766126,0.007183261383766126,0.2231817597397027,5.099081340643477
2017-02-17,0.005309342118204663,-1.0,-0.005309342118204663,-0.007309342118204663,0.22155044790322226,5.126154107969507
2017-02-21,0.011035489947802679,-1.0,-0.011035489947802679,-0.011035489947802679,0.21910553016245507,5.182723730098892
2017-02-22,0.001403703468039641,1.0,0.001403703468039641,-0.0005962965319603591,0.21897487829468587,5.189998737372723
2017-02-23,0.005683478631933525,-1.0,-0.005683478631933525,-0.007683478631933525,0.2172923894963784,5.219495984296342
2017-02-24,0.021632704545585968,1.0,0.021632704545585968,0.019632704545585966,0.2215584267793652,5.332407798801498
2017-02-27,-0.008323461830651246,-1.0,0.008323461830651246,0.006323461830651246,0.22295944303436366,5.288023706022706
2017-02-28,0.008701204585384037,1.0,0.008701204585384037,0.006701204585384037,0.2244535398763802,5.33403588214117
2017-03-01,-0.012137341735069751,-1.0,0.012137341735069751,0.010137341735069751,0.22672890211375318,5.2692948658124985
2017-03-02,0.011822929022836437,-1.0,-0.011822929022836437,-0.011822929022836437,0.22404830239663664,5.331593365011396
2017-03-03,-0.0010692196535192489,1.0,-0.0010692196535192489,-0.003069219653519249,0.22336064894358326,5.325892720600953
2017-03-06,-0.0012235046598166877,-1.0,0.0012235046598166877,-0.0007764953401833124,0.22318721044049825,5.319376466039614
2017-03-07,7.688522120097296e-05,-1.0,-7.688522120097296e-05,-7.688522120097296e-05,0.2231700506424543,5.319785447475857
2017-03-08,-0.009261708744759845,-1.0,0.009261708744759845,0.009261708744759845,0.225236986652058,5.2705151440767235
2017-03-09,-0.005330528794289302,1.0,-0.005330528794289302,-0.007330528794289302,0.22358588043586614,5.242420511340485
2017-03-10,0.01017456254646798,1.0,0.01017456254646798,0.01017456254646798,0.22586076896086796,5.295759846728005
2017-03-13,0.0030755736499818997,1.0,0.0030755736499818997,0.0030755736499818997,0.22655542039044865,5.312047346169234
2017-03-14,0.0008433610873563868,1.0,0.0008433610873563868,0.0008433610873563868,0.22674648841613562,5.316527320195188
2017-03-15,0.010185928881041306,1.0,0.010185928881041306,0.010185928881041306,0.22905611202116824,5.37068108937281
2017-03-16,-0.015162908228845029,-1.0,0.015162908228845029,0.013162908228845029,0.23207115660295896,5.289245944888257
2017-03-17,0.0025402488398553746,1.0,0.0025402488398553746,0.0005402488398553746,0.2321965327760776,5.302681945763469
2017-03-20,-0.0026107917111615198,1.0,-0.0026107917111615198,-0.0026107917111615198,0.23159031599294538,5.288837747692544
2017-03-21,0.015089938718671148,1.0,0.015089938718671148,0.015089938718671148,0.2350849996691166,5.36864598519822
2017-03-22,0.004247141894593742,-1.0,-0.004247141894593742,-0.006247141894593742,0.2336163903188931,5.391447386479197
2017-03-23,-0.0024166742669574637,1.0,-0.0024166742669574637,-0.004416674266957464,0.23258458281943217,5.378418014318638
2017-03-24,0.005375012959085268,-1.0,-0.005375012959085268,-0.007375012959085268,0.23086926850705541,5.407327080844978
2017-03-27,-0.012800824599268568,1.0,-0.012800824599268568,-0.014800824599268568,0.22745221295852106,5.338108835332207
2017-03-28,0.001220190505741181,1.0,0.001220190505741181,0.001220190505741181,0.22772974798928286,5.344622345051692
2017-03-29,-0.005409000797428676,-1.0,0.005409000797428676,0.0034090007974286757,0.22850607888177657,5.315713278525353
2017-03-30,-0.018537238754961383,1.0,-0.018537238754961383,-0.020537238754961384,0.22381319498282148,5.21717463232841
2017-03-31,0.0018732755121237954,-1.0,-0.0018732755121237954,-0.0038732755121237954,0.22294630481540434,5.226947837809624
2017-04-03,0.0027265646163556756,1.0,0.0027265646163556756,0.0007265646163556756,0.22310828971183047,5.241199448835733
2017-04-04,0.006370271636755964,1.0,0.006370271636755964,0.006370271636755964,0.2245295501217069,5.274587313027232
2017-04-05,0.008491499022447613,1.0,0.008491499022447613,0.008491499022447613,0.22643614257707598,5.319376466039618
2017-04-06,-0.0067359709903140885,-1.0,0.0067359709903140885,0.0047359709903140885,0.22750853757947964,5.283545300477815
2017-04-07,-0.006396548450984252,-1.0,0.006396548450984252,0.006396548450984252,0.22896380696311935,5.249748846970339
2017-04-10,0.0038780682171022374,-1.0,-0.0038780682171022374,-0.0038780682171022374,0.22807586970046895,5.270107731121543
2017-04-11,-0.0008497005475210928,-1.0,0.0008497005475210928,0.0008497005475210928,0.22826966589182976,5.265629717696914
2017-04-12,0.009201772126956609,1.0,0.009201772126956609,0.007201772126956609,0.22991361200907923,5.314082842464092
2017-04-13,0.0019922999819363962,1.0,0.0019922999819363962,0.0019922999819363962,0.23037166889413185,5.324670089615142
2017-04-17,0.0010705362387231077,-1.0,-0.0010705362387231077,-0.0030705362387231077,0.2296643043364173,5.33037034190532
2017-04-18,0.007868122565188873,-1.0,-0.007868122565188873,-0.007868122565188873,0.22785727744104953,5.372310349073279
2017-04-19,-0.0033346544366078534,-1.0,0.0033346544366078534,0.0033346544366078534,0.2286171027221817,5.3543955505329075
2017-04-20,-0.004791071508474243,1.0,-0.004791071508474243,-0.006791071508474243,0.22706454762953515,5.328742258565648
2017-04-21,0.016428713186540822,1.0,0.016428713186540822,0.016428713186540822,0.23079492595737242,5.416286636776623
2017-04-24,-0.002029853426020134,1.0,-0.002029853426020134,-0.002029853426020134,0.23032644608620978,5.405292368790655
2017-04-25,0.0012806151014939093,1.0,0.0012806151014939093,0.0012806151014939093,0.2306214056113412,5.412214467826118
2017-04-26,-0.000677054447276837,1.0,-0.000677054447276837,-0.000677054447276837,0.2304652623630348,5.40855010395106
2017-04-27,0.005194557564693669,1.0,0.005194557564693669,0.005194557564693669,0.2316624274350418,5.436645128807564
2017-04-28,0.0002994647068366163,1.0,0.0002994647068366163,0.0002994647068366163,0.2317318021559587,5.438273212147237
2017-05-01,-0.003893461993464409,-1.0,0.003893461993464409,0.0018934619934644088,0.23217057751601805,5.417099502085667
2017-05-02,0.007366253216727792,1.0,0.007366253216727792,0.005366253216727792,0.23341646362444293,5.45700322871824
2017-05-03,-0.004924386654065027,-1.0,0.004924386654065027,0.002924386654065027,0.23409906361550534,5.43013083484755
2017-05-04,0.007348503328175937,-1.0,-0.007348503328175937,-0.007348503328175937,0.23237878586740393,5.470034169359859
2017-05-05,-7.462424969828518e-05,-1.0,7.462424969828518e-05,7.462424969828518e-05,0.23239612695994508,5.469625972164146
2017-05-08,0.004615291528017318,-1.0,-0.004615291528017318,-0.004615291528017318,0.23132355108404282,5.494869890574899
2017-05-09,-0.00874373966422859,-1.0,0.00874373966422859,0.00874373966422859,0.23334618399292653,5.4468241787629035
2017-05-10,0.002990346489427642,1.0,0.002990346489427642,0.000990346489427642,0.23357727756706526,5.463112070324397
2017-05-11,0.003502811752542856,-1.0,-0.003502811752542856,-0.005502811752542856,0.23229194577894224,5.482248323489788
2017-05-12,0.006758797165131725,1.0,0.006758797165131725,0.004758797165131725,0.233397376031998,5.519301727917139
2017-05-15,0.004279127476025213,1.0,0.004279127476025213,0.004279127476025213,0.23439611315660872,5.542919523589542
2017-05-16,-0.0016897565635646261,-1.0,0.0016897565635646261,-0.00031024343643537393,0.2343233933009759,5.533553338943246
2017-05-17,0.0040471580040586375,1.0,0.0040471580040586375,0.0020471580040586374,0.23480309031111019,5.5559485036298355
2017-05-18,0.003590940244086571,-1.0,-0.003590940244086571,-0.005590940244086571,0.23349032026405392,5.575899582705593
2017-05-19,0.0025559303597058047,-1.0,-0.0025559303597058047,-0.0025559303597058047,0.2328935352657936,5.5901511937317006
2017-05-22,0.007720632178973785,-1.0,-0.007720632178973785,-0.007720632178973785,0.23109544994314554,5.633310694923354
2017-05-23,0.00440921287712337,-1.0,-0.00440921287712337,-0.00440921287712337,0.23007650090941162,5.658149160980247
2017-05-24,0.008563838829652282,1.0,0.008563838829652282,0.0065638388296522816,0.23158668597987134,5.706604638469014
2017-05-25,0.011015309347772284,1.0,0.011015309347772284,0.011015309347772284,0.23413768496676501,5.769464653887183
2017-05-26,7.129503038982854e-05,-1.0,-7.129503038982854e-05,-0.0020712950303898286,0.23365271674346638,5.769875988045015
2017-05-30,-0.00042665232803129616,-1.0,0.00042665232803129616,0.00042665232803129616,0.2337524052190158,5.7674142570222635
2017-05-31,0.005616972590742897,1.0,0.005616972590742897,0.003616972590742897,0.23459788126171321,5.799809664823417
2017-06-01,0.0032522710762263873,1.0,0.0032522710762263873,0.0032522710762263873,0.2353608571654847,5.8186722180439405
2017-06-02,0.005708201745953323,1.0,0.005708201745953323,0.005708201745953323,0.23670434442128577,5.851886372958109
2017-06-05,-0.006026118316613482,1.0,-0.006026118316613482,-0.006026118316613482,0.23527793603574668,5.8166222132992855
2017-06-06,0.0004930641035243433,-1.0,-0.0004930641035243433,-0.0024930641035243433,0.23469137305906465,5.819490180916426
2017-06-07,0.0046508055172516105,1.0,0.0046508055172516105,0.0026508055172516105,0.23531349424562098,5.846555497957423
2017-06-08,-0.007925630049091525,-1.0,0.007925630049091525,0.005925630049091525,0.23670787495807954,5.800217862019131
2017-06-09,-0.008553714672643209,1.0,-0.008553714672643209,-0.010553714672643209,0.23420972758500427,5.7506044533882505
2017-06-12,-0.005847501024519586,1.0,-0.005847501024519586,-0.005847501024519586,0.23284018596299852,5.7169777879554555
2017-06-13,0.0038014619551327566,1.0,0.0038014619551327566,0.0038014619551327566,0.23372531907156288,5.738710661514707
2017-06-14,0.00857446745415369,1.0,0.00857446745415369,0.00857446745415369,0.23572938921315367,5.7879170493106695
2017-06-15,0.005101159399985011,1.0,0.005101159399985011,0.005101159399985011,0.2369318824027911,5.817442136773094
2017-06-16,0.006837014256401153,1.0,0.006837014256401153,0.006837014256401153,0.23855178906057492,5.857216071598001
2017-06-19,-0.0031503695950304555,1.0,-0.0031503695950304555,-0.0031503695950304555,0.23780026275747837,5.838763676174515
2017-06-20,-0.003019965363882382,-1.0,0.003019965363882382,0.001019965363882382,0.23804281078901315,5.821130812104573
2017-06-21,-0.006339730186095016,-1.0,0.006339730186095016,0.006339730186095016,0.23955193798215516,5.784226413377866
2017-06-22,0.003756926407249228,1.0,0.003756926407249228,0.001756926407249228,0.23997281310790372,5.805957326335793
2017-06-23,0.010947705454867895,1.0,0.010947705454867895,0.010947705454867895,0.24259996478298512,5.86951923702805
2017-06-26,0.007614770877120591,1.0,0.007614770877120591,0.007614770877120591,0.2444473079296051,5.9142142811768705
2017-06-27,-0.013589319227239494,1.0,-0.013589319227239494,-0.013589319227239494,0.24112543542791037,5.83384413533166
2017-06-28,-0.008786108005603865,1.0,-0.008786108005603865,-0.008786108005603865,0.2390068813093425,5.782587350670777
2017-06-29,-0.007445934332019566,1.0,-0.007445934332019566,-0.007445934332019566,0.23722725176621234,5.739530584988516
2017-06-30,0.0011432538628199929,1.0,0.0011432538628199929,0.0011432538628199929,0.23749846273816025,5.746092325500578
2017-07-03,-0.003639576432299285,1.0,-0.003639576432299285,-0.003639576432299285,0.23663406893047112,5.72517898329487
2017-07-05,-0.005729776695689082,1.0,-0.005729776695689082,-0.005729776695689082,0.23527820855690723,5.692374986177739
2017-07-06,0.005402802290377151,1.0,0.005402802290377151,0.005402802290377151,0.23654937020097433,5.723129762790745
2017-07-07,0.006519819369781077,1.0,0.006519819369781077,0.006519819369781077,0.23809162936672015,5.760443535073959
2017-07-10,0.003915318891076769,1.0,0.003915318891076769,0.003915318891076769,0.23902383402098692,5.782997508467815
2017-07-11,-0.0019852156425065326,1.0,-0.0019852156425065326,-0.0019852156425065326,0.2385493201667566,5.771517011353429
2017-07-12,0.000212925805751496,1.0,0.000212925805751496,0.000212925805751496,0.23860011347296456,5.77274591626348
2017-07-13,-0.001420606993293494,-1.0,0.001420606993293494,-0.0005793930067065061,0.23846187023581894,5.7645451130443295
2017-07-14,0.007682490438380762,1.0,0.007682490438380762,0.005682490438380762,0.23981692753335238,5.808831175756907
2017-07-17,-0.0048708301161976,1.0,-0.0048708301161976,-0.0048708301161976,0.23864882002034896,5.780537345926123
2017-07-18,0.0036887082439216456,-1.0,-0.0036887082439216456,-0.005688708243921646,0.23729121651049703,5.801860061688338
2017-07-19,0.0021906412787564555,1.0,0.0021906412787564555,0.0001906412787564555,0.23733645401145026,5.8145698558330405
2017-07-20,0.011847965851250253,-1.0,-0.011847965851250253,-0.013847965851250253,0.23404982690104287,5.883460680924659
2017-07-21,0.00620291951100449,1.0,0.00620291951100449,0.00420291951100449,0.23503351948507248,5.919955313974595
2017-07-24,-0.008450917863100593,1.0,-0.008450917863100593,-0.008450917863100593,0.2330472705168287,5.86992625786297
2017-07-25,-0.0002789633385659185,1.0,-0.0002789633385659185,-0.0002789633385659185,0.23298225887220164,5.86828876363694
2017-07-26,0.016630413363827312,1.0,0.016630413363827312,0.016630413363827312,0.23685685014368457,5.965880831514525
2017-07-27,-0.005773340232053559,1.0,-0.005773340232053559,-0.005773340232053559,0.23548939496151255,5.931437771690305
2017-07-28,0.0032486528017110494,1.0,0.0032486528017110494,0.0032486528017110494,0.23625441824422752,5.950706953625482
2017-07-31,0.006684493828595484,-1.0,-0.006684493828595484,-0.008684493828595484,0.2342026682070071,5.990484417532771
2017-08-01,0.0032860162958288086,1.0,0.0032860162958288086,0.0012860162958288086,0.2345038566548479,6.010169246948693
2017-08-02,0.0011595602687533013,1.0,0.0011595602687533013,0.0011595602687533013,0.2347757780098943,6.017138400415938
2017-08-03,0.0054518907784129045,1.0,0.0054518907784129045,0.0054518907784129045,0.23605574990902115,6.0499431817736
2017-08-04,-0.005354857589332185,1.0,-0.005354857589332185,-0.005354857589332185,0.2347917049851153,6.017546597611651
2017-08-07,0.0023171244745270325,1.0,0.0023171244745270325,0.0023171244745270325,0.23533574659115225,6.031490002109584
2017-08-08,0.0017675509297228054,-1.0,-0.0017675509297228054,-0.0037675509297228054,0.23444910718028575,6.042150967870427
2017-08-09,-0.0007468399965396832,-1.0,0.0007468399965396832,0.0007468399965396832,0.23462420315068103,6.0376384478624905
2017-08-10,0.00326035246825529,1.0,0.00326035246825529,0.0012603524682552898,0.23491991234423443,6.057323277278412
2017-08-11,-0.00365577445736609,1.0,-0.00365577445736609,-0.00365577445736609,0.2340610981291597,6.0351790695613285
2017-08-14,0.00597941296497595,1.0,0.00597941296497595,0.00597941296497595,0.2354606460939097,6.071265897535815
2017-08-15,0.006686420154318418,-1.0,-0.006686420154318418,-0.008686420154318418,0.23341533599213074,6.111860932195325
2017-08-16,0.006239486228643676,-1.0,-0.006239486228643676,-0.006239486228643676,0.23195894421765362,6.149995804313143
2017-08-17,-0.009134368102225232,1.0,-0.009134368102225232,-0.011134368102225232,0.22937622794813073,6.093819478809406
2017-08-18,0.00888184501460354,1.0,0.00888184501460354,0.00888184501460354,0.2314135120548004,6.147943838967164
2017-08-21,0.0034684591599314363,1.0,0.0034684591599314363,0.0034684591599314363,0.23221616037041878,6.169267731090174
2017-08-22,0.002591923868028312,1.0,0.002591923868028312,0.002591923868028312,0.23281804697902475,6.1852580033706435
2017-08-23,-0.001447456174384465,-1.0,0.001447456174384465,-0.0005525438256155351,0.23268940480467462,6.176305113483504
2017-08-24,-0.002205567527951202,1.0,-0.002205567527951202,-0.004205567527951202,0.2317108137997298,6.162682855482485
2017-08-25,0.005291000914464217,1.0,0.005291000914464217,0.005291000914464217,0.2329367959274354,6.195289616106396
2017-08-28,0.005196822195792317,-1.0,-0.005196822195792317,-0.007196822195792317,0.2312603912242881,6.227485434692739
2017-08-29,-0.0010607263639551556,-1.0,0.0010607263639551556,0.0010607263639551556,0.23150569521819825,6.220879776711014
2017-08-30,-0.0006633585305360068,1.0,-0.0006633585305360068,-0.002663358530536007,0.2308891125499712,6.216753103043693
2017-08-31,-0.0007305319726003123,1.0,-0.0007305319726003123,-0.0007305319726003123,0.23072044067112812,6.212211566136157
2017-09-01,-0.0023254363641160847,1.0,-0.0023254363641160847,-0.0023254363641160847,0.2301839149684466,6.197765463458682
2017-09-05,0.0006663386431429164,1.0,0.0006663386431429164,0.0006663386431429164,0.23033729540602,6.201895274088121
2017-09-06,-0.013377204504540163,1.0,-0.013377204504540163,-0.013377204504540163,0.227256026300351,6.118931252690903
2017-09-07,0.008364514582148264,1.0,0.008364514582148264,0.008364514582148264,0.22915691264622134,6.170113142381198
2017-09-08,-0.008228273615105253,1.0,-0.008228273615105253,-0.008228273615105253,0.22727134686817546,6.119343763209529
2017-09-11,0.021179135965173845,1.0,0.021179135965173845,0.021179135965173845,0.23208475762448474,6.248946176788182
2017-09-12,-0.014993003394765392,1.0,-0.014993003394765392,-0.014993003394765392,0.22860511006554754,6.155255705545891
2017-09-13,-0.006370749948064525,1.0,-0.006370749948064525,-0.006370749948064525,0.22714872407247017,6.116042110579461
2017-09-14,0.00924534487015527,1.0,0.00924534487015527,0.00924534487015527,0.2292487923633359,6.172587029132161
2017-09-15,0.0036110130339002122,1.0,0.0036110130339002122,0.0036110130339002122,0.2300766127405658,6.19487632134724
2017-09-18,-0.011925947733091302,-1.0,0.011925947733091302,0.009925947733091302,0.23236034117323534,6.120996550125888
2017-09-19,-0.0025623962283659596,1.0,-0.0025623962283659596,-0.00456239622836596,0.23130022122904476,6.1053121316520045
2017-09-20,-0.007977264481519919,1.0,-0.007977264481519919,-0.007977264481519919,0.2294550781896666,6.056608442035584
2017-09-21,0.0002726956136211989,-1.0,-0.0002726956136211989,-0.002272695613621199,0.22893359663994184,6.058260052591148
2017-09-22,-0.002861681921785819,1.0,-0.002861681921785819,-0.004861681921785819,0.22782059431186802,6.040923239321171
2017-09-25,0.003143363223390372,-1.0,-0.003143363223390372,-0.005143363223390372,0.2266488302455534,6.059912055266977
2017-09-26,0.0059931211013071195,1.0,0.0059931211013071195,0.0039931211013071195,0.2275538664721935,6.096229842077463
2017-09-27,-0.009817045100556476,-1.0,0.009817045100556476,0.007817045100556476,0.22933266530921267,6.036382878774431
2017-09-28,0.005060278170764487,-1.0,-0.005060278170764487,-0.005060278170764487,0.22817217822910524,6.06692865528627
2017-09-29,-0.0029944198956161072,-1.0,0.0029944198956161072,0.0029944198956161072,0.22885542153922056,6.048761723415597
2017-10-02,0.0012972437961329408,-1.0,-0.0012972437961329408,-0.0012972437961329408,0.22855854026341743,6.056608442035584
2017-10-03,0.0010221553532407945,-1.0,-0.0010221553532407945,-0.0010221553532407945,0.22832491792795828,6.062799236777094
2017-10-04,0.011437381468298646,1.0,0.011437381468298646,0.009437381468298646,0.2304797072771624,6.1321417844138235
2017-10-05,-0.005452148909407151,-1.0,0.005452148909407151,0.0034521489094071506,0.23127535754727976,6.098708434271602
2017-10-06,-0.0019628811074895447,1.0,-0.0019628811074895447,-0.003962881107489545,0.23035884080222777,6.086737394705883
2017-10-09,0.0029160653134208125,1.0,0.0029160653134208125,0.0029160653134208125,0.23103058222753098,6.104486718494487
2017-10-10,0.007640468261153277,-1.0,-0.007640468261153277,-0.009640468261153277,0.2288033392322107,6.1511278555177755
2017-10-11,0.005636125567673345,1.0,0.005636125567673345,0.0036361255676733446,0.22963529690396198,6.185796384494287
2017-10-12,0.005537977742734235,1.0,0.005537977742734235,0.005537977742734235,0.2309070120671623,6.220053187192702
2017-10-13,-0.0009952330687448274,1.0,-0.0009952330687448274,-0.0009952330687448274,0.230677205772948,6.2138627845714565
2017-10-16,0.006443497307884183,1.0,0.006443497307884183,0.006443497307884183,0.23216357372733623,6.253901792695404
2017-10-17,0.007589282747227477,1.0,0.007589282747227477,0.007589282747227477,0.2339255287319598,6.301364421673562
2017-10-18,-0.0008513390092170781,1.0,-0.0008513390092170781,-0.0008513390092170781,0.23372637880409855,6.2959998243300985
2017-10-19,0.008719195421011738,1.0,0.008719195421011738,0.008719195421011738,0.2357642847759369,6.350895877169088
2017-10-20,0.0018845049510085587,1.0,0.0018845049510085587,0.0018845049510085587,0.23620858373786813,6.362864171892953
2017-10-23,0.0014270820070823032,-1.0,-0.0014270820070823032,-0.003427082007082303,0.2353990775506217,6.37194450086617
2017-10-24,-0.0010364939022983188,1.0,-0.0010364939022983188,-0.003036493902298319,0.2346842896870326,6.365340019245239
2017-10-25,-0.002334115191079622,1.0,-0.002334115191079622,-0.002334115191079622,0.23413650952136636,6.350482582409931
2017-10-26,-0.003055156570059281,1.0,-0.003055156570059281,-0.003055156570059281,0.2334211858260114,6.3310808638252345
2017-10-27,0.01597248764273318,-1.0,-0.01597248764273318,-0.01797248764273318,0.22922602644820128,6.432203974687828
2017-10-30,-0.003079741211270637,-1.0,0.003079741211270637,0.003079741211270637,0.2299319832885496,6.412394451027683
2017-10-31,-0.0018667372097284085,1.0,-0.0018667372097284085,-0.0038667372097284086,0.22904289673306114,6.400424195702493
2017-11-01,-0.010898321683334267,1.0,-0.010898321683334267,-0.010898321683334267,0.22654671356518152,6.330670313907931
2017-11-02,-0.02294961397896378,1.0,-0.02294961397896378,-0.02294961397896378,0.22134755394065772,6.185383873975659
2017-11-03,0.018617297953791745,1.0,0.018617297953791745,0.018617297953791745,0.22546844730371393,6.300539008516043
2017-11-06,-0.005175233512535682,-1.0,0.005175233512535682,0.003175233512535682,0.22618436227361208,6.267932247892132
2017-11-07,0.02390351685256409,1.0,0.02390351685256409,0.021903516852564087,0.2311385952644586,6.417757872010351
2017-11-08,-0.00366558907936243,1.0,-0.00366558907936243,-0.00366558907936243,0.230291336153838,6.394233008840717
2017-11-09,0.002129722933036149,-1.0,-0.002129722933036149,-0.004129722933036149,0.22934029674164397,6.407850953518822
2017-11-10,-0.0005796881506614504,-1.0,0.0005796881506614504,0.0005796881506614504,0.2294732425941343,6.404136398249863
2017-11-13,0.010441173661247527,-1.0,-0.010441173661247527,-0.010441173661247527,0.22707727261759936,6.471003098534306
2017-11-14,0.010332857893041947,1.0,0.010332857893041947,0.008332857893041947,0.22896947526106134,6.537867053976894
2017-11-15,-0.006565598981882026,-1.0,0.006565598981882026,0.004565598981882026,0.2300148580641953,6.494942040703624
2017-11-16,-0.0004447691716220614,1.0,-0.0004447691716220614,-0.0024447691716220615,0.22945252483018494,6.492053290712446
2017-11-17,-0.007947316187735587,1.0,-0.007947316187735587,-0.007947316187735587,0.2276289930652852,6.440458890503526
2017-11-20,-0.0007686592567305306,1.0,-0.0007686592567305306,-0.0007686592567305306,0.2274540239326653,6.435508372159748
2017-11-21,0.001859545147177677,1.0,0.001859545147177677,0.001859545147177677,0.22787698495907532,6.447475490522819
2017-11-22,-0.00030275022856796063,1.0,-0.00030275022856796063,-0.00030275022856796063,0.22780799514979358,6.445523515844377
2017-11-24,0.005477678975282174,1.0,0.005477678975282174,0.005477678975282174,0.22905585421522678,6.480830024491804
2017-11-27,0.0062170329143407255,1.0,0.0062170329143407255,0.0062170329143407255,0.2304799020001053,6.5211215580663175
2017-11-28,0.005031504932048625,1.0,0.005031504932048625,0.005031504932048625,0.2316395627637569,6.553932613348217
2017-11-29,-0.00012636046908454102,1.0,-0.00012636046908454102,-0.00012636046908454102,0.23161029267994754,6.553104455348846
2017-11-30,0.0017108689002425237,1.0,0.0017108689002425237,0.0017108689002425237,0.23200654752666972,6.564315957961543
2017-12-01,-0.003606269512480109,1.0,-0.003606269512480109,-0.003606269512480109,0.2311698693876285,6.54064326545206
2017-12-04,-0.009525906678440332,-1.0,0.009525906678440332,0.007525906678440332,0.23290963225150704,6.478337708088394
2017-12-05,-0.002115813746651818,1.0,-0.002115813746651818,-0.004115813746651818,0.23195101958535866,6.464630752110168
2017-12-06,0.013749983546991862,1.0,0.013749983546991862,0.013749983546991862,0.23514034228836533,6.55351931858906
2017-12-07,0.002534907785145313,-1.0,-0.002534907785145313,-0.004534907785145313,0.2340740025195201,6.570131885729851
2017-12-08,0.005373551213340155,-1.0,-0.005373551213340155,-0.005373551213340155,0.23281619387926994,6.60543682589622
2017-12-11,0.0013836388681183198,1.0,0.0013836388681183198,-0.0006163611318816802,0.23267269502649013,6.61457636502943
2017-12-12,-0.013689223098056424,1.0,-0.013689223098056424,-0.013689223098056424,0.22948758659544646,6.524027953469411
2017-12-13,-0.0038200307924882715,1.0,-0.0038200307924882715,-0.0038200307924882715,0.22861093694815804,6.499105965796104
2017-12-14,0.009650200518671603,1.0,0.009650200518671603,0.009650200518671603,0.23081707833046916,6.561823641558131
2017-12-15,0.0028487747137422303,-1.0,-0.0028487747137422303,-0.00484877471374223,0.22969789831756052,6.580516798824237
2017-12-18,-0.013128740491830326,1.0,-0.013128740491830326,-0.015128740491830326,0.2262228584223953,6.494122901470344
2017-12-19,-0.014391157257598763,1.0,-0.014391157257598763,-0.014391157257598763,0.2229672496915751,6.400664957545111
2017-12-20,-0.002984827931304501,-1.0,0.002984827931304501,0.0009848279313045012,0.2231868340668375,6.381560074000908
2017-12-21,0.0054674500846323415,-1.0,-0.0054674500846323415,-0.0054674500846323415,0.22196657119202995,6.416450935167591
2017-12-22,0.00038787599970357967,1.0,0.00038787599970357967,-0.0016121240002964204,0.22160873355534777,6.418939722488618
2017-12-26,-0.0034941120930804814,1.0,-0.0034941120930804814,-0.0034941120930804814,0.22083440779949978,6.396511227579516
2017-12-27,0.008376762882934985,1.0,0.008376762882934985,0.008376762882934985,0.22268428527002956,6.450093285410982
2017-12-28,0.0068261983371544765,-1.0,-0.0068261983371544765,-0.008826198337154477,0.2207188296016688,6.494122901470345
2017-12-29,-0.0010235147548609547,-1.0,0.0010235147548609547,0.0010235147548609547,0.22094473858044175,6.48747607086081
2018-01-02,-0.007042959252948178,-1.0,0.007042959252948178,0.007042959252948178,0.2225008433714171,6.44178504123926
2018-01-03,-0.021213732458774115,-1.0,0.021213732458774115,0.021213732458774115,0.22722091673454992,6.305130736817477
2018-01-04,-0.005137943867204564,1.0,-0.005137943867204564,-0.007137943867204564,0.22559902658544392,6.272735329016323
2018-01-05,0.004568990823761165,-1.0,-0.004568990823761165,-0.006568990823761165,0.2241170686499547,6.30139539917448
2018-01-08,0.008239360430435383,-1.0,-0.008239360430435383,-0.008239360430435383,0.2222704873427351,6.353314867082966
2018-01-09,-0.007322157461842949,-1.0,0.007322157461842949,0.007322157461842949,0.22389798685017917,6.306794895221517
2018-01-10,-0.008232368563006243,-1.0,0.008232368563006243,0.008232368563006243,0.225741197598445,6.254875035192767
2018-01-11,-0.0005973135933979856,1.0,-0.0005973135933979856,-0.0025973135933979857,0.2251548769173326,6.251138913309241
2018-01-12,-0.0011967211921897203,1.0,-0.0011967211921897203,-0.0011967211921897203,0.22488542930460076,6.243658042896362
2018-01-16,0.0014640000190921931,1.0,0.0014640000190921931,0.0014640000190921931,0.22521466157739625,6.252798758390368
2018-01-17,0.00890115937257474,-1.0,-0.00890115937257474,-0.01090115937257474,0.22275956065850058,6.308455916663438
2018-01-18,-0.00724257437066389,-1.0,0.00724257437066389,0.00724257437066389,0.2243729133433462,6.262766455522948
2018-01-19,-0.00411193782442465,-1.0,0.00411193782442465,0.00411193782442465,0.22529552081249907,6.237014349248946
2018-01-22,-0.0009322343931998933,-1.0,0.0009322343931998933,0.0009322343931998933,0.22550554904563436,6.231199989961694
2018-01-23,0.01799781172324555,1.0,0.01799781172324555,0.015997811723245547,0.22911314436181354,6.343347954190914
2018-01-24,-0.012244818229186105,1.0,-0.012244818229186105,-0.012244818229186105,0.22630769555518587,6.265674811527367
2018-01-25,0.01484896202894781,1.0,0.01484896202894781,0.01484896202894781,0.2296681299333435,6.358713578889471
2018-01-26,0.030047730567265507,-1.0,-0.030047730567265507,-0.03204773056726551,0.222307787585352,6.549778491262355
2018-01-29,-0.012746734306008034,1.0,-0.012746734306008034,-0.014746734306008034,0.21902947370767434,6.466290205071028
2018-01-30,-0.003725096614254686,1.0,-0.003725096614254686,-0.003725096614254686,0.2182135677567439,6.442202649321329
2018-01-31,0.021405611367599553,-1.0,-0.021405611367599553,-0.023405611367599555,0.2131061457946922,6.580101935584022
2018-02-01,-0.013129747010069748,1.0,-0.013129747010069748,-0.015129747010069748,0.20988190372252746,6.493706861869334
2018-02-02,-0.0026863322588487337,1.0,-0.0026863322588487337,-0.0026863322588487337,0.20931809119400904,6.476262607646786
2018-02-05,-0.010454521978703002,1.0,-0.010454521978703002,-0.010454521978703002,0.2071297706090811,6.408556377875291
2018-02-06,-0.030656333244897693,1.0,-0.030656333244897693,-0.030656333244897693,0.20077993133634991,6.212093537936432
2018-02-07,-0.009828739066387815,1.0,-0.009828739066387815,-0.009828739066387815,0.19880651778147768,6.15103649149606
2018-02-08,-0.018907657978554537,1.0,-0.018907657978554537,-0.018907657978554537,0.19504755213935807,6.034734797301245
2018-02-09,0.019340793150881552,-1.0,-0.019340793150881552,-0.021340793150881554,0.19088508267456625,6.151451354736276
2018-02-12,0.012828869050939051,1.0,0.012828869050939051,0.010828869050939051,0.1929521522386268,6.230367518639409
2018-02-13,0.007133839178496748,1.0,0.007133839178496748,0.007133839178496748,0.19432864186184198,6.274813958540312
2018-02-14,-0.006553633112904134,-1.0,0.006553633112904134,0.004553633112904134,0.19521354320020975,6.233691130004309
2018-02-15,0.028984809839296855,1.0,0.028984809839296855,0.026984809839296853,0.20048134354152278,6.414373482004396
2018-02-16,0.010490104063539007,-1.0,-0.010490104063539007,-0.012490104063539008,0.19797731069789104,6.481660927333027
2018-02-20,-0.01435445775496802,-1.0,0.01435445775496802,0.01435445775496802,0.20081916764074612,6.388620199369599
2018-02-21,-0.013328155491403315,1.0,-0.013328155491403315,-0.015328155491403315,0.19774098021349457,6.303471675976881
2018-02-22,0.0036242438968525637,1.0,0.0036242438968525637,0.0036242438968525637,0.19845764175419098,6.326316994727523
2018-02-23,0.025933681071085513,-1.0,-0.025933681071085513,-0.027933681071085514,0.19291398928330966,6.490381682023375
2018-02-26,-0.0032227490327765285,1.0,-0.0032227490327765285,-0.0052227490327765285,0.1919064479323712,6.469464810735284
2018-02-27,-0.019204330044685358,-1.0,0.019204330044685358,0.017204330044685356,0.19520806980030292,6.345223073297445
2018-02-28,0.0030984754566372175,-1.0,-0.0030984754566372175,-0.0030984754566372175,0.19460322238708916,6.3648835912569455
2018-03-01,0.007098338291450457,1.0,0.007098338291450457,0.005098338291450457,0.1955953754474249,6.4100636881733895
2018-03-02,-0.00247981487702964,1.0,-0.00247981487702964,-0.00247981487702964,0.19511033512551218,6.39416791687675
2018-03-05,0.014196907396675673,1.0,0.014196907396675673,0.014196907396675673,0.19788029848542343,6.484945326671443
2018-03-06,-0.011353564611866651,-1.0,0.011353564611866651,0.009353564611866651,0.19973118464272233,6.4113180809006565
2018-03-07,-0.0013700593141924289,1.0,-0.0013700593141924289,-0.003370059314192429,0.19905807870358244,6.402534194847668
2018-03-08,0.008232613624240104,-1.0,-0.008232613624240104,-0.010232613624240104,0.1970211942954251,6.455243785089834
2018-03-09,0.0032402914567539742,1.0,0.0032402914567539742,0.0012402914567539742,0.1972655579995092,6.4761606563779255
2018-03-12,-0.0027130464730305004,1.0,-0.0027130464730305004,-0.0027130464730305004,0.19673036737312824,6.45859053155036
2018-03-13,0.0018136180788190792,1.0,0.0018136180788190792,0.0018136180788190792,0.19708716112404887,6.47030394810207
2018-03-14,0.021594266707432253,1.0,0.021594266707432253,0.021594266707432253,0.20134311384597225,6.610025417235538
2018-03-15,0.0008226782031446334,1.0,0.0008226782031446334,0.0008226782031446334,0.2015087544370866,6.61546334106853
2018-03-16,0.01833808843408624,-1.0,-0.01833808843408624,-0.020338088434086243,0.19741045156910256,6.7367782928495
2018-03-19,-0.006892393815552955,1.0,-0.006892393815552955,-0.008892393815552955,0.19565500009044395,6.690345763807113
2018-03-20,0.0030637721051502975,1.0,0.0030637721051502975,0.0030637721051502975,0.19625444242195422,6.710843458532076
2018-03-21,-0.0021194036688026996,1.0,-0.0021194036688026996,-0.0021194036688026996,0.1958385000366663,6.696620472285303
2018-03-22,0.01130660916726911,1.0,0.01130660916726911,0.01130660916726911,0.1980527694164851,6.772336542706966
2018-03-23,-0.014824675020134848,-1.0,0.014824675020134848,0.012824675020134848,0.20059273182108925,6.671938854334352
2018-03-26,0.012163832545245779,1.0,0.012163832545245779,0.010163832545245778,0.2026315227571122,6.753095201310594
2018-03-27,0.007185692718615799,-1.0,-0.007185692718615799,-0.0091856927186158,0.20077021185396016,6.801620868326771
2018-03-28,-0.001968205241260179,1.0,-0.001968205241260179,-0.003968205241260179,0.19997351444699235,6.788233882484666
2018-03-29,0.006532493912178694,1.0,0.006532493912178694,0.006532493912178694,0.2012798402127143,6.832577978996442
2018-04-02,-0.005877977813104396,1.0,-0.005877977813104396,-0.005877977813104396,0.20009672177771878,6.792416237229595
2018-04-03,-0.002278568673242609,-1.0,0.002278568673242609,0.0002785686732426091,0.2001524624560246,6.776939250375819
2018-04-04,0.0020367060723003316,1.0,0.0020367060723003316,3.6706072300331585e-05,0.20015980926678262,6.79074188369867
2018-04-05,0.010287672808558579,1.0,0.010287672808558579,0.010287672808558579,0.20221898789394277,6.860602814325537
2018-04-06,-0.007621782367226659,1.0,-0.007621782367226659,-0.007621782367226659,0.2006777187776943,6.808312792766765
2018-04-09,-0.003809404671522798,-1.0,0.003809404671522798,0.001809404671522798,0.20104082597952122,6.782377174208811
2018-04-10,-0.0020356512430480533,1.0,-0.0020356512430480533,-0.004035651243048053,0.20022949532025355,6.768570619683312
2018-04-11,-0.0046970518031318464,1.0,-0.0046970518031318464,-0.0046970518031318464,0.1992890070082194,6.736778292849503
2018-04-12,-0.012232785429525772,1.0,-0.012232785429525772,-0.012232785429525772,0.19685114734702458,6.654368729506788
2018-04-13,0.007229486187100509,1.0,0.007229486187100509,0.007229486187100509,0.1982742799976848,6.702476396320631
2018-04-16,0.01185871802987326,-1.0,-0.01185871802987326,-0.013858718029873261,0.19552645265862073,6.781959174006479
2018-04-17,0.00678495872652074,1.0,0.00678495872652074,0.00478495872652074,0.19646203866453524,6.827974487087062
2018-04-18,-0.0022055985886374474,-1.0,0.0022055985886374474,0.00020559858863744736,0.19650243098240552,6.81291471619509
2018-04-19,-0.001964942524567803,-1.0,0.001964942524567803,0.001964942524567803,0.19688854696522382,6.799527730352985
2018-04-20,-0.010766294276480348,-1.0,0.010766294276480348,0.010766294276480348,0.19900830700152003,6.726322013866916
2018-04-23,0.002114293329459338,1.0,0.002114293329459338,0.00011429332945933797,0.1990310523235173,6.740543431632631
2018-04-24,0.00645468671011451,1.0,0.00645468671011451,0.00645468671011451,0.20031573541185002,6.78405152773974
2018-04-25,-0.011346315976016541,1.0,-0.011346315976016541,-0.011346315976016541,0.19804288978289905,6.707077535508427
2018-04-26,0.017962957896112908,-1.0,-0.017962957896112908,-0.01996295789611291,0.1940893679125385,6.827556486884729
2018-04-27,0.00459536452496212,-1.0,-0.00459536452496212,-0.00459536452496212,0.1931974565165609,6.858931597756735
2018-04-30,-0.00030482666613618203,1.0,-0.00030482666613618203,-0.002304826666136182,0.19275216986695184,6.856840812504535
2018-05-01,-0.004209857893277658,1.0,-0.004209857893277658,-0.004209857893277658,0.19194071062319107,6.827974487087064
2018-05-02,0.0014088357177641786,1.0,0.0014088357177641786,0.0014088357177641786,0.19221112355201006,6.837593981424455
2018-05-03,-0.0023858935677217863,1.0,-0.0023858935677217863,-0.0023858935677217863,0.19175252826868275,6.821280209925481
2018-05-04,0.006317240028218096,1.0,0.006317240028218096,0.006317240028218096,0.1929638750157737,6.864371874311314
2018-05-07,-0.004509824239785409,1.0,-0.004509824239785409,-0.004509824239785409,0.19209364185482464,6.833414763641644
2018-05-08,-0.021059132140697545,1.0,-0.021059132140697545,-0.021059132140697545,0.18804831646761605,6.68950897916192
2018-05-09,-0.01013092737094834,-1.0,0.01013092737094834,0.00813092737094834,0.18957732367104335,6.621738049546725
2018-05-10,0.012255930713125807,-1.0,-0.012255930713125807,-0.012255930713125807,0.18725387712735123,6.7028936122824385
2018-05-11,0.0031831100246204613,1.0,0.0031831100246204613,0.0011831100246204613,0.18747541906652965,6.724229660133659
2018-05-14,-0.0033593832095918374,1.0,-0.0033593832095918374,-0.0033593832095918374,0.18684561729150637,6.701640395915967
2018-05-15,-0.00842688378492773,1.0,-0.00842688378492773,-0.00842688378492773,0.18527109098886776,6.645166451131206
2018-05-16,-0.010576183430032304,1.0,-0.010576183430032304,-0.010576183430032304,0.1833116299462873,6.574885951820946
2018-05-17,-0.004772141671006369,1.0,-0.004772141671006369,-0.004772141671006369,0.18243684087824052,6.5435096645881465
2018-05-18,0.00019170029411830214,-1.0,-0.00019170029411830214,-0.002191700294118302,0.18203699400042966,6.544764057315414
2018-05-21,0.024097482754773747,-1.0,-0.024097482754773747,-0.024097482754773747,0.17765036067677345,6.702476396320636
2018-05-22,-0.004930699336742506,1.0,-0.004930699336742506,-0.006930699336742506,0.17641911943985886,6.669428500398765
2018-05-23,0.005331175997126181,1.0,0.005331175997126181,0.005331175997126181,0.17735964081485078,6.70498439753464
2018-05-24,0.005739882074746294,-1.0,-0.005739882074746294,-0.007739882074746294,0.17598689811012447,6.743470217289503
2018-05-25,0.007568678479965785,1.0,0.007568678479965785,0.005568678479965785,0.17696691256238625,6.7945093752033925
2018-05-29,0.008065391107466846,-1.0,-0.008065391107466846,-0.010065391107466846,0.17518567137436494,6.849309750697758
2018-05-30,0.009405766294525053,-1.0,-0.009405766294525053,-0.009405766294525053,0.17353791589126819,6.9137327574916325
2018-05-31,0.003267076777325073,1.0,0.003267076777325073,0.001267076777325073,0.1737578017544794,6.936320453228265
2018-06-01,-0.01646433306341455,1.0,-0.01646433306341455,-0.01646433306341455,0.1708969954340269,6.82211856305174
2018-06-04,-0.004939181031227369,1.0,-0.004939181031227369,-0.004939181031227369,0.1700529042358854,6.788422884452331
2018-06-05,-0.011602178222923198,1.0,-0.011602178222923198,-0.011602178222923198,0.16807992013361497,6.709662392294344
2018-06-06,-0.01989996514570891,1.0,-0.01989996514570891,-0.01989996514570891,0.1647351355812625,6.576140344548213
2018-06-07,0.0016011832048028474,1.0,0.0016011832048028474,0.0016011832048028474,0.16499890671359613,6.58666995002033
2018-06-08,0.002685625592645069,1.0,0.002685625592645069,0.002685625592645069,0.16544203200022461,6.604359279408411
2018-06-11,-0.008928325454939268,1.0,-0.008928325454939268,-0.008928325454939268,0.16396491169460015,6.5453934103405045
2018-06-12,0.012934278542977129,1.0,0.012934278542977129,0.012934278542977129,0.16608567953373277,6.630053351883215
2018-06-13,-0.0017153792825190806,1.0,-0.0017153792825190806,-0.0017153792825190806,0.1658007795999375,6.618680295721399
2018-06-14,0.010691377143835501,1.0,0.010691377143835501,0.010691377143835501,0.16757341826538238,6.689443102957429
2018-06-15,0.004533029708894798,-1.0,-0.004533029708894798,-0.006533029708894798,0.16647865614543358,6.719766547279097
2018-06-18,0.005453345287192546,-1.0,-0.005453345287192546,-0.005453345287192546,0.16557079055052473,6.756411754510736
2018-06-19,0.01614640771591791,-1.0,-0.01614640771591791,-0.01614640771591791,0.1628974170604491,6.865503533395686
2018-06-20,-0.0018410309682038717,-1.0,0.0018410309682038717,0.0018410309682038717,0.1631973162498978,6.852863928778391
2018-06-21,0.004118574761876381,1.0,0.004118574761876381,0.0021185747618763812,0.1635430619653108,6.881087961202031
2018-06-22,0.005692366921861591,-1.0,-0.005692366921861591,-0.007692366921861591,0.16228502872514888,6.920257638698797
2018-06-25,0.012781624795221047,-1.0,-0.012781624795221047,-0.012781624795221047,0.16021076237810236,7.008709775322908
2018-06-26,0.002223580131855085,-1.0,-0.002223580131855085,-0.002223580131855085,0.15985452090996904,7.024294203129254
2018-06-27,0.007855027866502828,-1.0,-0.007855027866502828,-0.007855027866502828,0.15859885919363478,7.079470229837349
2018-06-28,-0.007556080440297652,1.0,-0.007556080440297652,-0.009556080440297652,0.15708327573744096,7.025977183306005
2018-06-29,0.0013186802883415893,-1.0,-0.0013186802883415893,-0.0033186802883415894,0.156561966566623,7.035242200923968
2018-07-02,0.011854387989616466,1.0,0.011854387989616466,0.009854387989616466,0.15810478892958785,7.118640691574645
2018-07-03,-0.0026624101008315693,-1.0,0.0026624101008315693,0.0006624101008315692,0.15820951913876466,7.099687950693205
2018-07-05,-0.00011896678507006264,-1.0,0.00011896678507006264,0.00011896678507006264,0.15822834081662407,7.09884332364271
2018-07-06,0.010502139336954652,-1.0,-0.010502139336954652,-0.010502139336954652,0.15656660473431275,7.173396365358816
2018-07-09,-0.029299544524974186,-1.0,0.029299544524974186,0.029299544524974186,0.16115393494084979,6.9632191191566974
2018-07-10,0.012823838179655045,1.0,0.012823838179655045,0.010823838179655045,0.1628982390546642,7.052514314350243
2018-07-11,0.005792859728260158,1.0,0.005792859728260158,0.005792859728260158,0.16384188570348845,7.093368540504821
2018-07-12,0.00047518548873282107,1.0,0.00047518548873282107,0.00047518548873282107,0.16391974099002138,7.096739206301503
2018-07-13,0.006112924840651512,-1.0,-0.006112924840651512,-0.008112924840651512,0.16258987245147027,7.140121039683329
2018-07-16,-0.00011763408528353558,1.0,-0.00011763408528353558,-0.0021176340852835356,0.16224556659564512,7.1392811180760125
2018-07-17,0.004188639604421729,1.0,0.004188639604421729,0.004188639604421729,0.1629251548015295,7.1691849937142855
2018-07-18,-0.004641218942404213,-1.0,0.004641218942404213,0.0026412189424042127,0.16335547580658547,7.135911236519859
2018-07-19,0.004899146468412052,-1.0,-0.004899146468412052,-0.004899146468412052,0.16255517340419187,7.170871110853157
2018-07-20,-0.0016449552118537047,1.0,-0.0016449552118537047,-0.003644955211853705,0.16196266707767848,7.159075349045827
2018-07-23,-0.006706889380307501,1.0,-0.006706889380307501,-0.006706889380307501,0.1608764013858489,7.1110602226144906
2018-07-24,0.0081738544296035,1.0,0.0081738544296035,0.0081738544296035,0.1621913816719353,7.1691849937142855
2018-07-25,-0.014452778539864708,-1.0,0.014452778539864708,0.012452778539864708,0.1642111150289706,7.0655703506888115
2018-07-26,0.0024441022602619267,-1.0,-0.0024441022602619267,-0.0024441022602619267,0.16380976627156815,7.0828393271529695
2018-07-27,-0.007016914092434434,1.0,-0.007016914092434434,-0.009016914092434434,0.16233270768159566,7.033139652063821
2018-07-30,-0.004491591855121935,1.0,-0.004491591855121935,-0.004491591855121935,0.16160357541395312,7.001549659286676
2018-07-31,0.00788020890679908,1.0,0.00788020890679908,0.00788020890679908,0.16287704534830072,7.056723333273182
2018-08-01,0.0021488832941660707,1.0,0.0021488832941660707,0.0021488832941660707,0.1632270491100528,7.071887408155605
2018-08-02,0.009231829050585949,-1.0,-0.009231829050585949,-0.011231829050585949,0.1613937107980171,7.137173863772689
2018-08-03,0.010032474260901258,1.0,0.010032474260901258,0.008032474260901258,0.1626901016258735,7.208777376856565
2018-08-06,-0.0008180983369431294,1.0,-0.0008180983369431294,-0.0008180983369431294,0.16255700512429627,7.2028798880731655
2018-08-07,-0.0022219974480999216,-1.0,0.0022219974480999216,0.00022199744809992157,0.16259309236460462,7.186875107342897
2018-08-08,-0.0032233315121003026,-1.0,0.0032233315121003026,0.0032233315121003026,0.16311718380287327,7.16370942633587
2018-08-09,0.004527410230703577,-1.0,-0.004527410230703577,-0.004527410230703577,0.16237868539612058,7.19614247768245
2018-08-10,0.0004681810186599744,-1.0,-0.0004681810186599744,-0.0004681810186599744,0.16230266277778316,7.199511574998073
2018-08-13,0.0021647596346672238,1.0,0.0021647596346672238,0.00016475963466722372,0.16232940370520793,7.215096787044948
2018-08-14,0.0037360435047113505,-1.0,-0.0037360435047113505,-0.0057360435047113505,0.161398275183461,7.242052702532051
2018-08-15,0.004827451554115791,1.0,0.004827451554115791,0.0028274515541157914,0.1618546209874601,7.277013361105878
2018-08-16,0.011691488511010428,1.0,0.011691488511010428,0.011691488511010428,0.16374694242918894,7.362092479211716
2018-08-17,0.0021739445375701383,1.0,0.0021739445375701383,0.0021739445375701383,0.16410291920022668,7.378097259941985
2018-08-20,-0.004966436903589666,1.0,-0.004966436903589666,-0.004966436903589666,0.16328791240632387,7.341454405431935
2018-08-21,-0.009581542079735716,1.0,-0.009581542079735716,-0.009581542079735716,0.16172336240249047,7.271111951119828
2018-08-22,-0.005328892212323466,1.0,-0.005328892212323466,-0.005328892212323466,0.16086155603603308,7.232364979268573
2018-08-23,-0.00046626992517773136,1.0,-0.00046626992517773136,-0.00046626992517773136,0.16078655113033619,7.2289927449908316
2018-08-24,0.006234658801326898,-1.0,-0.006234658801326898,-0.008234658801326898,0.15946252874193576,7.274063048233117
2018-08-27,-0.007180040399788812,1.0,-0.007180040399788812,-0.009180040399788812,0.1579986562858323,7.221834981676192
2018-08-28,-0.005249058526074046,1.0,-0.005249058526074046,-0.005249058526074046,0.1571693120919469,7.183927147191725
2018-08-29,0.006373328914293985,-1.0,-0.006373328914293985,-0.008373328914293985,0.1558532817465677,7.229712677797104
2018-08-30,0.0017596757215516678,-1.0,-0.0017596757215516678,-0.0017596757215516678,0.1555790305105541,7.2424346276700176
2018-08-31,-0.0042736486523069495,1.0,-0.0042736486523069495,-0.0062736486523069495,0.15460298233546435,7.2114830066840545
2018-09-04,-0.00041150567250347603,1.0,-0.00041150567250347603,-0.00041150567250347603,0.15453936233124735,7.208515440519641
2018-09-05,0.009351356085344209,1.0,0.009351356085344209,0.009351356085344209,0.15598451493760887,7.275924835250643
2018-09-06,0.012819059095656504,1.0,0.012819059095656504,0.012819059095656504,0.15798408965260138,7.369195345689276
2018-09-07,-0.009895280218879199,-1.0,0.009895280218879199,0.007895280218879199,0.1592314183105332,7.29627509275602
2018-09-10,-0.0004071533883750478,-1.0,0.0004071533883750478,0.0004071533883750478,0.1592962499220341,7.293304389629488
2018-09-11,0.0006976470862749551,-1.0,-0.0006976470862749551,-0.0006976470862749551,0.15918511735742147,7.298392542186229
2018-09-12,0.002033027236655105,-1.0,-0.002033027236655105,-0.002033027236655105,0.1588614896781637,7.313230373008294
2018-09-13,0.01217416518761616,-1.0,-0.01217416518761616,-0.01217416518761616,0.15692748366087095,7.402262847624389
2018-09-14,-0.0054409654821403475,-1.0,0.0054409654821403475,0.0054409654821403475,0.1577813206826689,7.361987390980735
2018-09-17,0.0012093857624200233,1.0,0.0012093857624200233,-0.0007906142375799768,0.157656576524113,7.370890873714503
2018-09-18,-0.002416062624411297,1.0,-0.002416062624411297,-0.002416062624411297,0.15727566836208046,7.353082339765907
2018-09-19,-0.0246192028523724,1.0,-0.0246192028523724,-0.0246192028523724,0.15340366677893194,7.172055314053012
2018-09-20,0.0005911282216815028,-1.0,-0.0005911282216815028,-0.002591128221681503,0.15300617820863163,7.17629491835661
2018-09-21,0.008802781884963196,1.0,0.008802781884963196,0.0068027818849631955,0.15404704586603676,7.239466277265072
2018-09-24,-0.01141977391625193,1.0,-0.01141977391625193,-0.01141977391625193,0.15228786342978012,7.156793209104375
2018-09-25,-0.011610755177402732,1.0,-0.011610755177402732,-0.011610755177402732,0.1505196863310072,7.073697435298166
2018-09-26,-0.014384233984633399,1.0,-0.014384233984633399,-0.014384233984633399,0.14835457594352838,6.971947716252336
2018-09-27,0.006932459308780947,1.0,0.006932459308780947,0.006932459308780947,0.14938303800452835,7.020280460098204
2018-09-28,0.012138374271771779,1.0,0.012138374271771779,0.012138374271771779,0.1511963052296816,7.1054952518156815
2018-10-01,-0.003639593693490095,1.0,-0.003639593693490095,-0.003639593693490095,0.15064601211068865,7.07963413610805
2018-10-02,0.01407241705673945,1.0,0.01407241705673945,0.01407241705673945,0.15276596562104489,7.179261700280492
2018-10-03,-0.006495446513064218,1.0,-0.006495446513064218,-0.006495446513064218,0.15177368246233677,7.132629189903029
2018-10-04,0.006003001005722819,-1.0,-0.006003001005722819,-0.008003001005722819,0.15055903752894845,7.175446370103465
2018-10-05,0.018434462554871578,1.0,0.018434462554871578,0.016434462554871576,0.15303339439351546,7.3077218675276265
2018-10-08,0.0055113559839519155,-1.0,-0.0055113559839519155,-0.0075113559839519155,0.15188390609079325,7.347997324171281
2018-10-09,0.0023652096771560327,1.0,0.0023652096771560327,0.00036520967715603266,0.15193937556310186,7.365376878550128
2018-10-10,-0.005640493148654557,1.0,-0.005640493148654557,-0.005640493148654557,0.15108236255622734,7.3238325207294075
2018-10-11,-0.021186543221272003,-1.0,0.021186543221272003,0.019186543221272,0.15398111083538427,7.1686658264836165
2018-10-12,0.0015967789612010286,1.0,0.0015967789612010286,-0.00040322103879897146,0.1539190224119178,7.180112601255226
2018-10-15,0.0016532142762741842,1.0,0.0016532142762741842,0.0016532142762741842,0.15417348353715934,7.191982865912878
2018-10-16,0.009726590331704532,1.0,0.009726590331704532,0.009726590331704532,0.1556730658515371,7.2619363369222505
2018-10-17,-0.0027443259505868234,1.0,-0.0027443259505868234,-0.0027443259505868234,0.15524584821711332,7.242007216581325
2018-10-18,0.0043909628984859506,-1.0,-0.0043909628984859506,-0.006390962898485951,0.15425367776101376,7.273806601579902
2018-10-19,0.011016101509341958,1.0,0.011016101509341958,0.009016101509341958,0.1556444445778964,7.353935593462228
2018-10-22,-0.004612492312423999,1.0,-0.004612492312423999,-0.004612492312423999,0.15492653577380933,7.320015622071322
2018-10-23,-0.011756940379955116,1.0,-0.011756940379955116,-0.011756940379955116,0.15310507372944368,7.23395463482229
2018-10-24,0.029127335593847947,1.0,0.029127335593847947,0.029127335593847947,0.15756461659308202,7.4446604591414305
2018-10-25,-0.013667792147924684,1.0,-0.013667792147924684,-0.013667792147924684,0.15541105616362033,7.3429083873740115
2018-10-26,-0.019110480929249607,-1.0,0.019110480929249607,0.017110480929249605,0.15807021407630248,7.202581876671873
2018-10-29,0.01701093917356955,-1.0,-0.01701093917356955,-0.01701093917356955,0.15538129127949737,7.325104558868593
2018-10-30,0.004456456803684672,1.0,0.004456456803684672,0.002456456803684672,0.15576297870962622,7.357748570917664
2018-10-31,-0.006050519052164249,-1.0,0.006050519052164249,0.004050519052164249,0.1563938996225114,7.313230373008293
2018-11-01,-0.01176795575963252,1.0,-0.01176795575963252,-0.01376795575963252,0.15424067533143226,7.22716860151873
2018-11-02,-0.013609245293255912,-1.0,0.013609245293255912,0.011609245293255912,0.1560312931655523,7.128812291244944
2018-11-05,0.015224281755812141,-1.0,-0.015224281755812141,-0.015224281755812141,0.1536558287956762,7.237343338151153
2018-11-06,0.004393900876786372,1.0,0.004393900876786372,0.002393900876786372,0.15402366561895353,7.26914350739026
2018-11-07,0.012130836227291608,1.0,0.012130836227291608,0.012130836227291608,0.15589210148170418,7.3573242967910915
2018-11-08,0.002420304549481722,1.0,0.002420304549481722,0.002420304549481722,0.1562694078441486,7.375131262258627
2018-11-09,0.014945816589874594,1.0,0.014945816589874594,0.014945816589874594,0.15860498175239557,7.485358621430595
2018-11-12,0.010931380617331676,1.0,0.010931380617331676,0.010931380617331676,0.16033875317573595,7.567183925578678
2018-11-13,0.0009524243812351063,1.0,0.0009524243812351063,0.0009524243812351063,0.16049146371351736,7.574391096046689
2018-11-14,-0.010299070742629368,1.0,-0.010299070742629368,-0.010299070742629368,0.1588385507751437,7.496381906316162
2018-11-15,0.013346892945218292,-1.0,-0.013346892945218292,-0.015346892945218292,0.15640087254082394,7.596435313096236
2018-11-16,0.006753208300456448,1.0,0.006753208300456448,0.004753208300456448,0.15714427846638362,7.6477356231065174
2018-11-19,0.008980213136626558,1.0,0.008980213136626558,0.008980213136626558,0.15855546758021313,7.7164139190145855
2018-11-20,-0.017801284760186276,-1.0,0.017801284760186276,0.015801284760186274,0.16106084767373258,7.579051837514742
2018-11-21,-0.014487603879599686,1.0,-0.014487603879599686,-0.016487603879599688,0.15840534021677552,7.469249536709876
2018-11-23,0.0065274897098774876,1.0,0.0065274897098774876,0.0065274897098774876,0.15943932944503017,7.518004986201257
2018-11-26,-0.0016919889538782318,1.0,-0.0016919889538782318,-0.0016919889538782318,0.15916955986079542,7.505284604809403
2018-11-27,0.0054792353417105755,1.0,0.0054792353417105755,0.0054792353417105755,0.1600416873385092,7.546407825465671
2018-11-28,0.00028110999059705044,1.0,0.00028110999059705044,0.00028110999059705044,0.16008667665573206,7.54852919609853
2018-11-29,0.0010172179012482019,1.0,0.0010172179012482019,0.0010172179012482019,0.1602495196889776,7.556207695124896
2018-11-30,0.025914513904629954,1.0,0.025914513904629954,0.025914513904629954,0.1644023080951679,7.752023144506482
2018-12-03,0.004292469856603365,1.0,0.004292469856603365,0.004292469856603365,0.16510800004702242,7.785298470181967
2018-12-04,-0.0017533676727191638,1.0,-0.0017533676727191638,-0.0017533676727191638,0.16481850501723266,7.77164797952188
2018-12-06,0.0026898690747398923,-1.0,-0.0026898690747398923,-0.004689869074739892,0.16404552780760748,7.792552695081761
2018-12-07,0.0010949604445540384,-1.0,-0.0010949604445540384,-0.0010949604445540384,0.16386590444355215,7.801085232044978
2018-12-10,-0.001367304051587026,1.0,-0.001367304051587026,-0.003367304051587026,0.1633141181196024,7.790418776600427
2018-12-11,0.0020262316872314834,-1.0,-0.0020262316872314834,-0.004026231687231483,0.162656577642257,7.806203969982378
2018-12-12,-0.009126629434130895,-1.0,0.009126629434130895,0.009126629434130895,0.1641410839514218,7.734959639061107
2018-12-13,0.0049087528594258245,1.0,0.0049087528594258245,0.0029087528594258245,0.16461852979871475,7.772928644306892
2018-12-14,-0.005269180194258927,1.0,-0.005269180194258927,-0.005269180194258927,0.16375112510189133,7.731971682642922
2018-12-17,-0.030843323341972262,1.0,-0.030843323341972262,-0.030843323341972262,0.15870049620276194,7.493491979964193
2018-12-18,0.0019931776704655846,1.0,0.0019931776704655846,0.0019931776704655846,0.1590168144880851,7.5084278408524705
2018-12-19,-0.008409111252719481,1.0,-0.008409111252719481,-0.008409111252719481,0.15767962440400174,7.445288635805726
2018-12-20,0.0022346565259712126,1.0,0.0022346565259712126,0.0022346565259712126,0.15803198420568884,7.461926298643468
2018-12-21,-0.004574010882364421,1.0,-0.004574010882364421,-0.004574010882364421,0.1573091441901704,7.427795366550072
2018-12-24,-0.03463317637884378,1.0,-0.03463317637884378,-0.03463317637884378,0.15186102885342725,7.1705472195143845
2018-12-26,0.013446019112790975,-1.0,-0.013446019112790975,-0.015446019112790975,0.1495153804992691,7.266962534477145
2018-12-27,0.01068448244714526,1.0,0.01068448244714526,0.00868448244714526,0.15081384419679325,7.344606268120828
2018-12-28,0.003252877366715534,1.0,0.003252877366715534,0.003252877366715534,0.15130442313716835,7.368497371617836
2018-12-31,0.006369076273206042,1.0,0.006369076273206042,0.006369076273206042,0.1522680925486024,7.415427893396588
2019-01-02,-0.02295518834276533,1.0,-0.02295518834276533,-0.02295518834276533,0.1487727498055556,7.245205349461473
2019-01-03,-0.0024732372650578816,-1.0,0.0024732372650578816,0.0004732372650578815,0.14884315461478875,7.227286237598189
2019-01-04,0.018416932066647407,1.0,0.018416932066647407,0.016416932066647405,0.15128670257268523,7.3603906772622505
2019-01-07,-0.0014488500937736015,1.0,-0.0014488500937736015,-0.0014488500937736015,0.1510675108194761,7.349726574539289
2019-01-08,0.007313555082836043,-1.0,-0.007313555082836043,-0.009313555082836043,0.14966053523623196,7.403479204685966
2019-01-09,-0.004321994695728915,1.0,-0.004321994695728915,-0.006321994695728915,0.14871438212630855,7.371481406833373
2019-01-10,0.015047583301097678,-1.0,-0.015047583301097678,-0.01704758330109768,0.14617916130893904,7.482404387355191
2019-01-11,0.001824450296175728,1.0,0.001824450296175728,-0.00017554970382427197,0.14615349960046597,7.496055662255808
2019-01-14,-0.025496729931683948,1.0,-0.025496729931683948,-0.025496729931683948,0.14242706329258242,7.304930755482401
2019-01-15,0.020381965796697266,1.0,0.020381965796697266,0.020381965796697266,0.1453300068251359,7.453819604287885
2019-01-16,-0.00022894401571804668,-1.0,0.00022894401571804668,-0.0017710559842819534,0.1450726192468525,7.452113096895241
2019-01-17,0.004636967497764433,1.0,0.004636967497764433,0.0026369674977644326,0.145455171028622,7.486668303115208
2019-01-18,0.003419092425798853,1.0,0.003419092425798853,0.003419092425798853,0.14595249570217922,7.512265914004858
2019-01-22,0.007326104837513281,1.0,0.007326104837513281,0.007326104837513281,0.1470217589869901,7.567301561658135
2019-01-23,0.011274912661243697,-1.0,-0.011274912661243697,-0.013274912661243697,0.14507005797713537,7.652622225847123
2019-01-24,0.005017419546046398,1.0,0.005017419546046398,0.0030174195460463977,0.14550779520562165,7.691018642181597
2019-01-25,-0.033725524025580156,-1.0,0.033725524025580156,0.031725524025580154,0.15012410625832678,7.431635008183517
2019-01-28,-0.009930754027529298,1.0,-0.009930754027529298,-0.011930754027529298,0.14833301247295602,7.357833268894871
2019-01-29,0.0022607913590466655,1.0,0.0022607913590466655,0.0022607913590466655,0.14866836246581625,7.374467794770495
2019-01-30,0.0042234001508403285,1.0,0.0042234001508403285,0.0042234001508403285,0.14929624845027956,7.405613123167296
2019-01-31,0.031050070962332255,1.0,0.031050070962332255,0.031050070962332255,0.1539319075590707,7.635557936161219
2019-02-01,-0.006481143397685685,1.0,-0.006481143397685685,-0.006481143397685685,0.1529342527927011,7.586070790255621
2019-02-04,0.001574565784874693,1.0,0.001574565784874693,0.001574565784874693,0.15317505783448385,7.5980155577635955
2019-02-05,0.00039315162688802197,-1.0,-0.00039315162688802197,-0.002393151626888022,0.15280848669562858,7.601002729941251
2019-02-06,-0.0003929971194311932,-1.0,0.0003929971194311932,0.0003929971194311932,0.1528685399907246,7.5980155577635955
2019-02-07,0.018248366547368944,1.0,0.018248366547368944,0.016248366547368942,0.15535240406205503,7.736666930694278
2019-02-08,0.009153110473199,1.0,0.009153110473199,0.009153110473199,0.15677436177871207,7.807481497805268
2019-02-11,0.0,1.0,0.0,0.0,0.15677436177871207,7.807481497805268
2019-02-12,0.0014208272278108947,1.0,0.0014208272278108947,0.0014208272278108947,0.15699711106054995,7.818574580097979
2019-02-13,-0.0022914630688272153,1.0,-0.0022914630688272153,-0.0022914630688272153,0.15663735797864214,7.800658605196814
2019-02-14,-0.0013126876991601533,1.0,-0.0013126876991601533,-0.0013126876991601533,0.15643174204559462,7.790418776600424
2019-02-15,0.007831111656056766,1.0,0.007831111656056766,0.007831111656056766,0.15765677648410514,7.851426415887423
2019-02-19,0.007226287601372228,-1.0,-0.007226287601372228,-0.009226287601372228,0.15620218972195754,7.908163081249637
2019-02-20,0.001456785003424832,-1.0,-0.001456785003424832,-0.001456785003424832,0.15597463671446848,7.91968357463104
2019-02-21,0.004955865397955117,-1.0,-0.004955865397955117,-0.004955865397955117,0.15520164740941664,7.958932460421307
2019-02-22,0.008415458074652049,-1.0,-0.008415458074652049,-0.008415458074652049,0.15389555445252576,8.02591052286097
2019-02-25,-0.0013289048231526213,1.0,-0.0013289048231526213,-0.0033289048231526213,0.153383250799047,8.015244851656949
2019-02-26,0.0018630402692030312,1.0,0.0018630402692030312,0.0018630402692030312,0.15366900997190688,8.030177575583108
2019-02-27,-0.0009093277830254376,-1.0,0.0009093277830254376,-0.0010906722169745624,0.15350140745212054,8.022875512011003
2019-02-28,0.004871203380683475,1.0,0.004871203380683475,0.0028712033806834753,0.15394214121213673,8.061956570327913
2019-03-01,-0.0008521438909162571,-1.0,0.0008521438909162571,-0.001147856109083743,0.15376543778490095,8.055086623287677
2019-03-04,0.003625576539592279,1.0,0.003625576539592279,0.001625576539592279,0.1540153952731642,8.084290956373453
2019-03-05,0.0004248948409519837,1.0,0.0004248948409519837,0.0004248948409519837,0.15408083562004296,8.08772592989357
2019-03-06,-0.003982618515433134,1.0,-0.003982618515433134,-0.003982618515433134,0.15346719043122917,8.055515602857428
2019-03-07,0.0019191488570438064,-1.0,-0.0019191488570438064,-0.0039191488570438065,0.1528657296672569,8.07097533641955
2019-03-08,0.0040972830466909915,1.0,0.0040972830466909915,0.0020972830466909915,0.15318633237050808,8.104044406835724
2019-03-11,0.004239752938490771,-1.0,-0.004239752938490771,-0.006239752938490771,0.15223048750296259,8.138403552923267
2019-03-12,0.007335050970697754,-1.0,-0.007335050970697754,-0.007335050970697754,0.1511138691178342,8.198099157804066
2019-03-13,0.00041890067605732106,1.0,0.00041890067605732106,-0.001581099323942679,0.15087494308153362,8.201533347083656
2019-03-14,5.240042222509622e-05,1.0,5.240042222509622e-05,5.240042222509622e-05,0.1508828489922543,8.201963110893937
2019-03-15,0.0013614790448974734,-1.0,-0.0013614790448974734,-0.0033614790448974734,0.1503756594571324,8.213129911796441
2019-03-18,-0.0019347412963854893,-1.0,0.0019347412963854893,0.0019347412963854893,0.15066659745545533,8.19723963018351
2019-03-19,-0.012416986017448894,-1.0,0.012416986017448894,0.012416986017448894,0.15253742248935634,8.095454620313843
2019-03-20,0.007267888495493535,1.0,0.007267888495493535,0.005267888495493535,0.15334097262242025,8.154291481814612
2019-03-21,0.010744692187458549,1.0,0.010744692187458549,0.010744692187458549,0.15498857417297365,8.241906833793525
2019-03-22,0.010525517507544713,1.0,0.010525517507544713,0.010525517507544713,0.15661990912390067,8.32865716846817
2019-03-25,-0.0016502779794669298,1.0,-0.0016502779794669298,-0.0016502779794669298,0.1563614427367274,8.314912568944518
2019-03-26,0.0071794367801640835,-1.0,-0.0071794367801640835,-0.009179436780164084,0.15492613275827036,8.374608958065847
2019-03-27,-0.005538354523799582,1.0,-0.005538354523799582,-0.007538354523799582,0.15375824464453727,8.328227404657891
2019-03-28,-0.010313592538091054,-1.0,0.010313592538091054,0.008313592538091054,0.15503652803988408,8.242333460641687
2019-03-29,0.007294892576144019,1.0,0.007294892576144019,0.005294892576144019,0.1558574298012336,8.302460397813826
2019-04-01,-0.014639131923535609,1.0,-0.014639131923535609,-0.014639131923535609,0.15357581232511014,8.1809195847603
2019-04-02,-0.005302231306545502,1.0,-0.005302231306545502,-0.005302231306545502,0.15276151784507178,8.137542456821652
2019-04-03,-0.0008967520805756024,1.0,-0.0008967520805756024,-0.0008967520805756024,0.1526245286361123,8.130245098692725
2019-04-04,-0.004807355626442633,1.0,-0.004807355626442633,-0.004807355626442633,0.15189080824964035,8.091160119173168
2019-04-05,0.008917542680217716,1.0,0.008917542680217716,0.008917542680217716,0.15324530101493927,8.16331338486837
2019-04-08,-0.007575897312338098,-1.0,0.007575897312338098,0.005575897312338098,0.15409978107699693,8.101468960936172
2019-04-09,0.005671935000765238,1.0,0.005671935000765238,0.003671935000765238,0.1546656254567438,8.147419966293318
2019-04-10,-0.005745442504666021,-1.0,0.005745442504666021,0.0037454425046660206,0.15524491666434026,8.100609433315611
2019-04-11,0.007528433115269628,-1.0,-0.007528433115269628,-0.007528433115269628,0.15407616569274718,8.16159432962725
2019-04-12,0.004262225708763001,1.0,0.004262225708763001,0.002262225708763001,0.15442472075588495,8.196380886803482
2019-04-15,0.001624190380563828,1.0,0.001624190380563828,0.001624190380563828,0.15467553590185792,8.209693369795264
2019-04-16,-0.008579109421019693,1.0,-0.008579109421019693,-0.008579109421019693,0.15334855755460103,8.13926151206277
2019-04-17,0.0006860318424763978,-1.0,-0.0006860318424763978,-0.002686031842476398,0.15293665844601154,8.144845304634288
2019-04-18,-0.0015293221500788379,1.0,-0.0015293221500788379,-0.003529322150078838,0.15239689570979897,8.132389212300945
2019-04-22,0.005386622106346772,1.0,0.005386622106346772,0.005386622106346772,0.153217800197168,8.176195319809342
2019-04-23,-0.0030989997527245405,-1.0,0.0030989997527245405,0.0010989997527245405,0.1533861865216977,8.150857292535024
2019-04-24,0.0014222606400866589,1.0,0.0014222606400866589,-0.0005777393599133412,0.1532975692844771,8.16244993604516
2019-04-25,0.002210010573500787,1.0,0.002210010573500787,0.002210010573500787,0.15363635853348775,8.18048903670949
2019-04-26,0.006457518322377842,1.0,0.006457518322377842,0.006457518322377842,0.15462846813370115,8.233314694550053
2019-04-29,0.00031299840662279976,1.0,0.00031299840662279976,0.00031299840662279976,0.15467686659784552,8.235891708930671
2019-04-30,0.013923213882039764,-1.0,-0.013923213882039764,-0.015923213882039766,0.1522139137684043,8.35056179070343
2019-05-01,-0.006017584588972946,1.0,-0.006017584588972946,-0.008017584588972946,0.15099352583914746,8.300311578762427
2019-05-02,-0.008019739443502982,1.0,-0.008019739443502982,-0.008019739443502982,0.14978259710426167,8.233745242600861
2019-05-03,0.003598912468371962,1.0,0.003598912468371962,0.003598912468371962,0.15032165156052532,8.263377771015856
2019-05-06,-0.007847741105213246,-1.0,0.007847741105213246,0.005847741105213246,0.15120069366135935,8.198528921614349
2019-05-07,-0.00602404798117484,1.0,-0.00602404798117484,-0.00802404798117484,0.14998745204063368,8.149140590015495
2019-05-08,-0.00985543046161319,1.0,-0.00985543046161319,-0.00985543046161319,0.14850926113693266,8.068827301608687
2019-05-09,0.0038856164253748826,1.0,0.0038856164253748826,0.0038856164253748826,0.14908631116132662,8.100179669505332
2019-05-10,0.016701241870583194,1.0,0.016701241870583194,0.016701241870583194,0.15157623770362497,8.23546272936092
2019-05-13,0.016530975760377764,1.0,0.016530975760377764,0.016530975760377764,0.15408194081495286,8.37160296411548
2019-05-14,-0.00015410139215854546,1.0,-0.00015410139215854546,-0.00015410139215854546,0.15405819657336678,8.370312888444111
2019-05-15,-0.00020500049423111122,1.0,-0.00020500049423111122,-0.00020500049423111122,0.1540266145669289,8.368596970165111
2019-05-16,0.011546574501237306,-1.0,-0.011546574501237306,-0.013546574501237306,0.15194008155752464,8.465225598551951
2019-05-17,0.00948734363086734,1.0,0.00948734363086734,0.00748734363086734,0.15307770915944785,8.54553810271823
2019-05-20,0.0018592993139681102,1.0,0.0018592993139681102,0.0018592993139681102,0.15336232643907183,8.561426815850101
2019-05-21,-0.0022570638127999976,-1.0,0.0022570638127999976,0.00025706381279999753,0.15340175034344616,8.54210312919811
2019-05-22,0.015233472619575972,1.0,0.015233472619575972,0.013233472619575972,0.15543178820641118,8.672229023330345
2019-05-23,0.007923405452859855,-1.0,-0.007923405452859855,-0.009923405452859855,0.15388937555177593,8.74094261006225
2019-05-24,-0.0007856812045353712,-1.0,0.0007856812045353712,0.0007856812045353712,0.15401028354172466,8.734075015743601
2019-05-28,-0.010817918853262332,1.0,-0.010817918853262332,-0.012817918853262332,0.15203619222471892,8.63959050096498
2019-05-29,-0.012178543723391111,1.0,-0.012178543723391111,-0.012178543723391111,0.15018461281017229,8.534372870296783
2019-05-30,0.0011069309443620945,-1.0,-0.0011069309443620945,-0.0031069309443620945,0.14971799958926532,8.54381983171764
2019-05-31,0.002630528913650565,-1.0,-0.002630528913650565,-0.002630528913650565,0.14932416206245183,8.566294596817993
2019-06-03,0.006911534283709386,-1.0,-0.006911534283709386,-0.006911534283709386,0.14829210299697101,8.625500835608255
2019-06-04,-0.0010018602469055171,1.0,-0.0010018602469055171,-0.003001860246905517,0.14784695082805438,8.616859289211408
2019-06-05,0.02643198588653428,1.0,0.02643198588653428,0.02643198588653428,0.15175483934570863,8.844619992330097
2019-06-06,0.005423506751186746,1.0,0.005423506751186746,0.005423506751186746,0.15257788274142534,8.892588848570181
2019-06-07,-0.006658195101572839,1.0,-0.006658195101572839,-0.006658195101572839,0.15156198942994803,8.83338025705833
2019-06-10,-0.004745547409263362,-1.0,0.004745547409263362,0.002745547409263362,0.15197811005737025,8.79146103226441
2019-06-11,-0.007128177218538978,-1.0,0.007128177218538978,0.007128177218538978,0.1530614369591978,8.72879394001655
2019-06-12,0.012774015608453038,1.0,0.012774015608453038,0.010774015608453038,0.15471052327004844,8.840295690049292
2019-06-13,0.0010757220116444088,-1.0,-0.0010757220116444088,-0.003075722011644409,0.15423467670819374,8.849805390712524
2019-06-14,0.010694972021493054,1.0,0.010694972021493054,0.008694972021493054,0.1555757429069155,8.944453811761852
2019-06-17,-0.0028511448638139925,1.0,-0.0028511448638139925,-0.0028511448638139925,0.1551321739265924,8.918951878216825
2019-06-18,-0.004603118425883013,-1.0,0.004603118425883013,0.0026031184258830126,0.155536001346988,8.877896886486642
2019-06-19,0.003991917228890474,1.0,0.003991917228890474,0.0019919172288904736,0.1558458161877838,8.913336716024121
2019-06-20,0.0006784528529817369,1.0,0.0006784528529817369,0.0006784528529817369,0.15595155022640167,8.919383994748694
2019-06-21,0.005669430689978938,1.0,0.005669430689978938,0.005669430689978938,0.156835706731405,8.969951824104228
2019-06-24,0.0031315583231537047,1.0,0.0031315583231537047,0.0031315583231537047,0.15732684689418744,8.99804175139729
2019-06-25,-0.00951011428522619,-1.0,0.00951011428522619,0.00751011428522619,0.15850838949449708,8.912469345998264
2019-06-26,-0.015274638238388594,-1.0,0.015274638238388594,0.015274638238388594,0.16092954780177512,8.776334600927413
2019-06-27,0.007287904578651583,-1.0,-0.007287904578651583,-0.007287904578651583,0.15975670861351024,8.84029569004929
2019-06-28,0.001515556230161197,-1.0,-0.001515556230161197,-0.001515556230161197,0.159514588338461,8.85369365525881
2019-07-01,-0.00410026544103359,-1.0,0.00410026544103359,0.00410026544103359,0.1601686404923659,8.817391161138655
2019-07-02,0.01784141433466191,1.0,0.01784141433466191,0.015841414334661907,0.16270593828982496,8.974705890195315
2019-07-03,0.005152563593723736,-1.0,-0.005152563593723736,-0.007152563593723736,0.1615421737191305,9.020948633029514
2019-07-05,-0.0029703246596932686,1.0,-0.0029703246596932686,-0.004970324659693269,0.16073925666951383,8.994153486851
2019-07-08,0.004901288873914611,-1.0,-0.004901288873914611,-0.006901288873914611,0.15962994862585922,9.038236431266382
2019-07-09,-0.004638073959808642,1.0,-0.004638073959808642,-0.006638073959808642,0.1585703132206803,8.996316422231931
2019-07-10,0.006341088696088182,-1.0,-0.006341088696088182,-0.008341088696088182,0.1572476641735401,9.053362862603379
2019-07-11,0.004391761516582271,1.0,0.004391761516582271,0.002391761516582271,0.15762376308528284,9.093123073219015
2019-07-12,-0.00793725539711121,-1.0,0.00793725539711121,0.005937255397111209,0.15855961562337392,9.02094863302951
2019-07-15,0.0005751651578578265,-1.0,-0.0005751651578578265,-0.0005751651578578265,0.15846841765702402,9.026137168374055
2019-07-16,-0.004644638699205728,1.0,-0.004644638699205728,-0.006644638699205728,0.15741545227645826,8.984214022377484
2019-07-17,0.009765237987412911,1.0,0.009765237987412911,0.009765237987412911,0.1589526516308341,9.071947010435853
2019-07-18,0.011671697292452432,1.0,0.011671697292452432,0.011671697292452432,0.16080789886450184,9.177832029794828
2019-07-19,-0.0123846133601212,1.0,-0.0123846133601212,-0.0123846133601212,0.1588163552118115,9.064168128621683
2019-07-22,-0.0017641623780390026,-1.0,0.0017641623780390026,-0.0002358376219609975,0.15877890034026984,9.048177464220949
2019-07-23,-0.009839477398185692,1.0,-0.009839477398185692,-0.011839477398185692,0.15689904113838243,8.959148126566973
2019-07-24,0.013314011404081505,1.0,0.013314011404081505,0.013314011404081505,0.1589879967613883,9.07843032689494
2019-07-25,-0.011568165697556143,1.0,-0.011568165697556143,-0.011568165697556143,0.15714879727093004,8.9734095405997
2019-07-26,0.007416952997968407,1.0,0.007416952997968407,0.007416952997968407,0.1583143625139758,9.03996489739385
2019-07-29,0.010565773615079266,1.0,0.010565773615079266,0.010565773615079266,0.15998707622831404,9.135479119987975
2019-07-30,-0.009414341689284789,-1.0,0.009414341689284789,0.007414341689284789,0.16117327507734042,9.049474598057081
2019-07-31,-0.01060259427963417,1.0,-0.01060259427963417,-0.01260259427963417,0.15914207368282082,8.953526690450026
2019-08-01,0.014915284582070809,1.0,0.014915284582070809,0.014915284582070809,0.161515723000781,9.087071089051255
2019-08-02,0.005469704793185093,-1.0,-0.005469704793185093,-0.007469704793185093,0.1603092482305073,9.136774685343052
2019-08-05,-0.0158935150712739,-1.0,0.0158935150712739,0.0158935150712739,0.16285712568332344,8.991559219178718
2019-08-06,0.016101966035277915,-1.0,-0.016101966035277915,-0.016101966035277915,0.16023480577696758,9.136341000330123
2019-08-07,0.0069536946255948084,-1.0,-0.0069536946255948084,-0.0069536946255948084,0.15912058186920305,9.19987232564172
2019-08-08,0.011039446823150945,-1.0,-0.011039446823150945,-0.011039446823150945,0.15736397866718915,9.301433826960421
2019-08-09,0.00585467565059794,-1.0,-0.00585467565059794,-0.00585467565059794,0.15644266361300516,9.355890705102775
2019-08-12,-0.004758139105241144,-1.0,0.004758139105241144,0.004758139105241144,0.15718703956847027,9.311374075674463
2019-08-13,0.0007890940115942158,1.0,0.0007890940115942158,-0.0012109059884057843,0.15699670084095704,9.318721625197291
2019-08-14,-0.003060893269830278,-1.0,0.003060893269830278,0.0010608932698302782,0.15716325758426478,9.290198012891302
2019-08-15,0.010187987480782645,1.0,0.010187987480782645,0.008187987480782645,0.15845010836980375,9.38484643394063
2019-08-16,0.001749925376851147,1.0,0.001749925376851147,0.001749925376851147,0.1587273842354049,9.401269214873235
2019-08-19,0.006573801210353558,-1.0,-0.006573801210353558,-0.008573801210353558,0.15736648719633112,9.463071289816828
2019-08-20,0.0007765273597024613,1.0,0.0007765273597024613,-0.0012234726402975387,0.15717395360474667,9.470419623580185
2019-08-21,0.009720176828052374,1.0,0.009720176828052374,0.009720176828052374,0.1587017122265489,9.56247377695724
2019-08-22,0.0016269601351299734,1.0,0.0016269601351299734,0.0016269601351299734,0.15895991358571837,9.578031540585576
2019-08-23,0.0012632306378463909,1.0,0.0012632306378463909,0.0012632306378463909,0.15916071661874925,9.590130803477903
2019-08-26,0.007751527203779807,-1.0,-0.007751527203779807,-0.009751527203779807,0.15760865656086842,9.664468963288869
2019-08-27,0.0017440065800300442,-1.0,-0.0017440065800300442,-0.0017440065800300442,0.15733378602675657,9.68132386075334
2019-08-28,-0.007047802968689787,-1.0,0.007047802968689787,0.007047802968689787,0.15844264355099116,9.613091797706675
2019-08-29,-0.00031661379708458615,1.0,-0.00031661379708458615,-0.002316613797084586,0.15807559313689437,9.61004816021088
2019-08-30,-0.009225674486318947,-1.0,0.009225674486318947,0.0072256744863189466,0.1592177959171334,9.521388984086926
2019-09-03,0.029578110493254872,-1.0,-0.029578110493254872,-0.029578110493254872,0.15450843435700393,9.803013679507508
2019-09-04,-0.006383835403638516,1.0,-0.006383835403638516,-0.008383835403638516,0.15321306107488092,9.740432853717916
2019-09-05,-0.019231074254696612,-1.0,0.019231074254696612,0.01723107425469661,0.15585308670705156,9.553113866235181
2019-09-06,0.001501228475612404,1.0,0.001501228475612404,-0.0004987715243875961,0.15577535162541417,9.567455272801942
2019-09-09,-0.0011354429686636358,1.0,-0.0011354429686636358,-0.0011354429686636358,0.15559847759772,9.556591972984435
2019-09-10,-0.008049538347610019,1.0,-0.008049538347610019,-0.008049538347610019,0.1543459816854674,9.479665819425435
2019-09-11,0.008894163671473665,1.0,0.008894163671473665,0.008894163671473665,0.15571876010861221,9.563979518774278
2019-09-12,0.0030900651829586234,-1.0,-0.0030900651829586234,-0.0050900651829586235,0.15492614146944989,9.593532838895772
2019-09-13,-0.010192680457677405,-1.0,0.010192680457677405,0.010192680457677405,0.15650525412398889,9.495749024208672
2019-09-16,-0.000824234135351154,1.0,-0.000824234135351154,-0.002824234135351154,0.15606324664293011,9.487922303722192
2019-09-17,0.017910471201159073,-1.0,-0.017910471201159073,-0.019910471201159075,0.15295595386508667,9.657855462901843
2019-09-18,0.007560100902036293,-1.0,-0.007560100902036293,-0.007560100902036293,0.15179959142029942,9.730869824698663
2019-09-19,0.004466386530579403,1.0,0.004466386530579403,0.0024663865305794026,0.1521739878879259,9.774331650614519
2019-09-20,0.00364578435673768,-1.0,-0.00364578435673768,-0.00564578435673768,0.15131484636760587,9.809966756043895
2019-09-23,-0.0019493359714602976,-1.0,0.0019493359714602976,0.0019493359714602976,0.1516098098406462,9.790843834967509
2019-09-24,0.014337789181793736,1.0,0.014337789181793736,0.012337789181793736,0.15348033971235192,9.931222889785138
2019-09-25,0.0037636541140195767,1.0,0.0037636541140195767,0.0037636541140195767,0.15405798662433143,9.968600577671523
2019-09-26,0.010245412846923818,-1.0,-0.010245412846923818,-0.012245412846923818,0.15217148297575062,10.070733006095852
2019-09-27,-0.0019851444349879843,-1.0,0.0019851444349879843,0.0019851444349879843,0.15247356534834378,10.05074114651255
2019-09-30,0.007480634783800788,1.0,0.007480634783800788,0.005480634783800788,0.15330921727420202,10.125927070336129
2019-10-01,-0.004120196763230277,1.0,-0.004120196763230277,-0.004120196763230277,0.1526775531334155,10.084206258396224
2019-10-02,-0.012584532190727638,-1.0,0.012584532190727638,0.010584532190727637,0.15429357360935766,9.957301240119499
2019-10-03,0.004626540473683605,1.0,0.004626540473683605,0.0026265404736836046,0.15469883192527192,10.003369097315572
2019-10-04,0.014858547922047105,-1.0,-0.014858547922047105,-0.016858547922047107,0.152090834253775,10.152004636429961
2019-10-07,-0.004452293369478055,-1.0,0.004452293369478055,0.004452293369478055,0.1527679872666815,10.106804933500273
2019-10-08,-0.011094265172150175,-1.0,0.011094265172150175,0.011094265172150175,0.15446283582723372,9.994677359524825
2019-10-09,0.014740980805456383,1.0,0.014740980805456383,0.012740980805456383,0.15643084385366487,10.14200870663831
2019-10-10,-0.005827748079455186,-1.0,0.005827748079455186,0.003827748079455186,0.15702962171579332,10.08290363487638
2019-10-11,-0.010603643086024905,1.0,-0.010603643086024905,-0.012603643086024905,0.15505047640975395,9.975988123461368
2019-10-14,-0.0027881607839647105,-1.0,0.0027881607839647105,0.0007881607839647104,0.15517268111479518,9.948173464594236
2019-10-15,-0.005941377702431305,-1.0,0.005941377702431305,0.005941377702431305,0.1560946206223971,9.889067608591777
2019-10-16,0.010415680325792653,1.0,0.010415680325792653,0.008415680325792653,0.15740826305013106,9.99206897552302
2019-10-17,0.005132454658267838,-1.0,-0.005132454658267838,-0.007132454658267838,0.1562855557510893,10.043352816482177
2019-10-18,0.006015006477194662,1.0,0.006015006477194662,0.004015006477194662,0.15691304326972189,10.103763648726067
2019-10-21,0.0013764115825349865,-1.0,-0.0013764115825349865,-0.0033764115825349866,0.15638324025297518,10.11767058603937
2019-10-22,0.01477664849734528,-1.0,-0.01477664849734528,-0.01477664849734528,0.15407242008088107,10.267175847901203
2019-10-23,-0.0010159739581913074,1.0,-0.0010159739581913074,-0.0030159739581913075,0.15360774167424163,10.256744664615566
2019-10-24,0.0065676905043901,-1.0,-0.0065676905043901,-0.0085676905043901,0.15229167808449842,10.324107789155315
2019-10-25,-0.0028203194873228643,-1.0,0.0028203194873228643,0.0028203194873228643,0.15272118927195724,10.294990506768338
2019-10-28,-0.015408607594319612,-1.0,0.015408607594319612,0.015408607594319612,0.15507441014878665,10.136359037862299
2019-10-29,-0.0027011858509946585,-1.0,0.0027011858509946585,0.0027011858509946585,0.15549329495133188,10.108978848248624
2019-10-30,0.012295821825516251,1.0,0.012295821825516251,0.010295821825516251,0.15709422621121324,10.2332770510046
2019-10-31,0.012231307370895061,-1.0,-0.012231307370895061,-0.014231307370895062,0.15485856999180855,10.358443408026965
2019-11-01,-0.011034544475542862,-1.0,0.011034544475542862,0.011034544475542862,0.15656736376980213,10.244142703543698
2019-11-04,-0.025921988446163557,-1.0,0.025921988446163557,0.025921988446163557,0.16062590116448922,9.978594154741588
2019-11-05,-0.01084471382387231,1.0,-0.01084471382387231,-0.01284471382387231,0.15856270743132975,9.87037915676885
2019-11-06,0.0016732205574678805,1.0,0.0016732205574678805,0.0016732205574678805,0.15882801781305161,9.886894478083958
2019-11-07,-0.01934144826428119,1.0,-0.01934144826428119,-0.01934144826428119,0.15575605392360214,9.69566762004169
2019-11-08,-0.004527575136716977,-1.0,0.004527575136716977,0.002527575136716977,0.15614973905289262,9.651769756391317
2019-11-11,0.000630527526467306,-1.0,-0.000630527526467306,-0.000630527526467306,0.15605128234416907,9.657855462901846
2019-11-12,0.004500152863418094,-1.0,-0.004500152863418094,-0.004500152863418094,0.1553490277190879,9.701317288817702
2019-11-13,0.02101050788119374,1.0,0.02101050788119374,0.01901050788119374,0.1583022916348774,9.905146892172366
2019-11-14,0.008599994251891063,-1.0,-0.008599994251891063,-0.010599994251891063,0.15662428825348654,9.990331098509186
2019-11-15,0.006742753531889578,1.0,0.006742753531889578,0.004742753531889578,0.15736711864978045,10.057693438808405
2019-11-18,0.0031977996306518097,1.0,0.0031977996306518097,0.0031977996306518097,0.15787034716367546,10.089855927172236
2019-11-19,0.002153699814398946,1.0,0.002153699814398946,0.002153699814398946,0.15821035250106097,10.111586448009898
2019-11-20,0.011003161598935662,1.0,0.011003161598935662,0.011003161598935662,0.15995116657625472,10.22284586771896
2019-11-21,-0.0003402288163451006,-1.0,0.0003402288163451006,-0.0016597711836548994,0.15968568423917948,10.219367760969707
2019-11-22,-0.007484742047946025,-1.0,0.007484742047946025,0.007484742047946025,0.1608808903944595,10.142878429385753
2019-11-25,-0.0035138541155956826,-1.0,0.0035138541155956826,0.0035138541155956826,0.16144620237329277,10.10723783427267
2019-11-26,0.010148099023807644,1.0,0.010148099023807644,0.008148099023807644,0.16276168201724805,10.209807084672045
2019-11-27,-0.002567687343124958,1.0,-0.002567687343124958,-0.002567687343124958,0.16234376090638664,10.183591492244986
2019-11-29,0.0032177946570468574,1.0,0.0032177946570468574,0.0032177946570468574,0.1628661497928361,10.216360198538279
2019-12-02,-0.010991185665239489,1.0,-0.010991185665239489,-0.010991185665239489,0.16107605770188033,10.104070286773181
2019-12-03,0.004237772250807348,1.0,0.004237772250807348,0.004237772250807348,0.1617586613494788,10.146889035454675
2019-12-04,0.008741204828291105,1.0,0.008741204828291105,0.008741204828291105,0.16317262694108478,10.235585070883525
2019-12-05,0.001280840210337697,1.0,0.001280840210337697,0.001280840210337697,0.16338162500289735,10.248695219818645
2019-12-06,-0.0007248070254859407,1.0,-0.0007248070254859407,-0.0007248070254859407,0.16326320485325993,10.241266893521257
2019-12-09,-0.0005121437335063872,1.0,-0.0005121437335063872,-0.0005121437335063872,0.16317959062598217,10.236021892858574
2019-12-10,0.0007683027756508753,1.0,0.0007683027756508753,0.0007683027756508753,0.16330496195838967,10.24388625689048
2019-12-11,0.0056730219640312995,-1.0,-0.0056730219640312995,-0.0076730219640313,0.16205191939844765,10.302000048622858
2019-12-12,-0.00797341651469563,-1.0,0.00797341651469563,0.00797341651469563,0.16334402684881735,10.219857911300773
2019-12-13,0.013039753183335723,1.0,0.013039753183335723,0.011039753183335723,0.16514730458920046,10.353122336032897
2019-12-16,0.01063503340500982,-1.0,-0.01063503340500982,-0.01263503340500982,0.1630606628789686,10.46322813792276
2019-12-17,0.001461715123549867,1.0,0.001461715123549867,-0.0005382848764501329,0.16297288979019692,10.478522396733114
2019-12-18,0.001959605468394132,1.0,0.001959605468394132,0.001959605468394132,0.1632922523562298,10.499056166522442
2019-12-19,0.0014984075498227778,1.0,0.0014984075498227778,0.0014984075498227778,0.16353693069998793,10.514788031548372
2019-12-20,0.008560141161666035,1.0,0.008560141161666035,0.008560141161666035,0.16493682991192543,10.604796101383423
2019-12-23,-0.016192197569998235,1.0,-0.016192197569998235,-0.016192197569998235,0.16226614017542235,10.433081147720275
2019-12-24,0.007245129447916332,-1.0,-0.007245129447916332,-0.009245129447916332,0.16076596870448684,10.508670171176124
2019-12-26,0.006028819076098424,1.0,0.006028819076098424,0.004028819076098424,0.16141366570599092,10.572025042368537
2019-12-27,0.0022729717319494025,1.0,0.0022729717319494025,0.0022729717319494025,0.16178055440529096,10.596054956439302
2019-12-30,-0.005030629703540734,-1.0,0.005030629703540734,0.0030306297035407343,0.1622708513589269,10.542750127635088
2019-12-31,0.0036057471472137337,1.0,0.0036057471472137337,0.0016057471472137336,0.16253141731557244,10.580764618831596
2020-01-02,-0.014618654651803786,1.0,-0.014618654651803786,-0.014618654651803786,0.16015542665576787,10.426088074916873
2020-01-03,0.007124373133768236,1.0,0.007124373133768236,0.007124373133768236,0.16129643367466143,10.500367416688112
2020-01-06,0.004993570199544051,1.0,0.004993570199544051,0.004993570199544051,0.16210187873915194,10.55280173850435
2020-01-07,-0.0008697185019289622,1.0,-0.0008697185019289622,-0.0008697185019289622,0.16196089573601505,10.543623771585185
2020-01-08,-0.00045572962670259454,-1.0,0.00045572962670259454,-0.0015442703732974055,0.1617107843230972,10.538818729859669
2020-01-09,0.007835917301124429,1.0,0.007835917301124429,0.005835917301124429,0.16265451508710677,10.62140004187839
2020-01-10,0.0018922661999449808,-1.0,-0.0018922661999449808,-0.003892266199944981,0.16202142041576478,10.641498558173732
2020-01-13,0.011701741380483188,1.0,0.011701741380483188,0.009701741380483188,0.16359331033473706,10.766022622202266
2020-01-14,0.005397743000416622,-1.0,-0.005397743000416622,-0.007397743000416622,0.16238308906829327,10.824134845453585
2020-01-15,0.0155411583488263,-1.0,-0.0155411583488263,-0.0155411583488263,0.15985946776791135,10.992354439075829
2020-01-16,0.0027425416792707935,-1.0,-0.0027425416792707935,-0.0027425416792707935,0.1594210465147318,11.02250142927831
2020-01-17,0.004479473178265803,-1.0,-0.004479473178265803,-0.004479473178265803,0.15870692421281798,11.07187642878816
2020-01-21,0.013772528042295118,-1.0,-0.013772528042295118,-0.013772528042295118,0.15652112864859055,11.224364157384471
2020-01-22,0.011717182303457196,-1.0,-0.011717182303457196,-0.011717182303457196,0.15468714204987213,11.355882078456936
2020-01-23,0.0006923984853419718,-1.0,-0.0006923984853419718,-0.0006923984853419718,0.1545800369070149,11.363744874007782
2020-01-24,0.013996012595334673,1.0,0.013996012595334673,0.011996012595334673,0.15643438097673876,11.522791990394564
2020-01-27,0.01145115293878396,-1.0,-0.01145115293878396,-0.01345115293878396,0.15433015819333665,11.654741243758368
2020-01-28,-0.003486398322825157,-1.0,0.003486398322825157,0.003486398322825157,0.15486821459802322,11.614108173433168
2020-01-29,-0.00018798909069051017,1.0,-0.00018798909069051017,-0.00218798909069051,0.15452936463398803,11.611924847798463
2020-01-30,0.015690787869668377,-1.0,-0.015690787869668377,-0.01769078786966838,0.1517956184246135,11.7941250973438
2020-01-31,-0.006409040334231619,1.0,-0.006409040334231619,-0.00840904033423162,0.1505191629467213,11.71853607388795
2020-02-03,-0.005182724101303382,1.0,-0.005182724101303382,-0.005182724101303382,0.14973906365320933,11.657802134545818
2020-02-04,-0.0085077885528404,-1.0,0.0085077885528404,0.006507788552840401,0.15071353381756472,11.558620018994251
2020-02-05,0.008202737624753986,-1.0,-0.008202737624753986,-0.008202737624753986,0.14947727024315974,11.65343234631429
2020-02-06,0.006073819512119938,-1.0,-0.006073819512119938,-0.006073819512119938,0.14856937228253841,11.724213191082503
2020-02-07,0.004509769282691867,-1.0,-0.004509769282691867,-0.004509769282691867,0.14789935869106982,11.777086687595379
2020-02-10,0.00816184815438481,-1.0,-0.00816184815438481,-0.00816184815438481,0.14669222658330242,11.87320948084056
2020-02-11,0.001508875143620303,-1.0,-0.001508875143620303,-0.001508875143620303,0.14647088632884855,11.891124671501197
2020-02-12,-0.006944455894401735,-1.0,0.006944455894401735,0.006944455894401735,0.14748804693877315,11.808547280685126
2020-02-13,0.0192774894680674,-1.0,-0.0192774894680674,-0.0192774894680674,0.1446448476672451,12.03618642652171
2020-02-14,0.011071850462320842,-1.0,-0.011071850462320842,-0.011071850462320842,0.1430433615437282,12.169449282772774
2020-02-18,0.012638379284905188,-1.0,-0.012638379284905188,-0.012638379284905188,0.14123552528635075,12.323251398496874
2020-02-19,-0.026131293047072846,-1.0,0.026131293047072846,0.026131293047072846,0.14492619218626562,12.001228904910002
2020-02-20,0.0085921742769961,-1.0,-0.0085921742769961,-0.0085921742769961,0.1436809610856998,12.104345555199112
2020-02-21,0.0020217071114991825,-1.0,-0.0020217071114991825,-0.0020217071114991825,0.1433904802648858,12.128816996688101
2020-02-24,-0.013148916456012127,1.0,-0.013148916456012127,-0.015148916456012127,0.1412182698587656,11.96933619528839
2020-02-25,-0.013178133768321554,-1.0,0.013178133768321554,0.011178133768321554,0.14279682656977782,11.811602681788866
2020-02-26,-0.003181154435314193,1.0,-0.003181154435314193,-0.005181154435314193,0.14205697415844704,11.774028149529524
2020-02-27,-0.04558522061158221,-1.0,0.04558522061158221,0.04358522061158221,0.14824855871655676,11.237306478846241
2020-02-28,-0.012077267882963594,-1.0,0.012077267882963594,0.012077267882963594,0.15003899627343986,11.101590518218252
2020-03-02,0.06167888623282147,-1.0,-0.06167888623282147,-0.06167888623282147,0.14078475809180363,11.786324256794805
2020-03-03,-0.011924705931199764,-1.0,0.011924705931199764,0.011924705931199764,0.1424635749316435,11.64577580602276
2020-03-04,0.0643786595733935,1.0,0.0643786595733935,0.0623786595733935,0.15135026177391311,12.395515242106761
2020-03-05,-0.021472555854173847,1.0,-0.021472555854173847,-0.021472555854173847,0.14810038482442894,12.12935184872936
2020-03-06,-0.01571552000544152,1.0,-0.01571552000544152,-0.01571552000544152,0.14577291026390704,11.938732777097615
2020-03-09,-0.038775745477082624,1.0,-0.038775745477082624,-0.038775745477082624,0.14012045699806017,11.475799513613973
2020-03-10,-0.021241494402040373,-1.0,0.021241494402040373,0.01924149440204037,0.14281658398699967,11.232036382486605
2020-03-11,-0.05658320383142712,-1.0,0.05658320383142712,0.05658320383142712,0.1508976038692442,10.59649177841436
2020-03-12,-0.13417062197837915,1.0,-0.13417062197837915,-0.13617062197837915,0.13034978329532215,9.174753885715726
2020-03-13,0.06065397755669921,1.0,0.06065397755669921,0.06065397755669921,0.13825601612583724,9.731239201988165
2020-03-16,-0.09112633223322619,1.0,-0.09112633223322619,-0.09112633223322619,0.12565725246711193,8.844467065426796
2020-03-17,0.10125594223243861,1.0,0.10125594223243861,0.10125594223243861,0.13838079596400876,9.740021911680358
2020-03-18,-0.05014409783434959,1.0,-0.05014409783434959,-0.05014409783434959,0.13144181579279435,9.25161730003235
2020-03-19,-0.016806176327654576,-1.0,0.016806176327654576,0.014806176327654576,0.13338796649424955,9.096132988372027
2020-03-20,-0.07411852687708886,-1.0,0.07411852687708886,0.07411852687708886,0.14327448607393384,8.4219410109958
2020-03-23,-0.05262046841146972,-1.0,0.05262046841146972,0.05262046841146972,0.15081365664255683,7.9787745300634345
2020-03-24,0.13690382053584838,-1.0,-0.13690382053584838,-0.13690382053584838,0.13016669085920918,9.071099246423238
2020-03-25,0.018108746542130127,1.0,0.018108746542130127,0.016108746542130126,0.13226351309048798,9.235365483535224
2020-03-26,0.09906310954561715,1.0,0.09906310954561715,0.09906310954561715,0.14536594797665917,10.150249506124485
2020-03-27,0.003678036303803811,-1.0,-0.003678036303803811,-0.005678036303803811,0.14454055484671083,10.187582492300677
2020-03-30,0.060616548553622085,-1.0,-0.060616548553622085,-0.060616548553622085,0.13577900528587772,10.805118581089252
2020-03-31,-0.021909719772631564,-1.0,0.021909719772631564,0.021909719772631564,0.13875388524269797,10.568381460867531
2020-04-01,-0.0930513661974256,1.0,-0.0930513661974256,-0.0950513661974256,0.1255651388851787,9.584979127438263
2020-04-02,0.037666864206799655,-1.0,-0.037666864206799655,-0.03966686420679966,0.12058436357191238,9.946015234656489
2020-04-03,-0.021240774484040936,-1.0,0.021240774484040936,0.021240774484040936,0.12314566884484499,9.734754168042315
2020-04-06,0.05806684459883482,1.0,0.05806684459883482,0.05606684459883482,0.1300500579229885,10.300020625525887
2020-04-07,-0.02567057760798286,-1.0,0.02567057760798286,0.023670577607982857,0.13312841791197724,10.0356131466945
2020-04-08,0.02192683822837016,1.0,0.02192683822837016,0.01992683822837016,0.13578124635930808,10.255662412684575
2020-04-09,0.05044959964640716,-1.0,-0.05044959964640716,-0.05244959964640716,0.1286595743482722,10.773056475513219
2020-04-13,-0.03697806110812685,-1.0,0.03697806110812685,0.03697806110812685,0.1334171559506682,10.37468973484039
2020-04-14,0.026120639530049283,-1.0,-0.026120639530049283,-0.026120639530049283,0.12993221451295642,10.645683265640258
2020-04-15,-0.021288866863953038,-1.0,0.021288866863953038,0.021288866863953038,0.13269832412906132,10.41904873192223
2020-04-16,0.0010961552371990813,-1.0,-0.0010961552371990813,-0.0010961552371990813,0.1325528661660997,10.43046962675636
2020-04-17,0.03697155432782795,-1.0,-0.03697155432782795,-0.03697155432782795,0.12765218067333045,10.816100301226742
2020-04-20,-0.03512554366484755,-1.0,0.03512554366484755,0.03512554366484755,0.13213603291948453,10.436178897812631
2020-04-21,-0.00921699779896401,1.0,-0.00921699779896401,-0.01121699779896401,0.13065386332906284,10.339988659881898
2020-04-22,0.04991097267472422,-1.0,-0.04991097267472422,-0.05191097267472422,0.1238714941999407,10.856067551342223
2020-04-23,-0.024396042470665957,1.0,-0.024396042470665957,-0.02639604247066596,0.12060177697813422,10.59122246629526
2020-04-24,-0.0059715355767526734,-1.0,0.0059715355767526734,0.003971535576752673,0.12108075122602246,10.527976604536477
2020-04-27,0.016270122000774156,1.0,0.016270122000774156,0.014270122000774156,0.1228085883179632,10.69926806831358
2020-04-28,-0.017652043122986072,-1.0,0.017652043122986072,0.01565204312298607,0.124730793638189,10.510404126987321
2020-04-29,-0.017425661930264846,1.0,-0.017425661930264846,-0.019425661930264848,0.12230781540867991,10.32725337791998
2020-04-30,-0.017054515871501308,1.0,-0.017054515871501308,-0.017054515871501308,0.12022191482958393,10.151127071277228
2020-05-01,-0.017609691673178718,1.0,-0.017609691673178718,-0.017609691673178718,0.11810484397707581,9.972368853416778
2020-05-04,0.013388925426532916,1.0,0.013388925426532916,0.013388925426532916,0.11968614092559718,10.105888156321056
2020-05-05,4.345730823884786e-05,1.0,4.345730823884786e-05,4.345730823884786e-05,0.1196913421631153,10.106327331017692
2020-05-06,-0.032333548282463376,-1.0,0.032333548282463376,0.030333548282463374,0.12332200526961301,9.779553908301851
2020-05-07,0.008173794987127225,-1.0,-0.008173794987127225,-0.008173794987127225,0.12231399648113778,9.859489977013869
2020-05-08,0.023387485053121493,1.0,0.023387485053121493,0.02138748505312149,0.12492998525266566,10.090078651482681
2020-05-11,-0.010229556839157605,-1.0,0.010229556839157605,0.008229556839157605,0.1259581036672176,9.986861618405769
2020-05-12,0.00241895263999492,1.0,0.00241895263999492,0.0004189526399949201,0.12601087414727774,10.011019363682875
2020-05-13,0.009608122557184684,-1.0,-0.009608122557184684,-0.011608122557184684,0.12454812447663817,10.107206464651489
2020-05-14,0.009169149552863187,-1.0,-0.009169149552863187,-0.009169149552863187,0.12340612409678325,10.199880952287543
2020-05-15,-0.018860589777289993,1.0,-0.018860589777289993,-0.020860589777289995,0.12083179956599492,10.007505181869254
2020-05-18,0.03335553681755643,1.0,0.03335553681755643,0.03335553681755643,0.12486220910515006,10.34131088941498
2020-05-19,-0.02102393056119478,1.0,-0.02102393056119478,-0.02102393056119478,0.122237114691206,10.123895887364192
2020-05-20,0.009935029140521134,1.0,0.009935029140521134,0.009935029140521134,0.12345154398771636,10.224477088020757
2020-05-21,-0.016710354997248267,1.0,-0.016710354997248267,-0.016710354997248267,0.12138862486272321,10.053622446218698
2020-05-22,0.021625226753013926,1.0,0.021625226753013926,0.021625226753013926,0.12401368140061615,10.271034311307368
2020-05-26,0.001966970382286881,1.0,0.001966970382286881,0.001966970382286881,0.12425761263892952,10.291237131593162
2020-05-27,0.029106685955597733,1.0,0.029106685955597733,0.029106685955597733,0.12787433994760317,10.59078093887703
2020-05-28,0.04242546895088206,1.0,0.04242546895088206,0.04242546895088206,0.13329946878666474,11.040099786764952
2020-05-29,0.01670893168722931,-1.0,-0.01670893168722931,-0.018708931687229313,0.13080557813119106,11.224568059922202
2020-06-01,0.00586264188487684,-1.0,-0.00586264188487684,-0.00586264188487684,0.1300387118700636,11.290373682769953
2020-06-02,0.003715885103187766,-1.0,-0.003715885103187766,-0.003715885103187766,0.12955550295778792,11.332327414147182
2020-06-03,0.01161337256175865,-1.0,-0.01161337256175865,-0.01161337256175865,0.12805092663451312,11.463933954399504
2020-06-04,-0.02962488404611341,1.0,-0.02962488404611341,-0.03162488404611341,0.12400133092769927,11.124316240288117
2020-06-05,0.009885562932843595,1.0,0.009885562932843595,0.009885562932843595,0.1252271538883414,11.23428636856634
2020-06-08,0.023979947856384687,1.0,0.023979947856384687,0.023979947856384687,0.1282300945087873,11.503683969888254
2020-06-09,-0.006948941021228672,-1.0,0.006948941021228672,0.004948941021228672,0.12886469768365788,11.423745548454647
2020-06-10,-0.007268047836717306,1.0,-0.007268047836717306,-0.009268047836717306,0.1276703735010616,11.340717219333992
2020-06-11,-0.032944939838586706,-1.0,0.032944939838586706,0.030944939838586705,0.13162112552822186,10.96709797281661
2020-06-12,-0.005718390301161502,-1.0,0.005718390301161502,0.005718390301161502,0.1323737864958704,10.904383826136968
2020-06-15,0.00672327374087045,-1.0,-0.00672327374087045,-0.00672327374087045,0.1314838012931431,10.977696983575607
2020-06-16,-0.0016093877139878865,-1.0,0.0016093877139878865,0.0016093877139878865,0.1316954097075327,10.960029612922359
2020-06-17,0.003344533536281169,1.0,0.003344533536281169,0.001344533536281169,0.13187247860245876,10.996685799521412
2020-06-18,-0.00028112798932944383,1.0,-0.00028112798932944383,-0.00028112798932944383,0.13183540555770137,10.993594323353305
2020-06-19,-0.026995733599769034,1.0,-0.026995733599769034,-0.026995733599769034,0.12827641207024815,10.696814179696126
2020-06-22,0.01994147823220005,1.0,0.01994147823220005,0.01994147823220005,0.1308344333492517,10.910124466814425
2020-06-23,-0.015503345491678311,-1.0,0.015503345491678311,0.01350334549167831,0.13260113590497463,10.740981037848188
2020-06-24,-0.006332127363340101,1.0,-0.006332127363340101,-0.008332127363340101,0.13149628635209082,10.672967777909312
2020-06-25,-0.010386056480184425,1.0,-0.010386056480184425,-0.010386056480184425,0.1301305584951035,10.562117731756757
2020-06-26,-0.01229303004160176,1.0,-0.01229303004160176,-0.01229303004160176,0.12853085963019278,10.432277301177336
2020-06-29,0.008551467611659369,1.0,0.008551467611659369,0.008551467611659369,0.1296299871134191,10.521488582634204
2020-06-30,0.008101131844828746,1.0,0.008101131844828746,0.008101131844828746,0.13068013673006837,10.606724548845984
2020-07-01,0.025357054237108656,1.0,0.025357054237108656,0.025357054237108656,0.13399380004484548,10.875679838509143
2020-07-02,0.0005683675822514278,1.0,0.0005683675822514278,0.0005683675822514278,0.13406995777701367,10.881861222364297
2020-07-06,0.0022726833763966336,1.0,0.0022726833763966336,0.0022726833763966336,0.13437465634132767,10.90659224746862
2020-07-07,-0.0009717985708557197,1.0,-0.0009717985708557197,-0.0009717985708557197,0.13424407124233595,10.895993236709623
2020-07-08,0.02654838657669578,1.0,0.02654838657669578,0.02654838657669578,0.13780803474130698,11.185264277294854
2020-07-09,-0.005053867322257988,1.0,-0.005053867322257988,-0.005053867322257988,0.1371115712177833,11.128735435673013
2020-07-10,0.030199580535150927,-1.0,-0.030199580535150927,-0.03219958053515093,0.1326966361380552,11.464818577717008
2020-07-13,-0.01294321748780769,1.0,-0.01294321748780769,-0.01494321748780769,0.13071372144434376,11.316426937407359
2020-07-14,0.024625512594049326,1.0,0.024625512594049326,0.024625512594049326,0.1339326138379865,11.595099751474123
2020-07-15,-0.013521286113644448,1.0,-0.013521286113644448,-0.013521286113644448,0.13212167264633481,11.438319090218194
2020-07-16,0.03621625676078333,1.0,0.03621625676078333,0.03621625676078333,0.13690662506655865,11.852572191301306
2020-07-17,0.026082480229517646,-1.0,-0.026082480229517646,-0.028082480229517648,0.13306194747483704,12.161716671149852
2020-07-20,-0.0038130247576096954,-1.0,0.0038130247576096954,0.0038130247576096954,0.13356931597485439,12.115343744387724
2020-07-21,0.007290543648074577,1.0,0.007290543648074577,0.005290543648074577,0.1342759702710628,12.20367118676761
2020-07-22,0.014801107348674458,-1.0,-0.014801107348674458,-0.01680110734867446,0.13201998528019127,12.384299034050882
2020-07-23,0.001961313887795635,1.0,0.001961313887795635,-3.868611220436517e-05,0.1320148779402275,12.40858853173698
2020-07-24,-0.0025624387459648457,-1.0,0.0025624387459648457,0.0005624387459648456,0.13208912822262492,12.376792283700523
2020-07-27,-0.009348757686265974,-1.0,0.009348757686265974,0.009348757686265974,0.13332399747536833,12.26108465170696
2020-07-28,0.008680250182578897,1.0,0.008680250182578897,0.006680250182578897,0.1342146351338453,12.367513933993555
2020-07-29,0.0049996664563947135,1.0,0.0049996664563947135,0.0049996664563947135,0.13488566354308124,12.429347378558337
2020-07-30,0.00319763577238219,1.0,0.00319763577238219,0.00319763577238219,0.1353169787660081,12.46909190436338
2020-07-31,-0.005808519673732193,1.0,-0.005808519673732193,-0.005808519673732193,0.13453098743265574,12.39666493872331
2020-08-03,-0.011079428689024007,1.0,-0.011079428689024007,-0.011079428689024007,0.13304046095093164,12.259316973553002
2020-08-04,0.02687414502784269,-1.0,-0.02687414502784269,-0.02887414502784269,0.1291990313868634,12.588775635842559
2020-08-05,-0.004455156172800678,-1.0,0.004455156172800678,0.004455156172800678,0.12977463324906643,12.532690674360532
2020-08-06,-0.003418379402318039,-1.0,0.003418379402318039,0.003418379402318039,0.1302182521823084,12.489849182703676
2020-08-07,0.01757379296453032,1.0,0.01757379296453032,0.015573792964530321,0.13224624428199866,12.709343206398719
2020-08-10,-0.01438591132564171,-1.0,0.01438591132564171,0.01238591132564171,0.13388423453682466,12.52650772202432
2020-08-11,-0.02062482767566942,-1.0,0.02062482767566942,0.02062482767566942,0.1366455738026356,12.268150658879627
2020-08-12,0.024478705075485108,1.0,0.024478705075485108,0.022478705075485106,0.13971718935601546,12.56845910067996
2020-08-13,-0.0006674037476317451,-1.0,0.0006674037476317451,-0.001332596252368255,0.13953100275308822,12.56007086397421
2020-08-14,-0.013712955224551626,-1.0,0.013712955224551626,0.013712955224551626,0.1414443851462781,12.387835174599335
2020-08-17,0.008876887792349963,-1.0,-0.008876887792349963,-0.008876887792349963,0.14018879921047667,12.497800597434379
2020-08-18,0.00021203320770091239,-1.0,-0.00021203320770091239,-0.00021203320770091239,0.14015907452969634,12.50045054618426
2020-08-19,-0.0025086009264244646,1.0,-0.0025086009264244646,-0.004508600926424465,0.13952715319642495,12.469091904363378
2020-08-20,-0.0008147387074975976,-1.0,0.0008147387074975976,-0.0011852612925024025,0.13936177706248817,12.458932852541547
2020-08-21,0.0010636622436159815,-1.0,-0.0010636622436159815,-0.0010636622436159815,0.1392135432020236,12.472184949012542
2020-08-24,0.0007791356881998723,-1.0,-0.0007791356881998723,-0.0007791356881998723,0.13910507696223415,12.481902473416147
2020-08-25,-0.00467048351803423,-1.0,0.00467048351803423,0.00467048351803423,0.13975476493146113,12.423605953640346
2020-08-26,-0.008211746104049289,1.0,-0.008211746104049289,-0.010211746104049289,0.13832762475514995,12.321586455852296
2020-08-27,0.004611211578991581,1.0,0.004611211578991581,0.004611211578991581,0.1389654827001153,12.378403897989068
2020-08-28,0.002402315569156377,-1.0,-0.002402315569156377,-0.004402315569156377,0.13835371279204925,12.408140730394514
2020-08-31,-0.001359195785879952,-1.0,0.001359195785879952,0.001359195785879952,0.13854176257543704,12.391275637803156
2020-09-01,-0.007307559180172674,-1.0,0.007307559180172674,0.007307559180172674,0.1395541647043825,12.300725657762078
2020-09-02,0.0401617123334439,1.0,0.0401617123334439,0.0381617123334439,0.1448797905927652,12.794743863121731
2020-09-03,-0.026608137472056814,1.0,-0.026608137472056814,-0.026608137472056814,0.1410248092077501,12.454299559492032
2020-09-04,-0.011653884075993104,1.0,-0.011653884075993104,-0.011653884075993104,0.13938132242940393,12.30915859617802
2020-09-08,0.0021275332350214615,1.0,0.0021275332350214615,0.0021275332350214615,0.13967786082521372,12.335346740186539
2020-09-09,0.016048536989077933,1.0,0.016048536989077933,0.016048536989077933,0.14191948614122243,12.533311008619524
2020-09-10,-0.019336590148223642,1.0,-0.019336590148223642,-0.019336590148223642,0.13917524720366312,12.29095951044563
2020-09-11,0.004478244479671156,-1.0,-0.004478244479671156,-0.006478244479671156,0.13827363592675912,12.346001432023144
2020-09-14,0.013553842146107664,1.0,0.013553842146107664,0.011553842146107664,0.13987122768922525,12.513337186568405
2020-09-15,0.04887924876381877,1.0,0.04887924876381877,0.04887924876381877,0.14670802822234763,13.124979707776227
2020-09-16,-0.05191094766218585,1.0,-0.05191094766218585,-0.05191094766218585,0.13909227544767486,12.443649573098604
2020-09-17,-0.002960711115189474,1.0,-0.002960711115189474,-0.002960711115189474,0.13868046340171994,12.406807521494008
2020-09-18,-0.009301362135746283,1.0,-0.009301362135746283,-0.009301362135746283,0.13739054619046742,12.291407311788092
2020-09-21,-0.002600139207492247,1.0,-0.002600139207492247,-0.002600139207492247,0.13703331164457883,12.259447941721454
2020-09-22,0.006734281138581766,1.0,0.006734281138581766,0.006734281138581766,0.1379561324905443,12.342006510764815
2020-09-23,-0.017082988960082535,1.0,-0.017082988960082535,-0.017082988960082535,0.13559942940223266,12.131168149796153
2020-09-24,0.015477012490332953,1.0,0.015477012490332953,0.015477012490332953,0.13769810346477304,12.318922390772878
2020-09-25,0.015421669289943152,1.0,0.015421669289943152,0.015421669289943152,0.13982163807825915,12.508900737891853
2020-09-28,0.008231675606603206,1.0,0.008231675606603206,0.008231675606603206,0.14097260444570325,12.611869950961378
2020-09-29,-0.0035893738416522547,1.0,-0.0035893738416522547,-0.0035893738416522547,0.14046660106691625,12.566601234865077
2020-09-30,-0.019638650037518968,1.0,-0.019638650037518968,-0.019638650037518968,0.13770802664660328,12.319810151052508
2020-10-01,0.018734789191369394,1.0,0.018734789191369394,0.018734789191369394,0.14028795749578687,12.55061919711017
2020-10-02,-0.005622945883262176,1.0,-0.005622945883262176,-0.005622945883262176,0.13949912590271468,12.480047744563388
2020-10-05,0.023971150113243134,1.0,0.023971150113243134,0.023971150113243134,0.14284308039039487,12.779208842468758
2020-10-06,0.008231598724812272,1.0,0.008231598724812272,0.008231598724812272,0.1440189073087847,12.884402161680534
2020-10-07,0.02356348893606519,1.0,0.02356348893606519,0.02356348893606519,0.14741249523773944,13.188003629465108
2020-10-08,0.013193529077844435,-1.0,-0.013193529077844435,-0.015193529077844435,0.14517277920490723,13.361999938829173
2020-10-09,0.006211828286420973,-1.0,-0.006211828286420973,-0.006211828286420973,0.14427099082862385,13.445002388012348
2020-10-12,0.009111537590633878,-1.0,-0.009111537590633878,-0.009111537590633878,0.14295646027245085,13.567507032676884
2020-10-13,-0.01374066151658715,-1.0,0.01374066151658715,0.01374066151658715,0.14492077660466404,13.381080510916956
2020-10-14,-0.0027529425692762732,1.0,-0.0027529425692762732,-0.004752942569276273,0.14423197647636715,13.34424316475554
2020-10-15,-0.007251036672567546,1.0,-0.007251036672567546,-0.007251036672567546,0.14318614512558012,13.247483568200238
2020-10-16,0.023922636581155787,1.0,0.023922636581155787,0.023922636581155787,0.146611535238876,13.564398303217125
2020-10-19,-0.019797040070369087,1.0,-0.019797040070369087,-0.019797040070369087,0.14370906080097362,13.295863366477889
2020-10-20,0.00480717960236432,-1.0,-0.00480717960236432,-0.00680717960236432,0.1427308074136143,13.359778969649044
2020-10-21,-0.01099715954651359,-1.0,0.01099715954651359,0.01099715954651359,0.1443004408749445,13.212859348813657
2020-10-22,0.015419307539045635,-1.0,-0.015419307539045635,-0.015419307539045635,0.14207542799907386,13.416592490583168
2020-10-23,0.002646753354853315,-1.0,-0.002646753354853315,-0.002646753354853315,0.1416993893833751,13.452102901768319
2020-10-26,-0.0013857608380839492,-1.0,0.0013857608380839492,0.0013857608380839492,0.141895750847963,13.433461504377172
2020-10-27,0.0015528981925783114,1.0,0.0015528981925783114,-0.00044710180742168863,0.1418323090012934,13.45432230246739
2020-10-28,-0.017418769164732173,-1.0,0.017418769164732173,0.015418769164732173,0.14401918863388533,13.219964568012802
2020-10-29,-0.006043710670706637,1.0,-0.006043710670706637,-0.008043710670706637,0.14286073994948442,13.140066927086739
2020-10-30,-0.010809453261203417,1.0,-0.010809453261203417,-0.010809453261203417,0.14131649345813954,12.99802998778931
2020-11-02,0.02622590093480559,1.0,0.02622590093480559,0.02622590093480559,0.1450226458160268,13.338915034596706
2020-11-03,0.011846405228758128,-1.0,-0.011846405228758128,-0.013846405228758128,0.14301460349471143,13.496933227408514
2020-11-04,-0.03551702723199668,1.0,-0.03551702723199668,-0.03751702723199668,0.13764912072082713,13.017562282422205
2020-11-05,0.019503714122485194,1.0,0.019503714122485194,0.019503714122485194,0.1403337898205776,13.271453095750212
2020-11-06,0.012976430095418712,1.0,0.012976430095418712,0.012976430095418712,0.1421548214342095,13.443669179111843
2020-11-09,-0.0027732603566457126,1.0,-0.0027732603566457126,-0.0027732603566457126,0.14176058910341993,13.406386384329553
2020-11-10,0.006356575924123531,1.0,0.006356575924123531,0.006356575924123531,0.1426617010511043,13.49160509724968
2020-11-11,0.02039770970881216,1.0,0.02039770970881216,0.02039770970881216,0.14557167301571006,13.76680294152931
2020-11-12,-0.011220377078862476,1.0,-0.011220377078862476,-0.011220377078862476,0.14393830395247292,13.612334221354958
2020-11-13,0.0067824885209986085,1.0,0.0067824885209986085,0.0067824885209986085,0.14491456384676257,13.704659721955295
2020-11-16,0.007255020179602223,1.0,0.007255020179602223,0.007255020179602223,0.1459659219317891,13.804087304792663
2020-11-17,-0.014662546343129579,1.0,-0.014662546343129579,-0.014662546343129579,0.1438256898369466,13.601684234961533
2020-11-18,-0.0107036730085035,-1.0,0.0107036730085035,0.0087036730085035,0.14507750161150984,13.456096254545589
2020-11-19,-0.0087084112458915,-1.0,0.0087084112458915,0.0087084112458915,0.14634089615806936,13.338915034596706
2020-11-20,0.005590549403411416,-1.0,-0.005590549403411416,-0.005590549403411416,0.14552277014835818,13.413486898085527
2020-11-23,-0.012971392542659554,-1.0,0.012971392542659554,0.012971392542659554,0.14741040312384776,13.239495294164639
2020-11-24,0.00549806740129033,1.0,0.00549806740129033,0.0034980674012903296,0.14792605464962635,13.312286931651023
2020-11-25,0.017955257073005493,1.0,0.017955257073005493,0.017955257073005493,0.15058210498865585,13.551312465738429
2020-11-27,-0.011057125608002427,1.0,-0.011057125608002427,-0.011057125608002427,0.14891709973947886,13.40147390165147
2020-11-30,-0.020497734320805927,1.0,-0.020497734320805927,-0.020497734320805927,0.14586463659319407,13.126774050108203
2020-12-01,0.007609839027484355,1.0,0.007609839027484355,0.007609839027484355,0.1469746429974708,13.226666687579685
2020-12-02,0.0021576496595965278,-1.0,-0.0021576496595965278,-0.004157649659596528,0.14636357392304303,13.25520520045574
2020-12-03,-0.01291885369061252,-1.0,0.01291885369061252,0.01291885369061252,0.14825442352018994,13.083963143832005
2020-12-04,-0.011315776381730314,-1.0,0.011315776381730314,0.011315776381730314,0.14993203742434674,12.935907942709601
2020-12-07,0.010342275897248232,-1.0,-0.010342275897248232,-0.010342275897248232,0.1483813989274676,13.069694671634508
2020-12-08,0.005595719902821594,1.0,0.005595719902821594,0.0035957199028215942,0.1489149368767996,13.142829022232375
2020-12-09,-0.00013581029187814675,1.0,-0.00013581029187814675,-0.00013581029187814675,0.14889471269575735,13.14104409078676
2020-12-10,-0.005293799770177299,1.0,-0.005293799770177299,-0.005293799770177299,0.14810649389990793,13.071478034599064
2020-12-11,0.0070962442906006284,1.0,0.0070962442906006284,0.0070962442906006284,0.14915749376164603,13.1642364359718
2020-12-14,-0.003387531776540942,-1.0,0.003387531776540942,0.0013875317765409418,0.14936445452394953,13.119642166731047
2020-12-15,0.018490708259646826,1.0,0.018490708259646826,0.016490708259646825,0.15182758016786527,13.362233642507032
2020-12-16,-0.006274166681241589,-1.0,0.006274166681241589,0.0042741666812415886,0.15247651655231229,13.278396761400248
2020-12-17,0.008328482424748707,1.0,0.008328482424748707,0.0063284824247487066,0.1534414615075005,13.38898565545641
2020-12-18,-0.007327200681796264,-1.0,0.007327200681796264,0.005327200681796264,0.15425887496585908,13.290881870633191
2020-12-21,-0.0014760917508799265,1.0,-0.0014760917508799265,-0.0034760917508799265,0.15372265696309023,13.27126330954203
2020-12-22,0.004166302259012378,1.0,0.004166302259012378,0.004166302259012378,0.15436311201605693,13.326555403848523
2020-12-23,-0.005085993339353112,1.0,-0.005085993339353112,-0.005085993339353112,0.15357802225650144,13.25877663182803
2020-12-24,0.008744674687005238,-1.0,-0.008744674687005238,-0.010744674687005238,0.15192787636828167,13.374720320221032
2020-12-28,0.006801545176717383,1.0,0.006801545176717383,0.004801545176717383,0.15265736493026671,13.465689084704975
2020-12-29,-0.00211946682992481,1.0,-0.00211946682992481,-0.00211946682992481,0.1523338127089533,13.437149003347862
2020-12-30,0.007699794396673232,1.0,0.007699794396673232,0.007699794396673232,0.15350675174647357,13.540612287951104
2020-12-31,0.01633509580622894,1.0,0.01633509580622894,0.01633509580622894,0.1560142992431552,13.761799486949787
2021-01-04,-0.03797815035982588,-1.0,0.03797815035982588,0.03597815035982588,0.16162740515960833,13.239151796812633
2021-01-05,0.0074106000333855615,1.0,0.0074106000333855615,0.0054106000333855615,0.16250190640336093,13.33726185556009
2021-01-06,0.04894983099498562,-1.0,-0.04894983099498562,-0.05094983099498562,0.15422246173574672,13.990118569325626
2021-01-07,0.010965260176738045,-1.0,-0.010965260176738045,-0.010965260176738045,0.15253137231771724,14.143523859341695
2021-01-08,0.02320573987578145,-1.0,-0.02320573987578145,-0.02320573987578145,0.14899176896881633,14.471734794948487
2021-01-11,-0.017749132073901164,1.0,-0.017749132073901164,-0.019749132073901166,0.146049310845527,14.214874062734475
2021-01-12,0.0007527451696092147,-1.0,-0.0007527451696092147,-0.0027527451696092147,0.14564727431057223,14.225574240521802
2021-01-13,0.02620718550329948,-1.0,-0.02620718550329948,-0.02620718550329948,0.14183026917466512,14.598386503534115
2021-01-14,0.008430657953830023,1.0,0.008430657953830023,0.006430657953830023,0.14274233112322704,14.72146050682322
2021-01-15,-0.005936942875556683,1.0,-0.005936942875556683,-0.005936942875556683,0.14189487805742465,14.634060036749448
2021-01-19,0.009385767587944516,-1.0,-0.009385767587944516,-0.011385767587944516,0.1402792959539431,14.771411923122406
2021-01-20,0.014973792836305178,-1.0,-0.014973792836305178,-0.014973792836305178,0.138178782837106,14.99259598515897
2021-01-21,-0.004045122586066374,-1.0,0.004045122586066374,0.004045122586066374,0.13873773295247552,14.931949096515634
2021-01-22,0.005973000437184517,1.0,0.005973000437184517,0.003973000437184517,0.1392889380261497,15.021137634997139
2021-01-25,0.03158809001146401,1.0,0.03158809001146401,0.03158809001146401,0.14368880953812094,15.495626682686018
2021-01-26,-0.018879011080043084,-1.0,0.018879011080043084,0.016879011080043083,0.14611413454639308,15.203084574851378
2021-01-27,-0.05913397588805214,-1.0,0.05913397588805214,0.05913397588805214,0.15475444425556312,14.3040657381781
2021-01-28,0.02830731253782326,1.0,0.02830731253782326,0.026307312537823258,0.15882561778721135,14.708975397590276
2021-01-29,-0.019282037764105087,-1.0,0.019282037764105087,0.017282037764105085,0.16157044811171725,14.425356378502647
2021-02-01,0.010263756000175261,1.0,0.010263756000175261,0.008263756000175261,0.16290562687175147,14.57341471658717
2021-02-02,0.015055073934347352,-1.0,-0.015055073934347352,-0.017055073934347353,0.16012725936113256,14.792818552621295
2021-02-03,0.001446884003926563,-1.0,-0.001446884003926563,-0.001446884003926563,0.15989557379097033,14.81422204515807
2021-02-04,-0.0006016973306788298,-1.0,0.0006016973306788298,0.0006016973306788298,0.1599917825309077,14.805308367297416
2021-02-05,0.007228634856633498,1.0,0.007228634856633498,0.005228634856633498,0.16082832114182374,14.91233053542447
2021-02-08,-0.0023923223544196626,-1.0,0.0023923223544196626,0.0003923223544196625,0.16089141768743148,14.876655433728079
2021-02-09,0.005155853821390943,1.0,0.005155853821390943,0.0031558538213909432,0.16139916748276936,14.953357294495582
2021-02-10,0.0009543034649355242,-1.0,-0.0009543034649355242,-0.0029543034649355242,0.16092234536303732,14.967627335174138
2021-02-11,0.0004769064021672431,1.0,0.0004769064021672431,-0.001523093597832757,0.16067724556906665,14.974765492475536
2021-02-12,-0.009767783659135554,1.0,-0.009767783659135554,-0.009767783659135554,0.1591077849954022,14.828495222798747
2021-02-16,-0.023337093274753862,-1.0,0.023337093274753862,0.02133709327475386,0.1625026826445886,14.48244124666005
2021-02-17,-0.0062815308480564935,1.0,-0.0062815308480564935,-0.008281530848056494,0.1611569116653755,14.39146934521399
2021-02-18,0.0006195903009540427,1.0,0.0006195903009540427,0.0006195903009540427,0.16125676292477506,14.400386160036762
2021-02-19,-0.03257778504391029,-1.0,0.03257778504391029,0.03057778504391029,0.16618763755836566,13.931253475165784
2021-02-22,-0.0384122815540594,-1.0,0.0384122815540594,0.0384122815540594,0.17257128388306156,13.396122244276746
2021-02-23,-0.005193058047671006,1.0,-0.005193058047671006,-0.0071930580476710065,0.17132996862072958,13.32655540384852
2021-02-24,-0.012715571827930483,-1.0,0.012715571827930483,0.010715571827930483,0.1731658672057621,13.15710063139199
2021-02-25,0.009335293730910132,1.0,0.009335293730910132,0.0073352937309101324,0.17443608970588415,13.279926030433176
2021-02-26,-0.007831346717385945,1.0,-0.007831346717385945,-0.007831346717385945,0.17307002020737233,13.175926325307614
2021-03-01,0.03307042240778668,-1.0,-0.03307042240778668,-0.03507042240778668,0.1670003814925756,13.611659774499413
2021-03-02,-0.0048742585336686295,1.0,-0.0048742585336686295,-0.0068742585336686295,0.16585237769497435,13.545313025686166
2021-03-03,-0.039979131404642154,1.0,-0.039979131404642154,-0.039979131404642154,0.15922174369333464,13.003783176315247
2021-03-04,-0.016960479323452793,-1.0,0.016960479323452793,0.014960479323452793,0.16160377729770287,12.783232780626689
2021-03-05,-0.008276307759999435,-1.0,0.008276307759999435,0.008276307759999435,0.16294125989379707,12.677434811966508
2021-03-08,0.0022630041079505503,-1.0,-0.0022630041079505503,-0.0022630041079505503,0.16257252315330276,12.706123899024263
2021-03-09,0.04459498994557398,1.0,0.04459498994557398,0.04259498994557398,0.16949729814244427,13.272753366548468
2021-03-10,0.005944692673392371,-1.0,-0.005944692673392371,-0.007944692673392371,0.1681506941997322,13.351655806242333
2021-03-11,0.005371880681000585,1.0,0.005371880681000585,0.0033718806810005848,0.1687176782770011,13.423379308127254
2021-03-12,0.0108201453038681,-1.0,-0.0108201453038681,-0.0128201453038681,0.16655469312615867,13.568622222710127
2021-03-15,-0.001982243500141756,-1.0,0.001982243500141756,0.001982243500141756,0.1668848450840261,13.541725909503281
2021-03-16,-0.001853791719290232,1.0,-0.001853791719290232,-0.003853791719290232,0.16624170564996624,13.516622370147346
2021-03-17,-0.03210410818446929,-1.0,0.03210410818446929,0.03010410818446929,0.1712462639416235,13.082683263287517
2021-03-18,-0.025082277413385867,1.0,-0.025082277413385867,-0.02708227741338587,0.16660852511555058,12.754539772366279
2021-03-19,-0.004077214109878602,-1.0,0.004077214109878602,0.002077214109878602,0.16695460669474665,12.70253678284138
2021-03-22,0.011999262096778596,-1.0,-0.011999262096778596,-0.011999262096778596,0.1649512746107518,12.854957850992664
2021-03-23,0.03250073009951859,-1.0,-0.03250073009951859,-0.03250073009951859,0.15959023775505618,13.272753366548464
2021-03-24,-0.016076609191259417,1.0,-0.016076609191259417,-0.01807660919125942,0.15670538739641784,13.059372497782492
2021-03-25,0.008512961668732721,1.0,0.008512961668732721,0.008512961668732721,0.15803941435260746,13.170546435273817
2021-03-26,0.008304863863993539,-1.0,-0.008304863863993539,-0.010304863863993539,0.15641083970255856,13.279926030433172
2021-03-29,0.009992035898573892,-1.0,-0.009992035898573892,-0.009992035898573892,0.1548479769773245,13.412619528059667
2021-03-30,-0.007753986712964234,1.0,-0.007753986712964234,-0.009753986712964234,0.1533375918673583,13.308618254453048
2021-03-31,0.018728146822240888,1.0,0.018728146822240888,0.018728146822240888,0.15620932080121902,13.5578640111236
2021-04-01,0.002115816331547782,-1.0,-0.002115816331547782,-0.004115816331547782,0.1555663919275254,13.586549961219239
2021-04-05,0.013330048576383424,1.0,0.013330048576383424,0.011330048576383424,0.15732896670491694,13.767659332187751
2021-04-06,0.010158809219087184,-1.0,-0.010158809219087184,-0.012158809219087184,0.15541603381411573,13.907522356736832
2021-04-07,-0.0019337143996536188,-1.0,0.0019337143996536188,0.0019337143996536188,0.15571656403663914,13.880629180492106
2021-04-08,0.004520930419661617,-1.0,-0.004520930419661617,-0.004520930419661617,0.1550125802854407,13.943382539198234
2021-04-09,0.002315479334819459,1.0,0.002315479334819459,0.00031547933481945907,0.1550614835511578,13.97566815332523
2021-04-12,-0.0038493567009939555,1.0,-0.0038493567009939555,-0.0038493567009939555,0.1544645965903841,13.92187082146836
2021-04-13,0.01803195373242139,1.0,0.01803195373242139,0.01803195373242139,0.15724989504939904,14.172909351989825
2021-04-14,0.0011384370179390313,1.0,0.0011384370179390313,0.0011384370179390313,0.1574289141509903,14.189044316648024
2021-04-15,0.013269536034382856,1.0,0.013269536034382856,0.013269536034382856,0.15951792280017063,14.37732635150124
2021-04-16,0.00947863834453666,1.0,0.00947863834453666,0.00947863834453666,0.16102993549986516,14.513603828348497
2021-04-19,-0.014208141842800504,-1.0,0.014208141842800504,0.012208141842800503,0.16299581179338454,14.30739248650511
2021-04-20,0.009274251810001743,-1.0,-0.009274251810001743,-0.009274251810001743,0.16148414759083704,14.440082847169485
2021-04-21,-0.03178936593322135,-1.0,0.03178936593322135,0.03178936593322135,0.16661762625101648,13.981041769434782
2021-04-22,0.004488685228410061,1.0,0.004488685228410061,0.002488685228410061,0.16703228507626014,14.043798265103028
2021-04-23,-0.0010213589669677559,1.0,-0.0010213589669677559,-0.0010213589669677559,0.1668616851541244,14.029454505814678
2021-04-26,-0.003962050002839668,1.0,-0.003962050002839668,-0.003962050002839668,0.16620057081398565,13.973869105550076
2021-04-27,-0.00834095375631383,1.0,-0.00834095375631383,-0.00834095375631383,0.16481429953855323,13.8573137095439
2021-04-28,-0.00245866885074153,1.0,-0.00245866885074153,-0.00245866885074153,0.164409075754121,13.823243163971291
2021-04-29,0.0016865725496246764,1.0,0.0016865725496246764,0.0016865725496246764,0.16468636358819708,13.846557066438432
2021-04-30,0.003755662095304979,1.0,0.003755662095304979,0.003755662095304979,0.1653048699215389,13.898560055963333
2021-05-03,-0.010450325967517382,-1.0,0.010450325967517382,0.008450325967517382,0.16670174995639397,13.7533155728994
2021-05-04,-0.013168073150462534,1.0,-0.013168073150462534,-0.015168073150462534,0.16417320561874527,13.572210907374064
2021-05-05,-0.025234910249422926,1.0,-0.025234910249422926,-0.025234910249422926,0.16003030950959618,13.22971738324024
2021-05-06,0.0031175857158236564,1.0,0.0031175857158236564,0.0031175857158236564,0.16052921771662212,13.270962161178614
2021-05-07,0.007025978403569777,1.0,0.007025978403569777,0.007025978403569777,0.16165709253344107,13.364203654717647
2021-05-10,0.003622802719331908,1.0,0.003622802719331908,0.003622802719331908,0.1622427442878705,13.412619528059663
2021-05-11,-0.009759402704347164,1.0,-0.009759402704347164,-0.009759402704347164,0.16065935201050674,13.281720372765138
2021-05-12,-0.03415675008417096,1.0,-0.03415675008417096,-0.03415675008417096,0.155171750675199,12.828059969304757
2021-05-13,0.015236130308278861,-1.0,-0.015236130308278861,-0.017236130308278863,0.1524971901603975,13.0235099625995
2021-05-14,0.006746504762435324,1.0,0.006746504762435324,0.0047465047624353236,0.15322101879975183,13.1113731345858
2021-05-17,-0.016685108245859226,1.0,-0.016685108245859226,-0.016685108245859226,0.15066450951553714,12.892608454583385
2021-05-18,0.005424581240065951,1.0,0.005424581240065951,0.005424581240065951,0.15148180138739886,12.962545456541633
2021-05-19,0.005118161113809361,1.0,0.005118161113809361,0.005118161113809361,0.15225710965270964,13.028889852633291
2021-05-20,0.022433297007202313,-1.0,-0.022433297007202313,-0.024433297007202315,0.1485369664711068,13.321170808371539
2021-05-21,0.0020191830038693848,1.0,0.0020191830038693848,1.918300386938472e-05,0.14853981585630938,13.348068690059444
2021-05-24,-0.005508221439996408,-1.0,0.005508221439996408,0.003508221439996408,0.1490609264229896,13.274544571918314
2021-05-25,-0.008915008686906534,1.0,-0.008915008686906534,-0.010915008686906534,0.14743392511620432,13.156201891744935
2021-05-26,0.0013628622742518637,1.0,0.0013628622742518637,0.0013628622742518637,0.14763485725069006,13.174131982975636
2021-05-27,-0.006397324155735462,1.0,-0.006397324155735462,-0.006397324155735462,0.14669038921217167,13.089852790210099
2021-05-28,0.0030139379502394092,-1.0,-0.0030139379502394092,-0.005013937950239409,0.14595489270276538,13.12930479429756
2021-06-01,-0.009816547288146182,1.0,-0.009816547288146182,-0.011816547288146182,0.14423020981120685,13.000420352923854
2021-06-02,0.008180751704024214,-1.0,-0.008180751704024214,-0.010180751704024214,0.14276183785689964,13.106773563879067
2021-06-03,-0.0046760857733545436,1.0,-0.0046760857733545436,-0.006676085773354544,0.14180874758220524,13.045485166482433
2021-06-04,-0.00041467918631499234,1.0,-0.00041467918631499234,-0.00041467918631499234,0.1417499424461455,13.04007547530851
2021-06-07,0.0017973678538298898,-1.0,-0.0017973678538298898,-0.00379736785382989,0.14121166577141828,13.063513287779346
2021-06-08,-0.004553795297671304,1.0,-0.004553795297671304,-0.006553795297671304,0.14028619342030924,13.00402472239839
2021-06-09,0.004296971374249781,1.0,0.004296971374249781,0.004296971374249781,0.14088899917763878,13.059902644380571
2021-06-10,0.01463105891876082,1.0,0.01463105891876082,0.01463105891876082,0.14295035442561205,13.250982849443783
2021-06-11,-0.0002723628095152586,1.0,-0.0002723628095152586,-0.0002723628095152586,0.14291142006545948,13.24737377452607
2021-06-14,-0.0024490915155110926,1.0,-0.0024490915155110926,-0.0024490915155110926,0.14256141691910754,13.214929743812073
2021-06-15,0.001636736193732613,1.0,0.001636736193732613,0.001636736193732613,0.14279475235000885,13.236559097621404
2021-06-16,-0.0017705692103915371,1.0,-0.0017705692103915371,-0.0017705692103915371,0.14254192435809243,13.213122853631628
2021-06-17,0.01746276657876078,1.0,0.01746276657876078,0.01746276657876078,0.14503110071084518,13.443860533801086
2021-06-18,-0.01743115744579471,-1.0,0.01743115744579471,0.01543115744579471,0.14726909846045116,13.209518484157094
2021-06-21,0.014328911424966506,1.0,0.014328911424966506,0.012328911424966506,0.14908476613100474,13.39879650448304
2021-06-22,-0.002959778894542908,1.0,-0.002959778894542908,-0.002959778894542908,0.14864350818671232,13.359139029376795
2021-06-23,-0.010255075408177716,1.0,-0.010255075408177716,-0.010255075408177716,0.1471191578013215,13.222140051242206
2021-06-24,-0.006407548558399423,1.0,-0.006407548558399423,-0.006407548558399423,0.1461764846538387,13.137418546817914
2021-06-25,0.013446696862875251,-1.0,-0.013446696862875251,-0.015446696862875251,0.1439185408069101,13.31407343157769
2021-06-28,0.01746536555161482,1.0,0.01746536555161482,0.01546536555161482,0.14614429365014397,13.546608591041236
2021-06-29,-0.014238194861990627,-1.0,0.014238194861990627,0.012238194861990627,0.14793283599380244,13.353729338202875
2021-06-30,-0.010799294368893264,-1.0,0.010799294368893264,0.010799294368893264,0.14953040623652472,13.209518484157096
2021-07-01,0.012418405733464422,-1.0,-0.012418405733464422,-0.012418405733464422,0.1476734769823898,13.373559644237057
2021-07-02,0.0012130502296385792,1.0,0.0012130502296385792,-0.0007869497703614208,0.14755726537359004,13.389782443834584
2021-07-06,0.01144306936231132,-1.0,-0.01144306936231132,-0.01344306936231132,0.1455736428202599,13.543002653085642
2021-07-07,0.0026620047321954665,1.0,0.0026620047321954665,0.0006620047321954665,0.14567001326068985,13.579054190236292
2021-07-08,-0.002654937276601488,1.0,-0.002654937276601488,-0.002654937276601488,0.145283268512401,13.543002653085642
2021-07-09,-0.0018632295902354379,1.0,-0.0018632295902354379,-0.0018632295902354379,0.1450125724275426,13.517768929801775
2021-07-12,0.0013335449739870775,1.0,0.0013335449739870775,0.0013335449739870775,0.14520595321466828,13.535795482617631
2021-07-13,-0.0030630802879532126,-1.0,0.0030630802879532126,0.0010630802879532126,0.14536031880122424,13.49433425429306
2021-07-14,0.011220742956219443,1.0,0.011220742956219443,0.009220742956219443,0.14670064893692444,13.645750710325789
2021-07-15,0.014795324769786733,1.0,0.014795324769786733,0.014795324769786733,0.1488711326818847,13.847644023812608
2021-07-16,0.014319327076237842,1.0,0.014319327076237842,0.014319327076237842,0.15100286712296662,14.045932967824891
2021-07-19,-0.011935409449657763,-1.0,0.011935409449657763,0.009935409449657763,0.15250314243590557,13.878289006751455
2021-07-20,0.00233809341637059,-1.0,-0.00233809341637059,-0.00233809341637059,0.15214657584260036,13.910737742908628
2021-07-21,-0.016716685892977035,1.0,-0.016716685892977035,-0.018716685892977036,0.1492988961728624,13.678196309520844
2021-07-22,0.0031632912356214238,1.0,0.0031632912356214238,0.0031632912356214238,0.14977117206261398,13.721464428025861
2021-07-23,0.014187866144657502,1.0,0.014187866144657502,0.014187866144657502,0.15189610540416681,13.916142728639372
2021-07-26,-0.0037563811874821162,-1.0,0.0037563811874821162,0.0017563811874821162,0.1521628928661505,13.863868391891195
2021-07-27,0.01235201873144387,1.0,0.01235201873144387,0.01035201873144387,0.15373808598333158,14.035115153958108
2021-07-28,-0.0001285171655908135,-1.0,0.0001285171655908135,-0.0018714828344091865,0.15345036779441884,14.03331140073978
2021-07-29,0.003982308847219285,-1.0,-0.003982308847219285,-0.003982308847219285,0.15283928103714206,14.08919638088673
2021-07-30,-0.0033263936982873554,1.0,-0.0033263936982873554,-0.0053263936982873555,0.15202519885377505,14.042330166831414
2021-08-02,0.011681569418175552,-1.0,-0.011681569418175552,-0.013681569418175553,0.1499452555423452,14.206366621468197
2021-08-03,0.007739966109494567,1.0,0.007739966109494567,0.005739966109494567,0.15080593622743776,14.316323417657415
2021-08-04,0.005666059125886358,-1.0,-0.005666059125886358,-0.007666059125886358,0.14964984900378359,14.397440552607174
2021-08-05,0.007762746854990565,-1.0,-0.007762746854990565,-0.007762746854990565,0.14848815510907964,14.509204238976839
2021-08-06,0.00149094949765316,-1.0,-0.00149094949765316,-0.00149094949765316,0.1482667667688123,14.53083672974829
2021-08-09,-0.0006203400957636163,1.0,-0.0006203400957636163,-0.0026203400957636163,0.14787825741497876,14.521822669099832
2021-08-10,-0.00037252150072264456,-1.0,0.00037252150072264456,-0.0016274784992773555,0.14763758873052527,14.51641297792591
2021-08-11,0.02284864836888989,-1.0,-0.02284864836888989,-0.02284864836888989,0.14426426937959072,14.848093393636129
2021-08-12,0.007648515408423151,1.0,0.007648515408423151,0.005648515408423151,0.14507914832806626,14.96165926474306
2021-08-13,0.00542145737664157,1.0,0.00542145737664157,0.00542145737664157,0.14586568874696634,15.0427732627307
2021-08-16,0.005991556579560742,1.0,0.005991556579560742,0.005991556579560742,0.1467396512741104,15.132902889847854
2021-08-17,0.00011929777865660185,1.0,0.00011929777865660185,0.00011929777865660185,0.14675715698854824,15.134708211547238
2021-08-18,0.005478648814828402,1.0,0.005478648814828402,0.005478648814828402,0.14756118791275113,15.217625962753205
2021-08-19,0.0015399692150455113,-1.0,-0.0015399692150455113,-0.0035399692150455114,0.14703882585020445,15.241060638261922
2021-08-20,0.020461490346434186,1.0,0.020461490346434186,0.018461490346434184,0.149753381714189,15.552915453381138
2021-08-23,-0.021789732035661036,1.0,-0.021789732035661036,-0.021789732035661036,0.14649029565520277,15.214021593278671
2021-08-24,-0.003080668101466344,1.0,-0.003080668101466344,-0.003080668101466344,0.1460390076742034,15.167152242261238
2021-08-25,0.004635281917343637,-1.0,-0.004635281917343637,-0.006635281917343637,0.14506999768735596,15.23745626878739
2021-08-26,-0.003981045385976101,1.0,-0.003981045385976101,-0.005981045385976101,0.14420232744704442,15.176795263814522
2021-08-27,-0.004772785757913067,-1.0,0.004772785757913067,0.002772785757913067,0.14460216960684752,15.104359671528625
2021-08-30,0.006474087864416056,-1.0,-0.006474087864416056,-0.006474087864416056,0.1436660024554276,15.202146623177844
2021-08-31,0.00047656519786420937,1.0,0.00047656519786420937,-0.0015234348021357907,0.14344713666740327,15.20939143719128
2021-09-01,0.01607308816061881,1.0,0.01607308816061881,0.01607308816061881,0.14575277514144677,15.453853326630616
2021-09-02,0.01335809663717269,-1.0,-0.01335809663717269,-0.01535809663717269,0.14351428993568832,15.66028739278444
2021-09-03,-0.009134682075424894,1.0,-0.009134682075424894,-0.011134682075424894,0.1419163039439741,15.51723564624157
2021-09-07,-0.007702492661344484,-1.0,0.007702492661344484,0.005702492661344484,0.14272558062573973,15.397714252552042
2021-09-08,0.016582528255440376,-1.0,-0.016582528255440376,-0.016582528255440376,0.14035882965223925,15.653047284214184
2021-09-09,-0.006941457144864049,1.0,-0.006941457144864049,-0.00894145714486405,0.1391038171920005,15.54439232730428
2021-09-10,-0.010600803695080208,-1.0,0.010600803695080208,0.008600803695080208,0.1403002218169052,15.379609275683217
2021-09-13,-0.004121293782946123,-1.0,0.004121293782946123,0.004121293782946123,0.14087844024882518,15.316225387591203
2021-09-14,0.0007096770559769094,1.0,0.0007096770559769094,-0.0012903229440230906,0.14069666156505392,15.327094961332948
2021-09-15,-0.00035458688581124775,-1.0,0.00035458688581124775,-0.0016454131141887523,0.1404651574329922,15.321660174462076
2021-09-16,-0.00720941969417932,-1.0,0.00720941969417932,0.00720941969417932,0.14147782970533562,15.211199895852786
2021-09-17,-0.02809514701158844,1.0,-0.02809514701158844,-0.03009514701158844,0.1372200336214731,14.783838998556144
2021-09-20,0.0006124823976294547,1.0,0.0006124823976294547,0.0006124823976294547,0.13730407847666837,14.792893839712148
2021-09-21,0.0028153975835909506,1.0,0.0028153975835909506,0.0028153975835909506,0.13769064404742876,14.834541717282791
2021-09-22,-0.00024402872391482422,1.0,-0.00024402872391482422,-0.00024402872391482422,0.13765704357526684,14.830921662997662
2021-09-23,-0.007692694113908272,1.0,-0.007692694113908272,-0.007692694113908272,0.13659809004641738,14.716831919216885
2021-09-24,-0.007013216444971548,-1.0,0.007013216444971548,0.005013216444971548,0.1372828858377898,14.61361959158315
2021-09-27,-0.02403968551425928,1.0,-0.02403968551425928,-0.02603968551425928,0.1337080826640838,14.262312772376474
2021-09-28,-0.018918576811161603,1.0,-0.018918576811161603,-0.018918576811161603,0.13117851603193018,13.992490112687458
2021-09-29,0.013977286293253677,1.0,0.013977286293253677,0.013977286293253677,0.13301203570603262,14.188067152948012
2021-09-30,0.002169088046667822,1.0,0.002169088046667822,0.002169088046667822,0.13330055052274553,14.218842319814792
2021-10-01,0.008787959615053298,1.0,0.008787959615053298,0.008787959615053298,0.1344719903774038,14.343796931894135
2021-10-04,0.0018941448376734726,-1.0,-0.0018941448376734726,-0.0038941448376734727,0.13394833697026395,14.370966160805319
2021-10-05,0.001511512444520191,1.0,0.001511512444520191,-0.000488487555479809,0.13388290487457677,14.392688054997155
2021-10-06,0.021389257747900903,1.0,0.021389257747900903,0.021389257747900903,0.1367465608349768,14.700536969490624
2021-10-07,-0.0032028920453921472,1.0,-0.0032028920453921472,-0.0032028920453921472,0.13630857636304372,14.653452736568049
2021-10-08,-0.008773824590728285,1.0,-0.008773824590728285,-0.008773824590728285,0.1351126288238225,14.524885912608873
2021-10-11,-0.029672331204465774,1.0,-0.029672331204465774,-0.029672331204465774,0.131103522151456,14.093898687102863
2021-10-12,0.013362566451424751,1.0,0.013362566451424751,0.013362566451424751,0.13285540167822066,14.282229344868924
2021-10-13,0.016736528955098917,1.0,0.016736528955098917,0.016736528955098917,0.1350789399552495,14.521264289842685
2021-10-14,0.015837147081982694,1.0,0.015837147081982694,0.015837147081982694,0.1372182049949991,14.751239688217266
2021-10-15,0.002578259829854934,1.0,0.002578259829854934,0.002578259829854934,0.1375719891808625,14.789272216945959
2021-10-18,-0.008326403501692226,1.0,-0.008326403501692226,-0.008326403501692226,0.1364265092884122,14.6661307689713
2021-10-19,0.012840981972039867,-1.0,-0.012840981972039867,-0.014840981972039867,0.13440180592355455,14.85445828977524
2021-10-20,0.023040459628697274,1.0,0.023040459628697274,0.021040459628697272,0.1372296816951131,15.196711836306973
2021-10-21,-0.0013105843360710079,-1.0,0.0013105843360710079,-0.0006894156639289922,0.1371350734029965,15.176795263814524
2021-10-22,0.007278131397844723,1.0,0.007278131397844723,0.005278131397844723,0.13785889033967058,15.287253973942754
2021-10-25,-0.0015399320414826168,1.0,-0.0015399320414826168,-0.0015399320414826168,0.13764659701723328,15.263712641721996
2021-10-26,0.013999450240327116,1.0,0.013999450240327116,0.013999450240327116,0.1395735737029264,15.477396227332436
2021-10-27,-0.00538197064156698,-1.0,0.00538197064156698,0.00338197064156698,0.14004560743152827,15.394097335229034
2021-10-28,0.01658611873491611,1.0,0.01658611873491611,0.014586118734916111,0.142088329289828,15.649425661448
2021-10-29,-0.012612553921647285,1.0,-0.012612553921647285,-0.012612553921647285,0.14029623257502327,15.452046436450177
2021-11-01,0.003046815039873252,-1.0,-0.003046815039873252,-0.005046815039873252,0.13958818343842608,15.499125963929574
2021-11-02,-0.001986213791976277,1.0,-0.001986213791976277,-0.003986213791976277,0.13903175509640692,15.468341386176439
2021-11-03,-0.002107485833485079,1.0,-0.002107485833485079,-0.002107485833485079,0.13873874764213667,15.435742075837561
2021-11-04,-0.005631119932073325,1.0,-0.005631119932073325,-0.005631119932073325,0.13795749311493816,15.34882156096797
2021-11-05,0.009084501839249137,1.0,0.009084501839249137,0.009084501839249137,0.13921076821487902,15.48825795866889
2021-11-08,-0.010990020340899909,-1.0,0.010990020340899909,0.008990020340899909,0.14046227585280308,15.318041688658015
2021-11-09,0.004137346468618297,1.0,0.004137346468618297,0.002137346468618297,0.14076249240207114,15.381417734344732
2021-11-10,0.003061009411140736,1.0,0.003061009411140736,0.003061009411140736,0.1411933677160495,15.428500398786248
2021-11-11,0.0019954075534531768,1.0,0.0019954075534531768,0.0019954075534531768,0.14147510602848762,15.459286545020442
2021-11-12,0.011010717603055609,-1.0,-0.011010717603055609,-0.013010717603055609,0.13963441337608862,15.62950438351238
2021-11-15,0.011933779700602276,1.0,0.011933779700602276,0.009933779700602276,0.1410215108771895,15.816023445654814
2021-11-16,-0.004121719344650443,1.0,-0.004121719344650443,-0.004121719344650443,0.14044025978779515,15.750834235863413
2021-11-17,0.009197484110385679,-1.0,-0.009197484110385679,-0.011197484110385679,0.13886768221036289,15.895702283473087
2021-11-18,-0.0020507267484313196,-1.0,0.0020507267484313196,0.0020507267484313196,0.13915246188076433,15.863104541615268
2021-11-19,0.008105067268834976,1.0,0.008105067268834976,0.006105067268834976,0.1400019970211704,15.991676071017622
2021-11-22,-0.010757436140626742,1.0,-0.010757436140626742,-0.010757436140626742,0.13849593447865494,15.81964663690206
2021-11-23,-0.0005725777778746721,1.0,-0.0005725777778746721,-0.0005725777778746721,0.13841663478424648,15.81058865878394
2021-11-24,0.0032790053283713316,1.0,0.0032790053283713316,0.0032790053283713316,0.13887050366723927,15.86243166324078
2021-11-26,-0.012842664529798764,1.0,-0.012842664529798764,-0.012842664529798764,0.13708703637555672,15.658715774762921
2021-11-29,0.02985246554693033,1.0,0.02985246554693033,0.02985246554693033,0.14117942240588882,16.126167047938207
2021-11-30,-0.021204621047871797,1.0,-0.021204621047871797,-0.021204621047871797,0.13818576625401452,15.784217786732
2021-12-01,0.01221448702413852,1.0,0.01221448702413852,0.01221448702413852,0.13987363450284482,15.977013910074215
2021-12-02,0.00888036152882643,1.0,0.00888036152882643,0.00888036152882643,0.141115762945581,16.118895569746762
2021-12-03,-0.006657743616540479,-1.0,0.006657743616540479,0.004657743616540479,0.14177304398963403,16.011580095661596
2021-12-06,0.012722838739128273,1.0,0.012722838739128273,0.010722838739128273,0.1432932534778902,16.215292847177334
2021-12-07,0.014133485725871031,1.0,0.014133485725871031,0.014133485725871031,0.1453184866305336,16.444471457173734
2021-12-08,-0.000995485738763069,-1.0,0.000995485738763069,-0.0010045142612369311,0.14517251213829185,16.42810122035662
2021-12-09,-0.0045394777796066155,1.0,-0.0045394777796066155,-0.0065394777796066155,0.14422315972095381,16.35352621990568
2021-12-10,0.004115248045672093,-1.0,-0.004115248045672093,-0.006115248045672093,0.1433411993253296,16.420825036721997
2021-12-13,0.0161718319349049,1.0,0.0161718319349049,0.014171831934904901,0.14537260671151586,16.686379859448344
2021-12-14,-0.018639458723737068,-1.0,0.018639458723737068,0.016639458723737066,0.1477915282004542,16.375354770809558
2021-12-15,0.021881536892317754,1.0,0.021881536892317754,0.019881536892317753,0.15072985092074354,16.733672700351818
2021-12-16,0.0024999268890191217,1.0,0.0024999268890191217,0.0024999268890191217,0.15110666452803814,16.77550565868747
2021-12-17,-0.013986689396723762,1.0,-0.013986689396723762,-0.013986689396723762,0.14899318254550953,16.540871871566427
2021-12-20,-0.010996141588254682,-1.0,0.010996141588254682,0.008996141588254682,0.1503335463113736,16.358986102473505
2021-12-21,0.005670276218388004,1.0,0.005670276218388004,0.003670276218388004,0.15088531195122618,16.4517460723273
2021-12-22,0.003869494488828229,1.0,0.003869494488828229,0.003869494488828229,0.15146916183426656,16.515406013085773
2021-12-23,-0.001101281212860461,1.0,-0.001101281212860461,-0.001101281212860461,0.15130235169201076,16.4972179067208
2021-12-27,0.006835642431734401,1.0,0.006835642431734401,0.006835642431734401,0.15233660046725786,16.60998698944955
2021-12-28,0.0061324730130865035,1.0,0.0061324730130865035,0.0061324730130865035,0.15327080055852865,16.711847286410066
2021-12-29,0.001197019520878806,-1.0,-0.001197019520878806,-0.003197019520878806,0.1527807908171623,16.731851693841843
2021-12-30,0.008479078281416141,-1.0,-0.008479078281416141,-0.008479078281416141,0.15148535053192694,16.873722374146972
2021-12-31,0.006360009972111946,-1.0,-0.006360009972111946,-0.006360009972111946,0.150521902191915,16.981039416713195
2022-01-03,-0.018208876560614762,-1.0,0.018208876560614762,0.018208876560614762,0.15326273692859652,16.67183376610333
2022-01-04,-0.010691781178905124,1.0,-0.010691781178905124,-0.012691781178905124,0.15131755980861866,16.49358216762507
2022-01-05,-0.010476300063524402,1.0,-0.010476300063524402,-0.010476300063524402,0.14973231164718329,16.320790451714636
2022-01-06,-0.04413272820318148,1.0,-0.04413272820318148,-0.04413272820318148,0.14312421623402408,15.600509442648034
2022-01-07,0.007462106584258388,-1.0,-0.007462106584258388,-0.009462106584258388,0.1417699596452293,15.716922106877803
2022-01-10,-0.024534270987008333,1.0,-0.024534270987008333,-0.026534270987008335,0.13800819711818554,15.331318880825961
2022-01-11,0.005931888149605324,1.0,0.005931888149605324,0.005931888149605324,0.1388268463072193,15.422262549612952
2022-01-12,0.0035383280736243083,1.0,0.0035383280736243083,0.0035383280736243083,0.13931806123488086,15.476831574151053
2022-01-13,-0.0022332121700536778,1.0,-0.0022332121700536778,-0.0022332121700536778,0.13900693444502285,15.442268525525787
2022-01-14,-0.020023432346083614,1.0,-0.020023432346083614,-0.020023432346083614,0.13622353849752644,15.133061306434865
2022-01-18,-0.023437570446881106,1.0,-0.023437570446881106,-0.023437570446881106,0.13303078971746723,14.778379115988328
2022-01-19,0.016492402539732165,-1.0,-0.016492402539732165,-0.018492402539732167,0.13057073080383336,15.022110093253978
2022-01-20,0.011139349781555508,1.0,0.011139349781555508,0.009139349781555508,0.1317640623838829,15.18944663203977
2022-01-21,-0.01089684863224294,1.0,-0.01089684863224294,-0.01089684863224294,0.13032824934091633,15.023929531282901
2022-01-24,-0.008232685005996165,1.0,-0.008232685005996165,-0.008232685005996165,0.12925529791670964,14.900242251899565
2022-01-25,-0.08325193680576759,1.0,-0.08325193680576759,-0.08325193680576759,0.11849454402273707,13.659768225553794
2022-01-26,-0.03275597476838388,1.0,-0.03275597476838388,-0.03275597476838388,0.11461313972853714,13.212329202215582
2022-01-27,-0.0017898425456150946,1.0,-0.0017898425456150946,-0.0017898425456150946,0.11440800025476447,13.188681213282784
2022-01-28,-0.00013807343437388653,1.0,-0.00013807343437388653,-0.00013807343437388653,0.11439220354924945,13.186860206772804
2022-01-31,0.07751735136441584,1.0,0.07751735136441584,0.07751735136441584,0.12325958418512639,14.209070682814644
2022-02-01,-0.01139270799573644,1.0,-0.01139270799573644,-0.01139270799573644,0.12185532373482935,14.047190889634559
2022-02-02,0.006474153409141703,1.0,0.006474153409141703,0.006474153409141703,0.12264423379440927,14.13813455842155
2022-02-03,-0.02521571678946588,1.0,-0.02521571678946588,-0.02521571678946588,0.1195516715291884,13.781631361465031
2022-02-04,0.0031678884120269757,1.0,0.0031678884120269757,0.0031678884120269757,0.11993039788406418,13.825290031753843
2022-02-07,-0.004341736774124749,1.0,-0.004341736774124749,-0.004341736774124749,0.11940969166523552,13.765264261610037
2022-02-08,-0.002907189065851634,1.0,-0.002907189065851634,-0.002907189065851634,0.11906254511526963,13.725246035860126
2022-02-09,0.01590279865715294,1.0,0.01590279865715294,0.01590279865715294,0.12095597279784595,13.943515860088295
2022-02-10,-0.015784119837733535,1.0,-0.015784119837733535,-0.015784119837733535,0.11904678922811511,13.723429734793324
2022-02-11,-0.006494197441843319,-1.0,0.006494197441843319,0.004494197441843319,0.11958180900372377,13.634307072516313
2022-02-14,-0.0005340124026164128,1.0,-0.0005340124026164128,-0.002534012402616413,0.11927878721658103,13.627026183438508
2022-02-15,0.002269556769996406,1.0,0.002269556769996406,0.002269556769996406,0.11954949719562538,13.65795349296805
2022-02-16,0.0018641997170798508,1.0,0.0018641997170798508,0.0018641997170798508,0.11977236133447451,13.68341464600553
2022-02-17,0.0019939268621436135,1.0,0.0019939268621436135,0.0019939268621436135,0.1200111786630817,13.71069837403405
2022-02-18,-0.016317320845916194,1.0,-0.016317320845916194,-0.016317320845916194,0.11805291775573962,13.486976509643355
2022-02-22,-0.0049902602122401385,-1.0,0.0049902602122401385,0.0029902602122401385,0.11840592669864347,13.419672987383866
2022-02-23,-0.019788238209223152,1.0,-0.019788238209223152,-0.021788238209223154,0.11582607016234961,13.154121301619636
2022-02-24,0.04314165504585632,-1.0,-0.04314165504585632,-0.04514165504585632,0.11059748965776367,13.72161186524546
2022-02-25,0.022799743585757426,1.0,0.022799743585757426,0.020799743585757424,0.11289788908387362,14.034461097356344
2022-02-28,0.020003455596479425,1.0,0.020003455596479425,0.020003455596479425,0.11515623699509914,14.31519881673783
2022-03-01,-0.010603946118630359,-1.0,0.010603946118630359,0.008603946118630358,0.11614703505342922,14.16340121980766
2022-03-02,0.0014201533087834228,1.0,0.0014201533087834228,-0.0005798466912165772,0.11607968757945887,14.183515420913597
2022-03-03,0.01598978638889248,1.0,0.01598978638889248,0.01598978638889248,0.11793577698794379,14.410306802737567
2022-03-04,0.018022563006752312,-1.0,-0.018022563006752312,-0.020022563006752314,0.11557440046245239,14.670017465036537
2022-03-07,0.04949508762367283,-1.0,-0.04949508762367283,-0.04949508762367283,0.10985403538450986,15.396111264909331
2022-03-08,-0.026490695692117816,-1.0,0.026490695692117816,0.026490695692117816,0.11276414520643205,14.988257566548631
2022-03-09,-0.01989042169313926,1.0,-0.01989042169313926,-0.02189042169313926,0.11029569051599686,14.690134803104593
2022-03-10,-0.0019919206349460206,1.0,-0.0019919206349460206,-0.0019919206349460206,0.11007599025411242,14.66087322046015
2022-03-11,-0.010728370559716427,1.0,-0.010728370559716427,-0.010728370559716427,0.10889505424093857,14.503585939822031
2022-03-14,-0.0002524089427169418,-1.0,0.0002524089427169418,-0.0017475910572830582,0.10870475021796475,14.499925105029357
2022-03-15,0.034056442893743544,-1.0,-0.034056442893743544,-0.034056442893743544,0.10500265309988797,14.993740976332347
2022-03-16,0.00646515336419573,1.0,0.00646515336419573,0.00446515336419573,0.10547150604962642,15.090677811247362
2022-03-17,0.0021816394100322434,1.0,0.0021816394100322434,0.0021816394100322434,0.10570160684385974,15.123600228684479
2022-03-18,-0.0038697620199550364,1.0,-0.0038697620199550364,-0.0038697620199550364,0.10529256678024715,15.065075494914533
2022-03-21,-0.006920126660587833,-1.0,0.006920126660587833,0.004920126660587833,0.10581061954522437,14.960823264338407
2022-03-22,0.012836199725006825,-1.0,-0.012836199725006825,-0.012836199725006825,0.10445241329971516,15.152863379809983
2022-03-23,-0.0033798261271366092,-1.0,0.0033798261271366092,0.0033798261271366092,0.10480544429522802,15.10164933625797
2022-03-24,0.0136853202052305,-1.0,-0.0136853202052305,-0.0136853202052305,0.10337114823079638,15.308320243051766
2022-03-25,0.002867633234340472,-1.0,-0.002867633234340472,-0.002867633234340472,0.1030747176906578,15.352218890942668
2022-03-28,0.005837482055747412,-1.0,-0.005837482055747412,-0.005837482055747412,0.10247302087573736,15.441837193234452
2022-03-29,0.0022505634788507756,-1.0,-0.0022505634788507756,-0.0022505634788507756,0.10224239883738691,15.476590028067905
2022-03-30,0.010399050515305763,-1.0,-0.010399050515305763,-0.010399050515305763,0.10117917496707088,15.637531869574461
2022-03-31,-0.009239550777909833,-1.0,0.009239550777909833,0.009239550777909833,0.10211402509184617,15.493048099824344
2022-04-01,0.011804927037966095,-1.0,-0.011804927037966095,-0.011804927037966095,0.10090857647608388,15.67594240223847
2022-04-04,-0.00105009372299103,-1.0,0.00105009372299103,0.00105009372299103,0.10101453993883737,15.659481193519909
2022-04-05,0.008292591706346553,-1.0,-0.008292591706346553,-0.008292591706346553,0.10017686760272015,15.789338877390982
2022-04-06,0.0018531500521077326,1.0,0.0018531500521077326,-0.0001468499478922674,0.10016215663493268,15.818598891554366
2022-04-07,0.006821513851152483,-1.0,-0.006821513851152483,-0.008821513851152483,0.09927857478281632,15.926505682998929
2022-04-08,-0.011368812287062546,-1.0,0.011368812287062546,0.011368812287062546,0.10040725426364926,15.74544022950008
2022-04-11,-0.017539899518411617,1.0,-0.017539899518411617,-0.01953989951841162,0.09844530660441794,15.469266790001493
2022-04-12,-0.008157907597790337,-1.0,0.008157907597790337,0.006157907597790337,0.0990515237059241,15.343069940923094
2022-04-13,-0.004052802459998395,1.0,-0.004052802459998395,-0.006052802459998395,0.09845198439957029,15.280887509322593
2022-04-14,-0.008856989625326217,-1.0,0.008856989625326217,0.006856989625326217,0.09912706863519093,15.145544847186745
2022-04-18,-0.01328340195601041,1.0,-0.01328340195601041,-0.01528340195601041,0.09761206980051827,14.94436048713878
2022-04-19,0.0014687362476528687,-1.0,-0.0014687362476528687,-0.0034687362476528687,0.09727347927579279,14.966309811084232
2022-04-20,-0.003910536597849901,1.0,-0.003910536597849901,-0.005910536597849901,0.09669854081653302,14.907783508833226
2022-04-21,-0.06539087025133827,-1.0,0.06539087025133827,0.06339087025133827,0.10282834547092759,13.932950571672073
2022-04-22,-0.029272825825712556,1.0,-0.029272825825712556,-0.03127282582571256,0.09961261253306908,13.525093736349254
2022-04-25,0.0012172024475789467,1.0,0.0012172024475789467,0.0012172024475789467,0.09973386124885407,13.541556513548873
2022-04-26,-0.006348143312575494,1.0,-0.006348143312575494,-0.006348143312575494,0.09910073640452982,13.455592772125524
2022-04-27,-0.00407775453297865,1.0,-0.00407775453297865,-0.00407775453297865,0.09869662792743472,13.400724167705073
2022-04-28,0.003002893691172792,1.0,0.003002893691172792,0.003002893691172792,0.09899300340877805,13.44096511776542
2022-04-29,-0.03361017058924087,-1.0,0.03361017058924087,0.03161017058924087,0.10212218913367083,12.98921198727329
2022-05-02,-0.016192621159078824,1.0,-0.016192621159078824,-0.018192621159078826,0.10026431883482616,12.778882598408408
2022-05-03,0.012738026766665467,1.0,0.012738026766665467,0.012738026766665467,0.10154148841188565,12.941660346995011
2022-05-04,0.03250417506026637,1.0,0.03250417506026637,0.03250417506026637,0.10484201072710558,13.362318340484245
2022-05-05,-0.01669860796807432,1.0,-0.01669860796807432,-0.01669860796807432,0.103091295091389,13.139186224971889
2022-05-06,0.008769354900129755,1.0,0.008769354900129755,0.008769354900129755,0.1039953392451594,13.254408412077563
2022-05-09,-0.024285619954573012,1.0,-0.024285619954573012,-0.024285619954573012,0.10146974795920456,12.932516886659151
2022-05-10,-0.010182469929046367,1.0,-0.010182469929046367,-0.010182469929046367,0.10043653530190205,12.80083192235386
2022-05-11,0.0030001989881014435,1.0,0.0030001989881014435,0.0030001989881014435,0.10073786489348323,12.839236965334162
2022-05-12,-0.024073950214258844,-1.0,0.024073950214258844,0.022073950214258842,0.1029615475078327,12.530145813841637
2022-05-13,0.018829064279248575,-1.0,-0.018829064279248575,-0.018829064279248575,0.10102287791151682,12.766076734798819
2022-05-16,0.004584640367429671,1.0,0.004584640367429671,0.002584640367429671,0.10128398571980084,12.824604605530883
2022-05-17,0.027096666725167973,1.0,0.027096666725167973,0.027096666725167973,0.10402844412544696,13.172108642409007
2022-05-18,-0.01416295040618587,1.0,-0.01416295040618587,-0.01416295040618587,0.10255509443046558,12.985552720961676
2022-05-19,-0.007605631676291802,1.0,-0.007605631676291802,-0.007605631676291802,0.10177509815570013,12.886789389852973
2022-05-20,0.01078651111020501,1.0,0.01078651111020501,0.01078651111020501,0.1028728963826988,13.025792886781494
2022-05-23,0.018674204229451208,-1.0,-0.018674204229451208,-0.02067420422945121,0.10074608111320771,13.269039203399783
2022-05-24,0.029221487689664594,1.0,0.029221487689664594,0.027221487689664592,0.10348853932001284,13.656780269135607
2022-05-25,0.0016074404416670518,-1.0,-0.0016074404416670518,-0.003607440441667052,0.10311521057802077,13.678732730043176
2022-05-26,0.003342389627985609,1.0,0.003342389627985609,0.001342389627985609,0.10325363136718825,13.72445238444406
2022-05-27,0.03772676026881805,1.0,0.03772676026881805,0.03772676026881805,0.10714905636466307,14.24223150937279
2022-05-31,-0.022471798746072524,-1.0,0.022471798746072524,0.020471798746072523,0.10934259028239203,13.922182949199192
2022-06-01,0.006341550795270878,1.0,0.006341550795270878,0.004341550795270878,0.10981730669218953,14.010471179552592
2022-06-02,0.03085169015782685,1.0,0.03085169015782685,0.03085169015782685,0.11320535621222401,14.442717895349311
2022-06-03,0.0021655952177714877,1.0,0.0021655952177714877,0.0021655952177714877,0.11345051319026332,14.473994976155103
2022-06-06,0.0190622421918083,-1.0,-0.0190622421918083,-0.0210622421918083,0.11106099100466506,14.749901773873589
2022-06-07,-0.00511306962826219,-1.0,0.00511306962826219,0.00511306962826219,0.11162885358465571,14.674484499093746
2022-06-08,-0.016169122721734652,-1.0,0.016169122721734652,0.016169122721734652,0.11343379421755256,14.437210958349706
2022-06-09,-0.014651726135062493,1.0,-0.014651726135062493,-0.016651726135062495,0.11154492574178085,14.225680897233843
2022-06-10,-0.018489549509698056,1.0,-0.018489549509698056,-0.018489549509698056,0.1094825103147226,13.962654465975273
2022-06-13,-0.04610760947258841,1.0,-0.04610760947258841,-0.04610760947258841,0.10443453348505274,13.318869846657392
2022-06-14,-0.012843440531388084,-1.0,0.012843440531388084,0.010843440531388084,0.10556696313832119,13.147809733836551
2022-06-15,0.037912744761086525,1.0,0.037912744761086525,0.035912744761086524,0.10935816254071075,13.646279288442825
2022-06-16,-0.0447502188139165,1.0,-0.0447502188139165,-0.0447502188139165,0.1044643608379261,13.035605304289192
2022-06-17,-0.000846411022342286,1.0,-0.000846411022342286,-0.000846411022342286,0.10437594105147094,13.024571824276737
2022-06-21,0.0271147808820138,1.0,0.0271147808820138,0.0271147808820138,0.10720607182243556,13.377730235374052
2022-06-22,0.026949036469151144,1.0,0.026949036469151144,0.026949036469151144,0.11009517216169282,13.738247175361614
2022-06-23,0.03360539790728345,-1.0,-0.03360539790728345,-0.035605397907283454,0.10617518974920487,14.199926438238254
2022-06-24,0.010621654119857826,1.0,0.010621654119857826,0.008621654119857826,0.10709059551133279,14.350753145392646
2022-06-27,-0.00166578155058128,-1.0,0.00166578155058128,-0.00033421844941871996,0.10705480385855366,14.326847925566105
2022-06-28,-0.018616262497785807,-1.0,0.018616262497785807,0.018616262497785807,0.10904776418883348,14.060135563817909
2022-06-29,-0.005756247676166004,1.0,-0.005756247676166004,-0.007756247676166004,0.10820196272125274,13.979201941152104
2022-06-30,0.019210614039290252,1.0,0.019210614039290252,0.019210614039290252,0.1102805888653844,14.247750994220874
2022-07-01,0.04002074464741523,1.0,0.04002074464741523,0.04002074464741523,0.11469410015193253,14.817956598560544
2022-07-05,-0.01799894975606331,-1.0,0.01799894975606331,0.015998949756063308,0.11652908529758019,14.551248942255526
2022-07-06,0.005814415356558467,-1.0,-0.005814415356558467,-0.005814415356558467,0.11585153679454023,14.635855947562481
2022-07-07,0.010179902347268621,-1.0,-0.010179902347268621,-0.010179902347268621,0.11467217946319082,14.784847531877357
2022-07-08,-0.0016172972835346577,-1.0,0.0016172972835346577,0.0016172972835346577,0.11485763846753363,14.760936038126578
2022-07-11,0.005358318346398772,-1.0,-0.005358318346398772,-0.005358318346398772,0.11424219467610901,14.84002983250969
2022-07-12,-0.009048341884215438,-1.0,0.009048341884215438,0.009048341884215438,0.11527589711114156,14.705752169013186
2022-07-13,0.003877645749820413,-1.0,-0.003877645749820413,-0.003877645749820413,0.1148288980186518,14.762775866409273
2022-07-14,-0.0016199277784412214,1.0,-0.0016199277784412214,-0.0036199277784412214,0.1144132257009463,14.738861235696374
2022-07-15,-0.01772105505847088,-1.0,0.01772105505847088,0.01572105505847088,0.11621192232160811,14.477673064239436
2022-07-18,-0.01524574616554164,-1.0,0.01524574616554164,0.01524574616554164,0.11798365979073298,14.256950135634343
2022-07-19,0.018320169282571186,1.0,0.018320169282571186,0.016320169282571184,0.11990917309109503,14.51813987557234
2022-07-20,-0.007728675917857197,-1.0,0.007728675917857197,0.005728675917857197,0.12059609388331216,14.405933877543921
2022-07-21,0.007022703121733587,1.0,0.007022703121733587,0.005022703121733587,0.12120181226052874,14.507102474357236
2022-07-22,0.017497192441979115,-1.0,-0.017497192441979115,-0.019497192441979116,0.1188387172025686,14.760936038126577
2022-07-25,0.009096507003790721,1.0,0.009096507003790721,0.007096507003790721,0.11968205699151813,14.895208996179901
2022-07-26,-0.013213175013915501,-1.0,0.013213175013915501,0.011213175013915501,0.12102407284258943,14.698395992844528
2022-07-27,0.005881698865298768,1.0,0.005881698865298768,0.003881698865298768,0.12149385184881634,14.784847531877354
2022-07-28,0.051754043508426495,-1.0,-0.051754043508426495,-0.0537540435084265,0.11496306605052874,15.550023174307587
2022-07-29,-0.0005912811747754709,-1.0,0.0005912811747754709,0.0005912811747754709,0.11503104154727889,15.540828738337296
2022-08-01,0.009705089812956036,1.0,0.009705089812956036,0.007705089812956036,0.11591736605367856,15.691653877010628
2022-08-02,0.0042200587883507445,-1.0,-0.0042200587883507445,-0.006220058788350745,0.1151963532222339,15.757873578858065
2022-08-03,0.009221245593775018,-1.0,-0.009221245593775018,-0.009221245593775018,0.11413409935766443,15.903180801164375
2022-08-04,0.017580536735355645,-1.0,-0.017580536735355645,-0.017580536735355645,0.11212756063115027,16.182767255448248
2022-08-05,0.0,-1.0,-0.0,-0.0,0.11212756063115027,16.182767255448248
2022-08-08,-0.005228506930521903,-1.0,0.005228506930521903,0.005228506930521903,0.11271382035901274,16.098155544698113
2022-08-09,0.015996345117840427,-1.0,-0.015996345117840427,-0.015996345117840427,0.1109108111889997,16.35566719655178
2022-08-10,0.009671441795807256,-1.0,-0.009671441795807256,-0.009671441795807256,0.10983814373405952,16.513850079874825
2022-08-11,-0.003898253151759956,-1.0,0.003898253151759956,0.003898253151759956,0.11026632062405428,16.44947491175326
2022-08-12,0.011629347226927544,-1.0,-0.011629347226927544,-0.011629347226927544,0.10898399529408143,16.640771567202673
2022-08-15,0.005857967429512501,-1.0,-0.005857967429512501,-0.005857967429512501,0.10834557059931055,16.738252665045305
2022-08-16,-0.005164533409697802,-1.0,0.005164533409697802,0.005164533409697802,0.10890512491846348,16.651807399936715
2022-08-17,-0.003645262976052943,-1.0,0.003645262976052943,0.003645262976052943,0.10930211273823119,16.59110718293736
2022-08-18,0.00044328612952115876,-1.0,-0.00044328612952115876,-0.00044328612952115876,0.10925366062772697,16.598461790624956
2022-08-19,-0.005872804997908321,-1.0,0.005872804997908321,0.005872804997908321,0.10989528607190127,16.500982261263385
2022-08-22,-0.013042331829392073,1.0,-0.013042331829392073,-0.015042331829392073,0.10824220471232177,16.285770975101077
2022-08-23,-0.006324767787187491,1.0,-0.006324767787187491,-0.006324767787187491,0.10755759790274312,16.182767255448244
2022-08-24,0.00829737735300995,1.0,0.00829737735300995,0.00829737735300995,0.1084500438797255,16.31704178198263
2022-08-25,0.00766532235389783,-1.0,-0.00766532235389783,-0.00966532235389783,0.10740183924633359,16.442117167103547
2022-08-26,-0.01487852323819483,1.0,-0.01487852323819483,-0.01687852323819483,0.10558905480678948,16.197482744747674
2022-08-29,-0.007017719521492438,-1.0,0.007017719521492438,0.005017719521492438,0.10611887106834944,16.08381335389082
2022-08-30,-0.01516911589458092,1.0,-0.01516911589458092,-0.017169115894580922,0.10429690387237486,15.839836125098843
2022-08-31,-0.007467690837302254,1.0,-0.007467690837302254,-0.007467690837302254,0.10351804683896813,15.721549126003074
2022-09-01,0.014107655638198713,-1.0,-0.014107655638198713,-0.016107655638198715,0.10185061378814711,15.94334332717175
2022-09-02,-0.013331851098346004,-1.0,0.013331851098346004,0.013331851098346004,0.10320847100544583,15.730789047924087
2022-09-06,0.026553959722469545,-1.0,-0.026553959722469545,-0.026553959722469545,0.10046787742334956,16.14850378670533
2022-09-07,0.03284859054791389,1.0,0.03284859054791389,0.03084859054791389,0.10356716983720048,16.67895937555625
2022-09-08,0.000332429645050647,1.0,0.000332429645050647,0.000332429645050647,0.10360159863470836,16.68450395610128
2022-09-09,-0.004098759805530761,1.0,-0.004098759805530761,-0.004098759805530761,0.10317696056643569,16.616118181910796
2022-09-12,0.010122370103770484,1.0,0.010122370103770484,0.010122370103770484,0.10422135594747128,16.784312679836088
2022-09-13,-0.02147341771300204,-1.0,0.02147341771300204,0.01947341771300204,0.10625090194645186,16.423896122636332
2022-09-14,0.0002250933535767885,-1.0,-0.0002250933535767885,-0.0002250933535767885,0.10622698557461217,16.427593032493373
2022-09-15,-0.03229081054326477,1.0,-0.03229081054326477,-0.03429081054326477,0.10258437613769103,15.897132738199273
2022-09-16,-0.014184290101750596,1.0,-0.014184290101750596,-0.014184290101750596,0.10112928958664692,15.671643195654617
2022-09-19,0.02417719675667729,1.0,0.02417719675667729,0.02417719675667729,0.10357431231884628,16.050539596696403
2022-09-20,-0.013242421168642271,1.0,-0.013242421168642271,-0.013242421168642271,0.10220273765286762,15.83799159137298
2022-09-21,-0.020072468260474596,1.0,-0.020072468260474596,-0.020072468260474596,0.10015127644519682,15.520084007845481
2022-09-22,-0.005120881028829016,1.0,-0.005120881028829016,-0.005120881028829016,0.0996384136736356,15.440607504083873
2022-09-23,-0.0122099008299823,1.0,-0.0122099008299823,-0.0122099008299823,0.09842183852382376,15.25207921770433
2022-09-26,-0.01660183124251602,1.0,-0.01660183124251602,-0.01660183124251602,0.09678785577007308,14.998866772434516
2022-09-27,-0.0008625206140125963,-1.0,0.0008625206140125963,-0.0011374793859874038,0.0966777615793207,14.985929940656463
2022-09-28,0.01591022460594682,1.0,0.01591022460594682,0.013910224605946821,0.09802257095728922,15.224359451941291
2022-09-29,-0.029136959141023433,1.0,-0.029136959141023433,-0.029136959141023433,0.09516649131240862,14.780767912641824
2022-09-30,-0.01950747372108319,1.0,-0.01950747372108319,-0.01950747372108319,0.09331003348400412,14.492432471008534
2022-10-03,0.0354549260221122,-1.0,-0.0354549260221122,-0.0374549260221122,0.08981511308273993,15.006260592148598
2022-10-04,0.020076229824161018,-1.0,-0.020076229824161018,-0.020076229824161018,0.08801196423080783,15.307529728597824
2022-10-05,-0.012678056708254726,-1.0,0.012678056708254726,0.012678056708254726,0.0891277849043309,15.113459998635367
2022-10-06,-0.034976280987532804,1.0,-0.034976280987532804,-0.036976280987532806,0.08583217088591198,14.584847375029259
2022-10-07,-0.027626418637944128,1.0,-0.027626418637944128,-0.027626418637944128,0.08346093540041422,14.18192027567618
2022-10-10,0.00013039413091475716,1.0,0.00013039413091475716,0.00013039413091475716,0.08347181821655109,14.18376951484523
2022-10-11,-0.00925168945649324,1.0,-0.00925168945649324,-0.00925168945649324,0.0826995628760427,14.052545683971406
2022-10-12,-0.043141041510451505,1.0,-0.043141041510451505,-0.043141041510451505,0.07913181760111115,13.44630422729168
2022-10-13,0.004673375233980703,1.0,0.004673375233980703,0.004673375233980703,0.07950163027770807,13.509143852456075
2022-10-14,-0.01805992256019273,1.0,-0.01805992256019273,-0.01805992256019273,0.07806583699148359,13.265169760626215
2022-10-17,0.02619489472747616,1.0,0.02619489472747616,0.02619489472747616,0.08011076337328782,13.612649486047918
2022-10-18,0.019144649409589265,1.0,0.019144649409589265,0.019144649409589265,0.08164445585200397,13.87325888799393
2022-10-19,-0.018918085957444153,1.0,-0.018918085957444153,-0.018918085957444153,0.080099899018247,13.610803383840986
2022-10-20,-0.040738861935372905,1.0,-0.040738861935372905,-0.040738861935372905,0.07683672029110533,13.056314743957183
2022-10-21,0.014297809002751238,-1.0,-0.014297809002751238,-0.01629780900275124,0.07558445009940308,13.242991438446087
2022-10-24,0.0227494449672192,1.0,0.0227494449672192,0.0207494449672192,0.07715278548711817,13.54426214337637
2022-10-25,0.03520745667218628,1.0,0.03520745667218628,0.03520745667218628,0.07986913883929436,14.021121165946026
2022-10-26,-0.0034273380944076504,1.0,-0.0034273380944076504,-0.0034273380944076504,0.07959540029718291,13.973066043247673
2022-10-27,-0.0017195625695040073,-1.0,0.0017195625695040073,-0.0002804374304959927,0.07957307876764427,13.949038481898498
2022-10-28,0.04717113094267589,-1.0,-0.04717113094267589,-0.04717113094267589,0.07581952664958386,14.607030402652557
2022-10-31,-0.019359914595433736,-1.0,0.019359914595433736,0.019359914595433736,0.07728738621018601,14.3242395415643
2022-11-01,0.002709756470122615,1.0,0.002709756470122615,0.0007097564701226151,0.07734224143260755,14.363054742341639
2022-11-02,-0.005533507576795049,-1.0,0.005533507576795049,0.003533507576795049,0.07761553082871599,14.28357667009897
2022-11-03,0.0116459107265805,1.0,0.0116459107265805,0.0096459107265805,0.07836420331008594,14.449921928855211
2022-11-04,0.007930587011278467,1.0,0.007930587011278467,0.007930587011278467,0.0789856774430061,14.564518292018178
2022-11-07,-0.01916259402716869,1.0,-0.01916259402716869,-0.01916259402716869,0.07747210697220487,14.285424340786962
2022-11-08,0.012679560219099884,-1.0,-0.012679560219099884,-0.014679560219099884,0.07633485051260584,14.466557238971365
2022-11-09,-0.0008942578088450004,-1.0,0.0008942578088450004,0.0008942578088450004,0.07640311354876377,14.453620407193313
2022-11-10,0.0639384970856891,-1.0,-0.0639384970856891,-0.0639384970856891,0.07151801329578857,15.3777631734763
2022-11-11,0.0013221831903527104,-1.0,-0.0013221831903527104,-0.0013221831903527104,0.07142345338080146,15.398095393449495
2022-11-14,-0.019805337610451557,-1.0,0.019805337610451557,0.019805337610451557,0.07283801898831258,15.093130915624288
2022-11-15,0.01530723640981102,-1.0,-0.01530723640981102,-0.01530723640981102,0.07172307021203617,15.324165038713977
2022-11-16,0.017006331686364007,1.0,0.017006331686364007,0.015006331686364007,0.07279937039320236,15.58477287217893
2022-11-17,-0.023363311198826064,1.0,-0.023363311198826064,-0.023363311198826064,0.07109853604762736,15.22066097360319
2022-11-18,0.010321641099921175,-1.0,-0.010321641099921175,-0.012321641099921175,0.07022248540371868,15.377763173476298
2022-11-21,0.00480802232585309,1.0,0.00480802232585309,0.0028080223258530896,0.07041967171050922,15.451699802136053
2022-11-22,0.006100567859643524,1.0,0.006100567859643524,0.006100567859643524,0.070849271696433,15.545963945325825
2022-11-23,0.014757336368736995,1.0,0.014757336368736995,0.014757336368736995,0.0718948182303373,15.775380964443256
2022-11-25,0.004945840737246909,1.0,0.004945840737246909,0.004945840737246909,0.07225039855113786,15.853403486262788
2022-11-28,-0.018865419380166504,-1.0,0.018865419380166504,0.016865419380166502,0.07346893182308697,15.554322380891447
2022-11-29,-0.01480970788376823,1.0,-0.01480970788376823,-0.016809707883768232,0.0722339405406084,15.323967410100487
2022-11-30,0.0267912569789317,-1.0,-0.0267912569789317,-0.0287912569789317,0.07015423459590288,15.734515758921264
2022-12-01,0.0015347364202840108,-1.0,-0.0015347364202840108,-0.0015347364202840108,0.0700465663370314,15.758664093312014
2022-12-02,0.004361662675127942,-1.0,-0.004361662675127942,-0.004361662675127942,0.06974104684311828,15.827398070297692
2022-12-05,-0.0005868649283097271,1.0,-0.0005868649283097271,-0.002586864928309727,0.06956063617497621,15.818109525463838
2022-12-06,0.0003523058931365064,-1.0,-0.0003523058931365064,-0.0023523058931365064,0.06939700828057149,15.823682338667938
2022-12-07,0.0012913663712852408,-1.0,-0.0012913663712852408,-0.0012913663712852408,0.06930739131781016,15.844116509909995
2022-12-08,0.005510630182426146,-1.0,-0.005510630182426146,-0.005510630182426146,0.06892546391534903,15.931427576563381
2022-12-09,-0.01457562310522953,-1.0,0.01457562310522953,0.01457562310522953,0.06993009549973224,15.699217092679133
2022-12-12,0.024139328027207085,1.0,0.024139328027207085,0.022139328027207084,0.07147830082297472,16.07818564384965
2022-12-13,0.00693233698833251,-1.0,-0.00693233698833251,-0.00893233698833251,0.07083983255267051,16.189645044893787
2022-12-14,-0.0011473705035002224,1.0,-0.0011473705035002224,-0.0031473705035002224,0.07061687335322134,16.171069523707136
2022-12-15,-0.01424478461193912,-1.0,0.01424478461193912,0.01224478461193912,0.07148156175740011,15.940716121397234
2022-12-16,-0.019461574678335647,-1.0,0.019461574678335647,0.019461574678335647,0.07287270550966582,15.630484684174512
2022-12-19,-0.0073687223065810326,1.0,-0.0073687223065810326,-0.009368722306581033,0.0721899813680165,15.515307983019563
2022-12-20,0.0,-1.0,-0.0,-0.002,0.07204560140528048,15.515307983019563
2022-12-21,0.013529712901382718,1.0,0.013529712901382718,0.011529712901382718,0.07287626650529082,15.725225645606349
2022-12-22,-0.0154757237027352,-1.0,0.0154757237027352,0.0134757237027352,0.07385832693720301,15.481866398351778
2022-12-23,0.009959565826269445,1.0,0.009959565826269445,0.007959565826269445,0.0744462071522778,15.636059065859673
2022-12-27,-0.002019777873586648,1.0,-0.002019777873586648,-0.002019777873586648,0.07429584235029918,15.604477699728356
2022-12-28,-0.010000017087517188,1.0,-0.010000017087517188,-0.010000017087517188,0.0735528826572647,15.448432656089292
2022-12-29,0.01106292379302265,1.0,0.01106292379302265,0.01106292379302265,0.07436659259285916,15.61933748928525
2022-12-30,-0.005708629532256482,-1.0,0.005708629532256482,0.0037086295322564817,0.07464239073436234,15.530172478019637
2023-01-03,0.0027510226069844546,1.0,0.0027510226069844546,0.0007510226069844545,0.07469844885724321,15.572896333597036
2023-01-04,0.007872975253025327,1.0,0.007872975253025327,0.007872975253025327,0.07528654789653566,15.695501361049375
2023-01-05,-0.022014394988375874,-1.0,0.022014394988375874,0.020014394988375872,0.07679336260344821,15.349974394546644
2023-01-06,0.012344221982028003,-1.0,-0.012344221982028003,-0.012344221982028003,0.07584540828872488,15.539457885891373
2023-01-09,0.0050207275845992605,1.0,0.0050207275845992605,0.0030207275845992605,0.07607451660570783,15.617477270748786
2023-01-10,0.005590901179674201,1.0,0.005590901179674201,0.005590901179674201,0.07649984171034183,15.70479304284535
2023-01-11,0.005440968206504859,1.0,0.005440968206504859,0.005440968206504859,0.07691607491689045,15.79024232248121
2023-01-12,0.000823564084579953,1.0,0.000823564084579953,0.000823564084579953,0.07697942023371887,15.80324659894482
2023-01-13,-0.004584383321539098,-1.0,0.004584383321539098,0.0025843833215390983,0.07717836456347264,15.73079845881045
2023-01-17,0.01251779781680118,1.0,0.01251779781680118,0.01051779781680118,0.07799011099778262,15.927713413414686
2023-01-18,-0.022626494788458573,-1.0,0.022626494788458573,0.02062649478845857,0.0795987736158297,15.567325088873996
2023-01-19,-0.014439155046963803,1.0,-0.014439155046963803,-0.016439155046963805,0.0782902370348109,15.342546068249256
2023-01-20,-0.009323246286516595,1.0,-0.009323246286516595,-0.009323246286516595,0.07756031787310559,15.19950373259274
2023-01-23,0.010388533698883817,1.0,0.010388533698883817,0.010388533698883817,0.07836605584902649,15.35740428932509
2023-01-24,0.014878679034024067,1.0,0.014878679034024067,0.014878679034024067,0.07953203924116656,15.585902178541703
2023-01-25,-0.08712772744929531,1.0,-0.08712772744929531,-0.08712772744929531,0.07260259340267554,14.227937941478343
2023-01-26,-0.0024806096951028866,-1.0,0.0024806096951028866,0.0004806096951028866,0.07263748691295448,14.19264398067939
2023-01-27,-0.01073297633736725,-1.0,0.01073297633736725,0.01073297633736725,0.07341710334119705,14.040314668670081
2023-01-30,-0.007012204385928866,-1.0,0.007012204385928866,0.007012204385928866,0.07393191907524839,13.941861112570612
2023-01-31,-0.005596614873200623,-1.0,0.005596614873200623,0.005596614873200623,0.07434568755314919,13.863833885307901
2023-02-01,-0.00522591930167815,-1.0,0.00522591930167815,0.00522591930167815,0.07473421211672972,13.79138260821141
2023-02-02,0.018319250452670133,-1.0,-0.018319250452670133,-0.018319250452670133,0.07336513736758037,14.044030400299835
2023-02-03,-0.012301783411818645,1.0,-0.012301783411818645,-0.014301783411818645,0.0723158850629709,13.87126378008635
2023-02-06,0.011249518869584474,1.0,0.011249518869584474,0.011249518869584474,0.0731294039765575,14.027308823725415
2023-02-07,0.007548603169051482,1.0,0.007548603169051482,0.007548603169051482,0.07368142882716579,14.133195411565453
2023-02-08,-0.01380106634817313,1.0,-0.01380106634817313,-0.01380106634817313,0.07266454653929387,13.938142243978742
2023-02-09,-0.023457318743990152,1.0,-0.023457318743990152,-0.023457318743990152,0.07096003110973415,13.611190798662658
2023-02-10,0.020062816722486332,1.0,0.020062816722486332,0.020062816722486332,0.07238368920851067,13.88426962503102
2023-02-13,0.011774111482450111,1.0,0.011774111482450111,0.011774111482450111,0.07323594283476269,14.047744563448532
2023-02-14,0.005421898148928683,1.0,0.005421898148928683,0.005421898148928683,0.07363302065765354,14.123910003693716
2023-02-15,0.011968906030794813,1.0,0.011968906030794813,0.011968906030794813,0.07451432736266857,14.29295775531533
2023-02-16,-0.016246496201802074,-1.0,0.016246496201802074,0.014246496201802074,0.07557589544442066,14.060747271431081
2023-02-17,0.0050207689990020565,-1.0,-0.0050207689990020565,-0.0050207689990020565,0.07519644633150149,14.131343035434286
2023-02-21,-0.031681527158004874,-1.0,0.031681527158004874,0.031681527158004874,0.07757878458813841,13.683640507278092
2023-02-22,0.00027166017032054235,-1.0,-0.00027166017032054235,-0.00027166017032054235,0.07755770952230394,13.687357807388905
2023-02-23,-0.010993633762886756,1.0,-0.010993633762886756,-0.012993633762886756,0.07654995304928276,13.536884008472882
2023-02-24,0.0006860497842031688,1.0,0.0006860497842031688,0.0006860497842031688,0.07660247012805299,13.546170984825677
2023-02-27,-0.008170912025602939,1.0,-0.008170912025602939,-0.008170912025602939,0.07597655808369279,13.435486413424892
2023-02-28,-0.01154995340840137,1.0,-0.01154995340840137,-0.01154995340840137,0.07509903237769544,13.280307171330625
2023-03-01,-0.016331431279087982,-1.0,0.016331431279087982,0.014331431279087982,0.0761753089993424,13.06342074739686
2023-03-02,0.03349090879401695,-1.0,-0.03349090879401695,-0.03349090879401695,0.07362412867328937,13.500926580185796
2023-03-03,0.02243436183002001,1.0,0.02243436183002001,0.02043436183002001,0.07512859075801931,13.803811252126218
2023-03-06,0.007720591117735376,-1.0,-0.007720591117735376,-0.009720591117735376,0.07439829644600893,13.91038483467028
2023-03-07,-0.008736569900113844,1.0,-0.008736569900113844,-0.010736569900113844,0.07359951393576696,13.7888557852247
2023-03-08,0.006779721940628036,-1.0,-0.006779721940628036,-0.008779721940628036,0.07295333066844555,13.882340393327944
2023-03-09,-0.006599277038574325,1.0,-0.006599277038574325,-0.008599277038574325,0.07232598476714086,13.790726983128582
2023-03-10,-0.01016820304878907,1.0,-0.01016820304878907,-0.01016820304878907,0.07159055946832495,13.650500070973717
2023-03-13,0.0038352265872274582,1.0,0.0038352265872274582,0.0038352265872274582,0.07186512548539235,13.702852831774866
2023-03-14,0.017191895411190705,1.0,0.017191895411190705,0.017191895411190705,0.07310062320644932,13.938430844493677
2023-03-15,0.01301153120902887,1.0,0.01301153120902887,0.01301153120902887,0.0740517742466995,14.119791172431697
2023-03-16,0.009401361243970507,1.0,0.009401361243970507,0.009401361243970507,0.07474796172714968,14.252536429933153
2023-03-17,-0.007346338220987736,1.0,-0.007346338220987736,-0.007346338220987736,0.07419883791897258,14.147832476811915
2023-03-20,0.003964485922250072,1.0,0.003964485922250072,0.003964485922250072,0.07449299816734967,14.203921359496588
2023-03-21,-0.008029178944648496,1.0,-0.008029178944648496,-0.008029178944648496,0.07389488055494065,14.089875533185475
2023-03-22,-0.01632169797311267,1.0,-0.01632169797311267,-0.01632169797311267,0.07268879063276366,13.859904840254073
2023-03-23,-0.004316973865485907,1.0,-0.004316973865485907,-0.004316973865485907,0.07237499502328824,13.800071993280575
2023-03-24,0.025470976602817386,1.0,0.025470976602817386,0.025470976602817386,0.07421845682815545,14.151573304138621
2023-03-27,-0.0033028649582652614,1.0,-0.0033028649582652614,-0.0033028649582652614,0.07397332328784122,14.104832568568058
2023-03-28,-0.002651381625257021,-1.0,0.002651381625257021,0.000651381625257021,0.07402150815139012,14.06743527466843
2023-03-29,0.011563162050065134,1.0,0.011563162050065134,0.009563162050065134,0.07472938782903209,14.230099308378223
2023-03-30,0.006306616618177774,-1.0,-0.006306616618177774,-0.008306616618177774,0.0741086394542252,14.319843089154762
2023-03-31,0.0063977641451815614,1.0,0.0063977641451815614,0.004397764145181561,0.07443455177166518,14.411458067835182
2023-04-03,-0.0053192357731611795,1.0,-0.0053192357731611795,-0.0053192357731611795,0.07403861684112212,14.334800124537342
2023-04-04,0.006391198088953942,-1.0,-0.006391198088953942,-0.008391198088953942,0.0734173441409761,14.42641667169882
2023-04-05,0.015163248982163813,-1.0,-0.015163248982163813,-0.015163248982163813,0.07230409867215727,14.645168019612228
2023-04-06,0.008170252087196461,1.0,0.008170252087196461,0.006170252087196461,0.07275023318790201,14.764822734191808
2023-04-10,-0.0068377671827755115,-1.0,0.0068377671827755115,0.0048377671827755115,0.07310218187855771,14.663864313840454
2023-04-11,-0.0011474918510750998,-1.0,0.0011474918510750998,0.0011474918510750998,0.07318606603655917,14.64703764903505
2023-04-12,0.003190924999876943,1.0,0.003190924999876943,0.0011909249998769428,0.07327322515224476,14.693775247643496
2023-04-13,0.0033085486620845206,1.0,0.0033085486620845206,0.0033085486620845206,0.07351565318328883,14.742390318080057
2023-04-14,-0.010526482657848613,1.0,-0.010526482657848613,-0.010526482657848613,0.07274179193497453,14.587204802061551
2023-04-17,0.006665225122311824,1.0,0.006665225122311824,0.006665225122311824,0.0732266323540215,14.68443180597256
2023-04-18,-0.003055692364582252,1.0,-0.003055692364582252,-0.003055692364582252,0.07300287429265324,14.639560699824822
2023-04-19,0.00817370291884445,1.0,0.00817370291884445,0.00817370291884445,0.07359957809934314,14.75922011984758
2023-04-20,-0.0024072567974026127,1.0,-0.0024072567974026127,-0.0024072567974026127,0.07342240501467753,14.723690886889715
2023-04-21,0.0030475447014235435,1.0,0.0030475447014235435,0.0030475447014235435,0.07364616307604578,14.768561993037453
2023-04-24,0.0006334009392898743,1.0,0.0006334009392898743,0.0006334009392898743,0.07369281062491324,14.777916414075804
2023-04-25,-0.015435371644975326,1.0,-0.015435371644975326,-0.015435371644975326,0.07255533470535493,14.549813782086163
2023-04-26,-0.048188235659372025,1.0,-0.048188235659372025,-0.048188235659372025,0.06905902113822866,13.848683926755017
2023-04-27,0.024031413375374955,1.0,0.024031413375374955,0.024031413375374955,0.0707186070225002,14.181487374903778
2023-04-28,0.010283422894015182,-1.0,-0.010283422894015182,-0.012283422894015182,0.06984994046596715,14.32732160684605
2023-05-01,0.0022186168512412507,1.0,0.0022186168512412507,0.0002186168512412507,0.06986521084001121,14.359108443996151
2023-05-02,-0.011197858693802298,1.0,-0.011197858693802298,-0.011197858693802298,0.06908287008141206,14.1983171766713
2023-05-03,-0.007242712105866911,-1.0,0.007242712105866911,0.005242712105866911,0.06944505168069591,14.095482852972884
2023-05-04,0.0015917951721815538,1.0,0.0015917951721815538,-0.0004082048278184463,0.06941670387533175,14.117919974527814
2023-05-05,0.0,1.0,0.0,0.0,0.06941670387533175,14.117919974527814
2023-05-08,0.007283623822827101,1.0,0.007283623822827101,0.007283623822827101,0.06992230903338024,14.22074959278305
2023-05-09,-0.006310763029122146,1.0,-0.006310763029122146,-0.006310763029122146,0.06948104591062154,14.131005812006512
2023-05-10,0.017332535496151324,1.0,0.017332535496151324,0.017332535496151324,0.07068532860517711,14.375931971839435
2023-05-11,-0.010274385108000494,-1.0,0.010274385108000494,0.008274385108000494,0.07127020623554191,14.22822811047434
2023-05-12,0.02444180805882956,1.0,0.02444180805882956,0.02244180805882956,0.07286963852419313,14.575991730967797
2023-05-15,-0.005387460021250234,1.0,-0.005387460021250234,-0.005387460021250234,0.07247705625988109,14.497464158247134
2023-05-16,-0.021924276500822848,1.0,-0.021924276500822848,-0.021924276500822848,0.07088804923847376,14.179617745480954
2023-05-17,-0.006592886337365211,1.0,-0.006592886337365211,-0.006592886337365211,0.07042069238716696,14.086133137377711
2023-05-18,-0.0031854807639630778,1.0,-0.0031854807639630778,-0.0031854807639630778,0.07019636862618267,14.041262031229971
2023-05-19,-0.008255456237279524,1.0,-0.008255456237279524,-0.008255456237279524,0.06961686557697327,13.925345007014977
2023-05-22,0.0013426090498156462,1.0,0.0013426090498156462,0.0013426090498156462,0.06971033381071672,13.944041301243201
2023-05-23,-0.005631622212253662,1.0,-0.005631622212253662,-0.005631622212253662,0.06931775154640467,13.865513728522538
2023-05-24,0.0010783826861491264,1.0,0.0010783826861491264,0.0010783826861491264,0.0693925026095151,13.88046605846194
2023-05-25,-0.011449075288291977,1.0,-0.011449075288291977,-0.011449075288291977,0.06859802262269576,13.721547557522028
2023-05-26,0.013685511350029822,1.0,0.013685511350029822,0.013685511350029822,0.06953682163988827,13.90933395236047
2023-05-30,-0.01663932499987597,1.0,-0.01663932499987597,-0.01663932499987597,0.06837977586516375,13.677892024195334
2023-05-31,0.010593007028290913,1.0,0.010593007028290913,0.010593007028290913,0.06910412331149639,13.82278203053984
2023-06-01,-0.006806541269415156,1.0,-0.006806541269415156,-0.006806541269415156,0.06863376324428994,13.72869669419084
2023-06-02,0.012198411467976067,1.0,0.012198411467976067,0.012198411467976067,0.06947098612893944,13.896164985385623
2023-06-05,-0.003520575120953051,-1.0,0.003520575120953051,0.001520575120953051,0.06957662198207518,13.847242492661415
2023-06-06,-0.002853731479884214,1.0,-0.002853731479884214,-0.004853731479884214,0.06923891574169677,13.807726180850517
2023-06-07,0.010766141174955113,1.0,0.010766141174955113,0.010766141174955113,0.0699843516833727,13.956382110218678
2023-06-08,0.009842409955288955,1.0,0.009842409955288955,0.009842409955288955,0.07067316636309558,14.093746544440112
2023-06-09,-0.011081617013528944,-1.0,0.011081617013528944,0.009081617013528944,0.07131499299313863,13.93756504294888
2023-06-12,-0.0012150537017274754,-1.0,0.0012150537017274754,0.0012150537017274754,0.07140164453936362,13.920630152950377
2023-06-13,0.005001335176665789,1.0,0.005001335176665789,0.0030013351766657887,0.0716159448067914,13.990251890215681
2023-06-14,-0.012777453025454633,1.0,-0.012777453025454633,-0.012777453025454633,0.07070087543614907,13.811492103874173
2023-06-15,0.013078878465276,1.0,0.013078878465276,0.013078878465276,0.07162556359336708,13.992130930524862
2023-06-16,0.016541311915860613,1.0,0.016541311915860613,0.016541311915860613,0.07281034438191428,14.223579132614235
2023-06-20,-0.01098024365548067,-1.0,0.01098024365548067,0.00898024365548067,0.07346419901510333,14.06740076808512
2023-06-21,0.013643512151284343,-1.0,-0.013643512151284343,-0.013643512151284343,0.07246188932315639,14.259329521401476
2023-06-22,-0.008577332887039546,-1.0,0.008577332887039546,0.008577332887039546,0.07308341906950493,14.137022505350425
2023-06-23,-0.012777824684326644,-1.0,0.012777824684326644,0.012777824684326644,0.07401726618570624,13.956382110218676
2023-06-26,0.0016177749127221919,-1.0,-0.0016177749127221919,-0.0016177749127221919,0.07389752290936272,13.978960395068952
2023-06-27,-0.005114997398573795,-1.0,0.005114997398573795,0.005114997398573795,0.07427550854680516,13.907458049013409
2023-06-28,-0.006359204730618573,1.0,-0.006359204730618573,-0.008359204730618573,0.0736546243643916,13.819017675997243
2023-06-29,-0.008578339847948646,1.0,-0.008578339847948646,-0.008578339847948646,0.07302278996522085,13.700473446007729
2023-06-30,0.019090616949290595,-1.0,-0.019090616949290595,-0.021090616949290597,0.07148269427349588,13.96202393658939
2023-07-03,0.0024258503029954692,1.0,0.0024258503029954692,0.0004258503029954692,0.07151313520051118,13.995893716586394
2023-07-05,0.007663381415778936,-1.0,-0.007663381415778936,-0.009663381415778936,0.07082207649883047,14.1031495883913
2023-07-06,-0.025750486815634632,1.0,-0.025750486815634632,-0.027750486815634634,0.0688567293986938,13.739986620856508
2023-07-07,-0.013284042949939012,1.0,-0.013284042949939012,-0.013284042949939012,0.06794203364796923,13.557464048453463
2023-07-10,-0.004718818004810443,1.0,-0.004718818004810443,-0.004718818004810443,0.06762142755630776,13.49348884300205
2023-07-11,0.00669367150759137,1.0,0.00669367150759137,0.00669367150759137,0.06807406317924407,13.583809824808455
2023-07-12,0.017730758097090904,1.0,0.017730758097090904,0.017730758097090904,0.06928106792616133,13.82466107084902
2023-07-13,0.0032668318878372737,1.0,0.0032668318878372737,0.0032668318878372737,0.06950739752808593,13.869823914473812
2023-07-14,-0.006918932587026916,1.0,-0.006918932587026916,-0.006918932587026916,0.06902648053028942,13.773859537815634
2023-07-17,-0.007377197122865775,1.0,-0.007377197122865775,-0.007377197122865775,0.06851725857671982,13.672247060862503
2023-07-18,-0.008395329011981478,-1.0,0.008395329011981478,0.006395329011981478,0.06895544898831696,13.557464048453465
2023-07-19,0.0006939166027473131,1.0,0.0006939166027473131,-0.001306083397252687,0.06886538742124321,13.566871797847837
2023-07-20,0.02773949765586914,1.0,0.02773949765586914,0.02773949765586914,0.0707756786741853,13.943210006281713
2023-07-21,0.024291235649283704,-1.0,-0.024291235649283704,-0.026291235649283706,0.06891489862792431,14.281907806251754
2023-07-24,-0.005269853625793242,1.0,-0.005269853625793242,-0.007269853625793242,0.06841389740226292,14.206644242615733
2023-07-25,-0.0007948038223450915,-1.0,0.0007948038223450915,-0.0012051961776549085,0.06833144523461523,14.195352747469006
2023-07-26,-0.014183379220899184,1.0,-0.014183379220899184,-0.016183379220899186,0.06722561154367135,13.994014676277219
2023-07-27,-0.01479093796839881,-1.0,0.01479093796839881,0.01279093796839881,0.06808549017081413,13.78703007327154
2023-07-28,-0.005732389296445595,1.0,-0.005732389296445595,-0.007732389296445595,0.06755902665537407,13.707997449649744
2023-07-31,0.006177239765739362,1.0,0.006177239765739362,0.006177239765739362,0.0679763549613643,13.792675036604374
2023-08-01,-0.015416008663523217,1.0,-0.015416008663523217,-0.015416008663523217,0.06692843088436518,13.58004703874692
2023-08-02,-0.0036025274864380785,1.0,-0.0036025274864380785,-0.0036025274864380785,0.06668731937248008,13.531124546022713
2023-08-03,-0.025170811706689,1.0,-0.025170811706689,-0.025170811706689,0.06500874541333156,13.190535157895019
2023-08-04,-0.013266326196816003,-1.0,0.013266326196816003,0.011266326196816003,0.06574115514480391,13.015545215779813
2023-08-07,-0.007662519434220805,-1.0,0.007662519434220805,0.007662519434220805,0.0662448980237291,12.91581334761692
2023-08-08,0.001020025321207152,-1.0,-0.001020025321207152,-0.001020025321207152,0.06617732655034411,12.928987804275474
2023-08-09,0.0030561085837812474,1.0,0.0030561085837812474,0.0010561085837812473,0.06624721699296562,12.968500194883724
2023-08-10,-0.009140875503533707,1.0,-0.009140875503533707,-0.009140875503533707,0.06564165942997734,12.849956749134739
2023-08-11,0.00922520192583276,1.0,0.00922520192583276,0.00922520192583276,0.06624721699296562,12.968500194883724
2023-08-14,-0.005223573404604109,1.0,-0.005223573404604109,-0.005223573404604109,0.06590116979215213,12.900758282168127
2023-08-15,-0.017648386912050174,1.0,-0.017648386912050174,-0.017648386912050174,0.06473812044970352,12.673080708545587
2023-08-16,0.0031178823647934895,-1.0,-0.0031178823647934895,-0.0051178823647934895,0.0644067983647241,12.712593883394366
2023-08-17,-0.0007399721284362393,1.0,-0.0007399721284362393,-0.0027399721284362393,0.06423032553232294,12.703186918240524
2023-08-18,0.004739945950367641,1.0,0.004739945950367641,0.004739945950367641,0.06453477380372066,12.763399337630402
2023-08-21,-0.011056935506575716,1.0,-0.011056935506575716,-0.011056935506575716,0.06382121697184147,12.622275254309551
2023-08-22,0.006559095137137483,1.0,0.006559095137137483,0.006559095137137483,0.06423982640572767,12.705065958549705
2023-08-23,0.005479964131906989,-1.0,-0.005479964131906989,-0.007479964131906989,0.0637593148083729,12.77468926429607
2023-08-24,-0.009868901875095704,-1.0,0.009868901875095704,0.009868901875095704,0.06438854922984007,12.648617109461894
2023-08-25,0.011008592743822598,1.0,0.011008592743822598,0.009008592743822598,0.06496859944721727,12.787860583992506
2023-08-28,0.0008829854745884269,1.0,0.0008829854745884269,0.0008829854745884269,0.0650259657768335,12.799152079139233
2023-08-29,-0.0006217356123076057,1.0,-0.0006217356123076057,-0.0006217356123076057,0.06498553681818535,12.791194390484291
2023-08-30,-0.006221653256424875,1.0,-0.006221653256424875,-0.006221653256424875,0.06458121934141997,12.711612014251171
2023-08-31,-0.004322276923585666,1.0,-0.004322276923585666,-0.004322276923585666,0.06430208142736353,12.6566689069804
2023-09-01,0.0010479740108888524,-1.0,-0.0010479740108888524,-0.0030479740108888525,0.06410609035432686,12.66993276705934
2023-09-05,-0.01001945322980069,1.0,-0.01001945322980069,-0.01201945322980069,0.06333557019956766,12.54298696827507
2023-09-06,-0.007703922288391563,-1.0,0.007703922288391563,0.0057039222883915625,0.06369683137007696,12.44635677140717
2023-09-07,0.008524763987920903,1.0,0.008524763987920903,0.0065247639879209025,0.06411243816154512,12.552459025392878
2023-09-08,0.008754845641404607,1.0,0.008754845641404607,0.008754845641404607,0.06467373266134355,12.662353866580249
2023-09-11,0.010474044110469816,1.0,0.010474044110469816,0.010474044110469816,0.0653511281900272,12.794979919521188
2023-09-12,0.002961792133702623,1.0,0.002961792133702623,0.002961792133702623,0.065544684647429,12.832875990397708
2023-09-13,0.010335171495682749,-1.0,-0.010335171495682749,-0.012335171495682749,0.06473617972167252,12.965505964541299
2023-09-14,0.012421425522467278,1.0,0.012421425522467278,0.010421425522467278,0.06541082299725098,13.126556031240954
2023-09-15,-0.009237885637051302,1.0,-0.009237885637051302,-0.009237885637051302,0.06480656529497697,13.005294407816004
2023-09-18,-0.005827429501658821,-1.0,0.005827429501658821,0.0038274295016588206,0.06505460785488815,12.92950697150614
2023-09-19,-0.00952539810974451,1.0,-0.00952539810974451,-0.01152539810974451,0.06430482760048725,12.806348270239827
2023-09-20,-0.003550481095148661,1.0,-0.003550481095148661,-0.003550481095148661,0.06407651452576493,12.76087957280845
2023-09-21,-0.006533146013554925,-1.0,0.006533146013554925,0.004533146013554925,0.0643669827221499,12.677510883297902
2023-09-22,0.01180686945244247,-1.0,-0.01180686945244247,-0.01180686945244247,0.06360701016010185,12.82719259927892
2023-09-25,-0.0033974278984290063,1.0,-0.0033974278984290063,-0.005397427898429006,0.06326369590892807,12.783613137283607
2023-09-26,-0.03156951989825174,-1.0,0.03156951989825174,0.02956951989825174,0.06513437302394406,12.38004060797458
2023-09-27,-0.08233846075880402,-1.0,0.08233846075880402,0.08233846075880402,0.07049743704122538,11.360687120182465
2023-09-28,-0.04803210331909724,1.0,-0.04803210331909724,-0.05003210331909724,0.06697030198744724,10.815009422649924
2023-09-29,0.0036790021829640196,1.0,0.0036790021829640196,0.0036790021829640196,0.06721668587465282,10.85479786592463
2023-10-02,-0.08971885952614234,-1.0,0.08971885952614234,0.08771885952614233,0.07311285690070433,9.880917781007067
2023-10-03,0.012080388934473163,-1.0,-0.012080388934473163,-0.012080388934473163,0.07222962515323335,10.000283110831184
2023-10-04,-0.04092459027141093,-1.0,0.04092459027141093,0.04092459027141093,0.07518559296808701,9.591025621922308
2023-10-05,-0.023113242607197493,-1.0,0.023113242607197493,0.023113242607197493,0.0769233758189244,9.36934591987097
2023-10-06,0.01597568467010757,-1.0,-0.01597568467010757,-0.01597568467010757,0.0756944722230811,9.519027635851987
2023-10-09,-0.01831223919999958,-1.0,0.01831223919999958,0.01831223919999958,0.07708060750454789,9.344712924832859
2023-10-10,0.045823377564627066,-1.0,-0.045823377564627066,-0.045823377564627066,0.07354851372395615,9.772919233420525
2023-10-11,0.03799918710506289,1.0,0.03799918710506289,0.03599918710506289,0.07619620043080413,10.14428221993394
2023-10-12,-0.010085915396376377,1.0,-0.010085915396376377,-0.010085915396376377,0.0754276919997337,10.04196784770672
2023-10-13,0.028113184029868954,1.0,0.028113184029868954,0.028113184029868954,0.07754820458587049,10.324279537831327
2023-10-16,-0.002018734212022588,1.0,-0.002018734212022588,-0.002018734212022588,0.07739165537219206,10.303437561513823
2023-10-17,-0.0038618190791384066,1.0,-0.0038618190791384066,-0.0038618190791384066,0.07709278280090963,10.263647549758057
2023-10-18,-0.01716807621881611,1.0,-0.01716807621881611,-0.01716807621881611,0.07576924802986297,10.087440466340745
2023-10-19,-0.015965482173359247,-1.0,0.015965482173359247,0.013965482173359247,0.07682740211251286,9.92638961540056
2023-10-20,-0.00820765646588284,-1.0,0.00820765646588284,0.00820765646588284,0.07745797503621861,9.844917219490844
2023-10-23,-0.008467957112316848,-1.0,0.008467957112316848,0.008467957112316848,0.07811388584683222,9.761550882701886
2023-10-24,0.06987573610289077,-1.0,-0.06987573610289077,-0.06987573610289077,0.07265562057342764,10.443646436136504
2023-10-25,0.024310627434689813,-1.0,-0.024310627434689813,-0.024310627434689813,0.07088931685063087,10.697538033705044
2023-10-26,0.01965979000682805,1.0,0.01965979000682805,0.017659790006828047,0.0721412072999405,10.907849385037741
2023-10-27,-0.023102126810885082,1.0,-0.023102126810885082,-0.023102126810885082,0.07047459198060693,10.655854865310564
2023-10-30,0.017069607373197737,1.0,0.017069607373197737,0.017069607373197737,0.0716775655955022,10.837746124087195
2023-10-31,0.01923069686881118,1.0,0.01923069686881118,0.01923069686881118,0.07305597513176364,11.046163534540648
2023-11-01,0.002229933562051478,1.0,0.002229933562051478,0.002229933562051478,0.07321888510261836,11.070795745338229
2023-11-02,0.025329502566556084,1.0,0.025329502566556084,0.025329502566556084,0.0750734830407455,11.351213494583591
2023-11-03,-0.008846669247820294,-1.0,0.008846669247820294,0.0068466692478202935,0.07558748634840734,11.250793063235616
2023-11-06,-0.0057258767191082915,-1.0,0.0057258767191082915,0.0057258767191082915,0.0760202909767456,11.18637240916333
2023-11-07,-0.00982385251328588,1.0,-0.00982385251328588,-0.01182385251328588,0.07512143826821949,11.076479136457019
2023-11-08,-0.016421467577949267,-1.0,0.016421467577949267,0.014421467577949267,0.07620479965461353,10.894587093439858
2023-11-09,-0.048347831595329516,-1.0,0.048347831595329516,0.048347831595329516,0.07988913647507062,10.367857431345577
2023-11-10,0.00767542101315466,-1.0,-0.00767542101315466,-0.00767542101315466,0.07927595371824708,10.447435102135518
2023-11-13,-0.011606681808351671,-1.0,0.011606681808351671,0.011606681808351671,0.08019608448810839,10.326175047191628
2023-11-14,0.0559632635943732,1.0,0.0559632635943732,0.0539632635943732,0.0845237269345768,10.904061503279252
2023-11-15,-0.009557050443700366,-1.0,0.009557050443700366,0.0075570504437003656,0.08516247700271096,10.799850837451201
2023-11-16,-0.0070175247502104465,-1.0,0.0070175247502104465,0.0070175247502104465,0.0857601067928667,10.724062616900806
2023-11-17,0.013604270619613779,1.0,0.013604270619613779,0.011604270619613779,0.08675529028045811,10.869955666882808
2023-11-20,-0.0005228532013341614,-1.0,0.0005228532013341614,-0.0014771467986658387,0.08662713998115301,10.864272275764018
2023-11-21,0.01116143227143973,-1.0,-0.01116143227143973,-0.01116143227143973,0.08566025702538485,10.985533114948439
2023-11-22,-0.0007302327792778618,1.0,-0.0007302327792778618,-0.002730232779277862,0.08542638458377277,10.97751111857006
2023-11-24,0.0013920210652758058,-1.0,-0.0013920210652758058,-0.003392021065275806,0.08513661648773427,10.99279204529141
2023-11-27,0.0005212911812542131,1.0,0.0005212911812542131,-0.001478708818745787,0.08501072422213568,10.998522490841982
2023-11-28,0.01007299764517966,1.0,0.01007299764517966,0.01007299764517966,0.08586703704704027,11.109310581992688
2023-11-29,0.003438518680307423,1.0,0.003438518680307423,0.003438518680307423,0.08616229245794917,11.147510153954206
2023-11-30,0.002570350831501811,1.0,0.002570350831501811,0.002570350831501811,0.08638375977801256,11.176163165947598
2023-12-01,0.011280099597654525,1.0,0.011280099597654525,0.011280099597654525,0.08735817719192841,11.302231399579124
2023-12-04,-0.008450292783150348,1.0,-0.008450292783150348,-0.008450292783150348,0.0866199750176543,11.206724235149766
2023-12-05,-0.007499488974980761,-1.0,0.007499488974980761,0.005499488974980761,0.087096340615277,11.12267953030261
2023-12-06,0.033831474031110975,1.0,0.033831474031110975,0.03183147403111097,0.08986874551977699,11.498976173988412
2023-12-07,-0.005813922163539931,1.0,-0.005813922163539931,-0.005813922163539931,0.08934625562839002,11.432122021552443
2023-12-08,-0.0025062912816049554,1.0,-0.0025062912816049554,-0.0025062912816049554,0.08912232788686454,11.403469793799582
2023-12-11,0.00016739128386578095,-1.0,-0.00016739128386578095,-0.002167391283865781,0.08892916493020472,11.40537863524889
2023-12-12,-0.0031820336837486973,-1.0,0.0031820336837486973,0.0031820336837486973,0.08921214052848028,11.36908633625562
2023-12-13,0.05023529796430126,-1.0,-0.05023529796430126,-0.05023529796430126,0.08473054206699895,11.940215775939286
2023-12-14,0.00431935326152777,-1.0,-0.00431935326152777,-0.00431935326152777,0.08436456092377084,11.991789785894435
2023-12-15,-0.02038871466465908,-1.0,0.02038871466465908,0.02038871466465908,0.08608464588425485,11.74729260563126
2023-12-18,-0.008130142632488457,-1.0,0.008130142632488457,0.008130142632488457,0.0867845263337611,11.651785441201902
2023-12-19,0.009344358940550412,-1.0,-0.009344358940550412,-0.009344358940550412,0.0859735805692128,11.760663906662773
2023-12-20,-0.028098232050874583,1.0,-0.028098232050874583,-0.030098232050874585,0.08338592779099607,11.430210043141017
2023-12-21,-0.004010736830867501,1.0,-0.004010736830867501,-0.004010736830867501,0.08305148877922866,11.384366478736439
2023-12-22,0.0025169425358397834,1.0,0.0025169425358397834,0.0025169425358397834,0.08326052460400192,11.413020274970359
2023-12-26,0.0076987092453155714,1.0,0.0076987092453155714,0.0076987092453155714,0.08390152317454057,11.500885799678247
2023-12-27,0.00614517642620882,1.0,0.00614517642620882,0.00614517642620882,0.08441711283687577,11.57156077197495
2023-12-28,0.007263039662782855,1.0,0.007263039662782855,0.007263039662782855,0.0850302376756276,11.655605476822107
2023-12-29,-0.004588527577591761,1.0,-0.004588527577591761,-0.004588527577591761,0.0846400740851238,11.602123409658178
2024-01-02,0.013664782851095625,1.0,0.013664782851095625,0.013664782851095625,0.08579666231799767,11.76066390666277
2024-01-03,0.006821440512512211,-1.0,-0.006821440512512211,-0.008821440512512211,0.08503981216518736,11.84088857588972
2024-01-04,-0.0030650641631490005,-1.0,0.0030650641631490005,0.0030650641631490005,0.08530046464589579,11.804595492655919
2024-01-05,0.004530879872954641,-1.0,-0.004530879872954641,-0.004530879872954641,0.08491397848747802,11.858080696781965
2024-01-08,0.01353086783580193,1.0,0.01353086783580193,0.01153086783580193,0.08589311035082925,12.018530819476396
2024-01-09,-0.014462784706118836,1.0,-0.014462784706118836,-0.014462784706118836,0.0846508567880863,11.844709395750455
2024-01-10,0.004354114904087325,1.0,0.004354114904087325,0.004354114904087325,0.08501943634527107,11.896282621465074
2024-01-11,-0.025048097536741643,1.0,-0.025048097536741643,-0.025048097536741643,0.08288986121117592,11.598303374037972
2024-01-12,0.00526998826239411,1.0,0.00526998826239411,0.00526998826239411,0.08332668980683029,11.659426296682838
2024-01-16,-0.011304179494719735,1.0,-0.011304179494719735,-0.011304179494719735,0.08238474994855305,11.52762604901968
2024-01-17,-0.0344654551861866,1.0,-0.0344654551861866,-0.0344654551861866,0.07954532204117601,11.130321170024075
2024-01-18,-0.010640138822774037,-1.0,0.010640138822774037,0.008640138822774037,0.08023260466631404,11.011893007632958
2024-01-19,-0.006764959291310824,1.0,-0.006764959291310824,-0.008764959291310824,0.07952936915257797,10.937397999716051
2024-01-22,-0.007160442732376149,1.0,-0.007160442732376149,-0.007160442732376149,0.07895990365921893,10.859081387697879
2024-01-23,0.009322852123994751,1.0,0.009322852123994751,0.009322852123994751,0.07969603516475869,10.96031899767781
2024-01-24,-0.006448187144110218,1.0,-0.006448187144110218,-0.006448187144110218,0.07918214021537273,10.889644809621636
2024-01-25,0.01701454161878435,1.0,0.01701454161878435,0.01701454161878435,0.08052938803553161,11.074927124448722
2024-01-26,0.008623657665249196,1.0,0.008623657665249196,0.008623657665249196,0.08122384590994206,11.17043350463755
2024-01-29,0.018638785388445767,-1.0,-0.018638785388445767,-0.02063878538844577,0.07954748438578257,11.378636817426393
2024-01-30,-0.004868180804399103,1.0,-0.004868180804399103,-0.006868180804399103,0.0790011378804859,11.323243556091569
2024-01-31,-0.010964863829531102,1.0,-0.010964863829531102,-0.010964863829531102,0.07813490116124837,11.19908573239041
2024-02-01,0.019102857830724185,1.0,0.019102857830724185,0.019102857830724185,0.07962750106974938,11.413020274970355
2024-02-02,-0.026778334220552646,-1.0,0.026778334220552646,0.024778334220552645,0.08160053790440303,11.107398603581256
2024-02-05,-0.03748919298565201,1.0,-0.03748919298565201,-0.03948919298565201,0.07837819851536304,10.690991193763036
2024-02-06,0.004645295733965771,-1.0,-0.004645295733965771,-0.006645295733965771,0.07785735220713298,10.740654009547288
2024-02-07,0.002667788777894753,1.0,0.002667788777894753,0.0006677887778947528,0.0779093444732135,10.769307805781208
2024-02-08,-0.0015963998060317675,-1.0,0.0015963998060317675,-0.0004036001939682326,0.07787790024667217,10.752115684888963
2024-02-09,0.005151847595229464,1.0,0.005151847595229464,0.003151847595229464,0.07812335951928616,10.807508946223788
2024-02-12,0.017143922803076084,1.0,0.017143922803076084,0.017143922803076084,0.07946270036400176,10.992792045291402
2024-02-13,-0.03996527674233752,-1.0,0.03996527674233752,0.03796527674233752,0.08247952377401453,10.553462069030365
2024-02-14,0.013755599349628334,-1.0,-0.013755599349628334,-0.013755599349628334,0.08134496849043105,10.698631265003446
2024-02-15,0.022495995463431173,1.0,0.022495995463431173,0.02049599546343117,0.08301221459558387,10.939307625405887
2024-02-16,-0.004190790698547997,1.0,-0.004190790698547997,-0.004190790698547997,0.08266432777879083,10.89346327676078
2024-02-20,-0.007364405877932634,1.0,-0.007364405877932634,-0.007364405877932634,0.08205555411740136,10.81323939177436
2024-02-21,0.008655827855870823,1.0,0.008655827855870823,0.008655827855870823,0.08276581286845967,10.90683693051388
2024-02-22,-0.007530892470725359,1.0,-0.007530892470725359,-0.007530892470725359,0.08214251243149513,10.824698714394444
2024-02-23,0.001941203289569371,1.0,0.001941203289569371,0.001941203289569371,0.08230196774684065,10.845711655147424
2024-02-26,-0.019816880824881533,1.0,-0.019816880824881533,-0.019816880824881533,0.08067099946034827,10.630783479816339
2024-02-27,0.007434244101699239,1.0,0.007434244101699239,0.007434244101699239,0.08127072736226454,10.709815319197604
2024-02-28,-0.009359204392935694,1.0,-0.009359204392935694,-0.009359204392935694,0.08051009801371856,10.60957996861464
2024-02-29,0.0027252882937229828,1.0,0.0027252882937229828,0.0027252882937229828,0.08072951124136184,10.638494132704423
2024-03-01,0.0003623202828737515,1.0,0.0003623202828737515,0.0003623202828737515,0.08075876118071107,10.642348674907936
2024-03-04,-0.004347005558699268,-1.0,0.004347005558699268,0.0023470055586992684,0.08094830244211587,10.596086326060496
2024-03-05,0.00782243210131739,1.0,0.00782243210131739,0.005822432101317389,0.081419618436802,10.6789734918858
2024-03-06,0.002346411776723789,1.0,0.002346411776723789,0.002346411776723789,0.08161066238835847,10.704030761050483
2024-03-07,0.012966087482570998,1.0,0.012966087482570998,0.012966087482570998,0.0826688333763965,10.842820160314394
2024-03-08,0.027733340199680434,1.0,0.027733340199680434,0.027733340199680434,0.0849615162563348,11.143527780544346
2024-03-11,0.0010379804134243997,-1.0,-0.0010379804134243997,-0.0030379804134243998,0.08470340483405321,11.155094544117002
2024-03-12,-0.012441724673375898,-1.0,0.012441724673375898,0.012441724673375898,0.085757261275896,11.01630592909362
2024-03-13,0.041819803246235576,1.0,0.041819803246235576,0.039819803246235574,0.08917209854683819,11.477005675548654
2024-03-14,0.0,1.0,0.0,0.0,0.08917209854683819,11.477005675548654
2024-03-15,0.009069566070643242,-1.0,-0.009069566070643242,-0.011069566070643242,0.08818500211031606,11.58109713681619
2024-03-18,0.0014978387687858419,-1.0,-0.0014978387687858419,-0.0014978387687858419,0.08805291519532976,11.598443753092788
2024-03-19,0.018281544425478913,-1.0,-0.018281544425478913,-0.018281544425478913,0.08644317191439341,11.810481217831372
2024-03-20,0.015178785278844531,-1.0,-0.015178785278844531,-0.015178785278844531,0.08513106956908259,11.989749976276661
2024-03-21,-0.013504916616944751,-1.0,0.013504916616944751,0.013504916616944751,0.08628075756512438,11.82782940258903
2024-03-22,0.0068448980863804465,-1.0,-0.0068448980863804465,-0.0068448980863804465,0.0856901745727754,11.908789689432846
2024-03-25,0.013434661448928464,-1.0,-0.013434661448928464,-0.013434661448928464,0.08453895608789058,12.068780247176866
2024-03-26,-0.01884680817909734,-1.0,0.01884680817909734,0.01884680817909734,0.08613224557694019,11.841322260902645
2024-03-27,0.038417865441604304,-1.0,-0.038417865441604304,-0.038417865441604304,0.08282322855618209,12.296240586172676
2024-03-28,0.0018812220289721182,-1.0,-0.0018812220289721182,-0.0018812220289721182,0.0826674196741116,12.319372544836925
2024-04-01,-0.00829293843283696,-1.0,0.00829293843283696,0.00829293843283696,0.08335297549587051,12.21720874679141
2024-04-02,-0.007888938494626685,1.0,-0.007888938494626685,-0.009888938494626685,0.08252870304784772,12.120827938411958
2024-04-03,-0.005248164763115404,-1.0,0.005248164763115404,0.0032481647631154038,0.08279676987303336,12.057215836325799
2024-04-04,0.0188648846766879,1.0,0.0188648846766879,0.016864884676687897,0.08419312784854434,12.28467382260002
2024-04-05,0.007061033408129136,-1.0,-0.007061033408129136,-0.009061033408129136,0.08343025110437378,12.371416314869368
2024-04-08,0.010595226835730553,1.0,0.010595226835730553,0.008595226835730553,0.08414735303757784,12.502494277004667
2024-04-09,0.008017416451765014,1.0,0.008017416451765014,0.008017416451765014,0.08482199741019379,12.602731980309223
2024-04-10,-0.020954533679344856,-1.0,0.020954533679344856,0.018954533679344854,0.08642975881685461,12.338647608576077
2024-04-11,-0.0010936714640668033,1.0,-0.0010936714640668033,-0.0030936714640668033,0.08616237353835673,12.3251531817814
2024-04-12,-0.013449955609038056,-1.0,0.013449955609038056,0.011449955609038056,0.08714892889054028,12.159380418611846
2024-04-15,-0.005231589450834018,1.0,-0.005231589450834018,-0.007231589450834018,0.08651870361572396,12.095767532285159
2024-04-16,-0.016733120269447843,1.0,-0.016733120269447843,-0.016733120269447843,0.08507097574256534,11.893367599416148
2024-04-17,0.033873752189102824,1.0,0.033873752189102824,0.033873752189102824,0.08795264889335418,12.296240586172676
2024-04-18,0.0034487794953432793,1.0,0.0034487794953432793,0.0034487794953432793,0.08825597818541871,12.338647608576077
2024-04-19,0.004530534198795788,1.0,0.004530534198795788,0.004530534198795788,0.08865582491283593,12.394548273533621
2024-04-22,0.015707654339985222,-1.0,-0.015707654339985222,-0.017707654339985224,0.08708593821005317,12.589237553514547
2024-04-23,0.013627362644317742,-1.0,-0.013627362644317742,-0.013627362644317742,0.08589918654884413,12.760795659071754
2024-04-24,0.005437963343712049,-1.0,-0.005437963343712049,-0.005437963343712049,0.08543206992113683,12.830188398102386
2024-04-25,0.005108185401029752,-1.0,-0.005108185401029752,-0.005108185401029752,0.08499566706878593,12.895727379170035
2024-04-26,-0.01360250655772366,1.0,-0.01360250655772366,-0.01560250655772366,0.08366952161596711,12.720313162928258
2024-04-29,0.021670029919395928,1.0,0.021670029919395928,0.021670029919395928,0.08548264265272666,12.995962729753
2024-04-30,-0.00667439122068092,-1.0,0.00667439122068092,0.00467439122068092,0.08588222196706317,12.909222590205239
2024-05-01,0.02448830691348758,-1.0,-0.02448830691348758,-0.02448830691348758,0.08377911175712147,13.225347595008712
2024-05-02,0.0034982434659804884,-1.0,-0.0034982434659804884,-0.0034982434659804884,0.08348603202683147,13.271613080818272
2024-05-03,0.01873640228977491,-1.0,-0.01873640228977491,-0.01873640228977491,0.08192180414519973,13.520275362534722
2024-05-06,0.015825442750447172,1.0,0.015825442750447172,0.013825442750447172,0.08305440935842254,13.734239706254797
2024-05-07,0.009824248449276318,-1.0,-0.009824248449276318,-0.011824248449276318,0.08207235338736064,13.869168289390961
2024-05-08,0.012508792841778638,1.0,0.012508792841778638,0.010508792841778638,0.08293483474714566,14.042654842410718
2024-05-09,0.02374771976587131,-1.0,-0.02374771976587131,-0.025747719765871313,0.08079945186324732,14.376135874377143
2024-05-10,-0.010592820448365736,1.0,-0.010592820448365736,-0.012592820448365736,0.07978195887360708,14.223852048318557
2024-05-13,0.01070622961637091,-1.0,-0.01070622961637091,-0.01270622961637091,0.07876823098491516,14.376135874377143
2024-05-14,0.011262931718258207,-1.0,-0.011262931718258207,-0.011262931718258207,0.07788106977776407,14.538053311102654
2024-05-15,0.02161233392535067,-1.0,-0.02161233392535067,-0.02161233392535067,0.0761978780912635,14.852254573886755
2024-05-16,-0.00830630182330161,-1.0,0.00830630182330161,0.00830630182330161,0.07683080066498467,14.72888726463954
2024-05-17,-0.004187937181900692,-1.0,0.004187937181900692,0.004187937181900692,0.07715256323180476,14.667203610015934
2024-05-20,-0.002891175103983845,-1.0,0.002891175103983845,0.002891175103983845,0.0773756248018291,14.624798156093593
2024-05-21,0.014234818958323237,1.0,0.014234818958323237,0.012234818958323236,0.07832230156306662,14.832979510147606
2024-05-22,-0.008187349204132,-1.0,0.008187349204132,0.0061873492041319995,0.07880690899330864,14.711536727160293
2024-05-23,-0.013102538733490543,-1.0,0.013102538733490543,0.013102538733490543,0.07983947957086014,14.518778247363507
2024-05-24,0.017126942603562734,-1.0,-0.017126942603562734,-0.017126942603562734,0.0784720733867517,14.767440529079957
2024-05-28,0.012008660110830238,1.0,0.012008660110830238,0.010008660110830238,0.07925747369747183,14.944777703100577
2024-05-29,-0.01096336815458554,1.0,-0.01096336815458554,-0.01096336815458554,0.07838854483432406,14.780932603153044
2024-05-30,0.019692321209746844,1.0,0.019692321209746844,0.019692321209746844,0.07993219723836621,15.072003475753954
2024-05-31,0.023404308680581076,-1.0,-0.023404308680581076,-0.025404308680581078,0.07790157502620566,15.42475329753529
2024-06-03,-0.02257713338698286,-1.0,0.02257713338698286,0.02257713338698286,0.07966036927662837,15.076506584875531
2024-06-04,-0.007206177169151173,1.0,-0.007206177169151173,-0.009206177169151173,0.07892700180370772,14.967862607333045
2024-06-05,-0.0012962512560381612,1.0,-0.0012962512560381612,-0.0012962512560381612,0.07882469257848435,14.948460496628082
2024-06-06,-0.004542558112961781,-1.0,0.004542558112961781,0.002542558112961781,0.0790251089401015,14.880556246122834
2024-06-07,-0.017079466736374282,-1.0,0.017079466736374282,0.017079466736374282,0.08037481565958231,14.626404280698432
2024-06-10,0.0209578279421907,1.0,0.0209578279421907,0.018957827942190697,0.08189854758574196,14.932941945026231
2024-06-11,-0.05495660532869695,1.0,-0.05495660532869695,-0.05495660532869695,0.07739768142907882,14.112278148157081
2024-06-12,-0.006598782739535181,-1.0,0.006598782739535181,0.0045987827395351805,0.07775361655051492,14.019154290697502
2024-06-13,0.01273164321728082,-1.0,-0.01273164321728082,-0.01273164321728082,0.07676368524574051,14.197641161334674
2024-06-14,-0.0016395559754087685,-1.0,0.0016395559754087685,0.0016395559754087685,0.07688954360457956,14.174363333931899
2024-06-17,-0.010265685515104539,-1.0,0.010265685515104539,0.010265685515104539,0.0776788674786241,14.028853777568925
2024-06-18,-0.025860697439656355,-1.0,0.025860697439656355,0.025860697439656355,0.07968769716794397,13.666057834602034
2024-06-20,0.02867682207754574,-1.0,-0.02867682207754574,-0.02867682207754574,0.0774025072544895,14.057956943626367
2024-06-21,0.0048301956177900784,-1.0,-0.0048301956177900784,-0.0048301956177900784,0.0770286380031429,14.125859625650552
2024-06-24,0.014283468183035497,1.0,0.014283468183035497,0.012283468183035497,0.07797481682723706,14.327625892171557
2024-06-25,-0.011780335979867607,1.0,-0.011780335979867607,-0.011780335979867607,0.07705624728704358,14.158841645367927
2024-06-26,0.005343795751106883,1.0,0.005343795751106883,0.005343795751106883,0.07746802013389233,14.234503603193039
2024-06-27,0.004770288021069824,-1.0,-0.004770288021069824,-0.006770288021069824,0.07694353932516385,14.302406285217225
2024-06-28,-0.03947356155828152,-1.0,0.03947356155828152,0.03947356155828152,0.07998077486122776,13.737839370286151
2024-07-01,-0.012851351058206228,1.0,-0.012851351058206228,-0.014851351058206229,0.07879295229585631,13.561289573757357
2024-07-02,0.00815451631591424,-1.0,-0.00815451631591424,-0.01015451631591424,0.07799284797618898,13.671875330851398
2024-07-03,0.01929896333837111,1.0,0.01929896333837111,0.01729896333837111,0.07934204339398422,13.93572835162828
2024-07-05,0.0036197547827450105,1.0,0.0036197547827450105,0.0036197547827450105,0.07962924213503236,13.986172270980122
2024-07-08,0.00027722275285557707,-1.0,-0.00027722275285557707,-0.002277222752855577,0.07944790861304982,13.990049556158995
2024-07-09,0.00013890930298798843,-1.0,-0.00013890930298798843,-0.00013890930298798843,0.07943687255944053,13.991992904191608
2024-07-10,0.010815260817278682,-1.0,-0.010815260817278682,-0.010815260817278682,0.07857774206420125,14.143319956803953
2024-07-11,0.024691234803500217,-1.0,-0.024691234803500217,-0.024691234803500217,0.07663756058456518,14.49253599075843
2024-07-12,0.017403088836685177,-1.0,-0.017403088836685177,-0.017403088836685177,0.07530383030948515,14.744750882074456
2024-07-15,-0.0661842109742129,1.0,-0.0661842109742129,-0.0681842109742129,0.07016929805649688,13.768881178933029
2024-07-16,0.013103975505557308,1.0,0.013103975505557308,0.013103975505557308,0.07108879481947136,13.949308260640697
2024-07-17,-0.013908113260967525,1.0,-0.013908113260967525,-0.013908113260967525,0.07010008380953647,13.755299701439556
2024-07-18,0.010860197618606238,1.0,0.010860197618606238,0.010860197618606238,0.0708613845727889,13.904684974500345
2024-07-19,0.0046045916870989245,1.0,0.0046045916870989245,0.0046045916870989245,0.07118767231512908,13.968710371345658
2024-07-22,0.012500050528392315,1.0,0.012500050528392315,0.012500050528392315,0.07207752181606683,14.143319956803957
2024-07-23,-0.010836946425101912,1.0,-0.010836946425101912,-0.010836946425101912,0.071296421573692,13.990049556158997
2024-07-24,0.04576360820670322,1.0,0.04576360820670322,0.04576360820670322,0.07455920307713038,14.63028470283942
2024-07-25,-0.026123974918942805,1.0,-0.026123974918942805,-0.026123974918942805,0.07261142032596705,14.24808351220545
2024-07-26,0.011165784768187414,1.0,0.011165784768187414,0.011165784768187414,0.07342218381703919,14.407174546061897
2024-07-29,0.0010771405282996582,-1.0,-0.0010771405282996582,-0.0030771405282996583,0.0731962534395395,14.422693097663748
2024-07-30,-0.0008070405341844555,1.0,-0.0008070405341844555,-0.0028070405341844556,0.07299078858918429,14.411053399721832
2024-07-31,0.028406152262801188,1.0,0.028406152262801188,0.028406152262801188,0.07506417604363058,14.820415976861689
2024-08-01,0.026181362755885784,1.0,0.026181362755885784,0.026181362755885784,0.07702945846660054,15.208434663745031
2024-08-02,0.010332826541142204,-1.0,-0.010332826541142204,-0.012332826541142204,0.07607946751677384,15.365580781087802
2024-08-05,-0.031818189242004635,1.0,-0.031818189242004635,-0.03381818924200464,0.07350659768686064,14.876675823981842
2024-08-06,0.0037821702717810712,-1.0,-0.0037821702717810712,-0.005782170271781071,0.0730815700229359,14.93294194502623
2024-08-07,0.007665241797320643,1.0,0.007665241797320643,0.005665241797320643,0.07349559478804366,15.047406555780206
2024-08-08,-0.00025787979653557613,-1.0,0.00025787979653557613,-0.001742120203464424,0.07336755662749778,15.043526133639213
2024-08-09,-0.0010315767369958317,-1.0,0.0010315767369958317,0.0010315767369958317,0.07344324089216492,15.028007582037363
2024-08-12,0.0015488586091436662,-1.0,-0.0015488586091436662,-0.0015488586091436662,0.07332948769622567,15.051283840959078
2024-08-13,0.006960752448210927,1.0,0.006960752448210927,0.004960752448210927,0.07369325713184077,15.156052101803752
2024-08-14,-0.0014080680873258533,-1.0,0.0014080680873258533,-0.0005919319126741467,0.07364963574119554,15.134711348509354
2024-08-15,-0.007691248226940117,-1.0,0.007691248226940117,0.007691248226940117,0.07421609337150481,15.018306526684881
2024-08-16,0.014984860675604894,1.0,0.014984860675604894,0.012984860675604894,0.07517977900382149,15.243353757570782
2024-08-19,0.009927411973705835,-1.0,-0.009927411973705835,-0.011927411973705835,0.07428307880755075,15.394680810183123
2024-08-20,-0.004662952972610879,-1.0,0.004662952972610879,0.004662952972610879,0.0746294573106911,15.322896137536885
2024-08-21,0.008356827099867736,1.0,0.008356827099867736,0.006356827099867736,0.07510386386737211,15.450946931227511
2024-08-22,-0.00904069862463297,1.0,-0.00904069862463297,-0.00904069862463297,0.07442487246860174,15.311259576557086
2024-08-23,0.009376716825589826,-1.0,-0.009376716825589826,-0.011376716825589826,0.07357816176974583,15.454828921849563
2024-08-26,0.012302081733838843,1.0,0.012302081733838843,0.010302081733838843,0.07433617000612336,15.644955490428652
2024-08-27,-0.01277285582665555,-1.0,0.01277285582665555,0.01077285582665555,0.07513698284830508,15.445124729534964
2024-08-28,-0.0025120882250014853,-1.0,0.0025120882250014853,0.0025120882250014853,0.07532573357818044,15.40632521356822
2024-08-29,0.0078075233579730785,-1.0,-0.0078075233579730785,-0.0078075233579730785,0.07473762615381234,15.526610457533684
2024-08-30,0.01251331176512549,-1.0,-0.01251331176512549,-0.01251331176512549,0.07380241093716429,15.72089977484446
2024-09-03,-0.007204124031017001,-1.0,0.007204124031017001,0.007204124031017001,0.07433409265934371,15.607644462987293
2024-09-04,0.01438768453035233,-1.0,-0.01438768453035233,-0.01438768453035233,0.0732645971843111,15.832202327782655
2024-09-05,-0.009250076109788674,-1.0,0.009250076109788674,0.009250076109788674,0.07394230028441898,15.685753251265092
2024-09-06,-0.004357038142007719,-1.0,0.004357038142007719,0.004357038142007719,0.07426446970706597,15.61740982606321
2024-09-09,0.015128811528902109,-1.0,-0.015128811528902109,-0.015128811528902109,0.07314093654157391,15.853682675891344
2024-09-10,0.013671504380932342,-1.0,-0.013671504380932342,-0.013671504380932342,0.07214098990722029,16.070426368048704
2024-09-11,0.013730335580649067,-1.0,-0.013730335580649067,-0.013730335580649067,0.07115046990667394,16.291078715006122
2024-09-12,0.00035960029777015734,-1.0,-0.00035960029777015734,-0.00035960029777015734,0.07112488417650902,16.296936991763037
2024-09-13,0.014258343890489078,1.0,0.014258343890489078,0.012258343890489078,0.07199675746591587,16.529304323753227
2024-09-16,-0.00011832898970098871,-1.0,0.00011832898970098871,-0.0018816710102990113,0.07186128325455672,16.527348427872138
2024-09-17,0.0038990552300199877,1.0,0.0038990552300199877,0.0018990552300199876,0.07199775180035724,16.591789472198194
2024-09-18,-0.008120528030479135,-1.0,0.008120528030479135,0.006120528030479135,0.07243841605838282,16.4570553807134
2024-09-19,-0.023611769791939907,-1.0,0.023611769791939907,0.023611769791939907,0.07414881526244611,16.06847517761079
2024-09-20,0.0057114917709402135,1.0,0.0057114917709402135,0.0037114917709402135,0.07442401798011765,16.16025014135927
2024-09-23,0.024891292648120844,-1.0,-0.024891292648120844,-0.026891292648120846,0.0724226599325653,16.56249965689468
2024-09-24,-0.0062486392686678105,1.0,-0.0062486392686678105,-0.00824863926866781,0.07182527153590416,16.45900657115131
2024-09-25,0.003915054477035218,-1.0,-0.003915054477035218,-0.005915054477035218,0.07140042114194145,16.52344447851525
2024-09-26,-0.013708248727844485,-1.0,0.013708248727844485,0.013708248727844485,0.07237919587422802,16.296936991763033
2024-09-27,0.012940379684179382,1.0,0.012940379684179382,0.010940379684179382,0.07317105175832767,16.507825544125595
2024-09-30,-0.00011838793636431699,1.0,-0.00011838793636431699,-0.00011838793636431699,0.07316238918850838,16.505871216725563
2024-10-01,0.008754332575503732,1.0,0.008754332575503732,0.008754332575503732,0.07380287707548303,16.650369102805215
2024-10-02,0.0018764834887821102,-1.0,-0.0018764834887821102,-0.0038764834887821103,0.0735167814410753,16.681613245508757
2024-10-03,-0.004448207097705881,-1.0,0.004448207097705881,0.004448207097705881,0.07384379931008199,16.6074099750689
2024-10-04,-0.014109275484850525,1.0,-0.014109275484850525,-0.016109275484850527,0.07265422920414787,16.3730914526408
2024-10-07,-0.04245671445623167,-1.0,0.04245671445623167,0.04045671445623167,0.0755935806090977,15.677943784070262
2024-10-08,0.002615445041839415,1.0,0.002615445041839415,0.0006154450418394148,0.07564010430347845,15.718948584406546
2024-10-09,0.0009938369139568248,1.0,0.0009938369139568248,0.0009938369139568248,0.07571527823131079,15.734570655758318
2024-10-10,0.004467427087564646,1.0,0.004467427087564646,0.004467427087564646,0.07605353071622384,15.804863702917054
2024-10-11,0.01136640043443471,-1.0,-0.01136640043443471,-0.01336640043443471,0.0750369687702182,15.984508112576071
2024-10-14,0.012827007945678037,1.0,0.012827007945678037,0.010827007945678037,0.07584939462731295,16.189541525143838
2024-10-15,-0.0014473256398401801,-1.0,0.0014473256398401801,-0.0005526743601598199,0.0758074746116688,16.166109986597238
2024-10-16,0.019325775064115147,1.0,0.019325775064115147,0.017325775064115145,0.07712089786496919,16.478532591859963
2024-10-17,-0.007228314746415054,-1.0,0.007228314746415054,0.005228314746415054,0.07752411019253339,16.35942057172694
2024-10-18,0.00716157767937875,1.0,0.00716157767937875,0.00516157767937875,0.07792425690931687,16.47657983294099
2024-10-21,-0.0041479133348564234,1.0,-0.0041479133348564234,-0.0041479133348564234,0.07760103384497394,16.408236407739107
2024-10-22,-0.003927168390476576,1.0,-0.003927168390476576,-0.003927168390476576,0.07729628151778965,16.34379850037517
2024-10-23,0.015053726704736592,1.0,0.015053726704736592,0.015053726704736592,0.07845987861505084,16.5898335763171
2024-10-24,-0.025305932510579998,1.0,-0.025305932510579998,-0.025305932510579998,0.07647437822203007,16.170012367473067
2024-10-25,-0.016664589263430396,-1.0,0.016664589263430396,0.014664589263430396,0.07759584356783238,15.900545752984538
2024-10-28,0.017683868992331764,-1.0,-0.017683868992331764,-0.017683868992331764,0.07622364883582936,16.181728920986895
2024-10-29,-0.03994207514625392,1.0,-0.03994207514625392,-0.04194207514625392,0.07302667082843534,15.535397088428526
2024-10-30,-0.0059075755648305694,-1.0,0.0059075755648305694,0.003907575564830569,0.07331202806294546,15.443620556198987
2024-10-31,0.0020231099689251852,-1.0,-0.0020231099689251852,-0.0020231099689251852,0.07316370976812919,15.47486469890253
2024-11-01,-0.023974911381312247,1.0,-0.023974911381312247,-0.02597491138131225,0.07126328889057398,15.103856189108546
2024-11-04,0.013187142528246376,-1.0,-0.013187142528246376,-0.015187142528246376,0.07018100316516124,15.303032893400456
2024-11-05,0.0035726607051600467,-1.0,-0.0035726607051600467,-0.0035726607051600467,0.06993027025290435,15.357705437688479
2024-11-06,-0.05251121616193555,1.0,-0.05251121616193555,-0.05451121616193555,0.06611828617488572,14.551253647698687
2024-11-07,0.001341986722415811,-1.0,-0.001341986722415811,-0.003341986722415811,0.06589731974038036,14.570781236888402
2024-11-08,0.03149291584048641,1.0,0.03149291584048641,0.02949291584048641,0.06784082384559703,15.029657624111868
2024-11-11,-0.01377153566768563,-1.0,0.01377153566768563,0.01177153566768563,0.06863941452322066,14.822676158068308
2024-11-12,-0.021736259591984997,1.0,-0.021736259591984997,-0.023736259591985,0.06701017156185562,14.500486621248609
2024-11-13,-0.00026955335377054634,1.0,-0.00026955335377054634,-0.00026955335377054634,0.06699210874537438,14.496577966448546
2024-11-14,0.014008760249332619,1.0,0.014008760249332619,0.014008760249332619,0.06793058513538555,14.699657051616281
2024-11-15,0.014213650883822426,1.0,0.014213650883822426,0.014213650883822426,0.0688961267568337,14.908592845059873
2024-11-18,0.0005237180191928203,1.0,0.0005237180191928203,0.0005237180191928203,0.06893220889986884,14.91640074377364
2024-11-19,0.009032719238392328,-1.0,-0.009032719238392328,-0.011032719238392328,0.06817169919259437,15.051136403739493
2024-11-20,-0.00259472832155494,1.0,-0.00259472832155494,-0.00459472832155494,0.06785846875558564,15.012082793841124
2024-11-21,0.006243590075786454,-1.0,-0.006243590075786454,-0.008243590075786454,0.06729907135599403,15.105812084989635
2024-11-22,-0.010996324936500934,-1.0,0.010996324936500934,0.010996324936500934,0.06803911381254929,14.939703666873367
2024-11-25,0.008421146567698434,1.0,0.008421146567698434,0.006421146567698434,0.06847600293467598,15.065513101130088
2024-11-26,0.011090808368542593,1.0,0.011090808368542593,0.011090808368542593,0.06923545716106823,15.23260181990849
2024-11-27,0.01329202229478077,-1.0,-0.01329202229478077,-0.01529202229478077,0.06817670700657183,15.435073902906232
2024-11-29,0.0019103164404277173,1.0,0.0019103164404277173,-8.968355957228273e-05,0.06817059267680756,15.46455977834217
2024-12-02,-0.020337890763467814,-1.0,0.020337890763467814,0.018337890763467812,0.0694206975585957,15.15004325086513
2024-12-03,-0.010120970438719956,1.0,-0.010120970438719956,-0.012120970438719956,0.06857925133565264,14.996710110977794
2024-12-04,-0.007209169887551825,1.0,-0.007209169887551825,-0.007209169887551825,0.0680848518620128,14.88859628003339
2024-12-05,0.006073406777614698,1.0,0.006073406777614698,0.006073406777614698,0.06849835886276444,14.979020781589714
2024-12-06,-0.01259840689288827,1.0,-0.01259840689288827,-0.01259840689288827,0.06763538866631626,14.790308982926218
2024-12-09,-0.007177215144232529,-1.0,0.007177215144232529,0.005177215144232529,0.06798555162480557,14.684155753306081
2024-12-10,-0.007496563509831189,1.0,-0.007496563509831189,-0.009496563509831189,0.0673399225160497,14.574075047113169
2024-12-11,-0.0021581301442986645,1.0,-0.0021581301442986645,-0.0021581301442986645,0.06719459419935307,14.542622296428723
2024-12-12,-0.01027299268199322,1.0,-0.01027299268199322,-0.01027299268199322,0.06650430462487361,14.393226044000519
2024-12-13,0.005463062431605437,1.0,0.005463062431605437,0.005463062431605437,0.0668676217930098,14.471857136471103
2024-12-16,-0.011274273383571787,1.0,-0.011274273383571787,-0.011274273383571787,0.06611373794440613,14.308697462746533
2024-12-17,-0.007143760702761015,1.0,-0.007143760702761015,-0.007143760702761015,0.06564143722136624,14.206479552104469
2024-12-18,-0.024214692923282377,1.0,-0.024214692923282377,-0.024214692923282377,0.06405194997600794,13.862474012229368
2024-12-19,-0.010635481263503999,1.0,-0.010635481263503999,-0.010635481263503999,0.06337072666214721,13.715039929606492
2024-12-20,0.02723259448541282,1.0,0.02723259448541282,0.02723259448541282,0.06509647596358341,14.08853605036071
2024-12-23,0.01144130443495417,-1.0,-0.01144130443495417,-0.01344130443495417,0.06422149441251421,14.249727280355714
2024-12-24,0.005794024886381921,-1.0,-0.005794024886381921,-0.005794024886381921,0.06384939347564746,14.33229055484225
2024-12-26,-0.007406468682231271,-1.0,0.007406468682231271,0.007406468682231271,0.06432229200880431,14.226138893703173
2024-12-27,-0.0035927193024043458,1.0,-0.0035927193024043458,-0.005592719302404346,0.06396255548471177,14.17502836990108
2024-12-30,-0.00485370610032243,1.0,-0.00485370610032243,-0.00485370610032243,0.06365210003896342,14.106226948229848
2024-12-31,-0.0009753647026722323,-1.0,0.0009753647026722323,-0.0010246352973277677,0.06358687985051446,14.09246823237666
2025-01-02,-0.00111588621967329,1.0,-0.00111588621967329,-0.00311588621967329,0.06338875036783623,14.076742641274967
2025-01-03,0.005306325148937141,1.0,0.005306325148937141,0.005306325148937141,0.06372511168807278,14.15143841476748
2025-01-06,-0.010418089054954893,1.0,-0.010418089054954893,-0.010418089054954893,0.0630612177994695,14.004007469106723
2025-01-07,-0.011370025585805688,1.0,-0.011370025585805688,-0.011370025585805688,0.06234421013961746,13.844781545879165
2025-01-08,0.0032657095288115556,1.0,0.0032657095288115556,0.0032657095288115556,0.06254780822073663,13.889994580897858
2025-01-10,-0.046419378799954614,-1.0,0.046419378799954614,0.04441937879995461,0.06532614300720044,13.245229660917843
2025-01-13,-0.0062333163047439966,1.0,-0.0062333163047439966,-0.008233316304743997,0.06478829220885321,13.162667954912365
2025-01-14,0.015232869843412544,1.0,0.015232869843412544,0.015232869843412544,0.06577520383144765,13.363173162661603
2025-01-15,0.019270482068983075,1.0,0.019270482068983075,0.019270482068983075,0.06704272371746527,13.62068795147739
2025-01-16,0.030018658454474823,1.0,0.030018658454474823,0.030018658454474823,0.06905525634259757,14.02956273100777
2025-01-17,-0.00854697892524059,1.0,-0.00854697892524059,-0.00854697892524059,0.0684650425219603,13.909652354015506
2025-01-21,0.0012717305176195293,-1.0,-0.0012717305176195293,-0.0032717305176195293,0.06824104335295109,13.927341683403586
2025-01-22,-0.033309837289426714,-1.0,0.033309837289426714,0.033309837289426714,0.0705141414034986,13.463424198055163
2025-01-23,0.0108047383574561,-1.0,-0.0108047383574561,-0.0108047383574561,0.06975225455513313,13.608892973910592
2025-01-24,0.052000586874007215,-1.0,-0.052000586874007215,-0.052000586874007215,0.06612509638248107,14.316563395259497
2025-01-27,0.013730461725079302,1.0,0.013730461725079302,0.011730461725079301,0.06690077429466294,14.513136420992778
2025-01-28,-0.04456182154348409,1.0,-0.04456182154348409,-0.04456182154348409,0.06391955392942326,13.866404625764257
2025-01-29,0.004961734748702984,-1.0,-0.004961734748702984,-0.006961734748702984,0.06347456294971121,13.935206047435488
2025-01-30,0.005783765768854421,-1.0,-0.005783765768854421,-0.005783765768854421,0.06310744094532968,14.015804015154577
2025-01-31,0.0036465232580142892,-1.0,-0.0036465232580142892,-0.0036465232580142892,0.06287731819416877,14.066912970475608
2025-02-03,-0.007126837571614586,1.0,-0.007126837571614586,-0.009126837571614586,0.06230344712407186,13.966660366600989
2025-02-04,-0.01618594572207077,1.0,-0.01618594572207077,-0.01618594572207077,0.06129500691062373,13.740596759988588
2025-02-05,-0.01001421388495205,1.0,-0.01001421388495205,-0.01001421388495205,0.06068118560134113,13.602995485127183
2025-02-06,0.0010114475056783867,1.0,0.0010114475056783867,0.0010114475056783867,0.060742561435159215,13.616754200980369
2025-02-07,-0.014436229905669395,1.0,-0.014436229905669395,-0.014436229905669395,0.05986566785322201,13.420179606766027
2025-02-10,0.020946188145317013,-1.0,-0.020946188145317013,-0.022946188145317015,0.05849197897521692,13.701281213753294
2025-02-11,0.009038872026432276,-1.0,-0.009038872026432276,-0.009038872026432276,0.05796327746268717,13.82512534124257
2025-02-12,-0.014929762182988138,-1.0,0.014929762182988138,0.014929762182988138,0.05882865541055165,13.618719507747816
2025-02-13,-0.009815215097899954,1.0,-0.009815215097899954,-0.011815215097899954,0.058133582192955745,13.485048846421305
2025-02-14,-0.007871571351788509,-1.0,0.007871571351788509,0.005871571351788509,0.05847491766873675,13.378900322244347
2025-02-18,0.006464830251897924,-1.0,-0.006464830251897924,-0.006464830251897924,0.05809688725201466,13.46539264178472
2025-02-19,0.008175083276169559,1.0,0.008175083276169559,0.006175083276169559,0.05845564036888208,13.57547334797763
2025-02-20,0.015638510707817188,-1.0,-0.015638510707817188,-0.01763851070781719,0.057424569930303246,13.787773533293665
2025-02-21,0.020530512053544836,1.0,0.020530512053544836,0.018530512053544834,0.05848867661556636,14.070843584010497
2025-02-24,-0.010897001449113763,-1.0,0.010897001449113763,0.008897001449113763,0.0590090504561718,13.91751358108528
2025-02-25,0.006779708388466421,-1.0,-0.006779708388466421,-0.006779708388466421,0.05860898630179866,14.01187026465756
2025-02-26,-0.0037878071296698623,1.0,-0.0037878071296698623,-0.005787807129669862,0.05826976879301839,13.95879600256908
2025-02-27,-0.022954610243222096,-1.0,0.022954610243222096,0.020954610243222094,0.05949078908703875,13.63837728086546
2025-02-28,0.019720130825044535,1.0,0.019720130825044535,0.017720130825044533,0.06054497365254621,13.907327865085444
2025-03-03,0.020664056239778628,1.0,0.020664056239778628,0.020664056239778628,0.061796078393138346,14.19470967023461
2025-03-04,-0.010751193484355492,1.0,-0.010751193484355492,-0.010751193484355492,0.061131696797759316,14.042099600115666
2025-03-05,-0.005222126931015203,1.0,-0.005222126931015203,-0.005222126931015203,0.06081245931757308,13.968769973625903
2025-03-06,-0.006668596468731747,1.0,-0.006668596468731747,-0.006668596468731747,0.06040692556611302,13.875617883507255
2025-03-07,0.04027996507557985,-1.0,-0.04027996507557985,-0.04227996507557985,0.05785292286285461,14.43452728725702
2025-03-10,0.04572291035296594,1.0,0.04572291035296594,0.04372291035296594,0.06038242102284425,15.094515884399712
2025-03-11,-0.027967345452641013,-1.0,0.027967345452641013,0.02596734545264101,0.06195039220881126,14.672362344220328
2025-03-12,-0.01499406061507913,1.0,-0.01499406061507913,-0.016994060615079132,0.060897603488486794,14.452364053864684
2025-03-13,-0.0026055317409723333,1.0,-0.0026055317409723333,-0.0026055317409723333,0.060738932849648396,14.414707960590253
2025-03-14,0.011274576904135358,-1.0,-0.011274576904135358,-0.013274576904135358,0.05993264921446063,14.57722769404258
2025-03-17,-0.01957843089785183,-1.0,0.01957843089785183,0.01957843089785183,0.06110603644563113,14.291828448952517
2025-03-18,-0.01955378965793164,1.0,-0.01955378965793164,-0.021553789657931643,0.05978896978925209,14.012369041634456
2025-03-19,-0.002828609227579215,1.0,-0.002828609227579215,-0.002828609227579215,0.059619850157598756,13.972733525263044
2025-03-20,0.009219786744022462,1.0,0.009219786744022462,0.009219786744022462,0.06016953246176239,14.101559148597023
2025-03-21,-0.0037947483494674694,1.0,-0.0037947483494674694,-0.0037947483494674694,0.05994120422776489,14.048047280292966
2025-03-24,-0.01142783325476815,1.0,-0.01142783325476815,-0.01142783325476815,0.059256206140759986,13.887508538418679
2025-03-25,-0.02112170919887746,1.0,-0.02112170919887746,-0.02112170919887746,0.058004613786426115,13.594180621573273
2025-03-26,0.016620555505365786,-1.0,-0.016620555505365786,-0.018620555505365788,0.056924535655848665,13.820123455144099
2025-03-27,0.004302162112532093,1.0,0.004302162112532093,0.002302162112532093,0.05705558516510904,13.879579866663336
2025-03-28,0.0059974745334474555,1.0,0.0059974745334474555,0.0059974745334474555,0.057397774584127724,13.9628222934486
2025-03-31,0.006245583922050102,1.0,0.006245583922050102,0.006245583922050102,0.057756257202231806,14.050028271871005
2025-04-01,0.0004232099452885496,-1.0,-0.0004232099452885496,-0.0024232099452885496,0.057616301665376714,14.055974383567246
2025-04-02,-0.006204081450468246,-1.0,0.006204081450468246,0.006204081450468246,0.05797375789378346,13.9687699736259
2025-04-03,0.023552642836979665,1.0,0.023552642836979665,0.021552642836979663,0.059223245591585705,14.297771423686637
2025-04-04,-0.07249793761957424,1.0,-0.07249793761957424,-0.07249793761957424,0.0549296824270582,13.261212482913272
2025-04-07,-0.02764904766658327,-1.0,0.02764904766658327,0.02564904766658327,0.056338576469940095,12.894552586856515
2025-04-08,-0.014601794212402042,-1.0,0.014601794212402042,0.014601794212402042,0.05716122076977383,12.70626898352224
2025-04-09,0.05412583195721754,-1.0,-0.05412583195721754,-0.05412583195721754,0.05406732213991963,13.39400636332757
2025-04-10,-0.012725839384055915,1.0,-0.012725839384055915,-0.014725839384055915,0.053271135438161164,13.22355638963884
2025-04-11,-0.013639090649005703,-1.0,0.013639090649005703,0.011639090649005703,0.05389116301250139,13.043199105338317
2025-04-14,0.02856731249027833,1.0,0.02856731249027833,0.026567312490278328,0.055322906380719045,13.415808250053436
2025-04-15,-0.00044333371992533177,-1.0,0.00044333371992533177,-0.0015566662800746683,0.05523678707784045,13.409860569876134
2025-04-16,-0.029855136811334892,1.0,-0.029855136811334892,-0.031855136811334894,0.053477211668457265,13.009507347941557
2025-04-17,0.01020708712633378,1.0,0.01020708712633378,0.01020708712633378,0.0540230582272306,13.142296522912677
2025-04-21,-0.024581405695861425,1.0,-0.024581405695861425,-0.024581405695861425,0.0526950955160159,12.81924040030765
2025-04-22,0.030303026595343452,-1.0,-0.030303026595343452,-0.032303026595343454,0.05099288444411788,13.207702183090275
2025-04-23,0.009453731615533867,1.0,0.009453731615533867,0.007453731615533867,0.05137297171906626,13.33256425478711
2025-04-24,-0.013676336008257572,1.0,-0.013676336008257572,-0.013676336008257572,0.050670377696093595,13.150223626186957
2025-04-25,-0.003918750484551037,1.0,-0.003918750484551037,-0.003918750484551037,0.050471813128944644,13.098691180979882
2025-04-28,0.0015133762293899622,1.0,0.0015133762293899622,0.0015133762293899622,0.0505481959711882,13.118514428849297
2025-04-29,0.016014486658540106,1.0,0.016014486658540106,0.016014486658540106,0.051357699381182065,13.32860070314997
2025-04-30,-0.005502027824692002,1.0,-0.005502027824692002,-0.005502027824692002,0.05107512789017463,13.25526637121703
2025-05-01,-0.012410216469702307,1.0,-0.012410216469702307,-0.012410216469702307,0.050441274496839834,13.09076564618666
2025-05-02,0.015745598385457527,1.0,0.015745598385457527,0.015745598385457527,0.051235502547117694,13.29688758460966
2025-05-05,-0.014756137882647069,-1.0,0.014756137882647069,0.012756137882647069,0.05188906968209544,13.100676878001103
2025-05-06,0.006656481245467694,1.0,0.006656481245467694,0.0046564812454676936,0.052130690161914885,13.18788128794245
2025-05-07,0.012323414952249978,1.0,0.012323414952249978,0.012323414952249978,0.052773118288527335,13.350401021394777
2025-05-08,0.014251836448172739,-1.0,-0.014251836448172739,-0.01625183644817274,0.05191545820124212,13.540668753269214
2025-05-09,0.029127594613309826,1.0,0.029127594613309826,0.027127594613309824,0.053323799705489644,13.935075863507551
2025-05-12,-0.008818113465789645,1.0,-0.008818113465789645,-0.008818113465789645,0.0528535843892596,13.812194783388755
2025-05-13,0.03472537660275332,1.0,0.03472537660275332,0.03472537660275332,0.05468894501198204,14.291828448952513
2025-05-14,0.0011093196790874504,-1.0,-0.0011093196790874504,-0.0031093196790874505,0.054518899599027754,14.307682655501077
2025-05-15,0.03269151860244679,1.0,0.03269151860244679,0.030691518602446788,0.05619216742025624,14.775422529191296
2025-05-16,0.006036276682125363,-1.0,-0.006036276682125363,-0.008036276682125363,0.05574059161549875,14.864611067672802
2025-05-19,-0.015200050142058608,-1.0,0.015200050142058608,0.015200050142058608,0.05658785140300234,14.638668234101976
2025-05-20,0.007446355532002347,-1.0,-0.007446355532002347,-0.007446355532002347,0.05616647814266347,14.747672962288128
2025-05-21,-0.03856998321407279,-1.0,0.03856998321407279,0.03856998321407279,0.05833281826181958,14.17885546368604
2025-05-22,-0.06429963990608711,-1.0,0.06429963990608711,0.06429963990608711,0.0620835974707618,13.267160163090571
2025-05-23,0.012249539049233205,-1.0,-0.012249539049233205,-0.012249539049233205,0.06132310201922683,13.42967675958078
2025-05-27,0.004132574059665384,1.0,0.004132574059665384,0.0021325740596653837,0.06145387807585125,13.485175893387114
2025-05-28,-0.012198866614202442,-1.0,0.012198866614202442,0.010198866614202442,0.06208063798127233,13.320672031394626
2025-05-29,0.02648409149435138,1.0,0.02648409149435138,0.02448409149435138,0.0636006260016335,13.673457928240328
2025-05-30,0.023916556344415474,-1.0,-0.023916556344415474,-0.025916556344415476,0.061952316794322074,14.000479955204083
2025-06-02,0.0010987953470140699,-1.0,-0.0010987953470140699,-0.0010987953470140699,0.06188424387689173,14.015863617434825
2025-06-03,0.01140416343113948,-1.0,-0.01140416343113948,-0.01140416343113948,0.061178505845907165,14.175702816756614
2025-06-04,-0.015081013700818824,-1.0,0.015081013700818824,0.015081013700818824,0.062101139730764914,13.961918848358371
2025-06-05,0.023182581378487388,1.0,0.023182581378487388,0.021182581378487386,0.06341660217680865,14.285592168260276
2025-06-06,0.00923087226879038,1.0,0.00923087226879038,0.00923087226879038,0.06400199273122346,14.41746064484952
2025-06-09,-0.0036032462615001037,1.0,-0.0036032462615001037,-0.0036032462615001037,0.06377137779018613,14.365510983680641
2025-06-10,0.012656476761101931,1.0,0.012656476761101931,0.012656476761101931,0.06457849875121108,14.54732773960695
2025-06-11,0.0026096556179673325,1.0,0.0026096556179673325,0.0026096556179673325,0.06474702639327708,14.585291255169027
2025-06-12,0.011506624751007832,-1.0,-0.011506624751007832,-0.013506624751007832,0.06387251260403948,14.753118728526413
2025-06-13,0.012730397041630148,-1.0,-0.012730397041630148,-0.012730397041630148,0.06305939015854353,14.940931787542864
2025-06-16,-0.013372619198963487,-1.0,0.013372619198963487,0.013372619198963487,0.06390265937005261,14.741132396270364
2025-06-17,-0.026023294091334526,1.0,-0.026023294091334526,-0.028023294091334527,0.06211189635330726,14.357519572682921
2025-06-18,-0.004035603679488187,1.0,-0.004035603679488187,-0.004035603679488187,0.06186123735584386,14.299578313867078
2025-06-20,-0.0005588564097703808,1.0,-0.0005588564097703808,-0.0005588564097703808,0.06182666580683122,14.29158690286936
2025-06-23,-0.011184146337849699,1.0,-0.011184146337849699,-0.011184146337849699,0.061135187328866296,14.131747703547573
2025-06-24,0.009472764746948581,1.0,0.009472764746948581,0.009472764746948581,0.06171430657619328,14.26561442500651
2025-06-25,-0.014846108564340321,-1.0,0.014846108564340321,0.012846108564340321,0.06250709525844404,14.053825564515844
2025-06-26,0.009240916725724357,1.0,0.009240916725724357,0.007240916725724357,0.06295970392997735,14.18369579623539
2025-06-27,-0.0014087217113883943,-1.0,0.0014087217113883943,-0.0005912782886116057,0.06292247722398614,14.163714916019506
2025-06-30,-0.020736392538336035,1.0,-0.020736392538336035,-0.022736392538336037,0.061491847082337084,13.870010563719841
2025-07-01,0.05243460982564985,1.0,0.05243460982564985,0.05243460982564985,0.06471614809155796,14.597279155906133
2025-07-02,-0.000547673842121621,1.0,-0.000547673842121621,-0.000547673842121621,0.06468070475008535,14.589284607946295
2025-07-03,0.011777623418581351,1.0,0.011777623418581351,0.011777623418581351,0.0654424897330803,14.761111708005192
2025-07-07,0.011775897938250957,-1.0,-0.011775897938250957,-0.013775897938250957,0.06454096067369235,14.934937052933781
2025-07-08,-0.03063544702318688,-1.0,0.03063544702318688,0.03063544702318688,0.06651820185523684,14.477398580053999
2025-07-09,0.016423040750024764,1.0,0.016423040750024764,0.014423040750024764,0.06747759659121329,14.715161486888576
2025-07-10,0.01344167654129147,1.0,0.01344167654129147,0.01344167654129147,0.06838460861837613,14.912957927848202
2025-07-11,-0.0032152217030515517,1.0,-0.0032152217030515517,-0.0032152217030515517,0.06816473694059164,14.86500946186189
2025-07-14,0.00860210810473161,1.0,0.00860210810473161,0.00860210810473161,0.0687510973766852,14.992879880230683
2025-07-15,-0.004531087568769965,1.0,-0.004531087568769965,-0.004531087568769965,0.0684395801340224,14.924945828585308
2025-07-16,0.0009370985843053514,1.0,0.0009370985843053514,0.0009370985843053514,0.06850371476767644,14.93893197419211
2025-07-17,0.005483461631097475,1.0,0.005483461631097475,0.005483461631097475,0.06887935225919264,15.020849034482168
2025-07-18,0.010242166261080987,-1.0,-0.010242166261080987,-0.012242166261080987,0.06803611977688004,15.174695067675932
2025-07-21,0.002896606028194304,-1.0,-0.002896606028194304,-0.002896606028194304,0.06783904594219937,15.218650180884973
2025-07-22,0.0179861575968574,-1.0,-0.0179861575968574,-0.0179861575968574,0.06661888217066253,15.492375221449812
2025-07-23,-0.06087183039999444,-1.0,0.06087183039999444,0.06087183039999444,0.07067409546759232,14.549325984476644
2025-07-24,-0.011672626991133361,1.0,-0.011672626991133361,-0.013672626991133361,0.06970779492232818,14.379497129287444
2025-07-25,-0.0016673602184169578,-1.0,0.0016673602184169578,-0.00033263978158304223,0.06968460733665058,14.355521327813229
2025-07-28,-0.007098170674479154,-1.0,0.007098170674479154,0.007098170674479154,0.07017924057291018,14.253623387307284
2025-07-29,0.008550725482922683,1.0,0.008550725482922683,0.006550725482922683,0.0706389655125033,14.375502208029115
2025-07-30,-0.013342588593989624,1.0,-0.013342588593989624,-0.013342588593989624,0.06969645885696495,14.183695796235392
2025-07-31,0.000985961439574412,1.0,0.000985961439574412,0.000985961439574412,0.0697651768778728,14.197680373361134
2025-08-01,-0.00928780872363777,1.0,-0.00928780872363777,-0.00928780872363777,0.06911721125946037,14.06581503373401
2025-08-04,0.0018464964739377532,1.0,0.0018464964739377532,0.0018464964739377532,0.06924483594633937,14.091787511596861
2025-08-05,0.009216022567234416,1.0,0.009216022567234416,0.009216022567234416,0.06988299791708528,14.22165774331641
2025-08-06,-0.008991355941605939,1.0,-0.008991355941605939,-0.008991355941605939,0.06925465500854626,14.093785756466556
2025-08-07,0.02891985166978328,1.0,0.02891985166978328,0.02891985166978328,0.07125748935883543,14.501375950009272
2025-08-08,-0.0023423312339313496,-1.0,0.0023423312339313496,0.0003423312339313495,0.07128188302309449,14.467408924186586
2025-08-11,0.0005523733406302966,-1.0,-0.0005523733406302966,-0.0005523733406302966,0.07124250881124261,14.475400335184304
2025-08-12,-0.008143523479268278,-1.0,0.008143523479268278,0.008143523479268278,0.07182267385446894,14.357519572682923
2025-08-13,0.006122939688366857,1.0,0.006122939688366857,0.004122939688366857,0.07211879440702816,14.445429799101008
2025-08-14,-0.0008299835577694203,1.0,-0.0008299835577694203,-0.0008299835577694203,0.07205893699346418,14.433440329882842
2025-08-15,0.043881790145962274,1.0,0.043881790145962274,0.043881790145962274,0.07522101214475249,15.066805529523029
2025-08-18,0.00411087462659987,-1.0,-0.00411087462659987,-0.00611087462659987,0.07476134597024996,15.12874327807826
2025-08-19,0.010433079805098222,-1.0,-0.010433079805098222,-0.010433079805098222,0.07398135488140578,15.286582664049293
2025-08-20,-0.00431320980912786,-1.0,0.00431320980912786,0.00431320980912786,0.07430045198697283,15.220648425754671
2025-08-21,-0.0013125421923525504,1.0,-0.0013125421923525504,-0.0033125421923525505,0.07405432860485511,15.200670682500904
2025-08-22,0.003154468343464112,1.0,0.003154468343464112,0.003154468343464112,0.07428793064013561,15.248620716968276
2025-08-25,-0.013102681645764225,1.0,-0.013102681645764225,-0.013102681645764225,0.0733145595348353,15.048822894176835
2025-08-26,-0.00637301292821324,1.0,-0.00637301292821324,-0.00637301292821324,0.07284732489909354,14.952916551317855
2025-08-27,-0.012693617181073535,1.0,-0.012693617181073535,-0.012693617181073535,0.07192262884415916,14.763109952874888
2025-08-28,-0.01681607834633625,-1.0,0.01681607834633625,0.01481607834633625,0.07298824014798869,14.514852339271767
2025-08-29,-0.000554674142718814,-1.0,0.000554674142718814,0.000554674142718814,0.07302872483752132,14.506801325993791
2025-09-02,0.008327540783282572,-1.0,-0.008327540783282572,-0.008327540783282572,0.07242057515308574,14.627607305670983
2025-09-03,-0.01403993364765277,-1.0,0.01403993364765277,0.01403993364765277,0.07343735522295992,14.422236669675442
2025-09-04,-0.010610074960027305,-1.0,0.010610074960027305,0.010610074960027305,0.07421653106674168,14.26921565751893
2025-09-05,0.00042319439439997275,-1.0,-0.00042319439439997275,-0.00042319439439997275,0.07418512304682243,14.275254309597678
2025-09-08,-0.015937900903209234,1.0,-0.015937900903209234,-0.017937900903209236,0.07285439766111614,14.047736721043199
2025-09-09,0.00429989366106498,1.0,0.00429989366106498,0.00429989366106498,0.07316766382379987,14.108140495122322
2025-09-10,0.013843364022618099,-1.0,-0.013843364022618099,-0.0158433640226181,0.07200844189115486,14.30344461967854
2025-09-11,0.00394131258144137,1.0,0.00394131258144137,0.0019413125814413696,0.07214823278536815,14.359818965916029
2025-09-12,0.004486829890514077,1.0,0.004486829890514077,0.004486829890514077,0.07247194963277731,14.424249030874671
2025-09-15,-0.0019541518631861488,-1.0,0.0019541518631861488,-4.584813681385129e-05,0.07246862692891538,14.396061857755926
2025-09-16,-0.023356713725980693,-1.0,0.023356713725980693,0.023356713725980693,0.07416125590220896,14.059817162162812
2025-09-17,0.006873851652783314,-1.0,-0.006873851652783314,-0.006873851652783314,0.07365148243075308,14.156462259600776
2025-09-18,0.006826924387300259,1.0,0.006826924387300259,0.004826924387300259,0.07400699256745889,14.25310735703874
2025-09-19,0.004096749671296029,1.0,0.004096749671296029,0.004096749671296029,0.07431018068993324,14.311498769918636
2025-09-22,0.01786697517171487,1.0,0.01786697517171487,0.01786697517171487,0.07563787884332593,14.5672019631108
2025-09-23,-0.00041453754084275207,-1.0,0.00041453754084275207,-0.001585462459157248,0.07551795782592956,14.561163311032052
2025-09-24,0.02087938224018071,-1.0,-0.02087938224018071,-0.02087938224018071,0.07394118951848412,14.865191405664786
2025-09-25,0.01110668657076741,-1.0,-0.01110668657076741,-0.01110668657076741,0.0731199479018326,15.030294427421971
2025-09-26,0.016074894077425128,1.0,0.016074894077425128,0.014074894077425128,0.07414910342349773,15.271904818295292
2025-09-29,0.004746348575520365,1.0,0.004746348575520365,0.004746348575520365,0.07450104091490796,15.34439060197509
2025-09-30,-0.009447752122516695,1.0,-0.009447752122516695,-0.009447752122516695,0.07379717354747443,15.199420603096556
2025-10-01,0.042124815606155996,1.0,0.042124815606155996,0.042124815606155996,0.07690586587541728,15.839693393322406
2025-10-02,-0.006228495475725904,-1.0,0.006228495475725904,0.004228495475725904,0.07723106198132827,15.741035934685213
2025-10-03,0.024046998723675328,-1.0,-0.024046998723675328,-0.024046998723675328,0.07537388673243518,16.119560605715915
2025-10-06,0.025605956654058515,-1.0,-0.025605956654058515,-0.025605956654058515,0.07344386625591653,16.532317375868345
2025-10-07,0.013396536884592747,-1.0,-0.013396536884592747,-0.013396536884592747,0.07245997279267205,16.753793175381958
2025-10-08,0.009974778917646754,1.0,0.009974778917646754,0.007974778917646754,0.07303782505607231,16.920908558338372
2025-10-09,-0.003926646487616092,1.0,-0.003926646487616092,-0.003926646487616092,0.07275103133685278,16.854466132180498
2025-10-10,-0.004300593957131782,1.0,-0.004300593957131782,-0.004300593957131782,0.07243815869111041,16.78198191698176
2025-10-13,0.011397716082752085,-1.0,-0.011397716082752085,-0.013397716082752085,0.07146765280740958,16.973258182177396
2025-10-14,0.004033188861172432,-1.0,-0.004033188861172432,-0.004033188861172432,0.0711794102661726,17.041714538015558
2025-10-15,0.013586980781689517,1.0,0.013586980781689517,0.011586980781689517,0.07200416472497873,17.273259985930615
2025-10-16,-0.008625653346113649,-1.0,0.008625653346113649,0.006625653346113649,0.0724812393599229,17.12426683313468
2025-10-17,-0.0061141780363132,-1.0,0.0061141780363132,0.0061141780363132,0.0729244025616621,17.01956601697556
2025-10-20,0.0028393733067206828,-1.0,-0.0028393733067206828,-0.0028393733067206828,0.07271734295961997,17.06789091841613
2025-10-21,-0.009201422265221693,-1.0,0.009201422265221693,0.009201422265221693,0.07338644593819638,16.910842046899038
2025-10-22,-0.013692222761821249,-1.0,0.013692222761821249,0.013692222761821249,0.07439126950368051,16.679295030502924
2025-10-23,0.00494938754714469,1.0,0.00494938754714469,0.00294938754714469,0.07461067818757094,16.761847325622046
2025-10-24,0.013934081461258963,1.0,0.013934081461258963,0.013934081461258963,0.07565030945531634,16.995408271698448
2025-10-27,0.01919195125984907,1.0,0.01919195125984907,0.01919195125984907,0.07710218650717526,17.32158331889012
2025-10-28,-0.028594725966492596,1.0,-0.028594725966492596,-0.028594725966492596,0.07489747061258518,16.82627739058069
2025-10-29,-0.021658496425113416,-1.0,0.021658496425113416,0.019658496425113414,0.07636984227087273,16.46184552186883
2025-10-30,-0.00146759448848377,1.0,-0.00146759448848377,-0.00346759448848377,0.07610502262672789,16.437686208110666
2025-10-31,-0.002939884654613145,1.0,-0.002939884654613145,-0.002939884654613145,0.07588128263856858,16.389361306670096
2025-11-03,0.004668303092880022,1.0,0.004668303092880022,0.004668303092880022,0.07623551946500191,16.465871812748354
2025-11-04,-0.0011004029063514942,1.0,-0.0011004029063514942,-0.0011004029063514942,0.07615162967781541,16.447752719549996
2025-11-05,0.0055085524412952225,1.0,0.0055085524412952225,0.0055085524412952225,0.07657111492338575,16.538356027947092
2025-11-06,-0.0017042567344696113,-1.0,0.0017042567344696113,-0.0002957432655303887,0.076548469531813,16.510170423309408
2025-11-07,0.023536473125765234,1.0,0.023536473125765234,0.021536473125765232,0.07819705358870335,16.898761605779434
2025-11-10,0.0100083850273891,1.0,0.0100083850273891,0.0100083850273891,0.07897967980902647,17.067890918416136
2025-11-11,0.011678586880327524,1.0,0.011678586880327524,0.011678586880327524,0.07990205086145663,17.26721976537081
2025-11-12,0.001515867190849507,-1.0,-0.001515867190849507,-0.003515867190849507,0.07962112586235125,17.293394577290325
2025-11-13,-0.02212130930578815,-1.0,0.02212130930578815,0.02212130930578815,0.0813824494148274,16.910842046899045
2025-11-14,-0.0013097231337488857,-1.0,0.0013097231337488857,0.0013097231337488857,0.08148903789150715,16.888693525859047
2025-11-17,0.022293842785176654,-1.0,-0.022293842785176654,-0.022293842785176654,0.07967233409203858,17.26520740417158
2025-11-18,-0.012944696285665303,1.0,-0.012944696285665303,-0.014944696285665303,0.07848165525666301,17.041714538015558
2025-11-19,-0.004371517003928238,1.0,-0.004371517003928238,-0.004371517003928238,0.07813857136621206,16.967216393136532
2025-11-20,0.00035608604858183845,1.0,0.00035608604858183845,0.00035608604858183845,0.07816639542133169,16.973258182177396
2025-11-21,-0.0030214956167660123,1.0,-0.0030214956167660123,-0.0030214956167660123,0.07793021600018774,16.921973556977708
2025-11-24,0.008984160837686161,1.0,0.008984160837686161,0.008984160837686161,0.07863035359484905,17.074003289104667
2025-11-25,0.007123386632343909,-1.0,-0.007123386632343909,-0.009123386632343909,0.07791297847796533,17.195628015894872
2025-11-26,0.008369700333003882,1.0,0.008369700333003882,0.006369700333003882,0.07840926080292175,17.339550269425718
2025-11-28,0.008767801342289161,-1.0,-0.008767801342289161,-0.010767801342289161,0.07756496545920015,17.49158000155268
2025-12-01,-0.019005690767412986,-1.0,0.019005690767412986,0.019005690767412986,0.07903914120710277,17.159140441009704
2025-12-02,-0.0008268758981397895,1.0,-0.0008268758981397895,-0.0028268758981397895,0.07881570736381474,17.144951961346237
2025-12-03,0.004374468880818716,-1.0,-0.004374468880818716,-0.006374468880818716,0.07831329908990439,17.21995202016428
2025-12-04,-0.018363667100717573,1.0,-0.018363667100717573,-0.020363667100717575,0.07671855313767866,16.903730553775652
2025-12-05,-0.0031178975783358043,1.0,-0.0031178975783358043,-0.0031178975783358043,0.07647935254663726,16.851026453217195
2025-12-08,-0.031035789719805362,1.0,-0.031035789719805362,-0.031035789719805362,0.07410575544309297,16.32804153965227
2025-12-09,-0.011297299986993359,-1.0,0.011297299986993359,0.009297299986993359,0.07479473888221018,16.143578756178727
2025-12-10,0.02046705501447077,-1.0,-0.02046705501447077,-0.02046705501447077,0.073263910846715,16.473990270711877
2025-12-11,-0.0007382547843508558,1.0,-0.0007382547843508558,-0.002738254784350856,0.07306329559231874,16.461828268577175
2025-12-12,0.005418090505407314,1.0,0.005418090505407314,0.005418090505407314,0.07345915914046125,16.551019944020798
2025-12-15,0.0,1.0,0.0,0.0,0.07345915914046125,16.551019944020798
2025-12-16,-0.004041598671753688,1.0,-0.004041598671753688,-0.004041598671753688,0.07316226670045102,16.484127363798873
2025-12-17,-0.012666119358164751,1.0,-0.012666119358164751,-0.012666119358164751,0.07223558469790922,16.275337439093807
2025-12-18,0.006974801512957818,-1.0,-0.006974801512957818,-0.008974801512957818,0.07158728466307303,16.388854687287896
2025-12-19,-0.016202900409326593,1.0,-0.016202900409326593,-0.018202900409326594,0.07028418844977699,16.123307706966845
2025-12-22,0.006286256387427969,-1.0,-0.006286256387427969,-0.008286256387427969,0.06970179564429983,16.224662953026233
2025-12-23,-0.003123493115167686,1.0,-0.003123493115167686,-0.005123493115167686,0.06934467897420143,16.17398532999654
2025-12-24,0.008271626177113411,1.0,0.008271626177113411,0.008271626177113411,0.06991827223604796,16.307770490440387
2025-12-26,-0.0004970581429145637,1.0,-0.0004970581429145637,-0.0004970581429145637,0.06988351878949452,16.29966458032533
2025-12-29,-0.0017412422587130827,1.0,-0.0017412422587130827,-0.0017412422587130827,0.06976183465339068,16.27128291555522
2025-12-30,0.0032391833706690853,1.0,0.0032391833706690853,0.0032391833706690853,0.06998780602810731,16.323988584594737
2025-12-31,-0.0031044877768120482,1.0,-0.0031044877768120482,-0.0031044877768120482,0.06977052973976716,16.273310961565045
2026-01-02,0.00809661188348687,1.0,0.00809661188348687,0.00809661188348687,0.07033543463997534,16.40506964448013
2026-01-05,0.004819102937813291,-1.0,-0.004819102937813291,-0.006819102937813291,0.06985581007098951,16.484127363798876
2026-01-06,-0.0033201986904940473,1.0,-0.0033201986904940473,-0.005320198690494047,0.06948416328172644,16.429396785711653
2026-01-07,-0.033066093044223255,1.0,-0.033066093044223255,-0.033066093044223255,0.06718659347355287,15.886140822934848
2026-01-08,0.014291158687092409,1.0,0.014291158687092409,0.014291158687092409,0.06814676774252858,16.113172182360906
2026-01-09,0.005032071118510784,1.0,0.005032071118510784,0.005032071118510784,0.06848968712430561,16.194254810727355
2026-01-12,0.015396228944267287,1.0,0.015396228944267287,0.015396228944267287,0.06954417002759265,16.443585265375116
2026-01-13,0.006410293097021347,1.0,0.006410293097021347,0.006410293097021347,0.06998996854065861,16.548993466492032
2026-01-14,0.004164641576014594,1.0,0.004164641576014594,0.004164641576014594,0.07028145167354699,16.61791409272378
2026-01-15,0.00256151327019416,1.0,0.00256151327019416,0.00256151327019416,0.07046147854465729,16.660481100195238
2026-01-16,0.017520350124571094,-1.0,-0.017520350124571094,-0.019520350124571095,0.06908604581317063,16.952378562314458
2026-01-20,-0.0014348431507704706,1.0,-0.0014348431507704706,-0.0034348431507704707,0.06884874608189544,16.92805455804505
2026-01-21,0.004071292274866467,1.0,0.004071292274866467,0.004071292274866467,0.0691290494499529,16.99697361579574
2026-01-22,0.014549882979707052,-1.0,-0.014549882979707052,-0.016549882979707053,0.0679849717710578,17.244277592914734
2026-01-23,-0.003056415019738079,-1.0,0.003056415019738079,0.003056415019738079,0.06819276205989534,17.191571923875216
2026-01-26,0.007782202697832696,1.0,0.007782202697832696,0.005782202697832696,0.06858706643265074,17.325360221281183
2026-01-27,0.019655986068375375,1.0,0.019655986068375375,0.019655986068375375,0.06993521285492166,17.665907260420273
2026-01-28,0.004819291228579159,-1.0,-0.004819291228579159,-0.006819291228579159,0.06945830427133128,17.75104441232531
2026-01-29,0.006965943520155449,1.0,0.006965943520155449,0.004965943520155449,0.06980323028734847,17.87469718512534
2026-01-30,-0.003175449183292378,1.0,-0.003175449183292378,-0.003175449183292378,0.06958157367674134,17.817936992547235
2026-02-02,-0.017861099410695136,1.0,-0.017861099410695136,-0.017861099410695136,0.06833877027214845,17.499689048629847
2026-02-03,0.028842817748314875,1.0,0.028842817748314875,0.028842817748314875,0.07030985296825198,18.00442939051166
2026-02-04,0.012947500608725848,1.0,0.012947500608725848,0.012947500608725848,0.07122018983235785,18.23754175100507
2026-02-05,-0.008447288578697587,-1.0,0.008447288578697587,0.006447288578697587,0.0716793669488367,18.083483972868287
2026-02-06,0.0029144881947269496,-1.0,-0.0029144881947269496,-0.0029144881947269496,0.07147045828005881,18.136188073426744
2026-02-09,0.0001118231682211146,-1.0,-0.0001118231682211146,-0.0001118231682211146,0.07146246622697972,18.13821611943657
2026-02-10,0.015087089526012676,-1.0,-0.015087089526012676,-0.015087089526012676,0.07038430560126362,18.411869009872678
2026-02-11,0.005835077285639478,-1.0,-0.005835077285639478,-0.005835077285639478,0.06997360773838418,18.519303688518356
2026-02-12,0.006239096656452059,1.0,0.006239096656452059,0.004239096656452059,0.07027023262498786,18.63484741424121
2026-02-13,0.02034151839973397,-1.0,-0.02034151839973397,-0.022341518399733973,0.0687002889298431,19.013908505794234
2026-02-17,-0.0116204597435281,-1.0,0.0116204597435281,0.0116204597435281,0.0694986178717211,18.792958147435524
2026-02-18,-0.01607160428686283,1.0,-0.01607160428686283,-0.01807160428686283,0.06824266635105947,18.490925160710365
2026-02-19,0.004604266750586339,-1.0,-0.004604266750586339,-0.006604266750586339,0.06779197357870581,18.576062312615402
2026-02-20,0.005892591999979713,1.0,0.005892591999979713,0.0038925919999797127,0.06805586007272112,18.685523468789846
2026-02-23,0.020394886886598185,1.0,0.020394886886598185,0.020394886886598185,0.06944385164087442,19.06661260635269
2026-02-24,0.01722304028430166,-1.0,-0.01722304028430166,-0.019223040284301662,0.06810892968328483,19.39499764335708
2026-02-25,-0.005957317415883678,1.0,-0.005957317415883678,-0.007957317415883678,0.06756696531093884,19.279455486115285
2026-02-26,-0.03280414585333313,1.0,-0.03280414585333313,-0.03280414585333313,0.0653504887260117,18.647009416375916
2026-02-27,0.026300454099724924,1.0,0.026300454099724924,0.026300454099724924,0.06706923625514476,19.13743423162845
2026-03-02,-0.011304248834115627,1.0,-0.011304248834115627,-0.011304248834115627,0.06631106891940251,18.9210999130276
2026-03-03,-0.001294336131317686,-1.0,0.001294336131317686,-0.000705663868682314,0.06626427559397238,18.896609649765896
2026-03-04,0.00010798730016237101,1.0,0.00010798730016237101,-0.001892012699837629,0.06613890274300305,18.898650243624196
2026-03-05,-0.015874742945771292,-1.0,0.015874742945771292,0.013874742945771292,0.06705656301727758,18.598639028984625
2026-03-06,-0.0012070597944515704,1.0,-0.0012070597944515704,-0.0032070597944515705,0.06684150861007077,18.57618935958122
2026-03-09,0.010876751372449256,-1.0,-0.010876751372449256,-0.012876751372449256,0.06598080712233946,18.778237952692923
2026-03-10,-0.005108148480769348,-1.0,0.005108148480769348,0.005108148480769348,0.06631784688200137,18.68231592502335
2026-03-11,0.0013109633645558283,1.0,0.0013109633645558283,-0.0006890366354441717,0.0662721514559159,18.706807756766114
2026-03-12,0.0007636645265669539,-1.0,-0.0007636645265669539,-0.002763664526566954,0.06608899746183791,18.721093482255263
2026-03-13,0.011446645728555804,-1.0,-0.011446645728555804,-0.011446645728555804,0.06533250012133683,18.935387206997813
2026-03-16,0.0004310646169505272,-1.0,-0.0004310646169505272,-0.0004310646169505272,0.0653043375921976,18.943549582431007
2026-03-17,-0.003124285870418353,-1.0,0.003124285870418353,0.003124285870418353,0.06550836701141394,18.884364518135047
2026-03-18,-0.016967491274433533,-1.0,0.016967491274433533,0.016967491274433533,0.06661987965708249,18.56394422795037
2026-03-19,0.015941118077558825,1.0,0.015941118077558825,0.013941118077558825,0.06754863526569464,18.859874254873343
2026-03-20,-0.03149008690075061,1.0,-0.03149008690075061,-0.03149008690075061,0.06542152287115081,18.26597517565015
2026-03-23,0.008156438895704055,1.0,0.008156438895704055,0.008156438895704055,0.06595512952491327,18.41496048604079
2026-03-24,0.015405046729592753,1.0,0.015405046729592753,0.015405046729592753,0.0669711713773009,18.698643812851852
2026-03-25,-0.005020677770528503,1.0,-0.005020677770528503,-0.005020677770528503,0.06663493070590062,18.604763947521636
2026-03-26,0.0,1.0,0.0,0.0,0.06663493070590062,18.604763947521636
2026-03-27,0.002632687340810458,-1.0,-0.002632687340810458,-0.004632687340810458,0.06632623190596362,18.653744474045045
2026-03-30,0.007111570695455205,1.0,0.007111570695455205,0.005111570695455205,0.06666526312931412,18.786401896607174
2026-03-31,0.009016778113603241,1.0,0.009016778113603241,0.009016778113603241,0.06726636901483612,18.955794714061856
2026-04-01,-0.0003229504047306264,1.0,-0.0003229504047306264,-0.0003229504047306264,0.06724464531373803,18.94967293248696
2026-04-02,0.0032310439791469747,-1.0,-0.0032310439791469747,-0.005231043979146975,0.06689288561673973,19.010900159122276
2026-04-06,-0.004508860137056092,1.0,-0.004508860137056092,-0.006508860137056092,0.06645748918009628,18.925182669225254
2026-04-07,0.01013688957254022,1.0,0.01013688957254022,0.01013688957254022,0.0671311614091832,19.117025156083344
2026-04-08,0.0053379318639990014,1.0,0.0053379318639990014,0.0053379318639990014,0.06748950297473653,19.21907053380887
2026-04-09,0.00329192925237054,-1.0,-0.00329192925237054,-0.00529192925237054,0.06713235329971658,19.28233835430249
2026-04-10,-0.004233653211522914,-1.0,0.004233653211522914,0.004233653211522914,0.067416568402861,19.200703620603125
2026-04-13,-0.018920089717096467,-1.0,0.018920089717096467,0.018920089717096467,0.06869209592546191,18.837424585469936
2026-04-14,-0.010725913842147383,1.0,-0.010725913842147383,-0.012725913842147383,0.06781792623107796,18.635375992358238
2026-04-15,-0.0007666759166043979,-1.0,0.0007666759166043979,-0.001233324083395602,0.06773428474937122,18.62108869838803
2026-04-16,0.006466531649288676,1.0,0.006466531649288676,0.004466531649288676,0.06803682207594622,18.741502557800366
2026-04-17,0.0016334663255117565,-1.0,-0.0016334663255117565,-0.0036334663255117566,0.06778961257403843,18.772116171118025
2026-04-20,0.00032611036065910426,1.0,0.00032611036065910426,-0.0016738896393408958,0.06767614024389582,18.778237952692923
2026-04-21,-0.015324445442308043,-1.0,0.015324445442308043,0.013324445442308043,0.06857788728232159,18.490471869684203
2026-04-22,-0.006622485659240618,1.0,-0.006622485659240618,-0.008622485659240618,0.06798657543268875,18.36801898489463
2026-04-23,0.06944441005046231,-1.0,-0.06944441005046231,-0.07144441005046231,0.06312931465954905,19.643575227096328
2026-04-24,-0.010077892370680575,-1.0,0.010077892370680575,0.010077892370680575,0.0637655250981228,19.445609390182284
2026-04-27,-0.004722879578064831,1.0,-0.004722879578064831,-0.006722879578064831,0.06333683715165606,19.353770118710365
2026-04-28,0.017715926017774386,1.0,0.017715926017774386,0.017715926017774386,0.06445890787283462,19.69664007829845
2026-04-29,-0.024246244160990194,-1.0,0.024246244160990194,0.022246244160990192,0.06589287647572446,19.219070533808882
2026-04-30,0.0393968123365287,1.0,0.0393968123365287,0.037396812336528695,0.0683570600116012,19.97624064891186
2026-05-01,-0.009501460500836889,1.0,-0.009501460500836889,-0.009501460500836889,0.06770756810594764,19.78643718743101
2026-05-04,-0.014852916334490152,1.0,-0.014852916334490152,-0.014852916334490152,0.0667019132616582,19.492550891328452
2026-05-05,0.008061935387519759,-1.0,-0.008061935387519759,-0.010061935387519759,0.06603076292019544,19.649698577152282
2026-05-06,-0.009243883149322007,-1.0,0.009243883149322007,0.009243883149322007,0.06664114357689031,19.468059059585688
2026-05-07,-0.0217003707527349,1.0,-0.0217003707527349,-0.0237003707527349,0.06506172376673178,19.04559496015654
2026-05-08,-0.002357465802498626,1.0,-0.002357465802498626,-0.002357465802498626,0.06490834297790009,19.00069562134973
2026-05-11,0.018689501153781984,-1.0,-0.018689501153781984,-0.020689501153781986,0.06356542174096874,19.35580914408761
2026-05-12,-0.002635959055077297,-1.0,0.002635959055077297,0.002635959055077297,0.06373297758999666,19.304788023705903
2026-05-13,0.002748710975531088,1.0,0.002748710975531088,0.0007487109755310879,0.06378069516982157,19.357851306426966
2026-05-14,0.008750681222533307,-1.0,-0.008750681222533307,-0.010750681222533308,0.06309500924789925,19.52724569236271
2026-05-15,-0.02424749479528998,1.0,-0.02424749479528998,-0.026247494795289983,0.061438923321056244,19.053758904070794
2026-05-18,-0.0462725054237747,1.0,-0.0462725054237747,-0.0462725054237747,0.058595990408451794,18.172093741838882
2026-05-19,0.011455497514153423,-1.0,-0.011455497514153423,-0.013455497514153423,0.05780755220517151,18.38026411652548
2026-05-20,-0.01987564632779315,1.0,-0.01987564632779315,-0.021875646327793152,0.056542974638055736,18.01494448753399
2026-05-21,0.016087101769790113,1.0,0.016087101769790113,0.016087101769790113,0.0574525872254248,18.304752732882072
2026-05-22,-0.012710480705451555,1.0,-0.012710480705451555,-0.012710480705451555,0.05672233722401777,18.072090526452712
2026-05-26,-0.010163744540568453,1.0,-0.010163744540568453,-0.010163744540568453,0.05614582587872887,17.88841041502782
2026-05-27,0.0,1.0,0.0,0.0,0.05614582587872887,17.88841041502782
2026-05-28,-0.004563642061333861,1.0,-0.004563642061333861,-0.004563642061333861,0.055889596426180375,17.806774112847396
2026-05-29,-0.0027506681565678814,1.0,-0.0027506681565678814,-0.0027506681565678814,0.055735862693007454,17.757793586323988
2026-06-01,-0.038501366850238306,-1.0,0.038501366850238306,0.036501366850238304,0.05777029786387943,17.07409426100612
2026-06-02,0.024145325389125727,1.0,0.024145325389125727,0.022145325389125725,0.059049639907901755,17.486353822662718
2026-06-03,-0.01283839365889372,1.0,-0.01283839365889372,-0.01283839365889372,0.05829153738534819,17.261857128628673
2026-06-04,0.013005361610931132,-1.0,-0.013005361610931132,-0.015005361610931132,0.05741685178802393,17.486353822662718
2026-06-05,0.009205557904133466,1.0,0.009205557904133466,0.007205557904133466,0.057830572238255586,17.647325465309404
2026-06-08,-0.021318665886899346,-1.0,0.021318665886899346,0.019318665886899344,0.05894778174137464,17.2711080299171
2026-06-09,0.009760738887906628,-1.0,-0.009760738887906628,-0.009760738887906628,0.05837240783577577,17.43968680570195
2026-06-10,0.003418612628405926,1.0,0.003418612628405926,0.001418612628405926,0.05845521567068206,17.499306339251365
2026-06-11,-0.003289548868143699,1.0,-0.003289548868143699,-0.003289548868143699,0.05826292438213548,17.44174151588978
2026-06-12,0.01355494549173275,-1.0,-0.01355494549173275,-0.01555494549173275,0.05735664776918241,17.67816337141856
2026-06-15,0.0015118605191555279,1.0,0.0015118605191555279,-0.00048813948084447216,0.05732864972491738,17.70489028867099
2026-06-16,0.0012772945522918633,1.0,0.0012772945522918633,0.0012772945522918633,0.057401875296901265,17.727504648585633
2026-06-17,-0.005798445790734075,-1.0,0.005798445790734075,0.0037984457907340747,0.05761991320850302,17.624712673875823
2026-06-18,0.011897779110303874,-1.0,-0.011897779110303874,-0.011897779110303874,0.05693436420879337,17.83440761215217
2026-06-22,-0.007723321832222574,1.0,-0.007723321832222574,-0.009723321832222574,0.0563807730622783,17.696666742476477
2026-06-23,0.004065967317333774,1.0,0.004065967317333774,0.004065967317333774,0.05661001544287554,17.768620811077135
2026-06-24,0.013768395663594557,1.0,0.013768395663594557,0.013768395663594557,0.057389444534015246,18.013266212800424
2026-06-25,0.00091296734937929,-1.0,-0.00091296734937929,-0.00291296734937929,0.057222270955888645,18.02971173670839
2026-06-26,0.00980616465538886,-1.0,-0.00980616465538886,-0.00980616465538886,0.056661139944939924,18.20651405868775
2026-06-29,0.0011292469091301882,1.0,0.0011292469091301882,-0.0008707530908698118,0.05661180208220066,18.227073708414558
2026-06-30,-0.010038427501479208,-1.0,0.010038427501479208,0.008038427501479208,0.05706687194896652,18.04410255042852
2026-07-01,-0.01595071151908234,1.0,-0.01595071151908234,-0.01795071151908234,0.056042480993314214,17.756286276025897
2026-07-02,0.022808770738247386,1.0,0.022808770738247386,0.022808770738247386,0.057320741093893304,18.16128533885846
2026-07-06,-0.01018784167753417,-1.0,0.01018784167753417,0.00818784167753417,0.057790074246809035,17.976261039165646
2026-07-07,0.011779491657574859,-1.0,-0.011779491657574859,-0.011779491657574859,0.057109336549328114,18.188012256110884
2026-07-08,-0.011642350684808678,1.0,-0.011642350684808678,-0.013642350684808678,0.05633023095274542,17.976261039165642
2026-07-09,-0.003888425866787837,1.0,-0.003888425866787837,-0.003888425866787837,0.05611119502562663,17.90636168075282
2026-07-10,0.009873715561626417,1.0,0.009873715561626417,0.009873715561626417,0.05666522100513261,18.08316400273218
2026-07-13,0.004774876913561155,-1.0,-0.004774876913561155,-0.006774876913561155,0.056281321107543095,18.169508885052966
2026-07-14,0.01312518327855594,1.0,0.01312518327855594,0.01112518327855594,0.05690746112002377,18.407987019250637
2026-07-15,-0.004914032129856194,1.0,-0.004914032129856194,-0.004914032129856194,0.05662781602765143,18.317529579592062
2026-07-16,0.002805836187220745,-1.0,-0.002805836187220745,-0.004805836187220745,0.05635567202018246,18.368925566946967
2026-07-17,-0.00615551686352378,-1.0,0.00615551686352378,0.00615551686352378,0.056702570309657904,18.25585533585481
2026-07-20,-0.009009043066040445,1.0,-0.009009043066040445,-0.011009043066040445,0.05607832927116369,18.09138754892669
2026-07-21,-0.0007954510775479706,-1.0,0.0007954510775479706,-0.0012045489224520294,0.0560107801800672,18.07699673520656
2026-07-22,0.016831608686420862,-1.0,-0.016831608686420862,-0.016831608686420862,0.05506802864585517,18.381261670479265
2026-07-23,0.004250052990200315,-1.0,-0.004250052990200315,-0.004250052990200315,0.05483398660604442,18.45938300660554
2026-07-24,-0.00011139476699506545,1.0,-0.00011139476699506545,-0.0021113947669950655,0.054718210413670934,18.45732672793665
2026-07-27,-0.010581387404309694,1.0,-0.010581387404309694,-0.010581387404309694,0.054139215831213346,18.262022603380434
