Date,retorno_diario_activo,posicion,spread_estimado,retorno_estrategia_bruto,retorno_estrategia_neto,equity_estrategia,equity_buy_and_hold
2005-01-04,-0.012178369574221248,0.0,0.0,-0.0,-0.0,1.0,0.9878216304257788
2005-01-05,-0.012877399440532455,0.0,0.0,-0.0,-0.0,1.0,0.975101056714788
2005-01-06,0.016236515229474113,0.0,0.010413049914961949,0.0,0.0,1.0,0.990933299872414
2005-01-07,-0.0019118627890720719,0.0,0.0,-0.0,-0.0,1.0,0.9890387713699355
2005-01-10,0.0034206086941008795,0.0,0.008820907176787319,0.0,0.0,1.0,0.9924218859900863
2005-01-11,-0.011453575394884674,0.0,2.85594387315465e-05,-0.0,-0.0,1.0,0.9810551070953653
2005-01-12,0.004828182782075974,0.0,0.0005657607536715526,0.0,0.0,1.0,0.9857918204717108
2005-01-13,0.004804088457279976,0.0,0.0,0.0,0.0,1.0,0.9905276515777199
2005-01-14,0.0005462015880719484,0.0,0.007291277217788072,0.0,0.0,1.0,0.9910686793540409
2005-01-18,0.011606110359533739,0.0,0.007815576879709595,0.0,0.0,1.0,1.0025711318205013
2005-01-19,-0.004049306637027961,0.0,0.0,-0.0,-0.0,1.0,0.9985114138823279
2005-01-20,0.004201253317127618,0.0,0.007306266300739298,0.0,0.0,1.0,1.0027064132720909
2005-01-21,0.0068820028776279685,0.0,0.0,0.0,0.0,1.0,1.0096070416936453
2005-01-24,0.0005366563368169874,0.0,0.006578189545045583,0.0,0.0,1.0,1.0101488537102652
2005-01-25,-0.01098453944753952,0.0,0.0018069864142476752,-0.0,-0.0,1.0,0.9990528337787979
2005-01-26,0.01787849686982801,0.0,0.012180949054161854,0.0,0.0,1.0,1.016914396740305
2005-01-27,0.00039938312033216405,0.0,0.0,0.0,0.0,1.0,1.0173205351851857
2005-01-28,0.005054713301414049,0.0,0.00647765415735803,0.0,0.0,1.0,1.0224627988261878
2005-01-31,0.014293635044813069,0.0,0.0,0.0,0.0,1.0,1.0370775089195075
2005-02-01,0.013700304399745011,0.0,0.0,0.0,0.0,1.0,1.051285786477834
2005-02-02,0.006564268822455199,0.0,0.0,0.0,0.0,1.0,1.0581867089895007
2005-02-03,0.007160859010340026,0.0,0.006023769574827456,0.0,0.0,1.0,1.0657642348191902
2005-02-04,0.011935359815331559,0.0,0.0,0.0,0.0,1.0,1.0784845144400688
2005-02-07,-0.006023048342545967,0.0,0.004560154291412442,-0.0,-0.0,1.0,1.071988750072909
2005-02-08,0.009088906404016495,0.0,0.004948984814949182,0.0,0.0,1.0,1.0817319554884803
2005-02-09,-0.006880568287363387,0.0,0.006201060511795481,-0.0,-0.0,1.0,1.0742890249001187
2005-02-10,-0.0036528721187242263,0.0,0.0,-0.0,-0.0,1.0,1.0703647844736095
2005-02-11,-0.0044244103922951306,0.0,0.0,-0.0,-0.0,1.0,1.0656290513976376
2005-02-14,0.016888654123653257,0.0,0.005832594535004014,0.0,0.0,1.0,1.0836260918708092
2005-02-15,-0.0033713523793740263,0.0,0.0026555657840989957,-0.0,-0.0,1.0,1.0799728064676288
2005-02-16,0.0021302100419051673,0.0,0.0033326861940650033,0.0,0.0,1.0,1.0822733753849507
2005-02-17,-0.004251273208093043,0.0,0.006424042721793177,-0.0,-0.0,1.0,1.0776723355803444
2005-02-18,-0.01305906049755634,0.0,0.0,-0.0,-0.0,1.0,1.0635989473534577
2005-02-22,-0.014631154245844935,0.0,0.00223518588653326,-0.0,-0.0,1.0,1.048037267099011
2005-02-23,-0.00645544127334996,0.0,0.00619894138113336,-0.0,-0.0,1.0,1.041271724068971
2005-02-24,0.017284088463472846,0.0,0.010590379758279055,0.0,0.0,1.0,1.059269156662292
2005-02-25,0.018140203230615493,0.0,0.0,0.0,0.0,1.0,1.0784845144400688
2005-02-28,-0.004391917809563939,0.0,0.00709817674560408,-0.0,-0.0,1.0,1.0737478990937606
2005-03-01,0.01424069961310126,0.0,0.008890984180335034,0.0,0.0,1.0,1.0890388203849535
2005-03-02,-0.005891494248569384,0.0,0.0007296243957549613,-0.0,-0.0,1.0,1.0826227544381868
2005-03-03,0.007566064753518509,0.0,0.008492587106023202,0.0,0.0,1.0,1.0908139483018986
2005-03-04,0.01301622381765144,0.0,0.0,0.0,0.0,1.0,1.1050122267964122
2005-03-07,0.01062500776247366,0.0,0.0,0.0,0.0,1.0,1.1167529902837523
2005-03-08,-0.0034230320769574885,0.0,0.008603108731793423,-0.0,-0.0,1.0,1.1129303089759728
2005-03-09,-0.021221528990873928,0.0,0.0,-0.0,-0.0,1.0,1.089312226159217
2005-03-10,0.006767803348174617,0.0,0.00020829469180274135,0.0,0.0,1.0,1.0966844770906248
2005-03-11,-0.0064735422864767855,0.0,0.003311314473254236,-0.0,-0.0,1.0,1.089585043753256
2005-03-14,0.020298416310924994,0.0,0.006199607893444695,0.0,0.0,1.0,1.111701894577517
2005-03-15,0.0020871359184990723,0.0,0.0,0.0,0.0,1.0,1.1140221675323532
2005-03-16,-0.014705532955124445,0.0,0.0,-0.0,-0.0,1.0,1.097639877834967
2005-03-17,0.007462461959591771,0.0,0.007420350514373344,0.0,0.0,1.0,1.1058309736686414
2005-03-18,-0.003456485917508134,0.0,0.0023552945451553345,-0.0,-0.0,1.0,1.1020086844810113
2005-03-21,-0.0076813312338583906,0.0,0.0077222707710144604,-0.0,-0.0,1.0,1.0935437907529242
2005-03-22,-0.016229215618092097,0.0,9.408905246273267e-05,-0.0,-0.0,1.0,1.0757964327849692
2005-03-23,-0.0035532589263624903,0.0,0.0,-0.0,-0.0,1.0,1.071973849507227
2005-03-24,0.0058582606541450755,0.0,0.0,0.0,0.0,1.0,1.0782537517320676
2005-03-28,-0.0005063996367741241,0.0,0.005017280877582643,-0.0,-0.0,1.0,1.0777077244238402
2005-03-29,-0.01494817734750098,0.0,0.0,-0.0,-0.0,1.0,1.061597958230381
2005-03-30,0.02237648870246889,0.0,0.0056364323061260995,0.0,0.0,1.0,1.085352792949287
2005-03-31,0.010062651089924879,0.0,0.0,0.0,0.0,1.0,1.096274319414211
2005-04-01,-0.0004976283293145478,0.0,0.01185445336223361,-0.0,-0.0,1.0,1.0957287822561705
2005-04-04,0.00722613683943063,0.0,0.011696551161234196,0.0,0.0,1.0,1.1036466683756563
2005-04-05,-0.0017316190349299099,0.0,0.0,-0.0,-0.0,1.0,1.10173557279686
2005-04-06,-0.0009913909503321827,0.0,0.00930278047632814,-0.0,-0.0,1.0,1.1006433221203302
2005-04-07,0.003969410060713718,0.0,0.002416192730835367,0.0,0.0,1.0,1.105012226796412
2005-04-08,-0.003459224391377691,0.0,0.0016756920766703533,-0.0,-0.0,1.0,1.1011897415487073
2005-04-11,0.014876632962666836,0.0,0.0010430280610035203,0.0,0.0,1.0,1.1175717371559815
2005-04-12,0.00904037692344728,0.0,0.0023101276274773356,0.0,0.0,1.0,1.1276750068988632
2005-04-13,-0.007022034080123696,0.0,0.00761773267423978,-0.0,-0.0,1.0,1.1197564345691158
2005-04-14,-0.012923519501058633,0.0,0.0,-0.0,-0.0,1.0,1.105285240450526
2005-04-15,-0.013339642296007148,0.0,0.0,-0.0,-0.0,1.0,1.0905411307078596
2005-04-18,0.015022165818498356,0.0,0.015146159568078837,0.0,0.0,1.0,1.1069234204052458
2005-04-19,0.010113644776913455,0.0,0.0,0.0,0.0,1.0,1.1181184506744706
2005-04-20,-0.002929893328666777,0.0,0.011564916984603945,-0.0,-0.0,1.0,1.1148424828851802
2005-04-21,0.017144138936367126,0.0,0.0,0.0,0.0,1.0,1.133955497303928
2005-04-22,0.0009626166713450068,0.0,0.0,0.0,0.0,1.0,1.1350470617701962
2005-04-25,0.005292279768026598,0.0,0.007891763590379366,0.0,0.0,1.0,1.1410540483709606
2005-04-26,-0.02057949073359333,0.0,0.0,-0.0,-0.0,1.0,1.1175717371559812
2005-04-27,0.001954861008470088,0.0,0.0,0.0,0.0,1.0,1.1197564345691156
2005-04-28,-0.00780296228918409,0.0,0.017512356581590744,-0.0,-0.0,1.0,1.1110190173371015
2005-04-29,0.0031947892324097893,0.0,0.0026344217861140728,0.0,0.0,1.0,1.1145684889306926
2005-05-02,0.002450028642009938,0.0,0.0,0.0,0.0,1.0,1.1172992136520545
2005-05-03,-0.003910236955955049,0.0,0.004565660128287765,-0.0,-0.0,1.0,1.1129303089759728
2005-05-04,0.0,0.0,0.008799474038741656,0.0,0.0,1.0,1.1129303089759728
2005-05-05,-0.008341618990373556,0.0,0.00308059433863026,-0.0,-0.0,1.0,1.1036466683756565
2005-05-06,-0.0009888748251282165,0.0,0.006065933248710826,-0.0,-0.0,1.0,1.1025552999694632
2005-05-09,0.005447796088544399,0.0,0.0057503152414647915,0.0,0.0,1.0,1.1085617964200407
2005-05-10,0.004187245415770535,0.0,0.0,0.0,0.0,1.0,1.1132036167201989
2005-05-11,0.010546912838793387,0.0,0.0,0.0,0.0,1.0,1.1249444782375764
2005-05-12,-0.011407338132656042,0.0,0.012149699036116696,-0.0,-0.0,1.0,1.112111856193856
2005-05-13,-0.01718693902289925,0.0,0.0,-0.0,-0.0,1.0,1.092998057534809
2005-05-16,0.004746886531779015,0.0,0.007670160852230681,0.0,0.0,1.0,1.0981863952933817
2005-05-17,0.0019883865726999517,0.0,0.004244217366322038,0.0,0.0,1.0,1.1003700143761048
2005-05-18,-0.004714104674237718,0.0,0.0056747555139246494,-0.0,-0.0,1.0,1.0951827549479434
2005-05-19,0.004736432713833283,0.0,0.0,0.0,0.0,1.0,1.1003700143761048
2005-05-20,0.003225796393262259,0.0,0.0,0.0,0.0,1.0,1.1039195839997331
2005-05-23,-0.0004944483783638765,0.0,0.0040733493447274605,-0.0,-0.0,1.0,1.1033737527515803
2005-05-24,0.0017324027277059173,0.0,0.005694969416025455,0.0,0.0,1.0,1.1052852404505262
2005-05-25,-0.0041997469615204785,0.0,0.0038433359004370455,-0.0,-0.0,1.0,1.1006433221203307
2005-05-26,-0.0002483163607438499,1.0,0.002893927758936762,-0.0002483163607438499,-0.001695280240212231,0.9983047197597877,1.1003700143761048
2005-05-27,0.013152365404360378,1.0,0.0025104613661506687,0.013152365404360378,0.013152365404360378,1.011434788218966,1.1148424828851806
2005-05-31,-0.004409424945776896,0.0,0.009298119275625927,-0.0,-0.0046490596378129636,1.0067325675687775,1.109926668630535
2005-06-01,0.014269700393347184,1.0,0.0,0.014269700393347184,0.014069700393347184,1.0208969931706953,1.1257649896504787
2005-06-02,-0.00489329475635325,0.0,0.0021953901330356326,-0.0,-0.0010976950665178163,1.0197763595778688,1.120256289729736
2005-06-03,0.0009836638815003962,1.0,0.002508624798910459,0.0009836638815003962,-0.0002706485179548334,1.0195003586175035,1.1213582453799666
2005-06-06,0.0002454776126252778,0.0,0.0041035577473941065,0.0,-0.0020517788736970533,1.0174085693199657,1.1216335137249402
2005-06-07,0.0017191451679565706,0.0,0.0,0.0,0.0,1.0174085693199657,1.1235617645602787
2005-06-08,0.007844763856571513,0.0,0.00916984668939645,0.0,0.0,1.0174085693199657,1.1323758412815268
2005-06-09,-0.008270054102065383,0.0,0.0,-0.0,-0.0,1.0174085693199657,1.1230110318102569
2005-06-10,0.005396225575113434,1.0,0.002416829068273603,0.005396225575113434,0.004187811040976632,1.0216692841597481,1.129071052661246
2005-06-13,0.0024394832848466663,0.0,0.009851189699775022,0.0,-0.004925594849887511,1.0166369551954026,1.1318254026216172
2005-06-14,0.003650276726400392,0.0,0.0,0.0,0.0,1.0166369551954026,1.1359568785471557
2005-06-15,-0.011639265109258834,0.0,0.0,-0.0,-0.0,1.0166369551954026,1.1227351752850592
2005-06-16,0.003189565397485161,1.0,0.008326030274713863,0.003189565397485161,-0.0009734497398717701,1.0156473102158237,1.1263162125506878
2005-06-17,0.0144286509918925,0.0,0.0,0.0,-0.0002,1.0154441807537806,1.142567436088092
2005-06-20,-0.005062169682939377,0.0,0.006656618078541069,-0.0,-0.0,1.0154441807537806,1.136783565852413
2005-06-21,-0.005573684935804457,1.0,0.0057249961354870855,-0.005573684935804457,-0.008436183003548,1.006877707815054,1.1304474924161514
2005-06-22,0.01291472404108207,1.0,0.0,0.01291472404108207,0.01291472404108207,1.0198812555546026,1.145046909823639
2005-06-23,0.004810808922713683,0.0,0.0,0.0,-0.0002,1.0196772793034918,1.1505555117143444
2005-06-24,-0.008857381058579583,0.0,0.006180936679024131,-0.0,-0.0,1.0196772793034918,1.1403646031180414
2005-06-27,0.009661897626093374,1.0,0.007620106840509264,0.009661897626093374,0.005851844205838742,1.0256442718822094,1.1513826891697885
2005-06-28,0.013635779645528423,0.0,0.0,0.0,-0.0002,1.025439143027833,1.1670826898069837
2005-06-29,0.0007082525363790726,0.0,0.0002822587211405897,0.0,0.0,1.025439143027833,1.1679092790822037
2005-06-30,-0.008018523072842454,0.0,0.010609650183160534,-0.0,-0.0,1.025439143027833,1.1585443715808963
2005-07-01,0.014977925259549663,1.0,0.009221318481223546,0.014977925259549663,0.01036726601893789,1.036070143409834,1.175896962588307
2005-07-05,0.007027602208603545,0.0,0.0,0.0,-0.0002,1.035862929381152,1.1841606986796827
2005-07-06,-0.018841233586957107,0.0,0.004320814095999882,-0.0,-0.0,1.035862929381152,1.1618496503513644
2005-07-07,0.012090473352291742,1.0,0.0035030718798237616,0.012090473352291742,0.01033893741237986,1.0465726513758282,1.1758969625883071
2005-07-08,0.015226749339239731,0.0,0.0,0.0,-0.0002,1.0463633368455532,1.1938020508864127
2005-07-11,0.012920924680000834,0.0,0.0,0.0,0.0,1.0463633368455532,1.2092270772687466
2005-07-12,-0.002050137366256477,0.0,0.0005495018329845818,-0.0,-0.0,1.0463633368455532,1.206747995653349
2005-07-13,0.004336805691511181,1.0,0.002409789286310877,0.004336805691511181,0.0031319110483557424,1.049640453740814,1.211981427229118
2005-07-14,-0.0038635912155975394,0.0,0.0033375408070249403,-0.0,-0.0016687704035124702,1.0478888448172818,1.2072988264334084
2005-07-15,-0.008441650553635216,1.0,0.006874512143010599,-0.008441650553635216,-0.011878906625140516,1.035441071076171,1.1971072316268436
2005-07-18,0.0018407032570653126,1.0,0.005950253104516385,0.0018407032570653126,0.0018407032570653126,1.0373470108282001,1.1993107508071557
2005-07-19,-0.004363862853994704,0.0,0.0014524194766263696,-0.0,-0.0007262097383131848,1.0365936793269266,1.1940771231713119
2005-07-20,0.01176440453841554,1.0,0.005894613837328347,0.01176440453841554,0.008817097619751368,1.0457334269895695,1.2081247294983666
2005-07-21,-0.02485170024795469,0.0,0.01568233387002882,-0.0,-0.00784116693501441,1.0375336566190194,1.1781007758587319
2005-07-22,0.010521434414569875,1.0,0.0,0.010521434414569875,0.010321434414569874,1.0482424922087215,1.1904960859056835
2005-07-25,-0.008098024101552359,0.0,0.0038038449584779236,-0.0,-0.0019019224792389618,1.0462488162490962,1.1808554199092154
2005-07-26,-0.0030324959137389973,1.0,0.0,-0.0030324959137389973,-0.0032324959137389974,1.0428668212258168,1.1772744806736242
2005-07-27,-0.00117009083941777,1.0,0.0063072130125918415,-0.00117009083941777,-0.00117009083941777,1.0416465723115678,1.1758969625883076
2005-07-28,0.011009837876123196,1.0,0.005247129719620629,0.011009837876123196,0.011009837876123196,1.0531149321969375,1.1888433975054304
2005-07-29,-0.0009267491348884382,0.0,0.003305315478797526,-0.0,-0.001652657739398763,1.051374493653766,1.1877416379152745
2005-08-01,-0.01437863787676219,1.0,0.002010872883039652,-0.01437863787676219,-0.015384074318282016,1.0352000703070503,1.1706635310125384
2005-08-02,0.018823492369630657,1.0,0.004379431862754863,0.018823492369630657,0.018823492369630657,1.0546861509315162,1.1926995070559578
2005-08-03,0.0039263811950578376,0.0,0.0,0.0,-0.0002,1.05447521370133,1.197382499971817
2005-08-04,-0.014032401799672467,0.0,0.0,-0.0,-0.0,1.05447521370133,1.1805803476243162
2005-08-05,-0.017732721627674475,1.0,0.0,-0.017732721627674475,-0.017932721627674474,1.0355656032307414,1.159645444960791
2005-08-08,-0.01662649728547072,1.0,0.0,-0.01662649728547072,-0.01662649728547072,1.0183477745396987,1.1403646031180419
2005-08-09,0.009661897626093374,1.0,0.0048737976039474875,0.009661897626093374,0.009661897626093374,1.0281869464850613,1.151382689169789
2005-08-10,-0.007656232080450187,0.0,0.005592325379724848,-0.0,-0.002796162689862424,1.0253119685070962,1.1425674360880922
2005-08-11,0.00024177885402831834,1.0,0.0,0.00024177885402831834,4.1778854028318326e-05,1.025354804866162,1.1428436847334396
2005-08-12,0.0038558608664862604,0.0,0.00821228326991981,0.0,-0.004106141634959905,1.0211445528112948,1.1472503309739142
2005-08-15,0.004081842261790092,0.0,0.0017803164614586813,0.0,0.0,1.0211445528112948,1.1519332258597361
2005-08-16,-0.01506473718980783,0.0,0.006745369181278351,-0.0,-0.0,1.0211445528112948,1.1345796545519518
2005-08-17,-0.011167727511354086,1.0,0.0,-0.011167727511354086,-0.011367727511354087,1.0095364597852325,1.1219089781299894
2005-08-18,0.004173866968737894,1.0,0.009485283895745595,0.004173866968737894,0.004173866968737894,1.0137501306684666,1.1265916769557367
2005-08-19,0.0,0.0,0.0,0.0,-0.0002,1.013547380642333,1.1265916769557367
2005-08-22,0.03691955430026206,0.0,0.0,0.0,0.0,1.013547380642333,1.1681849395473274
2005-08-23,0.023343567235022178,0.0,0.0,0.0,0.0,1.013547380642333,1.1954545432265908
2005-08-24,-0.0054597139857732735,0.0,0.0,-0.0,-0.0,1.013547380642333,1.1889277033375805
2005-08-25,0.010044855798033714,1.0,0.00618180253456778,0.010044855798033714,0.006953954530749824,1.0205955430420803,1.2008703106718939
2005-08-26,-0.002775668031344214,0.0,0.007531672428639081,-0.0,-0.0037658362143195407,1.0167521473859193,1.1975370933407714
2005-08-29,0.008812525059303189,1.0,0.006974034207533038,0.008812525059303189,0.00532550795553667,1.0221668690356323,1.2080904189852821
2005-08-30,-0.00804557016916052,0.0,0.015150495437475226,-0.0,-0.007575247718737613,1.0144237017928008,1.1983706427486456
2005-08-31,-0.0013908924886651963,1.0,0.007643491950844741,-0.0013908924886651963,-0.005212638464087567,1.0091358777859536,1.1967038380230095
2005-09-01,0.022511202519233553,1.0,0.0,0.022511202519233553,0.022511202519233553,1.0318527399002178,1.2236430804762894
2005-09-02,0.0011347242277242042,0.0,0.0,0.0,-0.0002,1.0316463693522377,1.225031577925793
2005-09-06,0.01927012796871308,0.0,0.0,0.0,0.0,1.0316463693522377,1.2486380931981376
2005-09-07,0.0015570017541393089,0.0,0.00020977059046783177,0.0,0.0,1.0316463693522377,1.2505822248995322
2005-09-08,-0.00799482140697283,0.0,0.007024830848127924,-0.0,-0.0,1.0316463693522377,1.2405840433567257
2005-09-09,0.025296831912277273,1.0,0.0,0.025296831912277273,0.025096831912277275,1.057537424876782,1.2719668893745741
2005-09-12,-0.009170362991094527,0.0,0.0,-0.0,-0.0002,1.0573259173918066,1.2603024912863559
2005-09-13,0.002423949866092734,1.0,0.003991188885596235,0.002423949866092734,0.00042835542329461643,1.0577788286827114,1.2633574013413458
2005-09-14,0.004616118065851937,0.0,0.0005497760430568234,0.0,-0.0002748880215284117,1.0574880579532802,1.2691892082653053
2005-09-15,0.0019698087780111173,0.0,0.0018952798915388054,0.0,0.0,1.0574880579532802,1.2716892683087033
2005-09-16,0.004586182481405743,0.0,0.006312292125100914,0.0,0.0,1.0574880579532802,1.2775214673528124
2005-09-19,-0.0030434457988177677,0.0,0.0015885169664528796,-0.0,-0.0,1.0574880579532802,1.273633400010098
2005-09-20,-0.00937687827930389,1.0,0.0,-0.00937687827930389,-0.009576878279303891,1.0473606235404442,1.2616906946457473
2005-09-21,-0.009685131444510442,1.0,0.0,-0.009685131444510442,-0.009685131444510442,1.0372167982316507,1.2494710544257877
2005-09-22,-0.008001617474245215,1.0,0.004846343369417356,-0.008001617474245215,-0.008001617474245215,1.0289173861743397,1.2394732650031306
2005-09-23,0.013443731482541077,1.0,0.0,0.013443731482541077,0.013443731482541077,1.0427498752317856,1.2561364107576212
2005-09-26,-0.004864134275328835,0.0,0.008878074605686827,-0.0,-0.004439037302843413,1.0381210696380965,1.2500263945875665
2005-09-27,0.007331864586832104,1.0,0.014577130724934956,0.007331864586832104,4.329922436462595e-05,1.0381660194752085,1.2591914188426485
2005-09-28,0.03220120272900928,0.0,0.0,0.0,-0.0002,1.0379583862713135,1.2997388969954295
2005-09-29,0.018162581236087272,0.0,0.0,0.0,0.0,1.0379583862713135,1.3233455102978116
2005-09-30,-0.0010496772149967137,0.0,0.008065645582531663,-0.0,-0.0,1.0379583862713135,1.3219564246680837
2005-10-03,0.005041816899066909,1.0,0.010419252249957201,0.005041816899066909,-0.0001678092259116918,1.0377842072779848,1.3286214869098054
2005-10-04,-0.01964841091496572,0.0,0.0,-0.0,-0.0002,1.0375766504365291,1.3025161859845489
2005-10-05,-0.021535407520289374,1.0,0.0,-0.021535407520289374,-0.021735407520289372,1.0150244991057544,1.2744659691175986
2005-10-06,-0.008062368613551363,1.0,0.0,-0.008062368613551363,-0.008062368613551363,1.0068409974421786,1.2641907546891455
2005-10-07,0.004393161172346005,1.0,0.006510484075564352,0.004393161172346005,0.004393161172346005,1.0112642122188678,1.2697445484270846
2005-10-10,-0.012904583610079401,0.0,0.00012240903945033409,-0.0,-0.0002,1.011061959376424,1.2533590237384649
2005-10-11,0.005096492820476861,1.0,0.008156212383928024,0.005096492820476861,0.001018386628512849,1.012091611356451,1.2597467590044278
2005-10-12,-0.009700076727815476,0.0,0.006708538699058602,-0.0,-0.003354269349529301,1.0086967834855625,1.2475271187844679
2005-10-13,-0.01625094452539877,1.0,0.0,-0.01625094452539877,-0.016450944525398768,0.9921027686574934,1.227253624783171
2005-10-14,0.0013581583235742212,1.0,0.005526399561311241,0.0013581583235742212,0.0013581583235742212,0.9934502012905866,1.2289204295088068
2005-10-17,0.005649336694915075,0.0,0.009224573109894742,0.0,-0.004612286554947371,0.9888681242841643,1.2358630147863616
2005-10-18,-0.021797998775757832,0.0,0.001836450635320672,-0.0,-0.0,0.9888681242841643,1.208923674303044
2005-10-19,-0.002526966854835666,1.0,0.0,-0.002526966854835666,-0.002726966854835666,0.9861715136854379,1.2058687642480541
2005-10-20,-0.025564154757010682,1.0,0.02594220695295444,-0.025564154757010682,-0.025564154757010682,0.9609608724926278,1.1750417485421716
2005-10-21,0.004963731009127947,1.0,0.002207565729191816,0.004963731009127947,0.004963731009127947,0.9657308237739781,1.1808743397064303
2005-10-24,0.02257720085080206,0.0,0.0,0.0,-0.0002,0.9655376776092234,1.2075351768535407
2005-10-25,-0.008279745140693184,0.0,0.012081185031697245,-0.0,-0.0,0.9655376776092234,1.1975370933407716
2005-10-26,-0.01205924481799392,1.0,0.0,-0.01205924481799392,-0.01225924481799392,0.9537009148384147,1.1830957003535465
2005-10-27,-0.011502393048600235,1.0,0.0,-0.011502393048600235,-0.011502393048600235,0.9427310720651336,1.169487268593971
2005-10-28,0.019947716185408915,1.0,0.0,0.019947716185408915,0.019947716185408915,0.9615364039298552,1.1928158687103325
2005-10-31,0.002561008874115256,0.0,0.0,0.0,-0.0002,0.9613440966490693,1.1958706807352852
2005-11-01,-0.01950721791409038,0.0,0.0,-0.0,-0.0,0.9613440966490693,1.1725425707691104
2005-11-02,0.0009474917511449465,1.0,0.009579177119910994,0.0009474917511449465,-0.0038420968088105504,0.957650519563165,1.1736535451827803
2005-11-03,-0.008519019640778391,0.0,0.0025307255012518267,-0.0,-0.0012653627506259133,0.9564387442675922,1.163655167579899
2005-11-04,0.004534811565648056,1.0,0.0,0.004534811565648056,0.004334811565648056,0.9605847259980773,1.1689321244922664
2005-11-07,-0.01734360240129673,-1.0,0.0,0.01734360240129673,0.01694360240129673,0.9768604916681474,1.1486586304909694
2005-11-08,-0.004352410493270065,0.0,0.0,-0.0,-0.0002,0.9766651195698137,1.1436591966144354
2005-11-09,0.012141860876553778,0.0,0.0,0.0,0.0,0.9766651195698137,1.157545347469919
2005-11-10,0.0007198468030502614,-1.0,0.01623934065425047,-0.0007198468030502614,-0.008839517130175497,0.9680318715149314,1.158378602787681
2005-11-11,0.001438234858039955,-1.0,0.006714759527592081,-0.001438234858039955,-0.001438234858039955,0.966639614333625,1.160044623273018
2005-11-14,-0.016758435308114716,-1.0,0.00034502104096145443,0.016758435308114716,0.016758435308114716,0.982838981776696,1.1406040904993708
2005-11-15,-0.005843793142064624,0.0,0.0,-0.0,-0.0002,0.9826424139803407,1.1339386361374997
2005-11-16,0.01738951594141991,0.0,0.0,0.0,0.0,0.9826424139803407,1.1536572801272047
2005-11-17,0.023832199534924214,-1.0,0.0,-0.023832199534924214,-0.024032199534924213,0.9590273554160855,1.1811514706221142
2005-11-18,0.015048378383604843,-1.0,0.0,-0.015048378383604843,-0.015048378383604843,0.9445955488915564,1.1989258848803872
2005-11-21,-0.004633125457014553,-1.0,0.0050734210842861725,0.004633125457014553,0.004633125457014553,0.9489719785757086,1.1933711108420741
2005-11-22,0.0062187410795147,0.0,0.009691692237389962,0.0,-0.004845846118694981,0.9443734063965772,1.2007923767921738
2005-11-23,0.0058301628616788115,-1.0,0.0,-0.0058301628616788115,-0.006030162861678811,0.9386786809537675,1.2077931919119345
2005-11-25,0.005796125592136159,-1.0,0.0,-0.005796125592136159,-0.005796125592136159,0.9332379814282987,1.2147937129415831
2005-11-28,-0.006454054113377183,-1.0,0.009728081727308104,0.006454054113377183,0.006454054113377183,0.9392611498610958,1.2069533685816678
2005-11-29,0.0018556576603605546,0.0,0.0,0.0,-0.0002,0.9390732976311236,1.2091930608457744
2005-11-30,-0.01829512690957802,-1.0,0.0,0.01829512690957802,0.01809512690957802,0.9560659481291546,1.1870707203394197
2005-12-01,0.0047181267551141826,0.0,0.002401655010104775,0.0,-0.0012008275050523875,0.9549178778419971,1.192671470465266
2005-12-02,-0.002817763168493359,-1.0,0.004154825778021713,0.002817763168493359,0.0007403502794825025,0.9556248515597403,1.189310804723676
2005-12-05,-0.014834027991512788,0.0,0.005288416560499603,-0.0,-0.0026442082802498016,0.9530979804144335,1.1716685349557965
2005-12-06,-0.006452569406410813,0.0,0.0,-0.0,-0.0,0.9530979804144335,1.1641082624126866
2005-12-07,-0.0016842924674795867,0.0,0.004671130107824732,-0.0,-0.0,0.9530979804144335,1.162147563634974
2005-12-08,0.0012045535159592724,0.0,0.011485673182525913,0.0,0.0,0.9530979804144335,1.163547432568814
2005-12-09,0.01708787253160371,-1.0,0.0,-0.01708787253160371,-0.017287872531603708,0.9366209440188998,1.1834299827810246
2005-12-12,-0.005442210793865754,-1.0,0.00046715842385029147,0.005442210793865754,0.005442210793865754,0.9417182326302004,1.1769895073549494
2005-12-13,0.019986145741897943,0.0,0.005316999324312846,0.0,-0.002658499662156423,0.9392146750269064,1.20051299118563
2005-12-14,0.003031426677224447,-1.0,0.0,-0.003031426677224447,-0.003231426677224447,0.9361796716703837,1.2041522582934647
2005-12-15,-0.010697111402178994,-1.0,0.008418919745143272,0.010697111402178994,0.010697111402178994,0.9461940899106972,1.1912713074413142
2005-12-16,0.00963808327857607,0.0,0.011597669236156084,0.0,-0.005798834618078042,0.9407072668667021,1.2027528795098117
2005-12-19,-0.0044239132242061,-1.0,0.0,0.0044239132242061,0.0042239132242061,0.9446807327313272,1.1974320051406964
2005-12-20,-0.00724988640968649,0.0,0.0,-0.0,-0.0002,0.944491796584781,1.1887507591201032
2005-12-21,-0.016489651951738682,0.0,0.0,-0.0,-0.0,0.944491796584781,1.1691486728448475
2005-12-22,-0.009341351265713782,0.0,0.0,-0.0,-0.0,0.944491796584781,1.1582272444099606
2005-12-23,-0.007253645866483249,0.0,0.0,-0.0,-0.0,0.944491796584781,1.149825874146098
2005-12-27,0.0019484502173270357,0.0,0.0020528532768928267,0.0,0.0,0.944491796584781,1.1520662526204664
2005-12-28,0.010938314742733546,-1.0,0.0,-0.010938314742733546,-0.011138314742733546,0.9339717496824899,1.1646679158961106
2005-12-29,0.0031258193418330915,-1.0,0.007551983515686431,-0.0031258193418330915,-0.0031258193418330915,0.9310523227226066,1.1683084573944311
2005-12-30,-0.0038349160277237893,-1.0,0.008775369933814772,0.0038349160277237893,0.0038349160277237893,0.934622830197665,1.163828092565844
2006-01-03,0.012030331806567984,0.0,0.003632892681895782,0.0,-0.001816446340947891,0.9329251379775861,1.1778293306852161
2006-01-04,0.0,-1.0,0.01248438326657614,-0.0,-0.00624219163328807,0.9271016404868183,1.1778293306852161
2006-01-05,0.002615317673331896,0.0,0.0033305277940357475,0.0,-0.0016652638970178738,0.9255577715960496,1.180909728549926
2006-01-06,0.0011860797995617567,-1.0,0.0011573249323207123,-0.0011860797995617567,-0.0017647422657221128,0.9239244006771464,1.182310381724065
2006-01-09,-0.004263435896521672,-1.0,0.004489887358596737,0.004263435896521672,0.004263435896521672,0.9278634931326657,1.1772696772017923
2006-01-10,-0.0011894140154172783,0.0,0.0036351636613999963,-0.0,-0.0018175818306999981,0.926177025306178,1.1758694161478027
2006-01-11,-0.006668450188916375,0.0,0.0043867912630668636,-0.0,-0.0,0.926177025306178,1.1680281895175508
2006-01-12,-0.004075701869315496,0.0,0.009869701475671375,-0.0,-0.0,0.926177025306178,1.163267654842121
2006-01-13,0.003610770912694017,0.0,0.0018156817187035062,0.0,0.0,0.926177025306178,1.1674679478539027
2006-01-17,0.005996748084352355,-1.0,0.005466724017589424,-0.005996748084352355,-0.008730110093147066,0.9180913979095116,1.1744689590337385
2006-01-18,0.016213486601998728,-1.0,0.0,-0.016213486601998728,-0.016213486601998728,0.9032059353300954,1.1935111957654954
2006-01-19,0.0145475703645368,-1.0,0.0,-0.0145475703645368,-0.0145475703645368,0.8900664834322136,1.2108738838667563
2006-01-20,-0.011100973359121191,-1.0,0.006001577099636584,0.011100973359121191,0.011100973359121191,0.8999470877526413,1.197432005140696
2006-01-23,-0.016604652495507577,0.0,0.0,-0.0,-0.0002,0.8997670983350908,1.1775490628083358
2006-01-24,-0.004042748472897206,0.0,0.0,-0.0,-0.0,0.8997670983350908,1.1727885281329058
2006-01-25,-0.015042257895912736,0.0,0.003349879083117917,-0.0,-0.0,0.8997670983350908,1.1551471406353626
2006-01-26,-0.010909989846909274,0.0,0.0,-0.0,-0.0,0.8997670983350908,1.1425444970593446
2006-01-27,0.021078854693396654,0.0,0.0,0.0,0.0,0.8997670983350908,1.1666280264935984
2006-01-30,-0.0004803911023870677,-1.0,0.006105430991657564,0.0004803911023870677,-0.002572324393441714,0.8974526054796272,1.1660675887698755
2006-01-31,0.003602857435176743,0.0,0.00401785572015693,0.0,-0.002008927860078465,0.8956496879373792,1.1702687640519935
2006-02-01,-0.007178757933059887,-1.0,0.004367727375919974,0.007178757933059887,0.0049948942450999,0.9001233634092831,1.161867687878243
2006-02-02,-0.020969257924293938,0.0,0.0,-0.0,-0.0002,0.8999433387366013,1.1375041846572211
2006-02-03,-0.0068929297894649855,0.0,0.0,-0.0,-0.0,0.8999433387366013,1.1296634481771564
2006-02-06,0.014129816205739054,0.0,0.0,0.0,0.0,0.8999433387366013,1.145625385074241
2006-02-07,0.009044217190250725,-1.0,0.0019098606628875359,-0.009044217190250725,-0.009999147521694493,0.8909446725314077,1.155986669875517
2006-02-08,0.013323673814687798,-1.0,0.0,-0.013323673814687798,-0.013323673814687798,0.8790740163276655,1.1713886591990657
2006-02-09,0.008845384279542179,-1.0,0.0,-0.008845384279542179,-0.008845384279542179,0.8712982688430867,1.181750042030379
2006-02-10,-0.008057168743305199,-1.0,0.006712310534166274,0.008057168743305199,0.008057168743305199,0.878318466020905,1.1722284825293323
2006-02-13,-0.004777614704984612,0.0,0.0007439317917407179,-0.0,-0.00037196589587035894,0.877991761505832,1.1666280264935984
2006-02-14,-0.004561320659590362,0.0,0.0013261670745832888,-0.0,-0.0,0.877991761505832,1.161306661974296
2006-02-15,0.0028943723754240036,0.0,0.011596560230932806,0.0,0.0,0.877991761505832,1.1646679158961102
2006-02-16,0.00408720848264732,-1.0,0.005405606288584652,-0.00408720848264732,-0.006790011626939646,0.8720301872368502,1.169428156481428
2006-02-17,0.0047894743724770095,-1.0,0.0,-0.0047894743724770095,-0.0047894743724770095,0.867853621003053,1.1750291026673487
2006-02-21,-0.005719556441335816,-1.0,0.007611744254065838,0.005719556441335816,0.005719556441335816,0.8728173587711975,1.1683084573944307
2006-02-22,0.0062315707297164735,0.0,0.0034541421159109725,0.0,-0.0017270710579554863,0.8713099411719827,1.17558885418081
2006-02-23,-0.004525468330102145,-1.0,0.003870234252421459,0.004525468330102145,0.0025903512038914153,0.87356693992706,1.1702687640519935
2006-02-24,-0.00023915511148187019,0.0,0.004819498094344712,-0.0,-0.002409749047172356,0.8714618628259295,1.169988888295263
2006-02-27,0.01148822405086758,0.0,0.0,0.0,0.0,0.8714618628259295,1.1834299827810244
2006-02-28,-0.00780832457209657,-1.0,0.004356201272147621,0.00780832457209657,0.0056302239360227595,0.8763683882653431,1.1741893773671195
2006-03-01,-0.0076322526249069655,0.0,0.0,-0.0,-0.0002,0.8761931145876901,1.1652276674095714
2006-03-02,-0.006488825286976252,0.0,0.0,-0.0,-0.0,0.8761931145876901,1.1576667086561998
2006-03-03,-0.010863127773977577,0.0,0.0,-0.0,-0.0,0.8761931145876901,1.1450908272803875
2006-03-06,-0.021223403435658872,0.0,0.0,-0.0,-0.0,0.8761931145876901,1.1207881026825435
2006-03-07,0.00025146265989417493,0.0,0.0,0.0,0.0,0.8761931145876901,1.1210699390400218
2006-03-08,-0.0017641682604662146,-1.0,0.0074380775685020705,0.0017641682604662146,-0.0019548705237848207,0.8744802704948395,1.1190921830358047
2006-03-09,-0.01464670615985253,0.0,0.01758229944906661,-0.0,-0.008791149724533305,0.8667925835057689,1.1027011686650914
2006-03-10,0.005125968953483495,0.0,0.0011924058989879614,0.0,0.0,0.8667925835057689,1.1083535806206386
2006-03-13,0.02294674678154096,-1.0,0.0,-0.02294674678154096,-0.02314674678154096,0.8467291550632432,1.1337866895795545
2006-03-14,0.0067302413938032934,-1.0,0.003000097110364965,-0.0067302413938032934,-0.0067302413938032934,0.8410304634544965,1.141417347689506
2006-03-15,0.007427719405435518,-1.0,0.0,-0.007427719405435518,-0.007427719405435518,0.8347835251605331,1.14989547547264
2006-03-16,0.01400831643085021,-1.0,0.0,-0.01400831643085021,-0.01400831643085021,0.8230896133888238,1.1660035751554638
2006-03-17,-0.015511482342456695,-1.0,0.0005830014985461201,0.015511482342456695,0.015511482342456695,0.835856953393164,1.1479171312881984
2006-03-20,0.0019694528991018867,0.0,0.018361718644675173,0.0,-0.009180859322337587,0.8281830682904637,1.1501779000103427
2006-03-21,-0.01670795649810064,-1.0,0.0,0.01670795649810064,0.01650795649810064,0.8418546783542662,1.130960777691893
2006-03-22,0.015992018639354733,0.0,0.014759636975334417,0.0,-0.0073798184876672085,0.8356419436350182,1.1490471235291209
2006-03-23,-0.0039347762694795785,-1.0,0.007298872274796343,0.0039347762694795785,0.0002853401320814068,0.8358803858175878,1.1445258801749447
2006-03-24,0.004938306711363971,0.0,0.0,0.0,-0.0002,0.8357132097404243,1.1501779000103425
2006-03-27,-0.005651367226536141,-1.0,0.0010898534853262124,0.005651367226536141,0.005106440483873036,0.8399807295075502,1.1436778223215378
2006-03-28,-0.0012354921388448847,0.0,0.0017900860327798509,-0.0,-0.0008950430163899254,0.8392289106217024,1.1422648173626884
2006-03-29,0.0024740409358170456,0.0,0.003030913303808618,0.0,0.0,0.8392289106217024,1.1450908272803872
2006-03-30,-0.006416306110254122,-1.0,0.0019989554300410225,0.006416306110254122,0.005416828395233611,0.8437748696148589,1.1377435740085122
2006-03-31,-0.0029806814037239837,0.0,0.009921374700362084,-0.0,-0.004960687350181042,0.8395891662927598,1.1343523228952586
2006-04-03,0.0022422375294008923,0.0,0.008955950189945997,0.0,0.0,0.8395891662927598,1.1368958102452174
2006-04-04,0.010439733033795529,-1.0,0.013244911608407805,-0.010439733033795529,-0.017062188837999433,0.8252639373911342,1.148764698991418
2006-04-05,0.0,-1.0,0.00879156992641987,-0.0,-0.0,0.8252639373911342,1.148764698991418
2006-04-06,-0.012792084172569274,0.0,0.0005955477794980925,-0.0,-0.00029777388974904623,0.8250181953384277,1.1340696042674436
2006-04-07,-0.0002494685395190155,0.0,0.0,-0.0,-0.0,0.8250181953384277,1.133786689579554
2006-04-10,-0.0024924546333398023,0.0,0.003350010351453614,-0.0,-0.0,0.8250181953384277,1.1309607776918926
2006-04-11,-0.016491633786604343,0.0,0.0,-0.0,-0.0,0.8250181953384277,1.1123093867191847
2006-04-12,-0.002540492682489126,0.0,0.004988806218072887,-0.0,-0.0,0.8250181953384277,1.1094835728615606
2006-04-13,-0.008151059853370723,0.0,0.0,-0.0,-0.0,0.8250181953384277,1.1004401058528344
2006-04-17,-0.009501547364313856,0.0,0.0,-0.0,-0.0,0.8250181953384277,1.0899842220654832
2006-04-18,0.014778736707294238,0.0,0.01118891365655718,0.0,0.0,0.8250181953384277,1.1060928118984938
2006-04-19,0.0035763780905120335,-1.0,0.0,-0.0035763780905120335,-0.0037763780905120336,0.8219026147012779,1.1100486179970404
2006-04-20,0.013492846240173995,-1.0,0.0,-0.013492846240173995,-0.013492846240173995,0.8108128090967166,1.125026333318792
2006-04-21,-0.011805677122058822,-1.0,0.019766413971989086,0.011805677122058822,0.011805677122058822,0.8203850033273419,1.1117446356738165
2006-04-24,-0.0012711561392582116,0.0,0.0,-0.0,-0.0002,0.8202209263266764,1.1103314346548925
2006-04-25,-0.011198928242331374,0.0,0.007578560898847585,-0.0,-0.0,0.8202209263266764,1.0978969125929874
2006-04-26,-0.008751564900058462,0.0,0.0011811555468041828,-0.0,-0.0,0.8202209263266764,1.088288596508856
2006-04-27,0.02337090124894803,0.0,0.010726083951535669,0.0,0.0,0.8202209263266764,1.1137228818282208
2006-04-28,0.004821038783695553,-1.0,0.003382744115700649,-0.004821038783695553,-0.006512410841545877,0.8148793106736038,1.1190921830358038
2006-05-01,-0.0126265251985207,-1.0,0.010842769483751489,0.0126265251985207,0.0126265251985207,0.8251684048235772,1.1049619373872348
2006-05-02,0.019693271634089182,0.0,0.00011088548637875022,0.0,-0.0002,0.8250033711426126,1.126722252965531
2006-05-03,-0.012289924091082316,-1.0,0.014591839500998769,0.012289924091082316,0.0049940043405829315,0.8291234415590943,1.1128749220048513
2006-05-04,-0.00203164321300886,0.0,0.008126755111877942,-0.0,-0.004063377555938971,0.8257543999755602,1.1106139572226323
2006-05-05,0.016539823253340025,0.0,0.0,0.0,0.0,0.8257543999755602,1.1289833157777873
2006-05-08,-0.0022528139117532486,-1.0,0.006622223291159514,0.0022528139117532486,-0.0010582977338265084,0.8248805059653689,1.1264399264578657
2006-05-09,-0.009283195554551038,0.0,0.0,-0.0,-0.0002,0.8247155298641758,1.1159829643401034
2006-05-10,0.0017730882708959506,0.0,0.006058842552445299,0.0,0.0,0.8247155298641758,1.1179617006446945
2006-05-11,-0.004803022585298522,-1.0,0.005855183605179604,0.004803022585298522,0.0018754307827087199,0.826262226755861,1.1125921053469991
2006-05-12,-0.006095685960494146,0.0,0.0012031680132885342,-0.0,-0.0006015840066442671,0.8257651606149504,1.105810093270679
2006-05-15,-0.00255622203591932,0.0,0.0,-0.0,-0.0,0.8257651606149504,1.1029833971427183
2006-05-16,-0.0076859194751554005,0.0,0.010606021825804793,-0.0,-0.0,0.8257651606149504,1.094505955569846
2006-05-17,-0.018073792347267914,0.0,0.0,-0.0,-0.0,0.8257651606149504,1.0747240822060284
2006-05-18,0.0007887287046899338,0.0,0.006903990044326454,0.0,0.0,0.8257651606149504,1.075571747939286
2006-05-19,0.007094057625056882,-1.0,0.008966093852202916,-0.007094057625056882,-0.011577104551158339,0.8162051910158071,1.0832019158990502
2006-05-22,0.004174142740966502,-1.0,0.0041934572699117495,-0.004174142740966502,-0.004174142740966502,0.8127982340425893,1.0877233553133012
2006-05-23,-0.0028581040945430125,-1.0,0.008389747180000432,0.0028581040945430125,0.0028581040945430125,0.8151212960033438,1.0846145287377502
2006-05-24,0.002345603403583363,0.0,0.0,0.0,-0.0002,0.8149582717441431,1.0871586042679335
2006-05-25,0.014036628850206068,-1.0,0.0,-0.014036628850206068,-0.014236628850206068,0.8033560133009164,1.1024186460973506
2006-05-26,0.007690123614106481,-1.0,0.0,-0.007690123614106481,-0.007690123614106481,0.7971781062524966,1.1108963817603352
2006-05-30,-0.00610507894139567,-1.0,0.009536427505351913,0.00610507894139567,0.00610507894139567,0.8020449415215204,1.1041142716539776
2006-05-31,0.01945250918492558,0.0,0.0,0.0,-0.0002,0.8018845325332161,1.125592064664534
2006-06-01,0.010544748118682667,-1.0,0.0153929305926407,-0.010544748118682667,-0.018241213415003017,0.7872571856410877,1.1374611494708096
2006-06-02,0.013664001020408989,-1.0,0.0,-0.013664001020408989,-0.013664001020408989,0.7765001026531636,1.1530034197778543
2006-06-05,0.002451253794507835,-1.0,0.0,-0.002451253794507835,-0.002451253794507835,0.7745967038300993,1.1558297237856652
2006-06-06,0.0053788761812727515,-1.0,0.007132505694325116,-0.0053788761812727515,-0.0053788761812727515,0.7704302440697751,1.1620467887565429
2006-06-07,0.00012282787217499092,-1.0,0.0,-0.00012282787217499092,-0.00012282787217499092,0.7703356137622368,1.1621895204909736
2006-06-08,0.012515348435313545,-1.0,0.00984343603163632,-0.012515348435313545,-0.012515348435313545,0.7606945951438713,1.1767347272877882
2006-06-09,0.013088169114193526,-1.0,0.0,-0.013088169114193526,-0.013088169114193526,0.7507384956383754,1.192136030401075
2006-06-12,0.0,-1.0,0.004122964422200337,-0.0,-0.0,0.7507384956383754,1.192136030401075
2006-06-13,-0.00885187526015696,0.0,0.003079765544308379,-0.0,-0.0015398827721541896,0.7495824463625489,1.181583390966826
2006-06-14,-0.013517068674839483,0.0,0.0,-0.0,-0.0,0.7495824463625489,1.1656118471260777
2006-06-15,0.006606531647417757,0.0,0.019249418472911995,0.0,0.0,0.7495824463625489,1.1733124986827212
2006-06-16,0.002674095247452879,-1.0,0.006527594068558174,-0.002674095247452879,-0.005937892281731966,0.745131506539771,1.1764500480592257
2006-06-19,-0.00848535369889325,0.0,0.006884591641612568,-0.0,-0.003442295820806284,0.7425665434688581,1.1664674532923631
2006-06-20,0.0007336700427813536,1.0,0.00438864604135974,0.0007336700427813536,-0.0014606529778985163,0.7414819114358525,1.1673232555187232
2006-06-21,-0.0026874794462660168,0.0,0.006157026360721084,-0.0,-0.003078513180360542,0.7391992495984983,1.1641860982623682
2006-06-22,-0.005389779728709021,1.0,0.0,-0.005389779728709021,-0.005589779728709021,0.7350672886176156,1.1579113916295087
2006-06-23,-0.0024628756899243154,1.0,0.010460261021558535,-0.0024628756899243154,-0.0024628756899243154,0.7332569092620207,1.155059599811978
2006-06-26,0.0034569293942625645,1.0,0.009679770217485562,0.0034569293942625645,0.0034569293942625645,0.7357917266251947,1.1590525592946932
2006-06-27,-0.0059054710205816985,0.0,0.008041735110478839,-0.0,-0.0040208675552394196,0.7328332055441938,1.1522078079944473
2006-06-28,0.0002474131373992883,1.0,0.0026588103408411072,0.0002474131373992883,-0.0010819920330212653,0.7320402858542616,1.1524928793431592
2006-06-29,0.017322035893590382,0.0,0.0,0.0,-0.0002,0.7318938777970908,1.1724564023662487
2006-06-30,0.0065677132650650005,0.0,0.002928627194605679,0.0,0.0,0.7318938777970908,1.18015675983278
2006-07-03,-0.0014492397285227332,0.0,0.0012249665532521826,-0.0,-0.0,0.7318938777970908,1.1784464297705457
2006-07-05,-0.0019363164268959565,1.0,0.0004164896455921143,-0.0019363164268959565,-0.0021445612496920137,0.7303242865478804,1.176164584590364
2006-07-06,-0.010669359781736998,1.0,0.005357029804655536,-0.010669359781736998,-0.010669359781736998,0.7225321939773607,1.1636156614748323
2006-07-07,0.010784422667211802,1.0,0.01270056784626448,0.010784422667211802,0.010784422667211802,0.7303242865478804,1.176164584590364
2006-07-10,0.009456741214078912,0.0,0.0,0.0,-0.0002,0.7301782216905708,1.1872872686919997
2006-07-11,0.0002400205293100477,0.0,0.0,0.0,0.0,0.7301782216905708,1.1875722420106742
2006-07-12,0.0004804211460915919,0.0,0.005000154059309698,0.0,0.0,0.7301782216905708,1.1881427768282475
2006-07-13,-0.004080381241516773,0.0,0.004172495614729653,-0.0,-0.0,0.7301782216905708,1.183294701329434
2006-07-14,0.0028922014365984072,1.0,0.004986992835105403,0.0028922014365984072,0.0003987050190457056,0.7304693474123567,1.1867170279645383
2006-07-17,0.0009611216979976689,0.0,0.0,0.0,-0.0002,0.7303232535428742,1.1878576074494982
2006-07-18,-0.002401363606128859,0.0,0.001429806747438684,-0.0,-0.0,0.7303232535428742,1.1850051294217057
2006-07-19,0.010830989998166896,1.0,0.0,0.010830989998166896,0.010630989998166895,0.7380873127467172,1.1978399081262485
2006-07-20,0.01166639700711447,0.0,0.0026003585445044408,0.0,-0.0013001792722522204,0.7371276669215716,1.2118143840454147
2006-07-21,0.009649995340433204,0.0,0.0,0.0,0.0,0.7371276669215716,1.2235083872049228
2006-07-24,0.003029415860358098,0.0,0.0,0.0,0.0,0.7371276669215716,1.2272149029184025
2006-07-25,0.004416170797692187,0.0,0.006365822443494974,0.0,0.0,0.7371276669215716,1.2326344935351634
2006-07-26,-0.0004631761813557178,0.0,0.0030252256409017166,-0.0,-0.0,0.7371276669215716,1.2320635665974404
2006-07-27,0.0,1.0,0.0,0.0,-0.0002,0.7369802413881873,1.2320635665974404
2006-07-28,-0.0046298502771870975,0.0,0.0044753109880926,-0.0,-0.0022376554940463,0.7353311335020415,1.226359296752117
2006-07-31,0.003255945866182941,1.0,0.0,0.003255945866182941,0.003055945866182941,0.7375782656397427,1.2303522562348321
2006-08-01,0.006027041532438604,0.0,0.0,0.0,-0.0002,0.7374307499866147,1.237767640382689
2006-08-02,-0.003686241190292261,0.0,0.005118446844251768,-0.0,-0.0,0.7374307499866147,1.2332049303226995
2006-08-03,0.006243785705859484,1.0,0.0011656811462209067,0.006243785705859484,0.00566094513274903,0.7416053050014909,1.240904797639044
2006-08-04,0.010112799281173812,0.0,0.0,0.0,-0.0002,0.7414569839404906,1.2534538187846131
2006-08-07,-0.016609567051809493,0.0,0.002965321264020503,-0.0,-0.0,0.7414569839404906,1.2326344935351634
2006-08-08,0.007403581773858248,1.0,0.008574008122921535,0.007403581773858248,0.00311657771239748,0.7437677922513409,1.2417604038053294
2006-08-09,0.0025262999341129078,0.0,0.006946338573050297,0.0,-0.0034731692865251486,0.741184560798987,1.2448974630316467
2006-08-10,-0.006414606087985608,0.0,0.0,-0.0,-0.0,0.741184560798987,1.236911936186366
2006-08-11,0.006225469446331733,1.0,0.006240346145293382,0.006225469446331733,0.0031052963736850417,0.7434861585278675,1.2446122936528974
2006-08-14,0.004812450684195113,0.0,0.0,0.0,-0.0002,0.743337461296162,1.250601928937045
2006-08-15,0.006841319667573176,0.0,0.0017629971581681334,0.0,0.0,0.743337461296162,1.2591576965097868
2006-08-16,-0.009739648791232347,0.0,0.0036804150005227978,-0.0,-0.0,0.743337461296162,1.2468939427730044
2006-08-17,-0.014409990196948663,1.0,0.0,-0.014409990196948663,-0.014609990196948664,0.7324773082736004,1.2289262132810106
2006-08-18,0.012067990824348174,1.0,0.009860947735030098,0.012067990824348174,0.012067990824348174,0.7413168377088895,1.2437568835466868
2006-08-21,0.004356726316941062,0.0,0.0,0.0,-0.0002,0.7411685743413476,1.2491755918931113
2006-08-22,0.004566506031962847,0.0,0.0028668439366486987,0.0,0.0,0.7411685743413476,1.2548799597684719
2006-08-23,-0.006074928360920051,0.0,0.0026012522362426145,-0.0,-0.0,0.7411685743413476,1.2472566539113241
2006-08-24,0.012453854998373481,1.0,0.0098172524645137,0.012453854998373481,0.007545228766116631,0.7467608607890096,1.2627898074248922
2006-08-25,0.003645026550145536,0.0,0.0,0.0,-0.0002,0.7466115086168518,1.2673927098002091
2006-08-28,0.0031771382180427743,0.0,0.0010935856395888942,0.0,0.0,0.7466115086168518,1.271419391615784
2006-08-29,0.005656649363762867,0.0,0.0015377540282412632,0.0,0.0,0.7466115086168518,1.2786113653084432
2006-08-30,-0.0170982155487015,0.0,0.0,-0.0,-0.0,0.7466115086168518,1.25674939258138
2006-08-31,0.017395650124133688,1.0,0.007164010330781929,0.017395650124133688,0.013813644958742724,0.7569249349189963,1.2786113653084432
2006-09-01,-0.0011247363252341325,0.0,0.0002772523090620252,-0.0,-0.0002,0.7567735499320125,1.2771732646600236
2006-09-05,-0.0022523125848196157,1.0,0.007822212978947198,-0.0022523125848196157,-0.006163419074293215,0.752109237399441,1.2742966712430346
2006-09-06,-0.009706945349746143,1.0,0.0,-0.009706945349746143,-0.009706945349746143,0.7448085541349654,1.261927143095915
2006-09-07,0.0029634435605694343,1.0,0.0024049743051149466,0.0029634435605694343,0.0029634435605694343,0.7470157522485736,1.2656667929620302
2006-09-08,0.00568181730166728,0.0,0.0,0.0,-0.0002,0.746866349098124,1.2728580804444276
2006-09-11,0.003841542383888008,0.0,0.002303309642808231,0.0,0.0,0.746866349098124,1.2777478187091291
2006-09-12,-0.00044966153781944573,0.0,0.0,-0.0,-0.0,0.746866349098124,1.277173264660023
2006-09-13,-0.000225584333655382,1.0,0.0013358682105072915,-0.000225584333655382,-0.0008935184389090278,0.7461990102438041,1.276885154380152
2006-09-14,-0.0027034002976327187,1.0,0.0,-0.0027034002976327187,-0.0027034002976327187,0.7441817356174177,1.273433222673758
2006-09-15,0.006324519918230909,1.0,0.006648889947727767,0.006324519918230909,0.006324519918230909,0.7488883278271138,1.281487076455095
2006-09-18,-0.013018810941409997,0.0,0.004442253494149929,-0.0,-0.0022211267470749643,0.7472249519316048,1.2648036384828658
2006-09-19,0.005912942787686282,1.0,0.003681952406399809,0.005912942787686282,0.0040719665844863775,0.7502676269669647,1.2722823500348723
2006-09-20,0.004295798549831753,0.0,0.0,0.0,-0.0002,0.7501175734415714,1.2777478187091287
2006-09-21,0.002701728553883509,0.0,0.007514300489244358,0.0,0.0,0.7501175734415714,1.2811999464755974
2006-09-22,-0.001796171732534102,0.0,0.004793436470674622,-0.0,-0.0,0.7501175734415714,1.2788986913480138
2006-09-25,0.011695856227983636,1.0,0.0,0.011695856227983636,0.011495856227983636,0.7587408172199397,1.2938565065721765
2006-09-26,-0.0006671933903152905,0.0,0.009885641128797666,-0.0,-0.004942820564398833,0.7549904975055362,1.2929932540629752
2006-09-27,0.016462915263242728,1.0,0.0,0.016462915263242728,0.01626291526324273,0.7672688439910221,1.3142796924405584
2006-09-28,-0.0072223960961020905,0.0,0.006733861406830337,-0.0,-0.0033669307034151683,0.7646855029624149,1.3047874439206895
2006-09-29,-0.007937293831035364,1.0,0.0,-0.007937293831035364,-0.008137293831035364,0.7584630323364767,1.2944309625912453
2006-10-02,0.010223082674059691,1.0,0.0,0.010223082674059691,0.010223082674059691,0.7662168626212705,1.3076640373376782
2006-10-03,0.011658376202507093,0.0,0.016283720417316353,0.0,-0.008141860208658177,0.7599784320362916,1.32290927663145
2006-10-04,0.01826507094734331,0.0,0.0,0.0,0.0,0.7599784320362916,1.347072308426022
2006-10-05,-0.009823217739296841,0.0,0.0037698542326936235,-0.0,-0.0,0.7599784320362916,1.3338397238297761
2006-10-06,-0.0010776515442431078,1.0,0.0031212091951364003,-0.0010776515442431078,-0.0026382561418113078,0.7579734142703276,1.3324023093916182
2006-10-09,0.001295194976727032,1.0,0.0014164216248872335,0.001295194976727032,0.001295194976727032,0.7589551376289831,1.3341280301697218
2006-10-10,0.002587039233234778,0.0,0.0022058288914660615,0.0,-0.0011029144457330308,0.7581180750440288,1.337579471725929
2006-10-11,0.0017204623547446563,0.0,0.006977378736809596,0.0,0.0,0.7581180750440288,1.3398807268535127
2006-10-12,-0.00021480732127143742,0.0,0.006135645798321929,-0.0,-0.0,0.7581180750440288,1.339592910663754
2006-10-13,-0.00300560689995788,1.0,0.0024917068355208615,-0.00300560689995788,-0.00425146031771831,0.7548949661318342,1.3355666209683283
2006-10-16,0.0006456227606244092,1.0,0.005950934410719583,0.0006456227606244092,0.0006456227606244092,0.7553823435038497,1.3364288931771557
2006-10-17,0.00043035752389575244,0.0,0.005516289394670075,0.0,-0.0027581446973350375,0.753298889698654,1.3370040354064863
2006-10-18,0.016996538824250118,0.0,0.0,0.0,0.0,0.753298889698654,1.3597284764024518
2006-10-19,0.004231201275740837,0.0,0.0,0.0,0.0,0.753298889698654,1.365481761266467
2006-10-20,0.009058225666365383,0.0,0.0,0.0,0.0,0.753298889698654,1.3778506032033246
2006-10-23,0.0037582018345698742,0.0,0.004412038878844114,0.0,0.0,0.753298889698654,1.3830288438680465
2006-10-24,0.0018712501900488565,0.0,0.004263545000170319,0.0,0.0,0.753298889698654,1.3856168368549777
2006-10-25,0.03321576144804794,0.0,0.0,0.0,0.0,0.753298889698654,1.4316411551663515
2006-10-26,-0.0002011762855476107,0.0,0.002616731017420906,-0.0,-0.0,0.753298889698654,1.431353142916518
2006-10-27,0.0032160438660766566,1.0,0.0035879759790507174,0.0032160438660766566,0.0014220558765512979,0.7543701228115495,1.4359564374119842
2006-10-30,0.017026818514066733,0.0,0.0,0.0,-0.0002,0.7542192487869872,1.4604062070659038
2006-10-31,0.004530480137053594,0.0,0.0,0.0,0.0,0.7542192487869872,1.4670225483790458
2006-11-01,0.011568703065165664,0.0,0.0,0.0,0.0,0.7542192487869872,1.4839940966311456
2006-11-02,-0.0036830110825247786,0.0,0.008099554215768521,-0.0,-0.0,0.7542192487869872,1.4785285299268518
2006-11-03,-0.00817137693509451,1.0,0.001055913828011772,-0.00817137693509451,-0.008699333849100396,0.7476580437463715,1.4664469159995284
2006-11-06,0.000981004346567893,1.0,0.0,0.000981004346567893,0.000981004346567893,0.7483914995370331,1.467885506798135
2006-11-07,-0.001959685141427414,0.0,0.004772720170072684,-0.0,-0.002386360085036342,0.7466055679345575,1.465008913381146
2006-11-08,0.023365869293632713,1.0,0.004220495719643948,0.023365869293632713,0.02125562143381074,0.7624751332469496,1.4992401201652166
2006-11-09,0.007674346025655865,0.0,0.0,0.0,-0.0002,0.7623226382203002,1.5107458076229103
2006-11-10,0.00894883865797591,0.0,0.0,0.0,0.0,0.7623226382203002,1.5242652281085414
2006-11-13,0.006039117340380429,0.0,0.00909839854717454,0.0,0.0,0.7623226382203002,1.5334704446789507
2006-11-14,-0.0020638165788449125,0.0,0.0,-0.0,-0.0,0.7623226382203002,1.5303056429520536
2006-11-15,-0.01259376734200568,1.0,0.0,-0.01259376734200568,-0.01279376734200568,0.7525696597473658,1.511033329722557
2006-11-16,-0.0022844192834519106,1.0,0.005968923466398098,-0.0022844192834519106,-0.0022844192834519106,0.7508504751044981,1.5075814960462004
2006-11-17,0.005151777082837095,1.0,0.004888317379662913,0.005151777082837095,0.005151777082837095,0.7547186893747788,1.5153482198480406
2006-11-20,0.0009493466780532422,0.0,0.0032098504355032743,0.0,-0.0016049252177516371,0.7535074223178927,1.516786810646647
2006-11-21,0.003151297571447609,0.0,0.0,0.0,0.0,0.7535074223178927,1.5215666572394417
2006-11-22,0.005712101453519081,0.0,7.987174146660634e-05,0.0,0.0,0.7535074223178927,1.5302580003538853
2006-11-24,-0.00018904435739108827,0.0,0.0019607503429560566,-0.0,-0.0,0.7535074223178927,1.5299687137135658
2006-11-27,-0.006060046099407579,1.0,0.002063228407953775,-0.006060046099407579,-0.0070916603033844665,0.7481638036427354,1.5206970327778102
2006-11-28,-0.004572100984995275,1.0,0.0011238135581904676,-0.004572100984995275,-0.004572100984995275,0.7447431231791626,1.5137442523763673
2006-11-29,0.01607698717435202,1.0,0.0,0.01607698717435202,0.01607698717435202,0.7567163488187009,1.5380806993070713
2006-11-30,0.003955094145963622,0.0,0.0064571022447401935,0.0,-0.0032285511223700968,0.7542732514014064,1.5441639532769202
2006-12-01,-0.0026267229060635833,0.0,0.0,-0.0,-0.0,0.7542732514014064,1.54010786245013
2006-12-04,0.014860567448503392,1.0,0.008994966612680531,0.014860567448503392,0.010363084142163127,0.7620898485718622,1.5629947392180406
2006-12-05,-0.0009263023001887527,0.0,0.0,-0.0,-0.0002,0.7619374306021479,1.56154693359592
2006-12-06,-0.002782738945350305,1.0,0.003959237379050915,-0.002782738945350305,-0.004762357634875762,0.7583088120622221,1.5572015561288104
2006-12-07,-0.0033492723266302926,1.0,0.0041352998609139185,-0.0033492723266302926,-0.0033492723266302926,0.7557690293429422,1.5519860640498826
2006-12-08,-0.004293084651465939,1.0,0.0025809911341714217,-0.004293084651465939,-0.004293084651465939,0.7525244489230167,1.545323256499021
2006-12-11,0.004874467552913986,1.0,0.00731492525338048,0.004874467552913986,0.004874467552913986,0.7561926049320664,1.5528558845715887
2006-12-12,0.011380809568417583,0.0,0.0,0.0,-0.0002,0.75604136641108,1.5705286416810946
2006-12-13,-0.0003692054100358222,0.0,0.0,-0.0,-0.0,0.75604136641108,1.5699487940099697
2006-12-14,0.010887621006261838,1.0,0.004831758282889905,0.010887621006261838,0.008471741864816886,0.7624463537064381,1.587041801478388
2006-12-15,0.0029205016485536195,0.0,0.0,0.0,-0.0002,0.7622938644356968,1.5916767596759291
2006-12-18,-0.011648912461661554,0.0,0.004328873166451222,-0.0,-0.0,0.7622938644356968,1.5731354564352031
2006-12-19,0.007734670431825963,1.0,0.008726306435577038,0.007734670431825963,0.003371517214037444,0.7648639513217969,1.5853031407353495
2006-12-20,0.006944517446195508,0.0,0.0,0.0,-0.0002,0.7647109785315325,1.5963123060536946
2006-12-21,-0.010889092361723973,0.0,0.0,-0.0,-0.0,0.7647109785315325,1.5789299139149193
2006-12-22,0.002935505975720565,1.0,0.007525058618862778,0.002935505975720565,-0.0008270233337108242,0.764078544708742,1.5835648721124604
2006-12-26,0.004391206716110263,0.0,0.004877598395589042,0.0,-0.002438799197794521,0.7622151105668543,1.590518632814277
2006-12-27,-0.00145745937594699,0.0,0.0036648721456091792,-0.0,-0.0,0.7622151105668543,1.5882005165202635
2006-12-28,-0.004013045484021482,1.0,0.006746446531673119,-0.004013045484021482,-0.007386268749858042,0.7565851849150048,1.5818269956097213
2006-12-29,-0.003297069820761389,1.0,0.0,-0.003297069820761389,-0.003297069820761389,0.7540906707349864,1.576611601560831
2007-01-03,0.012495597820896487,1.0,0.003908590427132838,0.012495597820896487,0.012495597820896487,0.7635134844769809,1.5963123060536946
2007-01-04,-0.0007262383543018558,0.0,0.005208315597972842,-0.0,-0.002604157798986421,0.7615251748817489,1.5951530028315943
2007-01-05,-0.013258105108110319,1.0,0.0,-0.013258105108110319,-0.013458105108110319,0.7512764890357182,1.5740042966565353
2007-01-08,-0.0012882755959372494,1.0,0.007678662480217502,-0.0012882755959372494,-0.0012882755959372494,0.7503086378690921,1.5719765453332524
2007-01-09,0.000921196767554644,1.0,0.01092042101972426,0.000921196767554644,0.000921196767554644,0.7509998197609654,1.5734246450454852
2007-01-10,0.00036840125319970163,0.0,0.004656360496840318,0.0,-0.002328180248420159,0.7492513568140308,1.5740042966565353
2007-01-11,-0.0020251181666663953,0.0,0.006702476814360673,-0.0,-0.0,0.7492513568140308,1.5708167519609653
2007-01-12,-0.006823586694093331,1.0,0.0,-0.006823586694093331,-0.007023586694093331,0.7439889249537803,1.5600981476734255
2007-01-16,0.005571086125217617,1.0,0.009907085270257519,0.005571086125217617,0.005571086125217617,0.7481337513309059,1.5687895888179066
2007-01-17,0.004616715507045122,0.0,0.00455140203988107,0.0,-0.002275701019940535,0.7464312225899502,1.5760322440398933
2007-01-18,0.001470918081034167,0.0,0.0,0.0,0.0,0.7464312225899502,1.5783504583639445
2007-01-19,0.004588625500460131,0.0,0.002856627543311102,0.0,0.0,0.7464312225899502,1.5855929175258563
2007-01-22,0.0003658213434156732,0.0,0.0006975208559435747,0.0,0.0,0.7464312225899502,1.5861729612570559
2007-01-23,0.008401172795935219,0.0,0.0,0.0,0.0,0.7464312225899502,1.5994986743888167
2007-01-24,0.0038040834217616393,0.0,0.0,0.0,0.0,0.7464312225899502,1.6055833007791889
2007-01-25,-0.0001808470296058573,0.0,0.0023491865646370967,-0.0,-0.0,0.7464312225899502,1.6052929358084582
2007-01-26,0.01064814975963202,1.0,0.0044792303647753105,0.01064814975963202,0.008408534577244364,0.7527076153346326,1.622386335397026
2007-01-29,0.002321646850824921,0.0,0.005997458261195352,0.0,-0.002998729130597676,0.750450449081706,1.6261529435234219
2007-01-30,0.0016032974540569622,0.0,0.0,0.0,0.0,0.750450449081706,1.6287601503976803
2007-01-31,0.007648311525509932,0.0,0.0,0.0,0.0,0.750450449081706,1.6412174154282582
2007-02-01,0.014121682703693628,0.0,0.0,0.0,0.0,0.750450449081706,1.6643941670167122
2007-02-02,0.0034815981001754537,0.0,0.0,0.0,0.0,0.750450449081706,1.6701889185865406
2007-02-05,0.016998833515812883,0.0,0.0,0.0,0.0,0.750450449081706,1.6985801819535489
2007-02-06,0.007504758430993297,0.0,0.0,0.0,0.0,0.750450449081706,1.711327615894783
2007-02-07,-0.003047113691240777,0.0,0.004902341126805511,-0.0,-0.0,0.750450449081706,1.7061130060861915
2007-02-08,0.006112739027195113,1.0,0.0,0.006112739027195113,0.0059127390271951135,0.7548876667399675,1.7165420296432998
2007-02-09,-0.005063171716322534,0.0,0.009180270955274935,-0.0,-0.004590135477637467,0.7514226300792335,1.707850882588931
2007-02-12,0.0005094792646647139,1.0,0.002660350986664312,0.0005094792646647139,-0.0008206962286674421,0.7508059403605921,1.7087209972007493
2007-02-13,0.00779893458544656,0.0,0.0016802510105518136,0.0,-0.0008401255052759068,0.7501751691405826,1.722047200482697
2007-02-14,0.0035331971728502776,0.0,0.0,0.0,0.0,0.7501751691405826,1.7281315327829572
2007-02-15,-0.010058999607002073,0.0,0.0,-0.0,-0.0,0.7501751691405826,1.7107482583738456
2007-02-16,0.0032179900300643993,1.0,0.0038947583002577344,0.0032179900300643993,0.0012706108799355321,0.7511283498723501,1.7162534292132428
2007-02-20,0.009621860988801023,0.0,0.0011166740919031765,0.0,-0.0005583370459515882,0.7507089670883519,1.7327669811306856
2007-02-21,-0.009864969649598154,0.0,0.005483057181413684,-0.0,-0.0,0.7507089670883519,1.7156732874520055
2007-02-22,-0.002701367528028742,1.0,0.0,-0.002701367528028742,-0.002901367528028742,0.7485308844682418,1.7110386233445765
2007-02-23,0.0098199702673758,1.0,0.005880390449266463,0.0098199702673758,0.0098199702673758,0.7558814354979324,1.727840971752152
2007-02-26,0.02565412137371781,0.0,0.0,0.0,-0.0002,0.7557302592108328,1.772167213755964
2007-02-27,-0.031388225490737276,0.0,0.0,-0.0,-0.0,0.7557302592108328,1.7165420296433003
2007-02-28,0.004419210378673988,1.0,0.013624414599827914,0.004419210378673988,-0.0023929969212399694,0.7539217990272534,1.72412778999613
2007-03-01,0.0059220764452529995,0.0,0.01087525466303296,0.0,-0.00543762733151648,0.7498222532470368,1.7343382065698723
2007-03-02,-0.025231085898828498,0.0,0.013738095798290204,-0.0,-0.0,0.7498222532470368,1.6905789703022875
2007-03-05,-0.014840607879611611,1.0,0.0,-0.014840607879611611,-0.015040607879611612,0.7385444707565413,1.6654897507145137
2007-03-06,0.013487909593559166,1.0,0.00032244336254596856,0.013487909593559166,0.013487909593559166,0.7485058918089285,1.6879537259011503
2007-03-07,-0.0027655914428117434,0.0,1.0207617626820756e-05,-0.0,-0.0002,0.7483561906305667,1.683285535520936
2007-03-08,0.004159192877342788,1.0,0.0012376518561970954,0.004159192877342788,0.00354036694924424,0.7510056461541375,1.6902866447308087
2007-03-09,0.0010358103893985948,0.0,0.0063352562685725896,0.0,-0.0031676281342862948,0.7486267395403717,1.6920374611984825
2007-03-12,0.013793077077365101,0.0,0.003275632038814594,0.0,0.0,0.7486267395403717,1.7153758643185824
2007-03-13,-0.00833295615754337,0.0,0.0014649094077490783,-0.0,-0.0,0.7486267395403717,1.7010817124475075
2007-03-14,0.00874586475455219,1.0,0.00754666726557306,0.00874586475455219,0.004972531121765661,0.7523493093013222,1.7159591430410155
2007-03-15,0.006120624834113242,0.0,0.0,0.0,-0.0002,0.7521988394394619,1.7264618851862361
2007-03-16,0.007096134584329894,0.0,0.0,0.0,0.0,0.7521988394394619,1.7387130910782336
2007-03-19,0.0033563491040582427,0.0,0.0,0.0,0.0,0.7521988394394619,1.7445488192036884
2007-03-20,0.008194059090819161,0.0,0.00901743101799648,0.0,0.0,0.7521988394394619,1.7588437553150622
2007-03-21,0.010449403145243563,0.0,0.0,0.0,0.0,0.7521988394394619,1.7772226227838435
2007-03-22,0.0029547637843745367,0.0,0.005127430675640141,0.0,0.0,0.7521988394394619,1.7824738958264164
2007-03-23,0.009656636309999689,0.0,0.0,0.0,0.0,0.7521988394394619,1.7996865979704804
2007-03-26,0.006807955455237602,0.0,0.0,0.0,0.0,0.7521988394394619,1.8119387841628516
2007-03-27,-0.005957094936426044,0.0,0.003284185042170521,-0.0,-0.0,0.7521988394394619,1.8011448928066012
2007-03-28,-0.007936365390876499,1.0,0.0,-0.007936365390876499,-0.0081363653908765,0.7460786748351892,1.7868503488153769
2007-03-29,0.00734688861604238,1.0,0.0065338087331861415,0.00734688861604238,0.00734688861604238,0.7515600317580078,1.7999781393016598
2007-03-30,-0.008590149735076102,0.0,0.004138202300295057,-0.0,-0.0020691011501475284,0.7500049780318924,1.7845160575651948
2007-04-02,0.02256005459968513,1.0,0.0,0.02256005459968513,0.022360054599685132,0.7667751302907212,1.8247748372578805
2007-04-03,0.0003201814332802755,0.0,0.0,0.0,-0.0002,0.766621775264663,1.8253590962806874
2007-04-04,-0.01310583668261589,0.0,0.0011288811535447511,-0.0,-0.0,0.766621775264663,1.8014362380777054
2007-04-05,-0.005668039988311113,1.0,0.0,-0.005668039988311113,-0.005868039988311113,0.7621232080314999,1.7912256254438883
2007-04-09,0.005700349798918758,1.0,0.0019310342488072392,0.005700349798918758,0.005700349798918758,0.7664675769071536,1.8014362380777056
2007-04-10,0.0019434741464174898,0.0,0.004354469487913218,0.0,-0.002177234743956609,0.7647987970685951,1.8049372828328292
2007-04-11,-0.010829083769115955,0.0,0.006790296299723934,-0.0,-0.0,0.7647987970685951,1.785391465799032
2007-04-12,-0.0068631237392724476,1.0,0.007674998230249893,-0.0068631237392724476,-0.010700622854397393,0.7566149735816672,1.7731381032462121
2007-04-13,-0.005100482084457125,1.0,0.009724568248719936,-0.005100482084457125,-0.005100482084457125,0.7527558724640819,1.7640942441173366
2007-04-16,0.017198906878995945,1.0,0.013983785599786167,0.017198906878995945,0.017198906878995945,0.765702450617209,1.7944347367476834
2007-04-17,0.009266784041123799,0.0,0.0,0.0,-0.0002,0.7655493101270856,1.8110633759290151
2007-04-18,0.004993781724679458,0.0,0.0,0.0,0.0,0.7655493101270856,1.8201074311179657
2007-04-19,-0.011540039621186882,0.0,0.006418905964711156,-0.0,-0.0,0.7655493101270856,1.7991033192480477
2007-04-20,0.00940434942851609,1.0,0.0030206732415308884,0.00940434942851609,0.007894012807750646,0.7715925661861935,1.8160227155202595
2007-04-23,0.023132640214937883,0.0,0.0,0.0,-0.0002,0.7714382476729563,1.8580321156205442
2007-04-24,0.009891471333673962,0.0,0.0,0.0,0.0,0.7714382476729563,1.8764107870292503
2007-04-25,0.002954571979933096,0.0,0.0,0.0,0.0,0.7714382476729563,1.881954777763451
2007-04-26,-0.0031009906584817948,0.0,0.007088292114688013,-0.0,-0.0,0.7714382476729563,1.8761188535779214
2007-04-27,-0.006374892858284964,1.0,0.0,-0.006374892858284964,-0.006574892858284964,0.7663661238477235,1.8641587968969537
2007-04-30,0.0073549920594020435,1.0,0.0,0.0073549920594020435,0.0073549920594020435,0.7720027406032183,1.8778696700455952
2007-05-01,0.0037285321243445413,0.0,0.002290835896008053,0.0,-0.0011454179480040265,0.771118474808223,1.8848713674356925
2007-05-02,-0.0017027705335195265,0.0,0.004529163085243226,-0.0,-0.0,0.771118474808223,1.8816618640117484
2007-05-03,-0.0027906591949006243,1.0,0.0014999715265917536,-0.0027906591949006243,-0.0035406449581965012,0.7683882180682211,1.8764107870292501
2007-05-04,-0.005597042021751819,1.0,0.00426963013114837,-0.005597042021751819,-0.005597042021751819,0.7640875169226743,1.865908437004179
2007-05-07,-0.0018760066171946699,1.0,0.0043728695140222195,-0.0018760066171946699,-0.0018760066171946699,0.7626540836848115,1.8624079804292797
2007-05-08,-0.004386067414310912,1.0,0.0,-0.004386067414310912,-0.004386067414310912,0.7593090314599704,1.8542393334741663
2007-05-09,0.0028319305322141997,1.0,0.0020162410720093297,0.0028319305322141997,0.0028319305322141997,0.7614593418895479,1.8594904104566643
2007-05-10,-0.0020389509429752373,0.0,0.002638370515903621,-0.0,-0.0013191852579518106,0.7604548359511974,1.8556990007308103
2007-05-11,0.015405784985046411,1.0,0.0021070974415836772,0.015405784985046411,0.014352236264254572,0.771369063425064,1.8842875005330346
2007-05-14,0.016101838292598147,0.0,0.0,0.0,-0.0002,0.771214789612379,1.9146279931633814
2007-05-15,-0.004113658293769751,0.0,0.0,-0.0,-0.0,0.771214789612379,1.9067518678398212
2007-05-16,0.003671335052895186,1.0,0.011050688117960911,0.003671335052895186,-0.0018540090060852697,0.7697849504468115,1.913752192809395
2007-05-17,-0.008078639080836614,0.0,0.0,-0.0,-0.0002,0.7696309934567221,1.8982916795535283
2007-05-18,0.0,1.0,0.007180428007060825,0.0,-0.0035902140035304125,0.7668678534864628,1.8982916795535283
2007-05-21,0.006915374759068005,0.0,0.0,0.0,-0.0002,0.7667144799157656,1.9114190779196616
2007-05-22,0.008699732797218251,0.0,0.0,0.0,0.0,0.7667144799157656,1.928047913161068
2007-05-23,-0.02057827132799439,0.0,0.0,-0.0,-0.0,0.7667144799157656,1.8883720200706662
2007-05-24,-0.02935234326096836,1.0,0.0,-0.02935234326096836,-0.02955234326096836,0.7440562704221401,1.8329438763331438
2007-05-25,-0.003979403328031816,1.0,0.0,-0.003979403328031816,-0.003979403328031816,0.7410953704233793,1.8256498533715682
2007-05-29,0.0043145784769804685,1.0,0.008537412528230842,0.0043145784769804685,0.0043145784769804685,0.7442928845579978,1.8335267629354277
2007-05-30,0.014319929015205846,0.0,0.010473275081585432,0.0,-0.005236637540792716,0.7403952924973765,1.8597827360281431
2007-05-31,0.0028230677920002556,0.0,0.0,0.0,0.0,0.7403952924973765,1.8650330287703423
2007-06-01,-0.009228431592382291,0.0,0.005857455727241443,-0.0,-0.0,0.7403952924973765,1.8478216990468017
2007-06-04,-0.006788598515847566,1.0,0.0,-0.006788598515847566,-0.0069885985158475656,0.7352209670550888,1.8352775794031018
2007-06-05,-0.024956755795877084,1.0,0.0,-0.024956755795877084,-0.024956755795877084,0.7168722369242864,1.7894750050362902
2007-06-06,-0.016411974918422167,1.0,0.0,-0.016411974918422167,-0.016411974918422167,0.7051069477521718,1.7601061861364913
2007-06-07,-0.03487419829077121,1.0,0.014927741353654586,-0.03487419829077121,-0.03487419829077121,0.6805169082400621,1.6987238939883542
2007-06-08,0.011583505332165789,1.0,0.0,0.011583505332165789,0.011583505332165789,0.6883996794752898,1.7184010712722457
2007-06-11,0.03196071590178118,0.0,0.0,0.0,-0.0002,0.6882619995393947,1.7733223997164944
2007-06-12,-0.022855254477411324,0.0,0.012100131561809472,-0.0,-0.0,0.6882619995393947,1.7327926650004801
2007-06-13,0.021186186576933608,1.0,0.010737331814248768,0.021186186576933608,0.015817520669809224,0.6991485979433533,1.7695039337003222
2007-06-14,-0.0006637995460546664,0.0,0.0,-0.0,-0.0002,0.6990087682237646,1.76832933779239
2007-06-15,0.018103795805539225,1.0,0.0,0.018103795805539225,0.017903795805539226,0.7115236784763244,1.800342811040728
2007-06-18,-0.011256279261839364,0.0,0.01806365333677563,-0.0,-0.009031826668387815,0.7050973199418724,1.7800776495926087
2007-06-19,-0.000990060187817332,1.0,0.0,-0.000990060187817332,-0.0011900601878173322,0.704258211692873,1.7783152655805237
2007-06-20,-0.026259674891240703,1.0,0.007270004858272276,-0.026259674891240703,-0.026259674891240703,0.6857646200143316,1.7316172848522486
2007-06-21,0.005766481829015291,1.0,0.0,0.005766481829015291,0.005766481829015291,0.6897190692346258,1.741602624460158
2007-06-22,-0.02225913415561509,0.0,0.0,-0.0,-0.0002,0.6895811254207789,1.7028360579965278
2007-06-25,-0.003794697624497134,0.0,0.005698798026042247,-0.0,-0.0,0.6895811254207789,1.6963743100523403
2007-06-26,-0.01904379623543695,0.0,0.0,-0.0,-0.0,0.6895811254207789,1.6640689033526737
2007-06-27,0.01817804580970761,0.0,0.0056581557622654936,0.0,0.0,0.6895811254207789,1.6943184241083284
2007-06-28,-0.005893425619310166,-1.0,0.0,0.005893425619310166,0.005693425619310167,0.6935072042668423,1.6843330845004192
2007-06-29,-0.010636483731686908,0.0,0.0,-0.0,-0.0002,0.6933685028259889,1.6664177030483884
2007-07-02,0.011632060423134138,0.0,0.004173860709103682,0.0,0.0,0.6933685028259889,1.6858015744604278
2007-07-03,-0.010278781162945227,-1.0,0.005343141356459454,0.010278781162945227,0.0076072104847155,0.6986431029704584,1.6684735889924005
2007-07-05,0.0,0.0,0.0018683213239431898,0.0,-0.0009341606619715949,0.6979904580669056,1.6684735889924005
2007-07-06,-0.005456631553516056,0.0,0.013477658731688632,-0.0,-0.0,0.6979904580669056,1.6593693433604964
2007-07-09,-0.009203379280814605,0.0,0.012004618761222217,-0.0,-0.0,0.6979904580669056,1.6440975379265934
2007-07-10,-0.007860302366563432,0.0,0.0005438411671501445,-0.0,-0.0,0.6979904580669056,1.6311744341583678
2007-07-11,-0.0039606871272920285,0.0,0.0,-0.0,-0.0,0.6979904580669056,1.624713862574629
2007-07-12,0.020064701565432275,0.0,0.0023034524325575593,0.0,0.0,0.6979904580669056,1.6573132613564097
2007-07-13,0.018252735775052153,-1.0,0.0,-0.018252735775052153,-0.018452735775052152,0.6851106245706894,1.6875637624124382
2007-07-16,0.0005225747529939984,-1.0,0.0,-0.0005225747529939984,-0.0005225747529939984,0.6847526030552807,1.6884456406287425
2007-07-17,0.008870770246539594,-1.0,0.006807814440392805,-0.008870770246539594,-0.008870770246539594,0.6786783200378574,1.7034234539805313
2007-07-18,0.008620470374262057,-1.0,0.007504718299402911,-0.008620470374262057,-0.008620470374262057,0.6728277936863172,1.7181077654003936
2007-07-19,0.017948527758790522,-1.0,0.0,-0.017948527758790522,-0.017948527758790522,0.6607515253544526,1.7489452703202761
2007-07-20,-0.015616578345322263,-1.0,0.01620694025623363,0.015616578345322263,0.015616578345322263,0.6710702033169417,1.7216327294846387
2007-07-23,0.02098221998055161,0.0,0.0,0.0,-0.0002,0.6709359892762783,1.757756406140403
2007-07-24,-0.039264853525170174,-1.0,0.00306286103241199,0.039264853525170174,0.03773342300896418,0.6962527007715779,1.6887383583203706
2007-07-25,0.013217471624353383,0.0,0.0,0.0,-0.0002,0.6961134502314236,1.711059209652427
2007-07-26,-0.033470685220572505,-1.0,0.0019282783810787585,0.033470685220572505,0.032506546030033126,0.7187416941434965,1.6537888854523892
2007-07-27,-0.02468455372204259,0.0,0.0,-0.0,-0.0002,0.7185979458046678,1.6129658448645228
2007-07-30,0.052257376293562086,0.0,0.0,0.0,0.0,0.7185979458046678,1.6972552079682715
2007-07-31,-0.0010379109538245501,-1.0,0.0,0.0010379109538245501,0.0008379109538245501,0.7192000668948534,1.6954936081964853
2007-08-01,0.029966603170946904,0.0,0.02226659349174989,0.0,-0.011133296745874944,0.7111929991304599,1.7463017923321864
2007-08-02,0.006727650347654546,-1.0,0.0,-0.006727650347654546,-0.006927650347654545,0.7062661027027842,1.7580503001924799
2007-08-03,-0.045940646573797705,-1.0,0.011842291298668563,0.045940646573797705,0.045940646573797705,0.7387124241141063,1.677284332692378
2007-08-06,0.06356155634322169,0.0,0.039031639111737626,0.0,-0.019515819555868813,0.724295845741417,1.7838951353084076
2007-08-07,0.035890994301724044,-1.0,0.0,-0.035890994301724044,-0.03609099430172404,0.6981552885000012,1.8479209054446348
2007-08-08,-0.00508600328966391,-1.0,0.0216708765196272,0.00508600328966391,0.00508600328966391,0.7017061085940085,1.8385223736405047
2007-08-09,-0.021565386012369014,0.0,0.0032186726500417,-0.0,-0.00160933632502085,0.7005768274639592,1.7988739289605704
2007-08-10,-0.01714288952859011,0.0,0.009457910056109811,-0.0,-0.0,0.7005768274639592,1.7680360319205386
2007-08-13,0.0011625859353272538,0.0,0.0016867917804299214,0.0,0.0,0.7005768274639592,1.7700915257444012
2007-08-14,-0.015430569967010421,-1.0,0.00947871081278805,0.015430569967010421,0.010691214560616396,0.7080668446425723,1.74277800460839
2007-08-15,-0.0062351220609742075,0.0,0.019160559976296163,-0.0,-0.009580279988148081,0.701283366020572,1.7319115710244757
2007-08-16,0.005426341495222253,0.0,0.0,0.0,0.0,0.701283366020572,1.7413095146483815
2007-08-17,0.011975103332654058,-1.0,0.0,-0.011975103332654058,-0.012175103332654058,0.6927451685738001,1.7621618760204296
2007-08-20,-0.007333219327789298,-1.0,0.015154463274085277,0.007333219327789298,0.007333219327789298,0.6978252208332182,1.7492395564925032
2007-08-21,0.009570209764516946,0.0,0.011665947954301177,0.0,-0.005832973977150589,0.6937548244794987,1.765980145976527
2007-08-22,0.010310810891825728,-1.0,0.0,-0.010310810891825728,-0.010510810891825728,0.6864628987141029,1.7841888333004097
2007-08-23,-0.00510306624623702,-1.0,0.016538494307289826,0.00510306624623702,0.00510306624623702,0.6899659643618249,1.7750839994882814
2007-08-24,-0.007279725056153374,0.0,0.007241692093437583,-0.0,-0.0036208460467187916,0.6874677038273949,1.7621618760204296
2007-08-27,-0.03333315902427125,0.0,0.0,-0.0,-0.0,0.6874677038273949,1.7034234539805324
2007-08-28,-0.012758922285245888,0.0,0.0,-0.0,-0.0,0.6874677038273949,1.6816896065123297
2007-08-29,0.032366142732896286,0.0,0.0,0.0,0.0,0.6874677038273949,1.736119412349136
2007-08-30,-0.003748713444256202,-1.0,0.0,0.003748713444256202,0.003548713444256202,0.6899073297104591,1.7296111981672286
2007-08-31,0.006327816081061588,0.0,0.014750289121044691,0.0,-0.007375144560522346,0.6848191634204805,1.7405558597209754
2007-09-04,0.026172982853826632,-1.0,0.0,-0.026172982853826632,-0.02637298285382663,0.6667584393656203,1.78611139839358
2007-09-05,-0.02136449520807915,-1.0,0.01414998819498778,0.02136449520807915,0.02136449520807915,0.6810033968483934,1.7479520299815048
2007-09-06,0.008630245003303338,0.0,0.007019262201037114,0.0,-0.003509631100518557,0.6786133261472554,1.7630372842542665
2007-09-07,-0.016946104747911916,-1.0,0.022747052887098,0.016946104747911916,0.005572578304362917,0.6823949520455952,1.7331606697608195
2007-09-10,0.015702582832227474,0.0,0.016642274878225487,0.0,-0.008321137439112744,0.676716649861867,1.7603757687392976
2007-09-11,0.012098668000481538,-1.0,0.0,-0.012098668000481538,-0.012298668000481539,0.6683939364548178,1.781673970721367
2007-09-12,0.009131776919836687,-1.0,0.0,-0.009131776919836687,-0.009131776919836687,0.662290312132541,1.7979438199658742
2007-09-13,0.0026328266726802774,-1.0,0.005427336803300224,-0.0026328266726802774,-0.0026328266726802774,0.6605466165337007,1.802677494411061
2007-09-14,0.007384075464113682,-1.0,0.0065128891221843425,-0.007384075464113682,-0.007384075464113682,0.6556690904696509,1.8159886010672517
2007-09-17,-0.0021175916546116724,-1.0,0.004153967384398911,0.0021175916546116724,0.0021175916546116724,0.6570575298638163,1.8121430787607617
2007-09-18,0.024485883328581926,0.0,0.0,0.0,-0.0002,0.6569261183578435,1.856515002761995
2007-09-19,0.006054421359212858,-1.0,0.0,-0.006054421359212858,-0.006254421359212858,0.6528174256117615,1.8677551268484163
2007-09-20,-0.008076991590670324,0.0,0.008360747741907856,-0.0,-0.004180373870953928,0.6500884047032307,1.8526692843954302
2007-09-21,0.0075042081600524835,1.0,0.004235707949860032,0.0075042081600524835,0.005386354185122467,0.6535900111026035,1.866572100357269
2007-09-24,-0.017115441153841227,0.0,0.0,-0.0,-0.0002,0.653459293100383,1.8346248954142024
2007-09-25,-0.0017736645071425583,1.0,0.0011871955647077778,-0.0017736645071425583,-0.002367262289496447,0.6519123835581054,1.831370886353286
2007-09-26,0.013244489322510322,1.0,0.0,0.013244489322510322,0.013244489322510322,0.6605466301613531,1.8556264585031483
2007-09-27,-0.014665836765515583,0.0,0.0024320275916305725,-0.0,-0.0012160137958152862,0.6597433963462975,1.8284121437649694
2007-09-28,-0.015045720060799184,1.0,0.0,-0.015045720060799184,-0.015245720060799184,0.649685133213641,1.800902366494116
2007-10-01,0.02233910499003744,1.0,0.015536513929139057,0.02233910499003744,0.02233910499003744,0.664198517614967,1.8411329135360348
2007-10-02,-0.0008036711382387596,0.0,0.0024369919028117693,-0.0,-0.0012184959514058846,0.6633891944103233,1.8396532481517645
2007-10-03,0.00112563958005385,1.0,0.002717927758996531,0.00112563958005385,-0.0002333242994444157,0.6632344095912784,1.8417240346614587
2007-10-04,0.0036944019335569678,0.0,0.0,0.0,-0.0002,0.6631017627093602,1.8485281034961905
2007-10-05,0.0054407036800399045,0.0,0.0,0.0,0.0,0.6631017627093602,1.8585853971515394
2007-10-08,-0.0079579749217088,0.0,0.008057085500739794,-0.0,-0.0,0.6631017627093602,1.8437948211711532
2007-10-09,0.019091719750912173,1.0,0.005314550334647282,0.019091719750912173,0.01643444458358853,0.6739994718818869,1.878996035175136
2007-10-10,-0.007398961808063764,0.0,0.009434099100774898,-0.0,-0.004717049550387449,0.6708201829760851,1.865093415273372
2007-10-11,-0.0014275401937187127,1.0,0.009441613952393381,-0.0014275401937187127,-0.006148347169915403,0.666695747602562,1.862430919458029
2007-10-12,0.009211954539324996,1.0,0.006521376697490728,0.009211954539324996,0.009211954539324996,0.6728373185210381,1.8795875484207096
2007-10-15,-0.006137714026190566,0.0,0.009542326055841356,-0.0,-0.004771163027920678,0.6696271019831053,1.8680511775613147
2007-10-16,0.0014253848649337097,1.0,0.004056503244678156,0.0014253848649337097,-0.0006028667574053681,0.669223406063462,1.8707138694367322
2007-10-17,0.0,0.0,0.007990985068850008,0.0,-0.003995492534425004,0.666549528940673,1.8707138694367322
2007-10-18,-0.01059494207115963,0.0,0.0013797468400384928,-0.0,-0.0,0.666549528940673,1.8508937643583352
2007-10-19,-0.030046580446127402,1.0,0.0,-0.030046580446127402,-0.0302465804461274,0.6463886849922406,1.795280735970307
2007-10-22,0.008733301597317666,1.0,0.0,0.008733301597317666,0.008733301597317666,0.6520337923273714,1.81095946408939
2007-10-23,0.00898399633291258,0.0,0.0,0.0,-0.0002,0.6519033855689059,1.8272291172738224
2007-10-24,0.0019428651504371786,0.0,0.005277854492143723,0.0,0.0,0.6519033855689059,1.8307791770476378
2007-10-25,0.042494587618046475,0.0,0.0,0.0,0.0,0.6519033855689059,1.9085773831959836
2007-10-26,0.03270264506521858,0.0,0.0,0.0,0.0,0.6519033855689059,1.9709929119381455
2007-10-29,0.007204313536101958,0.0,0.0,0.0,0.0,0.6519033855689059,1.9851925628531826
2007-10-30,-0.0020860348646921656,0.0,0.014271323651954902,-0.0,-0.0,0.6519033855689059,1.9810513819539433
2007-10-31,0.02165155693987164,1.0,0.0,0.02165155693987164,0.021451556939871642,0.6658877281637324,2.0239442287511307
2007-11-01,-0.028646871157276488,0.0,0.01347424036005439,-0.0,-0.006737120180027195,0.6614015625126881,1.9659645592005837
2007-11-02,0.001956148369291366,1.0,0.011921066418714708,0.001956148369291366,-0.004004384840065988,0.6587530561225664,1.9698102775671484
2007-11-05,0.010361926920675613,0.0,0.0212517981465678,0.0,-0.0106258990732839,0.6517532126339907,1.990221307710895
2007-11-06,0.000891826376289595,0.0,0.013262445699035457,0.0,0.0,0.6517532126339907,1.991996239567765
2007-11-07,-0.019156345606533454,0.0,0.01566716036164023,-0.0,-0.0,0.6517532126339907,1.95383687115569
2007-11-08,0.02528352563508851,1.0,0.016763443975526683,0.02528352563508851,0.01690180364732517,0.6627690174604438,2.003236755774336
2007-11-09,0.01727737920094463,0.0,0.0,0.0,-0.0002,0.6626364636569517,2.037847436833119
2007-11-12,-0.0040644622207342,0.0,0.0,-0.0,-0.0,0.6626364636569517,2.029564682914491
2007-11-13,-0.01486666649278301,1.0,0.0,-0.01486666649278301,-0.01506666649278301,0.6526527410530754,1.9993918216480702
2007-11-14,-0.006213856975581078,1.0,0.008861496625690366,-0.006213856975581078,-0.006213856975581078,0.6485972502654506,1.9869678868302025
2007-11-15,0.0011908843912640243,1.0,0.0044187894228132265,0.0011908843912640243,0.0011908843912640243,0.6493696546070085,1.9893341358725716
2007-11-16,0.010706196409145496,0.0,0.0,0.0,-0.0002,0.6492397806760871,2.010632337854641
2007-11-19,-0.005737487914650008,0.0,0.007551793074715897,-0.0,-0.0,0.6492397806760871,1.9990963591153954
2007-11-20,0.023231557658007995,1.0,0.0,0.023231557658007995,0.023031557658007996,0.6641927841186009,2.0455384814460986
2007-11-21,-0.010267872161842995,0.0,0.0012565414351731867,-0.0,-0.0006282707175865933,0.6637754912415069,2.0245351538164797
2007-11-23,0.0007308667283356662,1.0,0.0,0.0007308667283356662,0.0005308667283356663,0.6641278675648917,2.0260148192007503
2007-11-26,-0.010512265616298144,0.0,0.00789600866797284,-0.0,-0.00394800433398642,0.6615058878654243,2.0047168132787556
2007-11-27,0.002508260869692691,1.0,0.0,0.002508260869692691,0.002308260869692691,0.6630328160214554,2.0097451660163177
2007-11-28,0.01851002764700027,0.0,0.0,0.0,-0.0002,0.6629002094582511,2.046945604602705
2007-11-29,0.007269357495881312,0.0,0.0,0.0,0.0,0.6629002094582511,2.0618255839771846
2007-11-30,0.006928675926265004,0.0,0.0,0.0,0.0,0.6629002094582511,2.076111305265045
2007-12-03,0.024082837928866674,0.0,0.0,0.0,0.0,0.6629002094582511,2.1261099573520306
2007-12-04,0.009658179653299515,0.0,0.0,0.0,0.0,0.6629002094582511,2.1466443092828054
2007-12-05,0.005961597459327228,0.0,0.01682657343144657,0.0,0.0,0.6629002094582511,2.159441738543105
2007-12-06,-0.02273949663452146,0.0,0.022335249428496413,-0.0,-0.0,0.6629002094582511,2.110337120397059
2007-12-07,0.004089382794639773,1.0,0.006623159102019239,0.004089382794639773,0.0007778032436301535,0.6634158153913708,2.1189670967081002
2007-12-10,0.0004213645326907045,0.0,0.005245883096607283,0.0,-0.0026229415483036414,0.6616757144853791,2.1198599542885916
2007-12-11,-0.02934158862436087,0.0,0.0019445421788294999,-0.0,-0.0,0.6616757144853791,2.0576598955685994
2007-12-12,0.00014435379428467954,1.0,0.02123763602373142,0.00014435379428467954,-0.01047446421758103,0.6547450158903596,2.057956926581872
2007-12-13,0.012581356392563858,0.0,0.009781708763767475,0.0,-0.004890854381883737,0.6515427533603757,2.083848816115744
2007-12-14,-0.008997213562169426,0.0,0.002554542480029692,-0.0,-0.0,0.6515427533603757,2.0650999832858767
2007-12-17,-0.008070353392330198,1.0,0.0,-0.008070353392330198,-0.008270353392330199,0.6461542645398736,2.0484338966302644
2007-12-18,0.017870325500854767,1.0,0.0,0.017870325500854767,0.017870325500854767,0.6577012515709665,2.0850400771300315
2007-12-19,-0.007137013738046205,0.0,0.006134845609338046,-0.0,-0.003067422804669023,0.6556838037532383,2.0701591174551774
2007-12-20,-0.006181573663673889,1.0,0.0,-0.006181573663673889,-0.006381573663673889,0.6514995092595092,2.0573622763751023
2007-12-21,-0.01084916134036873,1.0,0.012292607628331587,-0.01084916134036873,-0.01084916134036873,0.6444312859703817,2.0350416211031206
2007-12-24,0.00043874168038260386,1.0,0.003645682080137042,0.00043874168038260386,0.00043874168038260386,0.6447140248356794,2.035934478683612
2007-12-26,0.002485208832848418,0.0,0.008070390933792866,0.0,-0.004035195466896433,0.642112477725218,2.0409942010331372
2007-12-27,-0.0021874064905579305,0.0,0.006362031808190424,-0.0,-0.0,0.642112477725218,2.0365297170706063
2007-12-28,0.0027765706382636424,1.0,0.006204312951480396,0.0027765706382636424,-0.00032558583747655575,0.6419034149964037,2.042184285686976
2007-12-31,-0.012241224295238662,0.0,0.0,-0.0,-0.0002,0.6417750343134044,2.01718544979367
2008-01-02,-0.021097604156208094,1.0,0.0,-0.021097604156208094,-0.021297604156208093,0.6281067636752607,1.9746276696642604
2008-01-03,0.00934404893629015,1.0,0.01927896563830341,0.00934404893629015,0.00934404893629015,0.6339758240122573,1.993078687240556
2008-01-04,0.02762468874355628,0.0,0.011702021118533792,0.0,-0.005851010559266896,0.6302664247716416,2.048136865616992
2008-01-07,0.046643289086195194,0.0,0.0,0.0,0.0,0.6302664247716416,2.143668705528059
2008-01-08,-0.006664146027331563,0.0,0.010528564462477848,-0.0,-0.0,0.6302664247716416,2.1293829842401992
2008-01-09,-0.0012572657623192152,1.0,0.0,-0.0012572657623192152,-0.0014572657623192153,0.6293479590896826,2.126705783919249
2008-01-10,0.007695984637531295,1.0,0.0,0.007695984637531295,0.007695984637531295,0.6341914113144984,2.14307287896084
2008-01-11,-0.010414799790864127,0.0,0.019462038009672968,-0.0,-0.009731019004836484,0.6280200826382929,2.1207532039892323
2008-01-14,0.0004210096577064171,1.0,0.005681633884893488,0.0004210096577064171,-0.0024198072847403268,0.6265003950673615,2.1216460615697237
2008-01-15,-0.003927677433472665,0.0,0.002734454514397987,-0.0,-0.0013672272571989936,0.6256438266505795,2.11331292021188
2008-01-16,-0.0450638538886835,1.0,0.0,-0.0450638538886835,-0.0452638538886835,0.5973247758947109,2.018078895554385
2008-01-17,-0.03672038321348359,1.0,0.0,-0.03672038321348359,-0.03672038321348359,0.5753907812209489,1.9439742651545842
2008-01-18,-0.02480112094595799,1.0,0.0,-0.02480112094595799,-0.02480112094595799,0.5611204448646989,1.8957615242886554
2008-01-22,-0.04442674120093004,1.0,0.0,-0.04442674120093004,-0.04442674120093004,0.5361916920781442,1.8115390176704027
2008-01-23,0.03187111635706463,1.0,0.013999838721946425,0.03187111635706463,0.03187111635706463,0.5532807198860581,1.8692747884879386
2008-01-24,-0.020857033116800427,0.0,0.01570532791913965,-0.0,-0.007852663959569826,0.548935992317484,1.8302872623200455
2008-01-25,-0.006991283337434262,1.0,0.02289580250694371,-0.006991283337434262,-0.018439184590906117,0.5388140602265498,1.8174912054802692
2008-01-28,0.01784807951350542,1.0,0.021939880579918112,0.01784807951350542,0.01784807951350542,0.5484308564164679,1.849929933030778
2008-01-29,0.006917367404848385,0.0,0.0,0.0,-0.0002,0.5483211702451847,1.8627265780507785
2008-01-30,0.0006391044117886047,0.0,0.008543800729472792,0.0,0.0,0.5483211702451847,1.8639170548247666
2008-01-31,0.02746299069924918,0.0,0.011317258376360526,0.0,0.0,0.5483211702451847,1.9151057915655911
2008-02-01,0.015229084821652528,0.0,0.0,0.0,0.0,0.5483211702451847,1.9442711001077815
2008-02-04,0.021736037280909004,0.0,0.0,0.0,0.0,0.5483211702451847,1.9865318492239181
2008-02-05,-0.04254657474772905,0.0,0.0,-0.0,-0.0,0.5483211702451847,1.9020117234121683
2008-02-06,0.0012511895474853763,0.0,0.021166722454086725,0.0,0.0,0.5483211702451847,1.9043915005996963
2008-02-07,-0.004375338324562161,-1.0,0.0,0.004375338324562161,0.004175338324562162,0.5506105966414782,1.896059143482152
2008-02-08,-0.0075339110789823804,0.0,0.007535667779881206,-0.0,-0.003767833889940603,0.548535987375292,1.881774402494666
2008-02-11,0.004428134013645391,0.0,0.011411797185525794,0.0,0.0,0.548535987375292,1.89010715173236
2008-02-12,0.009289920002688579,-1.0,0.0,-0.009289920002688579,-0.00948992000268858,0.5433304247365046,1.9076660959684633
2008-02-13,0.005460016065762741,-1.0,0.00038295773488260606,-0.005460016065762741,-0.005460016065762741,0.5403638318884256,1.918081983500562
2008-02-14,-0.011481699013833446,-1.0,0.009375025041567678,0.011481699013833446,0.011481699013833446,0.5465681267641301,1.8960591434821519
2008-02-15,0.015382377086007315,0.0,0.010591408861100653,0.0,-0.005295704430550326,0.5436736635136278,1.9252250402045663
2008-02-19,-0.004328602269326187,-1.0,0.0,0.004328602269326187,0.0041286022693261875,0.545918275834583,1.9168915067265733
2008-02-20,0.00558930688994308,0.0,0.005641440285377142,0.0,-0.002820720142688571,0.5443783931576746,1.9276056016323935
2008-02-21,-0.01404994797954251,-1.0,0.015890555977709945,0.01404994797954251,0.006104669990687537,0.5477016435979629,1.9005228432043837
2008-02-22,0.011274788844651162,0.0,0.008338784126948726,0.0,-0.004169392063474363,0.5454180607119937,1.9219508369559493
2008-02-25,0.0027871438019102523,-1.0,0.0,-0.0027871438019102523,-0.0029871438019102524,0.543788818532488,1.9273075903187473
2008-02-26,0.0013898003385286462,-1.0,0.01560665088060831,-0.0013898003385286462,-0.0013898003385286462,0.5430330606484034,1.929986163060221
2008-02-27,-0.001164280117608496,-1.0,0.007518012829344714,0.001164280117608496,0.001164280117608496,0.5436653032441203,1.9277391185433106
2008-02-28,-0.01865406071158693,0.0,0.0,-0.0,-0.0002,0.5435565701834715,1.8917789559899025
2008-02-29,-0.04498674263465885,0.0,0.0,-0.0,-0.0,0.5435565701834715,1.8066739829751213
2008-03-03,0.017582176692096496,0.0,0.006382050440539323,0.0,0.0,0.5435565701834715,1.8384392441688036
2008-03-04,0.01303999885676732,-1.0,0.0,-0.01303999885676732,-0.013239998856767321,0.536359881815654,1.8624124898110008
2008-03-05,0.0003213957227734543,-1.0,0.018172413932320563,-0.0003213957227734543,-0.0003213957227734543,0.5361874980437712,1.8630110612192659
2008-03-06,-0.0262183277511443,-1.0,0.0,0.0262183277511443,0.0262183277511443,0.5502454376035488,1.814166026612212
2008-03-07,-0.004129745308416699,0.0,0.0,-0.0,-0.0002,0.5501353885160282,1.8066739829751213
2008-03-10,-0.008127055095551783,0.0,0.00486728454232905,-0.0,-0.0,0.5501353885160282,1.7919910439757825
2008-03-11,0.018060374113376243,0.0,0.0,0.0,0.0,0.5501353885160282,1.8243550726378048
2008-03-12,-0.002628241212705107,-1.0,0.0,0.002628241212705107,0.002428241212705107,0.5514712499389903,1.8195602274492906
2008-03-13,0.012022572615252525,0.0,0.010855806332359743,0.0,-0.0054279031661798715,0.5484779173953893,1.841436022411625
2008-03-14,-0.00016311402127910934,-1.0,0.0198603812860699,0.00016311402127910934,-0.00976707662175584,0.5431208915508475,1.8411356583770813
2008-03-17,0.011230507383338306,0.0,0.023451726940879065,0.0,-0.011725863470439532,0.5367523301285788,1.8618125459822126
2008-03-18,0.0004830387274483705,-1.0,0.0013424651990928866,-0.0004830387274483705,-0.0011542713269948137,0.5361327723042137,1.8627118735451713
2008-03-19,-0.0217181434670215,-1.0,0.026944007959638822,0.0217181434670215,0.0217181434670215,0.5477765807704886,1.8222572298377928
2008-03-20,0.000986725099097585,0.0,0.0,0.0,-0.0002,0.5476670254543345,1.8240552967834858
2008-03-24,0.025300011726702598,-1.0,0.0,-0.025300011726702598,-0.025500011726702597,0.5337015098829206,1.870203917182262
2008-03-25,0.0030439463197822203,-1.0,0.0,-0.0030439463197822203,-0.0030439463197822203,0.5320769511360504,1.8758967175132113
2008-03-26,0.0014375046574670591,-1.0,0.011709509572120252,-0.0014375046574670591,-0.0014375046574670591,0.5313120880406614,1.8785933277815636
2008-03-27,0.009252198169368953,-1.0,0.0,-0.009252198169368953,-0.009252198169368953,0.526396283312328,1.8959744455298528
2008-03-28,-0.020704884764034537,-1.0,0.008228981830937133,0.020704884764034537,0.020704884764034537,0.5372952576985258,1.856718513119603
2008-03-31,0.012588817221605098,0.0,0.00855330565985925,0.0,-0.004276652829929625,0.5349974324141816,1.880092403113236
2008-04-01,0.0342683653116278,-1.0,0.0,-0.0342683653116278,-0.0344683653116278,0.5165569454729467,1.9445200964027365
2008-04-02,0.013561328661549243,-1.0,0.0,-0.013561328661549243,-0.013561328661549243,0.5095517469629821,1.9708903725190414
2008-04-03,0.00015180330589004143,-1.0,0.007062879245234206,-0.00015180330589004143,-0.00015180330589004143,0.5094743953232711,1.9711895601931366
2008-04-04,0.002584342483117119,-1.0,0.0,-0.002584342483117119,-0.002584342483117119,0.5081577389993768,1.9762837891158207
2008-04-07,-0.002880657333920289,-1.0,0.0075596900334378835,0.002880657333920289,0.002880657333920289,0.5096215673170137,1.9705907927247965
2008-04-08,0.005930581315962691,0.0,0.011727606449221656,0.0,-0.005863803224610828,0.506633246727249,1.9822775416615384
2008-04-09,-0.0022678264571247553,-1.0,0.005353874516190169,0.0022678264571247553,-0.0004091108009703294,0.5064259775938822,1.9777820802071941
2008-04-10,-0.012878640608753322,0.0,0.0,-0.0,-0.0002,0.5063246923983634,1.9523109355937731
2008-04-11,-0.004758218700308681,0.0,0.004309524320235512,-0.0,-0.0,0.5063246923983634,1.9430214131912136
2008-04-14,-0.00447250179282499,0.0,0.0017463329820574058,-0.0,-0.0,0.5063246923983634,1.9343312464372184
2008-04-15,0.007900861269896975,0.0,0.001960799062815675,0.0,0.0,0.5063246923983634,1.9496141292653457
2008-04-16,0.035044880999657746,-1.0,0.0,-0.035044880999657746,-0.035244880999657745,0.4884793388675948,2.0179381244207013
2008-04-17,-0.0005942220937137366,-1.0,0.0,0.0005942220937137366,0.0005942220937137366,0.4887696040830726,2.0167390210034233
2008-04-18,-0.012778704790006756,0.0,0.006284106729456933,-0.0,-0.0031420533647284663,0.4872338639039863,1.9909677084155333
2008-04-21,0.002558275888079775,0.0,0.00323230457062455,0.0,0.0,0.4872338639039863,1.9960611530979182
2008-04-22,-0.0036023461660674716,-1.0,0.010289835385839455,0.0036023461660674716,-0.0015425715268522558,0.48648227081860984,1.9888706498558197
2008-04-23,0.0201896849329517,0.0,0.0,0.0,-0.0002,0.4863849743644461,2.0290253216488034
2008-04-24,-0.010633783096682392,0.0,0.011968183525671514,-0.0,-0.0,0.4863849743644461,2.007449106480714
2008-04-25,-0.005373989068604645,1.0,0.004182097275131084,-0.005373989068604645,-0.007465037706170187,0.4827540921911009,1.9966610969267062
2008-04-28,-0.0028514546208853186,1.0,0.006470418522666174,-0.0028514546208853186,-0.0028514546208853186,0.4813775408041713,1.9909677084155326
2008-04-29,0.007224699519029487,1.0,0.008561270975469545,0.007224699519029487,0.007224699519029487,0.4848553488916908,2.0053518518609255
2008-04-30,-0.00941431634652723,0.0,0.010233973474924649,-0.0,-0.005116986737462324,0.48237435050182437,1.9864728351414125
2008-05-01,0.01900767472433773,1.0,0.015200172955879191,0.01900767472433773,0.011407588246398134,0.48787707847297296,2.0242310646405133
2008-05-02,0.013323202136268364,0.0,0.0,0.0,-0.0002,0.48777950305727835,2.0512003042852327
2008-05-05,-0.018991692012914063,0.0,0.0,-0.0,-0.0,0.48777950305727835,2.0122445398494517
2008-05-06,-0.006851135607197967,1.0,0.0,-0.006851135607197967,-0.007051135607197966,0.48434010363480984,1.9984583796320994
2008-05-07,-0.02728956041993935,1.0,0.0,-0.02728956041993935,-0.02728956041993935,0.471122675112868,1.943921328934395
2008-05-08,0.007707167183379271,1.0,0.007849777209443944,0.007707167183379271,0.007707167183379271,0.47475369633384373,1.9589034556078293
2008-05-09,-0.0019888217229655503,0.0,0.012437270155898522,-0.0,-0.006218635077949261,0.47180137634443603,1.955007545862124
2008-05-12,0.007051215708172354,1.0,0.007005979045382559,0.007051215708172354,0.0035482261854810743,0.4734754343423274,1.9687927257791027
2008-05-13,-0.0149161757428935,0.0,0.01453740655993588,-0.0,-0.00726870327996794,0.4700338818997391,1.9394258674800513
2008-05-14,0.003707946564485809,1.0,0.015153132741290374,0.003707946564485809,-0.003868619806159378,0.4682154995146558,1.946617154962449
2008-05-15,-0.01000626770313906,0.0,0.0017993594651045087,-0.0,-0.0008996797325522543,0.46779425551927567,1.9271387825943718
2008-05-16,0.0009333293181386093,1.0,0.001615305293999766,0.0009333293181386093,0.00012567667113872632,0.4678530463440872,1.928937437720289
2008-05-19,0.025167042706298215,0.0,0.0,0.0,-0.0002,0.4677594757348184,1.977483088593173
2008-05-20,-0.004394658474805135,0.0,0.0,-0.0,-0.0,0.4677594757348184,1.9687927257791031
2008-05-21,0.0050227135957827684,1.0,0.007073301844921452,0.0050227135957827684,0.0014860626733220425,0.4684545956318006,1.978681407770152
2008-05-22,0.008026677975708107,0.0,0.012234969660671008,0.0,-0.006117484830335504,0.4655888317493221,1.994563646246844
2008-05-23,-0.016225628308500384,0.0,0.01360315959444859,-0.0,-0.0,0.4655888317493221,1.9622005978851953
2008-05-27,0.004886712442646823,1.0,0.009744376944792165,0.004886712442646823,1.4523970250740655e-05,0.4655955939476635,1.9717893079618498
2008-05-28,0.005319145233893652,0.0,0.008364140483777024,0.0,-0.004182070241888512,0.4636484404694605,1.9822775416615375
2008-05-29,0.018896575679967054,0.0,0.0,0.0,0.0,0.4636484404694605,2.0197357992462437
2008-05-30,0.0017800118175621549,0.0,0.003288630949219314,0.0,0.0,0.4636484404694605,2.0233309528372554
2008-06-02,-0.01555045691095136,0.0,0.0,-0.0,-0.0,0.4636484404694605,1.9918672320385655
2008-06-03,-0.009929352641682043,1.0,0.009598650021275294,-0.009929352641682043,-0.01472867765231969,0.45681951204578514,1.9720892798762435
2008-06-04,0.0003822600706639978,1.0,0.008901723294848812,0.0003822600706639978,0.0003822600706639978,0.4569941359047405,1.9728431308637246
2008-06-05,0.008870311997823288,0.0,0.01434624152945249,0.0,-0.007173120764726245,0.45371606177912405,1.9903428649572483
2008-06-06,-0.02971098729385102,0.0,0.010882861963496901,-0.0,-0.0,0.45371606177912405,1.9312078133860964
2008-06-09,0.0029685032063693217,1.0,0.0031466410932383146,0.0029685032063693217,0.0013951826597501645,0.45434907856096846,1.9369406099722986
2008-06-10,0.005607368602825069,0.0,0.007109831609007334,0.0,-0.003554915804503667,0.4527339058408304,1.947801749934194
2008-06-11,-0.006195645795316396,0.0,0.008532027687726602,-0.0,-0.0,0.4527339058408304,1.9357338602121044
2008-06-12,0.021040766351870577,1.0,0.0,0.021040766351870577,0.020840766351870578,0.4621692273920289,1.9764631840842317
2008-06-13,0.029155911184966854,0.0,0.0,0.0,-0.0002,0.4620767935465505,2.0340887691397485
2008-06-16,-0.0038562581880906555,0.0,0.010309600736924046,-0.0,-0.0,0.4620767935465505,2.02624479766845
2008-06-17,0.005956080882330239,1.0,0.0,0.005956080882330239,0.0057560808823302395,0.46473654494405225,2.0383132755707645
2008-06-18,-0.00725281927703425,0.0,0.009060127954270938,-0.0,-0.004530063977135469,0.4626312586629428,2.02352975775307
2008-06-19,0.006113089392390414,1.0,0.0,0.006113089392390414,0.005913089392390414,0.4653668386511309,2.0358997760503765
2008-06-20,-0.015856802073870746,0.0,0.013726420247776941,-0.0,-0.0068632101238884705,0.46217292825277845,2.003616916259308
2008-06-23,0.007077125738166989,1.0,0.011269634279852852,0.007077125738166989,0.0014423085982405636,0.4628395242410714,2.0177967651067936
2008-06-24,-0.012409579072589105,0.0,0.0,-0.0,-0.0002,0.4627469563362232,1.9927567565977864
2008-06-25,-0.00151475632995679,1.0,0.005167226694182189,-0.00151475632995679,-0.004098369677047884,0.4608504482422286,1.9897382156866656
2008-06-26,-0.03229691933332779,1.0,0.0,-0.03229691933332779,-0.03229691933332779,0.44596639849062136,1.9254758010401938
2008-06-27,-0.004700511544524777,1.0,0.0,-0.004700511544524777,-0.004700511544524777,0.44387012828604605,1.9164250798087012
2008-06-30,0.03243061693151583,1.0,0.0025038060927138777,0.03243061693151583,0.03243061693151583,0.4582651103838336,1.9785759274499268
2008-07-01,0.001981929276011707,0.0,0.007479078577586925,0.0,-0.0037395392887934623,0.45655140999887,1.982497325005352
2008-07-02,0.000761297600013755,0.0,0.0013838518401363923,0.0,0.0,0.45655140999887,1.9840065954609123
2008-07-03,-0.013838198205996965,0.0,0.016348714151427333,-0.0,-0.0,0.45655140999887,1.956551518950919
2008-07-07,-0.002929851021314267,1.0,0.0,-0.002929851021314267,-0.003129851021314267,0.4551224721020026,1.9508191144848668
2008-07-08,0.020723692574624142,1.0,0.010599226236718455,0.020723692574624142,0.020723692574624142,0.46455429029764744,1.9912472900821516
2008-07-09,0.016060357342310816,0.0,0.0,0.0,-0.0002,0.46446137943958793,2.023227433117779
2008-07-10,0.015061399732892111,0.0,0.0,0.0,0.0,0.46446137943958793,2.053700070238519
2008-07-11,-0.0023503914280021965,0.0,0.007076647630142531,-0.0,-0.0,0.46446137943958793,2.0488730711977428
2008-07-14,-0.006331917447566449,1.0,0.017020284430135632,-0.006331917447566449,-0.014842059662634265,0.45756781593495616,2.0358997760503765
2008-07-15,-0.009780662883239977,1.0,0.0,-0.009780662883239977,-0.009780662883239977,0.45309249938107593,2.015987326676764
2008-07-16,-0.009428059212848838,1.0,0.01042736339903498,-0.009428059212848838,-0.009428059212848838,0.44882071646801347,1.9969804787885024
2008-07-17,-0.02689289163849118,1.0,0.0,-0.02689289163849118,-0.02689289163849118,0.4367506295749292,1.943275899168261
2008-07-18,0.012420655118958734,1.0,0.028963283711476256,0.012420655118958734,0.012420655118958734,0.4421753585178675,1.9674126589128145
2008-07-21,0.003220311350244698,0.0,0.008315952011342857,0.0,-0.0041579760056714285,0.440336803986851,1.9737483402289264
2008-07-22,0.004891299435118013,0.0,0.0,0.0,0.0,0.440336803986851,1.9834025343705532
2008-07-23,-0.030118323893122967,0.0,0.0,-0.0,-0.0,0.440336803986851,1.92366577442994
2008-07-24,-0.008783264404816582,1.0,0.0,-0.008783264404816582,-0.008983264404816583,0.4363811420494652,1.9067697093066256
2008-07-25,-0.0020567715421704325,1.0,0.010716129640273051,-0.0020567715421704325,-0.0020567715421704325,0.43548360573495803,1.902847919631051
2008-07-28,0.005866507965177847,1.0,0.011535062409376627,0.005866507965177847,0.005866507965177847,0.4380383737767065,1.9140109921080888
2008-07-29,0.004886518335199375,0.0,0.005514608050449961,0.0,-0.0027573040252249804,0.436830568805489,1.923363841914798
2008-07-30,0.006588023698903767,0.0,0.0,0.0,0.0,0.436830568805489,1.9360350084869473
2008-07-31,0.005610295317236336,0.0,0.009293228342751196,0.0,0.0,0.436830568805489,1.9468967366290673
2008-08-01,-0.050983962603409094,0.0,0.004955070905677682,-0.0,-0.0,0.436830568805489,1.8476362262160717
2008-08-04,-0.026126965191529905,1.0,0.0,-0.026126965191529905,-0.026326965191529904,0.4253301456259507,1.7993630988471148
2008-08-05,-0.010730897180104892,0.0,0.0,-0.0,-0.0002,0.4252450795968255,1.7800543184437114
2008-08-06,-0.03033926059190495,0.0,0.0,-0.0,-0.0,0.4252450795968255,1.726048786608702
2008-08-07,0.032861852092870736,0.0,0.022884377699987413,0.0,0.0,0.4252450795968255,1.782769946539316
2008-08-08,0.016246052723321247,-1.0,0.01054208043276714,-0.016246052723321247,-0.021517092939704816,0.4160950416969884,1.8117329210843465
2008-08-11,0.010658280003155607,-1.0,0.0,-0.010658280003155607,-0.010658280003155607,0.4116601842346572,1.8310428778481984
2008-08-12,-0.02718746684001494,-1.0,0.0,0.02718746684001494,0.02718746684001494,0.4228521818428914,1.781261460324055
2008-08-13,0.017784804525648346,0.0,0.017777228974475534,0.0,-0.008888614487237767,0.4190936118134026,1.8129408472049893
2008-08-14,-0.015643790154153847,-1.0,0.013243678807654879,0.015643790154153847,0.009021950750326408,0.42287465373895955,1.7845795810294205
2008-08-15,0.009805972353081893,0.0,0.00835555573613282,0.0,-0.00417777786806641,0.4211079773696027,1.8020791190628695
2008-08-18,0.007366182362243956,-1.0,0.0,-0.007366182362243956,-0.007566182362243956,0.4179217976186286,1.8153535624850785
2008-08-19,0.005817044076304789,-1.0,0.0,-0.005817044076304789,-0.005817044076304789,0.4154907281014325,1.8259135541721312
2008-08-20,0.0046266355174808815,-1.0,0.013275482552676188,-0.0046266355174808815,-0.0046266355174808815,0.4135684039416144,1.8343613906737137
2008-08-21,0.0049337764942920526,-1.0,0.008710598533435884,-0.0049337764942920526,-0.0049337764942920526,0.4115279498714654,1.8434117197850566
2008-08-22,0.005073982055416426,-1.0,0.0,-0.005073982055416426,-0.005073982055416426,0.40943986443851527,1.8527651577719904
2008-08-25,-0.014492718349771283,-1.0,0.0,0.014492718349771283,0.014492718349771283,0.41537376107499124,1.8259135541721314
2008-08-26,0.005122392484251392,0.0,0.008792023881242077,0.0,-0.0043960119406210385,0.41354777306148494,1.8352666000389155
2008-08-27,0.005713332797762982,-1.0,0.0,-0.005713332797762982,-0.005913332797762982,0.41110232745159864,1.8457520888975567
2008-08-28,0.006915710568388134,-1.0,0.006700214729654557,-0.006915710568388134,-0.006915710568388134,0.40825926274095264,1.85851677612537
2008-08-29,-0.017824690645101948,-1.0,0.008246003303608987,0.017824690645101948,0.017824690645101948,0.4155363578023076,1.825389289532203
2008-09-02,-0.017649269517806876,0.0,0.0,-0.0,-0.0002,0.4154532505307471,1.7931725019863312
2008-09-03,-0.03644092369634233,0.0,0.0,-0.0,-0.0,0.4154532505307471,1.727827639667068
2008-09-04,-0.007915353511833922,0.0,0.0021639400888842867,-0.0,-0.0,0.4154532505307471,1.7141512730915855
2008-09-05,-0.02375857687129923,0.0,0.0,-0.0,-0.0,0.4154532505307471,1.6734254783008036
2008-09-08,0.015619074220156293,0.0,0.0,0.0,0.0,0.4154532505307471,1.6995628350482843
2008-09-09,-0.031652350984278654,-1.0,0.006052333155716527,0.031652350984278654,0.02862618440642039,0.4273460918926871,1.6457676756735002
2008-09-10,0.01163422224461863,0.0,0.0,0.0,-0.0002,0.42726062267430853,1.6649149025752952
2008-09-11,0.011865832471822158,-1.0,0.01877431853874056,-0.011865832471822158,-0.02125299174119244,0.41818005618927473,1.6846705038890937
2008-09-12,0.009921765458374532,-1.0,0.0,-0.009921765458374532,-0.009921765458374532,0.41403097175239484,1.701385409503323
2008-09-15,-0.04519468930077142,-1.0,0.0,0.04519468930077142,0.04519468930077142,0.4327429728816408,1.6244918245399544
2008-09-16,-0.008979946616356593,0.0,0.0,-0.0,-0.0002,0.4326564242870645,1.609903974676878
2008-09-17,-0.055691689443264525,0.0,0.0,-0.0,-0.0,0.4326564242870645,1.5202457024856961
2008-09-18,0.0523787206542603,0.0,0.03552301232801529,0.0,0.0,0.4326564242870645,1.5998742274620341
2008-09-19,0.06326038610327234,-1.0,0.0,-0.06326038610327234,-0.06346038610327234,0.4051998805517462,1.701082888807957
2008-09-22,-0.04234437697484017,-1.0,0.0,0.04234437697484017,0.04234437697484017,0.42235781704398956,1.6290515936988228
2008-09-23,-0.00653025457756895,0.0,0.006911586318419551,-0.0,-0.0034557931592097755,0.4208982357891102,1.6184134720719752
2008-09-24,0.009389762645596988,0.0,0.0015660995154367112,0.0,0.0,0.4208982357891102,1.6336099904371675
2008-09-25,0.03162805557385817,-1.0,0.0,-0.03162805557385817,-0.03182805557385817,0.4075018633494755,1.6852778980007241
2008-09-26,-0.0023445383645492868,-1.0,0.024295840700260807,0.0023445383645492868,0.0023445383645492868,0.4084572671017237,1.6813266993139344
2008-09-29,-0.06706377151183784,0.0,0.0,-0.0,-0.0002,0.40837557564830335,1.5685705897143922
2008-09-30,-0.025383168640699227,0.0,0.02513740299299683,-0.0,-0.0,0.40837557564830335,1.5287552979108308
2008-10-01,-0.0021868878554366367,0.0,0.0,-0.0,-0.0,0.40837557564830335,1.5254120815158951
2008-10-02,-0.03685968332962741,0.0,0.01739543931705913,-0.0,-0.0,0.40837557564830335,1.4691858752440314
2008-10-03,0.0012406670563795963,0.0,0.014562474599949317,0.0,0.0,0.40837557564830335,1.471008645759145
2008-10-06,-0.07231342131283103,-1.0,0.0,0.07231342131283103,0.07211342131283102,0.4378249355888993,1.364634977803547
2008-10-07,-0.03162619660962407,0.0,0.0,-0.0,-0.0002,0.43773737060178153,1.3214767636951619
2008-10-08,-0.051287858415876464,0.0,0.0,-0.0,-0.0,0.43773737060178153,1.2537010505388937
2008-10-09,-0.05212148802231431,0.0,0.0018284415139379544,-0.0,-0.0,0.43773737060178153,1.188356286249668
2008-10-10,-0.05166226172458532,0.0,0.0,-0.0,-0.0,0.43773737060178153,1.1269631127673814
2008-10-13,0.1394285888257758,0.0,0.0,0.0,0.0,0.43773737060178153,1.284093989239241
2008-10-14,0.005443551542352321,-1.0,0.0,-0.005443551542352321,-0.00564355154235232,0.4352669771887766,1.2910840210548895
2008-10-15,-0.11746704134836816,-1.0,0.0,0.11746704134836816,0.11746704134836816,0.4863965011957899,1.1394242009694173
2008-10-16,0.08215515242555527,0.0,0.06576709889932504,0.0,-0.03288354944966252,0.4704020577965753,1.2330337698774263
2008-10-17,0.030811515423367686,-1.0,0.0,-0.030811515423367686,-0.031011515423367685,0.4558141771260329,1.2710254088955377
2008-10-20,0.11262477466460852,-1.0,0.0,-0.11262477466460852,-0.11262477466460852,0.4044782081382795,1.4141743591653895
2008-10-21,-0.061465504231997814,-1.0,0.04384569703139047,0.061465504231997814,0.061465504231997814,0.42933966515235383,1.3272514191073264
2008-10-22,-0.05472887974738894,0.0,0.0,-0.0,-0.0002,0.4292537972193234,1.25461243579645
2008-10-23,0.08769444560562789,0.0,0.006648940334958325,0.0,0.0,0.4292537972193234,1.3646349778035463
2008-10-24,-0.037862574691571727,-1.0,0.0817511672008522,0.037862574691571727,-0.0030130089088543713,0.427960451704142,1.312966384029728
2008-10-27,-0.05833302410398589,0.0,0.020455645397849907,-0.0,-0.010227822698924954,0.4235833480819602,1.2363770843023987
2008-10-28,0.1096362283996315,0.0,0.02319114398563236,0.0,0.0,0.4235833480819602,1.3719288047050469
2008-10-29,0.0013290476073426483,-1.0,0.0,-0.0013290476073426483,-0.0015290476073426484,0.4229356689770653,1.3737521634003846
2008-10-30,0.046460206040082275,-1.0,0.02619402614872442,-0.046460206040082275,-0.046460206040082275,0.40328599065469084,1.4375769719599754
2008-10-31,-0.0012684919075507395,-1.0,0.023990650209466585,0.0012684919075507395,0.0012684919075507395,0.4037975556702649,1.4357534172045627
2008-11-03,-0.013971201530295962,0.0,0.0,-0.0,-0.0002,0.4037167961591308,1.4156942168649866
2008-11-04,0.01610151845734431,0.0,0.0083356320870397,0.0,0.0,0.4037167961591308,1.438489043427794
2008-11-05,-0.02852344854102795,-1.0,0.04193846434666501,0.02852344854102795,0.007554216367695446,0.40676656018858964,1.3974583752207488
2008-11-06,-0.050891907002324044,0.0,0.0,-0.0,-0.0002,0.4066852068765519,1.3263390535493955
2008-11-07,0.07516072705502808,0.0,0.08725468417051484,0.0,0.0,0.4066852068765519,1.426027661135646
2008-11-10,-0.030477332402822244,-1.0,0.024312396974551734,0.030477332402822244,0.018321133915546378,0.41413614101320895,1.3825661420915958
2008-11-11,-0.024400902045911277,0.0,0.0,-0.0,-0.0002,0.4140533137850063,1.3488302810864252
2008-11-12,-0.024560595382473127,0.0,0.010339425206134767,-0.0,-0.0,0.4140533137850063,1.3157022063130341
2008-11-13,0.10972528314629026,0.0,0.010690308076218642,0.0,0.0,0.4140533137850063,1.4600680034369307
2008-11-14,-0.015404098592676552,-1.0,0.0034803263474482786,0.015404098592676552,0.013663935418952413,0.4197109115245679,1.4375769719599758
2008-11-17,-0.03530617625041099,0.0,0.04370540849117311,-0.0,-0.021852704245586555,0.410539093106376,1.3868216260144248
2008-11-18,0.02191475803364762,0.0,0.0,0.0,0.0,0.410539093106376,1.4172134863843606
2008-11-19,-0.042032641644343505,-1.0,0.039454627263445806,0.042032641644343505,0.022305328012620602,0.4196963022401175,1.3576442597776361
2008-11-20,-0.03738500836289682,0.0,0.0,-0.0,-0.0002,0.4196123629796695,1.3068887177720103
2008-11-21,0.12488304965835462,0.0,0.02572670857136539,0.0,0.0,0.4196123629796695,1.4700969664114756
2008-11-24,-0.0002062495961528965,-1.0,0.0,0.0002062495961528965,6.249596152896499e-06,0.4196149853874788,1.4697937595058477
2008-11-25,0.001147645948523568,0.0,0.03353927431440496,0.0,-0.01676963715720248,0.412578194336806,1.4714805623591098
2008-11-26,0.010214445121673688,-1.0,0.014108881594563706,-0.010214445121673688,-0.01726888591895554,0.405453428566155,1.4865109198109365
2008-11-28,0.006191179524488222,-1.0,0.0,-0.006191179524488222,-0.006191179524488222,0.4029431936010827,1.495714175780598
2008-12-01,-0.07096056925438299,-1.0,0.0,0.07096056925438299,0.07096056925438299,0.43153627199619465,1.3895774464253565
2008-12-02,0.010817412070828647,0.0,0.0,0.0,-0.0002,0.4314499647417954,1.4046090782676695
2008-12-03,0.024677852040785764,-1.0,0.033391948648395536,-0.024677852040785764,-0.04137382636498353,0.41359922881539013,1.4392718132763034
2008-12-04,-0.04987220019252214,-1.0,0.043283399107161856,0.04987220019252214,0.04987220019252214,0.4342263323543441,1.3674921612731332
2008-12-05,0.03970386228374667,0.0,0.030962239803961022,0.0,-0.015481119901980511,0.4275040224385693,1.4217868817184247
2008-12-08,-0.011434139313427627,-1.0,0.0,0.011434139313427627,0.011234139313427626,0.43230666218369485,1.4055299724388524
2008-12-09,-0.008512145700984575,0.0,0.006179426778507938,-0.0,-0.003089713389253969,0.4309709585012822,1.393565896526352
2008-12-10,-0.002201087065479612,0.0,0.013555487709645583,-0.0,-0.0,0.4309709585012822,1.3904985366566143
2008-12-11,0.007500980125155765,0.0,0.005065377109293512,0.0,0.0,0.4309709585012822,1.4009286385441337
2008-12-12,0.013575227716273508,-1.0,0.017712800691133204,-0.013575227716273508,-0.02243162806184011,0.4213035782547267,1.4199465638266193
2008-12-15,-0.01987495729146893,-1.0,0.022773304774451414,0.01987495729146893,0.01987495729146893,0.4296769688792824,1.3917251865143971
2008-12-16,0.05774764198954063,0.0,0.0,0.0,-0.0002,0.4295910334855066,1.4720940343330573
2008-12-17,-0.01354439521428219,-1.0,0.020709945395100578,0.01354439521428219,0.003189422516731901,0.4309611808006914,1.4521554109394632
2008-12-18,0.06273777503191025,0.0,0.0,0.0,-0.0002,0.43087498856453127,1.5432604104223544
2008-12-19,0.001590194330970629,-1.0,0.0,-0.001590194330970629,-0.001790194330970629,0.430103638602646,1.5457144943782195
2008-12-22,0.010716167492106132,-1.0,0.028394853022774235,-0.010716167492106132,-0.010716167492106132,0.42549457597241575,1.5622786297949527
2008-12-23,-0.025721832340302564,-1.0,0.01925362185018298,0.025721832340302564,0.025721832340302564,0.43643907611728633,1.5220939608105293
2008-12-24,0.010883045405586156,0.0,0.01007518040791529,0.0,-0.005037590203957645,0.43424047490281353,1.5386589784975988
2008-12-26,-0.0029908655129263773,-1.0,0.012054539407852252,0.0029908655129263773,-0.0030364041909997485,0.4329219453049169,1.5340570564226559
2008-12-29,-0.017796135395789836,0.0,0.0,-0.0,-0.0002,0.43283536091585595,1.5067567693416914
2008-12-30,0.009364973802171717,0.0,0.008486506752326912,0.0,0.0,0.43283536091585595,1.5208675070128213
2008-12-31,0.015127462075152476,-1.0,0.0,-0.015127462075152476,-0.015327462075152476,0.42620109333663325,1.5438743725464894
2009-01-02,0.026424991108955354,-1.0,0.0,-0.026424991108955354,-0.026424991108955354,0.4149387332345857,1.5846712391143745
2009-01-05,0.0054198659338973165,-1.0,0.0,-0.0054198659338973165,-0.0054198659338973165,0.41268982092967305,1.5932599447796774
2009-01-06,-0.014054217086524212,-1.0,0.01661982309236266,0.014054217086524212,0.014054217086524212,0.41848985326241744,1.5708679236404801
2009-01-07,-0.010935667730235354,0.0,0.0,-0.0,-0.0002,0.41840615529176495,1.5536894339794631
2009-01-08,0.008884154800810284,0.0,0.0,0.0,0.0,0.41840615529176495,1.56749265142332
2009-01-09,-0.02113462467171512,0.0,0.009862776696351353,-0.0,-0.0,0.41840615529176495,1.5343642825598167
2009-01-12,-0.005997707255075202,1.0,0.00029926985051424655,-0.005997707255075202,-0.006197707255075202,0.41581299642754505,1.5251616147703795
2009-01-13,-0.00945243652745631,1.0,0.0,-0.00945243652745631,-0.00945243652745631,0.4118825504715223,1.5107451214126497
2009-01-14,-0.018680630506319407,1.0,0.0,-0.018680630506319407,-0.018680630506319407,0.40418832473416333,1.4825234500103153
2009-01-15,0.0022761123588299625,1.0,0.026531907945005918,0.0022761123588299625,0.0022761123588299625,0.4051083027753855,1.485897839957139
2009-01-16,0.028695351506378586,0.0,0.0,0.0,-0.0002,0.40502728111483044,1.5285362007772778
2009-01-20,-0.0006018908157874314,0.0,0.006980501768638095,-0.0,-0.0,0.40502728111483044,1.5276161888764312
2009-01-21,-0.015863936058089445,1.0,0.011902094213133912,-0.015863936058089445,-0.021814983164656403,0.39619161779608386,1.5033821833347933
2009-01-22,-0.007345232445575167,1.0,0.00683167924978871,-0.007345232445575167,-0.007345232445575167,0.39328149827038317,1.492339491743663
2009-01-23,-0.014388481647328755,1.0,0.0,-0.014388481647328755,-0.014388481647328755,0.38762277465028583,1.4708669923551254
2009-01-26,0.02064655289621986,1.0,0.0,0.02064655289621986,0.02064655289621986,0.39562584877088247,1.5012353255160893
2009-01-27,0.03759695192004919,0.0,0.0,0.0,-0.0002,0.3955467236011283,1.557677197870197
2009-01-28,0.01378557747283704,0.0,0.0,0.0,0.0,0.3955467236011283,1.5791506775591084
2009-01-29,-0.00602246778089921,0.0,0.027925337735767754,-0.0,-0.0,0.3955467236011283,1.5696402934823235
2009-01-30,0.007426384117243279,1.0,0.013112565159293196,0.007426384117243279,0.0008701015375966806,0.39589088941352496,1.5812970452276256
2009-02-02,-0.013385374756520796,0.0,0.0,-0.0,-0.0002,0.39581171123564224,1.5601307916758749
2009-02-03,0.026347259636675835,1.0,0.0,0.026347259636675835,0.026147259636675836,0.40616110281655754,1.6012359627113317
2009-02-04,0.014367885757777366,0.0,0.0,0.0,-0.0002,0.40607987059599426,1.6242423380948128
2009-02-05,-0.004533031706597357,0.0,0.0,-0.0,-0.0,0.40607987059599426,1.6168795960770312
2009-02-06,-0.0066399227439104536,1.0,0.003673726428849072,-0.0066399227439104536,-0.00847678595833499,0.40263761845096363,1.6061436404728746
2009-02-09,-0.005729239494710714,1.0,0.010922110738770897,-0.005729239494710714,-0.005729239494710714,0.40033081110527813,1.5969416588936989
2009-02-10,-0.029773184459737756,1.0,0.0,-0.029773184459737756,-0.029773184459737756,0.38841168802132425,1.5493956203120172
2009-02-11,0.006136922927508781,1.0,0.013151897387960547,0.006136922927508781,0.006136922927508781,0.3907953406148547,1.5589041418180918
2009-02-12,-0.003935591499876989,0.0,0.002656469737412747,-0.0,-0.0013282348687063735,0.3902762726169221,1.5527689319284295
2009-02-13,0.005728886976959169,1.0,0.0,0.005728886976959169,0.005528886976959169,0.39243406601800995,1.561664569640781
2009-02-17,-0.04124881437898564,0.0,0.0,-0.0,-0.0002,0.39235557920480635,1.49724775768543
2009-02-18,-0.00840037982481523,1.0,0.0,-0.00840037982481523,-0.00860037982481523,0.38898117219725964,1.4846703078290193
2009-02-19,0.030785229898471878,1.0,0.0,0.030785229898471878,0.030785229898471878,0.40095604700952936,1.5303762245789707
2009-02-20,-0.0180396262988749,0.0,0.014518405518586554,-0.0,-0.007259202759293277,0.39804542576672247,1.502768809390883
2009-02-23,-0.022861603672406194,1.0,0.018744231441226167,-0.022861603672406194,-0.03223371939301928,0.38521494120688304,1.468413104459335
2009-02-24,0.025694068367797085,1.0,0.017296193191620655,0.025694068367797085,0.025694068367797085,0.39511268024254964,1.5061426111574823
2009-02-25,-0.02482151077841044,0.0,0.02491786533271682,-0.0,-0.01245893266635841,0.3901899979637833,1.4687578761008135
2009-02-26,-0.030577532149842046,1.0,0.0,-0.030577532149842046,-0.030777532149842045,0.37818091275690613,1.4238468849240071
2009-02-27,-0.013922244181904353,1.0,0.0,-0.013922244181904353,-0.013922244181904353,0.372915785744569,1.4040237409144511
2009-03-02,-0.02007466215643028,1.0,0.029773790422106584,-0.02007466215643028,-0.02007466215643028,0.36542962733294704,1.375838438655986
2009-03-03,-0.02521377831466287,1.0,0.010348137617295609,-0.02521377831466287,-0.02521377831466287,0.35621576571976427,1.3411483532669222
2009-03-04,0.030484700161406364,1.0,0.023068991944922533,0.030484700161406364,0.030484700161406364,0.3670748965304971,1.3820328586882282
2009-03-05,-0.03922002006659786,0.0,0.0,-0.0,-0.0002,0.367001481551191,1.3278295022377784
2009-03-06,-0.0011663233329117784,1.0,0.02426186751562776,-0.0011663233329117784,-0.013297257090725658,0.3621213684983276,1.32628082370719
2009-03-09,-0.024287897162099115,1.0,0.0,-0.024287897162099115,-0.024287897162099115,0.3533262019400416,1.2940682514529256
2009-03-10,0.0387748952103566,1.0,0.0,0.0387748952103566,0.0387748952103566,0.36702638839534,1.3442456122980622
2009-03-11,0.008295078340056827,-1.0,0.0,-0.008295078340056827,-0.008695078340056827,0.36383506519537445,1.3553962349603523
2009-03-12,0.017823811022674496,-1.0,0.018153666000517432,-0.017823811022674496,-0.017823811022674496,0.35735013774990965,1.3795545613131301
2009-03-13,0.015042805348824517,-1.0,0.0,-0.015042805348824517,-0.015042805348824517,0.35197458918636215,1.4003069320470465
2009-03-16,0.03185165873870832,-1.0,0.0,-0.03185165873870832,-0.03185165873870832,0.3407636146869011,1.4449090305760566
2009-03-17,0.03301208213168305,-1.0,0.0,-0.03301208213168305,-0.03301208213168305,0.3295142982513679,1.4926084861662439
2009-03-18,0.036106649454040296,-1.0,0.0,-0.036106649454040296,-0.036106649454040296,0.3176166409943117,1.5465015775483741
2009-03-19,-0.00040029683452358356,-1.0,0.0,0.00040029683452358356,0.00040029683452358356,0.31774378193029373,1.5458825178622957
2009-03-20,-0.01122021921080707,0.0,0.01864346268118782,-0.0,-0.00932173134059391,0.3147818597599953,1.5285373771377264
2009-03-23,0.0314084150877012,0.0,0.01919413984338869,0.0,0.0,0.3147818597599953,1.576546313555934
2009-03-24,0.003929107555534106,-1.0,0.0026412171327310665,-0.003929107555534106,-0.0052497161218996394,0.3131293443559317,1.5827407335881762
2009-03-25,0.01213294109114349,-1.0,0.0,-0.01213294109114349,-0.01213294109114349,0.30933016446695283,1.6019440336713549
2009-03-26,0.000966504682994751,-1.0,0.023226162263496195,-0.000966504682994751,-0.000966504682994751,0.309031195414404,1.6034923200817937
2009-03-27,-0.024724718292969405,-1.0,0.0,0.024724718292969405,0.024724718292969405,0.31667190466476475,1.5638464241828314
2009-03-30,-0.019805642007162838,0.0,0.0,-0.0,-0.0002,0.3166085702838318,1.5328734417512846
2009-03-31,0.025055937052996802,0.0,0.0,0.0,0.0,0.3166085702838318,1.5712810222180154
2009-04-01,0.008672515765133504,-1.0,0.022242555453064843,-0.008672515765133504,-0.019793793491665927,0.31034168562594205,1.584907981654656
2009-04-02,0.005081714480990485,-1.0,0.01574385577249425,-0.005081714480990485,-0.005081714480990485,0.3087646177880417,1.592962031496068
2009-04-03,0.02799922755658657,0.0,0.000768303939874625,0.0,-0.0003841519699373125,0.30864600525187147,1.6375637379049288
2009-04-06,-0.02477815543564532,0.0,0.023588203614343876,-0.0,-0.0,0.30864600525187147,1.5969879290713442
2009-04-07,0.0038794897881639923,1.0,0.003951170923738449,0.0038794897881639923,0.0019039043262947678,0.3092336377165641,1.6031834274339978
2009-04-08,0.01661507684785657,0.0,0.0,0.0,-0.0002,0.3091717909890208,1.6298204432820238
2009-04-09,-0.005701465650370108,0.0,0.017284735620394728,-0.0,-0.0,0.3091717909890208,1.6205280780083804
2009-04-13,-0.03325710452899999,1.0,0.0,-0.03325710452899999,-0.03345710452899999,0.298827798060483,1.5666340063258761
2009-04-14,-0.007512844966289345,1.0,0.0,-0.007512844966289345,-0.007512844966289345,0.29658275114203697,1.5548641279174331
2009-04-15,0.006772670670550651,1.0,0.011344939285101708,0.006772670670550651,0.006772670670550651,0.29859140844208787,1.5653947105932708
2009-04-16,0.0017813797533283715,0.0,0.013015599608013902,0.0,-0.006507799804006951,0.2966482353327503,1.568183273036689
2009-04-17,0.006912560362223763,0.0,0.0058011384523611615,0.0,0.0,0.2966482353327503,1.5790234345705847
2009-04-20,-0.008631109379969581,0.0,0.013685916687446268,-0.0,-0.0,0.2966482353327503,1.5653947105932708
2009-04-21,0.007123828186718084,1.0,0.015262201520804135,0.007123828186718084,-0.0005072725736839836,0.29649775381893423,1.5765463135559346
2009-04-22,-0.01080543440425541,0.0,0.009398751219140286,-0.0,-0.004699375609570143,0.2951043995063452,1.5595110457795351
2009-04-23,0.004964515200739816,1.0,0.006466401922795359,0.004964515200739816,0.0017313142393421367,0.29561531795530305,1.5672532620720292
2009-04-24,-0.0015805492798114384,0.0,0.0014242157710211087,-0.0,-0.0007121078855105543,0.29540480795630936,1.564776141057379
2009-04-27,0.015043404701265972,1.0,0.008603027854607079,0.015043404701265972,0.010741890773962433,0.2985780141374794,1.5883157018141905
2009-04-28,0.05830683561266503,0.0,0.0,0.0,-0.0002,0.29851829853465195,1.6809253643408852
2009-04-29,-0.00755453826327146,0.0,0.010808046742841295,-0.0,-0.0,0.29851829853465195,1.6682267493582685
2009-04-30,-0.0012997204173161858,1.0,0.018395482442406585,-0.0012997204173161858,-0.010497461638519478,0.2953846141473883,1.6660585209914145
2009-05-01,0.04201563388844076,1.0,0.0,0.04201563388844076,0.04201563388844076,0.3077953859516833,1.7360590258461068
2009-05-04,0.027653807625980686,0.0,0.0,0.0,-0.0002,0.30773382687449297,1.7840676681742025
2009-05-05,0.006249727323089038,0.0,0.0,0.0,0.0,0.30773382687449297,1.7952176046262305
2009-05-06,-0.019841167996346165,0.0,0.011460954166995394,-0.0,-0.0,0.30773382687449297,1.7595983905428434
2009-05-07,-0.008273060812997168,1.0,0.009482024202135583,-0.008273060812997168,-0.01301407291406496,0.30372895641342407,1.7450411260514305
2009-05-08,0.014554280564680111,1.0,0.009923197764753597,0.014554280564680111,0.014554280564680111,0.30814951286068254,1.7704389441968884
2009-05-11,-0.0008748534343645531,0.0,0.012250810652103674,-0.0,-0.006125405326051837,0.3062619721933854,1.768890069606225
2009-05-12,0.013133183716935948,1.0,0.0032369897028671217,0.013133183716935948,0.011514688865502387,0.3097884835145274,1.7921212278654273
2009-05-13,-0.04061571389593366,0.0,0.0,-0.0,-0.0002,0.3097265258178245,1.7193329448076158
2009-05-14,-0.008466581423467123,1.0,0.0,-0.008466581423467123,-0.008666581423467124,0.30704225566281673,1.7047760724363525
2009-05-15,-0.010901221965476937,1.0,0.0,-0.010901221965476937,-0.010901221965476937,0.30369511988105563,1.6861919300692898
2009-05-18,-0.001102392637352012,1.0,0.016646991123028476,-0.001102392637352012,-0.001102392637352012,0.30336032861689904,1.684333084500419
2009-05-19,0.023722418935471667,1.0,0.0,0.023722418935471667,0.023722418935471667,0.3105567694207515,1.724289539557813
2009-05-20,-0.03143563737250843,0.0,0.0,-0.0,-0.0002,0.3104946580668674,1.670085398867064
2009-05-21,-0.015949728071537828,1.0,0.0,-0.015949728071537828,-0.016149728071537826,0.30548025377142235,1.6434479908988886
2009-05-22,0.008481313070248131,1.0,0.00216940078867186,0.008481313070248131,0.008481313070248131,0.30807112744043663,1.6573865878243723
2009-05-26,0.0274717000594904,0.0,0.008221355923825719,0.0,-0.004110677961912859,0.30680474624616555,1.7029178150477058
2009-05-27,-0.01145976360668477,0.0,0.009202464208154182,-0.0,-0.0,0.30680474624616555,1.683402779445647
2009-05-28,0.020792186680002933,1.0,0.0,0.020792186680002933,0.020592186680002934,0.31312252685517755,1.7184044042935167
2009-05-29,0.018925042696923633,0.0,0.011786009133679115,0.0,-0.005893004566839557,0.31127729437443963,1.750925281015353
2009-06-01,0.029542620811360498,0.0,0.0,0.0,0.0,0.31127729437443963,1.8026522026614145
2009-06-02,-0.008763281336754747,0.0,0.007246475273572747,-0.0,-0.0,0.31127729437443963,1.786855054257172
2009-06-03,-0.024764933758797403,1.0,0.0,-0.024764933758797403,-0.0249649337587974,0.3035062773397641,1.7426037072019207
2009-06-04,-0.00394279504385131,1.0,0.008446022149286313,-0.00394279504385131,-0.00394279504385131,0.30230961429369113,1.735732977941768
2009-06-05,-0.00899631732144357,1.0,0.01064503488370541,-0.00899631732144357,-0.00899631732144357,0.29958994107418185,1.7201177732869097
2009-06-08,0.005265334324508819,1.0,0.011825955676982908,0.005265334324508819,0.005265334324508819,0.3011673822741973,1.729174768440795
2009-06-09,-0.005779275902797143,0.0,0.012468104931947692,-0.0,-0.006234052465973846,0.29928988901205994,1.7191813903698203
2009-06-10,0.0030878199439228204,1.0,0.012836507487092351,0.0030878199439228204,-0.003330433799623355,0.29829312384980866,1.7244899129542253
2009-06-11,0.023542467576851633,0.0,0.0,0.0,-0.0002,0.2982334652250387,1.765088660816558
2009-06-12,0.015392219860610012,0.0,0.010796309484637832,0.0,0.0,0.2982334652250387,1.792257293557316
2009-06-15,-0.015681569760674807,0.0,0.03505085957885619,-0.0,-0.0,0.2982334652250387,1.7641518857793188
2009-06-16,0.004602125112677546,1.0,0.005758163080248324,0.004602125112677546,0.0017230435725533845,0.298747334480415,1.7722707334754413
2009-06-17,-0.0007046906844869749,0.0,0.012025026044657034,-0.0,-0.006012513022328517,0.2969511122414656,1.7710218307991723
2009-06-18,0.018338642167319508,1.0,0.0,0.018338642167319508,0.01813864216731951,0.3023374022076011,1.8034999664247093
2009-06-19,-0.012121046090044607,0.0,0.009234542360347838,-0.0,-0.004617271180173919,0.30094142843369925,1.7816396602082816
2009-06-22,0.0024538876771129647,1.0,0.008555590427517312,0.0024538876771129647,-0.001823907536645691,0.3003925390942901,1.7860116038155225
2009-06-23,-0.004546017393686985,0.0,0.005383916587282917,-0.0,-0.0026919582936414583,0.29958389490732723,1.7778923639992503
2009-06-24,0.009133997198972121,1.0,0.0,0.009133997198972121,0.00893399719897212,0.3022603765852865,1.7941316278720933
2009-06-25,0.0008702942477527564,0.0,0.0,0.0,-0.0002,0.3021999245099694,1.7956930503075417
2009-06-26,-0.014086747610955519,0.0,0.011489728260372216,-0.0,-0.0,0.3021999245099694,1.7703975755211125
2009-06-29,0.016404771141299568,1.0,0.01780821726204822,0.016404771141299568,0.007500662510275457,0.3044666241543494,1.799440542576648
2009-06-30,-0.013189793077058365,0.0,0.024202959346243825,-0.0,-0.012101479673121912,0.30078212749100147,1.7757062941655923
2009-07-01,0.0017584286100729152,1.0,0.00408518537373387,0.0017584286100729152,-0.00028416407679401987,0.30069665601542683,1.7788287469163397
2009-07-02,-0.02914323969599053,0.0,0.0,-0.0,-0.0002,0.30063651668422375,1.7269879143668383
2009-07-06,0.0074143468616487684,1.0,0.0,0.0074143468616487684,0.007214346861648769,0.3028054127948616,1.7397924017898294
2009-07-07,-0.02261676319833328,0.0,0.022967533351102153,-0.0,-0.011483766675551076,0.2993280660862315,1.7004439290242894
2009-07-08,-0.005693827656992778,1.0,0.0,-0.005693827656992778,-0.005893827656992778,0.29756387805181833,1.6907618943520455
2009-07-09,0.006095532389661873,1.0,0.016852607721158396,0.006095532389661873,0.006095532389661873,0.2993776883084766,1.7010679882422743
2009-07-10,-0.0031212761168148973,0.0,0.012787147266697073,-0.0,-0.006393573633348536,0.2974635950140947,1.6957584853574954
2009-07-13,0.017495651031808945,1.0,0.00941496473052696,0.017495651031808945,0.012788168666545465,0.3012676096392919,1.725426884051539
2009-07-14,0.01828055016413277,0.0,0.0,0.0,-0.0002,0.30120735611736404,1.7569686367599864
2009-07-15,0.02044071565324934,0.0,0.0,0.0,0.0,0.30120735611736404,1.7928823330756745
2009-07-16,-0.0006965893149979419,0.0,0.012127469059247829,-0.0,-0.0,0.30120735611736404,1.7916334303994053
2009-07-17,-0.009587023070005363,1.0,0.01030333602838275,-0.009587023070005363,-0.014738691084196738,0.29676795394326255,1.7744569993691732
2009-07-20,0.021647236231763234,1.0,0.0,0.021647236231763234,0.021647236231763234,0.3031921599482894,1.8128690892176234
2009-07-21,0.011541883208107562,0.0,0.0,0.0,-0.0002,0.30313152151629974,1.8337930125169615
2009-07-22,-0.004427886866768871,0.0,0.005404216180124594,-0.0,-0.0,0.30313152151629974,1.825673184520465
2009-07-23,0.023605734870951522,1.0,0.004797263285510919,0.023605734870951522,0.021207103228196064,0.30956006298481603,1.8687695416752608
2009-07-24,0.0035097927245713034,0.0,0.0,0.0,-0.0002,0.30949815097221905,1.875328535416533
2009-07-27,-0.00016696164618124065,0.0,0.008587475745302185,-0.0,-0.0,0.30949815097221905,1.8750154274771291
2009-07-28,-0.04913381894487301,1.0,0.0,-0.04913381894487301,-0.04933381894487301,0.29422942522838264,1.7828887589446243
2009-07-29,0.002802855287860062,1.0,0.008328860042323541,0.002802855287860062,0.002802855287860062,0.29505410772872803,1.7878859381302985
2009-07-30,0.005065208389625653,0.0,0.0,0.0,-0.0002,0.2949950969071823,1.7969419529838098
2009-07-31,-0.0151194804905741,0.0,0.012945725572826413,-0.0,-0.0,0.2949950969071823,1.7697731241829768
2009-08-03,0.005999321124204204,1.0,0.000682967023654416,0.005999321124204204,0.005657837612376996,0.29666413126193053,1.7803905614719366
2009-08-04,-0.010524244337694721,0.0,0.01131075991753751,-0.0,-0.005655379958768755,0.2949863828795063,1.7616532961864806
2009-08-05,0.0010631841681383314,1.0,0.0,0.0010631841681383314,0.0008631841681383314,0.29524101045502427,1.7635262580807347
2009-08-06,0.009208960795906496,0.0,0.0,0.0,-0.0002,0.29518196225293325,1.779766502253952
2009-08-07,-0.002983258128554933,0.0,0.00177917541926302,-0.0,-0.0,0.29518196225293325,1.774456999369173
2009-08-10,0.00739168260855827,1.0,0.006652379806791577,0.00739168260855827,0.004065492705162481,0.2963820223671681,1.7875732223110445
2009-08-11,0.004193374987400578,0.0,0.0,0.0,-0.0002,0.29632274596269464,1.7950691871496307
2009-08-12,0.006784946224814847,0.0,0.0,0.0,0.0,0.29632274596269464,1.8072486350542631
2009-08-13,-0.01417014479870593,0.0,0.0,-0.0,-0.0,0.29632274596269464,1.7816396602082807
2009-08-14,-0.004031489082516271,1.0,0.009672568762121674,-0.004031489082516271,-0.008867773463577108,0.2936950229793924,1.774456999369173
2009-08-17,-0.0070397713825569586,1.0,0.0,-0.0070397713825569586,-0.0070397713825569586,0.2916274771614226,1.761965227765436
2009-08-18,0.009748450627493632,1.0,0.00408029015511148,0.009748450627493632,0.009748450627493632,0.29447039322415125,1.779141658795668
2009-08-19,0.0035106174772483456,0.0,0.0026546568807049226,0.0,-0.0013273284403524613,0.29407953429638306,1.7853875445975367
2009-08-20,0.0029730970624934905,0.0,0.0,0.0,0.0,0.29407953429638306,1.7906956750617922
2009-08-21,0.012033630838363285,0.0,0.0,0.0,0.0,0.29407953429638306,1.8122442457593395
2009-08-24,0.0024124472280548925,0.0,0.004235468606921505,0.0,0.0,0.29407953429638306,1.81661618936658
2009-08-25,-0.006016333517167238,0.0,0.009947904771159791,-0.0,-0.0,0.29407953429638306,1.8056868204986651
2009-08-26,-0.015118462648475273,1.0,0.0,-0.015118462648475273,-0.015318462648475273,0.2895746879345829,1.7783876117481119
2009-08-27,-0.001947936118190774,1.0,0.0,-0.001947936118190774,-0.001947936118190774,0.2890106149410413,1.7749234262870448
2009-08-28,0.0005326436433974457,1.0,0.00581456596383272,0.0005326436433974457,0.0005326436433974457,0.28916455460796403,1.7758688279675738
2009-08-31,-0.003901177098712627,0.0,0.004332795316850085,-0.0,-0.0021663976584250424,0.28853810919396183,1.7689408491655891
2009-09-01,-0.003560343911288788,1.0,0.004587033504727097,-0.003560343911288788,-0.005853860663652337,0.28684904730658667,1.7626428113838324
2009-09-02,-0.009110131786187803,1.0,0.0,-0.009110131786187803,-0.009110131786187803,0.2842358146828812,1.746584903080149
2009-09-03,-0.0009010579545164488,1.0,0.0100910385631995,-0.0009010579545164488,-0.0009010579545164488,0.28397970174110276,1.7450111288599903
2009-09-04,-0.0052326920505730845,1.0,0.006462871492341348,-0.0052326920505730845,-0.0052326920505730845,0.282493723413278,1.735880022997843
2009-09-08,-0.011427500703933724,1.0,0.0031369804856749336,-0.011427500703933724,-0.011427500703933724,0.2792655261901159,1.7160432528130907
2009-09-09,-0.008073678341620316,1.0,0.0,-0.008073678341620316,-0.008073678341620316,0.2770108261597536,1.7021884715695699
2009-09-10,0.0011098858393263633,1.0,0.0,0.0011098858393263633,0.0011098858393263633,0.2773182765530484,1.7040777064500294
2009-09-11,-0.012933852301242221,0.0,0.013618562280395518,-0.0,-0.006809281140197759,0.2754299384426836,1.6820374170849652
2009-09-14,0.028453721876437355,1.0,0.010081239319999807,0.028453721876437355,0.02341310221643745,0.28187860774490925,1.729897641936462
2009-09-15,-0.01037559172845004,0.0,0.004156926556434235,-0.0,-0.0020784632782171173,0.2812927334097965,1.7119489302717208
2009-09-16,0.014346482615125389,1.0,0.009177293592511671,0.014346482615125389,0.009757835818869553,0.2840375417194503,1.7365093758378465
2009-09-17,-0.0036266119545531605,-1.0,0.008429537069025168,0.0036266119545531605,-0.004802925114472008,0.28267333067687306,1.7302117301762392
2009-09-18,0.0014561061613573845,0.0,0.0037041008538330872,0.0,-0.0018520504269165436,0.28214980541411505,1.7327311021370015
2009-09-21,-0.001090095721131057,-1.0,0.008890235794327316,0.001090095721131057,-0.003355022176032601,0.28120318655998744,1.7308422593766912
2009-09-22,-0.012188775823442355,0.0,0.012500648453126702,-0.0,-0.006250324226563351,0.27944557547044474,1.7097454110914083
2009-09-23,-0.007919139665785946,0.0,0.0,-0.0,-0.0,0.27944557547044474,1.696205698388039
2009-09-24,0.0012993184155412063,0.0,0.007049529089889041,0.0,0.0,0.27944557547044474,1.6984096096885004
2009-09-25,0.00834277996467625,-1.0,0.00029704128786554683,-0.00834277996467625,-0.00854277996467625,0.2770583334070984,1.7125790673520231
2009-09-28,0.010479828725246998,-1.0,0.0,-0.010479828725246998,-0.010479828725246998,0.2741548095260896,1.7305266026563155
2009-09-29,0.003275132917736956,-1.0,0.010790419777960976,-0.003275132917736956,-0.003275132917736956,0.2732569160848548,1.7361943072976946
2009-09-30,0.0016323336442540803,-1.0,0.007119566298290763,-0.0016323336442540803,-0.0016323336442540803,0.2728108696272044,1.7390283556784591
2009-10-01,-0.026796995448075678,-1.0,0.001480098233345196,0.026796995448075678,0.026796995448075678,0.28012138125879016,1.692427620747269
2009-10-02,-0.009674023587759706,0.0,0.0,-0.0,-0.0002,0.2800653569825384,1.676055036023584
2009-10-05,0.004132801305838818,0.0,0.013625321192542306,0.0,0.0,0.2800653569825384,1.68298183846512
2009-10-06,0.008231583114234109,-1.0,0.0,-0.008231583114234109,-0.00843158311423411,0.2777039626477225,1.6968354433481923
2009-10-07,-0.018555875780835618,-1.0,0.0,0.018555875780835618,0.018555875780835618,0.28285700288245946,1.665349175640904
2009-10-08,0.0020789783373729165,0.0,0.01067284336871764,0.0,-0.00533642168435882,0.28134755863870475,1.6688114005012233
2009-10-09,0.0018871593159326405,-1.0,0.0039319939456336495,-0.0018871593159326405,-0.0038531562887494653,0.2802634825238117,1.6719607134822139
2009-10-12,0.003766740253462908,-1.0,0.0,-0.003766740253462908,-0.003766740253462908,0.2792078027826136,1.678258555203896
2009-10-13,-0.005441055523883409,-1.0,0.0,0.005441055523883409,0.005441055523883409,0.2807269879402553,1.6691270572215993
2009-10-14,-0.0003771725449867036,0.0,0.008458861740812234,-0.0,-0.004229430870406117,0.27953967255130463,1.6684975083215208
2009-10-15,0.014342312353718523,0.0,0.0,0.0,0.0,0.27953967255130463,1.692427620747269
2009-10-16,-0.004651543194895247,-1.0,0.012867387463556597,0.004651543194895247,-0.0017821505368830516,0.2790414907737872,1.6845552205651293
2009-10-19,0.022430539164407515,0.0,0.0,0.0,-0.0002,0.27898568247563243,1.7223407024146227
2009-10-20,-0.022303739658226296,-1.0,0.02295754591841643,0.022303739658226296,0.010824966699018081,0.282005693197934,1.6839260637852003
2009-10-21,0.007853458918196887,0.0,0.025173311657571654,0.0,-0.012586655828785827,0.27845618459589344,1.6971507079484183
2009-10-22,-0.00630836875752272,-1.0,0.0,0.00630836875752272,0.00610836875752272,0.280157097654218,1.6864444554455889
2009-10-23,-0.017363135911250716,0.0,0.004836127385559964,-0.0,-0.002418063692779982,0.2794796599481057,1.6571624911589118
2009-10-26,-0.009500527665777025,0.0,0.00279778069493478,-0.0,-0.0,0.2794796599481057,1.6414185730649686
2009-10-27,-0.025321312894853287,0.0,0.0,-0.0,-0.0,0.2794796599481057,1.599855699784967
2009-10-28,-0.013579548991743629,0.0,0.005655632169515852,-0.0,-0.0,0.2794796599481057,1.5781303809300167
2009-10-29,-0.0005989401331322197,0.0,0.014183976328795544,-0.0,-0.0,0.2794796599481057,1.5771851753095625
2009-10-30,-0.01976456285259398,0.0,0.0,-0.0,-0.0,0.2794796599481057,1.5460127997819773
2009-11-02,-0.0012219412741529823,0.0,0.0,-0.0,-0.0,0.2794796599481057,1.544123662931555
2009-11-03,0.003466582560583298,0.0,0.00834615234759074,0.0,0.0,0.2794796599481057,1.5494764950928575
2009-11-04,0.01341200318357294,-1.0,0.0,-0.01341200318357294,-0.01361200318357294,0.2756753819271482,1.5702580787779143
2009-11-05,0.007218507126798501,-1.0,0.010914442798658929,-0.007218507126798501,-0.007218507126798501,0.2736854172180242,1.5815929979104857
2009-11-06,-0.009357087830554556,-1.0,0.0,0.009357087830554556,0.009357087830554556,0.2762463157048752,1.5667938933168473
2009-11-09,0.021704402872238626,0.0,0.0,0.0,-0.0002,0.2761910664417342,1.6008002191951594
2009-11-10,-0.0045235393615224995,-1.0,0.0014404840480012435,0.0045235393615224995,0.003803297337521878,0.2772415031893794,1.5935589363936962
2009-11-11,0.01304061935221612,0.0,0.0,0.0,-0.0002,0.27718605488874154,1.6143399318985288
2009-11-12,-0.009362204771745875,-1.0,0.0,0.009362204771745875,0.009162204771745874,0.2797256902835046,1.5992261508848884
2009-11-13,0.006890923260874926,0.0,0.010326165586194418,0.0,-0.005163082793097209,0.2782814433852146,1.6102462955674206
2009-11-16,0.016621342319060206,-1.0,0.0,-0.016621342319060206,-0.016821342319060205,0.27360037596498976,1.6370107504640452
2009-11-17,-0.008655929583636146,-1.0,0.0046789161273760324,0.008655929583636146,0.008655929583636146,0.27596864155339906,1.622840900680373
2009-11-18,0.0007768267858090372,0.0,0.0,0.0,-0.0002,0.27591344782508836,1.624101566961128
2009-11-19,-0.013959171714887808,-1.0,0.0013366527644886421,0.013959171714887808,0.013290845332643486,0.279580570785328,1.6014304543054994
2009-11-20,0.004915120603913303,0.0,0.007800267993985817,0.0,-0.0039001339969929084,0.27849016909630947,1.6093016781271905
2009-11-23,0.0176093268602997,-1.0,0.0,-0.0176093268602997,-0.0178093268602997,0.27353044664749315,1.6376403973941611
2009-11-24,0.010923949818670398,-1.0,0.0,-0.010923949818670398,-0.010923949818670398,0.27054241377443744,1.6555298989163223
2009-11-25,0.007293705714819909,-1.0,0.0,-0.007293705714819909,-0.007293705714819909,0.2685691570249897,1.6676048468011035
2009-11-27,-0.017149034263503005,-1.0,0.0,0.017149034263503005,0.017149034263503005,0.27317485870093133,1.6390070341453278
2009-11-30,0.0075608407149116985,0.0,0.009579336502837616,0.0,-0.004789668251418808,0.2718664417531257,1.6513993052611204
2009-12-01,0.017702757652478196,-1.0,0.0,-0.017702757652478196,-0.017902757652478195,0.2669992827325779,1.680633626949629
2009-12-02,0.00812992575624416,-1.0,0.0,-0.00812992575624416,-0.00812992575624416,0.2648285983869916,1.6942970535601767
2009-12-03,-0.006002043110842181,-1.0,0.00711757650216545,0.006002043110842181,0.006002043110842181,0.26641811105149416,1.6841278096021357
2009-12-04,-0.004716377084784673,0.0,0.008958280588923805,-0.0,-0.004479140294461902,0.265224786955109,1.6761848277930795
2009-12-07,0.003980773727290998,0.0,0.004453432173034818,0.0,0.0,0.265224786955109,1.6828573403176421
2009-12-08,0.006231347665534015,-1.0,0.006798875875712371,-0.006231347665534015,-0.0096307856033902,0.2626704638952395,1.6933438094766573
2009-12-09,0.007505735300621819,-1.0,0.0,-0.007505735300621819,-0.007505735300621819,0.2606989289219503,1.7060535998835358
2009-12-10,0.024958375892125684,-1.0,0.0,-0.024958375892125684,-0.024958375892125684,0.2541923070592417,1.7486339269215432
2009-12-11,0.02216962959873392,-1.0,0.0,-0.02216962959873392,-0.02216962959873392,0.24855695776489065,1.7874004933851733
2009-12-14,-0.008533338539955082,-1.0,0.00713406481499013,0.008533338539955082,0.008533338539955082,0.25067797843195977,1.772147999868635
2009-12-15,-0.00663439763747431,0.0,0.0,-0.0,-0.0002,0.2506278428362734,1.7603908653650515
2009-12-16,-0.009746811222927199,0.0,0.008299918184471677,-0.0,-0.0,0.2506278428362734,1.743232667921773
2009-12-17,-0.010937522318117288,0.0,0.0,-0.0,-0.0,0.2506278428362734,1.7241660217107073
2009-12-18,0.006635039293523937,0.0,0.013241304964229691,0.0,0.0,0.2506278428362734,1.7356059310133167
2009-12-21,-0.0021970265980405523,-1.0,0.0020395761778607014,0.0021970265980405523,0.0011772385091102016,0.25092289158431547,1.7317927586191635
2009-12-22,-0.012477343407710006,1.0,0.0,-0.012477343407710006,-0.012877343407710006,0.24769167134052866,1.7101845856588866
2009-12-23,-0.016165070726483544,1.0,0.0,-0.016165070726483544,-0.016165070726483544,0.2436877179549481,1.6825393308763688
2009-12-24,-0.0007550903929429698,1.0,0.0041270020985924695,-0.0007550903929429698,-0.0007550903929429698,0.24350371170024213,1.6812688615918754
2009-12-28,0.009638875679074621,1.0,0.005736468275563362,0.009638875679074621,0.009638875679074621,0.24585081370471398,1.6974744031318587
2009-12-29,-0.0005614506007787234,0.0,0.0,-0.0,-0.0002,0.24580164354197304,1.6965213551084137
2009-12-30,0.005806263650503629,1.0,0.00660912904857775,0.005806263650503629,0.002501699126214754,0.24641656529884415,1.7063718053848829
2009-12-31,-0.016387671312676266,0.0,0.005653493148629957,-0.0,-0.0028267465743149786,0.24572000811703115,1.6784083451010174
2010-01-04,0.008141405523203415,1.0,0.01370174260870362,0.008141405523203415,0.0012905342188516055,0.24603711819576268,1.6920729480720136
2010-01-05,-0.009765155184360386,0.0,0.0,-0.0,-0.0002,0.24598791077212354,1.6755495931508322
2010-01-06,0.009861453811169874,1.0,0.009093064244033798,0.009861453811169874,0.0053149216891529745,0.24729531725435575,1.6920729480720136
2010-01-07,-0.0028172571775518795,0.0,0.008588397751722479,-0.0,-0.004294198875861239,0.24623338198099634,1.6873059434141164
2010-01-08,-0.00866307555624135,1.0,0.007471174994515594,-0.00866307555624135,-0.012398663053499147,0.24318041724529044,1.6726886845398248
2010-01-11,-0.0007594199901986842,1.0,0.006346194739450077,-0.0007594199901986842,-0.0007594199901986842,0.2429957411752095,1.671418411315406
2010-01-12,-0.024334806015977373,1.0,0.0,-0.024334806015977373,-0.024334806015977373,0.23708248695100212,1.6307447685045124
2010-01-13,0.003507331522148771,1.0,0.001959768898195866,0.003507331522148771,0.003507331522148771,0.2379140138308348,1.6364643310356675
2010-01-14,-0.028931921342553735,0.0,0.0,-0.0,-0.0002,0.23786643102806865,1.5891182737302487
2010-01-15,0.010797800243841582,1.0,0.016396087229570463,0.010797800243841582,0.0025997566290563504,0.23848482585896383,1.6062772554138263
2010-01-19,0.0067264095061250195,-1.0,0.0,-0.0067264095061250195,-0.00712640950612502,0.23678528532889595,1.6170817340141141
2010-01-20,-0.017882272663950705,-1.0,0.0,0.017882272663950705,0.017882272663950705,0.24101954436395864,1.5881646375265797
2010-01-21,-0.01900727593878726,0.0,0.008284225440020837,-0.0,-0.004142112720010418,0.24002121424347758,1.557977954024888
2010-01-22,-0.01815198432151588,0.0,0.0,-0.0,-0.0,0.24002121424347758,1.5296975626301608
2010-01-25,-0.00810099679730869,0.0,0.0,-0.0,-0.0,0.24002121424347758,1.517305487574443
2010-01-26,0.030784344065902802,0.0,0.0,0.0,0.0,0.24002121424347758,1.564014741757017
2010-01-27,0.010971237856988392,-1.0,0.00506400530035416,-0.010971237856988392,-0.013503240507165473,0.23678015006072603,1.5811739195006695
2010-01-28,-0.01507252184880803,-1.0,0.016250626604244377,0.01507252184880803,0.01507252184880803,0.2403490240458804,1.5573416410522303
2010-01-29,-0.00510040933197331,0.0,0.0,-0.0,-0.0002,0.24030095424107123,1.549398561213137
2010-02-01,0.009638954417002576,0.0,0.007738795584442603,0.0,0.0,0.24030095424107123,1.5643331433184398
2010-02-02,0.007109048100439663,-1.0,0.005622179683531482,-0.007109048100439663,-0.009920137942205405,0.23791713562735622,1.5754540628794025
2010-02-03,-0.003629923858525008,-1.0,0.003991541100534916,0.003629923858525008,0.003629923858525008,0.23878075671432186,1.5697352845885464
2010-02-04,-0.027935653223399637,0.0,0.0,-0.0,-0.0002,0.238733000562979,1.5258837040257462
2010-02-05,-0.012911077345491129,0.0,0.0,-0.0,-0.0,0.238733000562979,1.5061829015028454
2010-02-08,-0.010759410131299996,0.0,0.009161023836656464,-0.0,-0.0,0.238733000562979,1.4899772619328249
2010-02-09,-0.009170290708235718,0.0,0.0,-0.0,-0.0,0.238733000562979,1.4763137372922397
2010-02-10,-0.01162332061294269,0.0,0.0,-0.0,-0.0,0.238733000562979,1.4591540693984004
2010-02-11,0.0008714951159793927,0.0,0.0,0.0,0.0,0.238733000562979,1.4604257150433426
2010-02-12,-0.008486121080000242,-1.0,0.0011759850714818413,0.008486121080000242,0.00789812854425932,0.24061854448918216,1.448032365597139
2010-02-16,0.01777519709994646,0.0,0.0,0.0,-0.0002,0.24057042078028432,1.47377142630273
2010-02-17,-0.013152296852787626,-1.0,0.008663613008030837,0.013152296852787626,0.008820490348772208,0.2426923698549769,1.4543879470108403
2010-02-18,-0.0006556958929899714,0.0,0.0,-0.0,-0.0002,0.24264383138100593,1.4534343108071712
2010-02-19,0.024923956683266413,0.0,0.0,0.0,0.0,0.24264383138100593,1.4896596446117023
2010-02-22,-0.0012803410592729936,-1.0,0.0,0.0012803410592729936,0.0010803410592729935,0.24290596947482615,1.487752372204364
2010-02-23,-0.0004269760573835102,0.0,0.0010379548435305206,-0.0,-0.0005189774217652603,0.24277990676105674,1.4871171375621173
2010-02-24,0.0164149475132358,0.0,0.0,0.0,0.0,0.24277990676105674,1.511528087321233
2010-02-25,-0.0038246893611335597,-1.0,0.0,0.0038246893611335597,0.0036246893611335596,0.24365990850619054,1.5057469619266008
2010-02-26,-0.010879516918459342,0.0,0.009160070205672123,-0.0,-0.004580035102836061,0.24254393757207834,1.4893651623794015
2010-03-01,0.02178162011622886,0.0,0.0,0.0,0.0,0.24254393757207834,1.5218059485606952
2010-03-02,-0.004010145921050423,-1.0,0.0012634868022135674,0.004010145921050423,0.0033784025199436393,0.24336334862196893,1.5157032846434442
2010-03-03,-0.0055095128770780155,0.0,0.0,-0.0,-0.0002,0.24331467595224454,1.5073524978788717
2010-03-04,0.0068188107321365266,0.0,0.00965935325425763,0.0,0.0,0.24331467595224454,1.5176308492685209
2010-03-05,0.0084654476980075,-1.0,0.0,-0.0084654476980075,-0.0086654476980075,0.24120624535362273,1.5304782738478862
2010-03-08,0.002098660418617504,-1.0,0.0,-0.002098660418617504,-0.002098660418617504,0.24070003535377574,1.5336902280227647
2010-03-09,-0.01528759314814443,-1.0,0.0,0.01528759314814443,0.01528759314814443,0.24437975956500824,1.5102437958014678
2010-03-10,-0.0010636813917550558,0.0,0.0,-0.0,-0.0002,0.24433088361309524,1.5086373775788602
2010-03-11,0.008515977928388097,0.0,0.0064935082077735564,0.0,0.0,0.24433088361309524,1.521484900188263
2010-03-12,-0.00633351844216834,-1.0,0.00433990259341353,0.00633351844216834,0.004163567145461575,0.24534817165272832,1.51184854751344
2010-03-15,0.00509911006134689,0.0,0.0017492331651565586,0.0,-0.0008746165825782793,0.24513358607329558,1.5195576296532984
2010-03-16,0.011413953696611578,-1.0,0.0,-0.011413953696611578,-0.011613953696611579,0.242286615955156,1.536901790077494
2010-03-17,0.003552588088200359,-1.0,0.0,-0.003552588088200359,-0.003552588088200359,0.24142587140938332,1.5423617690696572
2010-03-18,-0.0010409593809107553,-1.0,0.0036881413691236373,0.0010409593809107553,0.0010409593809107553,0.2416771859350215,1.540756233117386
2010-03-19,0.003960887398093194,0.0,0.0038039976473279373,0.0,-0.0019019988236639686,0.24121751621166668,1.5468589950646743
2010-03-22,-0.006644406052711993,-1.0,0.0001410743709178129,0.006644406052711993,0.006444406052711993,0.2427720198331613,1.5365810357951746
2010-03-23,-0.00041806505482688827,0.0,0.009463796044534789,-0.0,-0.0047318980222673945,0.2416232473926509,1.5359386449601988
2010-03-24,-0.011501820808357599,0.0,0.0,-0.0,-0.0,0.2416232473926509,1.5182725538932351
2010-03-25,0.0038085387042601226,0.0,0.007135929514311705,0.0,0.0,0.2416232473926509,1.5240549536783534
2010-03-26,0.007586440850653853,-1.0,0.0,-0.007586440850653853,-0.007786440850653852,0.23974186226868513,1.5356171064375803
2010-03-29,0.016105256888375052,-1.0,0.0,-0.016105256888375052,-0.016105256888375052,0.23588075798995053,1.5603486144189407
2010-03-30,-0.01893755914256956,-1.0,0.01335154709594436,0.01893755914256956,0.01893755914256956,0.24034776379497935,1.5307994202503554
2010-03-31,0.01405778676934677,0.0,0.022448298261129873,0.0,-0.011224149130564937,0.2376500646509467,1.5523190720868745
2010-04-01,0.010552608417596865,-1.0,0.0,-0.010552608417596865,-0.010752608417596865,0.2350947065653385,1.5687000873937746
2010-04-05,0.0026613775734758427,-1.0,0.005210212617988733,-0.0026613775734758427,-0.0026613775734758427,0.23446903078564263,1.572874990625874
2010-04-06,0.004492912263871718,-1.0,0.005747051872118838,-0.004492912263871718,-0.004492912263871718,0.2334155820017277,1.5799417799607942
2010-04-07,-0.001829630546540728,-1.0,0.010817459596088016,0.001829630546540728,0.001829630546540728,0.23384264628059662,1.577051070218422
2010-04-08,-0.0012217615657246217,0.0,0.011143039705540236,-0.0,-0.005571519852770118,0.23253978733441996,1.5751242898336442
2010-04-09,0.013662192866565448,0.0,0.0038760793147148385,0.0,0.0,0.23253978733441996,1.5966439416701634
2010-04-12,0.0006032923948748881,-1.0,0.0,-0.0006032923948748881,-0.000803292394874888,0.2323529898917484,1.5976071848174962
2010-04-13,-0.005025734916705216,-1.0,0.0,0.005025734916705216,0.005025734916705216,0.2335207344260482,1.58957803460558
2010-04-14,-0.01798354310957595,0.0,0.00438481560951284,-0.0,-0.00219240780475642,0.2330087617453201,1.5609917894942154
2010-04-15,0.0047322820765420825,0.0,0.004528006335872939,0.0,0.0,0.2330087617453201,1.5683788429612682
2010-04-16,-0.008191968953985884,-1.0,0.0045805155110513526,0.008191968953985884,0.005901711198460208,0.23438391216385182,1.5555307321716412
2010-04-19,-0.00041246796441041234,0.0,0.002571624259027454,-0.0,-0.001285812129513727,0.23408253848662866,1.5548891255769646
2010-04-20,0.03387724654528235,0.0,0.0,0.0,0.0,0.23408253848662866,1.607564487834714
2010-04-21,0.006393253413549571,-1.0,0.0,-0.006393253413549571,-0.006593253413549571,0.23253917299069934,1.6178420549840644
2010-04-22,0.010522291770962422,-1.0,0.007568456342685558,-0.010522291770962422,-0.010522291770962422,0.2300923279643129,1.6348654611259401
2010-04-23,0.007858818413582824,-1.0,0.0,-0.007858818413582824,-0.007858818413582824,0.22828407414048282,1.6477135719155673
2010-04-26,-0.004678237808428909,-1.0,0.010286083183811051,0.004678237808428909,0.004678237808428909,0.229352041327189,1.6400051759859704
2010-04-27,-0.020368306056461893,0.0,0.0017423438610817432,-0.0,-0.0008711719305408716,0.2291522362665725,1.6066010486273066
2010-04-28,0.014593872119881501,0.0,0.01882029451995183,0.0,0.0,0.2291522362665725,1.630047578878641
2010-04-29,-0.0011818589344434471,0.0,0.005401806785087849,-0.0,-0.0,0.2291522362665725,1.6281210925839753
2010-04-30,0.02682897017712138,1.0,0.0,0.02682897017712138,0.026628970177121382,0.23525432433213572,1.671801904821653
2010-05-03,0.011719964892644485,0.0,0.0,0.0,-0.0002,0.2352072734672693,1.691395364453619
2010-05-04,-0.02297736713572529,0.0,0.0,-0.0,-0.0,0.2352072734672693,1.6525315521929043
2010-05-05,-0.009912916582628384,1.0,0.0047484716867710886,-0.009912916582628384,-0.012287152426013928,0.23231724584646982,1.6361501447658546
2010-05-06,0.002552321726627449,1.0,0.012296652591976018,0.002552321726627449,0.002552321726627449,0.232910194200514,1.6403261263283653
2010-05-07,0.0029370294784052398,0.0,0.021175073435433664,0.0,-0.010587536717716832,0.2304442489674855,1.64514381251559
2010-05-10,0.027332437216504912,0.0,0.0,0.0,0.0,0.2304442489674855,1.6901096024832938
2010-05-11,0.0007607565618443779,0.0,0.014734112058721282,0.0,0.0,0.2304442489674855,1.691395364453619
2010-05-12,0.003987864040531752,0.0,0.008453341877013753,0.0,0.0,0.2304442489674855,1.6981404192058458
2010-05-13,-0.000378348490941427,0.0,0.0,-0.0,-0.0,0.2304442489674855,1.6974979303408326
2010-05-14,-0.002649326349466685,1.0,0.0177152007501293,-0.002649326349466685,-0.011506926724531335,0.22779254388052697,1.6930007043458155
2010-05-17,-0.0017076790665830899,1.0,0.0,-0.0017076790665830899,-0.0017076790665830899,0.22740354732181847,1.6901096024832938
2010-05-18,-0.005510786896983255,1.0,0.000994109490120608,-0.005510786896983255,-0.005510786896983255,0.2261503748329099,1.6807957686314632
2010-05-19,-0.00592381003261333,1.0,0.0,-0.00592381003261333,-0.00592381003261333,0.22481070297359543,1.6708390537944702
2010-05-20,-0.03594757475202348,1.0,0.0,-0.03594757475202348,-0.03594757475202348,0.21672930342339716,1.6107764420095934
2010-05-21,0.008773171559091075,1.0,0.0,0.008773171559091075,0.008773171559091075,0.21863070678421292,1.6249080600786858
2010-05-24,-0.005731854035693651,0.0,0.0,-0.0,-0.0002,0.2185869806428561,1.6155943242568926
2010-05-25,-0.015308054528338055,1.0,0.0,-0.015308054528338055,-0.015508054528338056,0.2151971218278619,1.5908627182454946
2010-05-26,-0.021805339172837335,1.0,0.020423276928750612,-0.021805339172837335,-0.021805339172837335,0.21050467559738698,1.5561734170967296
2010-05-27,0.02745083217030131,1.0,0.005643507774000286,0.02745083217030131,0.02745083217030131,0.21628320411827456,1.5988916723973363
2010-05-28,0.003013386329137724,0.0,0.0,0.0,-0.0002,0.2162399474774509,1.6037097507047107
2010-06-01,-0.01982777944213132,0.0,0.0,-0.0,-0.0,0.2162399474774509,1.5719117474785422
2010-06-02,0.02518596662388739,1.0,0.008682078883746058,0.02518596662388739,0.02084492718201436,0.22074745343646096,1.6115018642862333
2010-06-03,0.010672152530303514,0.0,0.0,0.0,-0.0002,0.22070330394577367,1.6287000579847646
2010-06-04,-0.03108154567608523,0.0,0.0,-0.0,-0.0,0.22070330394577367,1.5780775427398686
2010-06-07,0.00822542172897367,1.0,0.015967836460722237,0.00822542172897367,0.0002415034986125511,0.2207566045658319,1.5910578960499264
2010-06-08,-0.0020397022607701043,0.0,0.007798716279363116,-0.0,-0.003899358139681558,0.21989579550292968,1.5878126116623372
2010-06-09,-0.010831683614549559,1.0,0.00804009890803376,-0.010831683614549559,-0.01485173306856644,0.2166299618452201,1.570613927813619
2010-06-10,0.03925629403307829,1.0,0.0,0.03925629403307829,0.03925629403307829,0.22513405132379058,1.6322704099763186
2010-06-11,-0.005964187608257343,0.0,0.005871986866134346,-0.0,-0.002935993433067173,0.22447305922754412,1.6225352430238127
2010-06-14,0.009999632055494478,1.0,0.0,0.009999632055494478,0.009799632055494478,0.22667281261434527,1.6387599984511232
2010-06-15,0.016039859502801956,0.0,0.0,0.0,-0.0002,0.2266274780518224,1.6650454785850912
2010-06-16,0.007211163414611477,0.0,0.0,0.0,0.0,0.2266274780518224,1.6770523936239283
2010-06-17,0.013351309037140213,0.0,0.004619821841084718,0.0,0.0,0.2266274780518224,1.6994432384026772
2010-06-18,0.002673058934661965,0.0,0.0,0.0,0.0,0.2266274780518224,1.7039859503350403
2010-06-21,-0.011045153789916218,0.0,0.006488584958048031,-0.0,-0.0,0.2266274780518224,1.6851651634577332
2010-06-22,-0.02349314095500632,1.0,0.0,-0.02349314095500632,-0.02369314095500632,0.22125796127006297,1.6455753407401543
2010-06-23,-0.01005770133512529,1.0,0.0,-0.01005770133512529,-0.01005770133512529,0.21903261477758995,1.629024635438543
2010-06-24,-0.012350514728143414,1.0,0.01145412365391206,-0.012350514728143414,-0.012350514728143414,0.21632744924283556,1.6089053426860507
2010-06-25,-0.007260681591952811,1.0,0.0,-0.007260681591952811,-0.007260681591952811,0.214756764514284,1.5972235932812155
2010-06-28,-0.0006097633578069361,1.0,0.002397325947322949,-0.0006097633578069361,-0.0006097633578069361,0.214625813708442,1.596249664859808
2010-06-29,-0.01666993075285672,1.0,0.0,-0.01666993075285672,-0.01666993075285672,0.21104801625614675,1.5696402934823241
2010-06-30,0.008063475567751999,1.0,0.0,0.008063475567751999,0.008063475567751999,0.21274979677885072,1.5822970496389779
2010-07-01,0.0038963031957057748,0.0,0.0026742663400544124,0.0,-0.0013371331700272062,0.21246532196866116,1.588462158690042
2010-07-02,0.00020396411194356645,0.0,0.0,0.0,0.0,0.21246532196866116,1.5887861479635952
2010-07-06,0.00898715232598768,0.0,9.899950548053768e-05,0.0,0.0,0.21246532196866116,1.6030648110887633
2010-07-07,0.02834011464219688,0.0,0.0,0.0,0.0,0.21246532196866116,1.6484958516138906
2010-07-08,0.0039367915475951865,0.0,0.0,0.0,0.0,0.21246532196866116,1.6549856361487698
2010-07-09,0.008431130250531327,0.0,0.0,0.0,0.0,0.21246532196866116,1.6689390356098985
2010-07-12,0.009333105900037886,0.0,0.0,0.0,0.0,0.21246532196866116,1.6845154203699528
2010-07-13,0.007127931839457258,0.0,0.0,0.0,0.0,0.21246532196866116,1.6965225314688646
2010-07-14,-0.0034428223492805055,0.0,0.0061173752677688015,-0.0,-0.0,0.21246532196866116,1.6906817057814656
2010-07-15,0.01612262799184161,1.0,0.0066770383972392265,0.01612262799184161,0.012784108793221996,0.21518150175949544,1.7179399379763924
2010-07-16,-0.006233056701688611,0.0,0.00800437907290839,-0.0,-0.004002189536454195,0.2143203046047151,1.7072319209328901
2010-07-19,0.003041217093197268,1.0,0.011527391100795092,0.003041217093197268,-0.002722478457200278,0.21373682219248816,1.7124239838328832
2010-07-20,-0.0013269705914006336,0.0,0.004494988196590055,-0.0,-0.0022474940982950276,0.2132564499460222,1.7101516475663279
2010-07-21,-0.011005446776702787,1.0,0.013538653595914345,-0.011005446776702787,-0.01777477357465996,0.20946586483489585,1.691330664628946
2010-07-22,0.013814258559055936,1.0,0.0,0.013814258559055936,0.013814258559055936,0.21235948045102135,1.7146951437389903
2010-07-23,-0.0005679320868937632,0.0,0.01246289436965997,-0.0,-0.006231447184829985,0.2110361735643929,1.7137213133476201
2010-07-26,0.0003786840033008776,1.0,0.0036277032480902423,0.0003786840033008776,-0.0014351676207442435,0.2107333012812875,1.7143702721951006
2010-07-27,0.01836093725751531,0.0,0.017321881730849555,0.0,-0.008660940865424778,0.20890815262051451,1.7458477171990243
2010-07-28,-0.013568518136071961,0.0,0.007251341349684838,-0.0,-0.0,0.20890815262051451,1.7221591507853895
2010-07-29,-0.01074109551706004,1.0,0.0009124565669899966,-0.01074109551706004,-0.011197323800555038,0.20656894039104684,1.7036612748512245
2010-07-30,-0.0038089709794112414,1.0,0.0,-0.0038089709794112414,-0.0038089709794112414,0.2057821252918496,1.6971720784965694
2010-08-02,0.03269596972778954,1.0,0.0,0.03269596972778954,0.03269596972778954,0.21251037143091212,1.752662765397943
2010-08-03,-0.00499909557860434,0.0,0.002820186126283274,-0.0,-0.001410093063141637,0.21221071203031172,1.7439010367166576
2010-08-04,-0.0026050262582509864,1.0,0.0,-0.0026050262582509864,-0.0028050262582509865,0.21161545541078455,1.7393581287242197
2010-08-05,-0.006343644075104238,1.0,0.0,-0.006343644075104238,-0.006343644075104238,0.21027304228086743,1.7283242598364539
2010-08-06,0.008449307163165276,1.0,0.006780326163380688,0.008449307163165276,0.008449307163165276,0.2120497038032317,1.7429274023853623
2010-08-09,-0.004282454355920895,0.0,0.0,-0.0,-0.0002,0.21200729386247108,1.735463395338963
2010-08-10,0.005048526315646784,1.0,0.006462838492210129,0.005048526315646784,0.0018171070695417197,0.21239253381494297,1.7442249279601736
2010-08-11,-0.01990663618235733,0.0,0.0,-0.0,-0.0002,0.21235005530818,1.7095032768990719
2010-08-12,-0.011769316353191006,1.0,0.0,-0.011769316353191006,-0.011969316353191007,0.2098083703185788,1.68938359202643
2010-08-13,-0.0007683949111157995,1.0,0.010751018709525632,-0.0007683949111157995,-0.0007683949111157995,0.2096471546345165,1.6880854782713943
2010-08-16,0.00269139221388226,1.0,0.005550414173320783,0.00269139221388226,0.00269139221388226,0.21021139735416242,1.6926287783839817
2010-08-17,0.005943093042394931,0.0,0.0,0.0,-0.0002,0.2101693550746916,1.702688228700153
2010-08-18,0.0015250117939695773,0.0,0.0005950614223778377,0.0,0.0,0.2101693550746916,1.705284848330374
2010-08-19,-0.013511169016139468,0.0,0.0,-0.0,-0.0,0.2101693550746916,1.6822444565239205
2010-08-20,0.027970513679671294,1.0,0.00800240553726068,0.027970513679671294,0.023969310911040955,0.21520696969044986,1.729297698107674
2010-08-23,0.008069164526514294,0.0,0.0,0.0,-0.0002,0.21516392829651176,1.7432516857490272
2010-08-24,0.01061079585073954,0.0,0.004211540596995222,0.0,0.0,0.21516392829651176,1.7617489735029677
2010-08-25,-0.009667851170312658,0.0,0.019117873540437213,-0.0,-0.0,0.21516392829651176,1.7447166466276898
2010-08-26,-0.00412939234654941,1.0,0.003786905488261474,-0.00412939234654941,-0.006022845090680146,0.21386802928727966,1.737512027060208
2010-08-27,0.015834096974986167,1.0,0.005380834479918895,0.015834096974986167,0.015834096974986167,0.21725443640286363,1.765023960991884
2010-08-30,-0.01169090910100734,0.0,0.007822914100269763,-0.0,-0.003911457050134882,0.21640465500592257,1.744389226302828
2010-08-31,0.00882466856493802,1.0,0.0036859416823783447,0.00882466856493802,0.006981697723748848,0.21791552689318608,1.7597828830731992
2010-09-01,0.016564775266822318,0.0,0.0,0.0,-0.0002,0.21787194378780744,1.7889332910497073
2010-09-02,0.0003658317125900812,0.0,0.0,0.0,0.0,0.21787194378780744,1.7895877395792814
2010-09-03,0.0,0.0,0.0014013897260591655,0.0,0.0,0.21787194378780744,1.7895877395792814
2010-09-07,-0.006405191552092959,0.0,0.0,-0.0,-0.0,0.21787194378780744,1.778125087307999
2010-09-08,-0.0003687169674969626,1.0,0.0052551993761616,-0.0003687169674969626,-0.0029963166555777624,0.21721913045385294,1.7774694624179765
2010-09-09,0.006264875038371587,1.0,0.0,0.006264875038371587,0.006264875038371587,0.21857998116209007,1.7886050864845466
2010-09-10,0.010071864374080697,0.0,0.003364764093185765,0.0,-0.0016823820465928826,0.21821224612603837,1.8066196743344098
2010-09-13,0.005257078884290722,0.0,0.0,0.0,0.0,0.21821224612603837,1.8161172164762975
2010-09-14,-0.007754560720452663,0.0,0.0,-0.0,-0.0,0.21821224612603837,1.8020340252456726
2010-09-15,-0.023082428322464654,1.0,0.0,-0.023082428322464654,-0.023282428322464653,0.21313173514652486,1.760438704023297
2010-09-16,0.002232523205611958,1.0,0.0072184808264929255,0.002232523205611958,0.002232523205611958,0.21360755669109183,1.7643689242820864
2010-09-17,-0.0020421987740140146,0.0,0.0010556293572354183,-0.0,-0.0005278146786177092,0.2134948114872066,1.760765732228009
2010-09-20,0.013765226184996315,1.0,0.005182017770706412,0.013765226184996315,0.011174217299643109,0.215880448903111,1.7850030707909181
2010-09-21,-0.007523092212441296,0.0,0.003593969755214917,-0.0,-0.0017969848776074584,0.215492515001061,1.7715743280898673
2010-09-22,0.004067232005754873,1.0,0.007525299540150715,0.004067232005754873,0.00030458223567951526,0.21555815019305224,1.7787797318976482
2010-09-23,-0.013994074042068982,0.0,0.0,-0.0,-0.0002,0.21551503856301363,1.7538873566249409
2010-09-24,0.01774099918586236,1.0,0.0,0.01774099918586236,0.017540999185862362,0.21929538767898854,1.7850030707909184
2010-09-27,0.003118942468054886,0.0,0.004628823327100758,0.0,-0.002314411663550379,0.2187878478759815,1.7905703926740166
2010-09-28,0.006219475286999732,0.0,0.006237813556042069,0.0,0.0,0.2187878478759815,1.801706800980886
2010-09-29,-0.006181032508067563,0.0,0.00648419150216284,-0.0,-0.0,0.2187878478759815,1.7905703926740169
2010-09-30,-0.005121669628165182,1.0,0.002736764194564273,-0.005121669628165182,-0.006490051725447319,0.21736790342636705,1.7813996826767666
2010-10-01,0.0003678190673574999,1.0,0.0,0.0003678190673574999,0.0003678190673574999,0.2174478554858788,1.7820549154466396
2010-10-04,-0.0077190499498808185,0.0,0.0077129362546895655,-0.0,-0.0038564681273447828,0.21660927476183806,1.7682991445408764
2010-10-05,0.007593825152425238,1.0,0.007455284608988294,0.007593825152425238,0.0038661828479310905,0.21744672582462507,1.781727299061703
2010-10-06,0.006985406584313125,0.0,0.003699041339972773,0.0,-0.0018495206699863866,0.21704455361059158,1.7941733886680191
2010-10-07,0.00219032796019647,0.0,0.0,0.0,0.0,0.21704455361059158,1.798103216806659
2010-10-08,0.0003645112381878146,0.0,0.004700061573428286,0.0,0.0,0.21704455361059158,1.7987586456366067
2010-10-11,0.001274833975110301,0.0,0.0032044383939162017,0.0,0.0,0.21704455361059158,1.8010517642710877
2010-10-12,0.004546155199350643,0.0,0.0033999155276981255,0.0,0.0,0.21704455361059158,1.8092396251135283
2010-10-13,0.004163205275777404,0.0,0.0,0.0,0.0,0.21704455361059158,1.8167718610659465
2010-10-14,-0.002343303831777721,0.0,0.0,-0.0,-0.0,0.21704455361059158,1.8125146126024447
2010-10-15,-0.0003610721397905303,1.0,0.006174325541071149,-0.0003610721397905303,-0.003448234910326105,0.2162961330037354,1.8118601640728709
2010-10-18,0.009038071485644172,1.0,0.004358294224624266,0.009038071485644172,0.009038071485644172,0.21825103291589157,1.8282358857577525
2010-10-19,-0.005553425053587802,0.0,0.006535789988072474,-0.0,-0.003267894994036237,0.21753781145798248,1.8180829147859172
2010-10-20,0.009367750192465385,1.0,0.004847144718336797,0.009367750192465385,0.006944177833296986,0.21904843270621296,1.8351142613608211
2010-10-21,-0.00785345320422881,0.0,0.014881203702306358,-0.0,-0.007440601851153179,0.21741858053232693,1.820702277384811
2010-10-22,-0.0025182925102388287,1.0,0.004186795286513601,-0.0025182925102388287,-0.004611690153495629,0.216415913405299,1.816117216476298
2010-10-25,-0.010820500557860657,1.0,0.008151187866404563,-0.010820500557860657,-0.010820500557860657,0.21407418489356705,1.7964659191222758
2010-10-26,0.007110463858670757,1.0,0.0,0.007110463858670757,0.007110463858670757,0.21559635164832716,1.8092396251135285
2010-10-27,-0.00977526407170537,0.0,0.0,-0.0,-0.0002,0.2155532323779975,1.7915538300090506
2010-10-28,0.006398490661845724,1.0,0.0,0.006398490661845724,0.006198490661845724,0.2168893370760232,1.8030170704605575
2010-10-29,-0.00018192201863198587,0.0,0.0,-0.0,-0.0002,0.216845959208608,1.8026890619554714
2010-11-01,-0.020349282049469397,1.0,0.02646332564853453,-0.020349282049469397,-0.03358094487373666,0.20956406700633118,1.7660056337862462
2010-11-02,0.00890238681841038,1.0,0.002897121012075721,0.00890238681841038,0.00890238681841038,0.21142968739406082,1.7817272990617032
2010-11-03,0.004228151141217884,0.0,0.003484630016411979,0.0,-0.0017423150082059894,0.21106131027653385,1.78926071137457
2010-11-04,0.006955995583648011,0.0,0.0,0.0,0.0,0.21106131027653385,1.8017068009808863
2010-11-05,-0.005090230059855982,0.0,0.0037812876272103834,-0.0,-0.0,0.21106131027653385,1.7925356988634864
2010-11-08,-0.005115835563506477,1.0,0.0032809317006306667,-0.005115835563506477,-0.00675630141382181,0.20963531644750943,1.7833653809863856
2010-11-09,-0.0003673037038747218,1.0,0.004164570507354822,-0.0003673037038747218,-0.0003673037038747218,0.20955831661931532,1.7827103442765875
2010-11-10,-0.005512019896457332,1.0,0.0,-0.005512019896457332,-0.005512019896457332,0.20840322700864156,1.7728840093893146
2010-11-11,-0.004433481466244893,1.0,0.010172492295812626,-0.004433481466244893,-0.004433481466244893,0.20747927516419312,1.7650239609918852
2010-11-12,-0.00482456749345872,1.0,0.0,-0.00482456749345872,-0.00482456749345872,0.20647827739766958,1.756508483764508
2010-11-15,-0.0011189824972162032,1.0,0.00844929767545766,-0.0011189824972162032,-0.0011189824972162032,0.20624723181920623,1.7545429815149638
2010-11-16,-0.018853935414286704,1.0,0.0,-0.018853935414286704,-0.018853935414286704,0.2023586598311115,1.7214629414598905
2010-11-17,-0.006659010876984284,1.0,0.001018458514082253,-0.006659010876984284,-0.006659010876984284,0.20101115131424419,1.7099997010083838
2010-11-18,0.0024901926949838504,1.0,0.008990295611828784,0.0024901926949838504,0.0024901926949838504,0.20151170781485722,1.7142579297722595
2010-11-19,-0.007069338324755203,0.0,0.0029063905190344387,-0.0,-0.0014531952595172194,0.20121887195632343,1.702139260490805
2010-11-22,0.0023089886650380365,1.0,0.0,0.0023089886650380365,0.0021089886650380364,0.20164324027647107,1.7060694807495944
2010-11-23,-0.008140873424702488,0.0,0.0030837824606911824,-0.0,-0.0015418912303455912,0.20133232833263032,1.692180585053064
2010-11-24,0.006253440388630294,1.0,0.0005432650445258634,0.006253440388630294,0.005981807866367362,0.2025366596380045,1.702762535468491
2010-11-26,-0.013788986910848289,0.0,0.0,-0.0,-0.0002,0.2024961523060769,1.6792831651546332
2010-11-29,-0.001575454755820882,0.0,0.0,-0.0,-0.0,0.2024961523060769,1.6766375305057204
2010-11-30,-0.001577940730048466,0.0,0.00871538413907232,-0.0,-0.0,0.2024961523060769,1.6739918958568076
2010-12-01,0.006124271769156753,0.0,0.0,0.0,0.0,0.2024961523060769,1.6842438771664006
2010-12-02,0.005890263231906001,-1.0,0.007764705609020909,-0.005890263231906001,-0.009772616036416455,0.2005172351607379,1.6941645169496367
2010-12-03,-0.0025374237013843226,-1.0,0.008668714275975322,0.0025374237013843226,0.0025374237013843226,0.20102603234577085,1.6898657037502842
2010-12-06,-0.003718128134164944,0.0,0.0058852734717483104,-0.0,-0.0029426367358741552,0.20043448575812317,1.68358256653421
2010-12-07,-0.0013755557043579891,0.0,0.0054067410061704145,-0.0,-0.0,0.20043448575812317,1.6812667049310561
2010-12-08,0.0007870312549014269,0.0,0.0,0.0,0.0,0.20043448575812317,1.682589914375662
2010-12-09,0.003931245959572172,-1.0,0.0,-0.003931245959572172,-0.004131245959572171,0.199606441598676,1.6892045891781682
2010-12-10,0.01801062008530896,-1.0,0.0,-0.01801062008530896,-0.01801062008530896,0.19601140581246182,1.7196282112802166
2010-12-13,0.0017309462798964503,-1.0,0.004032945752422029,-0.0017309462798964503,-0.0017309462798964503,0.19567212059875347,1.7226047953353372
2010-12-14,-0.012670458031071141,-1.0,0.0003120558087916634,0.012670458031071141,0.012670458031071141,0.1981513759906507,1.7007786035719188
2010-12-15,-0.011472333083144548,0.0,0.0,-0.0,-0.0002,0.19811174571545256,1.6812667049310563
2010-12-16,0.007474639553329165,0.0,0.0025648203212105362,0.0,0.0,0.19811174571545256,1.6938335675434295
2010-12-17,0.008785604489221388,-1.0,0.001538471807665867,-0.008785604489221388,-0.009554840393054322,0.19621881960515206,1.708714919338433
2010-12-20,-0.002709499725883191,-1.0,0.0011617111996921792,0.002709499725883191,0.002709499725883191,0.19675047444308533,1.704085156732873
2010-12-21,-0.007956143645025615,0.0,0.007951354803157052,-0.0,-0.003975677401578526,0.1959682580280921,1.6905272104425502
2010-12-22,0.018583366115797473,0.0,0.008147086055548267,0.0,0.0,0.1959682580280921,1.721942896522922
2010-12-23,0.00192035939618318,-1.0,0.0,-0.00192035939618318,-0.00212035939618318,0.19555273489082858,1.7252496457439506
2010-12-27,-0.0003831993669710654,-1.0,0.0034160444882608584,0.0003831993669710654,0.0003831993669710654,0.19562767057504823,1.7245885311718345
2010-12-28,0.0026843333361754596,0.0,0.009031578725589266,0.0,-0.004515789362794633,0.19474425722119715,1.7292179016572449
2010-12-29,-0.004207107228852425,-1.0,0.009248610568786224,0.004207107228852425,-0.0004171980555406872,0.19466301029575675,1.7219428965229218
2010-12-30,-0.001920359396183291,0.0,0.005891320200998097,-0.0,-0.0029456601004990484,0.1940895992332855,1.718636147301893
2010-12-31,0.0003849021174751055,0.0,0.0070865381272488355,0.0,0.0,0.1940895992332855,1.7192976539941587
2011-01-03,0.004616250053168791,-1.0,0.008045830748880807,-0.004616250053168791,-0.008639165427609195,0.19241282707773077,1.7272343618808221
2011-01-04,0.009956162057363827,-1.0,0.0014541111135291597,-0.009956162057363827,-0.009956162057363827,0.19049713378942937,1.744430987098755
2011-01-05,-0.007772468255162646,-1.0,0.009126175929227586,0.007772468255162646,0.007772468255162646,0.1919777667145072,1.730872452628208
2011-01-06,-0.00439474252957206,0.0,0.0,-0.0,-0.0002,0.1919393711611643,1.7232657138473781
2011-01-07,0.0021108193228311922,0.0,0.0024802801654578545,0.0,0.0,0.1919393711611643,1.7269032164145397
2011-01-10,0.013405152638540807,-1.0,0.0,-0.013405152638540807,-0.013605152638540808,0.18932800671917113,1.7500526176225637
2011-01-11,-0.003023379516976288,-1.0,0.0,0.003023379516976288,0.003023379516976288,0.18990041713667583,1.744761544384813
2011-01-12,0.016489838261481538,0.0,0.0,0.0,-0.0002,0.18986243705324848,1.7735323800565712
2011-01-13,0.002423539072340386,-1.0,0.006679003042042292,-0.002423539072340386,-0.005763040593361532,0.18876825212135606,1.7778306050756991
2011-01-14,0.007255134522929252,-1.0,0.005626564104993242,-0.007255134522929252,-0.007255134522929252,0.1873987130585574,1.790729005274504
2011-01-18,0.002769671846932109,-1.0,0.0,-0.002769671846932109,-0.002769671846932109,0.1868796801188478,1.7956887369858976
2011-01-19,-0.004419868389877846,-1.0,0.004847422133809669,0.004419868389877846,0.004419868389877846,0.18770566370971556,1.787752029099234
2011-01-20,0.003514326927706257,0.0,0.0040324556070350575,0.0,-0.0020162278035175288,0.18732720633166633,1.7940347741951588
2011-01-21,0.0031335125743763292,-1.0,0.005851862011176011,-0.0031335125743763292,-0.006059443579964335,0.18619210769390726,1.7996564047189676
2011-01-24,-0.005144727041530239,-1.0,0.006959974462270476,0.005144727041530239,0.005144727041530239,0.1871500152652796,1.790397663748147
2011-01-25,0.007942173591142243,0.0,0.0027502023706160936,0.0,-0.0013751011853080468,0.1868926650574579,1.8046173127908103
2011-01-26,-0.006596837820131873,-1.0,0.011844780295455526,0.006596837820131873,0.0006744476724041106,0.1870187143803953,1.7927125450509271
2011-01-27,0.0036892108109527477,1.0,0.014044355456996895,0.0036892108109527477,-0.010355144646044147,0.1850821085414691,1.7993262395530596
2011-01-28,-0.00698398668122846,0.0,0.011513438215850678,-0.0,-0.005756719107925339,0.1840166428306933,1.7867597690608361
2011-01-31,-0.01054949410358108,1.0,0.0,-0.01054949410358108,-0.010749494103581081,0.18203855701362398,1.767910357412613
2011-02-01,0.020015000243424064,1.0,0.007633320646493567,0.020015000243424064,0.020015000243424064,0.18568205877656424,1.8032950836465782
2011-02-02,0.006051643971416221,0.0,0.0,0.0,-0.0002,0.18564492236480892,1.8142079834682125
2011-02-03,0.002369634186709213,0.0,0.009712811955640603,0.0,0.0,0.18564492236480892,1.8185069927276396
2011-02-04,-0.004546398405908869,0.0,0.010871251152380709,-0.0,-0.0,0.18564492236480892,1.8102393354347686
2011-02-07,0.008220654310016728,1.0,0.0,0.008220654310016728,0.008020654310016728,0.18713391611150695,1.8251206872297723
2011-02-08,0.004349023153647158,0.0,0.0,0.0,-0.0002,0.18709648932828465,1.8330581793567349
2011-02-09,-0.003428001067867781,0.0,0.005261790980011693,-0.0,-0.0,0.18709648932828465,1.8267744539604363
2011-02-10,-0.00036201000663060867,1.0,0.004804471042346234,-0.00036201000663060867,-0.002764245527803726,0.18657930869439115,1.8261131433282454
2011-02-11,-0.002897558301443337,1.0,0.007254623459875743,-0.002897558301443337,-0.002897558301443337,0.18603868426960615,1.8208218740304198
2011-02-14,-0.006538128693243217,1.0,0.0,-0.006538128693243217,-0.006538128693243217,0.18482233940992981,1.8089171062905367
2011-02-15,0.001279705573422829,1.0,0.003865968527796747,0.001279705573422829,0.001279705573422829,0.18505885758776575,1.8112319875933165
2011-02-16,-0.007486132501882459,0.0,0.005966586705228305,-0.0,-0.0029832933526141524,0.1845067727280818,1.797672864942545
2011-02-17,-0.002207222387634822,1.0,0.0049951388084778356,-0.002207222387634822,-0.00470479179187374,0.1836387067782056,1.7937050011494002
2011-02-18,0.006452683382389246,1.0,0.008082819492496103,0.006452683382389246,0.006452683382389246,0.1848236692097968,1.8052792116032255
2011-02-22,0.0010985268337035947,0.0,0.0067512214324160725,0.0,-0.0033756107162080363,0.1841997764514033,1.807262359259499
2011-02-23,-0.005123400652708221,0.0,0.008098125795878196,-0.0,-0.0,0.1841997764514033,1.7980030301084537
2011-02-24,0.0007359328223857098,1.0,0.0078444376154144,0.0007359328223857098,-0.00318628598532149,0.18361286328519685,1.7993262395530596
2011-02-25,0.005146542771320428,0.0,0.0037490833963901207,0.0,-0.0018745416981950603,0.18326867331664376,1.8085865490044786
2011-02-28,0.014261563169571057,0.0,0.0,0.0,0.0,0.18326867331664376,1.8343798203207424
2011-03-01,-0.024157102879124315,0.0,0.011804385031561433,-0.0,-0.0,0.18326867331664376,1.7900665182818647
2011-03-02,0.0041064844843383685,1.0,0.0,0.0041064844843383685,0.003906484484338369,0.1839846095454205,1.7974173986651227
2011-03-03,0.011895694082924013,0.0,0.0,0.0,-0.0002,0.18394781262351143,1.818798926178968
2011-03-04,0.005694239885701169,0.0,0.01093416496155595,0.0,0.0,0.18394781262351143,1.8291556035684868
2011-03-07,-0.0023743867212701053,0.0,0.0,-0.0,-0.0,0.18394781262351143,1.824812480792237
2011-03-08,0.012449428761906578,1.0,0.0,0.012449428761906578,0.012249428761906577,0.18620106825015167,1.847530353775698
2011-03-09,0.008499263579683003,0.0,0.007111734469685569,0.0,-0.0035558672348427844,0.18553896197246822,1.8632330012239027
2011-03-10,-0.0075306906659926565,0.0,0.01149625557625345,-0.0,-0.0,0.18553896197246822,1.8492015698530164
2011-03-11,0.0061424046771081375,1.0,0.012510571920817806,0.0061424046771081375,-0.00011288128330076523,0.18551801809633847,1.8605601142245973
2011-03-14,-0.010953192103686615,0.0,0.0,-0.0,-0.0002,0.1854809144927192,1.8401810418730382
2011-03-15,-0.023783689449234036,1.0,0.0,-0.023783689449234036,-0.023983689449234034,0.18103239784076589,1.7964147474427619
2011-03-16,-0.02175939007525507,1.0,0.0,-0.02175939007525507,-0.02175939007525507,0.1770932432798899,1.757325858216214
2011-03-17,0.004182322810790451,1.0,0.010181921592316073,0.004182322810790451,0.004182322810790451,0.17783390439089625,1.7646755622390236
2011-03-18,-0.001135690960513247,0.0,0.0078084850498823955,-0.0,-0.0039042425249411978,0.17713959769899698,1.76267143615475
2011-03-21,0.018953411313718416,1.0,0.0,0.018953411313718416,0.018753411313718417,0.18046156943459288,1.7960800728951336
2011-03-22,0.0024184394794115605,0.0,0.005443332326558191,0.0,-0.0027216661632790953,0.17997041328729052,1.8004237838516075
2011-03-23,-0.0037113058981352864,0.0,0.0040092948308180784,-0.0,-0.0,0.17997041328729052,1.793741860443456
2011-03-24,0.006146176496949263,1.0,0.0028835026188551546,0.006146176496949263,0.004704425187521686,0.18081707063256794,1.8047665145077076
2011-03-25,0.0014811240334373643,0.0,0.0,0.0,-0.0002,0.18078090721844142,1.807439597567088
2011-03-28,-0.006099705981415182,0.0,0.004789069614467014,-0.0,-0.0,0.18078090721844142,1.7964147474427614
2011-03-29,0.01692384879225517,1.0,0.01013597556194108,0.01692384879225517,0.011855861011284628,0.1829242205279172,1.82681699899666
2011-03-30,0.0054864757048431745,0.0,0.0,0.0,-0.0002,0.18288763568381164,1.8368397860788497
2011-03-31,0.002546548315892405,0.0,0.0016828480263016662,0.0,0.0,0.18288763568381164,1.841517387342653
2011-04-01,0.01469483801002025,0.0,0.0,0.0,0.0,0.18288763568381164,1.8685781870422888
2011-04-04,0.004648795395818528,0.0,0.0,0.0,0.0,0.18288763568381164,1.877264824714938
2011-04-05,0.0021353643001889022,0.0,0.00327964874357075,0.0,0.0,0.18288763568381164,1.8812734690036346
2011-04-06,0.004617841082694474,0.0,0.0,0.0,0.0,0.18288763568381164,1.8899608909165826
2011-04-07,-0.009192503130023844,0.0,0.0,-0.0,-0.0,0.18288763568381164,1.8725874195112093
2011-04-08,-0.0008918353821396607,1.0,0.00562691365767829,-0.0008918353821396607,-0.003705292210978806,0.18220998355182808,1.8709173797943397
2011-04-11,-0.014821685390479677,1.0,0.0033593967607918446,-0.014821685390479677,-0.014821685390479677,0.1795093245006184,1.8431872309994475
2011-04-12,-0.0009059544406074815,1.0,0.0,-0.0009059544406074815,-0.0009059544406074815,0.17934669723095661,1.8415173873426525
2011-04-13,-0.0027216054139538315,1.0,0.006073683560970742,-0.0027216054139538315,-0.0027216054139538315,0.1788585862887981,1.8365055036513707
2011-04-14,0.0034567961862079777,1.0,0.0019296436605207952,0.0034567961862079777,0.0034567961862079777,0.17947686396775178,1.8428539288723427
2011-04-15,-0.0007252563584938532,0.0,0.0,-0.0,-0.0002,0.17944096859495823,1.8415173873426527
2011-04-18,-0.0034470687512256903,1.0,0.0,-0.0034470687512256903,-0.0036470687512256904,0.17878653504570588,1.835169550301905
2011-04-19,-0.0007284000486739162,1.0,0.0,-0.0007284000486739162,-0.0007284000486739162,0.17865630692487636,1.8338328127121402
2011-04-20,0.01439248497582124,1.0,0.0,0.01439248497582124,0.01439248497582124,0.18122761513812835,1.8602262239172676
2011-04-21,-0.003053106215170631,0.0,0.004869736373990319,-0.0,-0.0024348681869951596,0.18078634978342353,1.8545467556714024
2011-04-25,-0.0009008281360310955,1.0,0.005311194070914892,-0.0009008281360310955,-0.0035564251714885415,0.18014339665839224,1.8528761277743084
2011-04-26,0.010458118165148633,1.0,0.0,0.010458118165148633,0.010458118165148633,0.18202735758731695,1.8722537252639553
2011-04-27,0.002855156791199631,0.0,0.002267051405996683,0.0,-0.0011335257029983414,0.18182102489884286,1.8775993032024916
2011-04-28,0.011209344224960338,0.0,0.0,0.0,0.0,0.18182102489884286,1.898645960108634
2011-04-29,-0.004574348970017628,0.0,0.011197645949954224,-0.0,-0.0,0.18182102489884286,1.889960890916583
2011-05-02,0.0005300993194499171,1.0,0.006488174258539611,0.0005300993194499171,-0.0027139878098198884,0.18132756485369844,1.890962757898645
2011-05-03,0.013604410992727356,0.0,0.0022638004686824312,0.0,-0.0011319002343412156,0.18112232014054802,1.9166881924290393
2011-05-04,0.00104582383944396,0.0,0.003066844203944512,0.0,0.0,0.18112232014054802,1.9186927106334624
2011-05-05,-0.006617142073536031,0.0,0.006347584317006428,-0.0,-0.0,0.18112232014054802,1.9059964483717429
2011-05-06,0.0059596819089087205,1.0,0.0,0.0059596819089087205,0.005759681908908721,0.1821655270911611,1.9173555809235483
2011-05-09,0.0045304281057718665,0.0,0.006450965483041308,0.0,-0.003225482741520654,0.18157795532742854,1.9260420225361228
2011-05-10,0.012142633340845643,0.0,0.0,0.0,0.0,0.18157795532742854,1.9494292446148396
2011-05-11,-0.0022284979814986006,0.0,0.009139219022451215,-0.0,-0.0,0.18157795532742854,1.9450849454781411
2011-05-12,0.011336514911708173,1.0,0.002265335563050845,0.011336514911708173,0.01020384713018275,0.18343074902580078,1.9671354299670931
2011-05-13,-0.004075815307579833,0.0,0.008805290881254303,-0.0,-0.004402645440627151,0.1826231684749315,1.9591177492695506
2011-05-16,-0.009720352474611782,1.0,0.009551593505443115,-0.009720352474611782,-0.01449614922733334,0.17997583577235046,1.9400744342073826
2011-05-17,0.009126953729374332,1.0,0.00831557682216611,0.009126953729374332,0.009126953729374332,0.1816184668978502,1.9577814037999355
2011-05-18,-0.0017065540246874455,0.0,0.004272688189393749,-0.0,-0.0021363440946968746,0.18123046735860507,1.9544403440658225
2011-05-19,-0.0018803081161317126,1.0,0.005195459611892165,-0.0018803081161317126,-0.004478037922077795,0.18041891045313735,1.9507653940243803
2011-05-20,-0.010446806404327269,1.0,0.0,-0.010446806404327269,-0.010446806404327269,0.17853410902395375,1.9303861256127464
2011-05-23,-0.0032886815423814886,1.0,0.0,-0.0032886815423814886,-0.0032886815423814886,0.17794696719492115,1.9240377003917744
2011-05-24,-0.003646095673607519,1.0,0.005263743568506455,-0.003646095673607519,-0.003646095673607519,0.17729815552770017,1.917022474856518
2011-05-25,-0.006448531509869904,1.0,0.0,-0.006448531509869904,-0.006448531509869904,0.176154842785138,1.904660495022277
2011-05-26,0.0015786421330692413,1.0,0.009443635785011112,0.0015786421330692413,0.0015786421330692413,0.1764329282419028,1.9076672723289116
2011-05-27,0.0043785137410901065,0.0,0.0,0.0,-0.0002,0.1763976416562544,1.9160200196942316
2011-05-31,0.010462192471064835,0.0,0.0,0.0,0.0,0.1763976416562544,1.9360657899186862
2011-06-01,-0.011150132761375886,0.0,0.0029642448435047842,-0.0,-0.0,0.1763976416562544,1.9144783993263348
2011-06-02,-0.009689440205047695,1.0,0.0,-0.009689440205047695,-0.009889440205047695,0.17465316772678346,1.8959281753522068
2011-06-03,-0.00942964728842055,1.0,0.0,-0.00942964728842055,-0.00942964728842055,0.17300624995731453,1.8780502413744569
2011-06-06,-0.0048491729732884625,1.0,0.004478882523373934,-0.0048491729732884625,-0.0048491729732884625,0.17216731272581154,1.868943250901506
2011-06-07,0.0,1.0,7.729408798456063e-05,0.0,0.0,0.17216731272581154,1.868943250901506
2011-06-08,0.00162465199329076,0.0,0.0,0.0,-0.0002,0.17213287926326637,1.8719796332794305
2011-06-09,0.0023420636175781606,0.0,0.0,0.0,0.0,0.17213287926326637,1.8763639286713816
2011-06-10,-0.00251631287960985,0.0,0.006601191821742213,-0.0,-0.0,0.17213287926326637,1.8716424099508304
2011-06-13,0.007388854495001818,1.0,0.012087234456551962,0.007388854495001818,0.0013452372667258367,0.17236443882728011,1.8854717033846315
2011-06-14,-0.00017906153040836426,0.0,0.0,-0.0,-0.0002,0.17232996593951466,1.8851340879358818
2011-06-15,-0.007514962947801629,1.0,0.0036684551078190026,-0.007514962947801629,-0.00934919050171113,0.17071882025879276,1.8709673751134057
2011-06-16,0.012259260279998685,1.0,0.007178986532429496,0.012259260279998685,0.012259260279998685,0.1728117067110396,1.893904051140307
2011-06-17,0.008548300355648575,0.0,0.0,0.0,-0.0002,0.1727771443696974,1.9100937118142338
2011-06-20,0.007416250016679671,0.0,0.005342493927144042,0.0,0.0,0.1727771443696974,1.924259444336336
2011-06-21,-0.001401579395356456,0.0,0.0,-0.0,-0.0,0.1727771443696974,1.921562441947834
2011-06-22,-0.004387868606981038,1.0,0.0,-0.004387868606981038,-0.004587868606981038,0.17198446553303984,1.9131308784324574
2011-06-23,-0.005995256552114081,1.0,0.0,-0.005995256552114081,-0.005995256552114081,0.17095337453919104,1.9016611679984834
2011-06-24,0.004079642203934641,1.0,0.0,0.004079642203934641,0.004079642203934641,0.17165080314086617,1.9094192651570336
2011-06-27,0.006535817516261977,0.0,0.002695524804542014,0.0,-0.001347762402271007,0.1714194586420733,1.921898881036135
2011-06-28,0.0019307118660942812,0.0,0.0027201383795157864,0.0,0.0,0.1714194586420733,1.9256095140111849
2011-06-29,0.0024521642660897403,0.0,0.00026169733883712283,0.0,0.0,0.1714194586420733,1.9303314248518855
2011-06-30,0.004019150866396037,0.0,0.005590815389663783,0.0,0.0,0.1714194586420733,1.9380897180705103
2011-07-01,0.012530167625627087,0.0,0.0,0.0,0.0,0.1714194586420733,1.9623743071114381
2011-07-05,-0.008422580933287738,0.0,0.007810417288605619,-0.0,-0.0,0.1714194586420733,1.9458460506883877
2011-07-06,0.0012139355937039742,1.0,0.008006919983091035,0.0012139355937039742,-0.0027895243978415434,0.17094127987992647,1.9482081824691866
2011-07-07,0.0050204331538790115,0.0,0.0027726315661043143,0.0,-0.0013863157830521571,0.17070430128565378,1.9579890314191133
2011-07-08,-0.006029131405945853,0.0,0.0,-0.0,-0.0,0.17070430128565378,1.946184058257287
2011-07-11,-0.009358615773505718,1.0,0.0,-0.009358615773505718,-0.009558615773505719,0.16907260445877947,1.927970469431535
2011-07-12,0.002274453733486448,1.0,0.005167390166256802,0.002274453733486448,0.002274453733486448,0.169457152275221,1.9323555490637851
2011-07-13,-0.0015708300053896007,0.0,0.006404495410923044,-0.0,-0.003202247705461522,0.16891450849817363,1.9293201469862347
2011-07-14,-0.0036714769460839403,1.0,0.0035578074985960387,-0.0036714769460839403,-0.00545038069538196,0.16799386012188525,1.9222366925449594
2011-07-15,-0.0033340388043031632,1.0,0.0,-0.0033340388043031632,-0.0033340388043031632,0.1674337620733542,1.9158278808209592
2011-07-18,-0.007746808441615238,1.0,0.0,-0.007746808441615238,-0.007746808441615238,0.16613668479191293,1.9009863292211335
2011-07-19,0.007274695857172331,1.0,0.00984993383802145,0.007274695857172331,0.007274695857172331,0.167345278644493,1.9148154265948598
2011-07-20,0.0029949399337918514,0.0,0.0,0.0,-0.0002,0.1673118095887641,1.9205501837818095
2011-07-21,0.016684322331286916,0.0,0.0,0.0,0.0,0.1673118095887641,1.9525932621014375
2011-07-22,-0.007427836770939833,0.0,0.009040369788583993,-0.0,-0.0,0.1673118095887641,1.938089718070511
2011-07-25,0.0013920834849492358,1.0,0.002959941661693151,0.0013920834849492358,-8.788734589733967e-05,0.16729710499788206,1.9407877007593868
2011-07-26,-0.0031283134847515104,0.0,0.00645820213641883,-0.0,-0.003229101068209415,0.16675688573742506,1.9347163084240613
2011-07-27,-0.012378119649042563,1.0,0.0,-0.012378119649042563,-0.012578119649042563,0.16465939767631801,1.9107681584714342
2011-07-28,-0.007237351769936451,1.0,0.004854735072488056,-0.007237351769936451,-0.007237351769936451,0.16346769969310865,1.8969392571577828
2011-07-29,-0.01760328572893277,1.0,0.0,-0.01760328572893277,-0.01760328572893277,0.16059013106795947,1.8635468934036048
2011-08-01,0.0028957454824465323,1.0,0.004923599993041329,0.0028957454824465323,0.0028957454824465323,0.161055159214525,1.8689432509015056
2011-08-02,-0.021115125796446144,0.0,0.0,-0.0,-0.0002,0.16102294818268212,1.8294802790523013
2011-08-03,-0.003871518235069482,1.0,0.0,-0.003871518235069482,-0.004071518235069482,0.16036734031289168,1.8223974127912503
2011-08-04,-0.028502876301344626,1.0,0.004648809583531356,-0.028502876301344626,-0.028502876301344626,0.1557964098491777,1.7704538447625708
2011-08-05,0.006096791197498064,1.0,0.0,0.006096791197498064,0.006096791197498064,0.15674626802934796,1.7812479321788959
2011-08-08,-0.04999067165719251,0.0,0.0,-0.0,-0.0002,0.1567149187757421,1.6922021516612875
2011-08-09,0.03528010938196435,0.0,0.018637011742956556,0.0,0.0,0.1567149187757421,1.7519032286682932
2011-08-10,-0.033692860075767106,-1.0,0.022585304670164768,0.033692860075767106,0.02240020774068472,0.16022536551238323,1.6928765983184877
2011-08-11,0.04502865778004672,0.0,0.015516422693472712,0.0,-0.007758211346736356,0.15898230326363008,1.7691045593280206
2011-08-12,0.004576053181559958,-1.0,0.0,-0.004576053181559958,-0.004776053181559958,0.1582229953283161,1.7772000758752458
2011-08-15,0.0389066485124665,-1.0,0.0,-0.0389066485124665,-0.0389066485124665,0.15206706886248766,1.8463449745636527
2011-08-16,-0.0009129000733866244,-1.0,0.010446568935276103,0.0009129000733866244,0.0009129000733866244,0.1522058909008119,1.8446594461008765
2011-08-17,0.0065823512931300066,0.0,0.0,0.0,-0.0002,0.15217544972263175,1.8568016425913032
2011-08-18,-0.008355986832900841,-1.0,0.0,0.008355986832900841,0.00815598683290084,0.1534165906868603,1.8412862325145016
2011-08-19,-0.005495643425890373,0.0,0.009133282801067327,-0.0,-0.004566641400533663,0.15271599213230097,1.8311671799356009
2011-08-22,-0.0029474850015958065,0.0,0.008004847627713897,-0.0,-0.0,0.15271599213230097,1.825769842137326
2011-08-23,0.018289685317200988,0.0,0.0189903291313228,0.0,0.0,0.15271599213230097,1.8591625980116535
2011-08-24,0.02693760593726391,-1.0,0.0,-0.02693760593726391,-0.027137605937263908,0.1485716457174963,1.9092439874501912
2011-08-25,-0.014810861633985262,-1.0,0.018622173377087953,0.014810861633985262,0.014810861633985262,0.15077211980495162,1.8809664389265481
2011-08-26,0.0036226419342353378,0.0,0.0,0.0,-0.0002,0.15074196538099063,1.8877805068250928
2011-08-29,0.01588177781525868,-1.0,0.0,-0.01588177781525868,-0.01608177781525868,0.14831776658629814,1.9177618173984654
2011-08-30,0.0026648261856743183,-1.0,0.0,-0.0026648261856743183,-0.0026648261856743183,0.14792252551809823,1.9228723193073551
2011-08-31,0.004961475154847239,-1.0,0.0004593274661938872,-0.004961475154847239,-0.004961475154847239,0.14718861158289792,1.9324126025455421
2011-09-01,0.0,-1.0,0.0021031659965283036,-0.0,-0.0,0.14718861158289792,1.9324126025455421
2011-09-02,-0.01921790153574998,0.0,0.0,-0.0,-0.0002,0.14715917386058133,1.8952756874233796
2011-09-06,-0.01042567192013999,0.0,0.0,-0.0,-0.0,0.14715917386058133,1.8755161649080856
2011-09-07,-0.0009081094054920191,0.0,0.0,-0.0,-0.0,0.14715917386058133,1.8738129910385803
2011-09-08,-0.006182472719138077,0.0,0.0028514000535248287,-0.0,-0.0,0.14715917386058133,1.8622281933407179
2011-09-09,-0.019392197702040592,0.0,0.0,-0.0,-0.0,0.14715917386058133,1.8261154960491408
2011-09-12,0.009701031590838793,0.0,0.01010736009035848,0.0,0.0,0.14715917386058133,1.8438307001648337
2011-09-13,-0.00979305787907958,-1.0,0.012760414305624116,0.00979305787907958,0.003412850726267523,0.14766140615396836,1.8257739593988958
2011-09-14,0.004851852691042824,0.0,0.011524679929459252,0.0,-0.005762339964729626,0.14681053093203916,1.8346323456970413
2011-09-15,0.009099437980289782,-1.0,0.0,-0.009099437980289782,-0.009299437980289782,0.14544527550478326,1.851326468943345
2011-09-16,0.017298429709713847,-1.0,0.0,-0.017298429709713847,-0.017298429709713847,0.1429293006298538,1.8833515097360942
2011-09-19,-0.00958745333121247,-1.0,0.0035393942928574045,0.00958745333121247,0.00958745333121247,0.14429962862930534,1.8652949650302308
2011-09-20,0.016803738111467403,0.0,0.0,0.0,-0.0002,0.1442707687035795,1.8966388931232376
2011-09-21,-0.015448278457072084,-1.0,0.022232468096303384,0.015448278457072084,0.0043320444089203925,0.14489575608051247,1.8673390873697568
2011-09-22,-0.026637594427991296,0.0,0.0,-0.0,-0.0002,0.14486677692929636,1.817597666100866
2011-09-23,0.008622080776509389,0.0,0.017036756180584842,0.0,0.0,0.14486677692929636,1.8332691399971826
2011-09-26,0.010593496766178934,-1.0,0.0063431163676989965,-0.010593496766178934,-0.013765054950028431,0.14287267778443108,1.8526898707032784
2011-09-27,0.003309451201283231,-1.0,0.0,-0.003309451201283231,-0.003309451201283231,0.14239984762930685,1.8588212574214826
2011-09-28,-0.013196038003239319,-1.0,0.0,0.013196038003239319,0.013196038003239319,0.14427896143027868,1.8342921814673196
2011-09-29,0.0126300721929129,0.0,0.008279534602634812,0.0,-0.004139767301317406,0.1436816801034816,1.8574594241421476
2011-09-30,-0.009171589825975102,-1.0,0.011677689798527752,0.009171589825975102,0.0033327449267112254,0.14416053449390784,1.8404235681855239
2011-10-03,-0.021288182567474112,0.0,0.0,-0.0,-0.0002,0.14413170238700906,1.8012442952645082
2011-10-04,0.002648030315201444,0.0,0.0,0.0,0.0,0.14413170238700906,1.8060140447634523
2011-10-05,0.00018867650056986207,-1.0,0.0,-0.00018867650056986207,-0.00038867650056986205,0.14407568178130412,1.8063547971733982
2011-10-06,0.013957039366687463,-1.0,0.002392840069605953,-0.013957039366687463,-0.013957039366687463,0.14206481181890013,1.8315661621877521
2011-10-07,0.008184556783219499,-1.0,0.0,-0.008184556783219499,-0.008184556783219499,0.14090207429967094,1.8465567194444013
2011-10-10,0.016604764267431626,-1.0,0.0,-0.016604764267431626,-0.016604764267431626,0.13856242857113277,1.8772183584772175
2011-10-11,-0.0059882753629091345,-1.0,0.009056653139751982,0.0059882753629091345,0.0059882753629091345,0.13939217854837016,1.8659770580303476
2011-10-12,-0.0016439408601574002,0.0,0.010163757968078712,-0.0,-0.005081878984039356,0.13868380436566574,1.8629095021005353
2011-10-13,-0.0016452796796541103,0.0,0.0,-0.0,-0.0,0.13868380436566574,1.8598444949516948
2011-10-14,0.0049451328497132074,0.0,0.0,0.0,0.0,0.13868380436566574,1.8690416730590387
2011-10-17,-0.003097973828818934,-1.0,0.007512449290466701,0.003097973828818934,-0.0006582508164144165,0.1385925156382186,1.8632514308709298
2011-10-18,0.002559801302092435,0.0,0.0070642737847992085,0.0,-0.0035321368923996043,0.13810298790072237,1.8680209843097988
2011-10-19,-0.0014593087028809126,-1.0,0.00025215128672399697,0.0014593087028809126,0.0012593087028809125,0.1382769021952796,1.8652949650302313
2011-10-20,0.006027079340270136,0.0,0.007485591544964132,0.0,-0.003742795772482066,0.1377593599903112,1.876537245777475
2011-10-21,0.014343184098688955,-1.0,0.0,-0.014343184098688955,-0.014543184098688955,0.13575590025665454,1.903452764961708
2011-10-24,-0.0005369511597960175,-1.0,0.003236830980695095,0.0005369511597960175,0.0005369511597960175,0.13582879454474653,1.9024307037919448
2011-10-25,-0.011461146485656215,0.0,0.0,-0.0,-0.0002,0.13580162878583757,1.8806266668169753
2011-10-26,0.015036028629410891,0.0,0.000938839864496888,0.0,0.0,0.13580162878583757,1.908903823220469
2011-10-27,0.03159006363902761,-1.0,0.0,-0.03159006363902761,-0.03179006363902761,0.1314844863644522,1.9692062164767867
2011-10-28,-0.0131485882165997,-1.0,0.012672792840981908,0.0131485882165997,0.0131485882165997,0.13321332173252948,1.9433139348227653
2011-10-31,-0.011220431668060415,0.0,0.0,-0.0,-0.0002,0.13318667906818296,1.9215091136074969
2011-11-01,-0.018616792784615366,1.0,0.0,-0.018616792784615366,-0.018816792784615365,0.1306805329264859,1.8857367766057163
2011-11-02,0.01535647470128887,1.0,0.0,0.01535647470128887,0.01535647470128887,0.13268732522432244,1.914695045708952
2011-11-03,0.025088934828979115,0.0,0.0,0.0,-0.0002,0.1326607877592776,1.9627327049281131
2011-11-04,-0.02030861641051518,0.0,0.0,-0.0,-0.0,0.1326607877592776,1.9228723193073551
2011-11-07,-0.007264390852491753,1.0,0.015633699070506327,-0.007264390852491753,-0.015081240387744917,0.1306600985290523,1.9089038232204691
2011-11-08,0.007495952526626937,1.0,0.00727940168769689,0.007495952526626937,0.007495952526626937,0.13163952042475047,1.9232128756572264
2011-11-09,-0.027812268841907684,0.0,0.0,-0.0,-0.0002,0.13161319252066553,1.8697239621192292
2011-11-10,0.007470467368217992,1.0,0.00679204216007789,0.007470467368217992,0.004074446288179047,0.13214944340440674,1.883691673965816
2011-11-11,0.009586138323872007,0.0,0.0,0.0,-0.0002,0.13212301351572586,1.9017490029119783
2011-11-14,-0.009852752028180256,0.0,0.0,-0.0,-0.0,0.13212301351572586,1.8830115415664477
2011-11-15,0.006874867376532423,1.0,0.013584405935242296,0.006874867376532423,8.266440891127515e-05,0.13213393538654172,1.8959569961831968
2011-11-16,-0.000898732467685015,0.0,0.00812190636356401,-0.0,-0.004060953181782005,0.13159734566121237,1.8942530380733924
2011-11-17,-0.0039562825806711555,1.0,0.009715459336222448,-0.0039562825806711555,-0.00881401224878238,0.1304374450446472,1.8867588377754791
2011-11-18,0.0027083025272536254,1.0,0.008283081596909969,0.0027083025272536254,0.0027083025272536254,0.13079070910671012,1.8918687515041446
2011-11-21,-0.014946576141149803,0.0,0.0,-0.0,-0.0002,0.1307645509648888,1.8635917911607258
2011-11-22,-0.012742593323575857,1.0,0.0,-0.012742593323575857,-0.012942593323575858,0.12907211856061024,1.8398447988448103
2011-11-23,-0.020202071869112048,1.0,0.0,-0.020202071869112048,-0.020202071869112048,0.12646459434515023,1.8026761219905354
2011-11-25,0.0036271648654648825,1.0,0.006155536037751657,0.0036271648654648825,0.0036271648654648825,0.12692330227848422,1.809214725484032
2011-11-28,0.018641918997678752,0.0,0.0,0.0,-0.0002,0.12689791761802852,1.842941959845913
2011-11-29,0.01587317460513349,0.0,0.0,0.0,0.0,0.12689791761802852,1.872195299361674
2011-11-30,0.019117633198556083,0.0,0.0,0.0,0.0,0.12689791761802852,1.9079872423709314
2011-12-01,0.0025252665376442884,0.0,0.0,0.0,0.0,0.12689791761802852,1.912805418708343
2011-12-02,0.003238446525555272,0.0,0.0,0.0,0.0,0.12689791761802852,1.9189999367706223
2011-12-05,0.013450906719129074,0.0,0.0,0.0,0.0,0.12689791761802852,1.9448122259141385
2011-12-06,0.004777774943845348,0.0,0.00368788014444064,0.0,0.0,0.12689791761802852,1.9541041010375952
2011-12-07,0.005283206432835863,0.0,0.010802269675028462,0.0,0.0,0.12689791761802852,1.964428036394628
2011-12-08,-0.00805886828322433,0.0,0.012412021008081305,-0.0,-0.0,0.12689791761802852,1.9485969695974508
2011-12-09,0.015188894003536735,1.0,0.002418996453124468,0.015188894003536735,0.0139793957769745,0.12867187383168485,1.9781940024242792
2011-12-12,-0.008524506196099901,0.0,0.011822657536679937,-0.0,-0.0059113287683399685,0.1279112520822274,1.961330875393526
2011-12-13,0.0068434514986619455,1.0,0.0,0.0068434514986619455,0.006643451498661946,0.1287610242815688,1.9747531481121097
2011-12-14,-0.0036598815112988126,0.0,0.00213990911006359,-0.0,-0.001069954555031795,0.12862325583712816,1.967525785575955
2011-12-15,0.012943781270175592,1.0,0.0,0.012943781270175592,0.012743781270175591,0.13026240247577436,1.9929930089878805
2011-12-16,-0.0006904919679030508,0.0,0.005212918948241073,-0.0,-0.0026064594741205364,0.1299228788027197,1.9916168633230873
2011-12-19,-0.005529721465334814,1.0,0.0016721271447102228,-0.005529721465334814,-0.006365785037689925,0.12909581768478373,1.9806037768032467
2011-12-20,0.02067763641448117,1.0,0.0,0.02067763641448117,0.02067763641448117,0.13176521406549985,2.0215579815811324
2011-12-21,0.01600246573750863,0.0,0.0,0.0,-0.0002,0.13173886102268675,2.0539078939177715
2011-12-22,0.0006701087857656773,0.0,0.0033768766641242795,0.0,0.0,0.13173886102268675,2.055284235642639
2011-12-23,0.00887480800932483,0.0,0.0,0.0,0.0,0.13173886102268675,2.0735244886385593
2011-12-27,0.008630701784659855,0.0,0.0,0.0,0.0,0.13173886102268675,2.091420460143188
2011-12-28,-0.0016454110963817214,0.0,0.0,-0.0,-0.0,0.13173886102268675,2.0879792137108684
2011-12-29,0.006757942554389551,1.0,0.004229287633787148,0.006757942554389551,0.004643298737495977,0.13235056390975256,2.1020896572918857
2011-12-30,-0.0032743060986539785,0.0,0.00366007087653524,-0.0,-0.00183003543826762,0.132108357687523,2.0952067723070975
2012-01-03,-0.03170189083385622,1.0,0.0,-0.03170189083385622,-0.031901890833856215,0.1278938512823356,2.0287847559370618
2012-01-04,-0.0025445093440896738,1.0,0.0008059371225721333,-0.0025445093440896738,-0.0025445093440896738,0.1275684241826961,2.0236224941684333
2012-01-05,0.012755195713466838,1.0,0.0026254439784683444,0.012755195713466838,0.012755195713466838,0.12919558440000495,2.0494341951317256
2012-01-06,-0.010579739413013933,0.0,0.0066248286117591235,-0.0,-0.0033124143058795618,0.1287676350979819,2.027751715403112
2012-01-09,0.0011884938480068996,1.0,0.0,0.0011884938480068996,0.0009884938480068995,0.12889492111309864,2.0301616858421543
2012-01-10,0.004407427129887953,0.0,0.0,0.0,-0.0002,0.128869142128876,2.039109475534394
2012-01-11,-0.0006748758128508614,0.0,0.004453130238672927,-0.0,-0.0,0.128869142128876,2.0377333298696008
2012-01-12,0.003039713710982106,1.0,0.0025910187248640282,0.003039713710982106,0.0017442043485500919,0.1290939162469711,2.0439274558117306
2012-01-13,-0.004545992587438374,0.0,0.004095776013850089,-0.0,-0.0020478880069250446,0.12882954636412197,2.034635776748349
2012-01-17,0.0005072456925070412,1.0,1.2418460815544083e-05,0.0005072456925070412,0.00030724569250704123,0.12886912868731,2.035667836981925
2012-01-18,0.005917434453144965,0.0,0.0060599388978437195,0.0,-0.0030299694489218597,0.12847865916447826,2.047713767975641
2012-01-19,-0.011932899783403728,0.0,0.005703291919926308,-0.0,-0.0,0.12847865916447826,2.0232786047972917
2012-01-20,0.008845035706993798,1.0,0.005961058775803218,0.008845035706993798,0.005864506319092189,0.12923212307301685,2.0411745763019202
2012-01-23,0.0008433416114643766,0.0,0.0,0.0,-0.0002,0.12920627664840226,2.042895983758379
2012-01-24,-0.0028642735498805028,0.0,0.0,-0.0,-0.0,0.12920627664840226,2.0370445708269425
2012-01-25,0.014529302495692953,1.0,0.0042208051116869125,0.014529302495692953,0.012418899939849497,0.1308108764696993,2.0666414075936963
2012-01-26,-0.006327758138853556,0.0,0.005224911110403921,-0.0,-0.0026124555552019604,0.1304691388687852,2.0535642006067034
2012-01-27,0.004189740120399188,1.0,0.005205161896275311,0.004189740120399188,0.0015871591722615326,0.13067621415923786,2.062168100927801
2012-01-30,0.00016685615060296755,0.0,0.0038928339008142336,0.0,-0.0019464169504071168,0.1304218637609833,2.062512186359018
2012-01-31,-0.0013348166319179233,0.0,0.0045916315121047185,-0.0,-0.0,0.1304218637609833,2.0597591107891327
2012-02-01,0.001670512971223781,1.0,0.0,0.001670512971223781,0.0014705129712237809,0.130613650803375,2.0631999651013024
2012-02-02,0.002668933381670513,0.0,0.006594523358277111,0.0,-0.0032972616791385554,0.13018298341780865,2.0687065083612226
2012-02-03,0.0016638564526705313,0.0,0.009048168025556361,0.0,0.0,0.13018298341780865,2.072148539033841
2012-02-06,-0.003985922154780441,0.0,0.00432952994683561,-0.0,-0.0,0.13018298341780865,2.06388911626411
2012-02-07,0.0035015322766038803,1.0,0.005213613158106425,0.0035015322766038803,0.0008947256975506677,0.13029946147845636,2.07111589062004
2012-02-08,0.002824773185102103,0.0,0.006883978187050464,0.0,-0.003441989093525232,0.1298509721531553,2.0769663232511024
2012-02-09,-0.0009941926762775388,0.0,0.006766011065840974,-0.0,-0.0,0.1298509721531553,2.074901418543651
2012-02-10,0.0011612032443011344,1.0,0.005221794568850258,0.0011612032443011344,-0.0014496940401239945,0.12966272797272058,2.077310800802469
2012-02-13,-0.005301418735914165,0.0,0.004714350018975215,-0.0,-0.0023571750094876073,0.1293570902306813,2.066298106402778
2012-02-14,0.005662529092834934,1.0,0.007675494652188904,0.005662529092834934,0.0018247817667404816,0.12959313869033284,2.0779985795447535
2012-02-15,-0.006789929223019464,0.0,0.007461194699597266,-0.0,-0.003730597349798633,0.1291096788705826,2.0638891162641095
2012-02-16,0.007670502582926231,1.0,0.0043407053197137176,0.007670502582926231,0.005500149923069372,0.12981980146089014,2.0797201830612866
2012-02-17,-0.0034752553036200284,0.0,0.008394858577143371,-0.0,-0.0041974292885716856,0.12927489202400164,2.0724926244650574
2012-02-21,0.003155324972740736,1.0,0.0037309257367601203,0.003155324972740736,0.001289862104360676,0.1294416388082687,2.079032012198853
2012-02-22,-0.003807599658093075,0.0,0.003433722406963456,-0.0,-0.001716861203481728,0.1292194054804837,2.0711158906200398
2012-02-23,0.0004985951865259519,1.0,0.0,0.0004985951865259519,0.00029859518652595193,0.1292579897729659,2.07214853903384
2012-02-24,0.009300453488885863,0.0,0.0,0.0,-0.0002,0.1292321381750113,2.091420460143187
2012-02-27,0.000823174272865046,0.0,0.0028579686550534488,0.0,0.0,0.1292321381750113,2.0931420636597204
2012-02-28,-0.005590751763015933,0.0,0.0077496190765594004,-0.0,-0.0,0.1292321381750113,2.081439825977072
2012-02-29,-0.006178684794953315,1.0,0.0,-0.006178684794953315,-0.006378684794953315,0.12840780710021507,2.0685792653726973
2012-03-01,0.0050413515940395115,1.0,0.005258648407316924,0.0050413515940395115,0.0050413515940395115,0.12905515600322687,2.079007700749581
2012-03-02,-0.00016739073769989066,0.0,0.0060176194300888925,-0.0,-0.0030088097150444463,0.12866685359606778,2.0786596941168685
2012-03-05,0.0006689204847654118,1.0,0.0068121783806701685,0.0006689204847654118,-0.0027371687055696725,0.1283146707109605,2.0800501521671193
2012-03-06,-0.0051806683017808774,0.0,0.0,-0.0,-0.0002,0.12828900777681831,2.0692741022776726
2012-03-07,0.0036958445128358886,1.0,0.005696328401706766,0.0036958445128358886,0.0008476803119825058,0.12839775584295451,2.076921817614129
2012-03-08,0.00016708685391786382,0.0,0.0,0.0,-0.0002,0.12837207629178593,2.0772688439464675
2012-03-09,0.004183552282794434,0.0,0.0037116838487664537,0.0,0.0,0.12837207629178593,2.0859592067605375
2012-03-12,0.012664638229191283,0.0,0.0,0.0,0.0,0.12837207629178593,2.1123771254750103
2012-03-13,0.0023037586693759327,0.0,0.0015161091102920009,0.0,0.0,0.12837207629178593,2.1172435325908148
2012-03-14,-0.01395505656890994,0.0,0.0036901565241604646,-0.0,-0.0,0.12837207629178593,2.087697279323351
2012-03-15,0.0031635236315290527,1.0,0.0,0.0031635236315290527,0.0029635236315290526,0.1287525099735051,2.0943017590019695
2012-03-16,-0.0014935490644535365,0.0,0.00393018117765653,-0.0,-0.001965090588828265,0.12849949962786816,2.0911738165691287
2012-03-19,-0.0021610756062380165,1.0,0.003394523101131023,-0.0021610756062380165,-0.003858337156803528,0.1280037052338233,2.0866546318457373
2012-03-20,0.0028319255919537767,1.0,0.008773283101243628,0.0028319255919537767,0.0028319255919537767,0.12836620220253986,2.0925638824992303
2012-03-21,0.0018268399687999537,0.0,0.0020777833315937973,0.0,-0.0010388916657968986,0.12823284362490164,2.0963866618370472
2012-03-22,-0.00033144501328163933,0.0,0.0,-0.0,-0.0,0.12823284362490164,2.095691824932071
2012-03-23,0.001824674626666356,1.0,0.0,0.001824674626666356,0.001624674626666356,0.1284411802722443,2.0995157806303366
2012-03-26,0.008774964787426898,0.0,0.0,0.0,-0.0002,0.12841549203618985,2.117938957676015
2012-03-27,0.0004922934505902088,0.0,0.0,0.0,0.0,0.12841549203618985,2.1189816051536288
2012-03-28,-0.008366166047577783,0.0,0.0,-0.0,-0.0,0.12841549203618985,2.1012538531931506
2012-03-29,0.0024812925674684294,1.0,0.0,0.0024812925674684294,0.0022812925674684293,0.1287084453437198,2.1064676787614434
2012-03-30,0.007920985786380452,0.0,0.0,0.0,-0.0002,0.12868270365465106,2.1231529793043826
2012-04-02,0.012278958886126512,0.0,0.0,0.0,0.0,0.12868270365465106,2.1492230874462184
2012-04-03,0.002102523758299446,0.0,0.002842132860702808,0.0,0.0,0.12868270365465106,2.1537418800494597
2012-04-04,0.0077468486438736495,0.0,0.0003480032111393605,0.0,0.0,0.12868270365465106,2.170426592412175
2012-04-05,0.0070467485175531586,0.0,0.0,0.0,0.0,0.12868270365465106,2.185721042784713
2012-04-09,-0.003975522193182202,0.0,0.0042263472951690525,-0.0,-0.0,0.12868270365465106,2.1770316602710174
2012-04-10,-0.006067597324579843,1.0,0.0020625392376519103,-0.006067597324579843,-0.0070988669434057985,0.12776920226348898,2.1638223087936312
2012-04-11,0.002409725450769118,1.0,0.006120578188134014,0.002409725450769118,0.002409725450769118,0.12807709096200778,2.1690365264820732
2012-04-12,0.001922874935303076,0.0,0.001578507274328715,0.0,-0.0007892536371643575,0.1279760056521286,2.1732073124526026
2012-04-13,-0.007037551440561285,0.0,0.004115718915874382,-0.0,-0.0,0.1279760056521286,2.1579132542002135
2012-04-16,0.010309013274836465,1.0,0.008671296306092504,0.010309013274836465,0.005973365121790213,0.12874045306071705,2.180159210583709
2012-04-17,0.0047833366142520095,0.0,0.0041506992926919435,0.0,-0.0020753496463459717,0.12847327160698707,2.190587645960593
2012-04-18,-0.0034909916662810847,0.0,0.011323132103410755,-0.0,-0.0,0.12847327160698707,2.1829403227442863
2012-04-19,-0.001274021159259564,1.0,0.009343678772388295,-0.001274021159259564,-0.005945860545453712,0.12770938745019372,2.1801592105837093
2012-04-20,0.01179853726483615,1.0,0.0,0.01179853726483615,0.01179853726483615,0.12921617141709424,2.205881900273057
2012-04-23,-0.0018906678140557798,0.0,0.0019853692570809965,-0.0,-0.0009926846285404983,0.12908790050996963,2.2017113103626027
2012-04-24,0.008840690453480793,1.0,0.0,0.008840690453480793,0.008640690453480792,0.130203309099566,2.2211759585254462
2012-04-25,0.007981422639022684,0.0,0.0,0.0,-0.0002,0.1301772684377461,2.238904102606074
2012-04-26,0.000310784729252056,0.0,0.0010899969391757458,0.0,0.0,0.1301772684377461,2.239599919811424
2012-04-27,0.0017073404961154282,0.0,0.004645252335551303,0.0,0.0,0.1301772684377461,2.2434236794496147
2012-04-30,-0.0029437540572313514,0.0,0.00232834313338294,-0.0,-0.0,0.1301772684377461,2.236819591891146
2012-05-01,-0.008702631501445235,1.0,0.0,-0.008702631501445235,-0.008902631501445235,0.12901834818698013,2.217353375247704
2012-05-02,0.0,1.0,0.0008514953040611798,0.0,0.0,0.12901834818698013,2.217353375247704
2012-05-03,-0.0029788954672953505,0.0,0.002089177389705258,-0.0,-0.001044588694852629,0.12888357707903544,2.210748111328787
2012-05-04,-0.00047144916787356106,1.0,0.0034997949238453887,-0.00047144916787356106,-0.0022213466297962554,0.12859728197945486,2.2097058559713227
2012-05-07,0.008966195542278177,1.0,0.0038829845156055833,0.008966195542278177,0.008966195542278177,0.12975031035588813,2.2295185107668787
2012-05-08,0.0009357514842447401,0.0,0.0,0.0,-0.0002,0.12972436029381695,2.23160478602248
2012-05-09,-0.0007789321092050994,0.0,0.005467345380990506,-0.0,-0.0,0.12972436029381695,2.229866517399591
2012-05-10,0.014653158637745856,1.0,0.0,0.014653158637745856,0.014453158637745855,0.1315992870523236,2.2625411052200453
2012-05-11,0.0012291118574978555,0.0,0.0010679522221247958,0.0,-0.0005339761110623979,0.13152901617680482,2.2653220213205474
2012-05-14,0.008132610203852808,0.0,0.005397443592634881,0.0,0.0,0.13152901617680482,2.2837450023061514
2012-05-15,-0.0009133607882426675,0.0,0.005644642388050263,-0.0,-0.0,0.13152901617680482,2.2816591191707
2012-05-16,-0.0012186412759866982,1.0,0.006409086768599689,-0.0012186412759866982,-0.004423184660286543,0.130947239050069,2.278878595190347
2012-05-17,-0.007778983872920198,1.0,0.0012709922423234069,-0.007778983872920198,-0.007778983872920198,0.1299286025892951,2.261151235350018
2012-05-18,-0.000769274056570568,1.0,0.00703287635314074,-0.000769274056570568,-0.000769274056570568,0.12982865188611667,2.2594117903666806
2012-05-21,0.003077556132685233,1.0,0.0,0.003077556132685233,0.003077556132685233,0.13022820684992703,2.2663652569783848
2012-05-22,0.006287963756358872,0.0,0.0,0.0,-0.0002,0.13020216120855704,2.280616079572936
2012-05-23,-0.010211798579309539,0.0,0.00451561836790463,-0.0,-0.0,0.13020216120855704,2.2573268875316024
2012-05-24,0.0013859448670663355,1.0,0.006545984669140814,0.0013859448670663355,-0.0018870474675040717,0.12995646354998489,2.2604554181446677
2012-05-25,0.004613509009400385,0.0,0.0059851235648017065,0.0,-0.0029925617824008532,0.12956756080378923,2.270884049581626
2012-05-29,0.004744878802181773,0.0,0.0056298411017349104,0.0,0.0,0.12956756080378923,2.2816591191706985
2012-05-30,-0.0071601834440940815,0.0,0.009293506307869464,-0.0,-0.0,0.12956756080378923,2.265322021320546
2012-05-31,0.011924902961895079,1.0,0.005168179010701361,0.011924902961895079,0.009340813456544398,0.13077782721927692,2.2923357666022377
2012-06-01,-0.011478097815028732,0.0,0.008681274748672089,-0.0,-0.004340637374336044,0.13021016809471445,2.2660241124482883
2012-06-04,0.002167366554462591,1.0,0.0,0.002167366554462591,0.0019673665544625908,0.13046633922447495,2.2709354173212146
2012-06-05,0.006488296710957631,0.0,0.0,0.0,-0.0002,0.13044024595663006,2.285669920120217
2012-06-06,0.007828352836951158,0.0,0.0,0.0,0.0,0.13044024595663006,2.303562950723724
2012-06-07,0.008985748988171283,0.0,0.0,0.0,0.0,0.13044024595663006,2.3242621891773787
2012-06-08,0.010415064825383347,0.0,0.0011785965454037622,0.0,0.0,0.13044024595663006,2.3484695305488485
2012-06-11,-0.0038841019054765002,0.0,0.0,-0.0,-0.0,0.13044024595663006,2.3393478355702904
2012-06-12,0.003299253230298893,1.0,0.0,0.003299253230298893,0.003099253230298893,0.13084451331027214,2.347065936473588
2012-06-13,0.001494508843213671,0.0,0.003277026492441615,0.0,-0.0016385132462208075,0.13063012284201794,2.3505736472712537
2012-06-14,0.007612197398825904,0.0,0.0,0.0,0.0,0.13063012284201794,2.3684666778747605
2012-06-15,0.003851059794735434,0.0,0.0,0.0,0.0,0.13063012284201794,2.3775877846730946
2012-06-18,0.006345102633144251,0.0,0.0017225340610939116,0.0,0.0,0.13063012284201794,2.3926738231861555
2012-06-19,-0.005278774713963652,0.0,0.007904244908106584,-0.0,-0.0,0.13063012284201794,2.3800434371095576
2012-06-20,-0.00943402443522956,1.0,0.0,-0.00943402443522956,-0.00963402443522956,0.1293716290465809,2.357590049166958
2012-06-21,-0.008779330444035227,1.0,0.00958257011752237,-0.008779330444035227,-0.008779330444035227,0.1282358327650978,2.336891987073752
2012-06-22,0.00015026094310344185,1.0,0.0,0.00015026094310344185,0.00015026094310344185,0.12825510160226875,2.3372431306676607
2012-06-25,0.004353137842821875,0.0,0.0028691984680330796,0.0,-0.0014345992340165398,0.12807110693175142,2.3474174721876455
2012-06-26,0.0016434546206240963,0.0,0.0,0.0,0.0,0.12807110693175142,2.351275346278846
2012-06-27,0.011041784256276888,0.0,0.0,0.0,0.0,0.12807110693175142,2.3772376213795594
2012-06-28,0.002508856254330505,0.0,0.008284915585832655,0.0,0.0,0.12807110693175142,2.3832017688539873
2012-06-29,0.012954171156073224,0.0,0.0,0.0,0.0,0.12807110693175142,2.414074172467178
2012-07-02,0.0004361268653254591,0.0,0.0059182301223140955,0.0,0.0,0.12807110693175142,2.415127015068679
2012-07-03,-0.003922212974013184,0.0,0.010327273845242929,-0.0,-0.0,0.12807110693175142,2.405654372556287
2012-07-05,-0.0023328469975434363,1.0,0.00917944926282608,-0.0023328469975434363,-0.006922571628956476,0.12718452552041662,2.4000423489761418
2012-07-06,-0.001608154386742222,1.0,0.0,-0.001608154386742222,-0.001608154386742222,0.12697999316777522,2.3961827103442688
2012-07-09,-0.006442487920641948,1.0,0.0029708810089191713,-0.006442487920641948,-0.006442487920641948,0.12616192609562862,2.380745332177225
2012-07-10,0.009873310725954543,1.0,0.0,0.009873310725954543,0.009873310725954543,0.1274075619937557,2.4042511706011767
2012-07-11,-0.0023344531673726854,0.0,0.006540872718599536,-0.0,-0.003270436359299768,0.12699088367056158,2.3986385588408075
2012-07-12,0.0007308200404079201,1.0,0.006288996260063168,0.0007308200404079201,-0.002413678089623664,0.126684368557064,2.4003915319693037
2012-07-13,0.013300506250723432,0.0,0.0,0.0,-0.0002,0.12665903168335257,2.432317954544445
2012-07-16,0.002884575934047229,0.0,0.002851148022461693,0.0,0.0,0.12665903168335257,2.439334160380075
2012-07-17,-0.0010065288947255224,0.0,0.0034892147791900936,-0.0,-0.0,0.12665903168335257,2.4368789000637614
2012-07-18,0.01497275055944658,1.0,0.004492704906773219,0.01497275055944658,0.01272639810605997,0.12827094494428298,2.4733656799779946
2012-07-19,-0.002837100147708993,0.0,0.007210293327894134,-0.0,-0.003605146663947067,0.12780850937503577,2.466348493841991
2012-07-20,0.0027027188163650795,1.0,0.0009694036354147436,0.0027027188163650795,0.0022180169986577075,0.12809199082140268,2.4730143403240112
2012-07-23,-0.007660727499957609,0.0,0.0,-0.0,-0.0002,0.1280663724232384,2.4540692513593014
2012-07-24,-0.010007090399598906,1.0,0.0,-0.010007090399598906,-0.010207090399598906,0.1267591873827657,2.4295111585140727
2012-07-25,-0.006209011265393083,1.0,0.008486148875768859,-0.006209011265393083,-0.006209011265393083,0.12597213816031405,2.4144262963614604
2012-07-26,0.027607838971988485,1.0,0.0,0.027607838971988485,0.027607838971988485,0.12944995666560108,2.4810833887611423
2012-07-27,0.005231965015397355,0.0,0.0,0.0,-0.0002,0.12942406667426795,2.4940643302514243
2012-07-30,0.004641960223156882,0.0,0.00021097959030877693,0.0,0.0,0.12942406667426795,2.505641677666446
2012-07-31,-0.007280455844611233,0.0,0.007457525656388654,-0.0,-0.0,0.12942406667426795,2.4873994640697776
2012-08-01,-0.004513386813589593,1.0,0.006897219206574822,-0.004513386813589593,-0.007961996416877004,0.12839359271914977,2.4761728681285153
2012-08-02,-0.005384466285088818,1.0,0.0,-0.005384466285088818,-0.005384466285088818,0.1277022617479321,2.4628399988040255
2012-08-03,0.00954420036842274,1.0,0.0,0.00954420036842274,0.00954420036842274,0.12892107772155512,2.486345837227977
2012-08-06,-0.006772752008015415,0.0,0.006875852617434315,-0.0,-0.0034379263087171573,0.12847785655670801,2.469506433466271
2012-08-07,-0.007671688871930704,1.0,0.0,-0.007671688871930704,-0.007871688871930705,0.12746651884296106,2.450561148441486
2012-08-08,-0.000715895438942793,1.0,0.0,-0.000715895438942793,-0.000715895438942793,0.12737526614350347,2.4488068028924665
2012-08-09,-0.007879610737605902,1.0,0.0,-0.007879610737605902,-0.007879610737605902,0.1263715986286937,2.4295111585140727
2012-08-10,0.007942192119914093,1.0,0.0071814408012103636,0.007942192119914093,0.007942192119914093,0.12737526614350347,2.4488068028924665
2012-08-13,-0.007306436049589471,0.0,0.002308198107738008,-0.0,-0.001154099053869004,0.12722826246936095,2.430914752589333
2012-08-14,0.004329845422461842,1.0,0.0,0.004329845422461842,0.0041298454224618425,0.1277536955267278,2.441440237703227
2012-08-15,-0.005173414422199651,0.0,0.0,-0.0,-0.0002,0.12772814478762246,2.4288096555665546
2012-08-16,0.005055662741848321,1.0,0.004235695875513812,0.005055662741848321,0.0029378148040914154,0.12810338642227867,2.441088898049244
2012-08-17,0.0002873729621557519,0.0,0.0,0.0,-0.0002,0.12807776574499422,2.441790400996762
2012-08-20,-0.008189864108749001,0.0,0.0,-0.0,-0.0,0.12807776574499422,2.421792469430551
2012-08-21,-0.006808449731377952,1.0,0.002496069857226217,-0.006808449731377952,-0.008056484659991061,0.12704590918998374,2.4053038171426033
2012-08-22,-0.0051051507319982425,1.0,0.0,-0.0051051507319982425,-0.0051051507319982425,0.12639732067368512,2.3930243785998395
2012-08-23,-0.01172817289028849,1.0,0.0,-0.01172817289028849,-0.01172817289028849,0.1249149110439549,2.3649585749569453
2012-08-24,0.006378488956360062,1.0,0.004680494328740541,0.006378488956360062,0.006378488956360062,0.12571167942453346,2.380043437109557
2012-08-27,0.006781083480691397,0.0,0.0,0.0,-0.0002,0.12568653708864855,2.3961827103442688
2012-08-28,0.0013174952436965093,0.0,0.006022888370607466,0.0,0.0,0.12568653708864855,2.399339669668175
2012-08-29,-0.0005898129546065833,0.0,0.002765221977917681,-0.0,-0.0,0.12568653708864855,2.3979245080485034
2012-08-30,-0.005461483366256292,1.0,0.0,-0.005461483366256292,-0.005661483366256292,0.1249749648495588,2.3848282832342584
2012-08-31,-0.0010385766312612787,1.0,0.0034532791480095474,-0.0010385766312612787,-0.0010385766312612787,0.12484516877157335,2.3823514563097206
2012-09-04,-0.0017827971554909006,1.0,0.0005228911908311267,-0.0017827971554909006,-0.0017827971554909006,0.12462259515981061,2.3781042069100318
2012-09-05,-0.0005954095097501222,1.0,0.002177769354505796,-0.0005954095097501222,-0.0005954095097501222,0.12454839368152272,2.376688261050061
2012-09-06,0.003871725080626609,1.0,0.0005676962685670971,0.003871725080626609,0.003871725080626609,0.12503061082109124,2.385890144599199
2012-09-07,0.003560552441540965,0.0,0.0,0.0,-0.0002,0.12500560469892702,2.3943852315788003
2012-09-10,0.004286506915696542,0.0,0.0,0.0,0.0,0.12500560469892702,2.4046487804328045
2012-09-11,-0.002943532077055555,0.0,0.0007253995897916273,-0.0,-0.0,0.12500560469892702,2.397570619613548
2012-09-12,-0.009300292629952911,1.0,0.0,-0.009300292629952911,-0.009500292629952911,0.123818014873903,2.3752725112501647
2012-09-13,0.02369231790213533,1.0,0.007123033538353782,0.02369231790213533,0.02369231790213533,0.12675155064430682,2.431548222690907
2012-09-14,-0.013246109093031921,0.0,0.010723496488809735,-0.0,-0.005361748244404867,0.12607194074016412,2.399339669668175
2012-09-17,-0.003540512011249053,1.0,0.0011490700894377286,-0.003540512011249053,-0.004115047055967917,0.12555314877158114,2.3908447787486486
2012-09-18,-0.0020723361857238887,1.0,0.0004129894333814809,-0.0020723361857238887,-0.0020723361857238887,0.12529296043815022,2.3858901445991987
2012-09-19,0.0014833375365750356,1.0,0.003903647666214385,0.0014833375365750356,0.0014833375365750356,0.12547881218943674,2.389429225008827
2012-09-20,0.007998946438197985,0.0,0.006982124497599708,0.0,-0.003491062248799854,0.12504075784517796,2.4085421413975374
2012-09-21,0.008523030448813751,0.0,0.0,0.0,0.0,0.12504075784517796,2.4290702194059195
2012-09-24,0.012530774246215515,0.0,0.0,0.0,0.0,0.12504075784517796,2.4595083499535004
2012-09-25,0.0014392570165473462,0.0,0.0,0.0,0.0,0.12504075784517796,2.4630482146034276
2012-09-26,0.005173162313071966,0.0,0.0,0.0,0.0,0.12504075784517796,2.475789962802493
2012-09-27,0.002716327606800739,0.0,0.002665709942517611,0.0,0.0,0.12504075784517796,2.4825150194270935
2012-09-28,0.0027088901826977096,0.0,0.0017198818899360046,0.0,0.0,0.12504075784517796,2.489239879991619
2012-10-01,-0.0025594046523116365,0.0,0.0,-0.0,-0.0,0.12504075784517796,2.482868907862049
2012-10-02,0.005987215386956457,1.0,0.007413683673476541,0.005987215386956457,0.0022803735502181866,0.12532589748206732,2.4977343787909962
2012-10-03,0.0021256490961516494,0.0,0.0,0.0,-0.0002,0.1253008323025709,2.5030436856157
2012-10-04,0.0050905017248754625,0.0,0.0,0.0,0.0,0.1253008323025709,2.5157854338147656
2012-10-05,-0.003517147017150557,0.0,0.001864926675496246,-0.0,-0.0,0.1253008323025709,2.506937046580433
2012-10-08,-0.002118002505127281,1.0,0.0,-0.002118002505127281,-0.002318002505127281,0.12501038465939904,2.5016273476355795
2012-10-09,-0.005235003833224061,1.0,0.0011679851093682916,-0.005235003833224061,-0.005235003833224061,0.12435595481651426,2.488531318881409
2012-10-10,-0.005973198133288893,1.0,0.0,-0.005973198133288893,-0.005973198133288893,0.1236131520593409,2.4736668282528353
2012-10-11,-0.0005724076677581236,1.0,0.004783486977654592,-0.0005724076677581236,-0.0005724076677581236,0.12354239494326638,2.4722508823928644
2012-10-12,-0.006871795115808044,1.0,0.0,-0.006871795115808044,-0.006871795115808044,0.12269343691710001,2.455262080854185
2012-10-15,0.004180704493624399,1.0,0.003910410580560464,0.004180704493624399,0.004180704493624399,0.12320638192015755,2.4655268060686377
2012-10-16,0.011914724695046619,0.0,0.0,0.0,-0.0002,0.12318174064377352,2.494902879191203
2012-10-17,0.018300150347389632,0.0,0.0,0.0,0.0,0.12318174064377352,2.5405599769825375
2012-10-18,0.003761748760559902,0.0,0.0,0.0,0.0,0.12318174064377352,2.55011692532708
2012-10-19,-0.004580060881934633,0.0,0.003111776574832985,-0.0,-0.0,0.12318174064377352,2.53843723455303
2012-10-22,-0.0008364715821330693,1.0,0.0,-0.0008364715821330693,-0.0010364715821330694,0.12305406627015857,2.536313903943298
2012-10-23,-0.012559201113879204,1.0,0.0,-0.012559201113879204,-0.012559201113879204,0.12150860550399102,2.504459827535746
2012-10-24,-0.017383045686526932,1.0,0.0,-0.017383045686526932,-0.017383045686526932,0.11939641586320897,2.4609246879336206
2012-10-25,0.003020660392924146,1.0,0.007362220084155335,0.003020660392924146,0.003020660392924146,0.11975707188766406,2.468358305668431
2012-10-26,-0.0031549334437719345,0.0,0.00794008886304832,-0.0,-0.00397004443152416,0.11928163099128081,2.460570799498665
2012-10-31,0.00776791489715678,1.0,0.0005176606154213028,0.00776791489715678,0.007509084589446129,0.12017732684836142,2.4796843040675998
2012-11-01,-0.0027119825509619444,0.0,0.004733973792017214,-0.0,-0.002366986896008607,0.11989286869051402,2.472959443503074
2012-11-02,-0.0020040791946642766,1.0,0.009478978300793594,-0.0020040791946642766,-0.006743568345061074,0.11908436293641411,2.468003436933101
2012-11-05,-0.0017206869147400328,1.0,0.0,-0.0017206869147400328,-0.0017206869147400328,0.11887945603135927,2.463756775713637
2012-11-06,-0.006608370172498934,1.0,0.009314471391146082,-0.006608370172498934,-0.006608370172498934,0.11809385657999874,2.4474753589247187
2012-11-07,-0.015907501329977647,1.0,0.0,-0.015907501329977647,-0.015907501329977647,0.11621527839939022,2.408542141397536
2012-11-08,-0.006466002670798665,1.0,0.008208686152394498,-0.006466002670798665,-0.006466002670798665,0.11546383009887215,2.3929685014785287
2012-11-09,-0.0034017239421424428,1.0,0.0,-0.0034017239421424428,-0.0034017239421424428,0.11507105402357334,2.3848282832342567
2012-11-12,-0.00875650076378498,1.0,0.0,-0.00875650076378498,-0.00875650076378498,0.11406343425112637,2.36394553255062
2012-11-13,0.004641605287971418,1.0,0.00800739470570554,0.004641605287971418,0.004641605287971418,0.11459287169071058,2.374918034634983
2012-11-14,-0.006110103212887519,0.0,0.008406990211967868,-0.0,-0.004203495105983934,0.11411118111537803,2.360407040321215
2012-11-15,-0.0029993679814187546,1.0,0.009869947690223771,-0.0029993679814187546,-0.00793434182653064,0.11320578399817947,2.3533273110213604
2012-11-16,0.012934582777955672,1.0,0.009213569206761467,0.012934582777955672,0.012934582777955672,0.1146700535822473,2.38376661792939
2012-11-19,0.005345134059331125,0.0,0.0,0.0,-0.0002,0.11464711957153086,2.396508170068381
2012-11-20,0.0,-1.0,0.007167517849070281,-0.0,-0.0035837589245351405,0.11423625193359414,2.396508170068381
2012-11-21,-0.006793480928610651,0.0,0.006552157861508149,-0.0,-0.0032760789307540745,0.11386200495550618,2.3802275375197617
2012-11-23,-0.0007435567680098565,0.0,0.007270864241335926,-0.0,-0.0,0.11386200495550618,2.3784577032248353
2012-11-26,0.011309368268944686,0.0,0.0024559203943236283,0.0,0.0,0.11386200495550618,2.405356557302713
2012-11-27,-0.0020597520456304697,-1.0,0.0,0.0020597520456304697,0.0018597520456304696,0.11407376005214177,2.400402119213338
2012-11-28,0.0028263042733038812,0.0,0.0,0.0,-0.0002,0.11405094530013135,2.4071863859805185
2012-11-29,0.01038427079769999,-1.0,0.0,-0.01038427079769999,-0.010584270797699991,0.1128437992103411,2.432183261273077
2012-11-30,0.00880922148089014,-1.0,0.0,-0.00880922148089014,-0.00880922148089014,0.11184973319035212,2.4536089023037455
2012-12-03,-0.006112951320687898,-1.0,0.011052581822092261,0.006112951320687898,0.006112951320687898,0.11253346516457667,2.4386101105239564
2012-12-04,-0.005564365421147133,0.0,0.002676220076288918,-0.0,-0.001338110038144459,0.11238288300521278,2.425040792749297
2012-12-05,0.01870122936088081,0.0,0.0050265315048562305,0.0,0.0,0.11238288300521278,2.470392036823994
2012-12-06,-0.00028888478489075275,-1.0,0.005683113909069119,0.00028888478489075275,-0.0025526721696438066,0.11209600634742103,2.46967837815184
2012-12-07,0.0030365483725331988,0.0,0.005609464643458277,0.0,-0.0028047323217291384,0.11178160705528166,2.4771776760116975
2012-12-10,-0.0033157657005590258,-1.0,0.002374571212391515,0.0033157657005590258,0.0021284800943632684,0.11201953198081477,2.4689639352393873
2012-12-11,0.002458926243727122,0.0,0.0025862321441193865,0.0,-0.0012931160720596933,0.11187467772362576,2.475034935454563
2012-12-12,-0.001154242838561248,-1.0,0.0022012225568695787,0.001154242838561248,5.363156012645862e-05,0.11188067773713073,2.4721781441051256
2012-12-13,0.011844363310254735,0.0,0.006336371782638843,0.0,-0.0031681858913194215,0.1115262189524127,2.501459520211578
2012-12-14,-0.008279567145019762,-1.0,0.004500555560175909,0.008279567145019762,0.006029289364931807,0.11219864279825355,2.480748518153437
2012-12-17,0.01511388364595212,0.0,0.0021384573069401576,0.0,-0.0010692286534700788,0.11207867679449321,2.5182422626116763
2012-12-18,0.0052468663380420555,0.0,0.0,0.0,0.0,0.11207867679449321,2.531455143170408
2012-12-19,-0.004513682625663873,0.0,0.0009924317568900964,-0.0,-0.0,0.11207867679449321,2.5200289580730324
2012-12-20,0.00028327243222414644,1.0,0.006106577110201294,0.00028327243222414644,-0.0027700161228765004,0.1117682170527418,2.520742812805261
2012-12-21,-0.008924404713015255,0.0,0.0,-0.0,-0.0002,0.11174586340933125,2.4982466837663626
2012-12-24,-0.0005721908946857424,1.0,0.0,-0.0005721908946857424,-0.0007721908946857423,0.11165957427108777,2.4968172097612324
2012-12-26,-0.011584488683121119,1.0,0.004580808529039084,-0.011584488683121119,-0.011584488683121119,0.11036605519658224,2.4678928590509313
2012-12-27,0.0014470783238391682,1.0,0.0,0.0014470783238391682,0.0014470783238391682,0.11052576352274485,2.471464093312821
2012-12-28,-0.013871164248848156,0.0,0.00802449016545471,-0.0,-0.004012245082727355,0.11008230707153603,2.4371820089393483
2012-12-31,0.013773297791484174,1.0,0.009603899410085633,0.013773297791484174,0.008971348086441358,0.1110698937664333,2.4707500425205176
2013-01-02,0.01922178256555207,0.0,0.0,0.0,-0.0002,0.11104767978768001,2.5182422626116754
2013-01-03,0.00014232062657204558,0.0,0.0,0.0,0.0,0.11104767978768001,2.5186006604283504
2013-01-04,0.0049622195620044884,0.0,0.002977590245906518,0.0,0.0,0.11104767978768001,2.5310985098944054
2013-01-07,-0.0046553741181804,0.0,0.006170845288052957,-0.0,-0.0,0.11104767978768001,2.519315299400878
2013-01-08,0.01063066710216276,1.0,0.005084797516138953,0.01063066710216276,0.008088268344093284,0.11194586322079171,2.546097301674194
2013-01-09,-0.0070128455253500865,0.0,0.009476529324700266,-0.0,-0.004738264662350133,0.11141543409299635,2.5282419146050423
2013-01-10,0.009745688351229687,1.0,0.003468201020072746,0.009745688351229687,0.008011587841193313,0.11230804863009708,2.5528813723812993
2013-01-11,0.00405647406933185,0.0,0.0,0.0,-0.0002,0.11228558702037106,2.5632370694704445
2013-01-14,-0.001253352810555386,0.0,0.0038210688185992036,-0.0,-0.0,0.11228558702037106,2.560024429085304
2013-01-15,0.0026496959910768947,1.0,0.005051613711289641,0.0026496959910768947,0.00012388913543207427,0.1122994979846685,2.5668077155521103
2013-01-16,-0.007929303094383555,0.0,0.00346337824422352,-0.0,-0.00173168912211176,0.11210503016558984,2.5464547191904954
2013-01-17,-0.003225482334453744,1.0,0.0,-0.003225482334453744,-0.0034254823344537443,0.11172101636515422,2.53824117447826
2013-01-18,0.006612266324080851,1.0,0.0,0.006612266324080851,0.006612266324080851,0.11245974547935761,2.555024701118658
2013-01-22,0.006009739525774105,0.0,0.0,0.0,-0.0002,0.11243725353026174,2.5703797340543
2013-01-23,-0.0026394788043840878,0.0,0.002079561930849566,-0.0,-0.0,0.11243725353026174,2.563595271227045
2013-01-24,0.004317826540507719,1.0,0.0,0.004317826540507719,0.004117826540507719,0.11290025063699045,2.5746644309282694
2013-01-25,0.0055477383597859475,0.0,0.006976182334355175,0.0,-0.0034880911671775873,0.11250644426997143,2.5889479955553067
2013-01-28,-0.001379036569156944,0.0,0.0031705509188567245,-0.0,-0.0,0.11250644426997143,2.58537774159379
2013-01-29,0.002900430973390433,1.0,0.00758618401911064,0.002900430973390433,-0.000892661036164887,0.11240601415085416,2.592876451273423
2013-01-30,-0.008400738969223887,0.0,0.0016746267957425038,-0.0,-0.0008373133978712519,0.11231189508920433,2.5710943730268276
2013-01-31,0.0006939250068382918,1.0,0.0,0.0006939250068382918,0.0004939250068382919,0.1123673687427543,2.572878519707212
2013-02-01,0.0031924324096128665,0.0,0.0,0.0,-0.0002,0.11234489526900575,2.5810922604795223
2013-02-04,-0.004012289435702199,0.0,0.0,-0.0,-0.0,0.11234489526900575,2.5707361712702275
2013-02-05,0.0023616566892785684,1.0,0.0025778846953797134,0.0023616566892785684,0.0010727143415887117,0.1124654092493651,2.576807367545478
2013-02-06,-0.002078681282159822,0.0,0.0,-0.0,-0.0002,0.11244291616751523,2.57145100630283
2013-02-07,0.0033325891829198984,1.0,0.0,0.0033325891829198984,0.0031325891829198983,0.11279515363039756,2.580020596110843
2013-02-08,-0.002076016443685602,0.0,0.002730400099218863,-0.0,-0.0013652000496094316,0.11264116568106565,2.5746644309282694
2013-02-11,0.0011096542816191324,1.0,0.002378185204789037,0.0011096542816191324,-7.94383207753861e-05,0.11263221765601376,2.5775214183377813
2013-02-12,0.004294573725962314,0.0,6.321770342300413e-05,0.0,-0.0002,0.11260969121248256,2.58859077409908
2013-02-13,0.0008282935252303947,0.0,0.0,0.0,0.0,0.11260969121248256,2.5907348870767373
2013-02-14,-0.004824661144991471,0.0,0.0,-0.0,-0.0,0.11260969121248256,2.5782354691300844
2013-02-15,0.004154983729564687,1.0,0.002708355549271308,0.004154983729564687,0.0028008059549290334,0.11292508910621318,2.5889479955553063
2013-02-19,0.0055173579507137305,0.0,0.0,0.0,-0.0002,0.11290250408839195,2.6032321483625678
2013-02-20,0.0005488138142921706,0.0,0.0,0.0,0.0,0.11290250408839195,2.6046608381273986
2013-02-21,-0.005620769387220781,0.0,0.0,-0.0,-0.0,0.11290250408839195,2.5900206402243593
2013-02-22,0.0030328510798585118,1.0,0.005044161364682063,0.0030328510798585118,0.0005107703975174801,0.11296017134528591,2.5978757871199196
2013-02-25,-0.007697423935732695,0.0,0.0023850991627671642,-0.0,-0.0011925495813835821,0.11282546074023507,2.5778788358540825
2013-02-26,0.001108042468699555,1.0,9.742997238100658e-05,0.001108042468699555,0.0009080424686995549,0.1129279110501378,2.5807352350833708
2013-02-27,0.0046082263122444456,0.0,0.00540551298512898,0.0,-0.00270275649256449,0.1126226944053553,2.592627847098618
2013-02-28,-0.0009728032523571573,0.0,0.0,-0.0,-0.0,0.1126226944053553,2.5901057302968087
2013-03-01,0.0068176161642585775,1.0,0.005932000865240434,0.0068176161642585775,0.0038516157316383606,0.11305647374686648,2.607764076990819
2013-03-04,0.016998472728267933,0.0,0.0,0.0,-0.0002,0.1130338624521171,2.652092083535304
2013-03-05,0.003940729814941202,0.0,0.0,0.0,0.0,0.1130338624521171,2.6625432618808613
2013-03-06,0.003925187783840656,0.0,0.0033966228445993047,0.0,0.0,0.1130338624521171,2.6729942441663432
2013-03-07,-0.0031006604517518355,0.0,0.003721897173210137,-0.0,-0.0,0.1130338624521171,2.6647061966256964
2013-03-08,0.002974923469278856,1.0,0.003045507768976546,0.002974923469278856,0.0014521695847905833,0.11319800678922148,2.672633493628771
2013-03-11,0.00027003221240007313,0.0,0.00029676815881819356,0.0,-0.0002,0.11317536718786364,2.6733551907639903
2013-03-12,-0.01455910165519314,0.0,0.001232824011113325,-0.0,-0.0,0.11317536718786364,2.634433540781219
2013-03-13,0.008891878011164644,1.0,0.009465873287298573,0.008891878011164644,0.004158941367515358,0.113646056904245,2.657858602454366
2013-03-14,0.0035253594847226566,0.0,0.0014868766305056993,0.0,-0.0007434383152528497,0.11356156807116498,2.6672285094875803
2013-03-15,0.006215387831600472,0.0,0.0,0.0,0.0,0.11356156807116498,2.683806369109547
2013-03-18,-0.0046997178839705,0.0,0.004013425782163014,-0.0,-0.0,0.11356156807116498,2.671193236319529
2013-03-19,0.013491641919940234,1.0,0.0,0.013491641919940234,0.013291641919940233,0.11507098776983382,2.707232018962918
2013-03-20,0.007720715610809226,0.0,0.001987007544962218,0.0,-0.000993503772481109,0.11495666430938137,2.7281337874738076
2013-03-21,-0.0014529868769083132,0.0,0.001820055213045126,-0.0,-0.0,0.11495666430938137,2.724169844882158
2013-03-22,0.007672999093818467,1.0,0.0029488612459885708,0.007672999093818467,0.0061985684708241815,0.1156692310642806,2.745072397633346
2013-03-25,0.0001311318046051113,0.0,0.0,0.0,-0.0002,0.11564609721806775,2.7454323639306195
2013-03-26,0.012995271875715808,0.0,0.003343954957283444,0.0,0.0,0.11564609721806775,2.7811100039162873
2013-03-27,-0.003757704711649712,0.0,0.0008828530991780943,-0.0,-0.0,0.11564609721806775,2.770659413750955
2013-03-28,0.010405693984426145,1.0,0.0,0.010405693984426145,0.010205693984426145,0.11682634589676855,2.799490047745517
2013-04-01,-0.0025747377078755296,0.0,0.003481305430106491,-0.0,-0.0017406527150532454,0.11662299180059359,2.7922820951567644
2013-04-02,0.00877687443845554,1.0,0.0,0.00877687443845554,0.00857687443845554,0.1176232525579043,2.816789604502703
2013-04-03,0.0020470562620988897,0.0,0.0,0.0,-0.0002,0.11759972790739273,2.822555731301615
2013-04-04,0.011619030392497232,0.0,0.007180015759497865,0.0,0.0,0.11759972790739273,2.8553510921281258
2013-04-05,0.003912342328374452,0.0,0.008383685370549386,0.0,0.0,0.11759972790739273,2.8665222030682287
2013-04-08,0.005029262756904185,0.0,0.005631593412286457,0.0,0.0,0.11759972790739273,2.8809386964259587
2013-04-09,-0.009382024685584356,0.0,0.0076778997601606854,-0.0,-0.0,0.11759972790739273,2.853909658458435
2013-04-10,0.00846032185921941,1.0,0.007314314995836014,0.00846032185921941,0.004803164361301404,0.11816457872937626,2.8780546527261284
2013-04-11,-0.00025028180545960677,0.0,0.001956177645053067,-0.0,-0.0009780888225265334,0.1180490032757025,2.8773343280114325
2013-04-12,-0.004383958084950734,1.0,0.001870366084532175,-0.004383958084950734,-0.005319141127216822,0.11742108396735175,2.8647202149210407
2013-04-15,-0.006793169818089861,1.0,0.008804163142085965,-0.006793169818089861,-0.006793169818089861,0.11662342260373734,2.845259684019767
2013-04-16,0.009626394595492638,1.0,0.005706102774307038,0.009626394595492638,0.009626394595492638,0.11774608568879781,2.872649276464788
2013-04-17,-0.008656361779574628,0.0,0.006590323120767257,-0.0,-0.0032951615603836284,0.11735809331335044,2.8477825850618754
2013-04-18,-0.002151248900950531,1.0,0.010294703890312722,-0.002151248900950531,-0.007298600846106892,0.11650154343419612,2.841656295905615
2013-04-19,0.01559907944111849,1.0,0.0,0.01559907944111849,0.01559907944111849,0.11831886026523906,2.8859835182098013
2013-04-22,-0.0021229093089936146,0.0,0.0036235397883125713,-0.0,-0.0018117698941562857,0.11810449371629962,2.8798568369333917
2013-04-23,0.002502749572884433,1.0,0.00413057802685299,0.002502749572884433,0.00043746055945793807,0.11815615977419525,2.887064397401995
2013-04-24,0.005617569687547563,0.0,0.0027407374587074406,0.0,-0.0013703687293537203,0.11799424226766017,2.903282682846838
2013-04-25,-0.0014898574620640925,0.0,0.005799307519642667,-0.0,-0.0,0.11799424226766017,2.898957205477317
2013-04-26,0.001243468005621029,1.0,0.005348273424851608,0.001243468005621029,-0.0014306687068047748,0.11782543159766469,2.9025619660119926
2013-04-29,0.008939540619267827,0.0,0.005105978030231722,0.0,-0.002552989015115861,0.11752462456509456,2.928509536607099
2013-04-30,0.009475659339816866,0.0,0.0,0.0,0.0,0.11752462456509456,2.9562590953493926
2013-05-01,-0.008533503007262189,0.0,0.0,-0.0,-0.0,0.11752462456509456,2.931031849468982
2013-05-02,0.004918572740975735,1.0,0.00704674592271557,0.004918572740975735,0.0013951997796179502,0.11768859489538747,2.945448342826712
2013-05-03,0.00024448863833415047,0.0,0.0,0.0,-0.0002,0.11766505717640839,2.9461684714813337
2013-05-06,-0.014067470888474043,0.0,0.0,-0.0,-0.0,0.11766505717640839,2.90472333227623
2013-05-07,0.013895807330118748,1.0,0.011060649865776815,0.013895807330118748,0.00836548239723034,0.11864938214098673,2.9450868080488406
2013-05-08,-0.009544748610793907,0.0,0.010728312128731314,-0.0,-0.005364156064365657,0.11801292833824192,2.916976694829049
2013-05-09,-0.013590224045290089,1.0,0.0,-0.013590224045290089,-0.01379022404529009,0.1163855036162168,2.8773343280114325
2013-05-10,0.0020039822076907132,1.0,0.0,0.0020039822076907132,0.0020039822076907132,0.11661873809469682,2.883100454810345
2013-05-13,-0.004750159960541844,0.0,0.007621889257115411,-0.0,-0.0038109446285577056,0.11617431054116566,2.8694052664676852
2013-05-14,0.007159247511690392,1.0,0.0007296118686450486,0.007159247511690392,0.006794441577367868,0.11696365010692861,2.889948048981675
2013-05-15,0.012096309967730923,0.0,0.0,0.0,-0.0002,0.11694025737690722,2.9249057563727967
2013-05-16,-0.008994654660387513,0.0,0.006843445405695996,-0.0,-0.0,0.11694025737690722,2.898597239180044
2013-05-17,0.008330092267233358,1.0,0.008870929191914024,0.008330092267233358,0.0038946276712763456,0.1173956961391735,2.9227428216279616
2013-05-20,-0.01060414087407957,0.0,0.008074885774367031,-0.0,-0.0040374428871835155,0.11692171772081043,2.891749645008714
2013-05-21,0.003115672441221573,1.0,0.005490527145431378,0.003115672441221573,0.000370408868505884,0.11696502656197517,2.90075938968458
2013-05-22,-0.016523875420083933,0.0,0.007320310097197303,-0.0,-0.0036601550485986516,0.11653691642949489,2.8528276029057933
2013-05-23,-0.011874824880558021,1.0,0.0,-0.011874824880558021,-0.012074824880558022,0.11512975357148851,2.818950774706865
2013-05-24,-0.01176144518063893,1.0,0.008667941339249162,-0.01176144518063893,-0.01176144518063893,0.11377566128619698,2.7857958397032303
2013-05-28,-0.0036221691928201016,1.0,0.003384130857328517,-0.0036221691928201016,-0.0036221691928201016,0.11336354659099339,2.775705215835171
2013-05-29,-0.0168787085671388,1.0,0.0,-0.0168787085671388,-0.0168787085671388,0.11145011632594674,2.728854896428802
2013-05-30,0.008659505004252166,1.0,0.0,0.008659505004252166,0.008659505004252166,0.11241521916599577,2.752485429060305
2013-05-31,-0.0011886894997432673,0.0,0.017654471431827023,-0.0,-0.008827235715913512,0.11142290352836146,2.7492135785325846
2013-06-03,0.008727739568010984,1.0,0.013166245722387861,0.008727739568010984,0.002144616706817053,0.11166186294879045,2.7732079986628566
2013-06-04,0.002753118927710352,0.0,0.00376981938453423,0.0,-0.001884909692267115,0.11145139042106168,2.780842970094453
2013-06-05,-0.006536832927149017,0.0,0.0,-0.0,-0.0,0.11145139042106168,2.762665064202309
2013-06-06,0.018423932987725156,1.0,0.00015974839251246828,0.018423932987725156,0.018223932987725157,0.1134824730914839,2.813564220212702
2013-06-07,0.018219199149633658,0.0,0.0,0.0,-0.0002,0.11345977659686561,2.8648251070610407
2013-06-10,-0.0015225182412016425,0.0,0.0,-0.0,-0.0,0.11345977659686561,2.8604633585776877
2013-06-11,0.002414232642703684,1.0,0.0021601681382316207,0.002414232642703684,0.0013341485735878739,0.11361114879597191,2.867369182591224
2013-06-12,-0.014200798744501864,0.0,0.011935162303839448,-0.0,-0.005967581151919724,0.11293316504576911,2.826650249903059
2013-06-13,0.017749481767208808,1.0,0.020137187128513583,0.017749481767208808,0.007680888202952017,0.11380059206089119,2.8768218269759895
2013-06-14,0.007582549504486558,0.0,0.0,0.0,-0.0002,0.11377783194247901,2.8986354708946225
2013-06-17,0.01166484323874628,0.0,0.0,0.0,0.0,0.11377783194247901,2.932447599268878
2013-06-18,0.011529541282097266,0.0,0.0,0.0,0.0,0.11377783194247901,2.9662573749222356
2013-06-19,-0.017159121861914706,0.0,0.00823741691732982,-0.0,-0.0,0.11377783194247901,2.9153590031521417
2013-06-20,-0.035665492894521256,1.0,0.0,-0.035665492894521256,-0.035865492894521254,0.109697133919392,2.8113812873402404
2013-06-21,0.01293200329972266,1.0,0.010640508476337513,0.01293200329972266,0.01293200329972266,0.1111157376172077,2.8477380794249028
2013-06-24,0.0006380800207974602,0.0,0.014346065749027324,0.0,-0.007173032874513662,0.11031870077840362,2.849555164197848
2013-06-25,0.007910091665856989,0.0,0.002464182109456153,0.0,0.0,0.11031870077840362,2.872095406753569
2013-06-26,0.010632970393045005,0.0,0.0,0.0,0.0,0.11031870077840362,2.9026343121795803
2013-06-27,0.007264593067352942,0.0,0.0,0.0,0.0,0.11031870077840362,2.923720769280901
2013-06-28,0.013181068712609934,0.0,0.001347917497248896,0.0,0.0,0.11031870077840362,2.9622585336372773
2013-07-01,-0.015341321587699186,0.0,0.01654322260620407,-0.0,-0.0,0.11031870077840362,2.9168135728468414
2013-07-02,0.0013705589420334174,1.0,0.0068460741212755865,0.0013705589420334174,-0.002052478118604376,0.11009227405898309,2.920811237771351
2013-07-03,-0.0027377689136697247,0.0,0.0,-0.0,-0.0002,0.11007025560417129,2.9128147315618835
2013-07-05,-0.002371649888878724,1.0,0.0021029222423447763,-0.002371649888878724,-0.0034231110100511122,0.10969347290033352,2.9059065548274505
2013-07-08,0.009133481734757032,1.0,0.0,0.009133481734757032,0.009133481734757032,0.11069535623149078,2.932447599268878
2013-07-09,0.008553921294965017,0.0,0.0,0.0,-0.0002,0.11067321716024449,2.957531525234633
2013-07-10,0.0034421351844831083,0.0,0.006096436174688515,0.0,0.0,0.11067321716024449,2.9677117485568614
2013-07-11,0.01960031438723253,0.0,0.0,0.0,0.0,0.11067321716024449,3.0258798318392595
2013-07-12,0.009371667947867923,0.0,0.0,0.0,0.0,0.11067321716024449,3.0542373728734074
2013-07-15,0.017021750256723145,0.0,0.0,0.0,0.0,0.11067321716024449,3.1062258386592085
2013-07-16,-0.005617792073399186,0.0,0.008322520273923136,-0.0,-0.0,0.11067321716024449,3.088775707764601
2013-07-17,-0.001765811355692315,1.0,0.011135309036863257,-0.001765811355692315,-0.007333465874123943,0.10986159889902032,3.083321512544644
2013-07-18,0.007310694899764769,1.0,0.007626275412131034,0.007310694899764769,0.007310694899764769,0.11066476352977139,3.105862735400739
2013-07-19,-0.005501539859240845,0.0,0.008043716026594214,-0.0,-0.004021858013297107,0.11021968556377955,3.088775707764601
2013-07-22,-0.0009415883263359515,1.0,0.002256323968336267,-0.0009415883263359515,-0.0020697503105040847,0.10999155833536026,3.0858673526155
2013-07-23,-0.000942729889842675,1.0,0.005222056136333293,-0.000942729889842675,-0.000942729889842675,0.10988786600568713,3.0829582132260995
2013-07-24,-0.012263618966993017,1.0,0.0,-0.012263618966993017,-0.012263618966993017,0.1085402430878974,3.045149988407933
2013-07-25,0.003820246812345829,1.0,0.0028540636531521027,0.003820246812345829,0.003820246812345829,0.10895489360556519,3.0567832129442634
2013-07-26,-0.001546078924490879,0.0,0.0,-0.0,-0.0002,0.10893310262684408,3.052057184841993
2013-07-29,0.010005364570796704,1.0,0.0,0.010005364570796704,0.009805364570796704,0.1100012314119283,3.0825941296672563
2013-07-30,0.01993175218865062,0.0,0.0,0.0,-0.0002,0.10997923116564592,3.144035631957973
2013-07-31,0.0015034843608630055,0.0,0.012502916020772845,0.0,0.0,0.10997923116564592,3.148762640360618
2013-08-01,0.01939702717146674,0.0,0.0,0.0,0.0,0.10997923116564592,3.2098392748521922
2013-08-02,-0.003963910190705189,0.0,0.004750066978622334,-0.0,-0.0,0.10997923116564592,3.19711576024008
2013-08-05,-0.009779223008389737,1.0,0.0,-0.009779223008389737,-0.009979223008389737,0.10888172389155269,3.1658504522370547
2013-08-06,-0.002985753265133506,1.0,0.0008226357925202844,-0.002985753265133506,-0.002985753265133506,0.10855662992893013,3.1563980039123636
2013-08-07,-0.0006915898659660691,1.0,0.003041312056094729,-0.0006915898659660691,-0.0006915898659660691,0.10848155326378785,3.154215071039902
2013-08-08,-0.0014980728186090309,1.0,0.006221273123934974,-0.0014980728186090309,-0.0014980728186090309,0.10831903999752288,3.14948982717793
2013-08-09,-0.004271066892713837,1.0,0.0008367614430783918,-0.004271066892713837,-0.004271066892713837,0.10785640213193891,3.1360381454481314
2013-08-12,-0.007767535597349551,1.0,0.0,-0.007767535597349551,-0.007767535597349551,0.10701862368897702,3.111678857518717
2013-08-13,-0.005724637717685721,1.0,0.00111157720179058,-0.005724637717685721,-0.005724637717685721,0.10640598083931228,3.09386562336564
2013-08-14,-0.007990777298527152,1.0,0.0,-0.007990777298527152,-0.007990777298527152,0.105555714343194,3.0691432321777565
2013-08-15,-0.01682077329792786,1.0,0.0,-0.01682077329792786,-0.01682077329792786,0.1037801856019263,3.017517869650425
2013-08-16,-0.010240805178060475,1.0,0.0,-0.010240805178060475,-0.010240805178060475,0.102717392939834,2.9866160570260187
2013-08-19,-0.007425310349101433,1.0,0.006681370276094705,-0.007425310349101433,-0.007425310349101433,0.10195468441900514,2.9644395059089907
2013-08-20,0.007971001696620572,1.0,0.008802314756581255,0.007971001696620572,0.007971001696620572,0.10276736538148744,2.98806905824012
2013-08-21,-0.017154728832808774,0.0,0.0,-0.0,-0.0002,0.10274681190841115,2.9368095438123047
2013-08-22,0.002351538283495991,1.0,0.006179784862492491,0.002351538283495991,-0.0007383541477502548,0.10267094837367045,2.943715563885916
2013-08-23,0.005434532485744548,0.0,0.0012911865335795416,0.0,-0.0006455932667897708,0.10260466470070549,2.959713281746646
2013-08-26,-0.010440879146997761,0.0,0.0069144604409359205,-0.0,-0.0,0.10260466470070549,2.928811273062165
2013-08-27,0.006578711310282426,1.0,0.006638006469749185,0.006578711310282426,0.0032597080754078332,0.1029391259548049,2.948079076909942
2013-08-28,0.00808187430000018,0.0,0.0015549472947491332,0.0,-0.0007774736473745666,0.10285909349709126,2.9719050814359886
2013-08-29,-0.006413585840210567,0.0,0.005614429457775255,-0.0,-0.0,0.10285909349709126,2.952844513087241
2013-08-30,-0.0024825845597582497,1.0,0.005100746570566174,-0.0024825845597582497,-0.005032957845041337,0.10234140801554123,2.9455138268916836
2013-09-03,-0.007342017623424901,1.0,0.008812993327504438,-0.007342017623424901,-0.007342017623424901,0.101590015594285,2.9238878124646033
2013-09-04,0.004136664211574992,1.0,0.002389458757389131,0.004136664211574992,0.004136664211574992,0.10201025937604723,2.935982954537086
2013-09-05,-0.0017476559967117833,0.0,0.0,-0.0,-0.0002,0.10198985732417203,2.9308518663203458
2013-09-06,0.0006250023413338912,1.0,0.009696814545565932,0.0006250023413338912,-0.004223404931449075,0.10155911285779133,2.9326836555988987
2013-09-09,0.0027502848459164397,0.0,0.0013695445276470056,0.0,-0.0006847722638235028,0.10148956799416779,2.940749371014759
2013-09-10,0.004736177720103596,0.0,0.0,0.0,0.0,0.10148956799416779,2.954677282666168
2013-09-11,-0.012405355844771093,0.0,0.0,-0.0,-0.0,0.10148956799416779,2.918023459568233
2013-09-12,-0.004270957682607324,1.0,0.009632243267765093,-0.004270957682607324,-0.00908707931648987,0.1005673242400085,2.905560704855562
2013-09-13,-0.000630442611469717,0.0,0.00641005944551291,-0.0,-0.003205029722756455,0.10024500297668118,2.903728915577009
2013-09-16,-0.0006315830412189083,0.0,0.004057194746411231,-0.0,-0.0,0.10024500297668118,2.9018949696376337
2013-09-17,-0.0021472125288408694,0.0,0.001720795397938494,-0.0,-0.0,0.10024500297668118,2.8956639844014473
2013-09-18,0.044936888887324056,0.0,0.0018072462319884582,0.0,0.0,0.10024500297668118,3.025786115123521
2013-09-19,0.001816826512928138,-1.0,0.0,-0.001816826512928138,-0.002016826512928138,0.10004282619688926,3.031283443559927
2013-09-20,-0.02430445444222118,-1.0,0.0,0.02430445444222118,0.02430445444222118,0.10247431250846259,2.9576097532044656
2013-09-23,0.006568017361627154,0.0,0.00264071326482157,0.0,-0.001320356632410785,0.1023390098702903,2.9770353854124303
2013-09-24,0.0,-1.0,0.0024127126496424622,-0.0,-0.0012063563248212311,0.10221555255845734,2.9770353854124303
2013-09-25,-0.010957698286032547,0.0,0.005585358076570606,-0.0,-0.002792679038285303,0.10193009732744059,2.9444139298722383
2013-09-26,0.0013692977528108052,0.0,0.0018210829989943925,0.0,0.0,0.10193009732744059,2.948445709249757
2013-09-27,-0.004599400697450795,-1.0,0.0,0.004599400697450795,0.004399400697450795,0.10237852866871416,2.934884625998238
2013-09-30,0.001123565256468284,0.0,0.0,0.0,-0.0002,0.10235805296298042,2.9381821603957525
2013-10-01,-0.0011223042743784273,-1.0,0.0,0.0011223042743784273,0.0009223042743784273,0.10245245823274524,2.934884625998238
2013-10-02,0.004245886234057528,0.0,0.003508313781197195,0.0,-0.0017541568905985975,0.10227274054717751,2.947345812230311
2013-10-03,-0.011938438106732896,-1.0,0.0,0.011938438106732896,0.011738438106732895,0.10347326278209651,2.912159106671861
2013-10-04,0.0025170664605993487,0.0,0.005441885912514786,0.0,-0.002720942956257393,0.1031917179365686,2.919489204687194
2013-10-07,-0.0037668924057684405,-1.0,0.008253817206091597,0.0037668924057684405,-0.000360016197277358,0.10315456724668656,2.9084918029733347
2013-10-08,0.004285291435342398,0.0,0.0008697429700085899,0.0,-0.00043487148500429495,0.10310970826684301,2.9209555379863796
2013-10-09,0.0038901166229523554,-1.0,0.005149421942190763,-0.0038901166229523554,-0.0064648275940477375,0.1024431217796253,2.932318395679605
2013-10-10,0.01749953731637066,-1.0,0.017746783407384916,-0.01749953731637066,-0.01749953731637066,0.10065041454723725,2.9836326108682805
2013-10-11,0.0042999218488743995,-1.0,0.0,-0.0042999218488743995,-0.0042999218488743995,0.10021762563062732,2.996461997920767
2013-10-14,-0.008440013983811334,-1.0,0.0,0.008440013983811334,0.008440013983811334,0.10106346379237417,2.9711718167563563
2013-10-15,-0.010486462838008359,0.0,0.010626174834425075,-0.0,-0.005313087417212537,0.10052650477455899,2.940014733914603
2013-10-16,0.0162076849962578,0.0,0.009474617366313224,0.0,0.0,0.10052650477455899,2.9876655666062475
2013-10-17,0.018279595506676793,-1.0,0.0,-0.018279595506676793,-0.018479595506676792,0.09866881562862513,3.042278884673036
2013-10-18,0.006506251983701805,-1.0,0.0,-0.006506251983701805,-0.006506251983701805,0.09802685145121189,3.0620727177014144
2013-10-21,0.002992630377973926,-1.0,0.00394962388450713,-0.002992630377973926,-0.002992630377973926,0.09773349331770186,3.071236369535973
2013-10-22,0.014560760922661453,-1.0,0.0,-0.014560760922661453,-0.014560760922661453,0.09631041928736626,3.1159559080497687
2013-10-23,0.0009403592040024833,-1.0,0.002673366923043199,-0.0009403592040024833,-0.0009403592040024833,0.09621985289814805,3.118886025867169
2013-10-24,0.0009405444169303667,0.0,0.009288421832582758,0.0,-0.004644210916291379,0.09577298760695452,3.1218194767058405
2013-10-25,0.009158519528951414,0.0,0.009081342170351437,0.0,0.0,0.09577298760695452,3.150410721349112
2013-10-28,-0.009192027257634572,0.0,0.012801056200524307,-0.0,-0.0,0.09577298760695452,3.1214520601257267
2013-10-29,0.009629169112090219,1.0,0.01133435916744524,0.009629169112090219,0.003961989528367599,0.09615243918095374,3.15150904988796
2013-10-30,-0.004652672938455837,0.0,0.0,-0.0,-0.0002,0.09613320869311756,3.1368461090162474
2013-10-31,-0.009698043296963443,1.0,0.0,-0.009698043296963443,-0.009898043296963444,0.09518167803119706,3.1064248396350966
2013-11-01,0.04000006311437909,1.0,0.0,0.04000006311437909,0.04000006311437909,0.09898895115977746,3.2306820292805756
2013-11-04,-0.0005678473161310205,0.0,0.012494083383186692,-0.0,-0.006247041691593346,0.09837056305487524,3.228847495160976
2013-11-05,-0.00942152927523443,1.0,0.014215755278030052,-0.00942152927523443,-0.016529406914249457,0.09674455598975737,3.198426813960049
2013-11-06,0.01249124651577005,1.0,0.005386151464691471,0.01249124651577005,0.01249124651577005,0.09795301608768414,3.238379151755873
2013-11-07,-0.01528017930312986,0.0,0.004353804346907503,-0.0,-0.0021769021734537515,0.0977397819540665,3.1888961376655254
2013-11-08,0.001379781594628371,1.0,0.0,0.001379781594628371,0.0011797815946283708,0.09785509354987891,3.193296117863458
2013-11-11,-0.006543182171914519,0.0,0.00305880601057131,-0.0,-0.001529403005285655,0.09770543367572121,3.1724017996354097
2013-11-12,-0.010398890929995686,1.0,0.0,-0.010398890929995686,-0.010598890929995686,0.09666986444092432,3.139412339334879
2013-11-13,0.005253832286796989,1.0,0.002099714570395765,0.005253832286796989,0.005253832286796989,0.09717775169588433,3.1559062852448454
2013-11-14,0.01626054747239314,0.0,0.0,0.0,-0.0002,0.09715831614554515,3.2072230492144933
2013-11-15,0.012228175070509772,0.0,0.0,0.0,0.0,0.09715831614554515,3.2464415341504624
2013-11-18,0.0055322367460337585,0.0,0.0,0.0,0.0,0.09715831614554515,3.26440161729954
2013-11-19,-0.019761313013261783,0.0,0.0,-0.0,-0.0,0.09715831614554515,3.1998927551390857
2013-11-20,-0.012256554921545426,1.0,0.001514367010637745,-0.012256554921545426,-0.013013738426864298,0.09589392323323245,3.1606730938426684
2013-11-21,0.004174631978701937,1.0,0.005960779808011648,0.004174631978701937,0.004174631978701937,0.0962942450717251,3.1738677408144467
2013-11-22,0.0,0.0,0.008956661851849932,0.0,-0.004478330925924966,0.09586300757603179,3.1738677408144467
2013-11-25,-0.005659169516935125,0.0,0.008888043148301364,-0.0,-0.0,0.09586300757603179,3.155906285244846
2013-11-26,-0.003627778213686872,1.0,0.0,-0.003627778213686872,-0.003827778213686872,0.09549606524413376,3.1444573571787973
2013-11-27,-0.0022318542053944013,1.0,0.0026114050610609512,-0.0022318542053944013,-0.0022318542053944013,0.09528293194932003,3.1374393868024946
2013-11-29,-0.004120871824601191,1.0,0.00813185581718033,-0.004120871824601191,-0.004120871824601191,0.09489028319968468,3.124510401232026
2013-12-02,-0.007802029241687047,1.0,0.0,-0.007802029241687047,-0.007802029241687047,0.09414994643540878,3.1001328797156584
2013-12-03,0.0014297226223012327,1.0,0.005951555031931714,0.0014297226223012327,0.0014297226223012327,0.09428455474371593,3.1045652098259278
2013-12-04,0.0019035331436874081,0.0,0.009983820805535365,0.0,-0.0049919104027676825,0.09381389469407045,3.1104748525995705
2013-12-05,-0.007362224058420241,0.0,0.013246854004734127,-0.0,-0.0,0.09381389469407045,3.087574839806651
2013-12-06,0.01244092464198543,1.0,0.006654037649735272,0.01244092464198543,0.009113905817117792,0.0946689056946492,3.125987125715176
2013-12-09,-0.006143993609644571,0.0,0.003024643567108009,-0.0,-0.0015123217835540045,0.09452573584634195,3.1067810807909506
2013-12-10,-0.015099014790231569,1.0,0.0,-0.015099014790231569,-0.015299014790231569,0.09307958521557125,3.0598717473020765
2013-12-11,-0.005311912936451391,1.0,0.0,-0.005311912936451391,-0.005311912936451391,0.09258515456274513,3.0436179749837002
2013-12-12,0.004369132637696449,1.0,0.0013547050527577182,0.004369132637696449,0.004369132637696449,0.09298967138331139,3.056915945614881
2013-12-13,-0.0006042305373277213,0.0,0.00431599981999758,-0.0,-0.00215799990999879,0.09278899968083539,3.0550688636504963
2013-12-16,0.001814108434500472,1.0,0.0,0.001814108434500472,0.001614108434500472,0.09293877118784909,3.0606110898440244
2013-12-17,-0.0027760663314324585,0.0,0.0,-0.0,-0.0002,0.09292018343361153,3.0521146304438997
2013-12-18,0.012707132066168247,1.0,0.003586239824578247,0.012707132066168247,0.010914012153879124,0.09393431544494664,3.090898254134035
2013-12-19,0.0005973337108771126,0.0,0.012029191457601666,0.0,-0.006014595728800833,0.09336933851248364,3.0927445518581202
2013-12-20,0.013017739925908156,0.0,0.0,0.0,0.0,0.09336933851248364,3.1330050960914786
2013-12-23,-0.0014142835883904636,0.0,0.004660979779327872,-0.0,-0.0,0.09336933851248364,3.1285741384017327
2013-12-24,0.00035432232502619065,1.0,0.0,0.00035432232502619065,0.00015432232502619064,0.09338374748588904,3.129682662064468
2013-12-26,-0.0016526470543277716,0.0,0.004721659736478181,-0.0,-0.0023608298682390905,0.09316328434561626,3.1245104012320266
2013-12-27,0.0013005996613433268,1.0,0.0014183941063247798,0.0013005996613433268,0.0005914026081809369,0.09321838135496496,3.1285741384017327
2013-12-30,0.004132235548267804,0.0,0.003588169560767109,0.0,-0.0017940847803835545,0.09305113967572402,3.141502143671828
2013-12-31,0.006702235595086314,0.0,0.0,0.0,0.0,0.09305113967572402,3.162557231161185
2014-01-02,-0.016000816339081236,0.0,0.0,-0.0,-0.0,0.09305113967572402,3.1119537337435417
2014-01-03,0.0013051545287590116,1.0,0.0,0.0013051545287590116,0.0011051545287590115,0.09315397556414284,3.1160153142524254
2014-01-06,0.00047416606609407275,0.0,0.0066231480517075945,0.0,-0.0033115740258537973,0.09284548927825961,3.117492822975873
2014-01-07,0.007345964976892105,0.0,0.0,0.0,0.0,0.09284548927825961,3.1403938160691665
2014-01-08,0.003175837339990606,0.0,0.007041087134633389,0.0,0.0,0.09284548927825961,3.1503671960125144
2014-01-09,0.008558860673981039,0.0,0.0022711235229266723,0.0,0.0,0.09284548927825961,3.1773307499150656
2014-01-10,0.014299356580169897,0.0,0.0,0.0,0.0,0.09284548927825961,3.2227645352812395
2014-01-13,-0.006532872910329335,0.0,0.011324694108787975,-0.0,-0.0,0.09284548927825961,3.2017106241523305
2014-01-14,0.0004610461332106297,1.0,0.0017390979387618029,0.0004610461332106297,-0.00040850283617027174,0.09280756163256383,3.2031867604552553
2014-01-15,0.0009222182056292105,0.0,0.0016526224397011475,0.0,-0.0008263112198505738,0.09273087370309988,3.2061407976017775
2014-01-16,0.008641124246912657,0.0,0.0,0.0,0.0,0.09273087370309988,3.2338454585869503
2014-01-17,0.0012560206172416155,0.0,0.0,0.0,0.0,0.09273087370309988,3.237907235155909
2014-01-21,0.015856858239236882,0.0,0.0,0.0,0.0,0.09273087370309988,3.2892502711755753
2014-01-22,-0.0021330118407341114,0.0,0.0,-0.0,-0.0,0.09273087370309988,3.2822342614000197
2014-01-23,-0.0006754092148348878,1.0,0.0,-0.0006754092148348878,-0.0008754092148348878,0.09264969624176049,3.2800174101346236
2014-01-24,-0.01959478542743409,1.0,0.0,-0.01959478542743409,-0.01959478542743409,0.09083424532398625,3.2157461727847876
2014-01-27,-0.0019530124697587636,1.0,0.0,-0.0019530124697587636,-0.0019530124697587636,0.09065684491018737,3.2094657804097597
2014-01-28,0.021751690673464275,1.0,0.0,0.021751690673464275,0.021751690673464275,0.09262878455810598,3.2792770872923014
2014-01-29,-0.00011258003241565451,0.0,0.006247745855570789,-0.0,-0.0031238729277853947,0.09233942400569126,3.278907906171514
2014-01-30,0.02467053926585483,1.0,0.0,0.02467053926585483,0.02447053926585483,0.09459901950660894,3.3598003324198404
2014-01-31,0.010664201142514651,0.0,0.0,0.0,-0.0002,0.09458009970270762,3.3956299189634533
2014-02-03,-0.007723507151025544,0.0,0.0034047941567841764,-0.0,-0.0,0.09458009970270762,3.369403747002103
2014-02-04,-0.011839352647523782,1.0,0.0,-0.011839352647523782,-0.012039352647523783,0.09344141652894876,3.329512187829457
2014-02-05,-0.00865346351117191,1.0,0.0,-0.00865346351117191,-0.00865346351117191,0.09263282464058328,3.300700375602073
2014-02-06,0.0047000477809877594,1.0,0.0023108645780013,0.0047000477809877594,0.0047000477809877594,0.09306820334248188,3.316213825078127
2014-02-07,0.009245445592285018,0.0,0.0,0.0,-0.0002,0.09304958970181339,3.34687369957027
2014-02-10,0.008056399010840432,0.0,0.015079152097122532,0.0,0.0,0.09304958970181339,3.3738374495328958
2014-02-11,0.007006434497264236,0.0,0.0,0.0,0.0,0.09304958970181339,3.3974760206274652
2014-02-12,0.0023918632330663936,0.0,0.007696771995707871,0.0,0.0,0.09304958970181339,3.405602318606429
2014-02-13,0.007049660573817285,0.0,0.008135840089871952,0.0,0.0,0.09304958970181339,3.4296106590020092
2014-02-14,0.004523385019035375,0.0,0.0005208670977619554,0.0,0.0,0.09304958970181339,3.445124108478063
2014-02-18,0.0008578528592837475,0.0,0.0,0.0,0.0,0.09304958970181339,3.448079518045108
2014-02-19,-0.009747850269053226,0.0,0.0,-0.0,-0.0,0.09304958970181339,3.414468155187415
2014-02-20,0.00010795032309873775,1.0,0.0018136668576109645,0.00010795032309873775,-0.0007988831057067445,0.09297525395660766,3.414836748127978
2014-02-21,0.0011898516061445985,0.0,0.0014365296445853625,0.0,-0.0007182648222926812,0.0929084731023469,3.4188998971174596
2014-02-24,-0.008426873185502393,0.0,0.0,-0.0,-0.0,0.0929084731023469,3.3900892612505236
2014-02-25,-0.0015257583190032564,1.0,0.007684020729719951,-0.0015257583190032564,-0.005367768683863232,0.09240976190996257,3.384916804358007
2014-02-26,-0.005004433325540902,1.0,0.0018962994379576467,-0.005004433325540902,-0.005004433325540902,0.09194730341785505,3.367977213898094
2014-02-27,0.0013263251084567607,1.0,0.0,0.0013263251084567607,0.0013263251084567607,0.09206925543503304,3.3724442466415976
2014-02-28,0.008942347560117803,0.0,0.0,0.0,-0.0002,0.09205084158394604,3.4026018152221864
2014-03-03,-0.012145277291811696,0.0,0.00013712065060422367,-0.0,-0.0,0.09205084158394604,3.3612762726626912
2014-03-04,0.015285479319607775,1.0,0.0,0.015285479319607775,0.015085479319607775,0.09343947265101316,3.412654991615965
2014-03-05,-0.011018736459542766,0.0,0.0025092554935166093,-0.0,-0.0012546277467583046,0.09332224089598273,3.3750518456360057
2014-03-06,0.0009924263301788194,1.0,0.002878590520126631,0.0009924263301788194,-0.000446868929884496,0.09328053808605911,3.3784013359533334
2014-03-07,0.0116821209578295,0.0,0.00553569915907327,0.0,-0.002767849579536635,0.09302235158793866,3.417868229004033
2014-03-10,-0.006753950607935821,0.0,0.011182066618298514,-0.0,-0.0,0.09302235158793866,3.3947841158009067
2014-03-11,-0.0024125874529743463,1.0,0.012065077130359004,-0.0024125874529743463,-0.008445126018153847,0.0922367661062735,3.3865939022375686
2014-03-12,0.013522299167162855,1.0,0.008593765320714764,0.013522299167162855,0.013522299167162855,0.09348401925177416,3.4323884381413143
2014-03-13,0.017246878645007957,0.0,0.0,0.0,-0.0002,0.09346532244792381,3.491586424996466
2014-03-14,0.005118380518169818,0.0,0.006150407491021926,0.0,0.0,0.09346532244792381,3.509457692931674
2014-03-17,0.005835224869845668,0.0,0.0,0.0,0.0,0.09346532244792381,3.5299361677411403
2014-03-18,-0.003586464611905149,0.0,0.004968162393403346,-0.0,-0.0,0.09346532244792381,3.5172761765932528
2014-03-19,-0.012384984705504865,1.0,0.0,-0.012384984705504865,-0.012584984705504865,0.09228906279442162,3.473714764941109
2014-03-20,0.002572131084993101,1.0,0.0,0.002572131084993101,0.002572131084993101,0.09252644236164002,3.4826496146684134
2014-03-21,0.011011544331936962,0.0,0.0,0.0,-0.0002,0.09250793707316769,3.5209989652929377
2014-03-24,-0.005180976699080131,0.0,0.010379950339951805,-0.0,-0.0,0.09250793707316769,3.50275675169627
2014-03-25,0.005207959013378227,1.0,0.009060779021755597,0.005207959013378227,0.0006775695025004287,0.09257061763006771,3.520998965292938
2014-03-26,-0.007296154259065268,0.0,0.009204099323141065,-0.0,-0.004602049661570532,0.09214460305053189,3.4953092136961517
2014-03-27,0.007775744617407154,1.0,0.005523175940786233,0.007775744617407154,0.005014156647014038,0.0926066305244042,3.522487845500723
2014-03-28,0.0011625052806993885,0.0,0.0015725553211300512,0.0,-0.0007862776605650256,0.09253381599960266,3.526582756222317
2014-03-31,0.00950228317204127,0.0,0.0,0.0,0.0,0.09253381599960266,3.5600933442015794
2014-04-01,-0.007948265288319711,0.0,0.0,-0.0,-0.0,0.09253381599960266,3.531796777850684
2014-04-02,-0.00864434865395236,1.0,0.0,-0.00864434865395236,-0.008844348653952361,0.0917154146686215,3.501266695128037
2014-04-03,0.005954598162898561,1.0,0.0,0.005954598162898561,0.005954598162898561,0.09226154310831676,3.5221153313586644
2014-04-04,0.004334221939194416,0.0,0.0017939657760301804,0.0,-0.0008969828880150902,0.09217878608292673,3.537380960900212
2014-04-07,-0.011682525296619062,0.0,0.0,-0.0,-0.0,0.09217878608292673,3.496055418340717
2014-04-08,0.02768867230401484,1.0,0.007750594711322692,0.02768867230401484,0.02381337494835349,0.09437387407820354,3.5928565511758284
2014-04-09,-0.0007254457829958261,0.0,0.0,-0.0,-0.0002,0.0943549993033879,3.590250128541869
2014-04-10,-0.006844477306944818,1.0,0.002009304172951337,-0.006844477306944818,-0.007849129393420487,0.0936143947049395,3.5656767430108083
2014-04-11,-0.006473538233036202,1.0,0.007564991271368505,-0.006473538233036202,-0.006473538233036202,0.09300837834165453,3.54259419828828
2014-04-14,0.010089257123363504,1.0,0.0033183473771466955,0.010089257123363504,0.010089257123363504,0.09394676378537055,3.578336342038546
2014-04-15,0.011757348438658166,0.0,0.0,0.0,-0.0002,0.09392797443261347,3.620408089242607
2014-04-16,0.006890247435666241,0.0,0.0,0.0,0.0,0.09392797443261347,3.645353596795576
2014-04-17,-0.013482031237058378,0.0,0.010271277449877318,-0.0,-0.0,0.09392797443261347,3.596206825733455
2014-04-21,0.000931504387764015,1.0,0.0032422273813981664,0.000931504387764015,-0.0006896093029350682,0.0938632008276389,3.5995567081709328
2014-04-22,-0.0034130637189834223,0.0,0.0,-0.0,-0.0002,0.09384442818747336,3.587271191765851
2014-04-23,0.0012457918861858985,1.0,0.0021181098429157662,0.0012457918861858985,0.00018673696472801542,0.09386195241114972,3.591740185110101
2014-04-24,0.0022801820346416424,0.0,0.0032104228637363764,0.0,-0.0016052114318681882,0.09371128413212187,3.5999300065532895
2014-04-25,0.010135740475025745,0.0,0.0,0.0,0.0,0.09371128413212187,3.6364179628279714
2014-04-28,-0.004095976874040175,0.0,0.006600412138193731,-0.0,-0.0,0.09371128413212187,3.6215232789478837
2014-04-29,0.007196492672115751,1.0,0.0037703421803526385,0.007196492672115751,0.0053113215819394315,0.09420901489800407,3.647585544686729
2014-04-30,0.019190270187290803,0.0,0.0,0.0,-0.0002,0.09419017309502446,3.7175836968205234
2014-05-01,0.0012011738341557443,0.0,0.0,0.0,0.0,0.09419017309502446,3.722049161083428
2014-05-02,-0.019805598626396637,0.0,0.0,-0.0,-0.0,0.09419017309502446,3.6483317493312932
2014-05-05,-0.0004079914300303411,1.0,0.002300118576079984,-0.0004079914300303411,-0.001558050718070333,0.09404342002819858,3.6468432612436583
2014-05-06,-0.0009188930145529461,1.0,0.00584944330591048,-0.0009188930145529461,-0.0009188930145529461,0.09395700418647,3.643492202445732
2014-05-07,0.014305985670122201,1.0,0.0018227060187679868,0.014305985670122201,0.014305985670122201,0.09530115174196925,3.6956159496831225
2014-05-08,-0.0077575919368493285,0.0,0.005196695913196586,-0.0,-0.002598347956598293,0.09505352618907904,3.666946869190169
2014-05-09,-0.015940497819087462,1.0,0.0,-0.015940497819087462,-0.01614049781908746,0.09351931495692764,3.6084939106191336
2014-05-12,-0.011453165931379017,1.0,0.0,-0.011453165931379017,-0.011453165931379017,0.09244822272493705,3.567165231098442
2014-05-13,0.0028184734888161422,1.0,0.005633911166797984,0.0028184734888161422,0.0028184734888161422,0.09270878558977545,3.5772191917325196
2014-05-14,0.005516530463413272,0.0,0.003675005071029546,0.0,-0.001837502535514773,0.09253843296118974,3.5969530303780184
2014-05-15,-0.0035193161213196156,0.0,0.005373702678224436,-0.0,-0.0,0.09253843296118974,3.5842942155905795
2014-05-16,0.0034275970849835247,1.0,5.3127480190984225e-06,0.0034275970849835247,0.0032275970849835246,0.09283710973766422,3.596579731995661
2014-05-19,-0.019668916851111162,0.0,0.0,-0.0,-0.0002,0.09281854231571669,3.525838904298647
2014-05-20,0.01721236989852115,1.0,0.016058788312076,0.01721236989852115,0.00918297574248315,0.09367089273825456,3.5865269477220316
2014-05-21,-0.0005191056688350626,0.0,0.0,-0.0,-0.0002,0.0936521585597069,3.5846651612520395
2014-05-22,0.0037389988264830976,1.0,0.0022312443289693603,0.0037389988264830976,0.002623376661998417,0.09389784344681823,3.5980682200832956
2014-05-23,-0.0018625898859548906,0.0,0.0051377393177022635,-0.0,-0.0025688696588511317,0.09365663212575615,3.591366494607593
2014-05-27,0.0007262926907134482,1.0,0.0030509995742552553,0.0007262926907134482,-0.0007992070964141795,0.09358178108073498,3.5939748778422995
2014-05-28,0.008597463486419876,0.0,0.008521564387221554,0.0,-0.004260782193610777,0.09318304949425979,3.624873945625659
2014-05-29,-0.0008791369032615792,0.0,0.0024267762563018516,-0.0,-0.0,0.09318304949425979,3.621687185170388
2014-05-30,0.00838941088873768,1.0,0.005731254077484578,0.00838941088873768,0.005523783849995392,0.0936977725181495,3.652071007077258
2014-06-02,-0.0018487912315393595,0.0,0.004108653779812095,-0.0,-0.0020543268899060477,0.09350528666454117,3.6453190902224146
2014-06-03,-0.00020577782835873304,1.0,0.005987748541445027,-0.00020577782835873304,-0.0031996520990812466,0.09320610227778978,3.644568964376354
2014-06-04,0.0016468842235120018,1.0,0.0022792333016477713,0.0016468842235120018,0.0016468842235120018,0.09335960193716611,3.650571147505287
2014-06-05,0.004623823340237809,0.0,0.0,0.0,-0.0002,0.09334093001677868,3.6674507435823207
2014-06-06,-0.0033751119308234045,0.0,0.004014193394795336,-0.0,-0.0,0.09334093001677868,3.6550726868219487
2014-06-09,-0.010878730753237642,1.0,0.0,-0.010878730753237642,-0.011078730753237643,0.09230683098486599,3.6153101351785
2014-06-10,-0.006225444429790117,1.0,0.0,-0.006225444429790117,-0.006225444429790117,0.09173217993807968,3.592803222835489
2014-06-11,-0.00918766110494229,1.0,0.0,-0.00918766110494229,-0.00918766110494229,0.09088937575639101,3.559793764407332
2014-06-12,0.00758719340706504,1.0,0.014845728844893338,0.00758719340706504,0.00758719340706504,0.09157897102890217,3.5868026081871545
2014-06-13,0.012131030654944475,0.0,0.0,0.0,-0.0002,0.09156065523469639,3.6303142205803076
2014-06-16,0.00392658677181057,0.0,0.0,0.0,0.0,0.09156065523469639,3.644568964376354
2014-06-17,0.00607250228387235,0.0,0.012335751017836242,0.0,0.0,0.09156065523469639,3.6667006177362595
2014-06-18,0.0198467280692618,0.0,0.0,0.0,0.0,0.09156065523469639,3.7394726278078654
2014-06-19,0.0047144941754606595,0.0,0.0,0.0,0.0,0.09156065523469639,3.75710234973096
2014-06-20,-0.001697227618032593,0.0,0.004190515432049616,-0.0,-0.0,0.09156065523469639,3.7507256918592216
2014-06-23,-0.0036008483210990816,1.0,0.0,-0.0036008483210990816,-0.0038008483210990817,0.09121264707196887,3.737219897548787
2014-06-24,0.01104104239695225,1.0,0.0,0.01104104239695225,0.01104104239695225,0.09221972977542872,3.7784827008843567
2014-06-25,0.010126054985490462,0.0,0.0,0.0,-0.0002,0.09220128582947364,3.8167438244752363
2014-06-26,-0.003439731700721871,0.0,0.005468244359357018,-0.0,-0.0,0.09220128582947364,3.8036152497486544
2014-06-27,0.0019724484019643107,1.0,0.0,0.0019724484019643107,0.0017724484019643106,0.09236470785120114,3.8111176845697083
2014-06-30,0.008661770546317227,0.0,0.006078659609173909,0.0,-0.0030393298045869547,0.09208398104173701,3.844128711478463
2014-07-01,-0.010050751541855751,0.0,0.008460453139498652,-0.0,-0.0,0.09208398104173701,3.805492328904479
2014-07-02,-0.017250436222309595,1.0,0.0,-0.017250436222309595,-0.017450436222309594,0.09047707540347182,3.739845926190224
2014-07-03,-0.01484424639580606,1.0,0.0,-0.01484424639580606,-0.01484424639580606,0.08913401140301076,3.6843307317795047
2014-07-07,0.0026473184167217223,1.0,0.00431810099550915,0.0026473184167217223,0.0026473184167217223,0.08936997751295424,3.6940843283790383
2014-07-08,0.00426460733630063,0.0,0.00628974162051246,0.0,-0.00314487081025623,0.08908892047936048,3.7098381475067566
2014-07-09,-0.0007079610099299805,0.0,0.007817549625955263,-0.0,-0.0,0.08908892047936048,3.7072117267451707
2014-07-10,0.005666008234370246,1.0,0.0019084491677424666,0.005666008234370246,0.004711783650499012,0.08950868819831574,3.7282168189154627
2014-07-11,-0.004225353742168481,0.0,0.00785687740093605,-0.0,-0.003928438700468025,0.08915705880356936,3.712463784028043
2014-07-14,-0.015661299523673677,1.0,0.0,-0.015661299523673677,-0.015861299523673676,0.08774291198923616,3.6543217767355887
2014-07-15,0.009238691833255652,1.0,0.00686445677582264,0.009238691833255652,0.009238691833255652,0.08855354171365719,3.688082929490404
2014-07-16,0.004067942431932314,0.0,0.0,0.0,-0.0002,0.08853583100531445,3.703085838531763
2014-07-17,-0.011547633657932432,0.0,0.00647313718197272,-0.0,-0.0,0.08853583100531445,3.6603239598645207
2014-07-18,0.012297449302066443,1.0,0.006654570244855242,0.012297449302066443,0.008970164179638822,0.0893300119452129,3.705336608190094
2014-07-21,-0.0010120119672029082,0.0,0.0024969737827541163,-0.0,-0.0012484868913770581,0.08921848459629274,3.7015867632000905
2014-07-22,-0.0033443044598847615,1.0,0.004303947144428909,-0.0033443044598847615,-0.005496278032099216,0.08872811499934896,3.68920753007927
2014-07-23,0.0014230960549979077,1.0,0.0032367670760980187,0.0014230960549979077,0.0014230960549979077,0.08885438362977194,3.694457626761394
2014-07-24,0.002335447484325792,0.0,0.0016403442995294305,0.0,-0.0008201721497647153,0.08878150773893428,3.7030858385317624
2014-07-25,-0.0027348237506846784,0.0,0.005523976888949987,-0.0,-0.0,0.08878150773893428,3.692958551429722
2014-07-28,0.01147800481762129,1.0,0.0039621509559630615,0.01147800481762129,0.009496929339639758,0.08962465944459763,3.735346347474308
2014-07-29,-0.011849958403426397,0.0,0.005093561070946915,-0.0,-0.0025467805354734575,0.0893964051064257,3.6910826486343464
2014-07-30,-0.020935198895331686,1.0,0.0,-0.020935198895331686,-0.021135198895331685,0.08750699430397375,3.6138090992460787
2014-07-31,-0.025430562855601413,1.0,0.0,-0.025430562855601413,-0.025430562855601413,0.0852816421850218,3.521907899799557
2014-08-01,-0.0007455153842711448,1.0,0.0007327462465981798,-0.0007455153842711448,-0.0007455153842711448,0.08521806340877695,3.5192822632782708
2014-08-04,0.0024515850121615834,1.0,0.0,0.0024515850121615834,0.0024515850121615834,0.08542698273579534,3.5279100829284897
2014-08-05,-0.015524041145655754,0.0,0.013340600898829158,-0.0,-0.006670300449414579,0.08485715909446062,3.473142661642934
2014-08-06,-0.0025917478864710963,1.0,0.0,-0.0025917478864710963,-0.0027917478864710964,0.08462025929990673,3.464141151490208
2014-08-07,0.017542247130446054,1.0,0.0,0.017542247130446054,0.017542247130446054,0.08610468880078812,3.5249099716643975
2014-08-08,0.015749059833167323,0.0,0.0,0.0,-0.0002,0.08608746786302796,3.580423989714668
2014-08-11,-0.005866649377457067,-1.0,0.0010858857188098161,0.005866649377457067,0.005323706518052159,0.08654577227681297,3.559418897544376
2014-08-12,0.00010531687158654712,0.0,0.00265482249686412,0.0,-0.00132741124843206,0.0864308904451885,3.5597937644073316
2014-08-13,0.008957049781435522,-1.0,0.0,-0.008957049781435522,-0.009157049781435523,0.08563943847872811,3.591679014366772
2014-08-14,0.0045955959618058095,-1.0,0.004461228009559587,-0.0045955959618058095,-0.0045955959618058095,0.08524587422108396,3.6081849199412983
2014-08-15,0.0019747367153557516,-1.0,0.0,-0.0019747367153557516,-0.0019747367153557516,0.08507753606342698,3.6153101351784995
2014-08-18,-0.0024902645407154367,-1.0,0.008975551916579033,0.0024902645407154367,0.0024902645407154367,0.08528940163469717,3.6063070565451754
2014-08-19,0.012274077128228589,0.0,0.004794947268644548,0.0,-0.002397473634322274,0.08508492254299085,3.650571147505286
2014-08-20,0.0043155469682145675,-1.0,0.0,-0.0043155469682145675,-0.004515546968214567,0.08470071757896108,3.666325358753154
2014-08-21,0.002762565367612213,-1.0,0.0,-0.002762565367612213,-0.002762565367612213,0.08446672630996555,3.676453822215644
2014-08-22,-0.0037751304283831777,-1.0,0.0006763453284592721,0.0037751304283831777,0.0037751304283831777,0.08478559921864422,3.662574729522852
2014-08-25,0.00542790275404581,0.0,0.0021450122301590784,0.0,-0.0010725061150795392,0.08469466614501153,3.682454828984128
2014-08-26,-0.014770519316134045,-1.0,0.0,0.014770519316134045,0.014570519316134045,0.08592871141405095,3.6280630588018266
2014-08-27,0.009323823900474926,0.0,0.0074465008607558095,0.0,-0.0037232504303779048,0.08560877730229677,3.6618904798619134
2014-08-28,0.0066053126266572,-1.0,0.0,-0.0066053126266572,-0.0068053126266572,0.08502618280916877,3.686078411285981
2014-08-29,0.009433022920350087,-1.0,0.0,-0.009433022920350087,-0.009433022920350087,0.0842241288779,3.7208492734258494
2014-09-02,-0.012392173129165407,-1.0,0.006260171969771854,0.012392173129165407,0.012392173129165407,0.08526784886460807,3.674739865042027
2014-09-03,0.0038057020760042803,0.0,0.004683828462238523,0.0,-0.0023419142311192614,0.08506815887589513,3.688724830175193
2014-09-04,-0.003791273618125146,-1.0,0.00138124147770395,0.003791273618125146,0.003100652879273171,0.08533192570764814,3.6747398650420267
2014-09-05,0.0070965432935559125,0.0,0.005398877950968675,0.0,-0.0026994389754843376,0.08510157738153978,3.7008178155868534
2014-09-08,-0.006944290662535546,-1.0,0.007518579234320601,0.006944290662535546,0.0031850010453752455,0.08537262599446307,3.6751182609863284
2014-09-09,-0.015837089830181728,0.0,0.0,-0.0,-0.0002,0.08535555146926418,3.6169150829505465
2014-09-10,-0.0008360800637727817,1.0,0.0,-0.0008360800637727817,-0.0010360800637727817,0.08526711628405455,3.6138910523573324
2014-09-11,0.005542905845468127,1.0,0.008430966662068547,0.005542905845468127,0.005542905845468127,0.08573974388133164,3.633922510196329
2014-09-12,-0.021320719902194418,0.0,0.0,-0.0,-0.0002,0.08572259593255538,3.5564446662101536
2014-09-15,0.0008501857210916342,1.0,0.0017093224993733056,0.0008501857210916342,-4.4755285950186545e-06,0.08572221227862604,3.559468304683218
2014-09-16,0.01008648422130598,0.0,0.006609461196259399,0.0,-0.0033047305981296995,0.08543892346076949,3.595370825574644
2014-09-17,0.0016823982059654963,0.0,0.0,0.0,0.0,0.08543892346076949,3.6014196710013717
2014-09-18,-0.00745104785464179,-1.0,0.000997871073570503,0.00745104785464179,0.006952112317856539,0.08603290445298552,3.5745853206880924
2014-09-19,0.005920878415927255,0.0,0.0077866514726917,0.0,-0.00389332573634585,0.08569795033190612,3.595750005759245
2014-09-22,-0.005465745389241716,-1.0,0.0030698740174553507,0.005465745389241716,0.003930808380514041,0.08603481255326366,3.5760965517444006
2014-09-23,-0.0007398107435389045,0.0,0.008511783147973623,-0.0,-0.004255891573986812,0.08566865771944869,3.573450917095488
2014-09-24,-0.003912915760330149,0.0,0.002557044132561551,-0.0,-0.0,0.08566865771944869,3.5594683046832185
2014-09-25,-0.011042695263692837,0.0,0.0,-0.0,-0.0,0.08566865771944869,3.5201621808938284
2014-09-26,0.003220583933572607,0.0,0.0,0.0,0.0,0.08566865771944869,3.531499158657185
2014-09-29,0.0017126044534376827,-1.0,0.010334667178657768,-0.0017126044534376827,-0.006879938042766567,0.08507926266213191,3.5375472198436126
2014-09-30,0.0029914904135524,-1.0,0.0,-0.0029914904135524,-0.0029914904135524,0.08482474886348604,3.5481297584392637
2014-10-01,0.004366984514030836,-1.0,0.008769898313172679,-0.004366984514030836,-0.004366984514030836,0.08445432049879265,3.56362438614814
2014-10-02,-0.005514798319075309,-1.0,0.006676258427474836,0.005514798319075309,0.005514798319075309,0.08492006904351804,3.5439717163735946
2014-10-03,0.004905524180529808,0.0,0.003951241692607428,0.0,-0.001975620846303714,0.08475229918484611,3.561356755323379
2014-10-06,-0.006048461239486436,-1.0,0.007583040771932771,0.006048461239486436,0.00225694085352005,0.08494358011130615,3.5398160270288224
2014-10-07,-0.006833436427152284,0.0,0.0006475726092063477,-0.0,-0.00032378630460317385,0.08491607654340215,3.515626919244306
2014-10-08,0.02472548676688291,0.0,0.0035035528933702494,0.0,0.0,0.08491607654340215,3.6025525061133785
2014-10-09,-0.01814926558408614,-1.0,0.012224851188464033,0.01814926558408614,0.012036839989854123,0.08593819776932128,3.5371688238993118
2014-10-10,0.00042702140927031174,0.0,0.01465933293947184,0.0,-0.00732966646973592,0.08530829944266195,3.53867927071532
2014-10-13,-0.00897093537941307,-1.0,0.005521277372669009,0.00897093537941307,0.006210296693078566,0.08583808929258288,3.5069340076492646
2014-10-14,0.00592719711335099,0.0,0.018627185007537368,0.0,-0.009313592503768684,0.08503862830760965,3.5277202967761156
2014-10-15,-0.01628483607400144,-1.0,0.0,0.01628483607400144,0.016084836074001442,0.08640646070389549,3.470271950028189
2014-10-16,0.016881426961424584,0.0,0.0318759037275727,0.0,-0.01593795186378635,0.08502931869247665,3.5288550924888704
2014-10-17,0.009424381985378316,-1.0,0.0,-0.009424381985378316,-0.009624381985378317,0.08421096404942378,3.562112370851533
2014-10-20,0.00933672250074502,-1.0,0.0,-0.00933672250074502,-0.00933672250074502,0.0834247096465741,3.5953708255746446
2014-10-21,0.0040999867598119355,-1.0,0.0,-0.0040999867598119355,-0.0040999867598119355,0.08308266944158199,3.610111798356115
2014-10-22,0.010573882109306432,-1.0,0.0,-0.010573882109306432,-0.010573882109306432,0.08220416308958023,3.6482846949133485
2014-10-23,0.013156711035053004,-1.0,0.0,-0.013156711035053004,-0.013156711035053004,0.08112262666993225,3.69628412241793
2014-10-24,0.0057256174065050125,-1.0,0.0,-0.0057256174065050125,-0.0057256174065050125,0.08065814954660948,3.717447631128634
2014-10-27,-0.0027451434167347077,-1.0,0.0061550013737801425,0.0027451434167347077,0.0027451434167347077,0.08087956773484335,3.7072427042369855
2014-10-28,0.010602628164758876,0.0,0.010432215594287865,0.0,-0.005216107797143933,0.080457691190952,3.7465492201465254
2014-10-29,-0.0053467467747193576,-1.0,0.010582590772293008,0.0053467467747193576,5.5451388572853345e-05,0.08046215268164991,3.7265173701873797
2014-10-30,0.013286671270580142,0.0,0.015830997246857277,0.0,-0.007915498623428639,0.0798252546228602,3.776030381469166
2014-10-31,0.003102251879300688,-1.0,0.002998010596711132,-0.003102251879300688,-0.004601257177656254,0.07945795809706853,3.7877445788163753
2014-11-03,0.005887167996614373,-1.0,0.0,-0.005887167996614373,-0.005887167996614373,0.07899017574908314,3.810043667480133
2014-11-04,0.0014878782230800525,-1.0,0.0,-0.0014878782230800525,-0.0014878782230800525,0.07887264798674881,3.8157125484819607
2014-11-05,0.03882723812549993,0.0,0.0,0.0,-0.0002,0.07885687345715146,3.963866128220328
2014-11-06,-0.008867220210499682,0.0,0.016389622274896286,-0.0,-0.0,0.07885687345715146,3.9287176543764577
2014-11-07,0.007503916492866525,1.0,0.010553812498799612,0.007503916492866525,0.0022270102434667188,0.0790324885221083,3.958198423578949
2014-11-10,0.008402125109380432,0.0,0.0,0.0,-0.0002,0.07901668202440387,3.9914557019416117
2014-11-11,-0.007669489589764988,0.0,0.002469126949524447,-0.0,-0.0,0.07901668202440387,3.9608432739875625
2014-11-12,-0.01631694224072322,1.0,0.0,-0.01631694224072322,-0.01651694224072322,0.07771156805135321,3.8962144230613505
2014-11-13,-0.00795418646239432,1.0,0.013516687824190942,-0.00795418646239432,-0.00795418646239432,0.0770934357487877,3.8652232070428503
2014-11-14,-0.00410652391409283,1.0,0.0,-0.00410652391409283,-0.00410652391409283,0.07677684971126572,3.8493505755098223
2014-11-17,0.01335277219181119,1.0,0.003421390433864282,0.01335277219181119,0.01335277219181119,0.07780203349506518,3.9007500768310224
2014-11-18,0.0012595694102159882,0.0,0.0,0.0,-0.0002,0.07778647308836617,3.9056633423046963
2014-11-19,0.0035804880419147977,0.0,0.007484141257558748,0.0,0.0,0.07778647308836617,3.9196475231975634
2014-11-20,-0.006267683883122932,0.0,0.0014017960098834275,-0.0,-0.0,0.07778647308836617,3.8950804115888955
2014-11-21,0.006598254270825166,1.0,0.002847118915170068,0.006598254270825166,0.005174694813240132,0.07818899434719678,3.9207811425498695
2014-11-24,-0.005012537344003309,0.0,0.004389495063482611,-0.0,-0.0021947475317413054,0.07801738924484394,3.9011280806551745
2014-11-25,0.0034636310199172016,1.0,0.0,0.0034636310199172016,0.0032636310199172015,0.07827200921647637,3.914640148888002
2014-11-26,0.003402994230245371,0.0,0.0,0.0,-0.0002,0.07825635481463307,3.9279616467281544
2014-11-28,0.011531120348519108,0.0,0.0,0.0,0.0,0.07825635481463307,3.973255445200944
2014-12-01,0.004023093434655012,0.0,0.012823237179824393,0.0,0.0,0.07825635481463307,3.9892402230967394
2014-12-02,0.0028623342079900915,0.0,0.011804325874056179,0.0,0.0,0.07825635481463307,4.0006587618511995
2014-12-03,-0.006849701082122461,0.0,0.010840447370982106,-0.0,-0.0,0.07825635481463307,3.9732554452009445
2014-12-04,-0.008621450247958351,1.0,0.0,-0.008621450247958351,-0.008821450247958352,0.07756602027404921,3.939000221057715
2014-12-05,-0.005411337398414817,1.0,0.0035864560123342435,-0.005411337398414817,-0.005411337398414817,0.07714628436769405,3.917684961849141
2014-12-08,0.007189247316993885,1.0,0.0,0.007189247316993885,0.007189247316993885,0.07770090808560054,3.9458501679499425
2014-12-09,0.00887451479996737,0.0,0.0020915293115661687,0.0,-0.0010457646557830843,0.07761965122220237,3.980867673663868
2014-12-10,-0.030117719741103444,0.0,0.0,-0.0,-0.0,0.07761965122220237,3.8609730167420415
2014-12-11,0.010252068699605266,1.0,0.011049123436968839,0.010252068699605266,0.004727506981120846,0.07798659866522749,3.900555977357003
2014-12-12,-0.01629579901137479,0.0,0.007917125553204294,-0.0,-0.003958562776602147,0.0776778838186775,3.836993301117377
2014-12-15,-0.0014878517654481893,1.0,0.0,-0.0014878517654481893,-0.0016878517654481894,0.07754677506533787,3.8312844238602963
2014-12-16,0.00417288850633879,1.0,0.011199891784693054,0.00417288850633879,0.00417288850633879,0.07787036911171166,3.8472719465971377
2014-12-17,0.020182109455247232,0.0,0.0051011142276274745,0.0,-0.0025505571138137373,0.07767175628781849,3.924918010127463
2014-12-18,0.02259488456840608,0.0,0.0,0.0,0.0,0.07767175628781849,4.013601079506751
2014-12-19,0.00398245698535149,0.0,0.0,0.0,0.0,0.07767175628781849,4.029585073162247
2014-12-22,0.0006613208277914673,0.0,0.006169364745191291,0.0,0.0,0.07767175628781849,4.032249921698487
2014-12-23,0.003586626730978759,0.0,0.0,0.0,0.0,0.07767175628781849,4.046712097053637
2014-12-24,0.015613538729634113,0.0,0.0,0.0,0.0,0.07767175628781849,4.109895593108663
2014-12-26,0.012132181240438245,0.0,0.0,0.0,0.0,0.07767175628781849,4.159757591323536
2014-12-29,0.011071252665936004,0.0,0.0,0.0,0.0,0.07767175628781849,4.205811318646124
2014-12-30,-0.024162901065960196,0.0,0.002495033326699446,-0.0,-0.0,0.07767175628781849,4.104186715851583
2014-12-31,-0.014281925382853888,1.0,0.0,-0.014281925382853888,-0.014481925382853889,0.0765469197089031,4.04557102741849
2015-01-02,0.003763822101637837,1.0,0.0,0.003763822101637837,0.003763822101637837,0.07683502869711575,4.060797837065234
2015-01-05,-0.01059182673162351,0.0,0.009513282279513575,-0.0,-0.0047566411397567876,0.07646955203864066,4.017786569982888
2015-01-06,0.0038843232908611913,1.0,0.0,0.0038843232908611913,0.0036843232908611912,0.07675129059025834,4.033392951934381
2015-01-07,0.00915321285052717,0.0,0.01493867652525042,0.0,-0.00746933826262521,0.07617800923874667,4.070311456133252
2015-01-08,0.006078071602404034,0.0,0.0,0.0,0.0,0.07617800923874667,4.095051100607716
2015-01-09,-0.00882982274475319,0.0,0.0006433480536089134,-0.0,-0.0,0.07617800923874667,4.058892525258643
2015-01-12,-0.002531603991635656,1.0,0.0,-0.002531603991635656,-0.002731603991635656,0.07596992108463525,4.048617016740078
2015-01-13,0.003948206962945955,1.0,0.0005117865685579943,0.003948206962945955,0.003948206962945955,0.07626986605603607,4.064601794635872
2015-01-14,0.006180476870603524,0.0,0.002995686604681166,0.0,-0.001497843302340583,0.07615562574799362,4.089722972015833
2015-01-15,-0.00381561625999427,0.0,0.008527375216097527,-0.0,-0.0,0.07615562574799362,4.0741181585449375
2015-01-16,0.011023896691175539,1.0,0.0006490582062283238,0.011023896691175539,0.010699367588061377,0.07697044278177023,4.119030816232379
2015-01-20,0.006560894975416343,0.0,0.0,0.0,-0.0002,0.07695504869321387,4.146055344818183
2015-01-21,0.008812844194093561,0.0,0.004595552144989321,0.0,0.0,0.07695504869321387,4.182593884592155
2015-01-22,-0.0030942343178663734,0.0,0.00819516551895753,-0.0,-0.0,0.07695504869321387,4.169651959056752
2015-01-23,-0.0006385414997430727,1.0,0.0037060445482417787,-0.0006385414997430727,-0.002491563773863962,0.07676331028167392,4.16698946324141
2015-01-26,0.0024660251074215545,1.0,0.0,0.0024660251074215545,0.0024660251074215545,0.07695261053215732,4.1772653638801245
2015-01-27,0.01339403722360899,0.0,0.004785163039320607,0.0,-0.0023925815196603035,0.07676849513830847,4.2332158116568275
2015-01-28,-0.011688438121398415,0.0,0.0013719062603330017,-0.0,-0.0,0.07676849513830847,4.183736130587751
2015-01-29,0.015829475461234255,1.0,0.012824903974598423,0.015829475461234255,0.009417023473935044,0.07749142585908458,4.249962479003169
2015-01-30,-0.021672902662279392,0.0,0.011460688120377555,-0.0,-0.005730344060188778,0.07704737332719742,4.157853455877393
2015-02-02,0.007598232247237879,1.0,0.0,0.007598232247237879,0.00739823224723788,0.07761738768911168,4.18944579208513
2015-02-03,0.001544446427663937,0.0,0.0018475962317487018,0.0,-0.0009237981158743509,0.07754568489260538,4.195916166672608
2015-02-04,-0.007256984382540521,0.0,0.010865135566601854,-0.0,-0.0,0.07754568489260538,4.1654664685806155
2015-02-05,0.002467115017376509,1.0,0.003338232594604765,0.002467115017376509,0.0007979987200741263,0.07760756624989695,4.175743153459629
2015-02-06,-0.0356393031476151,0.0,0.0,-0.0,-0.0002,0.07759204473664698,4.026922577346903
2015-02-09,-0.012098604679786407,1.0,0.0,-0.012098604679786407,-0.012298604679786407,0.07663777085213466,3.9782024330074757
2015-02-10,0.03166864556685289,1.0,0.005890295697780277,0.03166864556685289,0.03166864556685289,0.0790647852542846,4.104186715851581
2015-02-11,-0.02568843382260777,0.0,0.016877308228931423,-0.0,-0.008438654114465712,0.07839758487888919,3.998756587005802
2015-02-12,0.002665186868048952,1.0,0.0,0.002665186868048952,0.002465186868048952,0.07859084957561938,4.009414020550014
2015-02-13,-0.01632837204398685,0.0,0.001491243453217317,-0.0,-0.0007456217266086585,0.07853225053066316,3.943946816744096
2015-02-17,-0.0019300048140754589,1.0,0.013148117841580508,-0.0019300048140754589,-0.008504063734865713,0.07786440726690796,3.9363349804013223
2015-02-18,0.02968473473476463,1.0,0.0,0.02968473473476463,0.02968473473476463,0.08017579154190581,4.05318404012171
2015-02-19,-0.009954252791564588,0.0,0.003005479769578906,-0.0,-0.001502739884789453,0.08005530818216122,4.012837621575604
2015-02-20,0.0016129073235919833,1.0,0.0,0.0016129073235919833,0.0014129073235919832,0.0801684189133842,4.019309956763828
2015-02-23,0.0036926108758852383,0.0,0.0,0.0,-0.0002,0.08015238522960152,4.034151704423728
2015-02-24,0.0008496265084247945,0.0,0.0018805273589698563,0.0,0.0,0.08015238522960152,4.037579226650814
2015-02-25,-0.014528604105881193,0.0,0.0,-0.0,-0.0,0.08015238522960152,3.9789188365206742
2015-02-26,-0.0028904545325982856,1.0,0.001774299242602113,-0.0028904545325982856,-0.003777604153899342,0.07984960124621324,3.9674179525348126
2015-02-27,-0.0001936179606306654,1.0,0.003636640847618085,-0.0001936179606306654,-0.0001936179606306654,0.07983414092926278,3.966649789161873
2015-03-02,-0.01855770873270446,1.0,0.0,-0.01855770873270446,-0.01855770873270446,0.07835260219497184,3.8930378577299636
2015-03-03,0.00393929358222489,1.0,0.006863383201358251,0.00393929358222489,0.00393929358222489,0.0786612560979491,3.908373676778278
2015-03-04,-0.005395551005559551,0.0,0.006840140115712153,-0.0,-0.0034200700578560766,0.07839222909125516,3.8872858472564342
2015-03-05,0.007298728895838824,1.0,0.0,0.007298728895838824,0.0070987288958388245,0.07894871427311448,3.91565809279619
2015-03-06,-0.03358507922650256,0.0,0.0,-0.0,-0.0002,0.07893292453025985,3.784150405525734
2015-03-09,0.0023305559605437676,1.0,0.004184912647199439,0.0023305559605437676,0.00023809963694404815,0.07895171843093343,3.792969579808926
2015-03-10,-0.009501727389434778,0.0,0.005135337314474139,-0.0,-0.0025676686572370694,0.07874899657808332,3.7569298168651626
2015-03-11,-0.00010186755797991776,0.0,0.012404805518638292,-0.0,-0.0,0.07874899657808332,3.7565471075992165
2015-03-12,0.02592344624665399,0.0,0.0,0.0,0.0,0.07874899657808332,3.853929754616088
2015-03-13,0.000895360718958349,-1.0,0.009325994298882295,-0.000895360718958349,-0.005558357868399496,0.07831128147332496,3.857380411931996
2015-03-16,0.023457491790635165,-1.0,0.0,-0.023457491790635165,-0.023457491790635165,0.07647429523105032,3.9478648812782478
2015-03-17,0.003010131706422614,-1.0,0.00676137576465744,-0.003010131706422614,-0.003010131706422614,0.07624409753024901,3.959748474530056
2015-03-18,0.03505053917964829,-1.0,0.0,-0.03505053917964829,-0.03505053917964829,0.07357170080254809,4.098539793578124
2015-03-19,-0.013283545034062039,-1.0,0.01331627094819589,0.013283545034062039,0.013283545034062039,0.07454899380339128,4.044096655656234
2015-03-20,0.004834675469185257,0.0,0.013954818793875182,0.0,-0.006977409396937591,0.07402883495349526,4.063648550552349
2015-03-23,-0.0023583280727692557,-1.0,0.00638519762763002,0.0023583280727692557,-0.0008342707410457541,0.07396707486249984,4.054065134097714
2015-03-24,-0.008511404670971556,0.0,0.007893851914942854,-0.0,-0.003946925957471427,0.0736751322947268,4.019559345178932
2015-03-25,-0.013544456276541772,0.0,0.0,-0.0,-0.0,0.0736751322947268,3.9651165993771906
2015-03-26,-0.006768694680791887,0.0,0.0,-0.0,-0.0,0.0736751322947268,3.9382779357422666
2015-03-27,0.00798283554946555,0.0,0.0054486611612373555,0.0,0.0,0.0736751322947268,3.969716560851386
2015-03-30,0.01158970635808454,-1.0,0.0,-0.01158970635808454,-0.01178970635808454,0.07280652411907894,4.015724410116478
2015-03-31,-0.006587504257373422,-1.0,0.008754483185876209,0.006587504257373422,0.006587504257373422,0.07328613740667793,3.9892708084683974
2015-04-01,0.006823449689799865,0.0,0.011610361493644328,0.0,-0.005805180746822164,0.07286069813279572,4.016491397128969
2015-04-02,-9.538210049930829e-05,-1.0,0.002236545752951041,9.538210049930829e-05,-0.0010228907759762121,0.0727861695967445,4.016108295742874
2015-04-06,0.0075415676669723375,0.0,0.0,0.0,-0.0002,0.07277161236282516,4.046396048213108
2015-04-07,-0.011843563443792005,-1.0,0.0,0.011843563443792005,0.011643563443792004,0.07361893324827874,3.9984722998973865
2015-04-08,-0.0023971617698789194,0.0,0.0,-0.0,-0.0002,0.07360420946162909,3.988887314962153
2015-04-09,-0.00028832311062587657,0.0,0.0038306531067761667,-0.0,-0.0,0.07360420946162909,3.987737226563567
2015-04-10,0.008556708066191243,0.0,0.0,0.0,0.0,0.07360420946162909,4.0218591298559545
2015-04-13,-0.010962784232473988,-1.0,0.004277694276330721,0.010962784232473988,0.008823937094308627,0.07425368837579481,3.977768356001938
2015-04-14,0.005879483163826915,0.0,0.0067953819728382905,0.0,-0.0033976909864191452,0.07400139728809199,4.001155578080655
2015-04-15,-0.001724928365638978,0.0,5.111994216913799e-05,-0.0,-0.0,0.07400139728809199,3.9942538713286893
2015-04-16,-0.00403129654228751,1.0,0.0,-0.00403129654228751,-0.00423129654228751,0.07368827543162244,3.9781518495081833
2015-04-17,-0.005878817813718906,0.0,0.010092624057083562,-0.0,-0.005046312028541781,0.07331642140094935,3.954765019549616
2015-04-20,0.013087477734333053,0.0,0.0022800265234780913,0.0,0.0,0.07331642140094935,4.006522918687491
2015-04-21,-0.010526259127641602,-1.0,0.01839608308885401,0.010526259127641602,0.001328217583214596,0.07341380156099246,3.9643492202445514
2015-04-22,-0.0010639921495836369,0.0,0.0,-0.0,-0.0002,0.07339911880068027,3.9601311837960034
2015-04-23,0.009584940708644574,0.0,0.0,0.0,0.0,0.07339911880068027,3.9980888063911424
2015-04-24,0.007383817370615331,-1.0,0.0,-0.007383817370615331,-0.007583817370615331,0.07284247328853181,4.027609963969036
2015-04-27,-0.01170866545806415,-1.0,0.00942823845544507,0.01170866545806415,0.01170866545806415,0.07369536143940522,3.980452026305357
2015-04-28,0.0026971453249957644,0.0,0.001183524933948761,0.0,-0.0005917624669743805,0.07365175129051528,3.9911878838794763
2015-04-29,-0.013448567281447277,-1.0,0.011719141639990797,0.013448567281447277,0.007588996461451878,0.07421069417043874,3.937512125090226
2015-04-30,-0.01723500925550081,0.0,0.0,-0.0,-0.0002,0.07419585203160466,3.8696490671706494
2015-05-01,0.009412750370394685,0.0,0.012065114530822358,0.0,0.0,0.07419585203160466,3.906073107860957
2015-05-04,0.00863752443301502,-1.0,0.0,-0.00863752443301502,-0.00883752443301502,0.07354014437644699,3.9398119097672493
2015-05-05,-0.025398754969041426,-1.0,0.0,0.025398754969041426,0.025398754969041426,0.0754079724838523,3.8397455924469597
2015-05-06,-0.0011983944883861009,0.0,0.0,-0.0,-0.0002,0.07539289088935552,3.835144062492166
2015-05-07,0.0056982579579252235,0.0,0.0,0.0,0.0,0.07539289088935552,3.856997702666052
2015-05-08,0.006063785390084453,-1.0,0.0,-0.006063785390084453,-0.006263785390084453,0.07492064600088655,3.8803857089850675
2015-05-11,-0.01185651445900382,-1.0,0.004122052771727969,0.01185651445900382,0.01185651445900382,0.07580894372347395,3.8343778597199742
2015-05-12,-0.0010001453176377018,0.0,0.0,-0.0,-0.0002,0.07579378193472926,3.8305429246575216
2015-05-13,0.0029026086011187946,0.0,0.0,0.0,0.0,0.07579378193472926,3.8416614914975873
2015-05-14,0.00878285673574175,-1.0,0.004257846365293543,-0.00878285673574175,-0.010911779918388521,0.07496673686707515,3.8754022540046265
2015-05-15,0.010486379868222873,-1.0,0.0,-0.010486379868222873,-0.010486379868222873,0.0741806071868059,3.916041194182286
2015-05-18,0.0015666617268326188,-1.0,0.0,-0.0015666617268326188,-0.0015666617268326188,0.07406439126865312,3.9221763060419113
2015-05-19,0.002052589726194043,-1.0,0.007192788265813455,-0.002052589726194043,-0.002052589726194043,0.07391236746005826,3.9302269248320147
2015-05-20,9.737586996005909e-05,-1.0,0.0,-9.737586996005909e-05,-9.737586996005909e-05,0.07390517017897603,3.930609634097961
2015-05-21,-0.0035111756362958824,-1.0,0.0,0.0035111756362958824,0.0035111756362958824,0.07416466421190475,3.9168085733149263
2015-05-22,0.0006850674810989776,0.0,0.002232024593401264,0.0,-0.001116012296700632,0.07408189553466359,3.919491851498194
2015-05-26,-0.011738517993845288,-1.0,0.00012522911144533666,0.011738517993845288,0.011538517993845287,0.07493669081930847,3.8734828258726526
2015-05-27,0.005685488989711329,0.0,0.00707819938418897,0.0,-0.003539099692094485,0.07467148239990327,3.8955054698309874
2015-05-28,0.014281286699872942,-1.0,0.0,-0.014281286699872942,-0.014481286699872942,0.07359014325496575,3.951138300286567
2015-05-29,0.0006846727970635236,-1.0,0.0009139067792243359,-0.0006846727970635236,-0.0006846727970635236,0.07353975808574707,3.953843537198209
2015-06-01,0.011627903517171356,-1.0,0.0,-0.011627903517171356,-0.011627903517171356,0.07268464487404988,3.9998184483707413
2015-06-02,-0.012653213197951652,-1.0,0.0,0.012653213197951652,0.012653213197951652,0.07360433918185863,3.949207892790406
2015-06-03,-0.01956575550446049,0.0,0.0,-0.0,-0.0002,0.07358961831402226,3.8719386567237835
2015-06-04,0.0014965008393448276,0.0,0.0006026973414287955,0.0,0.0,0.07358961831402226,3.877733016173462
2015-06-05,-0.015940710749008158,-1.0,0.0,0.015940710749008158,0.01574071074900816,0.0747479712100332,3.815919195800762
2015-06-08,-0.006580996464575661,0.0,0.0,-0.0,-0.0002,0.07473302161579119,3.7908066450640905
2015-06-09,0.0007136309405715302,0.0,0.0035386635793962936,0.0,0.0,0.07473302161579119,3.7935118819757325
2015-06-10,0.009471219856277857,-1.0,0.0,-0.009471219856277857,-0.009671219856277858,0.07401026213322091,3.829441067037327
2015-06-11,0.005548439589682097,-1.0,0.0,-0.005548439589682097,-0.005548439589682097,0.0735996206647582,3.850688489460031
2015-06-12,-0.004314179737122781,-1.0,0.005402252124684871,0.004314179737122781,0.004314179737122781,0.07391714265689003,3.8340759272048306
2015-06-15,-0.0012088597762546227,0.0,0.0019527891001833476,-0.0,-0.0009763945500916738,0.07384497036164149,3.8294410670373265
2015-06-16,0.004136293825438564,0.0,0.009127111204956462,0.0,0.0,0.07384497036164149,3.845280760477794
2015-06-17,0.011755097495672162,-1.0,0.0,-0.011755097495672162,-0.011955097495672163,0.07296214654140305,3.8904824107154425
2015-06-18,0.015491864818172107,-1.0,0.0,-0.015491864818172107,-0.015491864818172107,0.07183182683033998,3.9507532382997224
2015-06-19,-0.012712692067502473,-1.0,0.011516420197010036,0.012712692067502473,0.012712692067502473,0.07274500272548025,3.9005285289465297
2015-06-22,-0.001980943733457141,0.0,0.0,-0.0,-0.0002,0.07273045372493515,3.8928018013999424
2015-06-23,-0.01458936493447438,0.0,0.0,-0.0,-0.0,0.07273045372493515,3.836008295301739
2015-06-24,-0.0076539929469635615,0.0,0.0,-0.0,-0.0,0.07273045372493515,3.806647514865006
2015-06-25,-0.005481022594062912,0.0,0.0,-0.0,-0.0,0.07273045372493515,3.7857831938283977
2015-06-26,0.007245834158065456,0.0,0.0036729054243223465,0.0,0.0,0.07273045372493515,3.8132143510092695
2015-06-29,-0.0053697799818542835,-1.0,0.0008999690549071456,0.0053697799818542835,0.004919795454400711,0.07308827268056758,3.7927382289207006
2015-06-30,-0.001426534998389184,0.0,0.008209124552951764,-0.0,-0.004104562276475882,0.07278827731367014,3.7873277550974165
2015-07-01,0.004080616321844088,0.0,0.006792995540846599,0.0,0.0,0.07278827731367014,3.80278238655104
2015-07-02,0.01818570276787912,-1.0,0.0,-0.01818570276787912,-0.018385702767879118,0.07145001368199505,3.8719386567237835
2015-07-06,0.0023947861777078305,-1.0,0.0075181291805555,-0.0023947861777078305,-0.0023947861777078305,0.07127890617683237,3.881211121899838
2015-07-07,0.02408897137456356,-1.0,0.0,-0.02408897137456356,-0.02408897137456356,0.06956187064632846,3.974705505513921
2015-07-08,-0.009039754359712604,-1.0,0.0030759448576638095,0.009039754359712604,0.009039754359712604,0.07019069286977336,3.938775144091878
2015-07-09,-0.00755265128274607,0.0,0.0030092017397850253,-0.0,-0.0015046008698925127,0.07008508389222315,3.909026948947404
2015-07-10,0.004546516022948088,0.0,0.008830808641133692,0.0,0.0,0.07008508389222315,3.9267994026049293
2015-07-13,0.0032467649184024783,-1.0,0.004328516205085193,-0.0032467649184024783,-0.005411023020945075,0.06970585188985746,3.939548797146911
2015-07-14,0.0001960825298428226,-1.0,0.004727102169079298,-0.0001960825298428226,-0.0001960825298428226,0.06969218379007405,3.9403212738414948
2015-07-15,0.0076480083114731645,-1.0,0.006536659315534934,-0.0076480083114731645,-0.0076480083114731645,0.06915917738920285,3.970456883693709
2015-07-16,0.016152306038162756,-1.0,0.0,-0.016152306038162756,-0.016152306038162756,0.06804209719066487,4.03458891839046
2015-07-17,-0.0074690220246249606,-1.0,0.005171028691326428,0.0074690220246249606,0.0074690220246249606,0.06855030511318362,4.004454484898694
2015-07-20,-0.004823783833538209,0.0,0.0,-0.0,-0.0002,0.06853659505216099,3.9851378620922997
2015-07-21,-0.00988866239308206,0.0,0.0,-0.0,-0.0,0.06853659505216099,3.94573017918418
2015-07-22,0.006560262931259775,0.0,0.010041640210317039,0.0,0.0,0.06853659505216099,3.971615206615435
2015-07-23,-0.00710110324589841,-1.0,0.0,0.00710110324589841,0.006901103245898411,0.06900957317073828,3.9434123569802786
2015-07-24,0.002057644882094367,0.0,0.007275020104168631,0.0,-0.0036375100520843156,0.06875855015463966,3.951526499234607
2015-07-27,0.011927755509987925,-1.0,0.0,-0.011927755509987925,-0.012127755509987926,0.06792466326914295,3.998659341208716
2015-07-28,0.0057003966448365695,0.0,0.0017021163932230794,0.0,-0.0008510581966115397,0.06786685542771567,4.021453285501186
2015-07-29,0.0048036860794804515,0.0,0.00905155330837916,0.0,0.0,0.06786685542771567,4.040771084668029
2015-07-30,0.002868335557026036,0.0,0.0,0.0,0.0,0.06786685542771567,4.052361372047986
2015-07-31,0.002955540423914549,0.0,0.0,0.0,0.0,0.06786685542771567,4.0643382898953835
2015-08-03,0.023859451291665,0.0,0.0,0.0,0.0,0.06786685542771567,4.161311171355991
2015-08-04,-0.010862923030054539,0.0,0.00569790339865591,-0.0,-0.0,0.06786685542771567,4.116107168397445
2015-08-05,-0.0054437167906887796,1.0,0.0,-0.0054437167906887796,-0.005643716790688779,0.06748383411620702,4.093700246692565
2015-08-06,-0.001982008853905204,1.0,0.0,-0.001982008853905204,-0.001982008853905204,0.06735008055949324,4.085586496558387
2015-08-07,0.011820365457263948,1.0,0.004928389786904664,0.011820365457263948,0.011820365457263948,0.06814618312528262,4.13387962205497
2015-08-10,-0.00439255651949555,0.0,0.009197139484823334,-0.0,-0.004598569742411667,0.06783280814950185,4.115721322170303
2015-08-11,0.0009387321275997618,1.0,0.00888033706205549,0.0009387321275997618,-0.003501436403427983,0.06759529588570043,4.119584882003672
2015-08-12,0.016599585472007572,0.0,0.015081057652981913,0.0,-0.007540528826490957,0.06708559160853912,4.187968283361681
2015-08-13,0.0047969540984684755,0.0,0.0008863495194325195,0.0,0.0,0.06708559160853912,4.208057774982809
2015-08-14,0.0011016113978667974,0.0,0.006847962904646719,0.0,0.0,0.06708559160853912,4.212693419390612
2015-08-17,0.0044938396447893325,0.0,0.0,0.0,0.0,0.06708559160853912,4.231624588090012
2015-08-18,-0.0001826411579394227,0.0,0.00414162085746697,-0.0,-0.0,0.06708559160853912,4.230851719275279
2015-08-19,-0.00401772730651373,1.0,0.0023094680050332597,-0.00401772730651373,-0.00517246130903036,0.06673859398155053,4.213853310792936
2015-08-20,-0.007518007074413857,1.0,0.011486882558855766,-0.007518007074413857,-0.007518007074413857,0.0662368527598608,4.182173531791852
2015-08-21,-0.011916882603517198,1.0,0.0,-0.011916882603517198,-0.011916882603517198,0.06544751596149509,4.132335060785952
2015-08-24,-0.036649443689061756,1.0,0.0,-0.036649443689061756,-0.036649443689061756,0.0630489009106753,3.9808872796713413
2015-08-25,-0.024553661354425826,1.0,0.03216511651750635,-0.024553661354425826,-0.024553661354425826,0.06150081954894583,3.88314192151615
2015-08-26,0.019250345781186784,1.0,0.013423298408285171,0.019250345781186784,0.019250345781186784,0.06268473159108941,3.9578937462227577
2015-08-27,0.005902071951917165,0.0,0.0,0.0,-0.0002,0.0626721946447712,3.9812535198910073
2015-08-28,-0.004303000833140724,0.0,0.009678091465862543,-0.0,-0.0,0.0626721946447712,3.964122182677972
2015-08-31,-0.03349032163742116,1.0,0.0,-0.03349032163742116,-0.03369032163742116,0.06056074824946579,3.8313624557700505
2015-09-01,-0.031094202380151925,1.0,0.0,-0.031094202380151925,-0.031094202380151925,0.05867766008710347,3.7122292961786205
2015-09-02,-0.0032513752141501984,1.0,0.009794167354488003,-0.0032513752141501984,-0.0032513752141501984,0.05848687699747193,3.700159445855783
2015-09-03,0.0013676985340635994,1.0,0.009078049928664756,0.0013676985340635994,0.0013676985340635994,0.05856686941340333,3.7052201485056817
2015-09-04,-0.0057790101930365045,0.0,0.0,-0.0,-0.0002,0.058555156039520655,3.6838076435000233
2015-09-08,0.02610428194357417,1.0,0.0,0.02610428194357417,0.02590428194357417,0.06007198531081838,3.7799707968518415
2015-09-09,-0.0184365322700778,0.0,0.008879333146375365,-0.0,-0.004439666573187682,0.059805285725648916,3.710281243275731
2015-09-10,0.0005250418432349857,1.0,0.002347926570891221,0.0005250418432349857,-0.0006489214422106249,0.05976647679338401,3.7122292961786205
2015-09-11,0.005243754905820408,0.0,0.001448736247708216,0.0,-0.000724368123854108,0.05972318386271982,3.7316953167619875
2015-09-14,0.002921071285739929,-1.0,0.0,-0.002921071285739929,-0.003121071285739929,0.059536783548472916,3.7425958647989113
2015-09-15,0.001040074019491577,-1.0,0.0032551942358242303,-0.001040074019491577,-0.001040074019491577,0.05947486088670006,3.7464884415233453
2015-09-16,0.01330177383499187,-1.0,0.0,-0.01330177383499187,-0.01330177383499187,0.05868373973831757,3.7963233834478998
2015-09-17,0.012203338500904382,-1.0,0.0,-0.012203338500904382,-0.012203338500904382,0.05796760219779191,3.8426512027550133
2015-09-18,-0.014285367335538979,-1.0,0.024778044759785754,0.014285367335538979,0.014285367335538979,0.058795690688747765,3.7877575187813073
2015-09-21,0.007811537559295312,0.0,0.006071873862601247,0.0,-0.0030359369313006234,0.058617190679984464,3.8173457289047708
2015-09-22,-0.010198720244787407,-1.0,0.0,0.010198720244787407,0.009998720244787406,0.059203287571128985,3.7784136877380368
2015-09-23,-0.0007212643359070237,0.0,0.005121008924102126,-0.0,-0.002560504462051063,0.05905169728913502,3.7756884526987684
2015-09-24,0.005567921675845522,0.0,0.005657792425491097,0.0,0.0,0.05905169728913502,3.7967111902757895
2015-09-25,0.011177462065660615,-1.0,0.0,-0.011177462065660615,-0.011377462065660615,0.05837983884331502,3.8391487855793662
2015-09-28,-0.010749538390639524,-1.0,0.013999262541184585,0.010749538390639524,0.010749538390639524,0.059007395162200584,3.7978797083214038
2015-09-29,-0.007790821330855402,0.0,0.0,-0.0,-0.0002,0.058995593683168146,3.7682911060777906
2015-09-30,0.00785199481958565,0.0,0.006984911863833078,0.0,0.0,0.058995593683168146,3.797879708321404
2015-10-01,-0.010251097000671061,-1.0,0.0061337950764783385,0.010251097000671061,0.007184199462431892,0.059419429795592615,3.758947275034521
2015-10-02,0.02061116313605793,0.0,0.001903957438028271,0.0,-0.0009519787190141355,0.05936286376293126,3.836423550540098
2015-10-05,0.022123008288398527,-1.0,0.0,-0.022123008288398527,-0.022323008288398526,0.058037706063128275,3.9212967805465038
2015-10-06,-0.008637790101700515,-1.0,0.004318028828818727,0.008637790101700515,0.008637790101700515,0.058539023586085766,3.887425442029669
2015-10-07,0.0008012013077041136,0.0,0.0018210622073729032,0.0,-0.0009105311036864516,0.0584857219843312,3.8905400523774256
2015-10-08,0.009206690798026163,-1.0,0.007633526609769412,-0.009206690798026163,-0.013023454102910868,0.057724035868392656,3.926359051677001
2015-10-09,0.001982592296352559,-1.0,0.00039966804719137835,-0.001982592296352559,-0.001982592296352559,0.0576095926395656,3.93414342088557
2015-10-12,0.0039584351846730925,-1.0,0.0,-0.0039584351846730925,-0.0039584351846730925,0.057381548801086465,3.949716472624354
2015-10-13,-0.002069947342922318,-1.0,0.0065056530907620135,0.002069947342922318,0.002069947342922318,0.05750032558556005,3.941540767506549
2015-10-14,-0.0030619178322043306,0.0,0.005585134314607296,-0.0,-0.002792567157303648,0.057339752064795545,3.92947209354416
2015-10-15,0.02249086227329311,0.0,0.0,0.0,0.0,0.057339752064795545,4.01784930920681
2015-10-16,0.00445753295645579,-1.0,0.0,-0.00445753295645579,-0.004657532956455789,0.05707269027983876,4.035759004916673
2015-10-19,0.0010609057447574788,-1.0,0.0,-0.0010609057447574788,-0.0010609057447574788,0.057012141534852116,4.040040564829446
2015-10-20,0.0016382498882856478,-1.0,0.0,-0.0016382498882856478,-0.0016382498882856478,0.05691874140035172,4.046659160833447
2015-10-21,0.0025015632347724637,-1.0,0.0,-0.0025015632347724637,-0.0025015632347724637,0.05677635556949508,4.056782134613843
2015-10-22,0.014491826267429397,-1.0,0.0,-0.014491826267429397,-0.014491826267429397,0.055953562488484154,4.115572316513478
2015-10-23,-0.010879511327123503,0.0,0.012735546065818126,-0.0,-0.006367773032909063,0.055597262902174795,4.070796900878373
2015-10-26,-0.006790249274093663,1.0,0.0,-0.006790249274093663,-0.006990249274093662,0.055208624175531275,4.043155175177201
2015-10-27,0.002407620358469309,1.0,0.0048464954170896295,0.002407620358469309,0.002407620358469309,0.055341545583059364,4.052889557889409
2015-10-28,-0.011047292159047428,0.0,0.00203403912971911,-0.0,-0.001017019564859555,0.05528526214845182,4.008116102855052
2015-10-29,-0.011364600226597354,1.0,0.0,-0.011364600226597354,-0.011564600226597355,0.05464591019328234,3.962565465684317
2015-10-30,0.008645896170476952,1.0,0.004723232269625671,0.008645896170476952,0.008645896170476952,0.055118373058954666,3.996825395269341
2015-11-02,-0.004188226286658159,0.0,0.013355670885399027,-0.0,-0.006677835442699513,0.05475030163379765,3.980085786085691
2015-11-03,0.0007826470672558372,1.0,0.007234731447458245,0.0007826470672558372,-0.0028347186564732854,0.05459509993230878,3.9832007885535976
2015-11-04,0.008894171584820976,0.0,0.0,0.0,-0.0002,0.05458418091232232,4.018628059823787
2015-11-05,-0.010850702363993991,0.0,0.010354685674488981,-0.0,-0.0,0.05458418091232232,3.975023122835045
2015-11-06,-0.031929344207279775,1.0,0.0,-0.031929344207279775,-0.032129344207279774,0.05283042697551788,3.8481032413141487
2015-11-09,0.0007081002634918843,1.0,0.0035280555145956447,0.0007081002634918843,0.0007081002634918843,0.05286783621477963,3.8508280842332674
2015-11-10,0.0009101340854176243,0.0,0.0023075557863660827,0.0,-0.0011537778931830413,0.0528068384740946,3.8543328541298116
2015-11-11,0.0072724172587552705,0.0,0.004519478873517061,0.0,0.0,0.0528068384740946,3.882363170899173
2015-11-12,0.01012821695042887,0.0,0.0,0.0,0.0,0.0528068384740946,3.9216845873743944
2015-11-13,-0.0029779331186398084,0.0,0.008787223529561766,-0.0,-0.0,0.0528068384740946,3.910006072960793
2015-11-16,0.016827644608120584,1.0,0.0110879094211891,0.016827644608120584,0.011283689897526036,0.053402694463905026,3.9758022655721703
2015-11-17,-0.013415594553637833,0.0,0.00820498880933917,-0.0,-0.004102494404669585,0.05318361020867258,3.9224645143518195
2015-11-18,-0.010421643188728957,1.0,0.0,-0.010421643188728957,-0.010621643188728958,0.052618712877547616,3.8815859887627937
2015-11-19,0.012938516538739231,1.0,0.010701901142977128,0.012938516538739231,0.012938516538739231,0.053299520964360934,3.9318079532749395
2015-11-20,0.00029709638399100236,0.0,0.0,0.0,-0.0002,0.053288861060168065,3.9329760792004045
2015-11-23,-0.00524634627141618,-1.0,0.001664025303636261,0.00524634627141618,0.004414333619598049,0.05352409587109606,3.9123423248117226
2015-11-24,-0.0031088237655334527,0.0,0.0,-0.0,-0.0002,0.05351339105192184,3.9001795420134457
2015-11-25,-0.005331382072428448,0.0,0.0019902053104656646,-0.0,-0.0,0.05351339105192184,3.879386194723903
2015-11-27,0.004955141129490803,0.0,0.0,0.0,0.0,0.05351339105192184,3.898609100814558
2015-11-30,0.004931513407649524,-1.0,0.0,-0.004931513407649524,-0.005131513407649523,0.053238786368250114,3.9178351438664096
2015-12-01,0.007110104024304897,-1.0,0.00250528631968567,-0.007110104024304897,-0.007110104024304897,0.05286025305904411,3.9456913592893774
2015-12-02,-0.02565407745922843,-1.0,0.0,0.02565407745922843,0.02565407745922843,0.05421633408553525,3.844468287527959
2015-12-03,-0.01602203193860008,0.0,0.0,-0.0,-0.0002,0.054205490818718144,3.782872093838251
2015-12-04,0.017838908527808117,0.0,0.012515309337881685,0.0,0.0,0.054205490818718144,3.8503544030926298
2015-12-07,0.004381564798306314,-1.0,0.0,-0.004381564798306314,-0.004581564798306314,0.05395714485010819,3.867224980406224
2015-12-08,0.0078116294224894745,-1.0,0.0,-0.0078116294224894745,-0.0078116294224894745,0.053535651629843556,3.8974343088465515
2015-12-09,-0.005838689464582769,-1.0,0.011550048522178512,0.005838689464582769,0.005838689464582769,0.053848229674994294,3.8746784002085857
2015-12-10,-0.011745757540337354,0.0,0.0007616257559772165,-0.0,-0.00038081287798860826,0.05382772357567717,3.8291673671729534
2015-12-11,-0.0019464857729277751,0.0,0.0,-0.0,-0.0,0.05382772357567717,3.821713947370592
2015-12-14,0.005851461526409585,0.0,0.0,0.0,0.0,0.05382772357567717,3.844076559498574
2015-12-15,0.007552140791587503,-1.0,0.0,-0.007552140791587503,-0.007752140791587502,0.05341044348402786,3.8731075668895483
2015-12-16,0.049939411880657536,-1.0,0.0,-0.049939411880657536,-0.049939411880657536,0.050743157348150415,4.0665282809305365
2015-12-17,-0.0023153875689954084,-1.0,0.0,0.0023153875689954084,0.0023153875689954084,0.0508606474238859,4.057112691899902
2015-12-18,-0.012571272164031422,0.0,0.0,-0.0,-0.0002,0.05085047529440113,4.006109624049882
2015-12-21,0.001860806833157591,0.0,0.008740145372661951,0.0,0.0,0.05085047529440113,4.013564220212693
2015-12-22,0.0059625538332246375,-1.0,0.012110044845774172,-0.0059625538332246375,-0.012017576256111724,0.05023937582989114,4.037495312938815
2015-12-23,0.010397533083081889,-1.0,0.0,-0.010397533083081889,-0.010397533083081889,0.04971701025762646,4.079475304027884
2015-12-24,-0.0004806973254350977,-1.0,0.003435490070425658,0.0004806973254350977,0.0004806973254350977,0.04974090909148594,4.077514311160059
2015-12-28,0.0005772873074205709,0.0,0.003515983482875279,0.0,-0.0017579917414376396,0.049653464984091504,4.079868208417718
2015-12-29,0.006346592740660517,0.0,0.0,0.0,0.0,0.049653464984091504,4.105761470372114
2015-12-30,0.00248455877521514,0.0,0.007201737012427721,0.0,0.0,0.049653464984091504,4.1159624760622675
2015-12-31,-0.009722686786792778,0.0,0.0,-0.0,-0.0,0.049653464984091504,4.075944262081322
2016-01-04,-0.0030798592080854004,1.0,0.0,-0.0030798592080854004,-0.0032798592080854005,0.04949060860975009,4.063390927614107
2016-01-05,0.009751687242711027,1.0,0.006997854447640843,0.009751687242711027,0.009751687242711027,0.04997322554636379,4.10301584508507
2016-01-06,-0.0032513448914195386,0.0,0.005526030977731917,-0.0,-0.0027630154888659583,0.0498351487501506,4.089675525477738
2016-01-07,0.00441337958736665,1.0,0.00725814428407409,0.00441337958736665,0.0007843074453296054,0.049874234828354444,4.107724815960835
2016-01-08,0.004488969163717327,0.0,0.0,0.0,-0.0002,0.04986425998138878,4.12616426599272
2016-01-11,0.0038982375632727884,0.0,0.0007429477226720011,0.0,0.0,0.04986425998138878,4.142249034526646
2016-01-12,-0.001894218364660083,0.0,0.0006983969038558951,-0.0,-0.0,0.04986425998138878,4.1344027103344505
2016-01-13,-0.007212259361359719,1.0,0.009762480369912774,-0.007212259361359719,-0.012093499546316106,0.049261226575926464,4.10458432568321
2016-01-14,0.010227968592819714,1.0,0.004249887647006257,0.010227968592819714,0.010227968592819714,0.04976506885418882,4.146565885252878
2016-01-15,-0.004068849776159844,0.0,0.0070953781122971285,-0.0,-0.0035476890561485642,0.049588517864036334,4.129694131578835
2016-01-19,0.024225704743372045,1.0,0.0,0.024225704743372045,0.024025704743372046,0.0507799169528991,4.2297388822909
2016-01-20,-0.023188895658452058,0.0,0.0073835914666261744,-0.0,-0.0036917957333130872,0.050592447872154396,4.131655908686959
2016-01-21,-0.002563798620612956,1.0,0.009700977116672045,-0.002563798620612956,-0.007414287178948978,0.05021734093454424,4.12106317496742
2016-01-22,0.014851334886502476,1.0,0.0,0.014851334886502476,0.014851334886502476,0.050963135481872826,4.182266464267294
2016-01-25,-0.0016882969062359532,0.0,0.006033274526577292,-0.0,-0.003016637263288646,0.05080939818832418,4.175205556734618
2016-01-26,0.0013153926770212987,1.0,0.00398419744761065,0.0013153926770212987,-0.0006767060467840263,0.05077501516133669,4.180697591549005
2016-01-27,0.001595606435962793,0.0,0.01160096206244906,0.0,-0.00580048103122453,0.050480495649033216,4.1873683395328944
2016-01-28,0.014709814006063748,0.0,0.008337668639158217,0.0,0.0,0.050480495649033216,4.248963748982304
2016-01-29,0.03148643690143249,0.0,0.0,0.0,0.0,0.050480495649033216,4.382748477961109
2016-02-01,0.011369005520684983,0.0,0.0,0.0,0.0,0.050480495649033216,4.432575969602823
2016-02-02,0.008231595416435145,0.0,0.0017526014862137653,0.0,0.0,0.050480495649033216,4.469063141637206
2016-02-03,0.007373930634407833,0.0,0.0,0.0,0.0,0.050480495649033216,4.5020177032444275
2016-02-04,-0.010718895727109157,0.0,0.0013802766502713803,-0.0,-0.0,0.050480495649033216,4.453761044921751
2016-02-05,0.0007929105381032642,1.0,0.0072877789328571075,0.0007929105381032642,-0.0028509789283252896,0.05033657681964641,4.457292478988463
2016-02-08,0.004928935635638121,0.0,0.005287270253753707,0.0,-0.0026436351268768533,0.05020350527699926,4.479262186726611
2016-02-09,0.010335380981211229,0.0,0.0,0.0,0.0,0.05020350527699926,4.525557067941164
2016-02-10,-0.013957239124250953,0.0,0.0,-0.0,-0.0,0.05020350527699926,4.462392785773465
2016-02-11,-0.016177266994412243,1.0,0.015082182522562453,-0.016177266994412243,-0.02371835825569347,0.049012760553147794,4.390203466244069
2016-02-12,-0.0020553646204510834,1.0,0.0,-0.0020553646204510834,-0.0020553646204510834,0.04891202145915621,4.381179997362969
2016-02-16,0.006089113496711596,1.0,0.0021776054427382857,0.006089113496711596,0.006089113496711596,0.04920985230917461,4.407857499616434
2016-02-17,-0.008188441529108026,0.0,0.005750131400129454,-0.0,-0.002875065700064727,0.04906837075069525,4.371764016212185
2016-02-18,0.02602528540120308,1.0,0.0,0.02602528540120308,0.02582528540120308,0.050335575429504,4.485540422440817
2016-02-19,0.0036734215393927627,0.0,0.0,0.0,-0.0002,0.0503255083144181,4.5020177032444275
2016-02-22,0.008278824027411646,0.0,0.0,0.0,0.0,0.0503255083144181,4.53928911557788
2016-02-23,0.0036302709223030583,0.0,0.013862170546106195,0.0,0.0,0.0503255083144181,4.555767964862089
2016-02-24,0.006507666873007967,0.0,0.004874575617281365,0.0,0.0,0.0503255083144181,4.585415385128133
2016-02-25,-0.0013793511559526683,0.0,0.0,-0.0,-0.0,0.0503255083144181,4.579090487116134
2016-02-26,-0.028660513553353528,1.0,0.0,-0.028660513553353528,-0.028860513553353527,0.048873088299630434,4.4478514021481095
2016-02-29,0.0026664708351336053,1.0,0.006970732542580883,0.0026664708351336053,0.0026664708351336053,0.049003406964204306,4.459711468190945
2016-03-01,-0.0019500886679705287,0.0,0.012892532557075155,-0.0,-0.0064462662785375775,0.0486875179543575,4.451014635394408
2016-03-02,-0.002131237804099184,1.0,0.0,-0.002131237804099184,-0.0023312378040991843,0.048574015771914544,4.441528464736857
2016-03-03,-0.006586146077349309,1.0,0.01830101015843418,-0.006586146077349309,-0.006586146077349309,0.048254100208477244,4.412275909461395
2016-03-04,0.023920943852030252,1.0,0.0019456538089166013,0.023920943852030252,0.023920943852030252,0.04940838383019447,4.517821713751287
2016-03-07,0.0013994676398711992,0.0,2.7891110287535975e-05,0.0,-0.0002,0.049398502153428434,4.524144259042389
2016-03-08,0.008737309371892765,0.0,0.0,0.0,0.0,0.049398502153428434,4.563673107076715
2016-03-09,0.0070163946145433975,0.0,0.0,0.0,0.0,0.049398502153428434,4.595693638487745
2016-03-10,-0.0049031937909147505,0.0,0.004668566850995043,-0.0,-0.0,0.049398502153428434,4.573160061974566
2016-03-11,0.0011241012977325493,1.0,0.004178787719902979,0.0011241012977325493,-0.0009652925622189402,0.04935081814671498,4.57830075713497
2016-03-14,0.0001724941245795364,0.0,0.006466736719551965,0.0,-0.0032333683597759824,0.04919124877279033,4.579090487116134
2016-03-15,-0.002071713324816815,0.0,0.011120086770880647,-0.0,-0.0,0.04919124877279033,4.569603924338433
2016-03-16,0.01314849057984846,1.0,0.00605559807161584,0.01314849057984846,0.01012069154404054,0.04968909822828591,4.629687318491236
2016-03-17,0.010331581575646842,0.0,0.0,0.0,-0.0002,0.049679160408640254,4.677519310691966
2016-03-18,0.001436272963454499,0.0,0.00110070743657022,0.0,0.0,0.049679160408640254,4.684237505213949
2016-03-21,-0.007847948806638971,0.0,0.0,-0.0,-0.0,0.049679160408640254,4.647475849074892
2016-03-22,-0.004508034096363578,1.0,0.010478819413610669,-0.004508034096363578,-0.009747443803168911,0.04919491558436842,4.626524869485237
2016-03-23,0.005553981470737934,1.0,0.009712250077982194,0.005553981470737934,0.005553981470737934,0.049468143233978516,4.652220502884266
2016-03-24,0.006712337114966882,0.0,0.0,0.0,-0.0002,0.049458249605331725,4.683447775232786
2016-03-28,-0.007596339892045445,0.0,0.00862801088364941,-0.0,-0.0,0.049458249605331725,4.647870714065474
2016-03-29,0.012162137080513391,1.0,0.010930939392286992,0.012162137080513391,0.006696667384369895,0.04978945505235177,4.704398754822441
2016-03-30,-0.004285616645023027,0.0,0.0027778277778057682,-0.0,-0.0013889138889028841,0.04972030178670866,4.684237505213948
2016-03-31,-0.0013499165070863794,1.0,0.0013502152614555559,-0.0013499165070863794,-0.0020250241378141575,0.04961961697545117,4.677914175682547
2016-04-01,0.003126373137248395,1.0,0.005524198256259626,0.003126373137248395,0.003126373137248395,0.049774746413043774,4.6925390808997545
2016-04-04,8.456521820865426e-05,0.0,0.0050749133465805745,0.0,-0.0025374566732902872,0.049648445150596666,4.692935906491083
2016-04-05,-0.019963140369650745,0.0,0.0,-0.0,-0.0,0.049648445150596666,4.599250168244028
2016-04-06,0.0030940766051454904,1.0,0.0,0.0030940766051454904,0.0028940766051454903,0.04979213155418886,4.613480600590804
2016-04-07,-0.004455322975855602,0.0,0.0005676861006139528,-0.0,-0.0002838430503069764,0.04977799840368723,4.592926054472327
2016-04-08,0.005336010459437768,1.0,0.010576813236817651,0.005336010459437768,4.760384102894203e-05,0.049780368027609975,4.617433955938416
2016-04-11,-0.0049651995289565765,0.0,0.010744490267933518,-0.0,-0.005372245133966759,0.04951293568770657,4.594507475035402
2016-04-12,0.007054822737145194,1.0,0.008162858138093436,0.007054822737145194,0.0029733936680984762,0.04966015713716936,4.626920910836265
2016-04-13,-0.0048696782042810804,0.0,0.007303037009284027,-0.0,-0.0036515185046420134,0.049478822154439564,4.604389294923833
2016-04-14,-0.002833092551266847,1.0,0.0014430407692428775,-0.002833092551266847,-0.0035546129358882857,0.04930294409315687,4.591344633909252
2016-04-15,0.011020046502590919,1.0,0.0,0.011020046502590919,0.011020046502590919,0.0498462648297781,4.6419414652843525
2016-04-18,0.0028954070933420173,0.0,0.006750113999750795,0.0,-0.0033750569998753973,0.049678030844746715,4.655381775529815
2016-04-19,0.002802144649725502,0.0,0.0,0.0,0.0,0.049678030844746715,4.668426828664545
2016-04-20,-0.021930682553416236,0.0,0.003094543552511057,-0.0,-0.0,0.049678030844746715,4.566045041861251
2016-04-21,-0.02250881424328466,1.0,0.0,-0.02250881424328466,-0.022708814243284657,0.0485499016703212,4.463268782187526
2016-04-22,0.013550655964413849,1.0,0.005975060931464589,0.013550655964413849,0.013550655964413849,0.04920778468496184,4.523749001931657
2016-04-25,0.0002622080605791943,0.0,0.002980794128827643,0.0,-0.0014903970644138216,0.04913444554712107,4.524935165384001
2016-04-26,0.009172709953018554,0.0,0.0,0.0,0.0,0.04913444554712107,4.566441083212283
2016-04-27,0.011859157795941266,0.0,0.0,0.0,0.0,0.04913444554712107,4.620595228583966
2016-04-28,-0.003592953303572788,0.0,0.01659379964537753,-0.0,-0.0,0.04913444554712107,4.603993645692952
2016-04-29,0.00953021914215002,1.0,0.021914762359786323,0.00953021914215002,-0.0014271620377431411,0.04906432273169066,4.647870714065473
2016-05-02,0.004082617491677265,0.0,0.0,0.0,-0.0002,0.049054509867144325,4.666846192341771
2016-05-03,0.003049261055598329,0.0,0.009084603258069826,0.0,0.0,0.049054509867144325,4.681076624688545
2016-05-04,0.008782057559213019,0.0,0.0019330354839101687,0.0,0.0,0.049054509867144325,4.722186109045647
2016-05-05,-0.0051062460899555795,0.0,0.019553714422003342,-0.0,-0.0,0.049054509867144325,4.69807346469029
2016-05-06,-0.0030288262227960994,1.0,0.0002477887825232807,-0.0030288262227960994,-0.0032288262227960995,0.04889612137933888,4.683843816583813
2016-05-09,0.003375828385623336,1.0,0.005400109720988722,0.003375828385623336,0.003375828385623336,0.049061186293838134,4.699655669493663
2016-05-10,0.005971676504875401,0.0,0.0,0.0,-0.0002,0.04905137405657937,4.727720492836183
2016-05-11,0.0007526862813531654,0.0,0.00590394115541809,0.0,0.0,0.04905137405657937,4.731278983193213
2016-05-12,0.012198104557715528,0.0,0.0,0.0,0.0,0.04905137405657937,4.7889916189219255
2016-05-13,-0.003219009926413219,0.0,0.011088319664757125,-0.0,-0.0,0.04905137405657937,4.773575807363106
2016-05-16,0.005962086645717735,1.0,0.010919327669229621,0.005962086645717735,0.0005024228111029242,0.04907601858582134,4.802036279936507
2016-05-17,-0.013994141432798868,0.0,0.006597853221497875,-0.0,-0.0032989266107489373,0.048914120402158964,4.7348359050696445
2016-05-18,-0.01469337957336847,1.0,0.005060496777612447,-0.01469337957336847,-0.017223627962174692,0.04807164179025516,4.665265163898843
2016-05-19,0.0033042965184399975,1.0,0.0,0.0033042965184399975,0.0033042965184399975,0.048230484748858396,4.680680583337513
2016-05-20,0.007769551991634538,0.0,0.0,0.0,-0.0002,0.048220838651908626,4.717047374485988
2016-05-23,-0.011229220729505718,0.0,0.012050846610133524,-0.0,-0.0,0.048220838651908626,4.664078608326349
2016-05-24,0.01610305389526623,1.0,0.007578656337877063,0.01610305389526623,0.012313725726327697,0.04881461683336173,4.7391845175279865
2016-05-25,-0.006589413979023129,0.0,0.005820872485078712,-0.0,-0.002910436242539356,0.048672545003364244,4.707956068819017
2016-05-26,0.01344848069514848,1.0,0.0024031326040299824,0.01344848069514848,0.012246914393133489,0.04926863349531638,4.771270925124137
2016-05-27,0.00016666831033829155,0.0,0.00048187308099858096,0.0,-0.00024093654049929048,0.04925676288120689,4.772066144787393
2016-05-31,0.002336418648357874,0.0,0.00021875223998050875,0.0,0.0,0.04925676288120689,4.783215689119272
2016-06-01,0.0002497880449654488,0.0,0.009075672694871213,0.0,0.0,0.04925676288120689,4.784410479214905
2016-06-02,-0.0028297597921023154,0.0,0.0,-0.0,-0.0,0.04925676288120689,4.77087174681191
2016-06-03,0.016609870318246456,1.0,0.0,0.016609870318246456,0.016409870318246457,0.05006505997238411,4.850115307831442
2016-06-06,-0.0004106249260245054,0.0,0.004941990598731648,-0.0,-0.002470995299365824,0.04994134944452989,4.848123729591953
2016-06-07,-0.005256847914888785,1.0,0.008933246276708235,-0.005256847914888785,-0.009723471053242902,0.04945574617884611,4.822637880472925
2016-06-08,0.014945509663564449,1.0,0.008323919657173093,0.014945509663564449,0.014945509663564449,0.05019488751128085,4.894714661519405
2016-06-09,0.008623220746231786,0.0,0.0,0.0,-0.0002,0.050184848533778595,4.936922866535504
2016-06-10,-0.001209737757511098,0.0,0.003251921855123143,-0.0,-0.0,0.050184848533778595,4.930950484537936
2016-06-13,-0.0019385132572692365,1.0,0.005039584060343908,-0.0019385132572692365,-0.004458305287441191,0.04996110915821102,4.921391771652721
2016-06-14,0.011247239601476444,1.0,0.004169028186913525,0.011247239601476444,0.011247239601476444,0.05052303372366893,4.976743844081234
2016-06-15,-0.009121576503411388,0.0,0.007909121253193957,-0.0,-0.0039545606265969785,0.05032323732376908,4.931348094369565
2016-06-16,0.008155698321778981,1.0,0.0017189546014943276,0.008155698321778981,0.007296221021031817,0.05069040678577714,4.971566681746923
2016-06-17,0.002002337466938675,0.0,0.008533103976128602,0.0,-0.004266551988064301,0.050474133529929494,4.9815214359831685
2016-06-20,-0.006874490369975117,0.0,0.007613124939659401,-0.0,-0.0,0.050474133529929494,4.947276014843678
2016-06-21,0.0002412668570750398,1.0,0.008969473899494639,0.0002412668570750398,-0.00424347009267228,0.050259948053841694,4.948469628578862
2016-06-22,-0.00506910620225598,0.0,0.005146227247207656,-0.0,-0.002573113623603828,0.05013062349678273,4.923385310492957
2016-06-23,0.0013746626262522987,1.0,0.0,0.0013746626262522987,0.0011746626262522986,0.05018951006663513,4.930153304273931
2016-06-24,-8.07281086844247e-05,0.0,0.0017733596448420569,-0.0,-0.0008866798224210284,0.05014500804076184,4.929755302322153
2016-06-27,0.032956669845410236,1.0,0.0,0.032956669845410236,0.03275666984541024,0.051787591513548524,5.092223620239445
2016-06-28,0.004535210950914248,0.0,0.004009269347331708,0.0,-0.002004634673665854,0.05168377631193482,5.115317928566459
2016-06-29,-0.0055267490576286216,0.0,0.00047253661461820243,-0.0,-0.0,0.05168377631193482,5.087046850025284
2016-06-30,0.020743327158544878,1.0,0.0094204444552651,0.020743327158544878,0.016033104930912326,0.052512427720769875,5.1925691271062036
2016-07-01,-0.005138008219272683,0.0,0.0033306921046146387,-0.0,-0.0016653460523073193,0.052424976356568016,5.16588966425199
2016-07-05,0.008787443871576262,1.0,0.009271968789232041,0.008787443871576262,0.004151459476960241,0.05264261652149291,5.211284629723361
2016-07-06,0.0001528966848809432,0.0,0.0108418879581189,0.0,-0.00542094397905945,0.05235724384641879,5.212081417867216
2016-07-07,-0.01955853016524456,0.0,0.0,-0.0,-0.0,0.05235724384641879,5.110140766232149
2016-07-08,0.012467696059853539,1.0,0.004082116560242154,0.012467696059853539,0.010426637779732462,0.05290315386315052,5.173852448128598
2016-07-11,-0.0018469734380663905,0.0,0.0072250005844090035,-0.0,-0.0036125002922045017,0.05271204120436135,5.16429648008443
2016-07-12,-0.018196929444216803,1.0,0.008595824624117466,-0.018196929444216803,-0.022494841756275537,0.05152629217881896,5.070322141407317
2016-07-13,0.00659671233944592,1.0,0.004329633876085252,0.00659671233944592,0.00659671233944592,0.05186619630624087,5.103769598042504
2016-07-14,-0.007256010008120151,0.0,0.0,-0.0,-0.0002,0.051855823066979626,5.066736594759968
2016-07-15,0.0026725457048422108,1.0,0.004120114536908889,0.0026725457048422108,0.0006124884363877662,0.05188758415896753,5.080277679883861
2016-07-18,0.005251189784192034,0.0,0.0006493132386363036,0.0,-0.0003246566193181518,0.05187073851130989,5.106955182137326
2016-07-19,-0.0012476240896102109,0.0,0.001760112328709772,-0.0,-0.0,0.05187073851130989,5.100583621827532
2016-07-20,-0.006869773963218417,1.0,0.006366994948458669,-0.006869773963218417,-0.010053271437447752,0.051349267897394815,5.065543765265083
2016-07-21,0.008253533385775613,1.0,0.005583333271134093,0.008253533385775613,0.008253533385775613,0.0517730807943211,5.107352399848806
2016-07-22,0.012085096869335787,0.0,0.0,0.0,-0.0002,0.05176272617816224,5.169075248346814
2016-07-25,-0.002465109476470717,0.0,0.005035215315194848,-0.0,-0.0,0.05176272617816224,5.156332911967524
2016-07-26,-0.008186082306454456,1.0,0.0035491708800502895,-0.008186082306454456,-0.009960667746479602,0.05124713486104956,5.114122746350677
2016-07-27,-0.009810742546100593,1.0,0.0,-0.009810742546100593,-0.009810742546100593,0.0507443624147025,5.063949404737074
2016-07-28,0.0019658083919507074,1.0,0.006848682550922679,0.0019658083919507074,0.0019658083919507074,0.050844116108181514,5.0739041589733205
2016-07-29,0.006827996423710125,0.0,0.00046768652316233055,0.0,-0.00023384326158116527,0.050832226554238566,5.108548758425038
2016-08-01,0.0016367799279384254,0.0,0.0,0.0,0.0,0.050832226554238566,5.116910328493723
2016-08-02,-0.006770455799958719,0.0,0.0,-0.0,-0.0,0.050832226554238566,5.0822665132823035
2016-08-03,0.003604121998985743,1.0,0.007887032152048596,0.003604121998985743,-0.00033939407703855503,0.05081497439762338,5.100583621827533
2016-08-04,-0.004996192257112786,0.0,0.009981300498544746,-0.0,-0.004990650249272373,0.05056137463297911,5.075100125429402
2016-08-05,-0.01145578629278532,1.0,0.0,-0.01145578629278532,-0.01165578629278532,0.049972042055587654,5.016960862977995
2016-08-08,0.0,1.0,0.0093296216637217,0.0,0.0,0.049972042055587654,5.016960862977995
2016-08-09,0.0006349629151645164,0.0,0.005601885321976501,0.0,-0.0028009426609882505,0.049832073231137454,5.020146447072817
2016-08-10,0.0023797561927401123,0.0,0.006554638055900049,0.0,0.0,0.049832073231137454,5.032093171668701
2016-08-11,0.005143676412110887,0.0,0.0,0.0,0.0,0.049832073231137454,5.057976630619358
2016-08-12,-0.0018108313109618246,0.0,0.0,-0.0,-0.0,0.049832073231137454,5.048817488166519
2016-08-15,-0.011594097093049038,1.0,0.0,-0.011594097093049038,-0.011794097093049039,0.04924434892110149,4.990281008003633
2016-08-16,-0.010612499614973792,1.0,0.0,-0.010612499614973792,-0.010612499614973792,0.04872174328713666,4.937321652727583
2016-08-17,0.01459756218336894,1.0,0.004633567359014575,0.01459756218336894,0.01459756218336894,0.04943296196445277,5.009394512572568
2016-08-18,0.009221494977124323,0.0,0.0,0.0,-0.0002,0.04942307537205988,5.05558861890869
2016-08-19,-0.014808083606570377,0.0,0.002552412399029769,-0.0,-0.0,0.04942307537205988,4.980725039959465
2016-08-22,-0.0003198699295341445,1.0,0.004014223455190844,-0.0003198699295341445,-0.0023269816571295666,0.049308068782230166,4.979131855791904
2016-08-23,-0.006158147263638503,1.0,0.005480501444792626,-0.006158147263638503,-0.006158147263638503,0.04900442243338358,4.948469628578864
2016-08-24,-0.000965389330510491,1.0,0.0,-0.000965389330510491,-0.000965389330510491,0.04895711408681856,4.943692428797078
2016-08-25,0.0028996804783401053,1.0,0.0,0.0028996804783401053,0.0028996804783401053,0.04909907407481198,4.958027557223779
2016-08-26,-0.016337589687692833,0.0,0.0018073272346578225,-0.0,-0.0009036636173289113,0.049054705027926034,4.877025337333582
2016-08-29,0.00591972119332862,1.0,0.006855309620480267,0.00591972119332862,0.002492066383088486,0.04917695260925845,4.905895967583397
2016-08-30,-0.009154433233694692,0.0,0.006378214013889804,-0.0,-0.003189107006944902,0.04902012204511207,4.860985270496703
2016-08-31,-0.0023100552866079926,1.0,0.0,-0.0023100552866079926,-0.0025100552866079927,0.04889707882862257,4.849756125774468
2016-09-01,0.0004961175727495881,1.0,0.000277084214158897,0.0004961175727495881,0.0004961175727495881,0.04892133752868557,4.852162175012015
2016-09-02,0.01760303638902072,0.0,0.0,0.0,-0.0002,0.04891155326117983,4.937574962344182
2016-09-06,0.01754265309031644,0.0,0.0,0.0,0.0,0.04891155326117983,5.024193127016018
2016-09-07,-0.0018354170159242678,0.0,0.0,-0.0,-0.0,0.04891155326117983,5.014971637459403
2016-09-08,0.0025586864096174278,1.0,0.005038275698269978,0.0025586864096174278,3.95485604824386e-05,0.04891348764270227,5.027803377232787
2016-09-09,-0.03605064974151273,0.0,0.0,-0.0,-0.0002,0.04890370494517373,4.846547798710973
2016-09-12,0.020106143648622288,1.0,0.017807671125420126,0.020106143648622288,0.011202308085912225,0.04945153931451212,4.94399318495177
2016-09-13,-0.014194229655348556,0.0,0.013680629319038733,-0.0,-0.006840314659519366,0.049113275225203264,4.873817010270087
2016-09-14,0.004607464062818201,1.0,0.008270839081426215,0.004607464062818201,0.0004720445221050931,0.04913645887773596,4.896272946993658
2016-09-15,0.005159664329907221,0.0,0.010294352089185032,0.0,-0.005147176044592516,0.048883544873684376,4.921536071867751
2016-09-16,0.004807549813195644,0.0,0.006249396095577704,0.0,0.0,0.048883544873684376,4.945196601690695
2016-09-19,0.011514473534805614,-1.0,0.0,-0.011514473534805614,-0.011714473534805614,0.04831089988097412,5.002137937085273
2016-09-20,0.002645679749990748,-1.0,0.0,-0.002645679749990748,-0.002645679749990748,0.048183084711455194,5.01537199213208
2016-09-21,0.022147476903764396,-1.0,0.0,-0.022147476903764396,-0.022147476903764396,0.04711595095565612,5.126449827491611
2016-09-22,0.001486269617768432,-1.0,0.0,-0.001486269617768432,-0.001486269617768432,0.04704592394923846,5.134069114117226
2016-09-23,-0.009997325309158978,-1.0,0.0,0.009997325309158978,0.009997325309158978,0.04751625735542895,5.08274215502369
2016-09-26,-0.004102851011625663,1.0,0.0034893113522750287,-0.004102851011625663,-0.007592162363900692,0.04715550621466164,5.061888421231119
2016-09-27,0.004436199049595135,1.0,0.0,0.004436199049595135,0.004436199049595135,0.0473646974265143,5.084343965834541
2016-09-28,-0.002444878030270936,0.0,0.0,-0.0,-0.0002,0.047355224487029,5.071913364974131
2016-09-29,-0.021979977718659782,1.0,0.0,-0.021979977718659782,-0.02217997771865978,0.04630488666304457,4.960432822221027
2016-09-30,-0.011155872498713082,1.0,0.005643296745454297,-0.011155872498713082,-0.011155872498713082,0.04578831525136428,4.905094866117898
2016-10-03,-0.0097286285261452,1.0,0.0,-0.0097286285261452,-0.0097286285261452,0.045342857741445725,4.857375020279935
2016-10-04,-0.018409979894193018,1.0,0.0,-0.018409979894193018,-0.018409979894193018,0.044508096642080455,4.767950843818026
2016-10-05,-0.0030276954981297566,1.0,0.009388777342110332,-0.0030276954981297566,-0.0030276954981297566,0.0443733396782469,4.753514940512894
2016-10-06,-0.004302295597032879,0.0,0.0,-0.0,-0.0002,0.04436446501031125,4.733063914113895
2016-10-07,0.03143281485194871,0.0,0.0,0.0,0.0,0.04436446501031125,4.881837435808677
2016-10-10,0.00854275284097783,-1.0,0.00743703669303149,-0.00854275284097783,-0.012261271187493575,0.04382050027373176,4.923541766432623
2016-10-11,-0.013275824458771623,-1.0,0.004696637197700468,0.013275824458771623,0.013275824458771623,0.044402253543061376,4.858177690226033
2016-10-12,0.015105194207391426,0.0,0.0042051911069985355,0.0,-0.0021025955534992678,0.04430889356219639,4.931561407730913
2016-10-13,0.01341691779987042,-1.0,0.0,-0.01341691779987042,-0.01361691779987042,0.043705543000756755,4.997727761763453
2016-10-14,-0.0048144432355550215,-1.0,0.004610109086650135,0.0048144432355550215,0.0048144432355550215,0.04391596085661301,4.973666485147685
2016-10-17,0.00024195766694790066,0.0,0.00019808232444265905,0.0,-0.0002,0.04390717766444169,4.974869901886609
2016-10-18,0.008463632289349432,-1.0,0.002785124603201043,-0.008463632289349432,-0.009856194590949954,0.04347441997744154,5.016975371423529
2016-10-19,-0.004236200206573337,-1.0,0.0075251253348814886,0.004236200206573337,0.004236200206573337,0.043658586324330624,4.995722459318731
2016-10-20,-0.0036121640920905307,0.0,0.00782253983675333,-0.0,-0.003911269918376665,0.04348782580896142,4.97767709003713
2016-10-21,-0.00338349640566038,0.0,0.0,-0.0,-0.0,0.04348782580896142,4.960835137494451
2016-10-24,0.005415959164399853,0.0,0.00040782066740664024,0.0,0.0,0.04348782580896142,4.98770281802044
2016-10-25,0.009165371903860686,-1.0,0.0,-0.009165371903860686,-0.009365371903860687,0.04308054614697018,5.0334169692935316
2016-10-26,0.005417634129155191,-1.0,0.0,-0.005417634129155191,-0.005417634129155191,0.042847151509861715,5.060686180852645
2016-10-27,-0.008558062872977001,-1.0,0.008891574916216869,0.008558062872977001,0.008558062872977001,0.04321384012641108,5.0173765103365024
2016-10-28,0.004875382829661712,0.0,0.008822410704547203,0.0,-0.004411205352273601,0.04302321500355316,5.041838141624945
2016-10-31,0.018054360547931303,-1.0,0.0,-0.018054360547931303,-0.018254360547931302,0.042237853724947136,5.132865305258154
2016-11-01,-0.016484298892470273,-1.0,0.016993142428933468,0.016484298892470273,0.016484298892470273,0.042934115130325606,5.048253619391487
2016-11-02,-0.017555039314128718,0.0,0.0,-0.0,-0.0002,0.042925528307299544,4.9596313286353775
2016-11-03,0.0012936973701644927,0.0,0.006808505623579184,0.0,0.0,0.042925528307299544,4.966047590642218
2016-11-04,-0.005329340262986482,-1.0,0.00701130211108644,0.005329340262986482,0.0018236892074432617,0.04300381112999736,4.939581833269502
2016-11-07,0.012014816410712559,0.0,0.010293349315118239,0.0,-0.0051466746575591195,0.04278248450507614,4.998930002141926
2016-11-08,0.004091080769331734,-1.0,0.0,-0.004091080769331734,-0.004291080769331734,0.04259890140855218,5.019381028540924
2016-11-09,-0.0613562468067953,-1.0,0.0,0.0613562468067953,0.0613562468067953,0.04521261011707365,4.711410647336422
2016-11-10,-0.020682847141734073,0.0,0.0,-0.0,-0.0002,0.04520356759505024,4.613965261095624
2016-11-11,-0.013210656195999704,0.0,0.016317529490198573,-0.0,-0.0,0.04520356759505024,4.553011752331003
2016-11-14,0.007927128021429475,0.0,0.0,0.0,0.0,0.04520356759505024,4.5891040593748045
2016-11-15,0.005155378678734612,-1.0,0.0,-0.005155378678734612,-0.005355378678734612,0.044961485372948966,4.612762628596999
2016-11-16,-0.006433124560191628,-1.0,0.010012533705795395,0.006433124560191628,0.006433124560191628,0.04525072820876438,4.583088152040638
2016-11-17,0.004287314588188984,0.0,0.006397690750425493,0.0,-0.0031988453752127464,0.04510597812610876,4.6027372927338375
2016-11-18,-0.006011801419976814,-1.0,0.006993403499539655,0.006011801419976814,0.002515099670206987,0.0452194241568181,4.5750665501416
2016-11-21,0.0022794062693056727,0.0,0.004098841263338557,0.0,-0.0020494206316692787,0.04512675053599892,4.5854949855184834
2016-11-22,0.0030840319829466,-1.0,0.0,-0.0030840319829466,-0.0032840319829466,0.044978552843952246,4.5996367987114635
2016-11-23,-0.0036018227183710616,-1.0,0.0,0.0036018227183710616,0.0036018227183710616,0.04514055761742504,4.583069722393609
2016-11-25,0.0118144183371518,0.0,0.0,0.0,-0.0002,0.04513152950590155,4.637216025362301
2016-11-28,0.013419321211350477,-1.0,0.0,-0.013419321211350477,-0.013619321211350477,0.04451686870880114,4.69944431673306
2016-11-29,0.008340463949675803,-1.0,0.0,-0.008340463949675803,-0.008340463949675803,0.04414557737018293,4.738639862640281
2016-11-30,-0.025922775008289434,-1.0,0.0,0.025922775008289434,0.025922775008289434,0.04528995323996122,4.6158011676357455
2016-12-01,-0.011205468850548295,0.0,0.0,-0.0,-0.0002,0.045280895249313224,4.564078951431479
2016-12-02,0.012925822959096722,0.0,0.0,0.0,0.0,0.045280895249313224,4.623073427929022
2016-12-05,0.005157023262457372,-1.0,0.007452289340445684,-0.005157023262457372,-0.008883167932680213,0.04487865745267147,4.6469147251409
2016-12-06,-0.0021742098511637886,-1.0,0.0012477926940926982,0.0021742098511637886,0.0021742098511637886,0.04497623307181207,4.63681135736798
2016-12-07,0.025534089878913813,0.0,0.0,0.0,-0.0002,0.04496723782519771,4.755208115318583
2016-12-08,-0.006883200972118586,-1.0,0.005621316111572841,0.006883200972118586,0.004072542916332166,0.045150368831069744,4.722477062196596
2016-12-09,-0.003251893727408861,0.0,0.004051869451780975,-0.0,-0.0020259347258904875,0.04505889713096811,4.707120068660206
2016-12-12,0.008241560510084733,0.0,0.010001549659704345,0.0,0.0,0.04505889713096811,4.745914083534304
2016-12-13,0.013367358455365741,-1.0,0.0,-0.013367358455365741,-0.013567358455365741,0.04444756692198882,4.809354418287276
2016-12-14,-0.02512205053044425,-1.0,0.006420116157865806,0.02512205053044425,0.02512205053044425,0.04556418094415833,4.688533573572248
2016-12-15,0.008618552665912826,0.0,0.0,0.0,-0.0002,0.0455550681079695,4.728941947101981
2016-12-16,0.015978864224015954,-1.0,0.0,-0.015978864224015954,-0.016178864224015953,0.04481803884633486,4.804505068397977
2016-12-19,0.002691257839640304,-1.0,0.0,-0.002691257839640304,-0.002691257839640304,0.04469742194793236,4.817435230328894
2016-12-20,0.000671028951757302,-1.0,0.00404456473203525,-0.000671028951757302,-0.000671028951757302,0.04466742868373638,4.82066786884166
2016-12-21,-0.0058674846797431846,-1.0,0.006707021478367509,0.0058674846797431846,0.0058674846797431846,0.04492951413722173,4.792382673975101
2016-12-22,0.0025295130308991,0.0,0.0,0.0,-0.0002,0.04492052823439429,4.804505068397977
2016-12-23,0.002775158159856961,-1.0,0.00043855516086996815,-0.002775158159856961,-0.002994435740291945,0.04478601659917643,4.8178383298426155
2016-12-27,0.0001680687589233898,-1.0,0.004071287177083042,-0.0001680687589233898,-0.0001680687589233898,0.04477848946894948,4.818648057951406
2016-12-28,-0.005031369054976809,-1.0,0.0074704403092042656,0.005031369054976809,0.005031369054976809,0.04500378657519216,4.794403661225805
2016-12-29,0.012895119390287313,0.0,0.0065743021653706995,0.0,-0.0032871510826853498,0.04485585232942658,4.856228068842542
2016-12-30,-0.005991178841428191,-1.0,0.003385850924606502,0.005991178841428191,0.00429825337912494,0.045048654148275066,4.827133537987343
2017-01-03,-0.006194628370631117,0.0,0.0,-0.0,-0.0002,0.045039644417445415,4.797231239624101
2017-01-04,0.0029479932500060535,0.0,0.004275357074848037,0.0,0.0,0.045039644417445415,4.811373444937231
2017-01-05,-0.0005875233320274953,-1.0,0.006333367133560012,0.0005875233320274953,-0.002579160234752511,0.04492347995757655,4.808546650779233
2017-01-06,-0.0029412191625793893,0.0,0.005881897689255531,-0.0,-0.0029409488446277654,0.044791362301098654,4.794403661225804
2017-01-09,-0.0025286103381779723,0.0,0.006127153795498205,-0.0,-0.0,0.044791362301098654,4.78228048256263
2017-01-10,0.0019434309255108584,0.0,0.0,0.0,0.0,0.044791362301098654,4.791574514346909
2017-01-11,0.006999458822869009,-1.0,0.0,-0.006999458822869009,-0.007199458822869009,0.04446888873259169,4.825112942856789
2017-01-12,0.0007537469961862442,-1.0,0.0009742659766306049,-0.0007537469961862442,-0.0007537469961862442,0.04443537044128575,4.828749857243727
2017-01-13,-0.0037657340371668457,-1.0,0.0,0.0037657340371668457,0.0037657340371668457,0.04460270222821062,4.810566069549339
2017-01-17,0.009827852611473675,0.0,0.0,0.0,-0.0002,0.044593781687764976,4.857843603858626
2017-01-18,-0.001580558221748074,-1.0,0.0,0.001580558221748074,0.001380558221748074,0.04465534599971286,4.850165499210581
2017-01-19,-0.0062481607362875335,0.0,0.0,-0.0,-0.0002,0.04464641493051292,4.819860885573917
2017-01-20,-0.0001677541670883631,0.0,0.0,-0.0,-0.0,0.04464641493051292,4.819052333825575
2017-01-23,-0.004024985406518966,0.0,0.00458134863885961,-0.0,-0.0,0.04464641493051292,4.799655718508676
2017-01-24,0.00025260884810696105,0.0,0.0,0.0,0.0,0.04464641493051292,4.800868154011039
2017-01-25,0.0017676520170932797,-1.0,0.003533177181580636,-0.0017676520170932797,-0.0035342406078835977,0.044488623757869085,4.809354418287276
2017-01-26,-0.002268813327547803,-1.0,0.006362640539761642,0.002268813327547803,0.002268813327547803,0.044589560140375205,4.7984428908861645
2017-01-27,0.022063425586379193,0.0,0.0,0.0,-0.0002,0.04458064222834713,4.904312978539721
2017-01-30,0.008898176717688777,-1.0,0.0,-0.008898176717688777,-0.009098176717688778,0.04417503966716557,4.947952422101622
2017-01-31,0.010371630135531662,-1.0,0.004352555858411177,-0.010371630135531662,-0.010371630135531662,0.043716872494515294,4.999270754551868
2017-02-01,-0.00889089579110569,-1.0,0.008360171616454791,0.00889089579110569,0.00889089579110569,0.04410555465217709,4.954822759241625
2017-02-02,0.006850675068283074,0.0,0.01064155803757024,0.0,-0.00532077901878512,0.0438708787423719,4.988766639986124
2017-02-03,0.006074413093102526,0.0,0.0,0.0,0.0,0.0438708787423719,5.019070469382489
2017-02-06,-0.002817537860664965,0.0,0.009857214063513153,-0.0,-0.0,0.0438708787423719,5.004929048309658
2017-02-07,0.0037944919696102364,1.0,0.005464881791257767,0.0037944919696102364,0.0010620510739813528,0.043917471856256746,5.023920211391938
2017-02-08,0.015844980829203603,0.0,0.0,0.0,-0.0002,0.043908688361885495,5.103524130828892
2017-02-09,-0.013064104637614204,0.0,0.015437052230570857,-0.0,-0.0,0.043908688361885495,5.036851157563154
2017-02-10,0.006578580140571111,1.0,0.0071072305606828265,0.006578580140571111,0.0030249648602296976,0.044041510601238974,5.069986486559312
2017-02-13,0.004223849074021624,0.0,0.0,0.0,-0.0002,0.04403270229911873,5.091401344285868
2017-02-14,0.0,0.0,0.004808971774575193,0.0,0.0,0.04403270229911873,5.091401344285868
2017-02-15,-0.005634732868314951,0.0,0.01015874740451853,-0.0,-0.0,0.04403270229911873,5.062712657785437
2017-02-16,0.007183339392706767,1.0,0.0008600437398005887,0.007183339392706767,0.006753317522806473,0.04433006911913189,5.0990798410540625
2017-02-17,0.005309342118204663,0.0,0.0,0.0,-0.0002,0.044321203105308064,5.126152600418259
2017-02-21,0.011035719429938862,0.0,0.003016453729322367,0.0,0.0,0.044321203105308064,5.182723382271527
2017-02-22,0.001403476172152196,0.0,0.0019000496091230914,0.0,0.0,0.044321203105308064,5.189997211045401
2017-02-23,0.005683780844157216,0.0,0.0,0.0,0.0,0.044321203105308064,5.21949601777477
2017-02-24,0.02163247266669921,0.0,0.0,0.0,0.0,0.044321203105308064,5.332406622713227
2017-02-27,-0.008323534753888362,0.0,0.009860105023494643,-0.0,-0.0,0.044321203105308064,5.288022150867209
2017-02-28,0.008701278737900386,1.0,0.007435222985471483,0.008701278737900386,0.0049836672451646444,0.04454208523349028,5.334034705574096
2017-03-01,-0.012137561381400763,0.0,0.0,-0.0,-0.0002,0.04453317681644358,5.269292531924669
2017-03-02,0.011822856366378476,1.0,0.0015675846454439102,0.011822856366378476,0.01103906404365652,0.04502478140738778,5.331590620682045
2017-03-03,-0.0010689992497515677,0.0,0.004732922991943861,-0.0,-0.0023664614959719305,0.04491823199582264,5.325891154308553
2017-03-06,-0.0012235782850820165,1.0,0.008726409460307307,-0.0012235782850820165,-0.00558678301523567,0.04466728358023397,5.31937450954343
2017-03-07,7.688522686843946e-05,1.0,0.0028112336117871966,7.688522686843946e-05,7.688522686843946e-05,0.04467071783446563,5.319783490859395
2017-03-08,-0.009261488298054066,0.0,0.0,-0.0,-0.0002,0.04466178369089874,5.27051437831062
2017-03-09,-0.0053304536022801274,1.0,0.008445050204908195,-0.0053304536022801274,-0.009552978704734226,0.044235130622384135,5.242420145956885
2017-03-10,0.010174560263371157,1.0,0.007493138174037142,0.010174560263371157,0.010174560263371157,0.04468520362465968,5.295759465657834
2017-03-13,0.003075498922620268,0.0,0.00043689249096114373,0.0,-0.00021844624548057187,0.04467544230969933,5.312046568188921
2017-03-14,0.0008431395113910334,0.0,0.00037020057307014293,0.0,0.0,0.04467544230969933,5.31652536453691
2017-03-15,0.010186003387270492,0.0,0.0,0.0,0.0,0.04467544230969933,5.370679509908593
2017-03-16,-0.015162908228845029,0.0,0.001788514206984836,-0.0,-0.0,0.04467544230969933,5.2892443893733105
2017-03-17,0.0025406195167618773,1.0,0.01042496550049075,0.0025406195167618773,-0.002671863233483498,0.044556075637952434,5.302682346897876
2017-03-20,-0.00261086469336258,0.0,0.002124381991363312,-0.0,-0.001062190995681656,0.04450874857560689,5.288837760778243
2017-03-21,0.015089637679209122,1.0,0.007470578606759126,0.015089637679209122,0.011354348375829559,0.04501411641270654,5.368644406332506
2017-03-22,0.004247434050393295,0.0,0.0,0.0,-0.0002,0.045005113589424,5.391447369388416
2017-03-23,-0.0024169644840335014,0.0,0.009649379779649693,-0.0,-0.0,0.045005113589424,5.378416432579068
2017-03-24,0.00537515877157646,1.0,0.009172061473652383,0.00537515877157646,0.0007891280347502687,0.04504062838626454,5.407326274843837
2017-03-27,-0.01280104029210205,0.0,0.00495725344085542,-0.0,-0.00247862672042771,0.04492898948124149,5.3381068733270185
2017-03-28,0.0012199702250281774,1.0,0.0015744652300388737,0.0012199702250281774,0.00043273761000874056,0.04494843194476971,5.3446192047704955
2017-03-29,-0.005409002384803241,0.0,0.0,-0.0,-0.0002,0.04493944225838076,5.315710146746027
2017-03-30,-0.01853694915954396,1.0,0.0,-0.01853694915954396,-0.018736949159543957,0.04409741421352722,5.217173098008924
2017-03-31,0.001873125193113001,1.0,0.006748346542456549,0.001873125193113001,0.001873125193113001,0.044180014191041714,5.226945516375636
2017-04-03,0.0027266400444292405,0.0,0.0006698029631947822,0.0,-0.0003349014815973911,0.04416521823883214,5.241197515330636
2017-04-04,0.006370646188307072,0.0,0.0,0.0,0.0,0.04416521823883214,5.2745873303038415
2017-04-05,0.008491124790422244,0.0,0.0,0.0,0.0,0.04416521823883214,5.319374509543431
2017-04-06,-0.006736045202321295,0.0,0.005175057410159953,-0.0,-0.0,0.04416521823883214,5.283542962399071
2017-04-07,-0.006396252538908187,1.0,0.00402724514530858,-0.006396252538908187,-0.008409875111562477,0.043793794269168664,5.249748087311396
2017-04-10,0.0038781423309084406,1.0,0.0024030304914321164,0.0038781423309084406,0.0038781423309084406,0.04396363283655502,5.270107357595403
2017-04-11,-0.0008500723807800536,0.0,0.006037658838033445,-0.0,-0.0030188294190167226,0.04383091412838118,5.265627384886966
2017-04-12,0.009202071368981102,1.0,0.0031512312831773505,0.009202071368981102,0.0076264557273924265,0.044165188654472415,5.314082063885158
2017-04-13,0.001992299687917365,0.0,0.0,0.0,-0.0002,0.04415635561674152,5.324669307922603
2017-04-17,0.0010703887967298265,0.0,0.003708429910095786,0.0,0.0,0.04415635561674152,5.330368774296095
2017-04-18,0.007868049001770183,0.0,0.003454517766342727,0.0,0.0,0.04415635561674152,5.372308377009762
2017-04-19,-0.003334654680001381,0.0,0.006517595586190127,-0.0,-0.0,0.04415635561674152,5.354393583737957
2017-04-20,-0.004791218326029245,1.0,0.0,-0.004791218326029245,-0.004991218326029245,0.04393596160537658,5.328739515074778
2017-04-21,0.016429011156948503,1.0,0.0,0.016429011156948503,0.016429011156948503,0.04465778600878257,5.416285436020414
2017-04-24,-0.0020299980720810407,0.0,0.007868577531182756,-0.0,-0.003934288765591378,0.04448208938299203,5.405290387027452
2017-04-25,0.0012806877381656978,1.0,0.006379039924539426,0.0012806877381656978,-0.0019088322241040154,0.0443971805373823,5.4122128761473425
2017-04-26,-0.0006774167021977862,0.0,0.0,-0.0,-0.0002,0.04438830110127483,5.408546552749191
2017-04-27,0.005194704447917253,1.0,0.007146612823923829,0.005194704447917253,0.001621398035955339,0.04446027220549983,5.436642353583524
2017-04-28,0.00029975327334041957,0.0,0.005753718414006531,0.0,-0.0028768592070032655,0.04433236626205956,5.438272004924992
2017-05-01,-0.0038935338165442257,0.0,0.005851333384233608,-0.0,-0.0,0.04433236626205956,5.417097908970251
2017-05-02,0.007366615144974276,1.0,0.005061593983688024,0.007366615144974276,0.004835818153130264,0.04454674952360085,5.45700358446828
2017-05-03,-0.0049251753042504065,0.0,0.004911702249460817,-0.0,-0.0024558511247304085,0.044437349338680224,5.430126885178852
2017-05-04,0.0073489397838839565,1.0,0.006650977494039287,0.0073489397838839565,0.004023451036864313,0.04461614083795244,5.470032560676881
2017-05-05,-7.483930517293569e-05,0.0,0.0,-0.0,-0.0002,0.04460721760978485,5.469623187240766
2017-05-08,0.0046157226637761894,1.0,0.006327846285150577,0.0046157226637761894,0.0014517995212009012,0.04467197834695284,5.494869450948429
2017-05-09,-0.008743951875759715,0.0,0.0013851732813820498,-0.0,-0.0006925866406910249,0.044641039131536504,5.446822576905754
2017-05-10,0.0029902025081820494,1.0,0.004805150877174217,0.0029902025081820494,0.0005876270695949408,0.044667271414545046,5.46310967943684
2017-05-11,0.003503099359370543,0.0,0.004542337467997371,0.0,-0.0022711687339986857,0.0445658245042753,5.482247495455047
2017-05-12,0.0067586531474053135,0.0,0.0,0.0,0.0,0.0445658245042753,5.519300104745059
2017-05-15,0.004278914340224205,0.0,0.0,0.0,0.0,0.0445658245042753,5.542916717111254
2017-05-16,-0.0016894739519153212,0.0,0.0022798875501004734,-0.0,-0.0,0.0445658245042753,5.533552103700059
2017-05-17,0.004046803405839849,1.0,0.004411354882891704,0.004046803405839849,0.0018411259643939973,0.04464787580089475,5.555945301199705
2017-05-18,0.0035913647178871244,0.0,0.006507640278894945,0.0,-0.0032538201394474724,0.04450259964343024,5.575898727128944
2017-05-19,0.002555578379638046,0.0,0.01246329813324919,0.0,0.0,0.04450259964343024,5.590148373363046
2017-05-22,0.007720984527938901,0.0,0.0,0.0,0.0,0.04450259964343024,5.633309822462666
2017-05-23,0.004409212263295714,0.0,0.0,0.0,0.0,0.04450259964343024,5.658148281214812
2017-05-24,0.00856376834082151,0.0,0.0024742934597793993,0.0,0.0,0.04450259964343024,5.706603352333153
2017-05-25,0.011015514731089082,0.0,0.0,0.0,0.0,0.04450259964343024,5.769464525625262
2017-05-26,7.095518731348172e-05,0.0,0.0,0.0,0.0,0.04450259964343024,5.769873899061376
2017-05-30,-0.0004264484772764643,0.0,0.00418610675306079,-0.0,-0.0,0.04450259964343024,5.767413345123044
2017-05-31,0.005616971826959194,1.0,0.0,0.005616971826959194,0.005416971826959194,0.04474366897192515,5.799808743397029
2017-06-01,0.003252067809004444,0.0,0.007520975988080672,0.0,-0.003760487994040336,0.04457541094194691,5.818670114709813
2017-06-02,0.005708202130628948,0.0,0.0,0.0,0.0,0.04457541094194691,5.851884259856027
2017-06-05,-0.006025917697900951,0.0,0.00459579713214412,-0.0,-0.0,0.04457541094194691,5.816621286928492
2017-06-06,0.0004933336919743514,1.0,0.005644270282727742,0.0004933336919743514,-0.0023288014493895197,0.04447160366033817,5.8194908221827895
2017-06-07,0.00465053411504579,0.0,0.004311617601852706,0.0,-0.002155808800926353,0.044375731385775906,5.846554562783546
2017-06-08,-0.007925494848797232,0.0,0.0022846071398232603,-0.0,-0.0,0.044375731385775906,5.800217724712994
2017-06-09,-0.00855438840341427,1.0,0.0002922886090070061,-0.00855438840341427,-0.00875438840341427,0.043987248997539245,5.7506004094714305
2017-06-12,-0.00584688972768832,1.0,0.0,-0.00584688972768832,-0.00584688972768832,0.043730060403226266,5.716977283009252
2017-06-13,0.0038012554067630155,1.0,0.005797335873889831,0.0038012554067630155,0.0038012554067630155,0.043896289531772104,5.738708973816632
2017-06-14,0.008574330796186969,0.0,0.0,0.0,-0.0002,0.04388751027386575,5.787914562901182
2017-06-15,0.005101092343083868,0.0,0.009594888026602013,0.0,0.0,0.04388751027386575,5.8174392495604215
2017-06-16,0.0068373526601999135,0.0,0.0,0.0,0.0,0.04388751027386575,5.857215133288955
2017-06-19,-0.003150302226701429,0.0,0.006240341409655259,-0.0,-0.0,0.04388751027386575,5.838763135412286
2017-06-20,-0.003020031913521848,1.0,0.002153399970751705,-0.003020031913521848,-0.0040967318988977,0.0437077149105636,5.821129884407846
2017-06-21,-0.006339796693505928,1.0,0.0,-0.006339796693505928,-0.006339796693505928,0.04343061688409291,5.784225104414208
2017-06-22,0.0037572651090711506,1.0,0.009055947592471046,0.0037572651090711506,0.0037572651090711506,0.04359379722557695,5.805957971582037
2017-06-23,0.010947228255763886,0.0,0.0,0.0,-0.0002,0.043585078466131834,5.869517118740318
2017-06-26,0.007615305835454889,0.0,0.0,0.0,0.0,0.043585078466131834,5.914215286705963
2017-06-27,-0.013590174837185609,0.0,0.001064186862008392,-0.0,-0.0,0.043585078466131834,5.833840066934873
2017-06-28,-0.008786044334182397,1.0,0.0,-0.008786044334182397,-0.008986044334182397,0.043193421018726356,5.782583689468254
2017-06-29,-0.007445529993315936,1.0,0.0,-0.007445529993315936,-0.007445529993315936,0.04287182310701751,5.739529289169458
2017-06-30,0.0011431854654964102,1.0,0.0,0.0011431854654964102,0.0011431854654964102,0.04292083355207278,5.746090635631628
2017-07-03,-0.0036396446735044163,0.0,0.008475626835079738,-0.0,-0.004237813417539869,0.04273894306775382,5.725176907456178
2017-07-05,-0.005729777088124277,1.0,0.0,-0.005729777088124277,-0.005929777088124277,0.04248551066238,5.6923729199863775
2017-07-06,0.005402458236635654,1.0,0.009831343667547083,0.005402458236635654,0.005402458236635654,0.04271503685939565,5.72312572695396
2017-07-07,0.006520438685314378,0.0,0.0,0.0,-0.0002,0.04270649385202377,5.760443017344908
2017-07-10,0.003915045806798245,0.0,0.0,0.0,0.0,0.04270649385202377,5.7829954156252645
2017-07-11,-0.0019854869999827995,0.0,0.004040245764604166,-0.0,-0.0,0.04270649385202377,5.77151335340658
2017-07-12,0.00021333352175534337,1.0,0.0,0.00021333352175534337,1.333352175534336e-05,0.04270706327998864,5.772744610676121
2017-07-13,-0.001420742749039361,0.0,0.0,-0.0,-0.0002,0.042698521867332646,5.764543025628447
2017-07-14,0.007682627006492915,1.0,0.0,0.007682627006492915,0.007482627006492915,0.04301801898019448,5.80882985955723
2017-07-17,-0.004870829787396391,0.0,0.0,-0.0,-0.0002,0.04300941537639844,5.780536038047381
2017-07-18,0.003688843662830399,1.0,0.0021490902813550094,0.003688843662830399,0.002614298522152894,0.04312185482745562,5.801859531779095
2017-07-19,0.0021905056640836307,0.0,0.003665038065197867,0.0,-0.0018325190325989334,0.04304283320776334,5.814568537945674
2017-07-20,0.011847830177189378,0.0,0.0,0.0,0.0,0.04304283320776334,5.883458558536883
2017-07-21,0.006202853276517262,0.0,0.0034979035740500025,0.0,0.0,0.04304283320776334,5.919952788733957
2017-07-24,-0.008450322849268388,0.0,0.006766713821368925,-0.0,-0.0,0.04304283320776334,5.869927276416728
2017-07-25,-0.0002795644219302229,1.0,0.0,-0.0002795644219302229,-0.0004795644219302229,0.04302219139633782,5.868286253590925
2017-07-26,0.016630682867183166,1.0,0.001519714076149921,0.016630682867183166,0.016630682867183166,0.04373767981770157,5.965879861248245
2017-07-27,-0.00577379956301971,0.0,0.004677753875196438,-0.0,-0.002338876937598219,0.043635382767071886,5.931434066712342
2017-07-28,0.00324918274615138,1.0,0.0018324546456913663,0.00324918274615138,0.0023329554233056968,0.04373718216994635,5.950706379941838
2017-07-31,0.0066842289282842415,0.0,0.0,0.0,-0.0002,0.04372843473351236,5.990482263670371
2017-08-01,0.003286016510922085,0.0,0.0027687445202108263,0.0,0.0,0.04372843473351236,6.0101670872971775
2017-08-02,0.0011595603444063407,0.0,0.0044958619018052514,0.0,0.0,0.04372843473351236,6.017136238714864
2017-08-03,0.005451695631983444,0.0,0.0,0.0,0.0,0.04372843473351236,6.0499398340645145
2017-08-04,-0.005354470094254271,0.0,0.003169402225822826,-0.0,-0.0,0.04372843473351236,6.017545612150978
2017-08-07,0.002316863521327539,1.0,0.003132105857860188,0.002316863521327539,0.0007508105923974451,0.04376126650549924,6.031487444067695
2017-08-08,0.0017678112082688546,0.0,0.003971336843894169,0.0,-0.0019856684219470844,0.04367437114049486,6.04214997517385
2017-08-09,-0.0007460611301567388,0.0,0.0005019312338636062,-0.0,-0.0,0.04367437114049486,6.037642161934795
2017-08-10,0.0032595052070056862,1.0,0.007374726488944858,0.0032595052070056862,-0.00042785803746674296,0.043655684709771096,6.057321887999659
2017-08-11,-0.003656097895228805,0.0,0.0063414009815562595,-0.0,-0.0031707004907781298,0.04351726560883657,6.03517572619422
2017-08-14,0.005979674408762126,1.0,0.0,0.005979674408762126,0.005779674408762126,0.04376878123521527,6.071264112036526
2017-08-15,0.006686355568073843,0.0,0.0022648473880769442,0.0,-0.0011324236940384721,0.043719216430285326,6.111858742637288
2017-08-16,0.00623935831441913,0.0,0.0,0.0,0.0,0.043719216430285326,6.149992819299718
2017-08-17,-0.009134369849432056,0.0,0.007180332808859637,-0.0,-0.0,0.043719216430285326,6.093816510316883
2017-08-18,0.008882232812487567,1.0,0.010968282648316646,0.008882232812487567,0.003398091488329244,0.0438677783275135,6.147943207278098
2017-08-21,0.0034684584962692,0.0,0.00017254750156495951,0.0,-0.0002,0.043859004771847995,6.169267093129963
2017-08-22,0.002591796253301304,0.0,0.002208858594191997,0.0,0.0,0.043859004771847995,6.185256576467552
2017-08-23,-0.0014480266460740188,0.0,0.006091077235178134,-0.0,-0.0,0.043859004771847995,6.176300160132022
2017-08-24,-0.0022050607451952198,1.0,0.0051590546143390915,-0.0022050607451952198,-0.0047845880523647655,0.043649157501628,6.162681043098372
2017-08-25,0.005291128170814563,1.0,0.004625909386588803,0.005291128170814563,0.005291128170814563,0.04388011078851718,6.195288578373255
2017-08-28,0.005196505071532576,0.0,0.0,0.0,-0.0002,0.04387133476635948,6.227482426890379
2017-08-29,-0.0010606006321668415,0.0,0.003018501305103742,-0.0,-0.0,0.04387133476635948,6.2208775550916116
2017-08-30,-0.0006632955394179074,1.0,0.0029277816035806247,-0.0006632955394179074,-0.0021271863412082198,0.04377801226227391,6.216751274758054
2017-08-31,-0.0007304058230626076,1.0,0.0032281333773953778,-0.0007304058230626076,-0.0007304058230626076,0.04374603654719544,6.212210523426439
2017-09-01,-0.002325499191421665,1.0,0.0030290310202939733,-0.002325499191421665,-0.002325499191421665,0.043644305174577035,6.197764032877269
2017-09-05,0.0006664651369898689,1.0,5.398617060001502e-05,0.0006664651369898689,0.0006664651369898689,0.04367339258240404,6.2018946265324715
2017-09-06,-0.01337732841891337,0.0,0.004106180087405194,-0.0,-0.002053090043702597,0.043583727174918395,6.118929845293852
2017-09-07,0.00836438587987276,1.0,0.013379726240248397,0.00836438587987276,0.0016745227597485613,0.043656709118027465,6.17011093569176
2017-09-08,-0.00822795638024576,0.0,0.0,-0.0,-0.0002,0.04364797777620386,6.1193435320516105
2017-09-11,0.021179002379053458,1.0,0.0,0.021179002379053458,0.02097900237905346,0.04456366880581172,6.248945123275177
2017-09-12,-0.014993566261482738,0.0,0.020787036097504177,-0.0,-0.010393518048752088,0.044100495509759904,6.155251150504981
2017-09-13,-0.006369988329247733,1.0,0.0030245646075439743,-0.006369988329247733,-0.00788227063301972,0.04375288346910171,6.116042272512676
2017-09-14,0.009245534246547171,1.0,0.0045713245762722555,0.009245534246547171,0.009245534246547171,0.044157402251600475,6.172588350796522
2017-09-15,0.0036105665164105627,0.0,0.0,0.0,-0.0002,0.044148570771150156,6.194874891615494
2017-09-18,-0.011926263465753872,0.0,0.0,-0.0,-0.0,0.044148570771150156,6.120993181520704
2017-09-19,-0.002562204700399029,1.0,0.0043377059260614045,-0.002562204700399029,-0.004731057663429732,0.04393970133707384,6.105309944019901
2017-09-20,-0.00797739344603643,1.0,0.0,-0.00797739344603643,-0.00797739344603643,0.04358917705160667,6.056605484486455
2017-09-21,0.00027295463682985854,1.0,0.005288003698206949,0.00027295463682985854,0.00027295463682985854,0.043601074919598505,6.058258663036894
2017-09-22,-0.0028616170116697592,0.0,0.0015524590148604611,-0.0,-0.0007762295074302306,0.04356723047869023,6.0409222469856525
2017-09-25,0.0031429733514547475,1.0,0.005596415480428281,0.0031429733514547475,0.0003447656112406071,0.04358225096153628,6.059908704626139
2017-09-26,0.005993122652501182,0.0,0.0,0.0,-0.0002,0.04357353451134397,6.096226480755923
2017-09-27,-0.009816790339228554,0.0,0.0,-0.0,-0.0,0.04357353451134397,6.036381103533889
2017-09-28,0.005059823454437007,1.0,0.007693137924350176,0.005059823454437007,0.0012132544922619187,0.04362640029783359,6.06692412622147
2017-09-29,-0.002993322498780926,0.0,0.0024598179213468525,-0.0,-0.0012299089606734263,0.043572743797185357,6.0487638657360545
2017-10-02,0.0012964002107638262,1.0,0.004306536760724889,0.0012964002107638262,-0.0008568681695986183,0.043535407699963474,6.056605484486456
2017-10-03,0.001022414522015458,0.0,0.0,0.0,-0.0002,0.04352670061842348,6.062797845887913
2017-10-04,0.011437251375700175,0.0,0.0,0.0,0.0,0.04352670061842348,6.132139588891387
2017-10-05,-0.0054520853129663704,0.0,0.008222418920328734,-0.0,-0.0,0.04352670061842348,6.0987066407017325
2017-10-06,-0.0019626882206172924,1.0,0.0,-0.0019626882206172924,-0.0021626882206172925,0.04343256593571368,6.086736781017027
2017-10-09,0.0029157426395214348,1.0,0.0,0.0029157426395214348,0.0029157426395214348,0.043559204120156264,6.104484138984982
2017-10-10,0.007640212303630989,0.0,0.002261766641834322,0.0,-0.001130883320917161,0.043509943742744354,6.151123693810975
2017-10-11,0.005636510209772183,0.0,0.0,0.0,0.0,0.043509943742744354,6.185794565312712
2017-10-12,0.005538484866138171,0.0,0.004980735151352167,0.0,0.0,0.043509943742744354,6.220054494897736
2017-10-13,-0.0009957368969976121,0.0,0.0,-0.0,-0.0,0.043509943742744354,6.2138609571358305
2017-10-16,0.006443497307884183,1.0,0.004280705155764187,0.006443497307884183,0.004303144730002089,0.04369717332786364,6.2538999534847015
2017-10-17,0.007589533547625482,0.0,0.0,0.0,-0.0002,0.04368843389319806,6.301364136985167
2017-10-18,-0.0008518366198645433,0.0,0.004913872124992888,-0.0,-0.0,0.04368843389319806,6.295996404258181
2017-10-19,0.008719259874040652,1.0,0.0,0.008719259874040652,0.008519259874040652,0.04406062701502406,6.350892833072934
2017-10-20,0.001884443557547355,0.0,0.0018265523434759102,0.0,-0.0009132761717379551,0.044020387494259405,6.362860732156892
2017-10-23,0.0014272672380419849,0.0,0.0022192861432797865,0.0,0.0,0.044020387494259405,6.371942234820123
2017-10-24,-0.0010368016588826467,0.0,0.004988416314597695,-0.0,-0.0,0.044020387494259405,6.365335794540758
2017-10-25,-0.002334116053802626,1.0,0.0005812218658822233,-0.002334116053802626,-0.002624726986743738,0.04390484599523631,6.350478362074876
2017-10-26,-0.003054478489847301,1.0,0.0,-0.003054478489847301,-0.003054478489847301,0.0437707395875438,6.331080962517677
2017-10-27,0.015972296889191107,1.0,0.01376813461317733,0.015972296889191107,0.015972296889191107,0.04446985883529552,6.432202867280515
2017-10-30,-0.003080228532022722,0.0,0.0036955397946688093,-0.0,-0.0018477698973344047,0.044387688768800955,6.41239021248496
2017-10-31,-0.0018664321426985486,1.0,0.0,-0.0018664321426985486,-0.0020664321426985487,0.04429596462198901,6.400421921280852
2017-11-01,-0.010898261086282557,1.0,0.004379588962025446,-0.010898261086282557,-0.010898261086282557,0.04381321563446984,6.330668452120367
2017-11-02,-0.022949490099423264,1.0,0.0,-0.022949490099423264,-0.022949490099423264,0.04280772467604268,6.185382839155699
2017-11-03,0.018616978620092484,1.0,0.015499900429665113,0.018616978620092484,0.018616978620092484,0.04360467517111137,6.300535979229348
2017-11-06,-0.0051749232987992055,0.0,0.004543052984552209,-0.0,-0.0022715264922761047,0.0435056259962731,6.267931188795512
2017-11-07,0.023903451302027756,1.0,4.404155435547745e-05,0.023903451302027756,0.023703451302027757,0.044536859483439994,6.417756376731346
2017-11-08,-0.003665955450942726,0.0,0.006326335456047841,-0.0,-0.0031631677280239204,0.04439598192681444,6.394229167759246
2017-11-09,0.0021305207989470443,1.0,0.008457127506341188,0.0021305207989470443,-0.0020980429542235496,0.04430283724973705,6.4078522059943905
2017-11-10,-0.0005799326416527917,0.0,0.006523639603333778,-0.0,-0.003261819801666889,0.04415832937792583,6.404136083337248
2017-11-13,0.010441048645622342,1.0,0.0,0.010441048645622342,0.010241048645622341,0.044610556977194585,6.471001979716557
2017-11-14,0.010332493061699477,0.0,0.0,0.0,-0.0002,0.04460163486579915,6.537863562774222
2017-11-15,-0.006565120742599184,0.0,0.0028670862144149793,-0.0,-0.0,0.04460163486579915,6.494941699085969
2017-11-16,-0.0004447690642136459,1.0,0.0,-0.0004447690642136459,-0.0006447690642136459,0.04457287711142433,6.492052949944345
2017-11-17,-0.00794737466768658,1.0,0.00202803876934383,-0.00794737466768658,-0.00794737466768658,0.04421863975700309,6.440458172788677
2017-11-20,-0.0007689026518952202,1.0,0.0,-0.0007689026518952202,-0.0007689026518952202,0.04418463992763073,6.4355060874202
2017-11-21,0.001859971775662439,1.0,0.002905872623805239,0.001859971775662439,0.001859971775662439,0.044266822110813925,6.4474759471049055
2017-11-22,-0.0003029933885771996,0.0,0.0061656057542699505,-0.0,-0.0030828028771349753,0.04413035622424908,6.445522404519922
2017-11-24,0.005477313292477026,1.0,0.0,0.005477313292477026,0.005277313292477027,0.044363245939753056,6.480826550063157
2017-11-27,0.006216731895722694,0.0,0.0,0.0,-0.0002,0.04435437329056511,6.521116111187581
2017-11-28,0.005032289355826114,0.0,0.0,0.0,0.0,0.04435437329056511,6.553932254382016
2017-11-29,-0.00012689890662320735,0.0,0.005045351027571034,-0.0,-0.0,0.04435437329056511,6.553100567544853
2017-11-30,0.0017114079482305478,1.0,0.0,0.0017114079482305478,0.0015114079482305477,0.044421410842895255,6.564315595941703
2017-12-01,-0.003607164677527197,0.0,0.005883968461431926,-0.0,-0.002941984230715963,0.0442907237526893,6.540637028591881
2017-12-04,-0.009525373398114434,1.0,0.00021910072475587726,-0.009525373398114434,-0.009725373398114434,0.04385997992612166,6.47833501863301
2017-12-05,-0.002115874530704276,1.0,0.0,-0.002115874530704276,-0.002115874530704276,0.043767177711678776,6.464627674565715
2017-12-06,0.01375028933036937,1.0,0.0,0.01375028933036937,0.01375028933036937,0.04436898906838805,6.553518175504107
2017-12-07,0.00253430914646513,0.0,0.0038625410009257757,0.0,-0.0019312705004628878,0.04428330054866491,6.570126816557813
2017-12-08,0.005373911872667669,0.0,0.0,0.0,0.0,0.04428330054866491,6.605434099062244
2017-12-11,0.0013836390323929137,0.0,0.008510598836711765,0.0,0.0,0.04428330054866491,6.614573635507606
2017-12-12,-0.013689165439841333,0.0,0.009589381923489232,-0.0,-0.0,0.04428330054866491,6.524025642697129
2017-12-13,-0.003820211334139123,1.0,0.0,-0.003820211334139123,-0.004020211334139123,0.04410527232188608,6.499102485992683
2017-12-14,0.009650625189186357,1.0,0.009711603558928961,0.009650625189186357,0.009650625189186357,0.0445309157739316,6.561822888151108
2017-12-15,0.00284859492960976,0.0,0.006416725654845602,0.0,-0.003208362827422801,0.04438804443909142,6.5805148635592925
2017-12-18,-0.01312921719635296,0.0,0.007540174299869266,-0.0,-0.0,0.04438804443909142,6.494117854651794
2017-12-19,-0.014390560401015606,1.0,0.0,-0.014390560401015606,-0.014590560401015607,0.04374039799561989,6.400663859413114
2017-12-20,-0.0029851951401013155,1.0,0.0,-0.0029851951401013155,-0.0029851951401013155,0.04360982437209727,6.381556628766572
2017-12-21,0.005467451428440739,1.0,0.008159806969275757,0.005467451428440739,0.005467451428440739,0.04384825896865454,6.416447479672197
2017-12-22,0.00038848721173057044,0.0,0.001738969031322158,0.0,-0.000869484515661079,0.0438101335864426,6.41894018746279
2017-12-26,-0.003494477340326707,0.0,0.005460096300059469,-0.0,-0.0,0.0438101335864426,6.396509346428789
2017-12-27,0.008376456371892438,1.0,0.007388780982871614,0.008376456371892438,0.00468206588045663,0.044015255518125934,6.450089427901552
2017-12-28,0.006826018033142978,0.0,0.0,0.0,-0.0002,0.04400645246702231,6.494117854651792
2017-12-29,-0.0010231529643570658,0.0,0.0,-0.0,-0.0,0.04400645246702231,6.487473378717921
2018-01-02,-0.0070430205469987905,1.0,0.0,-0.0070430205469987905,-0.00724302054699879,0.04368771282760314,6.441781970413502
2018-01-03,-0.021212823262021674,1.0,0.0,-0.021212823262021674,-0.021212823262021674,0.04276097309666924,6.305133587982643
2018-01-04,-0.005138810701462937,1.0,0.0,-0.005138810701462937,-0.005138810701462937,0.04254123255051511,6.272732700026564
2018-01-05,0.004569116418700947,1.0,0.0051033172709061434,0.004569116418700947,0.004569116418700947,0.042735608394633445,6.301393545996378
2018-01-08,0.00823942265796429,0.0,0.0,0.0,-0.0002,0.04272706127295452,6.353313390756011
2018-01-09,-0.007322095290926756,0.0,0.00935511517846411,-0.0,-0.0,0.04272706127295452,6.306793824695774
2018-01-10,-0.008232554062061137,1.0,0.0,-0.008232554062061137,-0.008432554062061138,0.04236676301885733,6.254872803575693
2018-01-11,-0.0005976897729286224,1.0,0.002046153709932334,-0.0005976897729286224,-0.0005976897729286224,0.042341440837888863,6.251134330070026
2018-01-12,-0.0011959062557532762,1.0,0.005924863478719527,-0.0011959062557532762,-0.0011959062557532762,0.04229080444391323,6.243658559419141
2018-01-16,0.0014633086350281932,1.0,0.00944745132004542,0.0014633086350281932,0.0014633086350281932,0.04235268894323829,6.252794958903307
2018-01-17,0.008901413008305381,0.0,0.0,0.0,-0.0002,0.04234421840544965,6.308453669288755
2018-01-18,-0.007242326189299431,0.0,0.005033891503861752,-0.0,-0.0,0.04234421840544965,6.262765790065683
2018-01-19,-0.004111999663401478,1.0,0.0024141668406859823,-0.004111999663401478,-0.0053190830837444684,0.04211898598963484,6.23701329924497
2018-01-22,-0.0009328001047160805,1.0,0.007343036956959745,-0.0009328001047160805,-0.0009328001047160805,0.04207969739509317,6.231195412586319
2018-01-23,0.01799807136551701,1.0,0.0005859108870805143,0.01799807136551701,0.01799807136551701,0.04283705079184942,6.34334491231453
2018-01-24,-0.012244696867981575,0.0,0.010765490889426516,-0.0,-0.005382745444713258,0.04260646985183464,6.265672576734185
2018-01-25,0.014849338451980776,1.0,0.010100397907019961,0.014849338451980776,0.009799139498470794,0.04302397659345016,6.358713669455406
2018-01-26,0.030047536302809652,0.0,0.0,0.0,-0.0002,0.043015371798131474,6.549777349277539
2018-01-29,-0.012746912382892828,0.0,0.005393227269205344,-0.0,-0.0,0.043015371798131474,6.466287911278842
2018-01-30,-0.0037251574808354615,0.0,0.0,-0.0,-0.0,0.043015371798131474,6.442199970492906
2018-01-31,0.02140537050369251,0.0,0.0033142062928046448,0.0,0.0,0.043015371798131474,6.580097647720184
2018-02-01,-0.013129632520937573,-1.0,0.011206604819536883,0.013129632520937573,0.0075263301111691315,0.04333911968613889,6.493703383653732
2018-02-02,-0.0026860913690135435,1.0,0.0007720812990544107,-0.0026860913690135435,-0.003458172668067954,0.04318924552698216,6.476260703041966
2018-02-05,-0.010454643073318337,1.0,0.008952503617859849,-0.010454643073318337,-0.010454643073318337,0.04273771738039165,6.408553708941905
2018-02-06,-0.030656336996435662,1.0,0.0,-0.030656336996435662,-0.030656336996435662,0.041427535513919936,6.212090926780824
2018-02-07,-0.009828614063033037,1.0,0.009726387708545224,-0.009828614063033037,-0.009828614063033037,0.04102036025577102,6.151034682537026
2018-02-08,-0.018907657978554537,0.0,0.0,-0.0,-0.0002,0.04101215618371987,6.03473302254539
2018-02-09,0.01934105305974465,0.0,0.0251042394857062,0.0,0.0,0.04101215618371987,6.151451114135833
2018-02-12,0.012828993268534594,-1.0,0.0,-0.012828993268534594,-0.013028993268534595,0.040477809076874094,6.230368039070801
2018-02-13,0.007133458863110009,-1.0,0.009988136210367484,-0.007133458863110009,-0.007133458863110009,0.04018906229095539,6.274812113179548
2018-02-14,-0.006553633112904134,-1.0,0.014946698080076945,0.006553633112904134,0.006553633112904134,0.04045244666036196,6.233689296737363
2018-02-15,0.028984432418994954,0.0,0.0,0.0,-0.0002,0.04044435617102989,6.414369242879659
2018-02-16,0.01049016904271638,-1.0,0.0,-0.01049016904271638,-0.01069016904271638,0.040011999166737755,6.481657060539868
2018-02-20,-0.014353917624882029,-1.0,0.012747731140162819,0.014353917624882029,0.014353917624882029,0.04058632810678396,6.388619889020143
2018-02-21,-0.013328581864570088,0.0,0.0013326637769420907,-0.0,-0.0006663318884710454,0.04055928414213046,6.303468645827717
2018-02-22,0.00362443119434408,0.0,0.005172408125479193,0.0,0.0,0.04055928414213046,6.326315134220225
2018-02-23,0.025933681071085513,-1.0,0.0,-0.025933681071085513,-0.02613368107108551,0.03949932074588849,6.490379773266274
2018-02-26,-0.0032226282015884733,-1.0,0.0,0.0032226282015884733,0.0032226282015884733,0.03962661237086778,6.469463692369927
2018-02-27,-0.01920432771670111,0.0,0.0,-0.0,-0.0002,0.03961868704839361,6.345221991470356
2018-02-28,0.003098413275975931,0.0,0.006115676409589286,0.0,0.0,0.03961868704839361,6.364882111527742
2018-03-01,0.0070983378541444875,-1.0,0.005548454574031774,-0.0070983378541444875,-0.009872565141160375,0.03922754897970109,6.410062195157167
2018-03-02,-0.002480242933509902,-1.0,0.012469125760320722,0.002480242933509902,0.002480242933509902,0.03932484283085692,6.394163683694269
2018-03-05,0.014197157919189296,0.0,0.010008156736404168,0.0,-0.005004078368202084,0.03912805823551408,6.484942635272822
2018-03-06,-0.011353807849873387,-1.0,0.0104240703207174,0.011353807849873387,0.006141772689514688,0.039368373874978706,6.411313842674483
2018-03-07,-0.0013696928530289032,0.0,0.0,-0.0,-0.0002,0.03936050020020371,6.402532311925646
2018-03-08,0.008232736113320982,0.0,0.0,0.0,0.0,0.03936050020020371,6.455242670906741
2018-03-09,0.0032401695741997028,-1.0,0.006591913375637964,-0.0032401695741997028,-0.006536126262018684,0.03910323500115896,6.476158751803089
2018-03-12,-0.00271322811781316,-1.0,0.007147182427456738,0.00271322811781316,0.00271322811781316,0.03920933099786156,6.458587455782275
2018-03-13,0.0018135576961606503,0.0,0.0,0.0,-0.0002,0.039201489131661986,6.470300476769035
2018-03-14,0.02159475676680378,0.0,0.0,0.0,0.0,0.039201489131661986,6.610025041772997
2018-03-15,0.0008223220757113126,0.0,0.0030944513315752328,0.0,0.0,0.039201489131661986,6.615460611285852
2018-03-16,0.01833832770118482,0.0,0.0,0.0,0.0,0.039201489131661986,6.7367770958698925
2018-03-19,-0.006892509424989757,0.0,0.015762023383506137,-0.0,-0.0,0.039201489131661986,6.690343796242554
2018-03-20,0.0030636548854194867,1.0,0.0037261257913167147,0.0030636548854194867,0.0012005919897611294,0.039248554125500164,6.710840700699048
2018-03-21,-0.0021191701930660667,0.0,0.0021907071663205893,-0.0,-0.0010953535831602947,0.03920556308110494,6.696619287115713
2018-03-22,0.011306490733270724,1.0,0.006418144753453317,0.011306490733270724,0.008097418356544065,0.03952302692727653,6.772334551029728
2018-03-23,-0.014824906621303757,0.0,0.017784911251579757,-0.0,-0.008892455625789879,0.039171570164128824,6.671935323702484
2018-03-26,0.012163952947946921,1.0,0.007687736898910849,0.012163952947946921,0.008320084498491497,0.03949748093783296,6.753092431051746
2018-03-27,0.0071855774225499935,0.0,0.0,0.0,-0.0002,0.03948958144164539,6.801617299556705
2018-03-28,-0.001967859789038795,0.0,0.006733690975323419,-0.0,-0.0,0.03948958144164539,6.7882326703724765
2018-03-29,0.0065322620987273705,1.0,0.0,0.0065322620987273705,0.006332262098727371,0.03973963982150293,6.832575185362494
2018-04-02,-0.005877748928561077,0.0,0.0037891264029997376,-0.0,-0.0018945632014998688,0.03966435056225625,6.792415023887417
2018-04-03,-0.002278683868405351,1.0,0.006760325828347598,-0.002278683868405351,-0.00565884678257915,0.039439896079693934,6.77693725734497
2018-04-04,0.0020370532381079887,1.0,0.008830770015932118,0.0020370532381079887,0.0020370532381079887,0.03952023724771372,6.7907422393295
2018-04-05,0.010287322784240827,0.0,0.005004855422927569,0.0,-0.0025024277114637844,0.03942134071086142,6.860600796690061
2018-04-06,-0.007621668056494668,0.0,0.007009531975905713,-0.0,-0.0,0.03942134071086142,6.808311574749567
2018-04-09,-0.0038095194213842998,1.0,0.00033719171651455795,-0.0038095194213842998,-0.004009519421384299,0.03926328007966421,6.782375179578723
2018-04-10,-0.0020351887264350443,1.0,0.003761722458734731,-0.0020351887264350443,-0.0020351887264350443,0.03918337189468322,6.768571766074791
2018-04-11,-0.004697397221117949,1.0,0.0,-0.004697397221117949,-0.004697397221117949,0.0389993120324311,6.736777095869893
2018-04-12,-0.012233016829070853,1.0,0.0049478167150130885,-0.012233016829070853,-0.012233016829070853,0.038522232792016185,6.654365988282418
2018-04-13,0.007229487039120741,1.0,0.0045077706245252236,0.007229487039120741,0.007229487039120741,0.03880072877470406,6.702473640948272
2018-04-16,0.011858836425024943,0.0,0.0,0.0,-0.0002,0.03879296862894912,6.781957179499319
2018-04-17,0.006785305635360617,0.0,0.003538266769874279,0.0,0.0,0.03879296862894912,6.82797483176815
2018-04-18,-0.0022060572564145398,0.0,0.0,-0.0,-0.0,0.03879296862894912,6.812911928343912
2018-04-19,-0.0019648276398723796,1.0,0.0,-0.0019648276398723796,-0.0021648276398723797,0.03870898853822847,6.799525730679085
2018-04-20,-0.010766409613980343,1.0,0.008821477893301413,-0.010766409613980343,-0.010766409613980343,0.03829223171188303,6.7263192514817955
2018-04-23,0.0021151097254705764,1.0,0.0031040555662922797,0.0021151097254705764,0.0021151097254705764,0.03837322398358681,6.740546154747225
2018-04-24,0.006453867777327815,0.0,0.0024299198685460276,0.0,-0.0012149599342730138,0.03832660205389787,6.784048748376939
2018-04-25,-0.011346432888286295,0.0,0.013195023465314305,-0.0,-0.0,0.03832660205389787,6.707073994542617
2018-04-26,0.017963429806181264,1.0,0.005771045213730813,0.017963429806181264,0.015077907199315857,0.03890448700293165,6.827556047448447
2018-04-27,0.004595248605292701,0.0,0.001133278823555312,0.0,-0.000566639411777656,0.038882442187300796,6.858930364853043
2018-04-30,-0.0003051696469967835,0.0,0.0,-0.0,-0.0,0.038882442187300796,6.856837227494825
2018-05-01,-0.0042092869888964435,1.0,0.0,-0.0042092869888964435,-0.004409286988896443,0.03871099834086782,6.827974831768151
2018-05-02,0.0014090649462015215,1.0,0.003640337097659335,0.0014090649462015215,0.0014090649462015215,0.0387655446516624,6.837595891757141
2018-05-03,-0.0023860068947949564,0.0,0.003729312980554356,-0.0,-0.001864656490277178,0.03869326022722854,6.821281340815587
2018-05-04,0.006316662274826301,1.0,0.0,0.006316662274826301,0.006116662274826302,0.038929933832350466,6.8643690713270935
2018-05-07,-0.00450993900300356,0.0,0.004124188380861213,-0.0,-0.0020620941904306066,0.03884965664196093,6.833411185521304
2018-05-08,-0.021058563146596376,1.0,0.0,-0.021058563146596376,-0.021258563146596375,0.03802376876301422,6.689509364564346
2018-05-09,-0.010131392745280299,1.0,0.0,-0.010131392745280299,-0.010131392745280299,0.037638535028020406,6.621735317918714
2018-05-10,0.012256287467417248,1.0,0.008715446693115702,0.012256287467417248,0.012256287467417248,0.03809984373317628,6.702893209508275
2018-05-11,0.003182641278700604,0.0,0.0,0.0,-0.0002,0.038092223764429646,6.724226114123578
2018-05-14,-0.0033589174768791086,0.0,0.004154500019431477,-0.0,-0.0,0.038092223764429646,6.701639993510361
2018-05-15,-0.008427466923397686,1.0,0.0,-0.008427466923397686,-0.008627466923397687,0.037763584363863366,6.6451621441325335
2018-05-16,-0.010575774115980985,1.0,0.0012281276006873192,-0.010575774115980985,-0.010575774115980985,0.03736420522582135,6.57488441033212
2018-05-17,-0.004772081747306145,1.0,0.0,-0.004772081747306145,-0.004772081747306145,0.03718590018406061,6.543508524446927
2018-05-18,0.00019199989644946847,1.0,0.0029213108349689463,0.00019199989644946847,0.00019199989644946847,0.03719303987304533,6.5447648774060365
2018-05-21,0.024096933426390965,0.0,0.0,0.0,-0.0002,0.03718560126507072,6.702473640948272
2018-05-22,-0.0049308169212635145,0.0,0.0,-0.0,-0.0,0.03718560126507072,6.669424970505161
2018-05-23,0.005331765187852389,1.0,0.007085788037444133,0.005331765187852389,0.0017888711691303222,0.03725212151508058,6.704984778385894
2018-05-24,0.005739763096901163,0.0,0.0,0.0,-0.0002,0.037244671090777566,6.743469802582157
2018-05-25,0.007568444127033169,0.0,0.0,0.0,0.0,0.037244671090777566,6.794507377005336
2018-05-29,0.00806527568477966,0.0,0.00019796957376238435,0.0,0.0,0.037244671090777566,6.849306952143153
2018-05-30,0.009405767371478024,0.0,0.0,0.0,0.0,0.037244671090777566,6.9137299399908585
2018-05-31,0.003267644309424611,0.0,0.0,0.0,0.0,0.037244671090777566,6.936321550286168
2018-06-01,-0.016464664805953655,0.0,0.0,-0.0,-0.0,0.037244671090777566,6.822117340974393
2018-06-04,-0.004939410374555142,1.0,0.0074084725358230285,-0.004939410374555142,-0.008643646642466656,0.03692274131455399,6.7884201038039516
2018-06-05,-0.011602757194220104,1.0,0.0,-0.011602757194220104,-0.011602757194220104,0.03649433571213622,6.709655713607152
2018-06-06,-0.019899570013226398,1.0,0.0,-0.019899570013226398,-0.019899570013226398,0.03576811412354638,6.576136449969582
2018-06-07,0.0016012433099166223,1.0,0.0033562689696935866,0.0016012433099166223,0.0016012433099166223,0.03582538757699504,6.586666444465195
2018-06-08,0.0026858643618257183,0.0,0.004432999367060775,0.0,-0.0022164996835303875,0.03574598061676828,6.604357337131617
2018-06-11,-0.008928741065559187,0.0,0.0016522775907572389,-0.0,-0.0,0.03574598061676828,6.545388740563943
2018-06-12,0.012934703321962004,1.0,0.009531328411054142,0.012934703321962004,0.008169039116434934,0.03603799093068198,6.630051402050047
2018-06-13,-0.0017152609968149601,0.0,0.0,-0.0,-0.0002,0.03603078333249585,6.618679133473233
2018-06-14,0.01069102041019443,1.0,0.009195112809206067,0.01069102041019443,0.006093464005591396,0.03625033561382567,6.689439567177723
2018-06-15,0.004533265242910867,0.0,0.009664448125505922,0.0,-0.004832224062752961,0.03607516586978967,6.7197645710621625
2018-06-18,0.005453228580678315,0.0,0.0,0.0,0.0,0.03607516586978967,6.756408983276509
2018-06-19,0.016146293516549948,0.0,0.0,0.0,0.0,0.03607516586978967,6.865499945838346
2018-06-20,-0.0018406887013194817,0.0,0.0,-0.0,-0.0,0.03607516586978967,6.852862697659132
2018-06-21,0.004118230971120296,1.0,0.0010768394938820993,0.004118230971120296,0.003579811224179246,0.036204308153484466,6.881084369061467
2018-06-22,0.00569271013074224,0.0,0.008513681260928933,0.0,-0.004256840630464467,0.03605019218353885,6.920256387759715
2018-06-25,0.01278128337076656,0.0,0.0,0.0,0.0,0.03605019218353885,7.00870614565003
2018-06-26,0.002223804419791753,0.0,0.0,0.0,0.0,0.03605019218353885,7.024292137353748
2018-06-27,0.007854916219623309,0.0,0.0041837798924865555,0.0,0.0,0.03605019218353885,7.07946736359482
2018-06-28,-0.007555970500597864,0.0,0.006441170982700439,-0.0,-0.0,0.03605019218353885,7.025975117035553
2018-06-29,0.0013190151487501023,1.0,0.0015782441257730015,0.0013190151487501023,0.0005298930858636015,0.03606929493112097,7.035242484649664
2018-07-02,0.011853938132874609,0.0,0.0,0.0,-0.0002,0.036062081072134745,7.118637813812472
2018-07-03,-0.0026625205613282077,0.0,0.007244108861043853,-0.0,-0.0,0.036062081072134745,7.099684294264548
2018-07-05,-0.00011830404360124724,1.0,0.004535362903542623,-0.00011830404360124724,-0.0023859854953725587,0.03597603746976368,7.098844372904244
2018-07-06,0.010501803273001764,1.0,0.0,0.010501803273001764,0.010501803273001764,0.03635385073781328,7.17339503997414
2018-07-09,-0.029299650648003994,0.0,0.0013323859164833564,-0.0,-0.0006661929582416782,0.03632963205844678,6.963217071342773
2018-07-10,0.012823725553509746,1.0,0.007691766538493914,0.012823725553509746,0.00897784228426279,0.03665579376531281,7.0525114560351865
2018-07-11,0.0057928603724271,0.0,0.0,0.0,-0.0002,0.036648462606559754,7.093365670174941
2018-07-12,0.0004752961009577561,0.0,0.009750493266329678,0.0,0.0,0.036648462606559754,7.096737119220642
2018-07-13,0.006113145854981239,0.0,0.003266296809258531,0.0,0.0,0.036648462606559754,7.140120508324897
2018-07-16,-0.00011796356661197827,0.0,0.00034255503996045777,-0.0,-0.0,0.036648462606559754,7.139278234243696
2018-07-17,0.00418864006453834,1.0,0.0,0.00418864006453834,0.003988640064538341,0.03679464013281601,7.169182101087535
2018-07-18,-0.004641219450109313,0.0,1.9562098190325272e-05,-0.0,-0.0002,0.03678728120478945,7.135908353678592
2018-07-19,0.004898927205717829,1.0,0.0,0.004898927205717829,0.004698927205717829,0.036960141961267026,7.170866649249937
2018-07-20,-0.0016442995628361823,0.0,0.0,-0.0,-0.0002,0.03695274993287477,7.159075596353419
2018-07-23,-0.006707325355834737,1.0,0.00966641138475687,-0.006707325355834737,-0.011540531048213173,0.036526295574957575,7.11105734708166
2018-07-24,0.00817385533105397,1.0,0.006651948439682075,0.00817385533105397,0.00817385533105397,0.036824856230766596,7.169182101087534
2018-07-25,-0.014452451949409473,0.0,0.014394742732143032,-0.0,-0.007197371366071516,0.03655981406497157,7.065569841255
2018-07-26,0.002443768733812135,1.0,0.008792692671673987,0.002443768733812135,-0.0019525776020248584,0.036488428190894116,7.0828364599196245
2018-07-27,-0.007016914869375501,0.0,0.0,-0.0,-0.0002,0.03648113050525594,7.03313679944666
2018-07-30,-0.004491926875391128,1.0,0.0,-0.004491926875391128,-0.0046919268753911276,0.036309963708593684,7.001544463238923
2018-07-31,0.00788054846628028,1.0,0.00451383831815099,0.00788054846628028,0.00788054846628028,0.03659610613740814,7.0567204737202935
2018-08-01,0.002149105800618667,0.0,0.0075275260057695165,0.0,-0.0037637630028847582,0.036458367067078515,7.0718861126237105
2018-08-02,0.009231717131324313,0.0,0.0,0.0,0.0,0.036458367067078515,7.137171764800393
2018-08-03,0.010032364379799263,0.0,0.0,0.0,0.0,0.036458367067078515,7.208774472586086
2018-08-06,-0.0008180984259438251,0.0,0.0028847083885027583,-0.0,-0.0,0.036458367067078515,7.202876985537079
2018-08-07,-0.002221997690028288,1.0,0.0,-0.002221997690028288,-0.002421997690028288,0.036370064986259845,7.186872209513658
2018-08-08,-0.0032234409850591117,1.0,0.0066591513971571885,-0.0032234409850591117,-0.0032234409850591117,0.03625282822815387,7.16370575107913
2018-08-09,0.004527739644296647,1.0,0.00609057274167652,0.004527739644296647,0.004527739644296647,0.03641697159574036,7.196141145608367
2018-08-10,0.0004677450449486198,0.0,0.0,0.0,-0.0002,0.03640968820142121,7.1995071049719765
2018-08-13,0.0021649782015289443,0.0,0.0055358428483299575,0.0,0.0,0.03640968820142121,7.215093880915994
2018-08-14,0.0037359352163985893,0.0,0.004626459804169744,0.0,0.0,0.03640968820142121,7.24204900423533
2018-08-15,0.004827127730135716,0.0,0.0,0.0,0.0,0.03640968820142121,7.277007299806677
2018-08-16,0.011692033659038259,0.0,0.0072972217092336054,0.0,0.0,0.03640968820142121,7.362090314093083
2018-08-17,0.0021740510617047626,0.0,0.0,0.0,0.0,0.03640968820142121,7.378095874356804
2018-08-20,-0.0049668615478840605,0.0,0.009585217062947262,-0.0,-0.0,0.03640968820142121,7.341449893661859
2018-08-21,-0.009581011032209985,1.0,0.0,-0.009581011032209985,-0.009781011032209986,0.036053564639443786,7.271111381238268
2018-08-22,-0.005328891062806762,1.0,0.0,-0.005328891062806762,-0.005328891062806762,0.03586143912105433,7.2323644207821145
2018-08-23,-0.0004661613892151806,1.0,0.007943600335071245,-0.0004661613892151806,-0.0004661613892151806,0.0358447219027744,7.228992971736412
2018-08-24,0.006234222830560299,1.0,0.0061530666568373514,0.006234222830560299,0.006234222830560299,0.03606818588641576,7.274060124762771
2018-08-27,-0.0071802568004575296,0.0,0.006354408212806454,-0.0,-0.003177204106403227,0.03595358989810693,7.2218305050850065
2018-08-28,-0.005248951643099131,1.0,0.0,-0.005248951643099131,-0.005448951643099131,0.03575768052535633,7.183923465989157
2018-08-29,0.006373548637826465,1.0,0.0,0.006373548637826465,0.006373548637826465,0.035985583841360545,7.2297105516100615
2018-08-30,0.0017593502976109843,0.0,0.0,0.0,-0.0002,0.035978386724592276,7.242430145020678
2018-08-31,-0.004273216904063348,0.0,0.004251162624000744,-0.0,-0.0,0.035978386724592276,7.211481670098477
2018-09-04,-0.00041172312544179857,1.0,0.003724061706283587,-0.00041172312544179857,-0.002273753978583592,0.03589658072463422,7.208512536326198
2018-09-05,0.009351465896349609,1.0,0.0006248487114287657,0.009351465896349609,0.009351465896349609,0.0362322663750762,7.275922695473062
2018-09-06,0.012819166881339772,0.0,0.0,0.0,-0.0002,0.03622501992180118,7.369193962722059
2018-09-07,-0.009895279165809123,0.0,0.0,-0.0,-0.0,0.03622501992180118,7.296273731233929
2018-09-10,-0.0004066159193948371,1.0,0.005689041289797144,-0.0004066159193948371,-0.0032511365642934093,0.036107247434991156,7.293306950182546
2018-09-11,0.0006971089923404339,1.0,0.0018100758879973275,0.0006971089923404339,0.0006971089923404339,0.03613241812186675,7.298391180041418
2018-09-12,0.0020335642874949045,0.0,0.002586011361091189,0.0,-0.0012930056805455946,0.03608569869998333,7.313232927701318
2018-09-13,0.012173942883002109,0.0,0.001516298066963306,0.0,0.0,0.03608569869998333,7.402263807653243
2018-09-14,-0.005441386960377215,0.0,0.012086561592187092,-0.0,-0.0,0.03608569869998333,7.361985225893007
2018-09-17,0.0012095988137303948,1.0,0.0071595617741557795,0.0012095988137303948,-0.002370182073347495,0.03600016902382041,7.370890274488948
2018-09-18,-0.00241595571333042,0.0,0.004908266802450151,-0.0,-0.0024541334012250756,0.0359118198065693,7.353082530017965
2018-09-19,-0.02461951493900738,1.0,0.0,-0.02461951493900738,-0.02481951493900738,0.03502050585839322,7.172053204822434
2018-09-20,0.0005911282216815028,1.0,0.0,0.0005911282216815028,0.0005911282216815028,0.035041207467743675,7.176292807879205
2018-09-21,0.008802235474497433,0.0,0.0,0.0,-0.0002,0.035034199226250125,7.2394602270081005
2018-09-24,-0.011419130130332245,0.0,0.00826870999847215,-0.0,-0.0,0.035034199226250125,7.15679188860253
2018-09-25,-0.011610863484964096,1.0,0.0,-0.011610863484964096,-0.011810863484964096,0.03462041508188385,7.073695354993668
2018-09-26,-0.014384233984633399,1.0,0.0,-0.014384233984633399,-0.014384233984633399,0.0341224269307009,6.9719456658714245
2018-09-27,0.006932459308780947,1.0,0.01105460146184626,0.006932459308780947,0.006932459308780947,0.034358979266914835,7.02027839550311
2018-09-28,0.012137704007498806,0.0,0.0,0.0,-0.0002,0.034352107471061454,7.105488456717965
2018-10-01,-0.0036392649905423458,0.0,0.00515706389087963,-0.0,-0.0,0.034352107471061454,7.079629701336729
2018-10-02,0.014072754055914238,1.0,0.0,0.014072754055914238,0.013872754055914238,0.03482866580930982,7.179259588930586
2018-10-03,-0.006495664986930327,0.0,0.007457793048775247,-0.0,-0.0037288965243876234,0.03469879331842443,7.132625523786686
2018-10-04,0.006003442130351644,1.0,0.008804738602290335,0.006003442130351644,0.0016010728292064763,0.03475434861361281,7.175445828356208
2018-10-05,0.018434130640304636,0.0,0.0,0.0,-0.0002,0.03474739774389009,7.307718934158555
2018-10-08,0.005511678525520036,0.0,0.0,0.0,0.0,0.03474739774389009,7.347996731678493
2018-10-09,0.002365209172285665,0.0,0.008505224499055166,0.0,0.0,0.03474739774389009,7.365376280946184
2018-10-10,-0.005641024330544253,0.0,0.007300081986185904,-0.0,-0.0,0.03474739774389009,7.323828014141753
2018-10-11,-0.021186335865969297,1.0,0.0,-0.021186335865969297,-0.021386335865969296,0.03400427822527083,7.168662934009551
2018-10-12,0.0015964509406676264,1.0,0.0,0.0015964509406676264,0.0015964509406676264,0.03405856438723029,7.18010735269388
2018-10-15,0.0016535426706631995,0.0,0.0022788658422167153,0.0,-0.0011394329211083577,0.03401975693772179,7.191979966581502
2018-10-16,0.009726155217420596,0.0,0.0,0.0,0.0,0.03401975693772179,7.261930280057053
2018-10-17,-0.002743571478865503,0.0,0.008334697346599333,-0.0,-0.0,0.03401975693772179,7.242006655259178
2018-10-18,0.004390528785610082,1.0,0.0006195184156334389,0.004390528785610082,0.004080769577793362,0.03415858372687717,7.273802893944674
2018-10-19,0.011015672616409233,0.0,0.0,0.0,-0.0002,0.03415175201013179,7.353928725300658
2018-10-22,-0.004611642124883075,0.0,0.006269860880597878,-0.0,-0.0,0.03415175201013179,7.320015037807674
2018-10-23,-0.01175768781579134,1.0,0.003759826891217012,-0.01175768781579134,-0.013637601261399845,0.0336860040338394,7.233948586186234
2018-10-24,0.02912767661576976,1.0,0.004552679864175475,0.02912767661576976,0.02912767661576976,0.03466719906581459,7.444656701259771
2018-10-25,-0.013667478999404348,0.0,0.011950738900046333,-0.0,-0.005975369450023167,0.03446004974359885,7.342907012137529
2018-10-26,-0.0191106924930603,1.0,0.006190810098118094,-0.0191106924930603,-0.022206097542119347,0.03369482651768621,7.2025789742234325
2018-10-29,0.01701083214251331,1.0,0.009159141787654288,0.01701083214251331,0.01701083214251331,0.03426800355564968,7.3251008361471435
2018-10-30,0.004456671882015817,0.0,0.0,0.0,-0.0002,0.03426114995493855,7.357746407076531
2018-10-31,-0.006049879530015123,0.0,0.012558516171716067,-0.0,-0.0,0.03426114995493855,7.313232927701317
2018-11-01,-0.011768484366898702,1.0,0.006264313673777047,-0.011768484366898702,-0.014900641203787226,0.03375063685223086,7.227167260320175
2018-11-02,-0.013609569354937956,1.0,0.0,-0.013609569354937956,-0.013609569354937956,0.0332913052192171,7.128808626251111
2018-11-05,0.015224725145493778,1.0,0.014834074770223782,0.015224725145493778,0.015224725145493778,0.033798156190914426,7.237342778200609
2018-11-06,0.004393249763016138,0.0,0.00817691533732823,0.0,-0.004088457668664115,0.03365997386004897,7.269138232645806
2018-11-07,0.012131165121141763,0.0,0.0,0.0,0.0,0.03365997386004897,7.357321348834437
2018-11-08,0.0024203048074697975,0.0,0.011691505332533603,0.0,0.0,0.03365997386004897,7.375128309065121
2018-11-09,0.014946030850785386,0.0,0.0,0.0,0.0,0.03365997386004897,7.485357204300909
2018-11-12,0.010931169932205442,0.0,0.0,0.0,0.0,0.03365997386004897,7.56718091590438
2018-11-13,0.0009524244799414827,0.0,0.006855767706202432,0.0,0.0,0.03365997386004897,7.574388084252834
2018-11-14,-0.010298864732106172,0.0,0.0,-0.0,-0.0,0.03365997386004897,7.496380485944637
2018-11-15,0.013346891548921436,1.0,0.01304058066473715,0.013346891548921436,0.0068266012165528606,0.033889757078551117,7.596433863299991
2018-11-16,0.006753207603269029,0.0,0.0,0.0,-0.0002,0.03388297912713541,7.647734158223359
2018-11-19,0.00898041730663568,0.0,0.0,0.0,0.0,0.03388297912713541,7.7164140024144166
2018-11-20,-0.017801279332606224,0.0,0.010206863531400682,-0.0,-0.0,0.03388297912713541,7.579051961311404
2018-11-21,-0.014488323705355355,1.0,0.0,-0.014488323705355355,-0.014688323705355355,0.03338529496161424,7.469244203116215
2018-11-23,0.006527597447254729,1.0,0.005557339221222509,0.006527597447254729,0.006527597447254729,0.03360322072778152,7.518000422509399
2018-11-26,-0.0016916765383439003,0.0,0.009741365325596498,-0.0,-0.004870682662798249,0.033439550103168535,7.50528239757938
2018-11-27,0.005479444325265703,1.0,0.007169509097721686,0.005479444325265703,0.0018946897764048603,0.03350290767687659,7.546407174622313
2018-11-28,0.0002806942428061898,0.0,0.0,0.0,-0.0002,0.033496207095341214,7.548525407670101
2018-11-29,0.0010175297921481974,0.0,0.001110533542061434,0.0,0.0,0.033496207095341214,7.556206257159193
2018-11-30,0.025914615002597285,0.0,0.0,0.0,0.0,0.033496207095341214,7.75202243319369
2018-12-03,0.00429226665630722,0.0,0.005513068377937957,0.0,0.0,0.033496207095341214,7.785296180602633
2018-12-04,-0.0017533676727191638,0.0,0.0,-0.0,-0.0,0.033496207095341214,7.77164569395702
2018-12-06,0.0026896672538310185,1.0,0.0,0.0026896672538310185,0.0024896672538310184,0.03357960150527403,7.792548834888433
2018-12-07,0.0010951619444810046,0.0,0.0,0.0,-0.0002,0.03357288558497298,7.801082937822913
2018-12-10,-0.001367304051587026,0.0,0.006328002355867182,-0.0,-0.0,0.03357288558497298,7.790416485515261
2018-12-11,0.0020263323545450795,1.0,0.005314734313072822,0.0020263323545450795,-0.0006310348019913314,0.033551699925765587,7.8062024584952425
2018-12-12,-0.009126829444716766,0.0,0.012980395702153424,-0.0,-0.006490197851076712,0.03333394275500741,7.734956580045628
2018-12-13,0.004908753357119933,1.0,0.008192632548869582,0.004908753357119933,0.0008124370826851418,0.03336102448621368,7.772925574125104
2018-12-14,-0.005268777150531978,0.0,0.0,-0.0,-0.0002,0.03335435228131644,7.731971761467368
2018-12-17,-0.030843111100337217,1.0,0.004358703404265474,-0.030843111100337217,-0.033022462802469954,0.03225290942380619,7.49349369740376
2018-12-18,0.001992548690495033,1.0,0.005182060417608259,0.001992548690495033,0.001992548690495033,0.032317174916243245,7.5084248484577545
2018-12-19,-0.008409216579080003,0.0,0.001309758200600059,-0.0,-0.0006548791003000295,0.032296011073809854,7.4452848777393275
2018-12-20,0.002234762330561413,1.0,0.009252267336758666,0.002234762330561413,-0.00239137133781792,0.03221877931860209,7.461923319924398
2018-12-21,-0.004573801165190017,0.0,0.008087839839422831,-0.0,-0.0040439199197114155,0.03208848915512681,7.427793966349169
2018-12-24,-0.034633489467787215,1.0,0.0,-0.034633489467787215,-0.034833489467787214,0.0309707351061045,7.170543542246722
2018-12-26,0.013446131423679786,1.0,0.0,0.013446131423679786,0.013446131423679786,0.031387171680629156,7.26695961309499
2018-12-27,0.01068459151882628,0.0,0.0,0.0,-0.0002,0.03138089424629303,7.3446041081447175
2018-12-28,0.003252877366715534,0.0,0.0,0.0,0.0,0.03138089424629303,7.368495204615588
2018-12-31,0.0063689698416649065,0.0,0.011163147408114032,0.0,0.0,0.03138089424629303,7.415424928352237
2019-01-02,-0.022955085012487886,0.0,0.0010351996083157533,-0.0,-0.0,0.03138089424629303,7.245203218718189
2019-01-03,-0.0024732372650578816,1.0,0.004721246846152957,-0.0024732372650578816,-0.00483386068813436,0.03122920337523737,7.227284112124738
2019-01-04,0.018416932066647407,1.0,0.010300505172610391,0.018416932066647407,0.018416932066647407,0.03180434949229463,7.360388512644099
2019-01-07,-0.0014487435450094566,0.0,0.004838216854531563,-0.0,-0.0024191084272657815,0.03172741132241411,7.349725197297644
2019-01-08,0.007313447599105238,1.0,0.00012091398376814507,0.007313447599105238,0.007113447599105239,0.03195310260031137,7.403477027395904
2019-01-09,-0.00432167690979024,0.0,0.007321696857146218,-0.0,-0.003660848428573109,0.03183612713486898,7.371481591674445
2019-01-10,0.015047046556318389,1.0,0.0009459814098344296,0.015047046556318389,0.014574055851401174,0.032300108629824874,7.482400618373414
2019-01-11,0.001824345867299959,0.0,0.005005568851915529,0.0,-0.0025027844259577644,0.032219268420989405,7.496051105019026
2019-01-14,-0.025496528693206733,0.0,0.0,-0.0,-0.0,0.032219268420989405,7.3049278229341645
2019-01-15,0.020382075342564976,1.0,0.011816919417636108,0.020382075342564976,0.014473615633746922,0.03268559772811532,7.4538174121932075
2019-01-16,-0.00022883880247548394,0.0,0.005686309442936781,-0.0,-0.0028431547214683903,0.032592667516610614,7.45211168954273
2019-01-17,0.00463707224710741,1.0,0.0,0.00463707224710741,0.00443707224710741,0.03273728353710777,7.486667669840653
2019-01-18,0.003418777454735622,0.0,0.0,0.0,-0.0002,0.03273073608040035,7.512262920481402
2019-01-22,0.007325896812955701,0.0,0.003546322023058331,0.0,0.0,0.03273073608040035,7.567296983468642
2019-01-23,0.011275227073064054,0.0,0.0003756269469920324,0.0,0.0,0.03273073608040035,7.652619975286564
2019-01-24,0.005017317066072113,0.0,0.0,0.0,0.0,0.03273073608040035,7.691015596088734
2019-01-25,-0.03372552746451685,0.0,0.0,-0.0,-0.0,0.03273073608040035,7.4316320383728165
2019-01-28,-0.009930860602826996,1.0,0.0,-0.009930860602826996,-0.010130860602826997,0.032399145555741894,7.357829536548233
2019-01-29,0.00226111159844522,1.0,0.00405067742612165,0.00226111159844522,0.00226111159844522,0.0324724036395377,7.3744664102527056
2019-01-30,0.004223080665615608,0.0,0.002140943229323633,0.0,-0.0010704716146618166,0.03243764285318173,7.405609376769076
2019-01-31,0.031050395233058525,0.0,0.0,0.0,0.0,0.03243764285318173,7.6355564748594
2019-02-01,-0.006481245441004702,0.0,0.007438828472866209,-0.0,-0.0,0.03243764285318173,7.586068559267184
2019-02-04,0.001574565784874693,1.0,0.004676150984919164,0.001574565784874693,-0.000763509707584889,0.032412876397972155,7.598013323262319
2019-02-05,0.0003929451938993189,0.0,0.003437844063339466,0.0,-0.001718922031669733,0.032357161190621896,7.600998926080878
2019-02-06,-0.00039279084862320346,0.0,0.0008466004113858016,-0.0,-0.0,0.032357161190621896,7.598013323262319
2019-02-07,0.018248263330874703,1.0,0.0010805606148411157,0.018248263330874703,0.017707983023454145,0.032930141251672596,7.736663871176704
2019-02-08,0.009153618234657879,0.0,0.0,0.0,-0.0002,0.03292355522342226,7.807482338663326
2019-02-11,0.0,0.0,0.0,0.0,0.0,0.03292355522342226,7.807482338663326
2019-02-12,0.0014205253151231556,0.0,0.005790256468703677,0.0,0.0,0.03292355522342226,7.8185730649727745
2019-02-13,-0.0022916634485548038,0.0,0.004635829129033537,-0.0,-0.0,0.03292355522342226,7.800655526859921
2019-02-14,-0.0013125872959525164,1.0,0.004855295312145578,-0.0013125872959525164,-0.0037402349520253056,0.03280041339143068,7.790416485515263
2019-02-15,0.0078308096541162,1.0,0.000710056146260142,0.0078308096541162,0.0078308096541162,0.033057267185275296,7.851421754139622
2019-02-19,0.007226988962692804,0.0,0.006612519694157016,0.0,-0.003306259847078508,0.032947971270126476,7.908163892498235
2019-02-20,0.0014565860886706083,0.0,0.0061358894885604025,0.0,0.0,0.032947971270126476,7.919682814010976
2019-02-21,0.004955666368042566,0.0,0.0034570866323261895,0.0,0.0,0.032947971270126476,7.958930119777935
2019-02-22,0.008415359538757494,0.0,0.0,0.0,0.0,0.032947971270126476,8.025907378279712
2019-02-25,-0.0013285140986066812,0.0,0.003392760725889607,-0.0,-0.0,0.032947971270126476,8.015244847173555
2019-02-26,0.0018627461915852184,1.0,0.006708953320020799,0.0018627461915852184,-0.0014917304684251812,0.03289882177751003,8.03017521398725
2019-02-27,-0.0009093277830254376,0.0,0.006134573960509149,-0.0,-0.0030672869802545744,0.03279791164980616,8.02287315256261
2019-02-28,0.004871301131237793,1.0,0.004514679465081778,0.004871301131237793,0.0026139613986969038,0.03288364412481662,8.061954983626466
2019-03-01,-0.0008524356380937848,0.0,0.00846222595852578,-0.0,-0.00423111297926289,0.03274450971135465,8.055082685885715
2019-03-04,0.0036261614036618983,1.0,0.010262806856636096,0.0036261614036618983,-0.00150524202465615,0.032695221299260356,8.084291715824579
2019-03-05,0.0004244096364949268,0.0,0.0,0.0,-0.0002,0.032688682255000504,8.08772276713301
2019-03-06,-0.003982715868378062,0.0,0.0011299261356798461,-0.0,-0.0,0.032688682255000504,8.055511665329307
2019-03-07,0.0019195386487136368,1.0,0.006410652831462267,0.0019195386487136368,-0.0012857877670174969,0.0326466515472371,8.07097453130607
2019-03-08,0.004096893578517946,0.0,0.0070487277478961,0.0,-0.00352436387394805,0.03253159286791865,8.10404045503576
2019-03-11,0.004239656987547136,0.0,0.0,0.0,0.0,0.03253159286791865,8.138398806778318
2019-03-12,0.0073351494541520346,0.0,0.0,0.0,0.0,0.03253159286791865,8.198095178343529
2019-03-13,0.0004192834013325708,0.0,0.009293672869897218,0.0,0.0,0.03253159286791865,8.201532503574352
2019-03-14,5.220916982362489e-05,0.0,0.0016872290292468328,0.0,0.0,0.03253159286791865,8.201960698777645
2019-03-15,0.001361383428699403,0.0,0.007464032520001666,0.0,0.0,0.03253159286791865,8.213126712155805
2019-03-18,-0.0019346459949218797,0.0,0.008888271508101082,-0.0,-0.0,0.03253159286791865,8.197237219456348
2019-03-19,-0.012416794674859233,1.0,0.0,-0.012416794674859233,-0.012616794674859233,0.032121148440258006,8.095453808001244
2019-03-20,0.007267790213191017,1.0,0.012563025802613736,0.007267790213191017,0.007267790213191017,0.03235459820852857,8.154289867958376
2019-03-21,0.010744114103003355,0.0,0.0,0.0,-0.0002,0.03234812728888686,8.241900488728685
2019-03-22,0.010526283737988251,0.0,0.0,0.0,0.0,0.03234812728888686,8.328657071813307
2019-03-25,-0.0016503716749629582,0.0,0.004288617111569288,-0.0,-0.0,0.03234812728888686,8.314911692091506
2019-03-26,0.007179152473872907,1.0,0.005858120662052788,0.007179152473872907,0.004250092142846513,0.03248560981051316,8.37460571093582
2019-03-27,-0.005538355042439047,0.0,0.011098431426706344,-0.0,-0.005549215713353172,0.0323053401540948,8.32822417116822
2019-03-28,-0.010313593509286734,1.0,0.0,-0.010313593509286734,-0.010513593509286734,0.03196569493953541,8.242330252412573
2019-03-29,0.007294798122351676,1.0,0.008417263421129539,0.007294798122351676,0.007294798122351676,0.03219887823096,8.302456387661675
2019-04-01,-0.01463894577147029,0.0,0.007668149927581865,-0.0,-0.0038340749637909323,0.032075425318072524,8.180917178832699
2019-04-02,-0.005302327168694165,1.0,0.0,-0.005302327168694165,-0.005502327168694165,0.031898935833897475,8.137539279410538
2019-04-03,-0.0008971376596011993,1.0,0.0025469532604410726,-0.0008971376596011993,-0.0008971376596011993,0.03187031809725968,8.130238786466494
2019-04-04,-0.004806779186893095,1.0,0.008798021261520805,-0.004806779186893095,-0.004806779186893095,0.03171712451555011,8.091158523883236
2019-04-05,0.008916863336762226,1.0,0.007600204160524009,0.008916863336762226,0.008916863336762226,0.03199994178029034,8.163306278676782
2019-04-08,-0.007575517403371479,0.0,0.0071855517774702185,-0.0,-0.0035927758887351093,0.031884973161021186,8.101465009893614
2019-04-09,0.005672420110286902,1.0,0.004190600265713185,0.005672420110286902,0.0035771199774303096,0.031999029535495306,8.14741992293852
2019-04-10,-0.005745729614388684,0.0,0.004005298155137133,-0.0,-0.0020026490775685666,0.031934946708512955,8.100607051006431
2019-04-11,0.007528142677666327,1.0,0.006209473076780787,0.007528142677666327,0.004423406139275934,0.032076207947840836,8.161589576662118
2019-04-12,0.004262899561554789,0.0,0.006398667433454965,0.0,-0.0031993337167274824,0.03197358545424855,8.196381613290061
2019-04-15,0.0016239983963817206,0.0,0.0,0.0,0.0,0.03197358545424855,8.209692523886178
2019-04-16,-0.008579298834256233,0.0,0.003988143736274812,-0.0,-0.0,0.03197358545424855,8.139259118386398
2019-04-17,0.0006855500785418744,1.0,0.0,0.0006855500785418744,0.00048555007854187446,0.03198911023117712,8.14483898811428
2019-04-18,-0.0015287451656815776,0.0,0.005675480099324008,-0.0,-0.002837740049662004,0.03189833345192106,8.132387604885945
2019-04-22,0.005386525152691446,1.0,0.006475160812188221,0.005386525152691446,0.0021489447465973355,0.03196688120801778,8.1761929152711
2019-04-23,-0.0030989997527245405,0.0,0.00557426970059507,-0.0,-0.002787134850297535,0.03187778519934759,8.150854895448447
2019-04-24,0.0014226455029306972,1.0,0.006602983731492895,0.0014226455029306972,-0.00187884636281575,0.03181789173857118,8.162450672510497
2019-04-25,0.0022098175661089403,0.0,0.007233013562508189,0.0,-0.0036165067812540946,0.031702822117333426,8.180488199389108
2019-04-26,0.006457421217074044,0.0,0.0,0.0,0.0,0.031702822117333426,8.233313057453868
2019-04-29,0.0003129031247164349,0.0,0.0041083182457375194,0.0,0.0,0.031702822117333426,8.235889286836315
2019-04-30,0.013923023437445003,0.0,0.0006522989230649283,0.0,0.0,0.031702822117333426,8.350557766405139
2019-05-01,-0.006017491804531927,0.0,0.002639170687305071,-0.0,-0.0,0.031702822117333426,8.300308353482526
2019-05-02,-0.008019645717961432,1.0,0.0,-0.008019645717961432,-0.008219645717961433,0.03144223615126939,8.23374282113776
2019-05-03,0.003599007715493041,1.0,0.005898561890571108,0.003599007715493041,0.003599007715493041,0.031555397001770166,8.26337612507842
2019-05-06,-0.0078481199826399,0.0,0.007115419190667542,-0.0,-0.003557709595333771,0.0314431320630724,8.198524157787123
2019-05-07,-0.006023858397334547,1.0,0.0,-0.006023858397334547,-0.006223858397334547,0.03124743446154315,8.149137409193488
2019-05-08,-0.0098550464661038,1.0,0.0,-0.0098550464661038,-0.0098550464661038,0.030939489542978107,8.068827281367222
2019-05-09,0.0038852265170452593,1.0,0.00648369412546629,0.0038852265170452593,0.0038852265170452593,0.03105969646817433,8.100176503082247
2019-05-10,0.016701243487558637,0.0,0.0,0.0,-0.0002,0.031053484528880695,8.235459523152425
2019-05-13,0.01653107256184394,0.0,0.0,0.0,0.0,0.031053484528880695,8.371600502109786
2019-05-14,-0.00015372667752711067,0.0,0.0,-0.0,-0.0,0.031053484528880695,8.370313563779012
2019-05-15,-0.00020537518964647283,1.0,0.0050013321053651244,-0.00020537518964647283,-0.002706041242329035,0.03096945251902752,8.36859450904345
2019-05-16,0.011546668213544553,1.0,0.0040072567968451635,0.011546668213544553,0.011546668213544553,0.031327046512019854,8.465223893253066
2019-05-17,0.009487157466747664,0.0,0.0,0.0,-0.0002,0.03132078110271745,8.545534805319633
2019-05-20,0.0018594830284777153,0.0,0.0,0.0,0.0,0.03132078110271745,8.56142508225939
2019-05-21,-0.002257338410871501,0.0,0.006795201218249059,-0.0,-0.0,0.03132078110271745,8.542099048569407
2019-05-22,0.015233934460966436,1.0,0.007270768290218011,0.015233934460966436,0.011598550315857431,0.031684056758269276,8.672228825634397
2019-05-23,0.007923493734517617,0.0,0.0,0.0,-0.0002,0.03167771994691762,8.740943176398615
2019-05-24,-0.0007861295242148625,0.0,0.0,-0.0,-0.0,0.03167771994691762,8.734071662898163
2019-05-28,-0.01081783003369674,1.0,0.0,-0.01081783003369674,-0.011017830033696741,0.03132870021268744,8.639587960146804
2019-05-29,-0.012179088360683488,1.0,0.0,-0.012179088360683488,-0.012179088360683488,0.030947145204571754,8.534365654980279
2019-05-30,0.0011073910148879929,1.0,0.003757611857675994,0.0011073910148879929,0.0011073910148879929,0.03098141579510773,8.543816534824373
2019-05-31,0.0026302537839213436,0.0,0.005091948830986469,0.0,-0.0025459744154932343,0.03090253790313763,8.566288940594225
2019-06-03,0.006912086112283111,0.0,0.007175493851255509,0.0,0.0,0.03090253790313763,8.62549986741431
2019-06-04,-0.0010020419070091435,0.0,0.007871924539632655,-0.0,-0.0,0.03090253790313763,8.61685675507826
2019-06-05,0.02643171284951351,1.0,0.0,0.02643171284951351,0.026231712849513512,0.031713164403733944,8.84461503849388
2019-06-06,0.005423862868573437,0.0,0.0,0.0,-0.0002,0.0317068217708532,8.892587017587992
2019-06-07,-0.006658282704727236,0.0,0.002551650156413076,-0.0,-0.0,0.0317068217708532,8.833377659248503
2019-06-10,-0.004745813753688766,1.0,0.0,-0.004745813753688766,-0.004945813753688765,0.031550005735653155,8.791456094061715
2019-06-11,-0.00712800071649311,1.0,0.005934983496366686,-0.00712800071649311,-0.00712800071649311,0.031325117272164055,8.728790588724225
2019-06-12,0.01277419644662059,1.0,0.0,0.01277419644662059,0.01277419644662059,0.031725270473912104,8.840293874446001
2019-06-13,0.0010755444921812796,0.0,0.00789358981458951,0.0,-0.003946794907294755,0.031600057337973116,8.849802003831925
2019-06-14,0.010695061585952015,0.0,0.0,0.0,0.0,0.031600057337973116,8.94445118128639
2019-06-17,-0.0028508818268930813,0.0,0.006874055218621824,-0.0,-0.0,0.031600057337973116,8.918951607962128
2019-06-18,-0.004603468930233778,1.0,0.009208601711565997,-0.004603468930233778,-0.009207769786016777,0.03130909128478013,8.877893491344617
2019-06-19,0.00399182924521746,1.0,0.010270036193774411,0.00399182924521746,0.00399182924521746,0.0314340718310119,8.913332526219293
2019-06-20,0.0006788049126997819,0.0,0.008496817965112065,0.0,-0.004248408982556033,0.031300527037886716,8.919382940126617
2019-06-21,0.005669341767606584,0.0,0.004097024189209578,0.0,0.0,0.031300527037886716,8.969949970370354
2019-06-24,0.003131732908821183,0.0,0.0034916498893673956,0.0,0.0,0.031300527037886716,8.998041457883042
2019-06-25,-0.009510460425724232,0.0,0.005732317366278404,-0.0,-0.0,0.031300527037886716,8.91246594068882
2019-06-26,-0.01527463958245967,1.0,0.0,-0.01527463958245967,-0.015474639582459671,0.030816162663234385,8.776331235653851
2019-06-27,0.00728808394700331,1.0,0.005769690359605327,0.00728808394700331,0.00728808394700331,0.031040753443648546,8.840293874446003
2019-06-28,0.001515289959662658,0.0,0.0039050889086036803,0.0,-0.0019525444543018401,0.0309801449926548,8.853689482994419
2019-07-01,-0.0041002661674185426,0.0,0.0,-0.0,-0.0,0.0309801449926548,8.817386999550468
2019-07-02,0.017841328565897596,1.0,0.0,0.017841328565897596,0.017641328565897597,0.03152667590948937,8.974700898102123
2019-07-03,0.005152739711363763,0.0,0.0,0.0,-0.0002,0.031520370574307476,9.020945195817385
2019-07-05,-0.00297032491791982,0.0,0.0,-0.0,-0.0,0.031520370574307476,8.99415005751906
2019-07-08,0.004901550884740757,1.0,0.0,0.004901550884740757,0.004701550884740758,0.03166856520046847,9.038235341690983
2019-07-09,-0.004638333462474775,0.0,0.005626543030842059,-0.0,-0.0028132715154210296,0.03157947292805574,8.996312992263896
2019-07-10,0.006341089248863341,1.0,0.001138545565758951,0.006341089248863341,0.005771816465983865,0.03176174384988899,9.05335941585855
2019-07-11,0.004391848521246411,0.0,0.007460225513109347,0.0,-0.0037301127565546733,0.031643268963984096,9.0931203990214
2019-07-12,-0.007937341642565321,0.0,0.0040453450811762355,-0.0,-0.0,0.031643268963984096,9.020945195817387
2019-07-15,0.0005750782723692449,1.0,0.0065387739444982195,0.0005750782723692449,-0.002694308699879865,0.031558012229121794,9.026132945395736
2019-07-16,-0.004644552620784559,0.0,0.005109796501184863,-0.0,-0.0025548982505924317,0.031477384718885434,8.984210595968648
2019-07-17,0.009765326130782181,1.0,0.0,0.009765326130782181,0.009565326130782181,0.03177847616946567,9.07194434246591
2019-07-18,0.011671697292452432,0.0,0.0067683457726221445,0.0,-0.0033841728863110722,0.03167093231204468,9.177829330685148
2019-07-19,-0.01238469880955273,0.0,0.013273229351615633,-0.0,-0.0,0.03167093231204468,9.064164678699134
2019-07-22,-0.0017641625306760167,1.0,0.0,-0.0017641625306760167,-0.001964162530676017,0.03160872545348579,9.048174019001095
2019-07-23,-0.009839738272634735,1.0,0.001855338732308865,-0.009839738272634735,-0.009839738272634735,0.03129770386789192,8.95914235480887
2019-07-24,0.013314103601058003,1.0,0.009636060738509684,0.013314103601058003,0.013314103601058003,0.03171440473966427,9.078425304297422
2019-07-25,-0.011567995925389596,0.0,0.008505732460569232,-0.0,-0.004252866230284616,0.03157952761873337,8.973406117368356
2019-07-26,0.007417128438292009,1.0,0.004418952425616075,0.007417128438292009,0.005207652225483972,0.03174398281601681,9.039963023069832
2019-07-29,0.010565512440669833,0.0,0.0,0.0,-0.0002,0.031737634019453606,9.135474864853272
2019-07-30,-0.00941417161444924,0.0,0.006670858027120521,-0.0,-0.0,0.031737634019453606,9.049471936696056
2019-07-31,-0.010602420956747571,1.0,0.0,-0.010602420956747571,-0.010802420956747572,0.031394790736604276,8.95352562578693
2019-08-01,0.014915281969207772,1.0,0.01255409259925476,0.014915281969207772,0.014915281969207772,0.031863052892805,9.08706998511407
2019-08-02,0.005469444940446211,0.0,0.0,0.0,-0.0002,0.03185668028222644,9.136771214067632
2019-08-05,-0.015893344768633466,0.0,0.0030823554293974284,-0.0,-0.0,0.03185668028222644,8.99155735909033
2019-08-06,0.01610187741124114,1.0,0.020887463397705926,0.01610187741124114,0.005658145712388176,0.03203693002117624,9.136338313422545
2019-08-07,0.0069536946255948084,0.0,0.00374766588203922,0.0,-0.00187383294101961,0.03197689816637342,9.199869620050208
2019-08-08,0.011039532067869784,0.0,0.0,0.0,0.0,0.03197689816637342,9.301431875740974
2019-08-09,0.005854590843034746,0.0,0.0,0.0,0.0,0.03197689816637342,9.355887953627798
2019-08-12,-0.004757803812513006,0.0,0.008324066141078657,-0.0,-0.0,0.03197689816637342,9.311374474252583
2019-08-13,0.0007886726262378296,1.0,0.009860871662616852,0.0007886726262378296,-0.0041417632050705965,0.03184445742613564,9.318718100413076
2019-08-14,-0.003060809369897388,0.0,0.00799975710477221,-0.0,-0.003999878552386105,0.03171708346386447,9.2901952807359
2019-08-15,0.010188071896693796,1.0,0.012774646567067274,0.010188071896693796,0.0038007486131601586,0.031837632124853237,9.384844458190361
2019-08-16,0.0017500087951687338,0.0,0.0,0.0,-0.0002,0.03183126459842826,9.401268018533486
2019-08-19,0.006573966950731869,0.0,0.012536318973981447,0.0,0.0,0.03183126459842826,9.463071643782298
2019-08-20,0.000776029859746119,0.0,0.007288339721824946,0.0,0.0,0.03183126459842826,9.470415269942789
2019-08-21,0.00972034405688671,0.0,0.0,0.0,0.0,0.03183126459842826,9.562470964728227
2019-08-22,0.0016272061720492559,0.0,0.005615064960767547,0.0,0.0,0.03183126459842826,9.578031076502075
2019-08-23,0.0012630665694053356,0.0,0.0,0.0,0.0,0.03183126459842826,9.59012876735553
2019-08-26,0.0077514447941087194,0.0,0.006195464400918891,0.0,0.0,0.03183126459842826,9.66446612106408
2019-08-27,0.0017440065800300442,0.0,0.0,0.0,0.0,0.03183126459842826,9.681321013571694
2019-08-28,-0.007047964979700061,0.0,0.00014974258669038038,-0.0,-0.0,0.03183126459842826,9.613087402110805
2019-08-29,-0.0003164506877805229,1.0,0.003027877230708708,-0.0003164506877805229,-0.001830389303134877,0.031773000992202045,9.610045333990714
2019-08-30,-0.009225592880013012,1.0,0.009545815664358113,-0.009225592880013012,-0.009225592880013012,0.03147987622047174,9.521386968180847
2019-09-03,0.029578190423201534,1.0,0.007494947974009847,0.029578190423201534,0.029578190423201534,0.03241099399381967,9.80301236501869
2019-09-04,-0.0063839143821553535,0.0,0.0033748221888913426,-0.0,-0.0016874110944456713,0.032356303322972485,9.7404307733932
2019-09-05,-0.019230992192403762,1.0,0.0,-0.019230992192403762,-0.01943099219240376,0.03172758824572876,9.553112625239427
2019-09-06,0.0015010640438395395,1.0,0.008984929062744323,0.0015010640438395395,0.0015010640438395395,0.031775213387642165,9.567452459107923
2019-09-09,-0.0011353609990586433,0.0,0.008293541925541457,-0.0,-0.004146770962770729,0.031643448855430446,9.556589946725504
2019-09-10,-0.00804953768704264,1.0,0.0,-0.00804953768704264,-0.008249537687042641,0.03138240503154957,9.479663815789724
2019-09-11,0.008894162935671135,1.0,0.0036204324998178185,0.008894162935671135,0.008894162935671135,0.031661525255213395,9.563977490342744
2019-09-12,0.003090228928350758,0.0,0.0,0.0,-0.0002,0.03165519295016235,9.593532370253497
2019-09-13,-0.010193086691879016,0.0,0.0,-0.0,-0.0,0.03165519295016235,9.495744663122155
2019-09-16,-0.0008239039170784279,1.0,0.0010708574882984006,-0.0008239039170784279,-0.0013593326612276282,0.03161216301248773,9.487921081898632
2019-09-17,0.017910385583612465,1.0,0.0,0.017910385583612465,0.017910385583612465,0.0321783490411734,9.657853406862323
2019-09-18,0.007560019085798064,0.0,0.0,0.0,-0.0002,0.032171913371365164,9.730866962946042
2019-09-19,0.004466305937524062,0.0,0.0,0.0,0.0,0.032171913371365164,9.774327991839904
2019-09-20,0.0036459451186610092,0.0,0.005947285094559636,0.0,0.0,0.032171913371365164,9.809964655269944
2019-09-23,-0.0019490959859223,0.0,0.00045060535048686693,-0.0,-0.0,0.032171913371365164,9.790844092538318
2019-09-24,0.014337464190582017,1.0,0.0,0.014337464190582017,0.014137464190582016,0.03262674264459535,9.931219969110657
2019-09-25,0.003763496179686854,0.0,0.0,0.0,-0.0002,0.03262021729606643,9.968596077524035
2019-09-26,0.010245571801135167,0.0,0.0,0.0,0.0,0.03262021729606643,10.070730044392821
2019-09-27,-0.0019853001814523763,0.0,0.00844735747239057,-0.0,-0.0,0.03262021729606643,10.05073662220833
2019-09-30,0.0074810260919082605,1.0,0.0,0.0074810260919082605,0.007281026091908261,0.032857725949322805,10.125926445121967
2019-10-01,-0.004120660498390438,0.0,0.00248383700658753,-0.0,-0.001241918503293765,0.03281691933149018,10.084200940009946
2019-10-02,-0.012584457357589063,1.0,0.0004618731661250993,-0.012584457357589063,-0.012815393940651612,0.03239635758233855,9.957296743295032
2019-10-03,0.004626698723184219,1.0,0.0038281500062786297,0.004626698723184219,0.004626698723184219,0.03254624576860058,10.0033661554236
2019-10-04,0.014858547922047105,0.0,0.0,0.0,-0.0002,0.03253973651944686,10.152001650825747
2019-10-07,-0.004452138869838196,0.0,0.008519572736603422,-0.0,-0.0,0.03253973651944686,10.106803529669444
2019-10-08,-0.011094573831564425,1.0,0.0,-0.011094573831564425,-0.011294573831564425,0.03217221406286831,9.99467285170841
2019-10-09,0.014741296982102137,1.0,0.0,0.014741296982102137,0.014741296982102137,0.03264647422494082,10.142007292454398
2019-10-10,-0.0058281338079084755,0.0,0.0016723005513965136,-0.0,-0.0008361502756982568,0.03261917686651706,10.082898316873191
2019-10-11,-0.010603256663990313,1.0,0.003435694749424215,-0.010603256663990313,-0.012321104038702419,0.03221727259468787,9.975986758102469
2019-10-14,-0.002788317571203902,1.0,0.0,-0.002788317571203902,-0.002788317571203902,0.03212744060741583,9.948170538934754
2019-10-15,-0.005941456535046408,1.0,0.00598271366461587,-0.005941456535046408,-0.005941456535046408,0.03193655681546459,9.889063916074443
2019-10-16,0.010415681151795697,1.0,0.011043163331987224,0.010415681151795697,0.010415681151795697,0.03226919780834068,9.992065252714003
2019-10-17,0.005132690520015748,0.0,0.0,0.0,-0.0002,0.03226274396877901,10.043351431311986
2019-10-18,0.006014771281270814,0.0,0.0,0.0,0.0,0.03226274396877901,10.103759893068752
2019-10-21,0.0013763340707106941,0.0,0.007365570638114588,0.0,0.0,0.03226274396877901,10.117666042051862
2019-10-22,0.01477680581203411,0.0,0.0,0.0,0.0,0.03226274396877901,10.267172828426274
2019-10-23,-0.0010158211916386772,0.0,0.005911627884107657,-0.0,-0.0,0.03226274396877901,10.25674321668894
2019-10-24,0.006567536578152344,1.0,0.0028442670373196918,0.006567536578152344,0.005145403059492498,0.03242874879030359,10.324104752937261
2019-10-25,-0.002820243525259558,0.0,0.006912222940462018,-0.0,-0.003456111470231009,0.03231667141964418,10.294988263353689
2019-10-28,-0.015408758774341114,1.0,0.0,-0.015408758774341114,-0.015608758774341114,0.03181224829106531,10.136355272619
2019-10-29,-0.0027011860599828186,1.0,0.0,-0.0027011860599828186,-0.0027011860599828186,0.03172631748944477,10.108975091057568
2019-10-30,0.012295822779408994,1.0,0.0,0.012295822779408994,0.012295822779408994,0.03211641866673825,10.233273257258672
2019-10-31,0.01223130830825725,0.0,0.0,0.0,-0.0002,0.0321099953830049,10.358439577470847
2019-11-01,-0.011034469600697205,0.0,0.012756251145125002,-0.0,-0.0,0.0321099953830049,10.244139690842585
2019-11-04,-0.02592175878110936,1.0,0.0,-0.02592175878110936,-0.02612175878110936,0.031271225829147514,9.978593572856576
2019-11-05,-0.010845025636011862,1.0,0.0,-0.010845025636011862,-0.010845025636011862,0.030932088583360894,9.870375469747604
2019-11-06,0.001673300144359846,1.0,0.003998326196419061,0.001673300144359846,0.001673300144359846,0.030983847251652784,9.886891570446018
2019-11-07,-0.019341765549160228,0.0,0.0,-0.0,-0.0002,0.030977650482202454,9.695661631680482
2019-11-08,-0.004526848630354463,1.0,0.011146624501120523,-0.004526848630354463,-0.010100160880914723,0.030664771228619464,9.651770839102728
2019-11-11,0.0006302022562476584,1.0,0.004413779546791805,0.0006302022562476584,0.0006302022562476584,0.03068409623663506,9.657853406862316
2019-11-12,0.004499827688633884,0.0,0.003404773214985626,0.0,-0.001702386607492813,0.030631860042138793,9.701312083035281
2019-11-13,0.02101075549231468,0.0,0.0,0.0,0.0,0.030631860042138793,9.905143979166574
2019-11-14,0.008599915076838105,0.0,0.0,0.0,0.0,0.030631860042138793,9.990327376211262
2019-11-15,0.00674298956107533,0.0,0.0013652515001752606,0.0,0.0,0.030631860042138793,10.05769204942078
2019-11-18,0.0031976431835984975,0.0,0.0,0.0,0.0,0.030631860042138793,10.089852959845343
2019-11-19,0.002153699814398946,0.0,0.009088429708304526,0.0,0.0,0.030631860042138793,10.111583474292274
2019-11-20,0.011003239157539868,0.0,0.0,0.0,0.0,0.030631860042138793,10.22284364552134
2019-11-21,-0.0003402287902446455,0.0,0.005545761802643658,-0.0,-0.0,0.030631860042138793,10.219365539794964
2019-11-22,-0.007484741473562373,1.0,0.004050701037819172,-0.007484741473562373,-0.009510091992471959,0.030340548235237526,10.142876230705767
2019-11-25,-0.0035136992052656746,1.0,0.008386046810445894,-0.0035136992052656746,-0.0035136992052656746,0.030233940675016047,10.107237214554829
2019-11-26,0.010147863885708874,1.0,0.0010878964020218202,0.010147863885708874,0.010147863885708874,0.030540750589714706,10.209804082068702
2019-11-27,-0.0025676105306520203,0.0,0.003277972179943151,-0.0,-0.0016389860899715756,0.030490694724320873,10.183589281591688
2019-11-29,0.003217794409243968,1.0,0.0,0.003217794409243968,0.003017794409243968,0.030582709372393893,10.21635797824803
2019-12-02,-0.01099126158471786,0.0,0.0,-0.0,-0.0002,0.030576592830519413,10.104067315265986
2019-12-03,0.004237849867105403,1.0,0.003773716806561968,0.004237849867105403,0.002350991463824419,0.0306484781392568,10.146886835595211
2019-12-04,0.008741204152694193,0.0,0.002258775992643968,0.0,-0.001129387996321984,0.030613864115940786,10.235582844939435
2019-12-05,0.0012806102551490284,0.0,0.0016686017357626023,0.0,0.0,0.030613864115940786,10.248690637298091
2019-12-06,-0.0007247306153882471,0.0,0.0021106671727230187,-0.0,-0.0,0.030613864115940786,10.241263097425598
2019-12-09,-0.0005119140431614211,1.0,0.003171390718283421,-0.0005119140431614211,-0.0020976094023031316,0.03054964818673036,10.236020451026315
2019-12-10,0.0007683026579226038,1.0,0.004584817455538357,0.0007683026579226038,0.0007683026579226038,0.030573119562630823,10.243884812745389
2019-12-11,0.005672791424644608,0.0,0.0018876739403991378,0.0,-0.0009438369701995689,0.03054426352209328,10.301996234666177
2019-12-12,-0.0079732648715104,0.0,0.00515221245333285,-0.0,-0.0,0.03054426352209328,10.21985568998188
2019-12-13,0.013039445235005331,1.0,0.011658946916805241,0.013039445235005331,0.007209971776602711,0.03076448680002469,10.353116938561056
2019-12-16,0.010635338818585138,0.0,0.0,0.0,-0.0002,0.030758333902664685,10.463225845031086
2019-12-17,0.001461565109877494,0.0,0.0,0.0,0.0,0.030758333902664685,10.478518530862953
2019-12-18,0.0019599049857341733,0.0,0.008167812894896955,0.0,0.0,0.030758333902664685,10.4990554315747
2019-12-19,0.001498108428958922,0.0,0.0048516075011181,0.0,0.0,0.030758333902664685,10.51478415501285
2019-12-20,0.008559992631047786,0.0,0.0,0.0,0.0,0.030758333902664685,10.604790629896817
2019-12-23,-0.016192053259287187,0.0,0.0,-0.0,-0.0,0.030758333902664685,10.433077295213938
2019-12-24,0.007245355498462391,1.0,0.002196641827036262,0.007245355498462391,0.006147034584944261,0.03094740644493963,10.508668649160699
2019-12-26,0.00602874354832128,0.0,0.0,0.0,-0.0002,0.030941216963650642,10.572022717480772
2019-12-27,0.0022731199247867373,0.0,0.0,0.0,0.0,0.030941216963650642,10.596054192965175
2019-12-30,-0.005030776611521959,0.0,0.0,-0.0,-0.0,0.030941216963650642,10.542747811356787
2019-12-31,0.0036056724922863825,1.0,0.006249450505712662,0.0036056724922863825,0.00048094723943005154,0.030956098056533918,10.580761507133309
2020-01-02,-0.014618506412889531,0.0,0.005909478368870705,-0.0,-0.0029547391844353525,0.030864630860609053,10.426086577188025
2020-01-03,0.007124221623896476,1.0,0.008519134122368094,0.007124221623896476,0.002864654562712429,0.03095304736623033,10.500364328633845
2020-01-06,0.00499327145170092,0.0,0.0,0.0,-0.0002,0.030946856756757086,10.552795498068472
2020-01-07,-0.0008695701287017021,0.0,0.005560087108197035,-0.0,-0.0,0.030946856756757086,10.543619102329053
2020-01-08,-0.00045572969449747536,1.0,0.0004196681381511802,-0.00045572969449747536,-0.0006655637635730654,0.030926259650303302,10.538814062016652
2020-01-09,0.007835769638388834,1.0,0.005336243373135302,0.007835769638388834,0.007835769638388834,0.03116859069670008,10.621393781268427
2020-01-10,0.0018924882665505294,0.0,0.0,0.0,-0.0002,0.031162356978560738,10.641494644373891
2020-01-13,0.011701742242859803,0.0,0.0028852017741736427,0.0,0.0,0.031162356978560738,10.766018671781127
2020-01-14,0.005397743393610099,0.0,0.0,0.0,0.0,0.031162356978560738,10.824130877942217
2020-01-15,0.015541231927787003,0.0,0.0,0.0,0.0,0.031162356978560738,10.992351206333037
2020-01-16,0.002742613023452245,0.0,0.0036280733939453207,0.0,0.0,0.031162356978560738,11.022498971909886
2020-01-17,0.0044793305614612144,0.0,0.0,0.0,0.0,0.031162356978560738,11.071872388418438
2020-01-21,0.013772670681364119,0.0,0.0,0.0,0.0,0.031162356978560738,11.224361640650214
2020-01-22,0.011717111615304754,0.0,0.0,0.0,0.0,0.031162356978560738,11.355878738804257
2020-01-23,0.0006924675456339013,0.0,0.0,0.0,0.0,0.031162356978560738,11.363742316283034
2020-01-24,0.013995735579423352,0.0,0.006413605789181965,0.0,0.0,0.031162356978560738,11.522786248934436
2020-01-27,0.011451835876416183,0.0,0.0,0.0,0.0,0.031162356978560738,11.654743305896258
2020-01-28,-0.0034866658381103033,0.0,0.008169380502755738,-0.0,-0.0,0.031162356978560738,11.614107110559644
2020-01-29,-0.00018819162701888548,1.0,0.0058801468126613516,-0.00018819162701888548,-0.0031282650333495613,0.031064872866867953,11.611921432846136
2020-01-30,0.015690922944695096,1.0,0.0,0.015690922944695096,0.015690922944695096,0.031552309393308726,11.794123197288778
2020-01-31,-0.006409105976062812,0.0,0.008091416656699282,-0.0,-0.004045708328349641,0.031424657952417556,11.718533411822614
2020-02-03,-0.005182723754459495,1.0,0.005973435261782233,-0.005182723754459495,-0.008169441385350612,0.03116793605122059,11.657799490341734
2020-02-04,-0.008508057067412866,1.0,0.0,-0.008508057067412866,-0.008508057067412866,0.030902757472623332,11.55861426699745
2020-02-05,0.008203078539344322,1.0,0.008781702965822272,0.008203078539344322,0.008203078539344322,0.03115625521925357,11.653430487635616
2020-02-06,0.0060738186946209805,0.0,0.0,0.0,-0.0002,0.03115002396820972,11.724211311587883
2020-02-07,0.004509367335374881,0.0,0.0,0.0,0.0,0.03115002396820972,11.77708008710939
2020-02-10,0.008161983509157533,0.0,0.007793312817032819,0.0,0.0,0.03115002396820972,11.873204420566404
2020-02-11,0.001508809291670632,0.0,0.0,0.0,0.0,0.03115002396820972,11.89111882171806
2020-02-12,-0.006944457268399207,0.0,0.0,-0.0,-0.0,0.03115002396820972,11.80854145518718
2020-02-13,0.0192778253737389,1.0,0.00231330024382975,0.0192778253737389,0.018121175251824023,0.031714499011636164,12.036184455278836
2020-02-14,0.011071849019506086,0.0,0.0,0.0,-0.0002,0.031708156111833835,12.169447272338608
2020-02-18,0.012638119882470766,0.0,0.0,0.0,0.0,0.031708156111833835,12.32324620586983
2020-02-19,-0.026130914538416095,0.0,0.0,-0.0,-0.0,0.031708156111833835,12.001228512428385
2020-02-20,0.008592237377784473,1.0,0.006834854976182334,0.008592237377784473,0.005174809889693306,0.03187223979166529,12.104345916632205
2020-02-21,0.002021317716702775,0.0,0.0,0.0,-0.0002,0.03186586534370696,12.128812645482594
2020-02-24,-0.01314898196549208,0.0,0.004926165684707879,-0.0,-0.0,0.03186586534370696,11.96933110674431
2020-02-25,-0.013178004453580638,1.0,0.0,-0.013178004453580638,-0.013378004453580639,0.031439563655221645,11.811599208113252
2020-02-26,-0.003181154435314193,1.0,0.0016173620477973553,-0.003181154435314193,-0.003181154435314193,0.03133954954785549,11.774024686904209
2020-02-27,-0.04558515400391672,1.0,0.0,-0.04558515400391672,-0.04558515400391672,0.029910931355303122,11.237303958305763
2020-02-28,-0.012077476407127863,1.0,0.0,-0.012077476407127863,-0.012077476407127863,0.02954968278754423,11.1015856848696
2020-03-02,0.06167917751583496,1.0,0.0,0.06167917751583496,0.06167917751583496,0.03137228291773378,11.786322359033923
2020-03-03,-0.011924970496976273,0.0,0.0,-0.0,-0.0002,0.03136600846115023,11.645770812634591
2020-03-04,0.06437866824406724,1.0,0.0,0.06437866824406724,0.06417866824406723,0.033379037112318995,12.395510028227635
2020-03-05,-0.021472432035040456,0.0,0.016778220914612466,-0.0,-0.008389110457306233,0.03309901668302522,12.129348281606855
2020-03-06,-0.01571552000544152,1.0,0.0,-0.01571552000544152,-0.015915520005441518,0.03257222862084609,11.938729266034295
2020-03-09,-0.038775679788324524,1.0,0.0,-0.038775679788324524,-0.038775679788324524,0.03130921831385206,11.47579692293505
2020-03-10,-0.02124156128906074,1.0,0.02426004779642751,-0.02124156128906074,-0.02124156128906074,0.03064416163412579,11.23203307925571
2020-03-11,-0.056582994366152106,1.0,0.0,-0.056582994366152106,-0.056582994366152106,0.028910223209026597,10.59649101481175
2020-03-12,-0.13417074020757125,1.0,0.0,-0.13417074020757125,-0.13417074020757125,0.025031317161505393,9.17475197175158
2020-03-13,0.060653972372112896,1.0,0.010411686766732764,0.060653972372112896,0.060653972372112896,0.026549565981056938,9.731237124367189
2020-03-16,-0.09112664724931452,0.0,0.10924157452063918,-0.0,-0.05462078726031959,0.025099407785751808,8.844462111635545
2020-03-17,0.10125623517822047,1.0,0.03151495389737839,0.10125623517822047,0.08549875822953126,0.027245375983730214,9.740019047236174
2020-03-18,-0.050144258869003755,0.0,0.09427765550055739,-0.0,-0.047138827750278695,0.025961060898241576,9.251613010742537
2020-03-19,-0.01680567056918547,1.0,0.0809809901703774,-0.01680567056918547,-0.05729616565437417,0.024473591652452633,9.096133450250408
2020-03-20,-0.0741190186173295,1.0,0.0,-0.0741190186173295,-0.0741190186173295,0.022659633057131576,8.421936965705584
2020-03-23,-0.05262038509261824,1.0,0.0,-0.05262038509261824,-0.05262038509261824,0.02146727443960789,7.978771399344399
2020-03-24,0.13690412886482117,0.0,0.0,0.0,-0.0002,0.02146298098471997,9.071098147183195
2020-03-25,0.018108829865788323,-1.0,0.0,-0.018108829865788323,-0.01830882986578832,0.02107001891745808,9.235365120226403
2020-03-26,0.09906299939207863,-1.0,0.0,-0.09906299939207863,-0.09906299939207863,0.018982759646246846,10.150248089517016
2020-03-27,0.0036778812091191604,-1.0,0.0,-0.0036778812091191604,-0.0036778812091191604,0.01891294331124669,10.187579496233347
2020-03-30,0.060616471573579744,-1.0,0.0,-0.060616471573579744,-0.060616471573579744,0.017766507420647778,10.805114619170359
2020-03-31,-0.02190950362143884,-1.0,0.024824970278692158,0.02190950362143884,0.02190950362143884,0.018155762779320777,10.568379921291584
2020-04-01,-0.0930514265937249,0.0,0.0,-0.0,-0.0002,0.018152131626764913,9.584977092830924
2020-04-02,0.037666942944643234,0.0,0.05964899619714701,0.0,0.0,0.018152131626764913,9.946013878112298
2020-04-03,-0.021241007683509894,-1.0,0.038169687102670026,0.021241007683509894,0.0021561641321748808,0.01819127060190106,9.734750520907019
2020-04-06,0.058066929837656156,0.0,0.0,0.0,-0.0002,0.018187632347780678,10.300017596391614
2020-04-07,-0.025670349188868458,-1.0,0.02835437313916381,0.025670349188868458,0.011493162619286552,0.018396665764013515,10.035612548040751
2020-04-08,0.02192652050497146,0.0,0.0075063865957405475,0.0,-0.0037531932978702737,0.01832761952136486,10.255658612355315
2020-04-09,0.05044952703520611,-1.0,0.0,-0.05044952703520611,-0.05064952703520611,0.01739933426092652,10.77305173878318
2020-04-13,-0.03697806649187263,-1.0,0.017119972125253034,0.03697806649187263,0.03697806649187263,0.018042728000141377,10.37468511526607
2020-04-14,0.026120643479057515,0.0,0.009586396884794433,0.0,-0.004793198442397216,0.017956245624394504,10.64567856636942
2020-04-15,-0.021288648998111226,-1.0,0.0,0.021288648998111226,0.021088648998111227,0.01833491858569123,10.419046452023265
2020-04-16,0.0010960046149464109,0.0,0.0194206009131042,0.0,-0.0097103004565521,0.018156881017377748,10.430465775018023
2020-04-17,0.03697155710762545,-1.0,0.0,-0.03697155710762545,-0.03717155710762545,0.017481961477743932,10.816096336078235
2020-04-20,-0.03512547370490926,-1.0,0.029645994725427782,0.03512547370490926,0.03512547370490926,0.018096023655940666,10.436175828635553
2020-04-21,-0.00921669721364926,0.0,0.0,-0.0,-0.0002,0.01809240445120948,10.339988755954614
2020-04-22,0.04991072999654156,0.0,0.0,0.0,0.0,0.01809240445120948,10.856065142920341
2020-04-23,-0.02439632966761951,-1.0,0.023929573131196202,0.02439632966761951,0.012431543102021408,0.018317320956963895,10.591216998800505
2020-04-24,-0.005971610949550343,0.0,0.0,-0.0,-0.0002,0.018313657492772504,10.527970371401404
2020-04-27,0.016270350322051153,0.0,0.0,0.0,0.0,0.018313657492772504,10.69926413752428
2020-04-28,-0.017651751222747647,-1.0,0.012483881099608038,0.017651751222747647,0.011409810672943627,0.018522612857494174,10.510403388702235
2020-04-29,-0.017426031107701023,0.0,0.0,-0.0,-0.0002,0.018518908334922677,10.327248772296224
2020-04-30,-0.017054366583829972,0.0,0.0,-0.0,-0.0,0.018518908334922677,10.151124085931077
2020-05-01,-0.017609768929676917,0.0,0.0,-0.0,-0.0,0.018518908334922677,9.972365136401352
2020-05-04,0.013389005120810316,0.0,0.018826061494348637,0.0,0.0,0.018518908334922677,10.10588518427922
2020-05-05,4.376771758329845e-05,-1.0,0.0,-4.376771758329845e-05,-0.00024376771758329846,0.01851439402290574,10.106327495807895
2020-05-06,-0.032333848642026264,-1.0,0.0,0.032333848642026264,0.032333848642026264,0.019113035636941212,9.779551032231694
2020-05-07,0.008173875178978163,0.0,0.019220950994263256,0.0,-0.009610475497131628,0.018929350276276583,9.859487861675603
2020-05-08,0.023387244567780074,-1.0,0.0,-0.023387244567780074,-0.023587244567780073,0.01848285906180087,10.090074115609669
2020-05-11,-0.010229325257505195,-1.0,0.0,0.010229325257505195,0.010229325257505195,0.01867192623883266,9.986859465608763
2020-05-12,0.002418873922822584,0.0,0.00606970444467299,0.0,-0.003034852222336495,0.018615259701991436,10.011016419541019
2020-05-13,0.009608122557184684,-1.0,0.009446861733773565,-0.009608122557184684,-0.014331553424071466,0.01834847411306938,10.107203492221958
2020-05-14,0.009169304737291828,-1.0,0.002343261246332584,-0.009169304737291828,-0.009169304737291828,0.018180231362462336,10.199879521083961
2020-05-15,-0.01886050998980171,-1.0,0.0,0.01886050998980171,0.01886050998980171,0.01852311979769096,10.007504591481784
2020-05-18,0.03335505878449441,0.0,0.0,0.0,-0.0002,0.018519415173731422,10.341305495416757
2020-05-19,-0.021023707837143357,-1.0,0.0,0.021023707837143357,0.02082370783714336,0.018905058064623965,10.12389291002647
2020-05-20,0.009935029140521134,0.0,0.011827158232929626,0.0,-0.005913579116464813,0.01879326150805745,10.224474081103098
2020-05-21,-0.016710278294985392,-1.0,0.0,0.016710278294985392,0.016510278294985394,0.01910354348562591,10.053620273788
2020-05-22,0.021625147060360783,0.0,0.01961817865475625,0.0,-0.009809089327378125,0.018916155121105956,10.27103129069769
2020-05-26,0.0019668176731231224,-1.0,0.0,-0.0019668176731231224,-0.0021668176731231225,0.018875167261882004,10.291232536561436
2020-05-27,0.029106995210534503,-1.0,0.003705410860449649,-0.029106995210534503,-0.029106995210534503,0.018325767858792367,10.590779392713626
2020-05-28,0.042425240519684326,-1.0,0.0,-0.042425240519684326,-0.042425240519684326,0.0175482927496752,11.040095755740419
2020-05-29,0.01670900390980168,-1.0,0.0,-0.01670900390980168,-0.01670900390980168,0.017255078257510534,11.22456475888767
2020-06-01,0.005862502148447524,-1.0,0.0,-0.005862502148447524,-0.005862502148447524,0.017153920324154248,11.290368793902037
2020-06-02,0.0037160940024039135,-1.0,0.005639324077529707,-0.0037160940024039135,-0.0037160940024039135,0.017090174743719943,11.332324865661985
2020-06-03,0.011613302554237315,-1.0,0.0009168132341038181,-0.011613302554237315,-0.011613302554237315,0.016891701373716338,11.463930582969825
2020-06-04,-0.029624815636740798,-1.0,0.0,0.029624815636740798,0.029624815636740798,0.017392114912703566,11.12431375297695
2020-06-05,0.009885421240215297,0.0,0.025157305563924526,0.0,-0.012578652781962263,0.01717334553807268,11.234282280433447
2020-06-08,0.0239798797225923,-1.0,0.024309506955197877,-0.0239798797225923,-0.03613463320019124,0.016552792996234283,11.503679018287892
2020-06-09,-0.006948805622690846,-1.0,0.011276578232141626,0.006948805622690846,0.006948805622690846,0.01666781513727775,11.423742188843983
2020-06-10,-0.00726784188661278,0.0,0.004974779103140323,-0.0,-0.0024873895515701615,0.016626355788057785,11.340716236862036
2020-06-11,-0.03294520961440017,0.0,0.0,-0.0,-0.0,0.016626355788057785,10.967093963261185
2020-06-12,-0.005718319201587718,1.0,0.01273704353823431,-0.005718319201587718,-0.012086840970704872,0.01642539566972517,10.904380619265451
2020-06-15,0.006723129901375691,1.0,0.015834681265977132,0.006723129901375691,0.006723129901375691,0.016535825738494225,10.977692186662816
2020-06-16,-0.0016091736255835487,0.0,0.0,-0.0,-0.0002,0.016532518573346526,10.960027173926264
2020-06-17,0.0033445332969646024,1.0,0.007912547736352341,0.0033445332969646024,-0.000611740571211568,0.0165224049609909,10.996683349745098
2020-06-18,-0.0002811992853558598,0.0,0.010631515617511194,-0.0,-0.005315757808755597,0.016434575857800088,10.993591090245864
2020-06-19,-0.026995662263633924,1.0,0.0063251798092834105,-0.026995662263633924,-0.03015825216827563,0.0159389377748019,10.696811818109092
2020-06-22,0.01994140345485307,1.0,0.010415028464652141,0.01994140345485307,0.01994140345485307,0.016256782563611023,10.910121258254646
2020-06-23,-0.015503417373583295,0.0,0.013057231325219631,-0.0,-0.006528615662609816,0.01615064827834259,10.740977094791521
2020-06-24,-0.006331908784064977,1.0,0.0,-0.006331908784064977,-0.0065319087840649765,0.01604515371698494,10.67296620757557
2020-06-25,-0.010386054953867574,1.0,0.0,-0.010386054953867574,-0.010386054953867574,0.015878507868737082,10.562116194022918
2020-06-26,-0.012293102466379602,1.0,0.02028301182713337,-0.012293102466379602,-0.012293102466379602,0.015683311744493483,10.432275017387987
2020-06-29,0.008551316619953342,1.0,0.0036782933366771046,0.008551316619953342,0.008551316619953342,0.01581742470887008,10.5214847041281
2020-06-30,0.00810090883755099,0.0,0.0,0.0,-0.0002,0.015814261223928306,10.60671829255193
2020-07-01,0.025357135674587417,0.0,0.0015736087304494448,0.0,0.0,0.015814261223928306,10.875674287358297
2020-07-02,0.0005686561435234161,0.0,0.0,0.0,0.0,0.015814261223928306,10.881858806356764
2020-07-06,0.0022726832126076513,0.0,0.008902321072789952,0.0,0.0,0.015814261223928306,10.906589824187938
2020-07-07,-0.0009717265957988053,0.0,0.010239035256256574,-0.0,-0.0,0.015814261223928306,10.895991600786306
2020-07-08,0.0265481668296903,1.0,0.0,0.0265481668296903,0.026348166829690302,0.01623093801694467,11.185260203578885
2020-07-09,-0.005053797562874829,0.0,0.01277473417575275,-0.0,-0.006387367087876375,0.01612726505764988,11.128732162821917
2020-07-10,0.030199580535150927,1.0,0.0,0.030199580535150927,0.02999958053515093,0.016611076244558574,11.464815206027183
2020-07-13,-0.012943012275525079,0.0,0.01104049830022346,-0.0,-0.00552024915011173,0.016519378965037107,11.316425962078947
2020-07-14,0.02462523027009267,1.0,0.01850700579624242,0.02462523027009267,0.015371727371971459,0.01677331035484194,11.595095557229596
2020-07-15,-0.01352115175712676,0.0,0.010084070565305728,-0.0,-0.005042035282652864,0.01668873873222594,11.43831651056191
2020-07-16,0.036216391402830395,1.0,0.02187183195233113,0.036216391402830395,0.025280475426664832,0.01711063798164801,11.852571058297876
2020-07-17,0.02608221038713676,0.0,0.0,0.0,-0.0002,0.017107215854051682,12.16171231026889
2020-07-20,-0.0038129605191249416,0.0,0.00656887222075,-0.0,-0.0,0.017107215854051682,12.115340181384878
2020-07-21,0.007290543648074577,1.0,0.009728152469902124,0.007290543648074577,0.0024264674131235144,0.01714872595585081,12.203667597788536
2020-07-22,0.014801171611347419,0.0,0.010134649656105199,0.0,-0.005067324828052599,0.017061827791045255,12.384296176191244
2020-07-23,0.001961313763594763,0.0,0.0,0.0,0.0,0.017061827791045255,12.40858566673404
2020-07-24,-0.0025625649868654676,0.0,0.013856492252038749,-0.0,-0.0,0.017061827791045255,12.376787859567948
2020-07-27,-0.009348758278638791,1.0,0.0,-0.009348758278638791,-0.009548758278638792,0.016898908521676803,12.261080261602856
2020-07-28,0.008680826393641983,1.0,0.012597273997260513,0.008680826393641983,0.008680826393641983,0.017045605012795517,12.367516570752342
2020-07-29,0.004999156629714729,0.0,0.0009254333054959468,0.0,-0.0004627166527479734,0.017037717727499933,12.429343723210124
2020-07-30,0.003197888155876072,0.0,0.0024837967508498163,0.0,0.0,0.017037717727499933,12.46909137428789
2020-07-31,-0.0058088326861464035,0.0,0.006380837403057928,-0.0,-0.0,0.017037717727499933,12.39666050874638
2020-08-03,-0.011079239603264845,1.0,0.0162166497768486,-0.011079239603264845,-0.019187564491689145,0.016710805419812333,12.259314936689648
2020-08-04,0.026874013647567363,1.0,0.006327533377035045,0.026874013647567363,0.026874013647567363,0.01715989183272621,12.588771933608072
2020-08-05,-0.004455592250451557,0.0,0.001760613065691524,-0.0,-0.000880306532845762,0.017144785867842936,12.532681498937986
2020-08-06,-0.0034178177190998804,1.0,0.0047871993405094035,-0.0034178177190998804,-0.005811417389354583,0.017045150361113794,12.48984707804308
2020-08-07,0.017573539596708487,1.0,0.0,0.017573539596708487,0.017573539596708487,0.017344693985916676,12.709337900225904
2020-08-10,-0.014386036512699762,0.0,0.01997583087766774,-0.0,-0.00998791543883387,0.01717145664907289,12.526500901141015
2020-08-11,-0.020624645021181,1.0,0.0,-0.020624645021181,-0.020824645021180997,0.01681386715985935,12.268146266697478
2020-08-12,0.024478834490129442,1.0,0.011841999556405358,0.024478834490129442,0.024478834490129442,0.01722545103120457,12.568456188660665
2020-08-13,-0.0006675285009960508,0.0,0.004491005600976444,-0.0,-0.002245502800488222,0.017186771232674328,12.560066385941214
2020-08-14,-0.013713080959145807,1.0,0.0,-0.013713080959145807,-0.013913080959145807,0.016947650293087813,12.387829178738556
2020-08-17,0.008876952785588754,1.0,0.010533604269134675,0.008876952785588754,0.008876952785588754,0.017098093784566223,12.497795353474157
2020-08-18,0.00021197048401999652,0.0,0.006396264250842008,0.0,-0.003198132125421004,0.01704341182155034,12.500444517204416
2020-08-19,-0.0025081622396203596,0.0,0.0042133248839768345,-0.0,-0.0,0.01704341182155034,12.469091374287894
2020-08-20,-0.0008147385025264464,1.0,0.002761657355780341,-0.0008147385025264464,-0.0021955671804166172,0.01700599186591262,12.458932325453741
2020-08-21,0.0010635360837474295,1.0,0.0069184064103597846,0.0010635360837474295,0.0010635360837474295,0.017024078351901933,12.472182849546828
2020-08-24,0.0007788840736033809,0.0,0.008554349502355141,0.0,-0.004277174751177571,0.016951263393813108,12.48189723413141
2020-08-25,-0.004670232784065309,0.0,0.0071103928136105965,-0.0,-0.0,0.016951263393813108,12.423603868461235
2020-08-26,-0.008211618817266841,1.0,0.0006030762809030339,-0.008211618817266841,-0.008513156957718359,0.016806954627909952,12.32158596915671
2020-08-27,0.004610892166645231,1.0,0.010158499435294115,0.004610892166645231,0.004610892166645231,0.016884449683348943,12.37839947338254
2020-08-28,0.0024025691435540786,0.0,0.007487078410965057,0.0,-0.0037435392054825287,0.016821242083996327,12.408139434003875
2020-08-31,-0.0013590691207651107,0.0,0.0,-0.0,-0.0,0.016821242083996327,12.391275914852972
2020-09-01,-0.007307683447132507,1.0,0.0,-0.007307683447132507,-0.007507683447132507,0.0166949535232421,12.300724392961149
2020-09-02,0.04016138587374396,1.0,0.0,0.04016138587374396,0.04016138587374396,0.01736544599383325,12.794738531833437
2020-09-03,-0.026607711676114865,0.0,0.03229835785995126,-0.0,-0.01614917892997563,0.01708500829928001,12.454299818007135
2020-09-04,-0.011654195254005795,1.0,0.0028366972082661426,-0.011654195254005795,-0.013072543858138866,0.016861663778971005,12.309154976176151
2020-09-08,0.0021278517947849185,1.0,0.009685487455305761,0.0021278517947849185,0.0021278517947849185,0.016897542900506147,12.335347033684494
2020-09-09,0.016048150427489638,0.0,0.0,0.0,-0.0002,0.016894163391926047,12.533306538456351
2020-09-10,-0.0193362784956721,0.0,0.0,-0.0,-0.0,0.016894163391926047,12.290959032757131
2020-09-11,0.004477988111615039,1.0,0.0014137645486760355,0.004477988111615039,0.003771105837277021,0.01695787307010925,12.345997801186165
2020-09-14,0.013553842146107664,0.0,0.0,0.0,-0.0002,0.01695448149549523,12.513333506519634
2020-09-15,0.04887887272958369,0.0,0.0,0.0,0.0,0.01695448149549523,13.124971142407643
2020-09-16,-0.05191042850685401,0.0,0.0,-0.0,-0.0,0.01695448149549523,12.44364826626517
2020-09-17,-0.00296058450872394,1.0,0.0,-0.00296058450872394,-0.0031605845087239403,0.01690089542392712,12.406807793976055
2020-09-18,-0.009302117721810776,1.0,0.012334708867394129,-0.009302117721810776,-0.009302117721810776,0.016743681305089738,12.29139820732461
2020-09-21,-0.0025998213488164224,1.0,0.0,-0.0025998213488164224,-0.0025998213488164224,0.016700150724974987,12.259442767858404
2020-09-22,0.006734218029864181,1.0,0.0,0.006734218029864181,0.006734218029864181,0.01681261318108856,12.342000528381805
2020-09-23,-0.01708267450457901,0.0,0.005392883522673267,-0.0,-0.0026964417613366334,0.016767278948789877,12.131166150620116
2020-09-24,0.015476945842519907,1.0,0.01650493430193369,0.015476945842519907,0.0072244786915530625,0.016888413798270732,12.318919552139874
2020-09-25,0.015421477323822819,0.0,0.009118331182256138,0.0,-0.004559165591128069,0.01681141672319292,12.508895490667197
2020-09-28,0.00823199011180642,0.0,0.0,0.0,0.0,0.01681141672319292,12.61186859465599
2020-09-29,-0.0035896840856634027,0.0,0.01027403696422803,-0.0,-0.0,0.01681141672319292,12.566595970671274
2020-09-30,-0.019638278048241697,1.0,0.0,-0.019638278048241697,-0.019838278048241696,0.01647790716385336,12.319809664879319
2020-10-01,0.018734529793571042,1.0,0.0,0.018734529793571042,0.018734529793571042,0.01678661300655027,12.550615506097126
2020-10-02,-0.005622945883262176,0.0,0.013335586930086485,-0.0,-0.006667793465043243,0.016674683338044984,12.480044074304711
2020-10-05,0.023971024434151778,1.0,0.0006088725729518361,0.023971024434151778,0.02366658814767586,0.017069316201099406,12.77920351574916
2020-10-06,0.008231906577535142,0.0,0.0,0.0,-0.0002,0.017065902337859186,12.884400725226115
2020-10-07,0.023563423765893265,0.0,0.0,0.0,0.0,0.017065902337859186,13.1880013194842
2020-10-08,0.013193170711517821,0.0,0.0,0.0,0.0,0.017065902337859186,13.361992872235879
2020-10-09,0.006211594977290957,0.0,0.0,0.0,0.0,0.017065902337859186,13.444992160047656
2020-10-12,0.009112125137876514,0.0,0.0,0.0,0.0,0.017065902337859186,13.567504611087779
2020-10-13,-0.013740775533768734,0.0,0.0,-0.0,-0.0,0.017065902337859186,13.38107657567345
2020-10-14,-0.0027527081366296446,1.0,0.011207209425178354,-0.0027527081366296446,-0.008356312849218821,0.01692329431886982,13.34424237730673
2020-10-15,-0.007251270047748171,1.0,0.0,-0.007251270047748171,-0.007251270047748171,0.016800578941666172,13.247479672246273
2020-10-16,0.02392311017481652,1.0,0.0,0.02392311017481652,0.02392311017481652,0.017202501042688355,13.564400587984062
2020-10-19,-0.0197974934422126,0.0,0.020723689720057996,-0.0,-0.010361844860028998,0.01702425139567953,13.295859456295902
2020-10-20,0.0048070616347666295,1.0,0.008759141505811915,0.0048070616347666295,0.00042749088186067215,0.01703152910792169,13.359773472189511
2020-10-21,-0.010996926031149656,0.0,0.0,-0.0,-0.0002,0.017028122802100105,13.212857031522928
2020-10-22,0.015419305708640252,1.0,0.0,0.015419305708640252,0.015219305708640251,0.017287279008669533,13.416590113376538
2020-10-23,0.0026466361393786553,0.0,0.0006959201652230243,0.0,-0.00034796008261151216,0.017281263725637548,13.45209894563783
2020-10-26,-0.001385877435546079,0.0,0.0,-0.0,-0.0,0.017281263725637548,13.433455985248338
2020-10-27,0.001552781614617249,1.0,0.0,0.001552781614617249,0.001352781614617249,0.017304641501482945,13.454315208723003
2020-10-28,-0.017418656647775976,0.0,0.0036632782054382804,-0.0,-0.0018316391027191402,0.01727294564345029,13.219959111671306
2020-10-29,-0.006043355453091204,1.0,0.0,-0.006043355453091204,-0.006243355453091203,0.01716510450407631,13.140066199684144
2020-10-30,-0.010809390997503887,1.0,0.008578961578734223,-0.010809390997503887,-0.010809390997503887,0.016979560177978734,12.998030086398673
2020-11-02,0.026225832687745365,1.0,0.0,0.026225832687745365,0.026225832687745365,0.017424863282317907,13.338914248714845
2020-11-03,0.011845932095488898,0.0,0.0,0.0,-0.0002,0.017421378309661444,13.49692612113267
2020-11-04,-0.03551662875114936,0.0,0.0,-0.0,-0.0,0.017421378309661444,13.017560806806712
2020-11-05,0.01950352986310455,1.0,0.0,0.01950352986310455,0.019303529863104553,0.017757672406118436,13.271449192747045
2020-11-06,0.012976430095418712,0.0,0.015678739032444065,0.0,-0.007839369516222033,0.017618463450378853,13.44366522546163
2020-11-09,-0.0027732603566457126,0.0,0.0,-0.0,-0.0,0.017618463450378853,13.40638244164384
2020-11-10,0.0063566929191896104,1.0,0.008625137560504934,0.0063566929191896104,0.0020441241389371435,0.017654477776808754,13.491602697982586
2020-11-11,0.02039759108139294,0.0,0.0010757557371372903,0.0,-0.0005378778685686451,0.017644981823931472,13.766798892848652
2020-11-12,-0.011220377078862476,0.0,0.01603933569364577,-0.0,-0.0,0.017644981823931472,13.612330218102024
2020-11-13,0.006782834195965259,1.0,0.006909780567198593,0.006782834195965259,0.003327943912365963,0.017703703333776234,13.704660396992137
2020-11-16,0.007254559893809853,0.0,0.0066822817904346335,0.0,-0.0033411408952173168,0.01764455276657096,13.80408167666644
2020-11-17,-0.014662548009152676,0.0,0.0221145326091067,-0.0,-0.0,0.01764455276657096,13.601678666360053
2020-11-18,-0.010703328297133163,1.0,0.0,-0.010703328297133163,-0.010903328297133164,0.017452168415100947,13.45609543420189
2020-11-19,-0.008708409215737234,1.0,0.0,-0.008708409215737234,-0.008708409215737234,0.017300187790840284,13.338914248714847
2020-11-20,0.005590077741354671,1.0,0.003247514873588179,0.005590077741354671,0.005590077741354671,0.017396897185531116,13.413479816350426
2020-11-23,-0.012971395576231393,0.0,0.0,-0.0,-0.0002,0.01739341780609401,13.23948826359875
2020-11-24,0.005498424113643985,1.0,0.010363987577402404,0.005498424113643985,0.0003164303249427831,0.017398921610942256,13.312284585119627
2020-11-25,0.017955254957480404,0.0,0.0017217154688352588,0.0,-0.0008608577344176294,0.01738394361470295,13.551310048911986
2020-11-27,-0.011057008584373085,0.0,0.01454364597271734,-0.0,-0.0,0.01738394361470295,13.401473097371666
2020-11-30,-0.02049813915551757,1.0,0.0,-0.02049813915551757,-0.02069813915551757,0.01702412833069416,13.126767836932816
2020-12-01,0.0076096611606173425,1.0,0.011984957925294602,0.0076096611606173425,0.0076096611606173425,0.017153676178845608,13.226658092305964
2020-12-02,0.0021582433511875276,0.0,0.0,0.0,-0.0002,0.017150245443609838,13.255204439192115
2020-12-03,-0.012918909797959621,0.0,0.015337313230241675,-0.0,-0.0,0.017150245443609838,13.083961648688678
2020-12-04,-0.011315834286014681,1.0,0.0,-0.011315834286014681,-0.011515834286014682,0.016952746059116747,12.935905706867546
2020-12-07,0.010342153393088749,1.0,0.00914923742869922,0.010342153393088749,0.010342153393088749,0.017128073959294214,13.069690827966502
2020-12-08,0.005595659898318672,0.0,0.013512918317813684,0.0,-0.006756459158906842,0.017012348827117506,13.142824372815978
2020-12-09,-0.0001358699705883426,0.0,0.014573586163430918,-0.0,-0.0,0.017012348827117506,13.141038657654995
2020-12-10,-0.005293919759461363,1.0,0.005643752998708762,-0.005293919759461363,-0.008115796258815745,0.01687428007015272,13.07147105344539
2020-12-11,0.007096126000933678,1.0,0.010014540664543853,0.007096126000933678,0.007096126000933678,0.016994022087705566,13.164227859058196
2020-12-14,-0.003387354266618736,0.0,0.0,-0.0,-0.0002,0.016990623283288025,13.119635955653074
2020-12-15,0.01849065179948095,1.0,0.02061769012324897,0.01849065179948095,0.008181806737856465,0.017129637279347614,13.362226575845005
2020-12-16,-0.006274050772506423,0.0,0.0025019599578819454,-0.0,-0.0012509799789409727,0.01710820844606463,13.278391287874419
2020-12-17,0.00832883777689597,1.0,0.0040890107638304465,0.00832883777689597,0.006284332394980746,0.017215722114622318,13.388984854849273
2020-12-18,-0.007327667553431061,0.0,0.0,-0.0,-0.0002,0.017212278970199394,13.290874824955013
2020-12-21,-0.0014763281229532854,1.0,0.0,-0.0014763281229532854,-0.0016763281229532855,0.01718342554290153,13.27125313267228
2020-12-22,0.004166895160222728,1.0,0.0,0.004166895160222728,0.004166895160222728,0.017255027075632295,13.326553053120902
2020-12-23,-0.005086110436648195,0.0,0.00482256423227693,-0.0,-0.002411282116138465,0.017213420337431336,13.258772732552877
2020-12-24,0.008744556389435054,1.0,0.0060642296851493105,0.008744556389435054,0.005712441546860399,0.01731175099493045,13.37471481836739
2020-12-28,0.006801545974348677,0.0,0.0,0.0,-0.0002,0.017308288644731464,13.46568355609832
2020-12-29,-0.0021191176372951093,0.0,0.009360719903118082,-0.0,-0.0,0.017308288644731464,13.437148188576357
2020-12-30,0.007699325690347925,1.0,0.0,0.007699325690347925,0.007499325690347925,0.017438089138420855,13.540605168829675
2020-12-31,0.01633509959059154,0.0,0.0010609532282009257,0.0,-0.0005304766141004629,0.017428838639938323,13.761792302779385
2021-01-04,-0.037978386963976596,0.0,0.008998227316282175,-0.0,-0.0,0.017428838639938323,13.239141629386555
2021-01-05,0.007410840491174797,1.0,0.00513422840776411,0.007410840491174797,0.004843726287292742,0.017513259163815575,13.33725479624201
2021-01-06,0.04894972490667149,0.0,0.0,0.0,-0.0002,0.01750975651198281,13.990109749528242
2021-01-07,0.010965824432453308,0.0,0.0,0.0,0.0,0.01750975651198281,14.143522836832323
2021-01-08,0.02320562383141822,0.0,0.005524024615852668,0.0,0.0,0.01750975651198281,14.471732107434928
2021-01-11,-0.017749346914944675,0.0,0.013620903729883997,-0.0,-0.0,0.01750975651198281,14.214868313799922
2021-01-12,0.0007529659343601391,1.0,0.0120102609436922,0.0007529659343601391,-0.005252164537485961,0.01741779238977056,14.22557162540163
2021-01-13,0.026206962098100473,0.0,0.0,0.0,-0.0002,0.017414308831292608,14.598380641812344
2021-01-14,0.008431410954301777,0.0,0.001104708987022081,0.0,0.0,0.017414308831292608,14.721465588270789
2021-01-15,-0.005937578342973593,0.0,0.0,-0.0,-0.0,0.017414308831292608,14.63405573301704
2021-01-19,0.009385767587944516,1.0,0.013052688622309402,0.009385767587944516,0.002859423276789815,0.017464103711314013,14.771407578996167
2021-01-20,0.014974111386975908,0.0,0.0,0.0,-0.0002,0.01746061089057175,14.992596281426476
2021-01-21,-0.004045121316500477,0.0,0.006341261650432109,-0.0,-0.0,0.01746061089057175,14.931949410618792
2021-01-22,0.005972788471103385,1.0,0.008231164384370366,0.005972788471103385,0.001857206278918202,0.017493038846751467,15.021134785909634
2021-01-25,0.0315875646218442,0.0,0.0,0.0,-0.0002,0.017489540238982117,15.495615851652987
2021-01-26,-0.018878512619212917,0.0,0.022164023648818004,-0.0,-0.0,0.017489540238982117,15.203081672255081
2021-01-27,-0.05913438246166869,1.0,0.0,-0.05913438246166869,-0.05933438246166869,0.016451809169363608,14.304056826051964
2021-01-28,0.028307979766856173,1.0,0.036861535126310616,0.028307979766856173,0.028307979766856173,0.01691752665045813,14.708975777267804
2021-01-29,-0.019281924961478403,0.0,0.01821261631202479,-0.0,-0.009106308156012394,0.016763470439541506,14.425358410070324
2021-02-01,0.010263316613075002,1.0,0.008381361552992109,0.010263316613075002,0.0060726358365789474,0.0168652688908781,14.57341043068996
2021-02-02,0.015054858681973204,0.0,0.0,0.0,-0.0002,0.016861895837099926,14.792811065238391
2021-02-03,0.0014469903406741924,0.0,0.005409757011224346,0.0,0.0,0.016861895837099926,14.814216119961209
2021-02-04,-0.0006018032711035959,0.0,0.0019982098228585677,-0.0,-0.0,0.016861895837099926,14.80530087624138
2021-02-05,0.007228742328717841,1.0,0.0,0.007228742328717841,0.007028742328717841,0.016980413758112583,14.91232458137487
2021-02-08,-0.0023923226060444946,0.0,0.014334052341128367,-0.0,-0.007167026170564183,0.01685871468832118,14.876649490170173
2021-02-09,0.005155748932602622,1.0,0.010862923474304339,0.005155748932602622,-0.00027571280454954765,0.016854066524813364,14.953349759899822
2021-02-10,0.0009546183398956298,0.0,0.002053313658439515,0.0,-0.0010266568292197575,0.01683676318231554,14.967624501823497
2021-02-11,0.0004765919775360228,0.0,0.011471578870165687,0.0,0.0,0.01683676318231554,14.974757951583838
2021-02-12,-0.009767785705322773,0.0,0.0,-0.0,-0.0,0.01683676318231554,14.828487724923688
2021-02-16,-0.023336886662070344,1.0,0.0,-0.023336886662070344,-0.023536886662070343,0.016440478195537258,14.482436987517243
2021-02-17,-0.0062815308480564935,1.0,0.0,-0.0062815308480564935,-0.0062815308480564935,0.01633720682459519,14.391465112825118
2021-02-18,0.000619699287814468,1.0,0.008457900748960299,0.000619699287814468,0.000619699287814468,0.01634733098002927,14.400383493506142
2021-02-19,-0.03257767257619559,0.0,0.0,-0.0,-0.0002,0.016344061513833264,13.931252515083047
2021-02-22,-0.03841261066617274,1.0,0.0,-0.03841261066617274,-0.03861261066617274,0.015712974629895644,13.396116736129022
2021-02-23,-0.005192824486255687,1.0,0.0,-0.005192824486255687,-0.005192824486255687,0.015631379910485608,13.32655305312091
2021-02-24,-0.01271609996289047,1.0,0.020316993049502498,-0.01271609996289047,-0.01271609996289047,0.015432609720985955,13.157091272336663
2021-02-25,0.009335834079102545,1.0,0.014923187482923836,0.009335834079102545,0.009335834079102545,0.015576686004748624,13.279923693418807
2021-02-26,-0.007831463901589508,0.0,0.0,-0.0,-0.0002,0.015573570667547675,13.175922450397934
2021-03-01,0.03307042240778668,1.0,0.0,0.03307042240778668,0.03287042240778668,0.016085480513787484,13.611655771444834
2021-03-02,-0.0048742585336686295,0.0,0.011354456718916174,-0.0,-0.005677228359458087,0.0159941595676391,13.54530904214351
2021-03-03,-0.039979073507085405,1.0,0.0,-0.039979073507085405,-0.040179073507085404,0.015351529054686876,13.003780136271466
2021-03-04,-0.016960538609229636,1.0,0.0,-0.016960538609229636,-0.016960538609229636,0.015091158853444149,12.783229021204301
2021-03-05,-0.008276123712534278,1.0,0.0,-0.008276123712534278,-0.008276123712534278,0.014966262555807538,12.677433436379156
2021-03-08,0.0022630655491000518,1.0,0.0005015285910166498,0.0022630655491000518,0.0022630655491000518,0.015000132188996372,12.706123299240035
2021-03-09,0.04459460860703102,0.0,0.0,0.0,-0.0002,0.014997132162558572,13.272747894682322
2021-03-10,0.005944693375894428,0.0,0.023828153938554288,0.0,0.0,0.014997132162558572,13.351650311171756
2021-03-11,0.005371998786721788,-1.0,0.0,-0.005371998786721788,-0.005571998786721787,0.01491356816034449,13.423375360444105
2021-03-12,0.0108201453038681,-1.0,0.009060892888491937,-0.0108201453038681,-0.0108201453038681,0.014752201185850421,13.568618232312472
2021-03-15,-0.001982127903949693,-1.0,0.0038406384429672293,0.001982127903949693,0.001982127903949693,0.014781441935465574,13.541723495496164
2021-03-16,-0.001853791504573321,0.0,0.01222684882455249,-0.0,-0.006113424412276245,0.014691076707488655,13.516619963522933
2021-03-17,-0.032103872377301834,0.0,0.0,-0.0,-0.0,0.014691076707488655,13.082684121241503
2021-03-18,-0.02508238828187348,0.0,0.0,-0.0,-0.0,0.014691076707488655,12.754539158343423
2021-03-19,-0.004077213107093414,0.0,0.027281622558433173,-0.0,-0.0,0.014691076707488655,12.70253618411209
2021-03-22,0.011999012177993151,0.0,0.016639825877469858,0.0,0.0,0.014691076707488655,12.85495407047665
2021-03-23,0.03250060808581168,-1.0,0.0,-0.03250060808581168,-0.032700608085811676,0.014210669565718472,13.27274789468232
2021-03-24,-0.01607672926409298,-1.0,0.009027505302056354,0.01607672926409298,0.01607672926409298,0.014439130652988016,13.059365520188953
2021-03-25,0.008513203921391987,0.0,0.01502933449026336,0.0,-0.00751466724513168,0.01433062539082183,13.170542561946316
2021-03-26,0.008304982954045359,-1.0,0.009625038556075416,-0.008304982954045359,-0.013117502232083068,0.014142643380270577,13.279923693418809
2021-03-29,0.009992034718423026,-1.0,0.0,-0.009992034718423026,-0.009992034718423026,0.014001329596604637,13.412617152021458
2021-03-30,-0.007754102746889813,-1.0,0.006805026752430872,0.007754102746889813,0.007754102746889813,0.01410989734488978,13.308614340519986
2021-03-31,0.018728264676779238,0.0,0.0,0.0,-0.0002,0.014107075365420801,13.557861592370424
2021-04-01,0.00211558471096418,-1.0,0.0,-0.00211558471096418,-0.00231558471096418,0.014074409237388215,13.58654439706861
2021-04-05,0.013330165558926854,-1.0,0.0,-0.013330165558926854,-0.013330165558926854,0.01388679503210974,13.767655283255245
2021-04-06,0.010158923144121257,-1.0,0.007362246470644191,-0.010158923144121257,-0.010158923144121257,0.013745720148660373,13.90751983515259
2021-04-07,-0.0019340525195238323,-1.0,0.0030620938681007607,0.0019340525195238323,0.0019340525195238323,0.013772305093346558,13.880621961375084
2021-04-08,0.00452115743709558,0.0,0.0,0.0,-0.0002,0.01376955063232789,13.943378438587267
2021-04-09,0.0023151418669800083,-1.0,0.004651288123273481,-0.0023151418669800083,-0.004640785928616749,0.013705649095510006,13.975659337777588
2021-04-12,-0.0038493579970274583,-1.0,0.00422461450273309,0.0038493579970274583,0.0038493579970274583,0.013758407045460259,13.921862021741982
2021-04-13,0.018031959827030652,0.0,0.007462133551864214,0.0,-0.003731066775932107,0.013707073510043192,14.172900478435496
2021-04-14,0.0011386587310633356,-1.0,0.004477380411077952,-0.0011386587310633356,-0.0033773489366023114,0.013660779939900117,14.189038575309759
2021-04-15,0.013269316417798604,-1.0,0.0,-0.013269316417798604,-0.013269316417798604,0.013479510728363666,14.377317417829895
2021-04-16,0.009478859634940662,-1.0,0.0,-0.009478859634940662,-0.009478859634940662,0.01335174033822183,14.513597991560491
2021-04-19,-0.014208035308541755,-1.0,0.00921766893098471,0.014208035308541755,0.014208035308541755,0.013541442336377768,14.307388278842419
2021-04-20,0.009274251810001743,0.0,0.013497922494035464,0.0,-0.006748961247017732,0.013450051666820829,14.44007860048387
2021-04-21,-0.031789257313272534,0.0,0.0072869002454137,-0.0,-0.0,0.013450051666820829,13.981039226229209
2021-04-22,0.004488684724841319,1.0,0.007040744381217413,0.004488684724841319,0.000968312534232612,0.013463075520435887,14.043795703441392
2021-04-23,-0.001021358852897336,0.0,0.0012273691907054307,-0.0,-0.0006136845953527153,0.013454813438382925,14.0294519483714
2021-04-26,-0.003962049559885883,1.0,0.007581967947473903,-0.003962049559885883,-0.007753033533622835,0.013350497818606501,13.973866564453916
2021-04-27,-0.008341065063944164,1.0,0.0,-0.008341065063944164,-0.008341065063944164,0.01323914044766546,13.857309634244931
2021-04-28,-0.002458442474823075,1.0,0.0,-0.002458442474823075,-0.002458442474823075,0.013206592782458771,13.823242235653328
2021-04-29,0.001686231766151014,1.0,0.0075328989823931205,0.001686231766151014,0.001686231766151014,0.013228862158731173,13.846551425822287
2021-04-30,0.003755662520730896,0.0,0.010987751109389286,0.0,-0.005493875554694643,0.013156184436300896,13.898554400053621
2021-05-03,-0.010450214294790872,0.0,0.008776684731552032,-0.0,-0.0,0.013156184436300896,13.753311528185252
2021-05-04,-0.013168301238162705,1.0,0.0,-0.013168301238162705,-0.013368301238162706,0.012980308599611598,13.572203778959812
2021-05-05,-0.02523456938504054,1.0,0.0,-0.02523456938504054,-0.02523456938504054,0.01265275610161546,13.229715060991742
2021-05-06,0.0031177039036089926,1.0,0.0020168536425038694,0.0031177039036089926,0.0031177039036089926,0.012692203648704879,13.27096139528103
2021-05-07,0.007025976742784268,0.0,0.0,0.0,-0.0002,0.012689665207975138,13.364202861398663
2021-05-10,0.0036226845046352096,0.0,0.012411308401096447,0.0,0.0,0.012689665207975138,13.412617152021454
2021-05-11,-0.009759167681711811,0.0,0.0,-0.0,-0.0,0.012689665207975138,13.281721172184273
2021-05-12,-0.03415750558875941,0.0,0.0,-0.0,-0.0,0.012689665207975138,12.828050707017045
2021-05-13,0.015236320232879574,0.0,0.014936856221037792,0.0,0.0,0.012689665207975138,13.023502995552773
2021-05-14,0.006746988125929665,-1.0,0.0,-0.006746988125929665,-0.0069469881259296646,0.012601510254453312,13.111372415621776
2021-05-17,-0.01668504444011787,-1.0,0.0,0.01668504444011787,0.01668504444011787,0.012811767013061467,12.892608584196191
2021-05-18,0.005424032132139267,0.0,0.0043040642763073345,0.0,-0.0021520321381536672,0.012784195678702821,12.962538507423966
2021-05-19,0.005118464855006888,-1.0,0.018101086316104922,-0.005118464855006888,-0.014169008013059349,0.012603056307690763,13.02888680520589
2021-05-20,0.022433355849313275,-1.0,0.0,-0.022433355849313275,-0.022433355849313275,0.012320327460751405,13.321168459227495
2021-05-21,0.002018829535713973,-1.0,0.0,-0.002018829535713973,-0.002018829535713973,0.012295454819783972,13.348061627563204
2021-05-24,-0.0055078702157626,-1.0,0.008254514153858044,0.0055078702157626,0.0055078702157626,0.012363176589175117,13.274542236486585
2021-05-25,-0.008915066712054776,0.0,0.0,-0.0,-0.0002,0.012360703953857282,13.156198806876318
2021-05-26,0.0013628025830658697,0.0,0.006088897760118809,0.0,0.0,0.012360703953857282,13.174128108593658
2021-05-27,-0.006397205098095715,-1.0,0.008339497269602762,0.006397205098095715,0.0022274564632943344,0.012388236883770169,13.089850509094397
2021-05-28,0.003013697940737581,0.0,0.000648514945660499,0.0,-0.0003242574728302495,0.012384219905385414,13.129299364618218
2021-06-01,-0.009816249800494892,-1.0,0.0,0.009816249800494892,0.009616249800494891,0.012503309657579861,13.000418882349647
2021-06-02,0.008180267629666726,0.0,0.01118083538852857,0.0,-0.005590417694264285,0.012433410934033261,13.10676578810504
2021-06-03,-0.004675847833242375,-1.0,0.010206885768558332,0.004675847833242375,-0.00042759505103679134,0.012428094469050362,13.045480545693914
2021-06-04,-0.00041473932710511807,0.0,0.006256946564064981,-0.0,-0.0031284732820324903,0.012389213507557362,13.04007007187063
2021-06-07,0.001797067365999938,0.0,0.006982159589004263,0.0,0.0,0.012389213507557362,13.063503956247141
2021-06-08,-0.004553316947947916,-1.0,0.00773332878305166,0.004553316947947916,0.0006866525564220862,0.012397720592684387,13.004021682283575
2021-06-09,0.00429709173015036,0.0,0.007571866170279779,0.0,-0.0037859330851398895,0.012350783652112224,13.059901156313211
2021-06-10,0.014630876134552384,-1.0,0.004359319456955704,-0.014630876134552384,-0.016810535863030236,0.012143160360591864,13.250978952460727
2021-06-11,-0.00027224444236639833,-1.0,0.0035553661687716793,0.00027224444236639833,0.00027224444236639833,0.012146466268512799,13.247371447085005
2021-06-14,-0.002449209624922566,0.0,0.0038265948451926095,-0.0,-0.0019132974225963047,0.0121232264659076,13.21492585743188
2021-06-15,0.0016368548838119334,0.0,0.010254877161949876,0.0,0.0,0.0121232264659076,13.23655677336083
2021-06-16,-0.0017704505044675578,-1.0,0.008757593570446056,0.0017704505044675578,-0.00260834628075547,0.012091604893244493,13.21312210474402
2021-06-17,0.01746228760775259,0.0,0.016306516079854325,0.0,-0.008153258039927162,0.011993018918433025,13.443853443133413
2021-06-18,-0.01743069483724624,-1.0,0.024991256311539582,0.01743069483724624,0.00493506668147645,0.012052205266507701,13.209517736329493
2021-06-21,0.014328670544830002,0.0,0.012662675281402904,0.0,-0.006331337640701452,0.0119758986856504,13.398792564029447
2021-06-22,-0.002959778894542908,-1.0,0.0,0.002959778894542908,0.002759778894542908,0.01200894951808624,13.359135100586075
2021-06-23,-0.01025519281702092,0.0,0.0,-0.0,-0.0002,0.012006547728182623,13.222134594260933
2021-06-24,-0.006407667943866491,0.0,0.0,-0.0,-0.0,0.012006547728182623,13.137411546271798
2021-06-25,0.013446700073687756,0.0,0.0,0.0,0.0,0.012006547728182623,13.314066379079117
2021-06-28,0.017465487472951624,-1.0,0.0,-0.017465487472951624,-0.017665487472951623,0.011794446209697017,13.54660303863697
2021-06-29,-0.014238080726494018,-1.0,0.006662154539327816,0.014238080726494018,0.014238080726494018,0.011962376486954975,13.353725411003088
2021-06-30,-0.010799059456080506,0.0,0.0,-0.0,-0.0002,0.011959984011657585,13.209517736329493
2021-07-01,0.01241828404570211,0.0,0.018785343861785476,0.0,0.0,0.011959984011657585,13.373557279685972
2021-07-02,0.0012128155229127469,-1.0,0.0056595600847787406,-0.0012128155229127469,-0.004042595565302117,0.011911634633330974,13.389776937551337
2021-07-06,0.011443304983072,-1.0,0.0,-0.011443304983072,-0.011443304983072,0.011775326165374845,13.54300023870304
2021-07-07,0.00266212023875001,-1.0,0.0,-0.00266212023875001,-0.00266212023875001,0.011743978831272118,13.579053333731888
2021-07-08,-0.0026550521706316665,-1.0,0.005497339890319519,0.0026550521706316665,0.0026550521706316665,0.01177515970775994,13.54300023870304
2021-07-09,-0.0018633451892999808,0.0,0.0072609685993328165,-0.0,-0.0036304842996664082,0.011732410175314853,13.517764954359565
2021-07-12,0.0013333129118666687,0.0,0.012283368493293827,0.0,0.0,0.011732410175314853,13.535788364912792
2021-07-13,-0.0030627333681503277,-1.0,0.006561170572202431,0.0030627333681503277,-0.00021785191795088785,0.011729854247255974,13.494331854223352
2021-07-14,0.01122074165200404,0.0,0.011648791524896583,0.0,-0.005824395762448292,0.01166153493388412,13.645748265726
2021-07-15,0.01479532306917064,-1.0,0.0012725443008285028,-0.01479532306917064,-0.015431595219584891,0.011481578847145372,13.847641519837993
2021-07-16,0.014318985653377192,0.0,0.0,0.0,-0.0002,0.011479282531375944,14.045925700093663
2021-07-19,-0.011935188779240824,0.0,0.013181822093975632,-0.0,-0.0,0.011479282531375944,13.878284925283856
2021-07-20,0.00233809341637059,1.0,0.004526153655822625,0.00233809341637059,7.501658845927763e-05,0.011480143667989409,13.910733651898177
2021-07-21,-0.016716460386452803,0.0,0.0,-0.0,-0.0002,0.01147784763925581,13.678195423859725
2021-07-22,0.0031628318295873203,1.0,0.005869549447372635,0.0031628318295873203,0.00022805710590100264,0.011480465243970393,13.721457255717624
2021-07-23,0.014188098005452066,0.0,0.004853290834433842,0.0,-0.002426645417216921,0.011452606225598594,13.916138636039367
2021-07-26,-0.0037563811874821162,0.0,0.004904616030164447,-0.0,-0.0,0.011452606225598594,13.863864314664555
2021-07-27,0.012351792462553357,1.0,0.003996255755796244,0.012351792462553357,0.010353664584655236,0.011571182669078575,14.035107889408291
2021-07-28,-0.00012807017798732723,0.0,0.0,-0.0,-0.0002,0.01156886843254476,14.033310410642823
2021-07-29,0.003981972651838195,1.0,0.005458114128089461,0.003981972651838195,0.0012529155877934644,0.011583363248137026,14.089190668912758
2021-07-30,-0.003326728043906657,0.0,0.003927121641799242,-0.0,-0.001963560820899621,0.011560618609888735,14.042319763198538
2021-08-02,0.01168202142409469,1.0,0.00572838496050262,0.01168202142409469,0.008817828943843382,0.011662558167275747,14.206362443516213
2021-08-03,0.007739745295672007,0.0,0.0,0.0,-0.0002,0.011660225655642292,14.316316070407028
2021-08-04,0.005665950808468434,0.0,0.00894839649882806,0.0,0.0,0.011660225655642292,14.39743161302044
2021-08-05,0.007762749392050905,0.0,0.0,0.0,0.0,0.011660225655642292,14.509195266521509
2021-08-06,0.0014909499811792681,0.0,0.0,0.0,0.0,0.011660225655642292,14.530827750931055
2021-08-09,-0.0006201244134723671,0.0,0.009205749796161624,-0.0,-0.0,0.011660225655642292,14.52181682989474
2021-08-10,-0.00037241353239314545,1.0,0.0050593644124689,-0.00037241353239314545,-0.0029020957386275957,0.011626386564455617,14.516408708792353
2021-08-11,0.02284864836888989,1.0,0.0,0.02284864836888989,0.02284864836888989,0.011892033782867649,14.84808902695864
2021-08-12,0.007648621043605974,0.0,0.009474346042555513,0.0,-0.004737173021277756,0.011835699161263325,14.96165643314757
2021-08-13,0.005421351974939759,0.0,0.0,0.0,0.0,0.011835699161263325,15.042768838799786
2021-08-16,0.005991765115717307,0.0,0.0,0.0,0.0,0.011835699161263325,15.132901576371905
2021-08-17,0.00011888316572905566,0.0,0.007042780052331637,0.0,0.0,0.011835699161263325,15.13470062361797
2021-08-18,0.005479375393488084,0.0,0.0,0.0,0.0,0.011835699161263325,15.217629329802831
2021-08-19,0.0015396592115126673,0.0,0.010953422156649328,0.0,0.0,0.011835699161263325,15.241059292977846
2021-08-20,0.02046117740042419,0.0,0.0049936119581079,0.0,0.0,0.011835699161263325,15.55290931094185
2021-08-23,-0.02178943168895875,0.0,0.021519539575026125,-0.0,-0.0,0.011835699161263325,15.214020255946512
2021-08-24,-0.0030806674662670064,1.0,0.0,-0.0030806674662670064,-0.0032806674662670065,0.011796870168084445,15.16715091871289
2021-08-25,0.004635280958646737,1.0,0.00628028928344246,0.004635280958646737,0.004635280958646737,0.011851551975746194,15.237454924563322
2021-08-26,-0.0039817651174441915,0.0,0.002931654994393868,-0.0,-0.001465827497196934,0.011834179644975686,15.176782958066067
2021-08-27,-0.004772374834708826,1.0,0.004205354021605408,-0.004772374834708826,-0.00687505184551153,0.011752819046367382,15.104353661005154
2021-08-30,0.006474088536704281,1.0,0.007580436762463162,0.006474088536704281,0.006474088536704281,0.01182890783742943,15.202140583896195
2021-08-31,0.00047635889706776346,0.0,0.0034448187986704805,0.0,-0.0017224093993352403,0.011808533615386372,15.20938225881781
2021-09-01,0.016073505636704732,0.0,0.0,0.0,0.0,0.011808533615386372,15.453850350285714
2021-09-02,0.013358196775885567,0.0,0.0,0.0,0.0,0.011808533615386372,15.66028592420992
2021-09-03,-0.009134880558777536,0.0,0.0085212698321704,-0.0,-0.0,0.011808533615386372,15.517231082775957
2021-09-07,-0.0077020883416332175,1.0,0.0,-0.0077020883416332175,-0.007902088341633218,0.011715221539572444,15.39771599815888
2021-09-08,0.016582317769762378,1.0,0.0,0.016582317769762378,0.016582317769762378,0.0119094870658848,15.653045817768904
2021-09-09,-0.006941455753755821,0.0,0.0051951246095262305,-0.0,-0.0025975623047631152,0.011878551431213392,15.544390892813349
2021-09-10,-0.010601003362401218,1.0,0.0,-0.010601003362401218,-0.010801003362401218,0.011750251157264401,15.379604752692156
2021-09-13,-0.004121191798491797,1.0,0.013823920545906174,-0.004121191798491797,-0.004121191798491797,0.011701826118564865,15.316222451721316
2021-09-14,0.0007094721703191365,1.0,0.00478743772088243,0.0007094721703191365,0.0007094721703191365,0.0117101282385379,15.32708888530523
2021-09-15,-0.0003543822543213837,0.0,0.00509237298775706,-0.0,-0.00254618649387853,0.011680312068175349,15.321657236993872
2021-09-16,-0.007209623696482259,1.0,0.006212274617561877,-0.007209623696482259,-0.010315761005263198,0.01155982076041316,15.211193853908663
2021-09-17,-0.028095253022155764,1.0,0.0,-0.028095253022155764,-0.028095253022155764,0.011235044671258583,14.783831513814038
2021-09-20,0.0006124825275910517,1.0,0.0,0.0006124825275910517,0.0006124825275910517,0.011241925939816435,14.792886352307098
2021-09-21,0.0028155042100026506,0.0,0.0,0.0,-0.0002,0.011239677554628472,14.83453578611011
2021-09-22,-0.0002440287497164073,0.0,0.012105260220835749,-0.0,-0.0,0.011239677554628472,14.8309157328896
2021-09-23,-0.007692377654962779,1.0,0.0016434360561295794,-0.007692377654962779,-0.008514095683027568,0.011143981864481988,14.716830728103284
2021-09-24,-0.007013534682076661,1.0,0.0,-0.007013534682076661,-0.007013534682076661,0.01106582316117901,14.61361372538148
2021-09-27,-0.024039688094441014,1.0,0.0,-0.024039688094441014,-0.024039688094441014,0.010799804223876025,14.262307009490668
2021-09-28,-0.018918358944040037,1.0,0.0,-0.018918358944040037,-0.018918358944040037,0.010595489651043379,13.992487566115026
2021-09-29,0.013976724254084028,1.0,0.006636385897963798,0.013976724254084028,0.013976724254084028,0.010743579888233013,14.188056706455315
2021-09-30,0.002169973400718339,0.0,0.006933975195020799,0.0,-0.0034669875975103996,0.010706332030007646,14.218844412116207
2021-10-01,0.008787624807481409,0.0,0.014981014318523627,0.0,0.0,0.010706332030007646,14.343794282005838
2021-10-04,0.0018935978851888358,0.0,0.006411665969617633,0.0,0.0,0.010706332030007646,14.370955660523828
2021-10-05,0.0015123862436046132,0.0,0.006542780553532235,0.0,0.0,0.010706332030007646,14.392690096172256
2021-10-06,0.02138859455859654,0.0,0.0037097251490116174,0.0,0.0,0.010706332030007646,14.700529509246811
2021-10-07,-0.003202465946791966,0.0,0.0,-0.0,-0.0,0.010706332030007646,14.653451564093638
2021-10-08,-0.008774036789064965,1.0,0.0,-0.008774036789064965,-0.008974036789064966,0.010610253012494414,14.5248816409835
2021-10-11,-0.029672223218691007,1.0,0.0,-0.029672223218691007,-0.029672223218691007,0.010295423216700891,14.09389611070717
2021-10-12,0.013362676252267391,1.0,0.01520058271051472,0.013362676252267391,0.013362676252267391,0.010432997624025742,14.28222828156764
2021-10-13,0.016736195817752098,0.0,0.0,0.0,-0.0002,0.010430911024500937,14.521258450801794
2021-10-14,0.01583736481803255,0.0,0.0,0.0,0.0,0.010430911024500937,14.75123691850408
2021-10-15,0.002577834240707455,0.0,0.0,0.0,0.0,0.010430911024500937,14.789263162125389
2021-10-18,-0.008326300095513495,0.0,0.0,-0.0,-0.0,0.010430911024500937,14.66612331884601
2021-10-19,0.012841412501902294,1.0,0.0,0.012841412501902294,0.012641412501902293,0.010562772473532293,14.85445705818708
2021-10-20,0.023040243583222653,0.0,0.0,0.0,-0.0002,0.010560659919037587,15.196707367104231
2021-10-21,-0.0013111003954253686,0.0,0.004599056992859503,-0.0,-0.0,0.010560659919037587,15.176782958066058
2021-10-22,0.007278755242941193,1.0,0.009104233480810695,0.007278755242941193,0.0027266385025358454,0.01058945502098502,15.287251046593061
2021-10-25,-0.0015399318834847797,0.0,0.004398318973768242,-0.0,-0.002199159486884121,0.010566167120514688,15.263709721295577
2021-10-26,0.013999448801760295,1.0,0.0,0.013999448801760295,0.013799448801760294,0.010711974402725073,15.477393244063785
2021-10-27,-0.005382172776359995,0.0,0.014240051546272059,-0.0,-0.0071200257731360295,0.010635704868896496,15.394091239496568
2021-10-28,0.01658652797878113,1.0,0.017273698827341685,0.01658652797878113,0.007949678565110287,0.010720255303917601,15.649425764548386
2021-10-29,-0.012612951033646569,0.0,0.015918012535725785,-0.0,-0.007959006267862893,0.01063493272476063,15.452040323675451
2021-11-01,0.0030470183618942492,1.0,0.006564269127409469,0.0030470183618942492,-0.00023511620181048505,0.010632432279771873,15.49912297427042
2021-11-02,-0.001986415987020762,0.0,0.005735187723056775,-0.0,-0.0028675938615283876,0.010601942782233283,15.468335268609529
2021-11-03,-0.0021071818488505034,1.0,0.011932127663127725,-0.0021071818488505034,-0.008073245680414367,0.010516350693462618,15.43574067329958
2021-11-04,-0.005631220401239423,1.0,0.002343352948096487,-0.005631220401239423,-0.005631220401239423,0.010457130804891003,15.348818615511854
2021-11-05,0.009084398721901588,1.0,0.0022242314426739016,0.009084398721901588,0.009084398721901588,0.010552127550609712,15.48825340372531
2021-11-08,-0.010990222878985767,0.0,0.011908580042275928,-0.0,-0.005954290021137964,0.01048929712283334,15.318034046812159
2021-11-09,0.004137552104660269,1.0,0.005635433067921108,0.004137552104660269,0.001319835570699715,0.010503141270287696,15.381413210821805
2021-11-10,0.003061111383604098,0.0,0.004878159727302513,0.0,-0.0024390798636512567,0.010477523269910253,15.42849742989737
2021-11-11,0.001995204028063302,0.0,0.007864506281942274,0.0,0.0,0.010477523269910253,15.459280430116465
2021-11-12,0.011011023096698214,0.0,0.0,0.0,0.0,0.010477523269910253,15.629502923990811
2021-11-15,0.011933576597725981,0.0,0.0,0.0,0.0,0.010477523269910253,15.816018794318637
2021-11-16,-0.004121620174270091,0.0,0.00571847725140654,-0.0,-0.0,0.010477523269910253,15.750831172179339
2021-11-17,0.009197284032863573,1.0,0.005004983600130408,0.009197284032863573,0.006694792232798369,0.010547668111316614,15.895696040223553
2021-11-18,-0.00205043093091839,0.0,0.0094427050723031,-0.0,-0.00472135253615155,0.010497868851728764,15.863103013394202
2021-11-19,0.008105164542068,1.0,0.0029156309660741953,0.008105164542068,0.006647349059030902,0.010567651850362132,15.991676073465536
2021-11-22,-0.010757531056387992,0.0,0.008245684507447303,-0.0,-0.004122842253723651,0.010524083088790818,15.819645121461534
2021-11-23,-0.0005726768119826975,1.0,0.0,-0.0005726768119826975,-0.0007726768119826975,0.01051595137382073,15.810585577526677
2021-11-24,0.00327890579861978,1.0,0.010990172082645551,0.00327890579861978,0.00327890579861978,0.010550432187758354,15.862426998256403
2021-11-26,-0.012842862290279977,0.0,0.009708211283810282,-0.0,-0.004854105641905141,0.010499219275351218,15.658708032728176
2021-11-29,0.029853072527378233,1.0,0.0,0.029853072527378233,0.029653072527378234,0.010810553386004056,16.12616857931425
2021-11-30,-0.021204710061231924,0.0,0.025763621621227875,-0.0,-0.012881810810613938,0.01067129388252751,15.784217850191343
2021-12-01,0.012214682123234732,1.0,0.011688787926048771,0.012214682123234732,0.006370288160210347,0.0107392730996015,15.977017053795318
2021-12-02,0.008879669972478688,0.0,0.016619843868415512,0.0,-0.008309921934207756,0.010650030578513674,16.118887692377683
2021-12-03,-0.006657550298231341,0.0,0.004493765392873364,-0.0,-0.0,0.010650030578513674,16.011575386814137
2021-12-06,0.012722740779960606,1.0,0.0,0.012722740779960606,0.012522740779960606,0.010783398150747055,16.21528650993937
2021-12-07,0.01413368055001385,0.0,0.0,0.0,-0.0002,0.010781241471116906,16.444468189497805
2021-12-08,-0.000995676404691559,0.0,0.0028941282374516965,-0.0,-0.0,0.010781241471116906,16.428094820533822
2021-12-09,-0.004539382737513642,1.0,0.006661198878101208,-0.004539382737513642,-0.007869982176564247,0.010696393292897982,16.353521410495254
2021-12-10,0.004115535778306256,1.0,0.0024091381310170894,0.004115535778306256,0.004115535778306256,0.01074041468219374,16.420824912961447
2021-12-13,0.016171636265270406,0.0,0.0,0.0,-0.0002,0.010738266599257302,16.68637652062955
2021-12-14,-0.018639644967021418,0.0,0.007684696322725989,-0.0,-0.0,0.010738266599257302,16.375348386498974
2021-12-15,0.02188153898819789,1.0,0.0188112100837384,0.02188153898819789,0.01247593394632869,0.010872236504047703,16.733666210663475
2021-12-16,0.0025001145874135045,0.0,0.0,0.0,-0.0002,0.010870062056746893,16.775502293657663
2021-12-17,-0.013986781587271624,0.0,0.0011493679984430792,-0.0,-0.0,0.010870062056746893,16.5408670070595
2021-12-20,-0.010996331237394297,1.0,0.0,-0.010996331237394297,-0.011196331237394297,0.010748357241388524,16.35897815449619
2021-12-21,0.005670564942364731,1.0,0.0,0.005670564942364731,0.005670564942364731,0.010809306499149554,16.451742802511987
2021-12-22,0.003869494119917327,0.0,0.006240099052114779,0.0,-0.0031200495260573897,0.010775580927529874,16.5154027245487
2021-12-23,-0.0011011861374958798,0.0,0.0,-0.0,-0.0,0.010775580927529874,16.497216192013266
2021-12-27,0.0068357362074014105,1.0,0.005578445244583193,0.0068357362074014105,0.004046513585109815,0.010819184462140573,16.609986810058338
2021-12-28,0.006132187985901316,0.0,0.0,0.0,-0.0002,0.010817020625248145,16.711842371620957
2021-12-29,0.001197019520878806,0.0,0.005376318413294592,0.0,0.0,0.010817020625248145,16.731846773169636
2021-12-30,0.008479265765872546,0.0,0.0,0.0,0.0,0.010817020625248145,16.873720548713198
2021-12-31,0.006359915835688401,0.0,0.0,0.0,0.0,0.010817020625248145,16.98103599123794
2022-01-03,-0.01820915197852957,0.0,0.0039532382833166076,-0.0,-0.0,0.010817020625248145,16.671825726120606
2022-01-04,-0.0106915950312364,1.0,0.007057170102572161,-0.0106915950312364,-0.01422018008252248,0.010663200644000757,16.493577317025576
2022-01-05,-0.01047639515997123,1.0,0.0,-0.01047639515997123,-0.01047639515997123,0.010551488740384146,16.320784083450878
2022-01-06,-0.04413254023795554,1.0,0.0,-0.04413254023795554,-0.04413254023795554,0.010085824738978807,15.600506423172998
2022-01-07,0.0074619047532871186,1.0,0.0,0.0074619047532871186,0.0074619047532871186,0.010161084202539413,15.716915916205759
2022-01-10,-0.024534373231121287,0.0,0.011174231638712239,-0.0,-0.0055871158193561195,0.010104313048249595,15.331311235075416
2022-01-11,0.005931889363337328,1.0,0.0074463574249187215,0.005931889363337328,0.0022087106508779674,0.010126630552099069,15.422254877116774
2022-01-12,0.0035383287933374863,0.0,0.0010488249290144535,0.0,-0.0005244124645072268,0.01012132002081409,15.476823885606667
2022-01-13,-0.0022330099350396093,0.0,0.008972094307143208,-0.0,-0.0,0.01012132002081409,15.442263984107248
2022-01-14,-0.02002363548735875,1.0,0.0,-0.02002363548735875,-0.020223635487358747,0.00991663013406224,15.133053718989917
2022-01-18,-0.023437264367279997,1.0,0.0,-0.023437264367279997,-0.023437264367279997,0.009684211451977688,14.7783763382937
2022-01-19,0.016492188522363893,1.0,0.003645493489418778,0.016492188522363893,0.016492188522363893,0.009843925292934139,15.022104106919281
2022-01-20,0.01113935094463181,0.0,0.0,0.0,-0.0002,0.009841956507875551,15.18944059649305
2022-01-21,-0.010896849757465188,0.0,0.0,-0.0,-0.0,0.009841956507875551,15.023923544413122
2022-01-24,-0.008232477067744881,1.0,0.0,-0.008232477067744881,-0.008432477067744882,0.009758964435321149,14.900239438366189
2022-01-25,-0.08325192804221393,1.0,0.0,-0.08325192804221393,-0.08325192804221393,0.008946511830385268,13.659765776831568
2022-01-26,-0.03275631548174307,1.0,0.0,-0.03275631548174307,-0.03275631548174307,0.008653457066408021,13.212322179638956
2022-01-27,-0.001789961684040775,1.0,0.014862292597217885,-0.001789961684040775,-0.001789961684040775,0.008637967709824659,13.1886726291802
2022-01-28,-0.00013759777826560793,0.0,0.0,-0.0,-0.0002,0.008636240116282693,13.186857897128153
2022-01-31,0.07751722320158327,0.0,0.0,0.0,0.0,0.008636240116282693,14.209066504067398
2022-02-01,-0.01139259760983613,-1.0,0.0,0.01139259760983613,0.01119259760983613,0.00873290207676617,14.047188326975157
2022-02-02,0.006474152686250845,0.0,0.006159522589149351,0.0,-0.0030797612945746753,0.008706006822960835,14.138131969016515
2022-02-03,-0.025215824931774877,-1.0,0.0,0.025215824931774877,0.02501582493177488,0.008923794765498861,13.781627308423465
2022-02-04,0.003167660792956495,0.0,0.006563810614560856,0.0,-0.003281905307280428,0.00889450771609689,13.825282828911496
2022-02-07,-0.0043413974087755935,-1.0,0.0045203813791354144,0.0043413974087755935,0.0020812067192078863,0.008913019025319678,13.765261781862469
2022-02-08,-0.0029070747897489424,0.0,0.006586123882356718,-0.0,-0.003293061941178359,0.008883667901586399,13.725245136362123
2022-02-09,0.015902452191336902,0.0,0.0,0.0,0.0,0.008883667901586399,13.9435101909575
2022-02-10,-0.015784009125044185,-1.0,0.0,0.015784009125044185,0.015584009125044184,0.009022111063228583,13.723425698868281
2022-02-11,-0.006494197441843319,0.0,0.024792379603960874,-0.0,-0.012396189801980437,0.008910271262074254,13.634303062801363
2022-02-14,-0.0005338973633224331,0.0,0.0,-0.0,-0.0,0.008910271262074254,13.627023744345395
2022-02-15,0.0022692112065310077,0.0,0.0,0.0,0.0,0.008910271262074254,13.657946339337729
2022-02-16,0.0018645446656979647,-1.0,0.0030062562497286914,-0.0018645446656979647,-0.0033676727905623104,0.008880264383988437,13.683412190329129
2022-02-17,0.0019936973807404,-1.0,0.013518619432177545,-0.0019936973807404,-0.0019936973807404,0.008862559824145798,13.71069277337258
2022-02-18,-0.016316979517547847,-1.0,0.012313828413554733,0.016316979517547847,0.016316979517547847,0.009007170031269426,13.486975680218068
2022-02-22,-0.004989910163707423,0.0,0.0,-0.0,-0.0002,0.009005368597263173,13.419676883193674
2022-02-23,-0.019788927920035948,0.0,0.008482650694529605,-0.0,-0.0,0.009005368597263173,13.154115864641982
2022-02-24,0.04314189866755447,0.0,0.015106346824523546,0.0,0.0,0.009005368597263173,13.721609398335637
2022-02-25,0.02279951236491007,-1.0,0.0,-0.02279951236491007,-0.022999512364910067,0.008798249510859845,14.034455401479457
2022-02-28,0.020003681350606373,-1.0,0.0,-0.020003681350606373,-0.020003681350606373,0.008622252131201477,14.315196175259949
2022-03-01,-0.010604164091829849,-1.0,0.023457957687736633,0.010604164091829849,0.010604164091829849,0.008713683907641866,14.163395486010758
2022-03-02,0.001420264207902422,0.0,0.009540322246073108,0.0,-0.004770161123036554,0.008672118231427203,14.183511249681906
2022-03-03,0.015990007558470243,-1.0,0.0,-0.015990007558470243,-0.01619000755847024,0.00853171657171245,14.410305701769968
2022-03-04,0.018022123705976556,-1.0,0.0,-0.018022123705976556,-0.018022123705976556,0.008377956920232719,14.670010013768206
2022-03-07,0.04949531204242663,-1.0,0.0,-0.04949531204242663,-0.04949531204242663,0.007963287328187792,15.396106737065187
2022-03-08,-0.026490797567262248,-1.0,0.014617381991075658,0.026490797567262248,0.026490797567262248,0.00817424116076876,14.98825159016963
2022-03-09,-0.01989021447994721,0.0,0.0,-0.0,-0.0002,0.008172606312536607,14.690132051361747
2022-03-10,-0.001992027193301271,0.0,0.0,-0.0,-0.0,0.008172606312536607,14.660868908842248
2022-03-11,-0.01072847754386641,0.0,0.002685547229409951,-0.0,-0.0,0.008172606312536607,14.503580105980165
2022-03-14,-0.0002521926812645292,0.0,0.008772715802433401,-0.0,-0.0,0.008172606312536607,14.499922409225302
2022-03-15,0.0340563310381472,0.0,0.0,0.0,0.0,0.008172606312536607,14.993736566821328
2022-03-16,0.00646515336419573,-1.0,0.006991255141704365,-0.00646515336419573,-0.009960780935047913,0.00809120077138904,15.090673373228178
2022-03-17,0.0021815354729475267,-1.0,0.0,-0.0021815354729475267,-0.0021815354729475267,0.008073549529887513,15.12359421250254
2022-03-18,-0.003869866132127142,-1.0,0.007142181602637909,0.003869866132127142,0.003869866132127142,0.008104793085779277,15.065067927463543
2022-03-21,-0.006920023987806223,0.0,0.0,-0.0,-0.0002,0.008103172127162122,14.960817296027566
2022-03-22,0.012836201070744124,0.0,0.013416741081879315,0.0,0.0,0.008103172127162122,15.152857355022041
2022-03-23,-0.003379619455884386,-1.0,0.006031986152457365,0.003379619455884386,0.0003636263796557037,0.00810611865430645,15.101646463492768
2022-03-24,0.013685214922289246,0.0,0.0,0.0,-0.0002,0.00810449743057559,15.308315741026096
2022-03-25,0.002867530774956606,-1.0,0.0,-0.002867530774956606,-0.003067530774956606,0.008079636635291742,15.352212807526241
2022-03-28,0.005837686984978996,-1.0,0.0,-0.005837686984978996,-0.005837686984978996,0.00803247024566254,15.441834220423365
2022-03-29,0.0022502585298602718,-1.0,0.009934330680750952,-0.0022502585298602718,-0.0022502585298602718,0.00801439511097639,15.476582339594561
2022-03-30,0.010399458004741957,-1.0,0.0,-0.010399458004741957,-0.010399458004741957,0.007931049745586382,15.637530407692106
2022-03-31,-0.009240050436019165,-1.0,0.008405995640158918,0.009240050436019165,0.009240050436019165,0.008004333045246175,15.493038838030248
2022-04-01,0.01180513309880582,0.0,0.0040202657848275964,0.0,-0.0020101328924137982,0.007988243272110092,15.675936223618162
2022-04-04,-0.0010500938280597616,-1.0,0.008990385915828751,0.0010500938280597616,-0.003445099129854614,0.007960722982164279,15.659475019740682
2022-04-05,0.008292492375185923,0.0,0.0,0.0,-0.0002,0.007959130837567847,15.789331096941297
2022-04-06,0.0018533490962875376,-1.0,0.0007098822294123128,-0.0018533490962875376,-0.002208290210993694,0.007941554766851228,15.818594239460797
2022-04-07,0.006821712159620796,0.0,0.0019130720327593435,0.0,-0.0009565360163796717,0.007933958383690683,15.926504136132234
2022-04-08,-0.011369105495052878,0.0,0.011355221308715186,-0.0,-0.0,0.007933958383690683,15.745434030441151
2022-04-11,-0.017539502805854257,1.0,0.0,-0.017539502805854257,-0.017739502805854256,0.007793213906681672,15.469266946084836
2022-04-12,-0.008158107902992096,1.0,0.0,-0.008158107902992096,-0.008158107902992096,0.007729636026719864,15.343066997158488
2022-04-13,-0.004052802045691362,1.0,0.007561605613120462,-0.004052802045691362,-0.004052802045691362,0.007698309342018324,15.280884583845225
2022-04-14,-0.008856783429592285,1.0,0.002515063313716764,-0.008856783429592285,-0.008856783429592285,0.00763012708340206,15.145545098473512
2022-04-18,-0.013283604950151684,1.0,0.0,-0.013283604950151684,-0.013283604950151684,0.007528771489506694,14.944357660630684
2022-04-19,0.0014685261840989838,1.0,0.005531292353463547,0.0014685261840989838,0.0014685261840989838,0.007539827687573133,14.966303841159862
2022-04-20,-0.003910537007677295,0.0,0.0016714679776186896,-0.0,-0.0008357339888093448,0.007533526397304862,14.907777556120863
2022-04-21,-0.06539098234349316,1.0,0.0,-0.06539098234349316,-0.06559098234349317,0.0070393950003949995,13.93294333716784
2022-04-22,-0.029272607269345552,1.0,0.0,-0.029272607269345552,-0.029272607269345552,0.006833333555134642,13.52508975875288
2022-04-25,0.0012170864793579206,1.0,0.0,0.0012170864793579206,0.0012170864793579206,0.006841650313013539,13.54155096263036
2022-04-26,-0.006347912393365074,0.0,0.0,-0.0,-0.0002,0.006840281982950936,13.455590383449294
2022-04-27,-0.00407775405764621,1.0,0.01618661825914311,-0.00407775405764621,-0.012171063187217765,0.006757028478718053,13.40072179516516
2022-04-28,0.0030023081172692034,0.0,0.0,0.0,-0.0002,0.006755677073022309,13.44095489098805
2022-04-29,-0.03360971950114189,-1.0,0.0,0.03360971950114189,0.03340971950114189,0.006981382349072279,12.98920816727444
2022-05-02,-0.016192560782781085,0.0,0.0,-0.0,-0.0002,0.006979986072602465,12.77887962450565
2022-05-03,0.012738025984932344,0.0,0.01922052000689892,0.0,0.0,0.006979986072602465,12.941657325220927
2022-05-04,0.032504112492438786,-1.0,0.0,-0.032504112492438786,-0.032704112492438785,0.0067517118228884185,13.362314410758502
2022-05-05,-0.01669866665852826,-1.0,0.01825078974863598,0.01669866665852826,0.01669866665852826,0.006864456407993276,13.139181576626799
2022-05-06,0.008769415110697176,0.0,0.020885909303329404,0.0,-0.010442954651664702,0.0067927712010162735,13.254404514087064
2022-05-09,-0.024285560786294402,-1.0,0.0,0.024285560786294402,0.024085560786294404,0.006956378904685741,12.932513867574068
2022-05-10,-0.010183015080380553,0.0,0.00555353809521833,-0.0,-0.002776769047609165,0.0069370626470597685,12.800821883833331
2022-05-11,0.0030005680475924112,0.0,0.01711921838094402,0.0,0.0,0.0069370626470597685,12.839231620960883
2022-05-12,-0.024073647747406723,-1.0,0.0,0.024073647747406723,0.023873647747406725,0.0071026756370973654,12.530144481570504
2022-05-13,0.01882899815552319,0.0,0.013734949869506541,0.0,-0.006867474934753271,0.007053898190189917,12.766074548902434
2022-05-16,0.004584701235739397,-1.0,0.0,-0.004584701235739397,-0.0047847012357393965,0.007020147394802535,12.824603186662328
2022-05-17,0.027096478300485005,-1.0,0.0,-0.027096478300485005,-0.027096478300485005,0.006829926123253062,13.172104768622054
2022-05-18,-0.014162652716366075,-1.0,0.010989348098756497,0.014162652716366075,0.014162652716366075,0.006926655995015132,12.98555282324047
2022-05-19,-0.00760575016623255,0.0,0.0,-0.0,-0.0002,0.0069252706638161295,12.886787952696487
2022-05-20,0.010786204860179005,0.0,0.006516383569336564,0.0,0.0,0.0069252706638161295,13.025787487543958
2022-05-23,0.018674808545553034,-1.0,0.0,-0.018674808545553034,-0.018874808545553033,0.006794557505910465,13.269041575028902
2022-05-24,0.029220764636919583,-1.0,0.0,-0.029220764636919583,-0.029220764636919583,0.00659601534021824,13.656773115850322
2022-05-25,0.0016072111108660359,-1.0,0.0058333428520269915,-0.0016072111108660359,-0.0016072111108660359,0.0065854141510759984,13.678722433340694
2022-05-26,0.003342620492461812,-1.0,0.0,-0.003342620492461812,-0.003342620492461812,0.006563401610783264,13.724445211257075
2022-05-27,0.03772711174307464,-1.0,0.00462759289018521,-0.03772711174307464,-0.03772711174307464,0.006315783424798568,14.242228889353877
2022-05-31,-0.022472016529022087,-1.0,0.014151234718258705,0.022472016529022087,0.022472016529022087,0.006457711814314366,13.922177286342201
2022-06-01,0.006341438849131631,0.0,0.013549919037138593,0.0,-0.0067749595185692965,0.0064139610781897985,14.01046392225031
2022-06-02,0.030852368769484384,-1.0,0.0,-0.030852368769484384,-0.031052368769484383,0.006214792393516729,14.442719921811133
2022-06-03,0.002164942676531556,-1.0,0.0,-0.002164942676531556,-0.002164942676531556,0.006201337724238221,14.473987582535054
2022-06-06,0.019062029592228358,-1.0,0.0,-0.019062029592228358,-0.019062029592228358,0.00608312764102739,14.749891162150883
2022-06-07,-0.00511285912622117,-1.0,0.0,0.00511285912622117,0.00511285912622117,0.006114229815702785,14.674477046511711
2022-06-08,-0.016169126178206095,0.0,0.01181242416236552,-0.0,-0.00590621208118276,0.006078117877698154,14.437203575547475
2022-06-09,-0.014651837960215186,0.0,0.0,-0.0,-0.0,0.006078117877698154,14.225672008159913
2022-06-10,-0.01848977613960301,0.0,0.0,-0.0,-0.0,0.006078117877698154,13.96264251729362
2022-06-13,-0.04610707369946909,0.0,0.0,-0.0,-0.0,0.006078117877698154,13.318865929709423
2022-06-14,-0.012843499413300652,0.0,0.0,-0.0,-0.0,0.006078117877698154,13.14780508295537
2022-06-15,0.037912568078501074,0.0,0.0,0.0,0.0,0.006078117877698154,13.646272138245779
2022-06-16,-0.04474994175496905,-1.0,0.0,0.04474994175496905,0.04454994175496905,0.006348897675129443,13.035602254886824
2022-06-17,-0.0008467719399211093,0.0,0.02270658353293873,-0.0,-0.011353291766469365,0.006276816787428239,13.024564072677412
2022-06-21,0.027115090107258766,0.0,0.019851000760897807,0.0,0.0,0.006276816787428239,13.377726301115825
2022-06-22,0.026948919223472423,-1.0,0.0,-0.026948919223472423,-0.02714891922347242,0.006106407995485814,13.738241566598317
2022-06-23,0.033605630081873894,-1.0,0.0,-0.033605630081873894,-0.033605630081873894,0.005901198307260521,14.199923830660843
2022-06-24,0.010621652946622095,-1.0,0.0,-0.010621652946622095,-0.010621652946622095,0.005838517826871606,14.350750493458591
2022-06-27,-0.0016664371449244264,-1.0,0.0049308379606590284,0.0016664371449244264,0.0016664371449244264,0.005848247349849608,14.32683586977875
2022-06-28,-0.018615725295654917,0.0,0.004765244419759892,-0.0,-0.002382622209879946,0.0058343131858249846,14.060131428871014
2022-06-29,-0.005756136120978472,0.0,0.0,-0.0,-0.0,0.0058343131858249846,13.979199398487584
2022-06-30,0.019210499682807747,0.0,0.00669781269339889,0.0,0.0,0.0058343131858249846,14.247746804098135
2022-07-01,0.04002052447497406,-1.0,0.0,-0.04002052447497406,-0.04022052447497406,0.005599654049539847,14.817949103784779
2022-07-05,-0.017998953566442655,-1.0,0.027333261735283467,0.017998953566442655,0.017998953566442655,0.005700441962765658,14.551241525915845
2022-07-06,0.00581473998050086,0.0,0.011579536893233097,0.0,-0.005789768446616548,0.005667437723757869,14.635853211782512
2022-07-07,0.010179686922302755,-1.0,0.0,-0.010179686922302755,-0.010379686922302756,0.005608611494533614,14.784841615319237
2022-07-08,-0.001617297455108968,-1.0,0.003247599757490814,0.001617297455108968,0.001617297455108968,0.005617682287630418,14.760930128600592
2022-07-11,0.00535831891576799,0.0,0.0015476365475065653,0.0,-0.0007738182737532826,0.00561333522242011,14.840023899723002
2022-07-12,-0.00904813145537331,-1.0,0.01227823986641357,0.00904813145537331,0.002909011522166525,0.005629664479259913,14.705749412677427
2022-07-13,0.0038774320209500335,0.0,0.011809226787615925,0.0,-0.005904613393807962,0.00559642348697303,14.76276995634221
2022-07-14,-0.0016197154591827134,-1.0,0.003193344078934729,0.0016197154591827134,2.3043419715349e-05,0.005596552447708345,14.738858469623564
2022-07-15,-0.01772126600873347,0.0,0.0,-0.0,-0.0002,0.0055954331372188035,14.47766723801829
2022-07-18,-0.015245639479297579,1.0,0.00781359296808084,-0.015245639479297579,-0.019152435963338,0.005488266962371081,14.256945942806224
2022-07-19,0.018320169282571186,1.0,0.0,0.018320169282571186,0.018320169282571186,0.005588812942189662,14.518135605930901
2022-07-20,-0.007728675917857197,0.0,0.01682709376494747,-0.0,-0.008413546882473736,0.0055417912024831725,14.405929640901158
2022-07-21,0.007023029754024135,1.0,0.006443202819524129,0.007023029754024135,0.00380142834426207,0.005562857924638274,14.507102913403585
2022-07-22,0.01749675429423525,0.0,0.0,0.0,-0.0002,0.005561745353053347,14.760930128600592
2022-07-25,0.009096720488229959,0.0,0.01329696228182646,0.0,0.0,0.005561745353053347,14.895206184126764
2022-07-26,-0.013213384224620595,0.0,0.00793798526716227,-0.0,-0.0,0.005561745353053347,14.698390101710952
2022-07-27,0.00588169949294115,1.0,0.008845433596549521,0.00588169949294115,0.0014589826946663897,0.005569859843275593,14.784841615319237
2022-07-28,0.051754261173011074,0.0,0.0,0.0,-0.0002,0.005568745871306938,15.550020169680073
2022-07-29,-0.0005915837155008319,0.0,0.008144171319256443,-0.0,-0.0,0.005568745871306938,15.54082103097198
2022-08-01,0.009705293624947764,1.0,0.008528949260981331,0.009705293624947764,0.005440818994457098,0.005599044409618849,15.691649262250326
2022-08-02,0.004219958831961579,0.0,0.0,0.0,-0.0002,0.005597924600736925,15.757867376142602
2022-08-03,0.009221346047973977,0.0,0.012817733846257055,0.0,0.0,0.005597924600736925,15.903176124196094
2022-08-04,0.017580536735355645,0.0,0.0,0.0,0.0,0.005597924600736925,16.182762496256355
2022-08-05,0.0,0.0,0.01344874531080295,0.0,0.0,0.005597924600736925,16.182762496256355
2022-08-08,-0.005228603853442038,0.0,0.013639739207221656,-0.0,-0.0,0.005597924600736925,16.09814924190909
2022-08-09,0.01599634667640215,1.0,0.006076070370457724,0.01599634667640215,0.01295831149117329,0.0056704642514173766,16.35566081803113
2022-08-10,0.009671730418279845,0.0,0.0,0.0,-0.0002,0.005669330158567093,16.513848360275947
2022-08-11,-0.003898347390964285,0.0,0.0,-0.0,-0.0,0.005669330158567093,16.449471642605886
2022-08-12,0.011629155415198156,1.0,0.01193020111247821,0.011629155415198156,0.0056640548589590506,0.005701441555598768,16.640765104835644
2022-08-15,0.0058583450029270345,0.0,0.0,0.0,-0.0002,0.005700301267287648,16.738252447932442
2022-08-16,-0.005164906783262313,0.0,0.006942307862228455,-0.0,-0.0,0.005700301267287648,16.65180093432416
2022-08-17,-0.0036451691265600994,1.0,0.0,-0.0036451691265600994,-0.0038451691265600995,0.005678382644842582,16.591102303656736
2022-08-18,0.00044328612952115876,1.0,0.007247530637897135,0.00044328612952115876,0.00044328612952115876,0.005680899793107154,16.598456909181415
2022-08-19,-0.0058730884846095455,0.0,0.004734080124096194,-0.0,-0.002367040062048097,0.0056674528757083885,16.500972703045814
2022-08-22,-0.013042240494736124,1.0,0.0,-0.013042240494736124,-0.013242240494736124,0.005592403101735675,16.285763048655614
2022-08-23,-0.006324576385615677,1.0,0.0,-0.006324576385615677,-0.006324576385615677,0.005557033521139594,16.182762496256355
2022-08-24,0.008297280430089593,1.0,0.004334566673965154,0.008297280430089593,0.008297280430089593,0.005603141786623897,16.31703541482133
2022-08-25,0.0076655153414122434,0.0,0.0033574760363905354,0.0,-0.0016787380181952677,0.005593735579485353,16.44211390012001
2022-08-26,-0.014878808001160704,0.0,0.00896693861874911,-0.0,-0.0,0.005593735579485353,16.197474844266907
2022-08-29,-0.007017527210844476,1.0,0.0,-0.007017527210844476,-0.007217527210844476,0.005553362640730149,16.083808623800294
2022-08-30,-0.015168920856125201,1.0,0.0,-0.015168920856125201,-0.015168920856125201,0.00546912412234755,15.839834603720803
2022-08-31,-0.0074680854434766575,1.0,0.0014240945614083988,-0.0074680854434766575,-0.0074680854434766575,0.005428280236100879,15.721541365489678
2022-09-01,0.014107857985811378,1.0,0.0151203455788867,0.014107857985811378,0.014107857985811378,0.0055048616427789765,15.943338638392065
2022-09-02,-0.013331949476774296,0.0,0.014120377937997813,-0.0,-0.0070601889689989065,0.0054659962793327625,15.730782853173919
2022-09-06,0.026554161785558028,1.0,0.0,0.026554161785558028,0.02635416178555803,0.0056100480295975565,16.14850060607058
2022-09-07,0.032848393100259,0.0,0.0,0.0,-0.0002,0.005608926019991637,16.678952901958557
2022-09-08,0.0003326177553371057,0.0,0.0,0.0,0.0,0.005608926019991637,16.68450061783418
2022-09-09,-0.004098665411970015,0.0,0.01081097135838641,-0.0,-0.0,0.005608926019991637,16.61611643223587
2022-09-12,0.010121990612214748,1.0,0.009911539039137676,0.010121990612214748,0.00516622109264591,0.005637902971903208,16.78430460677443
2022-09-13,-0.02147332827710613,0.0,0.0,-0.0,-0.0002,0.0056367753913088275,16.42388972405022
2022-09-14,0.00022509337507314875,1.0,0.0,0.00022509337507314875,2.509337507314874e-05,0.005636916837027925,16.427586632820034
2022-09-15,-0.03229071814788598,0.0,0.0,-0.0,-0.0002,0.005635789453660519,15.897128063009664
2022-09-16,-0.014184290101750596,1.0,0.00482680973213001,-0.014184290101750596,-0.0165976949678156,0.0055422483394058294,15.671638586779254
2022-09-19,0.02417719675667729,1.0,0.011121335161913838,0.02417719675667729,0.02417719675667729,0.0056762443679820125,16.050534876391353
2022-09-20,-0.013242518890033583,0.0,0.012600887146180528,-0.0,-0.006300443573090264,0.005640481510634471,15.837985365095598
2022-09-21,-0.02007247024830805,1.0,0.011698841254211773,-0.02007247024830805,-0.025921890875413935,0.005494269564431014,15.520077875061578
2022-09-22,-0.005120881546352374,1.0,0.0,-0.005120881546352374,-0.005120881546352374,0.005466134060807834,15.440601394673223
2022-09-23,-0.012209698907134636,1.0,0.0,-0.012209698907134636,-0.012209698907134636,0.005399394209739337,15.25207630069918
2022-09-26,-0.016602138046786563,1.0,0.009858263177494195,-0.016602138046786563,-0.016602138046786563,0.005309752721700225,14.99885922445485
2022-09-27,-0.0008624162210797426,1.0,0.02501964205172634,-0.0008624162210797426,-0.0008624162210797426,0.0053051735048231085,14.985923964961989
2022-09-28,0.015910226271168115,1.0,0.004588401949953122,0.015910226271168115,0.015910226271168115,0.00538958001569265,15.224353406127054
2022-09-29,-0.029136756093947613,0.0,0.0,-0.0,-0.0002,0.005388502099689512,14.78076513424467
2022-09-30,-0.019507471651021624,1.0,0.0,-0.019507471651021624,-0.019707471651021623,0.0052823083473184105,14.492429777407983
2022-10-03,0.035454489274592715,1.0,0.0,0.035454489274592715,0.035454489274592715,0.005469589891963503,15.006251473513883
2022-10-04,0.020076654206621525,0.0,0.0,0.0,-0.0002,0.00546849597398511,15.307526795285225
2022-10-05,-0.01267795294453733,0.0,0.0,-0.0,-0.0,0.00546849597398511,15.113458690877355
2022-10-06,-0.034976066167054065,1.0,0.0,-0.034976066167054065,-0.035176066167054064,0.005276135797769941,14.58484935969219
2022-10-07,-0.02762662183751896,1.0,0.0,-0.02762662183751896,-0.02762662183751896,0.005130373989321554,14.181919241874795
2022-10-10,0.00013017290766681455,1.0,0.009853681382650692,0.00013017290766681455,0.00013017290766681455,0.005131041825021162,14.183765343538806
2022-10-11,-0.00925180003930115,0.0,0.0,-0.0,-0.0002,0.0051300156166561575,14.052539982776015
2022-10-12,-0.043141046325658405,1.0,0.0,-0.043141046325658405,-0.043341046325658404,0.004907675372163312,13.446298704385908
2022-10-13,0.004673609074635765,0.0,0.0,0.0,-0.0002,0.004906693837088879,13.50914144803099
2022-10-14,-0.018060152673599172,-1.0,0.006857856711853579,0.018060152673599172,0.014631224317672383,0.004978484775277466,13.265164290990304
2022-10-17,0.026194897824775465,0.0,0.012659157881504794,0.0,-0.006329578940752397,0.004946973062887014,13.612643914221655
2022-10-18,0.019144766837814187,-1.0,0.0,-0.019144766837814187,-0.019344766837814185,0.004851275022432517,13.873254808005619
2022-10-19,-0.01891831207317829,-1.0,0.0,0.01891831207317829,0.01891831207317829,0.00494305295725971,13.610796244077047
2022-10-20,-0.040738698467738255,0.0,0.0,-0.0,-0.0002,0.004942064346668258,13.056310119983769
2022-10-21,0.014297749795565418,0.0,0.02985700539930211,0.0,0.0,0.004942064346668258,13.242985975332605
2022-10-24,0.022749566100222163,-1.0,0.0,-0.022749566100222163,-0.02294956610022216,0.004828646114272844,13.54425816014275
2022-10-25,0.03520745667218628,-1.0,0.0,-0.03520745667218628,-0.03520745667218628,0.004658641765419262,14.02111704247288
2022-10-26,-0.003427226228812752,-1.0,0.0,0.003427226228812752,0.003427226228812752,0.004674607984668349,13.973063502387664
2022-10-27,-0.001719674626784573,0.0,0.009122533385005195,-0.0,-0.004561266692502597,0.004653285850967375,13.949034379624159
2022-10-28,0.04717090605533891,0.0,0.0,0.0,0.0,0.004653285850967375,14.607022969908103
2022-10-31,-0.019359596617533503,-1.0,0.03093425539232826,0.019359596617533503,0.0038924689213693728,0.004671398621524513,14.324236897427635
2022-11-01,0.0027097561734086284,0.0,0.006219604243771137,0.0,-0.0031098021218855685,0.004656871496179122,14.363052086789807
2022-11-02,-0.005533506972522417,-1.0,0.005625334598982703,0.005533506972522417,0.002720839673031066,0.004669542096898134,14.283574037920854
2022-11-03,0.011645799637648668,0.0,0.015793614556184173,0.0,-0.007896807278092086,0.004632667622881992,14.449917679276
2022-11-04,0.007930695557266887,-1.0,0.015454033674423821,-0.007930695557266887,-0.015657712394478798,0.004560130645623692,14.564515577217906
2022-11-07,-0.01916226888776218,-1.0,0.013567729863253601,0.01916226888776218,0.01916226888776218,0.004647513095218457,14.285426413507254
2022-11-08,0.012679115467029822,0.0,0.018573188221224092,0.0,-0.009286594110612046,0.0046043535274794085,14.46655298449987
2022-11-09,-0.0008944746511847512,-1.0,0.008869521809797398,0.0008944746511847512,-0.0035402862537139475,0.004588052797978834,14.453613019565214
2022-11-10,0.06393883651738497,0.0,0.0,0.0,-0.0002,0.004587135187419238,15.37776021950874
2022-11-11,0.0013221830554943637,-1.0,0.010161718269652408,-0.0013221830554943637,-0.006403042190320568,0.0045577635672814885,15.39809243350243
2022-11-14,-0.019805539317053977,-1.0,0.018166723651821478,0.019805539317053977,0.019805539317053977,0.004648032532811118,15.093124908403066
2022-11-15,0.015307549761149897,0.0,0.01734042482491888,0.0,-0.00867021241245944,0.004607733103451623,15.324163668989698
2022-11-16,0.017006123498206627,-1.0,0.0,-0.017006123498206627,-0.017206123498206626,0.00452845187862686,15.584768288851269
2022-11-17,-0.023363311198826064,-1.0,0.0,0.023363311198826064,0.023363311198826064,0.0046342515091161276,15.22065649735724
2022-11-18,0.010321744149392131,0.0,0.0,0.0,-0.0002,0.004633324658814305,15.377760219508744
2022-11-21,0.004807715845389415,-1.0,0.01285386300856961,-0.004807715845389415,-0.01123464734967422,0.004581270890215976,15.451692120982676
2022-11-22,0.006100467589502223,-1.0,0.0,-0.006100467589502223,-0.006100467589502223,0.004553322995631483,15.545954667969697
2022-11-23,0.014757744408147477,-1.0,0.007360174834996196,-0.014757744408147477,-0.014757744408147477,0.004486126218654213,15.775377893540242
2022-11-25,0.004946039097233124,-1.0,0.0,-0.004946039097233124,-0.004946039097233124,0.0044639376629816265,15.853403529375319
2022-11-28,-0.0188659084633368,-1.0,0.0,0.0188659084633368,0.0188659084633368,0.00454815390231748,15.554314669557783
2022-11-29,-0.01480930751480014,0.0,0.0,-0.0,-0.0002,0.004547244271537017,15.323966040434335
2022-11-30,0.02679084207553717,0.0,0.004264147961247585,0.0,0.0,0.004547244271537017,15.734507994594507
2022-12-01,0.001534936094503836,-1.0,0.0,-0.001534936094503836,-0.001734936094503836,0.004539355093319802,15.758659458844669
2022-12-02,0.004361563143781222,-1.0,0.003221280898543725,-0.004361563143781222,-0.004361563143781222,0.004519556409448243,15.827391847135765
2022-12-05,-0.000586765887347851,0.0,0.0,-0.0,-0.0002,0.004518652498166353,15.818104873514178
2022-12-06,0.00035220673583480355,1.0,0.0,0.00035220673583480355,0.00015220673583480354,0.004519340267513472,15.82367611659877
2022-12-07,0.0012914656216787002,0.0,0.0,0.0,-0.0002,0.004518436399459969,15.844111850311936
2022-12-08,0.005510630182426146,0.0,0.014287491747385936,0.0,0.0,0.004518436399459969,15.931422891288001
2022-12-09,-0.014575524653219984,0.0,0.005607929792635893,-0.0,-0.0,0.004518436399459969,15.699214044175159
2022-12-12,0.024139025890816734,1.0,0.0060906839675549315,0.024139025890816734,0.02109368390703927,0.004613746868624239,16.07817777845298
2022-12-13,0.006932533447639777,0.0,0.0,0.0,-0.0002,0.004612824119250514,16.189640283679203
2022-12-14,-0.0011472736217554846,0.0,0.018555381991982877,-0.0,-0.0,0.004612824119250514,16.171066336436027
2022-12-15,-0.014244880223316714,1.0,0.0,-0.014244880223316714,-0.014444880223316714,0.0045461924273567135,15.940711433390186
2022-12-16,-0.01946177146762007,1.0,0.0,-0.01946177146762007,-0.01946177146762007,0.004457715469287672,15.630476950442269
2022-12-19,-0.007368723785448061,1.0,0.004809623321643216,-0.007368723785448061,-0.007368723785448061,0.004424867795280373,15.515300283159647
2022-12-20,0.0,1.0,0.009128380325985511,0.0,0.0,0.004424867795280373,15.515300283159647
2022-12-21,0.013529715636887873,0.0,0.0,0.0,-0.0002,0.004423982821721317,15.725217884011723
2022-12-22,-0.015475228074865122,0.0,0.0,-0.0,-0.0,0.004423982821721317,15.481866550729693
2022-12-23,0.009959056245133269,1.0,0.009141323943237502,0.009959056245133269,0.005388394273514518,0.004447820985424006,15.636051330488057
2022-12-27,-0.00201967796699265,0.0,0.006499047672064425,-0.0,-0.0032495238360322125,0.0044333676851134665,15.604471542125104
2022-12-28,-0.010000118607483843,1.0,0.005685023580926809,-0.010000118607483843,-0.012842630397947249,0.004376431582515351,15.448424975896748
2022-12-29,0.011063332159983563,1.0,0.007400862554186088,0.011063332159983563,0.011063332159983563,0.004424849498788161,15.61933603275368
2022-12-30,-0.005708929643223781,0.0,0.0,-0.0,-0.0002,0.004423964528888403,15.530166342268819
2023-01-03,0.002751123880563311,1.0,0.011589391713444674,0.002751123880563311,-0.003043571976159026,0.0044104998744247574,15.572891753762155
2023-01-04,0.007872975253025327,0.0,0.0,0.0,-0.0002,0.0044096177744498725,15.695496745157566
2023-01-05,-0.022014794715921604,0.0,0.0,-0.0,-0.0,0.0044096177744498725,15.349963606348506
2023-01-06,0.012344533571593042,1.0,0.0057388856094021294,0.012344533571593042,0.009475090766891977,0.004451399303110085,15.539451747409807
2023-01-09,0.005021232768310568,0.0,0.0001588495706703508,0.0,-0.0002,0.004450509023249463,15.61747895172548
2023-01-10,0.0055904972092708505,0.0,0.009599012309251696,0.0,0.0,0.004450509023249463,15.704788424220949
2023-01-11,0.005441267824791263,0.0,0.0,0.0,0.0,0.004450509023249463,15.790242384168817
2023-01-12,0.0008234645068918578,0.0,0.007517091569225722,0.0,0.0,0.004450509023249463,15.8032450883274
2023-01-13,-0.004584779413691287,0.0,0.0,-0.0,-0.0,0.004450509023249463,15.730790695576918
2023-01-17,0.012517900020719175,1.0,0.0,0.012517900020719175,0.012317900020719174,0.0045053299484391586,15.927707160751009
2023-01-18,-0.022626300066647898,0.0,0.0,-0.0,-0.0002,0.004504428882449471,15.56732207915816
2023-01-19,-0.014439355101516838,1.0,0.0,-0.014439355101516838,-0.014639355101516838,0.004438486948509764,15.342539987677512
2023-01-20,-0.009323247239639842,1.0,0.0,-0.009323247239639842,-0.009323247239639842,0.004397105837318893,15.199497694088333
2023-01-23,0.010388637963830272,1.0,0.010931401444656614,0.010388637963830272,0.010388637963830272,0.004442785777951444,15.357399772864289
2023-01-24,0.014878679034024067,0.0,0.018718247962836956,0.0,-0.009359123981418478,0.004401205195032714,15.585897594881931
2023-01-25,-0.08712752618009167,0.0,0.0,-0.0,-0.0,0.004401205195032714,14.227936894143628
2023-01-26,-0.0024809398666697513,1.0,0.0,-0.0024809398666697513,-0.0026809398666697514,0.004389405828563957,14.192638238282486
2023-01-27,-0.010732645982485356,1.0,0.004632897576722222,-0.010732645982485356,-0.010732645982485356,0.004342295889732522,14.040313676513515
2023-01-30,-0.007012426244518033,1.0,0.006331861620002376,-0.007012426244518033,-0.007012426244518033,0.004311845860073899,13.941857012407066
2023-01-31,-0.005596389870089924,1.0,0.0,-0.005596389870089924,-0.005596389870089924,0.004287715089581192,13.86383294505259
2023-02-01,-0.005226144388615017,1.0,0.01806955200000485,-0.005226144388615017,-0.005226144388615017,0.004265306871425798,13.791378552302106
2023-02-02,0.018319364181735853,1.0,0.0124360449045819,0.018319364181735853,0.018319364181735853,0.004343444581350307,14.04402783856991
2023-02-03,-0.012301893721019641,-1.0,0.013302796464508222,0.012301893721019641,-0.0010009027434885812,0.004339097215752643,13.871259700684782
2023-02-06,0.011249631943712535,0.0,0.006236519157080005,0.0,-0.0031182595785400023,0.004325566784297407,14.027306266913138
2023-02-07,0.0075484905087583876,-1.0,0.000522547348840063,-0.0075484905087583876,-0.007809764183178419,0.004291785127753455,14.13319125513238
2023-02-08,-0.013800955369656642,-1.0,0.013099104692758193,0.013800955369656642,0.013800955369656642,0.004351015862757736,13.938139713389475
2023-02-09,-0.02345754116742038,0.0,0.002212607922292186,-0.0,-0.001106303961146093,0.004346202316673757,13.611185227265384
2023-02-10,0.02006293426910033,0.0,0.017632516032168654,0.0,0.0,0.004346202316673757,13.88426554180456
2023-02-13,0.011774224450658233,-1.0,0.0,-0.011774224450658233,-0.011974224450658233,0.0042941599146259345,14.047742000626306
2023-02-14,0.005421897543554488,-1.0,0.007033349530372668,-0.005421897543554488,-0.005421897543554488,0.004270877419533194,14.123907418471989
2023-02-15,0.011968682598701985,-1.0,0.0,-0.011968682598701985,-0.011968682598701985,0.004219760643280838,14.292951983417133
2023-02-16,-0.016246388246616505,-1.0,0.007551463941479894,0.016246388246616505,0.016246388246616505,0.00428831651299937,14.060743136304291
2023-02-17,0.0050206574486675315,0.0,0.008123153473746154,0.0,-0.004061576736873077,0.004270899186409822,14.131337311065378
2023-02-21,-0.031681641667511085,-1.0,0.0,0.031681641667511085,0.031481641667511086,0.004405354104194441,13.683633346093476
2023-02-22,0.0002716602325985029,0.0,0.007479811529864244,0.0,-0.003739905764932122,0.004388878494983596,13.687350645111069
2023-02-23,-0.010993292502162633,-1.0,0.002137918364024489,0.010993292502162633,0.009924333320150388,0.0044324351880694534,13.536881595889698
2023-02-24,0.0006860497047125325,0.0,0.0,0.0,-0.0002,0.00443154870103184,13.546168569511286
2023-02-27,-0.00817091107951129,-1.0,0.005821314496523606,0.00817091107951129,0.005260253831249486,0.004454859772064811,13.435484030661739
2023-02-28,-0.011550068801692515,0.0,0.0,-0.0,-0.0002,0.004453968800110398,13.280303265723555
2023-03-01,-0.016331195067524673,0.0,0.0,-0.0,-0.0,0.004453968800110398,13.063420042535139
2023-03-02,0.03349066061851125,0.0,0.0,0.0,0.0,0.004453968800110398,13.50092260969674
2023-03-03,0.022434710357445153,-1.0,0.0,-0.022434710357445153,-0.022634710357445152,0.0043531545063788014,13.80381189800357
2023-03-06,0.0077201339794295,-1.0,0.0,-0.0077201339794295,-0.0077201339794295,0.0043195475703564,13.910379175283
2023-03-07,-0.008736570885215733,-1.0,0.010145028165675793,0.008736570885215733,0.008736570885215733,0.004357285603896881,13.78885016157791
2023-03-08,0.006779836461740407,0.0,0.01700942280016544,0.0,-0.00850471140008272,0.004320228147348003,13.882336310668851
2023-03-09,-0.006599503006388785,-1.0,0.004490106019458852,0.006599503006388785,0.004354449996659359,0.004339040364789791,13.790719790450892
2023-03-10,-0.010167977892743152,0.0,0.0,-0.0,-0.0002,0.004338172556716833,13.650496056496571
2023-03-13,0.003834881878743923,0.0,0.0026978092252155626,0.0,0.0,0.004338172556716833,13.702844096459495
2023-03-14,0.017192244706360604,-1.0,0.01372343865040386,-0.017192244706360604,-0.024053964031562534,0.004233822310074855,13.938426745338935
2023-03-15,0.013011418679786724,-1.0,0.0,-0.013011418679786724,-0.013011418679786724,0.004178734275382649,14.119785451460077
2023-03-16,0.009401362288310233,-1.0,0.0,-0.009401362288310233,-0.009401362288310233,0.0041394484805531975,14.252530669922464
2023-03-17,-0.007346118930906531,-1.0,0.016491850867373196,0.007346118930906531,0.007346118930906531,0.004169857361399702,14.14782988455482
2023-03-20,0.003964485482732538,0.0,0.0010621981320379332,0.0,-0.0005310990660189666,0.00416764275404963,14.203918750744307
2023-03-21,-0.008029398909831231,-1.0,0.0,0.008029398909831231,0.00782939890983123,0.004200272891684753,14.08986982101175
2023-03-22,-0.016321588470303183,0.0,0.017707619093920015,-0.0,-0.008853809546960007,0.004163084475456517,13.859900764193052
2023-03-23,-0.004316860698687308,0.0,0.013034902483674176,-0.0,-0.0,0.004163084475456517,13.8000695032964
2023-03-24,0.025470746392967314,0.0,0.023612765220256147,0.0,0.0,0.004163084475456517,14.151567573820186
2023-03-27,-0.0033028653243364348,-1.0,0.0,0.0033028653243364348,0.0031028653243364347,0.004176001965917694,14.104826851995611
2023-03-28,-0.002651048315021942,0.0,0.012161934350208346,-0.0,-0.006080967175104173,0.004150607835039778,14.067434274535952
2023-03-29,0.011562936476991581,0.0,0.005339760022422672,0.0,0.0,0.004150607835039778,14.230095123446665
2023-03-30,0.006306616618177774,-1.0,0.0,-0.006306616618177774,-0.0065066166181777735,0.00412360142112477,14.319838877830444
2023-03-31,0.006397983209182501,-1.0,0.008884356264245274,-0.006397983209182501,-0.006397983209182501,0.004097218688471052,14.411456966529002
2023-04-03,-0.0053193434509876125,-1.0,0.01172314129646557,0.0053193434509876125,0.0053193434509876125,0.004119013201868835,14.334797477294906
2023-04-04,0.006391087971941767,0.0,0.0,0.0,-0.0002,0.0041181893992284615,14.426412429032267
2023-04-05,0.015163140259319308,-1.0,0.0,-0.015163140259319308,-0.015363140259319308,0.004054921077873673,14.64516214413247
2023-04-06,0.008170681357778209,-1.0,0.010315288361316316,-0.008170681357778209,-0.008170681357778209,0.004021789609815429,14.764823097445174
2023-04-10,-0.006837977465449452,-1.0,0.0,0.006837977465449452,0.006837977465449452,0.004049290516538125,14.663861569823496
2023-04-11,-0.0011475986906528401,0.0,0.0026340377924589826,-0.0,-0.0013170188962294913,0.004043957524411522,14.647033341486052
2023-04-12,0.003191139170291013,0.0,0.0,0.0,0.0,0.004043957524411522,14.693774063310627
2023-04-13,0.0033083344666049452,-1.0,0.0015882266734074974,-0.0033083344666049452,-0.004102447803308694,0.0040273673997488265,14.742385982488784
2023-04-14,-0.01052637626526054,-1.0,0.007351282437323581,0.01052637626526054,0.01052637626526054,0.004069760984357027,14.587202080589405
2023-04-17,0.006665116881206634,0.0,0.006039096258124013,0.0,-0.0030195481290620067,0.004057472145190982,14.684427487426314
2023-04-18,-0.0030557991770950865,-1.0,0.002533760779537205,0.0030557991770950865,0.001788918787326484,0.004064730633340568,14.639554825994123
2023-04-19,0.00817359665466344,0.0,0.006195905331195268,0.0,-0.003097952665597634,0.004052138290240074,14.75921264234563
2023-04-20,-0.002407044766463029,-1.0,0.00912555858208863,0.002407044766463029,-0.002155734524581286,0.004043402955829426,14.723686556797757
2023-04-21,0.0030477577568417402,0.0,0.0,0.0,-0.0002,0.00404259427523826,14.768560786710545
2023-04-24,0.0006330821926756602,-1.0,0.004668147403814467,-0.0006330821926756602,-0.002967155894582894,0.00403059926780508,14.777910499556059
2023-04-25,-0.01543516100957354,-1.0,0.0005058330689215224,0.01543516100957354,0.01543516100957354,0.004092812216468721,14.549811071610344
2023-04-26,-0.04818833826539748,0.0,0.0,-0.0,-0.0002,0.004091993654025427,13.848679853993959
2023-04-27,0.024031186858390674,0.0,0.028154290345988552,0.0,0.0,0.004091993654025427,14.181480067307318
2023-04-28,0.010283535769348928,-1.0,0.003799093961854482,-0.010283535769348928,-0.012183082750276169,0.004042140556724831,14.327315824841781
2023-05-01,0.0022186170941238537,-1.0,0.0,-0.0022186170941238537,-0.0022186170941238537,0.004033172594588829,14.359102652643687
2023-05-02,-0.011197750684478147,-1.0,0.0,0.011197750684478147,0.011197750684478147,0.004078335055770505,14.198313001086554
2023-05-03,-0.0072426016363627,0.0,0.007505132750370358,-0.0,-0.003752566375185179,0.004063030832773482,14.095480276111294
2023-05-04,0.0015916837196259248,0.0,0.0,0.0,0.0,0.004063030832773482,14.117915822587088
2023-05-05,0.0,-1.0,0.0,-0.0,-0.0002,0.004062218226606927,14.117915822587088
2023-05-08,0.007283846020015083,0.0,0.015040343029925634,0.0,-0.007520171514962817,0.0040316696488116345,14.220748547562348
2023-05-09,-0.006310871932248774,-1.0,0.007863139495019463,0.006310871932248774,0.0023793021847390424,0.0040412622092151984,14.131003224697968
2023-05-10,0.017332644568014643,0.0,0.0,0.0,-0.0002,0.004040453956773355,14.375930880981127
2023-05-11,-0.010274491970663102,-1.0,0.005141174441438804,0.010274491970663102,0.0077039047499437,0.00407158122920287,14.228225494573678
2023-05-12,0.024441474652650674,0.0,0.0,0.0,-0.0002,0.004070766912957029,14.575984307351499
2023-05-15,-0.005387138359162602,-1.0,0.008324141295048864,0.005387138359162602,0.00122506771163817,0.004075753878063698,14.497461463166813
2023-05-16,-0.02192427412883502,0.0,0.0,-0.0,-0.0002,0.004074938727288085,14.179615143876122
2023-05-17,-0.006592996223266145,0.0,0.0,-0.0,-0.0,0.004074938727288085,14.086128994785179
2023-05-18,-0.0031855921132627474,0.0,0.0,-0.0,-0.0,0.004074938727288085,14.04125633335299
2023-05-19,-0.008255345454309837,0.0,0.0033194409609994483,-0.0,-0.0,0.004074938727288085,13.925340911708645
2023-05-22,0.0013424964148283092,0.0,0.0056761408723848975,0.0,0.0,0.004074938727288085,13.944035631957876
2023-05-23,-0.005631510361742809,-1.0,0.005715419572874004,0.005631510361742809,0.0027738005753058068,0.004086241794674172,13.865509650811994
2023-05-24,0.0010787220492098903,0.0,0.0,0.0,-0.0002,0.004085424546315237,13.880466681795857
2023-05-25,-0.011449410404462346,-1.0,0.0,0.011449410404462346,0.011249410404462345,0.004131383163713201,13.721543522150512
2023-05-26,0.013685854273680187,0.0,0.0013926893185971778,0.0,-0.0006963446592985889,0.004128506297111633,13.909334567204624
2023-05-30,-0.016639657664705987,-1.0,0.02450909253249132,0.016639657664705987,0.004385111398460326,0.004146610257133712,13.677888001662478
2023-05-31,0.010593007028290913,0.0,0.0010186177559140476,0.0,-0.0005093088779570238,0.004144498351716326,13.822777965396265
2023-06-01,-0.006806541269415156,-1.0,0.007745652671140756,0.006806541269415156,0.002933714933844778,0.004156657128424052,13.728692656716833
2023-06-02,0.012198639964692726,0.0,0.00664613431465181,0.0,-0.003323067157325905,0.004142844277636322,13.896164035622043
2023-06-05,-0.003520800069167662,-1.0,0.0,0.003520800069167662,0.003320800069167662,0.0041566018352000465,13.84723842032426
2023-06-06,-0.002853618209602393,0.0,0.006200741900092954,-0.0,-0.003100370950046477,0.004143714827619283,13.807723688615317
2023-06-07,0.010766026357544423,0.0,0.007652996648411939,0.0,0.0,0.004143714827619283,13.95637800578464
2023-06-08,0.00984207280178162,-1.0,0.0,-0.00984207280178162,-0.010042072801781621,0.004102103341650508,14.093737694166755
2023-06-09,-0.011081509424135216,-1.0,0.012769138621168267,0.011081509424135216,0.011081509424135216,0.004147560838489785,13.937557807087556
2023-06-12,-0.0012149414389448498,0.0,0.0,-0.0,-0.0002,0.004146731326322087,13.920624490550036
2023-06-13,0.0050013357401821334,0.0,0.007221417782403989,0.0,0.0,0.004146731326322087,13.99024620734028
2023-06-14,-0.012777342345528964,-1.0,0.008046592801095605,0.012777342345528964,0.008754045944981161,0.004183032002874203,13.811488042050854
2023-06-15,0.0130789920287524,0.0,0.01101606266093494,0.0,-0.00550803133046747,0.0041599917315460234,13.992128384058047
2023-06-16,0.016541085866911054,-1.0,0.0,-0.016541085866911054,-0.016741085866911053,0.004090348952762572,14.223573381119595
2023-06-20,-0.01098002431967704,-1.0,0.014820041657913738,0.01098002431967704,0.01098002431967704,0.0041352610837398695,14.06739819948219
2023-06-21,0.01364351063006608,0.0,0.012791610011682024,0.0,-0.006395805005841012,0.004108812760200026,14.259326896354198
2023-06-22,-0.008577661934016878,-1.0,0.000791248154262643,0.008577661934016878,0.008182037856885557,0.004142431221750837,14.137015210830636
2023-06-23,-0.012777605622692367,0.0,0.0011697839779901934,-0.0,-0.0005848919889950967,0.004140008346914271,13.95637800578464
2023-06-26,0.001617550143717228,0.0,0.0012698598346087605,0.0,0.0,0.004140008346914271,13.978953147033668
2023-06-27,-0.005114886343401626,-1.0,0.008994350732021183,0.005114886343401626,0.000617710977391034,0.004142565675516651,13.907452390486855
2023-06-28,-0.006359092667944211,0.0,0.009299812516522064,-0.0,-0.004649906258261032,0.004123303133456809,13.819013611960726
2023-06-29,-0.008578339847948646,0.0,0.0,-0.0,-0.0,0.004123303133456809,13.700469416833899
2023-06-30,0.019090731433002883,0.0,0.002608892626006689,0.0,0.0,0.004123303133456809,13.962021398976745
2023-07-03,0.0024257376914005313,-1.0,0.003949514037671531,-0.0024257376914005313,-0.0044004947102362964,0.004105158559829332,13.995889600532383
2023-07-05,0.007663493483010431,-1.0,0.0,-0.007663493483010431,-0.007663493483010431,0.004073698703959355,14.103147009274997
2023-07-06,-0.025750706381668764,-1.0,0.0,0.025750706381668764,0.025750706381668764,0.004178599323172397,13.739981011581646
2023-07-07,-0.013283930311876913,0.0,0.0,-0.0,-0.0002,0.004177763603307762,13.557460061337283
2023-07-10,-0.004718702313479595,0.0,0.0,-0.0,-0.0,0.004177763603307762,13.493486443180943
2023-07-11,0.006693438249855799,0.0,0.010736266324482291,0.0,0.0,0.004177763603307762,13.58380426146364
2023-07-12,0.01773122201225208,-1.0,0.0,-0.01773122201225208,-0.017931222012252078,0.004102851196622145,13.82466171059463
2023-07-13,0.0032664904101373793,-1.0,0.0,-0.0032664904101373793,-0.0032664904101373793,0.004089449272534158,13.86981983549568
2023-07-14,-0.006919045672893698,-1.0,0.0,0.006919045672893698,0.006919045672893698,0.004117744358827804,13.773853918579078
2023-07-17,-0.0073770840891704825,0.0,0.0021369352743583372,-0.0,-0.0010684676371791686,0.004113344682242219,13.67224303998977
2023-07-18,-0.008395329011981478,0.0,0.0,-0.0,-0.0,0.004113344682242219,13.55746006133728
2023-07-19,0.0006942636767399701,0.0,0.006823298144701663,0.0,0.0,0.004113344682242219,13.56687251340672
2023-07-20,0.027738909979558857,-1.0,0.005071471827177777,-0.027738909979558857,-0.030274645893147746,0.003988814628550873,13.94320276876026
2023-07-21,0.024291578586450813,-1.0,0.0,-0.024291578586450813,-0.024291578586450813,0.003891920024534645,14.281905174564418
2023-07-24,-0.005270072692892147,-1.0,0.0,0.005270072692892147,0.005270072692892147,0.003912430725978864,14.206638496101471
2023-07-25,-0.0007946935053292359,0.0,0.0,-0.0,-0.0002,0.003911648239833669,14.195348572756059
2023-07-26,-0.01418348971347283,0.0,0.01120974193655136,-0.0,-0.0,0.003911648239833669,13.994008992295212
2023-07-27,-0.01479105170849282,0.0,0.0,-0.0,-0.0,0.003911648239833669,13.787022881681061
2023-07-28,-0.0057320493057491095,0.0,0.004552085188531075,-0.0,-0.0,0.003911648239833669,13.707994986743774
2023-07-31,0.006177010217210732,0.0,0.012672072469143753,0.0,0.0,0.003911648239833669,13.792669411834364
2023-08-01,-0.01541589669818566,-1.0,0.0,0.01541589669818566,0.01521589669818566,0.003971167475370618,13.580043044989301
2023-08-02,-0.0036026429853797115,0.0,0.0,-0.0,-0.0002,0.003970373241875544,13.531118998172115
2023-08-03,-0.0251704668747601,0.0,0.0,-0.0,-0.0,0.003970373241875544,13.190534415650186
2023-08-04,-0.013266798680056313,0.0,0.0,-0.0,-0.0,0.003970373241875544,13.0155382510754
2023-08-07,-0.007662400772699307,0.0,0.0,-0.0,-0.0,0.003970373241875544,12.915807980723262
2023-08-08,0.0010200254450778434,0.0,0.0,0.0,0.0,0.003970373241875544,12.92898243350734
2023-08-09,0.0030562302696179877,-1.0,0.0,-0.0030562302696179877,-0.003256230269617988,0.003957444792343667,12.968496380975985
2023-08-10,-0.009140935976257425,-1.0,0.01189215852836515,0.009140935976257425,0.009140935976257425,0.003993619541820054,12.849952185849157
2023-08-11,0.009225263519452964,0.0,0.0067064706694633415,0.0,-0.0033532353347316707,0.003980227995658948,12.968496380975985
2023-08-14,-0.005223391986432846,-1.0,0.007827966139701563,0.005223391986432846,0.0013094089165820643,0.003985439741686494,12.900756840903512
2023-08-15,-0.017648748435030837,0.0,0.0,-0.0,-0.0002,0.0039846426537381565,12.673074628796902
2023-08-16,0.003117944826021679,0.0,0.0063677023212552865,0.0,0.0,0.0039846426537381565,12.712588576265546
2023-08-17,-0.0007400339097899389,-1.0,0.007576154154561647,0.0007400339097899389,-0.0030480431674908847,0.003972497290922537,12.703180829637901
2023-08-18,0.004740132035466971,0.0,0.0095621245651145,0.0,-0.00478106228255725,0.003953504533957346,12.763395584040797
2023-08-21,-0.011057181284525264,-1.0,0.0,0.011057181284525264,0.010857181284525263,0.003996428449391714,12.622268405261948
2023-08-22,0.006559345293188912,0.0,0.014324306772811496,0.0,-0.007162153386405748,0.003967805415839375,12.705062222115371
2023-08-23,0.005480025858507487,-1.0,0.0,-0.005480025858507487,-0.0056800258585074865,0.003945268178475881,12.77468629162651
2023-08-24,-0.009869024049603214,-1.0,0.008667411748077515,0.009869024049603214,0.009869024049603214,0.003984204125011394,12.648612605388312
2023-08-25,0.011008655428458969,0.0,0.01169535383011569,0.0,-0.005847676915057845,0.003960905786524687,12.787856823209095
2023-08-28,0.000882862820681618,-1.0,0.0,-0.000882862820681618,-0.0010828628206816181,0.003956616668912237,12.799146746554506
2023-08-29,-0.0006216744156407605,-1.0,0.0,0.0006216744156407605,0.0006216744156407605,0.003959076396267798,12.79118984448014
2023-08-30,-0.006221408393987216,0.0,0.005110108517266654,-0.0,-0.002555054258633327,0.0039489607412612595,12.711610628612608
2023-08-31,-0.004322522902807102,0.0,0.01209271245581107,-0.0,-0.0,0.0039489607412612595,12.656664400538864
2023-09-01,0.0010480980010976193,0.0,0.0072619251571269,0.0,0.0,0.0039489607412612595,12.669929825197631
2023-09-05,-0.010019638302904532,-1.0,0.002875293679447952,0.010019638302904532,0.008581991463180557,0.003982850688631199,12.542981711025968
2023-09-06,-0.007703735679059132,0.0,0.0,-0.0,-0.0002,0.003982054118493473,12.446353895296951
2023-09-07,0.008524763450778572,0.0,0.0,0.0,0.0,0.003982054118493473,12.552456118079034
2023-09-08,0.008754720140348393,-1.0,0.011255826153764659,-0.008754720140348393,-0.014382633217230722,0.003924781694656019,12.66234935846682
2023-09-11,0.010474292498448667,-1.0,0.0,-0.010474292498448667,-0.010474292498448667,0.0038836723831936347,12.794978509364945
2023-09-12,0.0029616077106366934,-1.0,0.008414629597429956,-0.0029616077106366934,-0.0029616077106366934,0.0038721704691179817,12.832872216375712
2023-09-13,0.010335232607512124,-1.0,0.0,-0.010335232607512124,-0.010335232607512124,0.003832150686623708,12.965502935754435
2023-09-14,0.012421243311079966,-1.0,0.0,-0.012421243311079966,-0.012421243311079966,0.0037845506105404327,13.126550602369962
2023-09-15,-0.009237767251711548,-1.0,0.004225362463593212,0.009237767251711548,0.009237767251711548,0.0038195114082329286,13.005290583087454
2023-09-18,-0.0058275501049308565,0.0,0.0,-0.0,-0.0002,0.003818747505951282,12.929501600585327
2023-09-19,-0.009525095989739052,0.0,0.0,-0.0,-0.0,0.003818747505951282,12.806346856740268
2023-09-20,-0.0035508478733217164,0.0,0.010358641207774811,-0.0,-0.0,0.003818747505951282,12.76087346723899
2023-09-21,-0.006533024304807178,0.0,0.0,-0.0,-0.0,0.003818747505951282,12.677506370726949
2023-09-22,0.011806808322055051,0.0,0.007414488332885401,0.0,0.0,0.003818747505951282,12.827187258447754
2023-09-25,-0.0033971837582029707,-1.0,0.004448805115031115,0.0033971837582029707,0.0011727812006874132,0.0038232260612364338,12.783610946229928
2023-09-26,-0.03156976141412937,0.0,0.0,-0.0,-0.0002,0.0038224614160241865,12.380035398646395
2023-09-27,-0.08233834449626731,0.0,0.0,-0.0,-0.0,0.0038224614160241865,11.360683779116664
2023-09-28,-0.048032034288014835,0.0,0.0,-0.0,-0.0,0.0038224614160241865,10.815007026302839
2023-09-29,0.003678929402103348,0.0,0.01710203709179637,0.0,0.0,0.0038224614160241865,10.854794673635858
2023-10-02,-0.08971893177442725,-1.0,0.0,0.08971893177442725,0.08951893177442724,0.0041646440787356355,9.880914090886506
2023-10-03,0.012080548631694832,0.0,0.025182837124834795,0.0,-0.012591418562417397,0.004112205301976782,10.00028095408706
2023-10-04,-0.040924665483856426,-1.0,0.03957049222711592,0.040924665483856426,0.021139419370298465,0.004199134934392034,9.591022801296466
2023-10-05,-0.023113242607197493,0.0,0.0,-0.0,-0.0002,0.004198295107405156,9.369343164438938
2023-10-06,0.015975768372912036,0.0,0.024204812336845627,0.0,0.0,0.004198295107405156,9.51902562064034
2023-10-09,-0.018312320077931155,-1.0,0.02768407565620478,0.018312320077931155,0.004470282249828764,0.004217062671503333,9.344710176645147
2023-10-10,0.045823377564627066,0.0,0.0,0.0,-0.0002,0.004216219258969032,9.77291635930157
2023-10-11,0.03799910685877084,-1.0,0.0,-0.03799910685877084,-0.038199106858770836,0.0040551634489556666,10.144278452360501
2023-10-12,-0.01008583886747183,-1.0,0.012954691514866697,0.01008583886747183,0.01008583886747183,0.004096063174083095,10.041964894463227
2023-10-13,0.028113184029868954,0.0,0.0,0.0,-0.0002,0.004095243961448278,10.324276501562755
2023-10-16,-0.002018734212022588,-1.0,0.02411940388494569,0.002018734212022588,-0.010040967730450257,0.004054123748983054,10.30343453137467
2023-10-17,-0.0038616668502293727,0.0,0.021109740033616497,-0.0,-0.010554870016808248,0.004011332999780483,10.26364609980135
2023-10-18,-0.017168302823775017,0.0,0.01652459152413122,-0.0,-0.0,0.004011332999780483,10.087436715483904
2023-10-19,-0.015965327926064532,0.0,0.0,-0.0,-0.0,0.004011332999780483,9.92638748038778
2023-10-20,-0.008207655817431991,0.0,0.0,-0.0,-0.0,0.004011332999780483,9.84491510843829
2023-10-23,-0.00846803609719149,0.0,0.007139146736955994,-0.0,-0.0,0.004011332999780483,9.761548011926248
2023-10-24,0.06987573610289077,0.0,0.0,0.0,0.0,0.004011332999780483,10.443643364763304
2023-10-25,0.02431047724949642,-1.0,0.0,-0.02431047724949642,-0.02451047724949642,0.003913013313549209,10.697533319184236
2023-10-26,0.019659939510134228,-1.0,0.0,-0.019659939510134228,-0.019659939510134228,0.0038360837085024816,10.907846177147043
2023-10-27,-0.023102270604680175,-1.0,0.012480168201108472,0.023102270604680175,0.023102270604680175,0.003924705952398511,10.655850163048365
2023-10-30,0.01706968348290605,0.0,0.018966971523071616,0.0,-0.009483485761535808,0.003887486059380725,10.837742152572874
2023-10-31,0.01923084298430866,-1.0,0.0,-0.01923084298430866,-0.01943084298430866,0.0038119489281572094,11.046161070213426
2023-11-01,0.002229791410457649,-1.0,0.014171586205764464,-0.002229791410457649,-0.002229791410457649,0.0038034490771801013,11.07079170528632
2023-11-02,0.025329433522182088,-1.0,0.0,-0.025329433522182088,-0.025329433522182088,0.003707109866624663,11.351208587823294
2023-11-03,-0.008846670470230134,-1.0,0.0,0.008846670470230134,0.008846670470230134,0.0037399054460116304,11.250788186007975
2023-11-06,-0.005725738106626577,0.0,0.0,-0.0,-0.0002,0.003739157464922428,11.186369119361766
2023-11-07,-0.00982378240650772,0.0,0.002629107601767321,-0.0,-0.0,0.003739157464922428,11.076476663214278
2023-11-08,-0.01642139561294631,0.0,0.0,-0.0,-0.0,0.003739157464922428,10.894585457930068
2023-11-09,-0.048347896619158615,0.0,0.0,-0.0,-0.0,0.003739157464922428,10.367855166501476
2023-11-10,0.007675420432574187,0.0,0.001214750542714596,0.0,0.0,0.003739157464922428,10.447432813888412
2023-11-13,-0.011606831067810797,-1.0,0.0,0.011606831067810797,0.011406831067810796,0.003781809402460742,10.326171226125306
2023-11-14,0.05596319189774568,0.0,0.0,0.0,-0.0002,0.00378105304058025,10.904056728021937
2023-11-15,-0.009556836052771689,-1.0,0.0,0.009556836052771689,0.009356836052771688,0.003816431733987793,10.799848445562109
2023-11-16,-0.007017669472349941,0.0,0.0,-0.0,-0.0002,0.003815668447640996,10.724058678819683
2023-11-17,0.013604417872595365,0.0,0.008750822320643831,0.0,0.0,0.003815668447640996,10.869953254376579
2023-11-20,-0.0005230696062071827,-1.0,0.011191703473846163,0.0005230696062071827,-0.005072782130715899,0.003796312392923066,10.864267512208322
2023-11-21,0.011161650438691773,0.0,0.0024924283105814036,0.0,-0.0012462141552907018,0.0037915813746811,10.985530668452027
2023-11-22,-0.0007303041156242474,-1.0,0.00033036639255706467,0.0007303041156242474,0.0005303041156242474,0.003793592065888817,10.97750789019254
2023-11-24,0.0013919496246257435,0.0,0.004447133088520512,0.0,-0.002223566544260256,0.0037851567614885354,10.99278802817962
2023-11-27,0.0005213625597901839,-1.0,0.010245132230367427,-0.0005213625597901839,-0.005643928674973897,0.003763793606703099,10.998519256285222
2023-11-28,0.010072855036837414,-1.0,0.0,-0.010072855036837414,-0.010072855036837414,0.003725881459314203,11.109305746373648
2023-11-29,0.003438872131264148,-1.0,0.0,-0.003438872131264148,-0.003438872131264148,0.0037130686293993737,11.147509228302544
2023-11-30,0.002570209586683303,-1.0,0.007590839190026729,-0.002570209586683303,-0.002570209586683303,0.0037035252648120786,11.176160663388767
2023-12-01,0.011280028635306083,-1.0,0.0052677385766915115,-0.011280028635306083,-0.011280028635306083,0.003661749393773419,11.302228075704575
2023-12-04,-0.00845008461880603,-1.0,0.009235630173209705,0.00845008461880603,0.00845008461880603,0.0036926914860036662,11.206723292083826
2023-12-05,-0.007499697338891553,0.0,0.0,-0.0,-0.0002,0.0036919529477064655,11.12267625923249
2023-12-06,0.033831403522873504,0.0,0.0,0.0,0.0,0.0036919529477064655,11.498972008012869
2023-12-07,-0.005813990760959786,-1.0,0.001823227555798066,0.005813990760959786,0.004902376983060753,0.003710052292859845,11.432117090997746
2023-12-08,-0.0025062916254667833,0.0,0.0,-0.0,-0.0002,0.0037093102824012733,11.403464871671222
2023-12-11,0.00016759762320850413,0.0,0.009144825830313811,0.0,0.0,0.0037093102824012733,11.405376065280056
2023-12-12,-0.0031819647043680455,-1.0,0.013574178464827618,0.0031819647043680455,-0.0036051245280457637,0.0036959377569200564,11.36908456120029
2023-12-13,0.05023515307368309,0.0,0.0,0.0,-0.0002,0.0036951985693686727,11.940212264439834
2023-12-14,0.004319287580928366,-1.0,0.0,-0.004319287580928366,-0.004519287580928366,0.003678498904365061,11.991785474987278
2023-12-15,-0.02038865059991668,-1.0,0.0,0.02038865059991668,0.02038865059991668,0.0037534985332583364,11.747289150868607
2023-12-18,-0.008130075873231113,0.0,0.008127252284702546,-0.0,-0.004063626142351273,0.0037382457184933107,11.651782798767261
2023-12-19,0.009344156392222747,0.0,0.012853364493147817,0.0,0.0,0.0037382457184933107,11.760658879487153
2023-12-20,-0.028097902381422957,-1.0,0.004459384051002028,0.028097902381422957,0.025868210355921944,0.0038349474451014206,11.430209034350108
2023-12-21,-0.004010804616517927,0.0,0.0,-0.0,-0.0002,0.0038341804556124,11.384364699187373
2023-12-22,0.002516804414089968,0.0,0.0072733399402211945,0.0,0.0,0.0038341804556124,11.413016918513897
2023-12-26,0.007698640530767742,-1.0,0.01103750164765301,-0.007698640530767742,-0.013217391354594247,0.003783502592006435,11.500881633141105
2023-12-27,0.006145381413988682,-1.0,0.013545928770101034,-0.006145381413988682,-0.006145381413988682,0.0037602515254977404,11.571558937373895
2023-12-28,0.007262970905216104,-1.0,0.0,-0.007262970905216104,-0.007262970905216104,0.003732940928071756,11.655602833264036
2023-12-29,-0.004588594553260106,-1.0,0.011086021961162472,0.004588594553260106,0.004588594553260106,0.0037500698804819473,11.602119997588357
2024-01-02,0.013664647661957963,1.0,0.006114856600099503,0.013664647661957963,0.0075497910618584595,0.0037783821245469546,11.760658879487158
2024-01-03,0.0068216414723580865,0.0,0.023838470157521077,0.0,-0.011919235078760538,0.0037333466997870927,11.840885877841725
2024-01-04,-0.003064997728588814,0.0,0.0,-0.0,-0.0,0.0037333466997870927,11.80459358952166
2024-01-05,0.0045307464005752696,1.0,0.006228525275624337,0.0045307464005752696,0.001416483762763101,0.003738634924768106,11.85807720943764
2024-01-08,0.013530735564728724,0.0,0.006459786920030894,0.0,-0.003229893460015447,0.003726559532275212,12.018525716464678
2024-01-09,-0.014462590835726208,0.0,0.015292860936338082,-0.0,-0.0,0.003726559532275212,11.844706696578797
2024-01-10,0.004353982195417494,1.0,0.010412275853841187,0.004353982195417494,-0.0008521557315030997,0.003723383923210996,11.896278338645644
2024-01-11,-0.025048099187991446,0.0,0.0,-0.0,-0.0002,0.003722639246426354,11.598299178851294
2024-01-12,0.0052700562355705305,1.0,0.006460642342096085,0.0052700562355705305,0.002039735064522488,0.0037302324442298573,11.659422867760812
2024-01-16,-0.011304044969999594,0.0,0.0,-0.0,-0.0002,0.0037294863977410113,11.527624227339402
2024-01-17,-0.03446551852811097,1.0,0.0,-0.03446551852811097,-0.03466551852811097,0.0036002018179197826,11.130318680946935
2024-01-18,-0.010640138073071737,1.0,0.0,-0.010640138073071737,-0.010640138073071737,0.0035618951734861922,11.01189055338437
2024-01-19,-0.006765030027116148,1.0,0.0,-0.006765030027116148,-0.006765030027116148,0.003537798845684118,10.937394783135408
2024-01-22,-0.007160442732376149,1.0,0.018789295772673784,-0.007160442732376149,-0.007160442732376149,0.0035124666396509304,10.859078194149378
2024-01-23,0.009322852123994751,1.0,0.0067096699675694505,0.009322852123994751,0.009322852123994751,0.003545212846722861,10.960315774356328
2024-01-24,-0.006448187144110218,0.0,0.00475648157609872,-0.0,-0.00237824078804936,0.0035367814769284678,10.889641607084735
2024-01-25,0.01701454161878435,1.0,0.009540903402602588,0.01701454161878435,0.012244089917483058,0.0035800861473504688,11.074923867422125
2024-01-26,0.008623586852997356,0.0,0.005529082456151955,0.0,-0.0027645412280759775,0.0035701888515960547,11.170429435283173
2024-01-29,0.018638856903832934,0.0,0.007910882656545434,0.0,0.0,0.0035701888515960547,11.37863347108178
2024-01-30,-0.0048680429600259645,0.0,0.015962135076694778,-0.0,-0.0,0.0035701888515960547,11.323241794518164
2024-01-31,-0.010965000829380678,1.0,0.016253433698980094,-0.010965000829380678,-0.019091717678870725,0.003502027813981131,11.199082438849995
2024-02-01,0.019102857830724185,1.0,0.01713698210945745,0.019102857830724185,0.019102857830724185,0.0035689265534308546,11.413016918513907
2024-02-02,-0.026778196791456654,0.0,0.010424456893488454,-0.0,-0.005212228446744227,0.0035503244929247215,11.107396905485718
2024-02-05,-0.03748925829701455,1.0,0.0,-0.03748925829701455,-0.03768925829701455,0.0034165153960726644,10.690988833888504
2024-02-06,0.004645295393208793,1.0,0.0,0.004645295393208793,0.004645295393208793,0.003432386119302868,10.740651635067413
2024-02-07,0.002667642550939542,0.0,0.014289265266187552,0.0,-0.007144632633093776,0.0034078629814255188,10.769303854393938
2024-02-08,-0.0015963271004653112,0.0,0.007917635214870848,-0.0,-0.0,0.0034078629814255188,10.752112522798024
2024-02-09,0.005151993471734562,1.0,0.005778831545058772,0.005151993471734562,0.0022625776992051755,0.0034155735362092388,10.807507336322836
2024-02-12,0.01714370262179532,-1.0,0.0,-0.01714370262179532,-0.01754370262179532,0.00335565172980711,10.992788028179625
2024-02-13,-0.03996527959351415,-1.0,0.0,0.03996527959351415,0.03996527959351415,0.0034897612894073107,10.553458181121192
2024-02-14,0.01375574899425347,0.0,0.008179474501221326,0.0,-0.004089737250610663,0.0034754890826662822,10.698628902882046
2024-02-15,0.02249599381440981,-1.0,0.0,-0.02249599381440981,-0.022695993814409808,0.0033966094039440398,10.939305192503946
2024-02-16,-0.004190790398109656,-1.0,0.015550566723361584,0.004190790398109656,0.004190790398109656,0.003410843882020217,10.893460857341209
2024-02-20,-0.00736447733959622,0.0,0.012881312646878326,-0.0,-0.006440656323439163,0.0033888758088032197,10.81323621170754
2024-02-21,0.008655682803957898,0.0,0.0067528497556953474,0.0,0.0,0.0033888758088032197,10.906832154440352
2024-02-22,-0.007530749746557874,-1.0,0.0005600735334448708,0.007530749746557874,0.007250712979835439,0.0034134475746171594,10.82469553095755
2024-02-23,0.001941203289569371,0.0,0.0032647556490500405,0.0,-0.0016323778245250203,0.003407875538491176,10.845708465530832
2024-02-26,-0.019816880824881533,-1.0,0.0,0.019816880824881533,0.019616880824881534,0.0034747274267957866,10.630780353407998
2024-02-27,0.007434096560263281,0.0,0.017769782449730473,0.0,-0.008884891224865236,0.00344385485157265,10.709810601066183
2024-02-28,-0.009359059310923956,-1.0,0.01262297208980128,0.009359059310923956,0.003047573266023316,0.003454350251550368,10.609576848442043
2024-02-29,0.0027250665392712925,0.0,0.008839456284507038,0.0,-0.004419728142253519,0.00343908296253039,10.63848865130756
2024-03-01,0.0003625415147998634,-1.0,0.0014692400650067044,-0.0003625415147998634,-0.0010971615473032155,0.003435309732945916,10.642345545098387
2024-03-04,-0.004347079249249486,-1.0,0.0033895762384714653,0.004347079249249486,0.004347079249249486,0.00345024329660075,10.596082425615947
2024-03-05,0.007822580704848647,0.0,0.0,0.0,-0.0002,0.00344955324794143,10.678971135545556
2024-03-06,0.00234648504222279,-1.0,0.013433020767932423,-0.00234648504222279,-0.009062995426189002,0.0034182899626329414,10.704029181581442
2024-03-07,0.012965939050832986,-1.0,0.010747371650082388,-0.012965939050832986,-0.012965939050832986,0.0033739686233193685,10.842816971548164
2024-03-08,0.027733340199680434,-1.0,0.0,-0.027733340199680434,-0.027733340199680434,0.003280397203665805,11.143524503342977
2024-03-11,0.0010379804134243997,-1.0,0.015999240748774363,-0.0010379804134243997,-0.0010379804134243997,0.003276992215620148,11.155091263513961
2024-03-12,-0.012441724673375898,-1.0,0.013612217397936393,0.012441724673375898,0.012441724673375898,0.0033177636505236897,11.01630268930694
2024-03-13,0.0418197320571696,0.0,0.0,0.0,-0.0002,0.0033171000977935848,11.477001516034433
2024-03-14,0.0,-1.0,0.015966644432108466,-0.0,-0.007983322216054233,0.0032906186188899934,11.477001516034433
2024-03-15,0.00906949835891746,0.0,0.013150917382657107,0.0,-0.006575458691328554,0.0032689812920925656,11.5810921624494
2024-03-18,0.0014979744062462164,-1.0,0.0,-0.0014979744062462164,-0.0016979744062462165,0.003263430645524095,11.598440342105128
2024-03-19,0.018281679657506045,-1.0,0.0035952904942483143,-0.018281679657506045,-0.018281679657506045,0.003203769651878135,11.810479312966189
2024-03-20,0.01517865045889466,-1.0,0.0,-0.01517865045889466,-0.01517865045889466,0.0031551407521814624,11.98974645020971
2024-03-21,-0.013504785798448715,-1.0,0.009732835982865404,0.013504785798448715,0.013504785798448715,0.0031977502522036296,11.827827492621918
2024-03-22,0.006844830874004337,0.0,0.0053331177139181035,0.0,-0.0026665588569590518,0.003189223262946273,11.908786971415813
2024-03-25,0.013434660564203504,-1.0,0.008586833638880027,-0.013434660564203504,-0.017728077383643518,0.003132684466147045,12.068777482108194
2024-03-26,-0.018846741973491454,0.0,0.016211631569182646,-0.0,-0.008105815784591323,0.0031072915029532063,11.841320346967418
2024-03-27,0.03841779412371471,1.0,0.0,0.03841779412371471,0.03821779412371471,0.0032260453298954403,12.296237754210166
2024-03-28,0.0018810305723433451,0.0,0.0,0.0,-0.0002,0.0032254001208294612,12.319367353350637
2024-04-01,-0.00829287582954219,0.0,0.002102555891633162,-0.0,-0.0,0.0032254001208294612,12.217204369590785
2024-04-02,-0.007888939001029271,1.0,0.0,-0.007888939001029271,-0.008088939001029272,0.0031993100559981596,12.120823589555975
2024-04-03,-0.005248165102681557,1.0,0.0006006156623298309,-0.005248165102681557,-0.005248165102681557,0.0031825195486096117,12.057211506177508
2024-04-04,0.018865015990234157,1.0,0.0,0.018865015990234157,0.018865015990234157,0.003242557830783365,12.284670994039182
2024-04-05,0.007061096796294075,0.0,0.012016175372638138,0.0,-0.006008087686319069,0.0032230762590080577,12.371414245038718
2024-04-08,0.010595225492439742,0.0,0.0,0.0,0.0,0.0032230762590080577,12.502492168625285
2024-04-09,0.008017164539080968,0.0,0.0,0.0,0.0,0.0032230762590080577,12.602726705489724
2024-04-10,-0.020954349603773625,0.0,0.0,-0.0,-0.0,0.0032230762590080577,12.338644764142078
2024-04-11,-0.0010936713945534082,1.0,0.005054258247638878,-0.0010936713945534082,-0.0036208005183728472,0.003211406142818686,12.325150341315979
2024-04-12,-0.013450082011764009,1.0,0.006159451698517848,-0.013450082011764009,-0.013450082011764009,0.003168212466824692,12.159376058417958
2024-04-15,-0.00523139629798941,1.0,0.015622270351841572,-0.00523139629798941,-0.00523139629798941,0.003151638291854501,12.09576554352009
2024-04-16,-0.016733118099632738,1.0,0.0,-0.016733118099632738,-0.016733118099632738,0.003098901556109575,11.8933656701749
2024-04-17,0.03387368178257155,1.0,0.0,0.03387368178257155,0.03387368178257155,0.0032038727612967465,12.296237754210166
2024-04-18,0.0034487792753838953,0.0,0.0,0.0,-0.0002,0.0032032319867444873,12.33864476414208
2024-04-19,0.004530470351157723,0.0,0.00018218012147609776,0.0,0.0,0.0032032319867444873,12.394544628419492
2024-04-22,0.015707591066962845,0.0,0.006274609096451812,0.0,0.0,0.0032032319867444873,12.589233066903926
2024-04-23,0.01362730119870248,0.0,0.0,0.0,0.0,0.0032032319867444873,12.760790337767292
2024-04-24,0.005438025469146179,0.0,0.026495586041421864,0.0,0.0,0.0032032319867444873,12.830183840630504
2024-04-25,0.005108246837900454,0.0,0.0209094292703633,0.0,0.0,0.0032032319867444873,12.895723586664086
2024-04-26,-0.01360238492976018,0.0,0.01615957891128548,-0.0,-0.0,0.0032032319867444873,12.720310990490495
2024-04-29,0.021670150552576928,1.0,0.0,0.021670150552576928,0.02147015055257693,0.0032720058597547215,12.995962044730023
2024-04-30,-0.006674812024063392,0.0,0.0,-0.0,-0.0002,0.0032713514585827707,12.909216441009587
2024-05-01,0.0244887366294404,1.0,0.0,0.0244887366294404,0.0242887366294404,0.0033508084525826235,13.225346842525912
2024-05-02,0.003497886846550724,0.0,0.008197994630175922,0.0,-0.004098997315087961,0.003337073497732113,13.271607609287456
2024-05-03,0.0187364045041023,0.0,0.0,0.0,0.0,0.003337073497732113,13.520269817874787
2024-05-06,0.015825444586349935,0.0,0.0,0.0,0.0,0.003337073497732113,13.734234098670065
2024-05-07,0.009824477975751256,0.0,0.0,0.0,0.0,0.003337073497732113,13.869165779086261
2024-05-08,0.012508791427144228,0.0,0.00027650475432880304,0.0,0.0,0.003337073497732113,14.042652281085337
2024-05-09,0.023747382031265696,0.0,0.0,0.0,0.0,0.003337073497732113,14.376128509536494
2024-05-10,-0.01059249545039953,0.0,0.0008272123759581602,-0.0,-0.0,0.003337073497732113,14.22384943370487
2024-05-13,0.010705897622255822,1.0,0.009055493015789694,0.010705897622255822,0.006178151114360975,0.0033576904420808316,14.376128509536496
2024-05-14,0.011263152382157804,0.0,0.0,0.0,-0.0002,0.0033570189039924155,14.538049035604889
2024-05-15,0.02161233392535067,0.0,0.0,0.0,0.0,0.0033570189039924155,14.852250205985504
2024-05-16,-0.008306090612127948,0.0,0.01196751228620654,-0.0,-0.0,0.0033570189039924155,14.728886069980593
2024-05-17,-0.004188149270159425,1.0,0.0,-0.004188149270159425,-0.004388149270159424,0.00334228780393895,14.667199296536342
2024-05-20,-0.0028913889799346837,1.0,0.005581856414374158,-0.0028913889799346837,-0.0028913889799346837,0.0033326239498148707,14.624790718123831
2024-05-21,0.01423482201163706,1.0,0.003907424423013489,0.01423482201163706,0.01423482201163706,0.0033800632585722044,14.832972010953766
2024-05-22,-0.008187033707116598,0.0,0.0028901750101898334,-0.0,-0.0014450875050949167,0.0033751787713908114,14.71153396912337
2024-05-23,-0.013102750567968502,1.0,0.0,-0.013102750567968502,-0.013302750567968502,0.003330279610072697,14.51877240905375
2024-05-24,0.017126944453807136,1.0,0.0,0.017126944453807136,0.017126944453807136,0.0033873171239700585,14.767434617641081
2024-05-28,0.012008873810543719,0.0,0.0,0.0,-0.0002,0.0033866396605452646,14.944774876469788
2024-05-29,-0.010963471955732218,0.0,0.0,-0.0,-0.0,0.0033866396605452646,14.780928256226881
2024-05-30,0.01969210897942264,1.0,0.0,0.01969210897942264,0.01949210897942264,0.003452652409882648,15.071995906265528
2024-05-31,0.023404729815302838,0.0,0.0,0.0,-0.0002,0.0034519618794006716,15.424751898229022
2024-06-03,-0.022577332167334374,0.0,0.024230713792222736,-0.0,-0.0,0.0034519618794006716,15.076502151023984
2024-06-04,-0.007206385238712976,1.0,0.0,-0.007206385238712976,-0.007406385238712975,0.0034263953198924784,14.96785506847142
2024-06-05,-0.0012959371578935563,1.0,0.006167617254273916,-0.0012959371578935563,-0.0012959371578935563,0.0034219549268797974,14.948457668914223
2024-06-06,-0.004542767488159627,1.0,0.005775643042622831,-0.004542767488159627,-0.004542767488159627,0.0034064097812920202,14.880550301417749
2024-06-07,-0.01707936313188696,1.0,0.0,-0.01707936313188696,-0.01707936313188696,0.003348230471661322,14.626399979217526
2024-06-10,0.02095772070591928,1.0,0.02425311149213471,0.02095772070591928,0.02095772070591928,0.0034184017507454486,14.93293598491503
2024-06-11,-0.05495650606608504,0.0,0.0,-0.0,-0.0002,0.0034177180703952995,14.112273997875588
2024-06-12,-0.006598782739535181,1.0,0.021115135583270522,-0.006598782739535181,-0.01715635053117044,0.0033590825011628822,14.019150167802817
2024-06-13,0.01273164321728082,1.0,0.011188034542297394,0.01273164321728082,0.01273164321728082,0.003401849141105099,14.197636985948765
2024-06-14,-0.0016398873997013341,0.0,0.014158036464494627,-0.0,-0.007079018232247314,0.003377767389011861,14.174354459949974
2024-06-17,-0.010265467610534817,1.0,0.010801765905183794,-0.010265467610534817,-0.015666350563126714,0.003324850100974904,14.028848083341119
2024-06-18,-0.02586070033098442,1.0,0.0,-0.02586070033098442,-0.02586070033098442,0.0032388671488681486,13.66605224706893
2024-06-20,0.028676825368842973,1.0,0.0,0.028676825368842973,0.028676825368842973,0.003331747576489123,14.057951240839609
2024-06-21,0.004830196156707212,0.0,0.0,0.0,-0.0002,0.003331081226973825,14.12585390289429
2024-06-24,0.014283691841340485,0.0,0.012987797051273956,0.0,0.0,0.003331081226973825,14.327623247039028
2024-06-25,-0.01178044416273527,0.0,0.013618602005824623,-0.0,-0.0,0.003331081226973825,14.158837481392577
2024-06-26,0.005343906528605391,1.0,0.01131913129678595,0.005343906528605391,-0.00031565911978758375,0.003330029740805778,14.234500985446854
2024-06-27,0.004770287495438286,0.0,0.0,0.0,-0.0002,0.0033293637348576167,14.302403647501535
2024-06-28,-0.03947377656044171,0.0,0.0,-0.0,-0.0,0.0033293637348576167,13.737833761642813
2024-07-01,-0.012851124180799256,1.0,0.009120516599001668,-0.012851124180799256,-0.01741138248030009,0.0032713949094539704,13.561287153996764
2024-07-02,0.00815439971409182,1.0,0.005905433658308531,0.00815439971409182,0.00815439971409182,0.003298071171168303,13.671871310088033
2024-07-03,0.01929907806155451,0.0,0.0,0.0,-0.0002,0.0032974115569340697,13.93572582174895
2024-07-05,0.0036196418242859796,0.0,0.0,0.0,0.0,0.0032974115569340697,13.986168157785134
2024-07-08,0.000277447043108614,0.0,0.005361834003902376,0.0,0.0,0.0032974115569340697,13.990048578784931
2024-07-09,0.00013846081575730196,0.0,0.008253161676646869,0.0,0.0,0.0032974115569340697,13.991985652323633
2024-07-10,0.010815375340527122,0.0,0.01683719597582617,0.0,0.0,0.0032974115569340697,14.143314228912784
2024-07-11,0.02469123754173541,0.0,0.0,0.0,0.0,0.0032974115569340697,14.492530160166275
2024-07-12,0.017403198946996268,0.0,0.0,0.0,0.0,0.0032974115569340697,14.744746545788992
2024-07-15,-0.06618431734976793,0.0,0.0,-0.0,-0.0,0.0032974115569340697,13.768875561160598
2024-07-16,0.013104204828170651,1.0,0.00937908751351908,0.013104204828170651,0.008414661071411112,0.0033251581575986238,13.94930572676764
2024-07-17,-0.013908224138599823,0.0,0.015888721319175632,-0.0,-0.007944360659587816,0.0032987419019444896,13.755295656141902
2024-07-18,0.010860197618606238,1.0,0.015711567431966472,0.010860197618606238,0.0030044139026230016,0.003308652687975857,13.90468088526996
2024-07-19,0.004604704489443057,0.0,0.008492259731699434,0.0,-0.004246129865849717,0.0032946037189817185,13.968707831766634
2024-07-22,0.01249982455421339,0.0,0.0,0.0,0.0,0.0032946037189817185,14.143314228912784
2024-07-23,-0.010836614929656152,0.0,0.0,-0.0,-0.0,0.0032946037189817185,13.99004857878493
2024-07-24,0.045763373717177425,1.0,0.0,0.045763373717177425,0.045563373717177426,0.0034447169794796853,14.63028040021733
2024-07-25,-0.026123653295456073,0.0,0.023662272864131414,-0.0,-0.011831136432065707,0.003403962062925608,14.248084027426746
2024-07-26,0.011165340746217112,1.0,0.01365402621684777,0.011165340746217112,0.0043383276377932265,0.003418729565621198,14.407168740573699
2024-07-29,0.0010773583816978682,0.0,0.012136008267225535,0.0,-0.006068004133612768,0.0033979847004853045,14.422690424572892
2024-07-30,-0.0008072579482227837,0.0,0.00854075843106692,-0.0,-0.0,0.0033979847004853045,14.4110475930929
2024-07-31,0.028406155354491647,1.0,0.0,0.028406155354491647,0.028206155354491648,0.003493828784839379,14.82041004984327
2024-08-01,0.026181471359193687,0.0,0.0,0.0,-0.0002,0.003493130019082411,15.208430191094747
2024-08-02,0.010332826541142204,0.0,0.0,0.0,0.0,0.003493130019082411,15.3655762622224
2024-08-05,-0.031818087164440456,0.0,0.0,-0.0,-0.0,0.003493130019082411,14.876673017379149
2024-08-06,0.0037819590085872434,1.0,0.016802604061624843,0.0037819590085872434,-0.004619343022225178,0.0034769940533030375,14.932935984915034
2024-08-07,0.00766524260243906,0.0,0.00557449609262921,0.0,-0.002787248046314605,0.003467302808420921,15.0474005620061
2024-08-08,-0.00025777558743234064,0.0,0.0010782838844019614,-0.0,-0.0,0.003467302808420921,15.0435217094869
2024-08-09,-0.0010317852627158564,1.0,0.014384299859131807,-0.0010317852627158564,-0.00822393519228176,0.003438787934832451,15.028000025487705
2024-08-12,0.0015491720440983237,1.0,0.004615192402254274,0.0015491720440983237,0.0015491720440983237,0.003444115208966676,15.0512809830059
2024-08-13,0.006960751722837166,0.0,0.0,0.0,-0.0002,0.003443426385924883,15.156049213039264
2024-08-14,-0.001408171430357319,0.0,0.008943319205641146,-0.0,-0.0,0.003443426385924883,15.134706897540372
2024-08-15,-0.007691351861626172,1.0,0.004655292509028408,-0.007691351861626172,-0.010018998116140376,0.0034089267034512335,15.01830054146881
2024-08-16,0.014985175554458552,1.0,0.0010316135483110455,0.014985175554458552,0.014985175554458552,0.003460010068554732,15.243352411612339
2024-08-19,0.009927307034683253,0.0,0.0,0.0,-0.0002,0.0034593180665410212,15.394677851240294
2024-08-20,-0.004662850612927594,0.0,0.0015193483935336796,-0.0,-0.0,0.0034593180665410212,15.322894768185815
2024-08-21,0.008356620665229464,1.0,0.005019928317561789,0.008356620665229464,0.005846656506448569,0.003479543511022638,15.450942387256774
2024-08-22,-0.009040495597457232,0.0,0.005495059781546731,-0.0,-0.0027475298907733655,0.0034699833612198572,15.311258210628214
2024-08-23,0.009376407585413471,1.0,0.0006103100930608959,0.009376407585413471,0.009071252538883023,0.0035014604565952044,15.454822808256573
2024-08-26,0.012302184470453392,0.0,0.0,0.0,-0.0002,0.0035007601645038857,15.644950889401915
2024-08-27,-0.012772755571908267,0.0,0.0013491820953443728,-0.0,-0.0,0.0035007601645038857,15.445121755757075
2024-08-28,-0.002512291073582751,1.0,0.0,-0.002512291073582751,-0.002712291073582751,0.0034912650839589478,15.406319114239688
2024-08-29,0.007807625960453146,1.0,0.008310608449170335,0.007807625960453146,0.007807625960453146,0.0035185235758632893,15.526605891311052
2024-08-30,0.012513412784022293,0.0,0.0,0.0,-0.0002,0.003517819871148117,15.720896719963859
2024-09-03,-0.007204223082686756,0.0,0.008862371904643505,-0.0,-0.0,0.003517819871148117,15.60763987293336
2024-09-04,0.01438768453035233,1.0,0.001857802411064516,0.01438768453035233,0.013458783324820072,0.0035651654465696458,15.832197671688473
2024-09-05,-0.009250175178827091,0.0,0.01065937945602504,-0.0,-0.00532968972801252,0.0035461642209103986,15.685747069759536
2024-09-06,-0.0043568385896846085,1.0,0.000807951685154228,-0.0043568385896846085,-0.0047608144322617224,0.003529281591108318,15.617406801617975
2024-09-09,0.015128810009491733,1.0,0.012966448829459193,0.015128810009491733,0.015128810009491733,0.0035826754217701926,15.853679581960597
2024-09-10,0.01367160196314332,0.0,0.0,0.0,-0.0002,0.0035819588866858386,16.070424778856374
2024-09-11,0.013730137699586864,0.0,0.0,0.0,0.0,0.0035819588866858386,16.291073923960926
2024-09-12,0.00035950401924345066,0.0,0.0,0.0,0.0,0.0035819588866858386,16.29693063051438
2024-09-13,0.014258345262768035,0.0,0.0,0.0,0.0,0.0035819588866858386,16.529297894167637
2024-09-16,-0.00011813921905134972,0.0,0.0,-0.0,-0.0,0.0035819588866858386,16.527345135822955
2024-09-17,0.003898959957840731,1.0,0.0018662170718792923,0.003898959957840731,0.0029658514219010846,0.003592582444543107,16.59178459271694
2024-09-18,-0.008120528030479135,0.0,0.005744570593817661,-0.0,-0.0028722852969088305,0.003582263522809713,16.457050540856113
2024-09-19,-0.023611865099455343,1.0,0.0,-0.023611865099455343,-0.02381186509945534,0.0034969631470538687,16.068468883550498
2024-09-20,0.005711589940776696,1.0,0.016268790543183496,0.005711589940776696,0.005711589940776696,0.003516936366587848,16.16024538878947
2024-09-23,0.024891292648120844,0.0,0.0,0.0,-0.0002,0.0035162329793145307,16.562494786027273
2024-09-24,-0.006248544567922676,0.0,0.002349146058023752,-0.0,-0.0,0.0035162329793145307,16.459003299200795
2024-09-25,0.003914958807737623,1.0,0.014167008744126103,0.003914958807737623,-0.0031685455643254284,0.003505091634904789,16.523439619133583
2024-09-26,-0.013708343652426458,0.0,0.0,-0.0,-0.0002,0.003504390616577808,16.29693063051438
2024-09-27,0.012940477173539078,1.0,0.003909486489813398,0.012940477173539078,0.010985733928632379,0.0035428889194735274,16.507820689337304
2024-09-30,-0.00011838793636431699,0.0,0.006908845544949865,-0.0,-0.0034544227724749325,0.0035306502833097487,16.505866362512023
2024-10-01,0.008754237549858823,1.0,0.006213789747908065,0.008754237549858823,0.00564734267590479,0.0035505890753283788,16.65036263761568
2024-10-02,0.0018763894645614787,0.0,0.00825266940846663,0.0,-0.004126334704233315,0.00353593815640638,16.68160520265003
2024-10-03,-0.004448019885066268,0.0,0.0037327805302339616,-0.0,-0.0,0.00353593815640638,16.60740509099382
2024-10-04,-0.014109558818807155,1.0,0.0,-0.014109558818807155,-0.014309558818807156,0.0034853404413776184,16.373081932034683
2024-10-07,-0.042456535065228174,1.0,0.0,-0.042456535065228174,-0.042456535065228174,0.0033373649627140116,15.677937604861398
2024-10-08,0.0026155453473075685,1.0,0.0074977530865998464,0.0026155453473075685,0.0026155453473075685,0.0033460939921145056,15.718943961619171
2024-10-09,0.0009937371311341536,0.0,0.0,0.0,-0.0002,0.0033454247733160827,15.734564459896049
2024-10-10,0.004467626900421129,0.0,0.0,0.0,0.0,0.0033454247733160827,15.80486062334349
2024-10-11,0.011366399306428798,0.0,0.003595096281163573,0.0,0.0,0.0033454247733160827,15.984504980170865
2024-10-14,0.012826810436896041,0.0,0.0,0.0,0.0,0.0033454247733160827,16.189535195479138
2024-10-15,-0.0014472288976868919,0.0,0.0,-0.0,-0.0,0.0033454247733160827,16.166105232304123
2024-10-16,0.019325775064115147,1.0,0.011217262328203876,0.019325775064115147,0.01371714390001321,0.0033913144463383286,16.478527745686446
2024-10-17,-0.007228314746415054,0.0,0.006117721947849446,-0.0,-0.003058860973924723,0.003380940886928117,16.35941576058309
2024-10-18,0.0071616735556998545,1.0,0.0053645955779983105,0.0071616735556998545,0.004479375766700699,0.0033960853916056707,16.47657655582236
2024-10-21,-0.004147912939997611,0.0,0.004285492065483708,-0.0,-0.002142746032741854,0.003388808443105955,16.408233150719603
2024-10-22,-0.003927168015074312,1.0,0.0,-0.003927168015074312,-0.004127168015074311,0.0033748222612903543,16.343795262306216
2024-10-23,0.015053725260061102,1.0,0.005585773375570724,0.015053725260061102,0.015053725260061102,0.0034256259084133574,16.589830265891663
2024-10-24,-0.025306024662742455,0.0,0.0039001703384856216,-0.0,-0.0019500851692428108,0.0034189456461339866,16.170007612032297
2024-10-25,-0.016664589263430396,1.0,0.0,-0.016664589263430396,-0.016864589263430395,0.003361286532097943,15.900541076791235
2024-10-28,0.017683967635553577,1.0,0.01002334880468815,0.017683967635553577,0.017683967635553577,0.0034207274143453854,16.181725730581
2024-10-29,-0.039942071274703395,0.0,0.0,-0.0,-0.0002,0.0034200432688625162,15.535394088102432
2024-10-30,-0.005907675930142964,1.0,0.0,-0.005907675930142964,-0.006107675930142963,0.0033991547529092373,15.443616014382863
2024-10-31,0.002023008407179727,1.0,0.006994243781318619,0.002023008407179727,0.002023008407179727,0.0034060312715516777,15.474858579417216
2024-11-01,-0.023974609741230224,0.0,0.0042647229762013865,-0.0,-0.0021323614881006933,0.0033987683816409544,15.10385488417496
2024-11-04,0.013186828250243643,1.0,0.01665220802243326,0.013186828250243643,0.004860724239027014,0.0034152888574964352,15.303026824449178
2024-11-05,0.003572661071339134,0.0,0.0202515112549113,0.0,-0.01012575562745565,0.0033807064771282543,15.357699352658546
2024-11-06,-0.05251122152490184,0.0,0.0,-0.0,-0.0,0.0033807064771282543,14.55124779983825
2024-11-07,0.0013420946571784942,1.0,0.011271208352369862,0.0013420946571784942,-0.004293509519006437,0.0033661913816877376,14.570776951765694
2024-11-08,0.03149291584048641,0.0,0.0,0.0,-0.0002,0.0033655181434114,15.02965320403815
2024-11-11,-0.013771640026753462,0.0,0.011582750603885587,-0.0,-0.0,0.0033655181434114,14.822670230385194
2024-11-12,-0.021736261892036257,1.0,0.0,-0.021736261892036257,-0.021936261892036256,0.003291691256015128,14.500480788318253
2024-11-13,-0.0002693370479491808,1.0,0.008804135225313373,-0.0002693370479491808,-0.0002693370479491808,0.003290804681609473,14.496575271628883
2024-11-14,0.014008650537001621,1.0,0.007716961065919544,0.014008650537001621,0.014008650537001621,0.003336904414379669,14.699652728592472
2024-11-15,0.014213544181941318,0.0,0.0,0.0,-0.0002,0.003336237033496793,14.908586892109515
2024-11-18,0.0005239284873383987,0.0,0.017531392326885574,0.0,0.0,0.003336237033496793,14.916397925488251
2024-11-19,0.009032718288588981,-1.0,0.0028585266042320157,-0.009032718288588981,-0.010461981590704989,0.0033013333830701217,15.05113354582968
2024-11-20,-0.0025949364714199508,-1.0,0.005778401724531282,0.0025949364714199508,0.0025949364714199508,0.0033099001334701665,15.012076810455394
2024-11-21,0.006243695209377842,0.0,0.014727515871415332,0.0,-0.007363757935707666,0.0032855268300959256,15.105807642519647
2024-11-22,-0.010996117270597239,-1.0,0.010610012267498557,0.010996117270597239,0.0056911111368479605,0.0033042251284290977,14.939702410215416
2024-11-25,0.008421039812064102,0.0,0.012863181001317486,0.0,-0.006431590500658743,0.003282973705481055,15.06551023899223
2024-11-26,0.01109059899250009,-1.0,0.0,-0.01109059899250009,-0.01129059899250009,0.0032459069658695465,15.232595771670297
2024-11-27,0.013292126632143964,-1.0,0.0,-0.013292126632143964,-0.013292126632143964,0.0032027619594430503,15.4350693636036
2024-11-29,0.0019104180584095243,-1.0,0.0043294568192653905,-0.0019104180584095243,-0.0019104180584095243,0.0031966433451589434,15.464556798848632
2024-12-02,-0.020338192973370695,-1.0,0.0031040273038798957,0.020338192973370695,0.020338192973370695,0.0032616572943798276,15.150035658425997
2024-12-03,-0.010120661944878262,0.0,0.0,-0.0,-0.0002,0.003261004962920952,14.996707269074216
2024-12-04,-0.0072094828985526105,0.0,0.0,-0.0,-0.0,0.003261004962920952,14.888588764483226
2024-12-05,0.006073513405090658,0.0,0.0003048900978407212,0.0,0.0,0.003261004962920952,14.979014807927197
2024-12-06,-0.012598198788358106,-1.0,0.010039443549006785,0.012598198788358106,0.0075784770138547135,0.0032857184140745142,14.79030620172317
2024-12-09,-0.0071773204309828476,0.0,0.0,-0.0,-0.0002,0.003285061270391699,14.68415143484105
2024-12-10,-0.007496563509831189,0.0,0.0,-0.0,-0.0,0.003285061270391699,14.574070761021785
2024-12-11,-0.0021580225229879124,0.0,0.010414830805241733,-0.0,-0.0,0.003285061270391699,14.54261958806788
2024-12-12,-0.010272991574009294,0.0,0.0,-0.0,-0.0,0.003285061270391699,14.393223379575637
2024-12-13,0.0054628438891830555,0.0,0.004581450671317198,0.0,0.0,0.003285061270391699,14.4718513119604
2024-12-16,-0.011274057842543206,-1.0,0.0069122976671503475,0.011274057842543206,0.007817909008968033,0.0033107435804925066,14.308694823180673
2024-12-17,-0.007143979154295876,0.0,0.0,-0.0,-0.0002,0.0033100814317764083,14.206473805638689
2024-12-18,-0.02421458519068509,0.0,0.0028596609172985266,-0.0,-0.0,0.0033100814317764083,13.862469935412815
2024-12-19,-0.010635368117678845,0.0,0.0,-0.0,-0.0,0.0033100814317764083,13.715037464629443
2024-12-20,0.02723224828471138,0.0,0.010205109066999118,0.0,0.0,0.0033100814317764083,14.08852877010035
2024-12-23,0.01144130698248258,-1.0,0.0,-0.01144130698248258,-0.01164130698248258,0.0032715477576920836,14.249719952690606
2024-12-24,0.005794136232867064,-1.0,0.0,-0.005794136232867064,-0.005794136232867064,0.003252591964291685,14.332284771376699
2024-12-26,-0.007406578929656904,-1.0,0.006718851599641237,0.007406578929656904,0.007406578929656904,0.0032766825434011795,14.226131572975177
2024-12-27,-0.003592499587651954,0.0,0.0,-0.0,-0.0002,0.003276027206892499,14.175024201165382
2024-12-30,-0.004853595449322734,0.0,0.0,-0.0,-0.0,0.003276027206892499,14.106224368208565
2024-12-31,-0.0009755869755692093,0.0,0.0,-0.0,-0.0,0.003276027206892499,14.092462519440485
2025-01-02,-0.0011159976431269758,0.0,0.011422825871298607,-0.0,-0.0,0.003276027206892499,14.076735364482934
2025-01-03,0.005306549178646369,0.0,0.011019899318485148,0.0,0.0,0.003276027206892499,14.151434252969352
2025-01-06,-0.010418089054954893,-1.0,0.0,0.010418089054954893,0.010218089054954893,0.0033095019446389815,14.004003350666578
2025-01-07,-0.011370025585805688,0.0,0.008877849460492356,-0.0,-0.004438924730246178,0.0032948113146121258,13.84477747426579
2025-01-08,0.0032657095288115556,0.0,0.0,0.0,0.0,0.0032948113146121258,13.889990495987774
2025-01-10,-0.04641960464324779,-1.0,0.0,0.04641960464324779,0.04621960464324779,0.0034470961909475973,13.245222628665553
2025-01-13,-0.006233080943843561,0.0,0.0,-0.0,-0.0002,0.0034464067717094077,13.162664083901852
2025-01-14,0.015232869843412544,0.0,0.0,0.0,0.0,0.0034464067717094077,13.36316923268449
2025-01-15,0.01927024732218463,-1.0,0.0,-0.01927024732218463,-0.01947024732218463,0.0033793043794913737,13.620680808806528
2025-01-16,0.030018780522379274,-1.0,0.0070596653070122296,-0.030018780522379274,-0.030018780522379274,0.003277861783005107,14.029557036571473
2025-01-17,-0.008546868082480286,-1.0,0.0,0.008546868082480286,0.008546868082480286,0.003305877235257055,13.909648263324264
2025-01-21,0.0012718432796801071,0.0,0.014071367411098079,0.0,-0.007035683705549039,0.0032826181286604115,13.927339155990687
2025-01-22,-0.0333098335381119,-1.0,0.0,0.0333098335381119,0.0331098335381119,0.0033913050684695463,13.46342180707581
2025-01-23,0.01080462059930798,0.0,0.006291637405093317,0.0,-0.0031458187025466583,0.0033806366375591134,13.608888971669712
2025-01-24,0.05200047161988186,-1.0,0.0034599186238616557,-0.05200047161988186,-0.053730430931812685,0.003198993574199188,14.316557616419146
2025-01-27,0.013730572786453399,-1.0,0.02750777164087495,-0.013730572786453399,-0.013730572786453399,0.0031550695600852494,14.513132152822843
2025-01-28,-0.04456182154348409,-1.0,0.014020124849778973,0.04456182154348409,0.04456182154348409,0.0032956652067790476,13.86640054779175
2025-01-29,0.004961847862455571,0.0,0.004665139155715819,0.0,-0.0023325695778579096,0.0032879778383789102,13.935203517709763
2025-01-30,0.005783540007320509,-1.0,0.00421952013098694,-0.005783540007320509,-0.00789330007281398,0.003262024842667823,14.01579832476459
2025-01-31,0.0036466355741353595,-1.0,0.008147835372314548,-0.0036466355741353595,-0.0036466355741353595,0.0032501294268328373,14.066908833535583
2025-02-03,-0.007126837571614586,-1.0,0.0063645523711876005,0.007126837571614586,0.007126837571614586,0.0032732925713446002,13.966656259144266
2025-02-04,-0.016185833420273688,0.0,0.0,-0.0,-0.0002,0.0032726379128303314,13.740594287495533
2025-02-05,-0.010014326891235825,0.0,0.011936073517489714,-0.0,-0.0,0.0032726379128303314,13.602991484620706
2025-02-06,0.0010113322015852244,0.0,0.0,0.0,0.0,0.0032726379128303314,13.616748627946992
2025-02-07,-0.014436116380943775,-1.0,0.013593078519842863,0.014436116380943775,0.007639577121022344,0.00329763948255458,13.420175660023892
2025-02-10,0.020946305020135725,0.0,0.013507110546985128,0.0,-0.006753555273492564,0.0032753686920370963,13.701278752822553
2025-02-11,0.009038642037790368,-1.0,0.0020107613617808013,-0.009038642037790368,-0.010044022718680767,0.00324247081448222,13.825119706929298
2025-02-12,-0.01492953697378785,-1.0,0.013603487391372605,0.01492953697378785,0.01492953697378785,0.00329087940239346,13.618717071097654
2025-02-13,-0.009815213967472314,0.0,0.00018709503191055557,-0.0,-0.0002,0.0032902212265129814,13.485046449082363
2025-02-14,-0.00787180306139379,0.0,0.0,-0.0,-0.0,0.0032902212265129814,13.378894819161438
2025-02-18,0.006465065480681709,0.0,0.0014100677697230248,0.0,0.0,0.0032902212265129814,13.46539025022647
2025-02-19,0.008174965841544424,-1.0,0.0,-0.008174965841544424,-0.008374965841544424,0.003262665736129811,13.575469355565136
2025-02-20,0.01563862624567136,-1.0,0.0,-0.01563862624567136,-0.01563862624567136,0.0032116421261179184,13.787771046926384
2025-02-21,0.020530509718017953,-1.0,0.0,-0.020530509718017953,-0.020530509718017953,0.0031457054762368585,14.070841014395112
2025-02-24,-0.010897000234421972,-1.0,0.015145187591376962,0.010897000234421972,0.010897000234421972,0.003179984229548834,13.917511056562734
2025-02-25,0.006779594926049626,0.0,0.0021096999039204303,0.0,-0.0010548499519602151,0.0031766298233370602,14.011866143905047
2025-02-26,-0.0037878071296698623,-1.0,0.01115507716166939,0.0037878071296698623,-0.001789731451164833,0.003170944509033526,13.958791897425185
2025-02-27,-0.0229547226082899,0.0,0.0,-0.0,-0.0002,0.0031703103201317193,13.638371701472945
2025-02-28,0.019720248097932824,0.0,0.008889393771593502,0.0,0.0,0.0031703103201317193,13.907323775077817
2025-03-03,0.020664281801593853,-1.0,0.0,-0.020664281801593853,-0.020864281801593852,0.00310416407221399,14.19470863267203
2025-03-04,-0.010751301605949393,-1.0,0.0,0.010751301605949393,0.010751301605949393,0.0031375378763887148,14.0420970389536
2025-03-05,-0.005222238046170613,0.0,0.0,-0.0,-0.0002,0.003136910368813437,13.968765865548756
2025-03-06,-0.006668596468731747,0.0,0.0,-0.0,-0.0,0.003136910368813437,13.875613802825217
2025-03-07,0.04027985203693385,0.0,0.0,0.0,0.0,0.003136910368813437,14.434521473724654
2025-03-10,0.04572302398306438,-1.0,0.0,-0.04572302398306438,-0.04592302398306438,0.002992853958713694,15.094511445251824
2025-03-11,-0.02796744936329787,-1.0,0.03465720176639485,0.02796744936329787,0.02796744936329787,0.0030765564502557652,14.672356460743023
2025-03-12,-0.01499395531756198,0.0,0.0,-0.0,-0.0002,0.003075941138965714,14.452359803567301
2025-03-13,-0.0026056402686189806,0.0,0.014041425648761319,-0.0,-0.0,0.003075941138965714,14.414702152886555
2025-03-14,0.011274686942104761,0.0,0.012832110778286814,0.0,0.0,0.003075941138965714,14.577223407024034
2025-03-17,-0.019578538495887088,-1.0,0.0035540935442518414,0.019578538495887088,0.017801491723761168,0.0031306974796937886,14.291822677386468
2025-03-18,-0.01955357231046473,0.0,0.0,-0.0,-0.0002,0.00313007134019785,14.012366489215852
2025-03-19,-0.002828832781864632,0.0,0.0021042112300519197,-0.0,-0.0,0.00313007134019785,13.972727847539657
2025-03-20,0.00922001228496816,0.0,0.0,0.0,0.0,0.00313007134019785,14.101556569948489
2025-03-21,-0.003794970382346663,-1.0,0.014044858986190012,0.003794970382346663,-0.003227459110748343,0.003119969162933636,14.048041580420549
2025-03-24,-0.011427722879506552,0.0,0.01855649056330912,-0.0,-0.00927824528165456,0.0030910213237687395,13.887504454239718
2025-03-25,-0.02112170919887746,0.0,0.0,-0.0,-0.0,0.0030910213237687395,13.59417662365915
2025-03-26,0.016620555505365786,0.0,0.010626720731424453,0.0,0.0,0.0030910213237687395,13.820119390782423
2025-03-27,0.004302162112532093,-1.0,0.0,-0.004302162112532093,-0.004502162112532093,0.003077105044675839,13.879575784816117
2025-03-28,0.0059974745334474555,-1.0,0.0072004502653046755,-0.0059974745334474555,-0.0059974745334474555,0.003058650185533653,13.962818187120606
2025-03-31,0.006245583922050102,-1.0,0.0,-0.006245583922050102,-0.006245583922050102,0.0030395471291117084,14.050024139896594
2025-04-01,0.0004232099452885496,-1.0,0.010617693304046728,-0.0004232099452885496,-0.0004232099452885496,0.003038260762537495,14.055970249844142
2025-04-02,-0.006204081450468246,-1.0,0.0042389166954538236,0.006204081450468246,0.006204081450468246,0.003057110379776039,13.96876586554875
2025-04-03,0.023552642836979665,0.0,0.0,0.0,-0.0002,0.003056498957700084,14.297767218853414
2025-04-04,-0.07249793761957424,-1.0,0.006176861570267925,0.07249793761957424,0.06940950683444028,0.0032686490429940274,13.261208582921785
2025-04-07,-0.02764904766658327,0.0,0.0,-0.0,-0.0002,0.0032679953131854286,12.894548794696078
2025-04-08,-0.01460185503192446,0.0,0.025214589911303504,-0.0,-0.0,0.0032679953131854286,12.70626446249385
2025-04-09,0.05412577357714521,0.0,0.03258196563085439,0.0,0.0,0.0032679953131854286,13.394000855802119
2025-04-10,-0.012725723771074948,-1.0,0.014461481638987209,0.012725723771074948,0.005494982951581344,0.0032859528917172304,13.22355250072164
2025-04-11,-0.013639031342680963,0.0,0.014199507596342198,-0.0,-0.007099753798171099,0.00326262343519365,13.04319605370271
2025-04-14,0.028567130393457374,0.0,0.0,0.0,0.0,0.00326262343519365,13.415802736116264
2025-04-15,-0.0004432168588422991,-1.0,0.0,0.0004432168588422991,0.0002432168588422991,0.0032634169602171427,13.409856626168715
2025-04-16,-0.029855253776090107,0.0,0.0,-0.0,-0.0002,0.0032627642768250993,13.009501953493464
2025-04-17,0.01020726920328996,0.0,0.011677977257561093,0.0,0.0,0.0032627642768250993,13.142293442133498
2025-04-21,-0.024581523575048614,-1.0,0.0,0.024581523575048614,0.024381523575048615,0.003342315440960337,12.819235846055486
2025-04-22,0.030302967272350045,0.0,0.0,0.0,-0.0002,0.003341646977872145,13.207696730355043
2025-04-23,0.009453732738212262,-1.0,0.0,-0.009453732738212262,-0.009653732738212262,0.0033093876110423127,13.332558765331179
2025-04-24,-0.01367616115286252,-1.0,0.0,0.01367616115286252,0.01367616115286252,0.0033546473293282137,13.1502205430765
2025-04-25,-0.003918571339712185,0.0,0.018799944277909448,-0.0,-0.009399972138954724,0.0033231137378965095,13.098690465745506
2025-04-28,0.0015129567653595632,0.0,0.00937518079572436,0.0,0.0,0.0033231137378965095,13.118508218103006
2025-04-29,0.01601466887426728,-1.0,0.0,-0.01601466887426728,-0.016214668874267278,0.003269230549004989,13.32859678334028
2025-04-30,-0.005501910146843092,-1.0,0.017640582234321498,0.005501910146843092,0.005501910146843092,0.003287217561734929,13.25526404145484
2025-05-01,-0.012410333330099,0.0,0.009525013495266521,-0.0,-0.0047625067476332605,0.003271562165916228,13.09076179632191
2025-05-02,0.01574571820129589,0.0,0.01782994050092278,0.0,0.0,0.003271562165916228,13.296885242607084
2025-05-05,-0.014756372059029244,-1.0,0.011137154920220575,0.014756372059029244,0.009187794598918955,0.0033016206071142607,13.100671456740958
2025-05-06,0.006656721492829698,0.0,0.008774244550406672,0.0,-0.004387122275203336,0.003287135993804519,13.187878977997546
2025-05-07,0.012323294553083564,-1.0,0.0,-0.012323294553083564,-0.012523294553083564,0.003245970221518062,13.350397095173827
2025-05-08,0.014251953933861472,-1.0,0.0,-0.014251953933861472,-0.014251953933861472,0.0031997088034503005,13.540666339573002
2025-05-09,0.029127359569687483,-1.0,0.0,-0.029127359569687483,-0.029127359569687483,0.003106509734613909,13.93507019685891
2025-05-12,-0.008818001901977124,-1.0,0.01830603147892788,0.008818001901977124,0.008818001901977124,0.0031339029433622447,13.812190721358823
2025-05-13,0.0347252630450543,0.0,0.0,0.0,-0.0002,0.0031332761627735723,14.291822677386467
2025-05-14,0.001109539294262829,-1.0,0.017263802305445695,-0.001109539294262829,-0.009741440446985676,0.0031027535396299538,14.307680016233663
2025-05-15,0.03269151501863621,-1.0,0.0,-0.03269151501863621,-0.03269151501863621,0.0030013198256900143,14.775419752366206
2025-05-16,0.006035957577175566,-1.0,0.005053069947769137,-0.006035957577175566,-0.006035957577175566,0.0029832039865466133,14.86460355917645
2025-05-19,-0.015199947831988636,-1.0,0.0,0.015199947831988636,0.015199947831988636,0.0030285485315143025,14.638662360533775
2025-05-20,0.007446677769181065,0.0,0.0,0.0,-0.0002,0.0030279428218079997,14.74767176210451
2025-05-21,-0.03857029407325974,-1.0,0.0,0.03857029407325974,0.03837029407325974,0.0031441258783177885,14.17884972534423
2025-05-22,-0.06429953639784147,0.0,0.0,-0.0,-0.0002,0.003143497053142125,13.267156261349935
2025-05-23,0.012249775494868942,0.0,0.013221716905917062,0.0,0.0,0.003143497053142125,13.429675947006817
2025-05-27,0.004132222717939893,-1.0,0.0,-0.004132222717939893,-0.004332222717939893,0.003129878723794726,13.48517035904961
2025-05-28,-0.012198751721555823,0.0,0.002035407665407386,-0.0,-0.001017703832703693,0.0031266934342216225,13.32066811391668
2025-05-29,0.02648409149435138,1.0,0.012516706056996882,0.02648409149435138,0.02022573846585294,0.0031899331178850882,13.673453907011538
2025-05-30,0.023916671054320604,0.0,0.0,0.0,-0.0002,0.003189295131261511,14.000477406281949
2025-06-02,0.0010987952239154275,0.0,0.007328979451330841,0.0,0.0,0.003189295131261511,14.015861063988506
2025-06-03,0.01140405024738289,0.0,0.0,0.0,0.0,0.003189295131261511,14.175698647822568
2025-06-04,-0.015081124346553954,0.0,0.015999506697807267,-0.0,-0.0,0.003189295131261511,13.961913173815478
2025-06-05,0.02318269632276526,1.0,0.013050494208386072,0.02318269632276526,0.016657449218572228,0.0032424206529535395,14.285587967008858
2025-06-06,0.009230762474177645,0.0,0.0,0.0,-0.0002,0.003241772168822949,14.417454836336287
2025-06-09,-0.0036029202823154582,0.0,0.008877236238601732,-0.0,-0.0,0.003241772168822949,14.365509895887083
2025-06-10,0.012656255629788449,1.0,0.0,0.012656255629788449,0.012456255629788448,0.0032821525116513415,14.547323461381685
2025-06-11,0.0026095477987795324,0.0,0.0,0.0,-0.0002,0.003281496081149011,14.585285397298467
2025-06-12,0.011506841065535012,0.0,0.0,0.0,0.0,0.003281496081149011,14.753115958260649
2025-06-13,0.012730076742569985,0.0,0.006810266506782717,0.0,0.0,0.003281496081149011,14.94092425660134
2025-06-16,-0.013372412049007076,0.0,0.01848908805243311,-0.0,-0.0,0.003281496081149011,14.741128061049062
2025-06-17,-0.026023400493001447,1.0,0.0,-0.026023400493001447,-0.026223400493001446,0.003195444095196826,14.357513781797762
2025-06-18,-0.004035494875773593,1.0,0.005801158807796735,-0.004035494875773593,-0.004035494875773593,0.003182548896924838,14.299574108502467
2025-06-20,-0.0005589660969951282,1.0,0.0107031640638233,-0.0005589660969951282,-0.0005589660969951282,0.0031807699599894278,14.291581131374345
2025-06-23,-0.011184037816723391,1.0,6.521960185244333e-05,-0.011184037816723391,-0.011184037816723391,0.003145196108470608,14.131743547540284
2025-06-24,0.009472653757063076,1.0,0.006429494103550258,0.009472653757063076,0.009472653757063076,0.0031749894622042124,14.265608661149743
2025-06-25,-0.014846000248263436,0.0,0.0,-0.0,-0.0002,0.0031743544643117716,14.053821431424685
2025-06-26,0.009241028330998935,1.0,0.009715139254653053,0.009241028330998935,0.004383458703672408,0.0031882691160169006,14.183693193431282
2025-06-27,-0.0014089427223480389,0.0,0.006811023494967834,-0.0,-0.003405511747483917,0.003177411428088165,14.163709182130379
2025-06-30,-0.020736284095275725,1.0,0.0,-0.020736284095275725,-0.020936284095275724,0.0031108882397421355,13.870006484686858
2025-07-01,0.05243449674130507,1.0,0.006753394992036951,0.05243449674130507,0.05243449674130507,0.0032740060990114586,14.597273294510051
2025-07-02,-0.0005473515502329995,0.0,0.0,-0.0,-0.0002,0.003273351297791656,14.589283454343127
2025-07-03,0.011777513377087434,1.0,0.008405990643278754,0.011777513377087434,0.007574518055448057,0.0032981453562986036,14.761108935388773
2025-07-07,0.011775790429331856,0.0,0.010896244478350359,0.0,-0.005448122239175179,0.003280176657234921,14.934932660716449
2025-07-08,-0.030635342002251487,0.0,0.0,-0.0,-0.0,0.003280176657234921,14.477395890874805
2025-07-09,0.01642271395085082,1.0,0.0,0.01642271395085082,0.01622271395085082,0.0033333900248535015,14.715154022343864
2025-07-10,0.013441999175210606,0.0,0.0014119116504443556,0.0,-0.0007059558252221778,0.003331036798747719,14.912955110575307
2025-07-11,-0.0032154317163024526,0.0,0.00767942152682865,-0.0,-0.0,0.003331036798747719,14.865003521728969
2025-07-14,0.008602214527366314,1.0,0.0,0.008602214527366314,0.008402214527366314,0.003359024884529349,14.992875470972937
2025-07-15,-0.004531087568769965,0.0,0.015489040135618925,-0.0,-0.0077445200678094624,0.0033330108489028403,14.924941439306295
2025-07-16,0.0009370985843053514,1.0,0.011639733714099482,0.0009370985843053514,-0.00488276827274439,0.0033167365292771046,14.93892758079991
2025-07-17,0.005483566623948555,0.0,0.010024928083728311,0.0,-0.005012464041864156,0.0033001115066877656,15.020846185479568
2025-07-18,0.010242060771335826,0.0,0.0,0.0,0.0,0.0033001115066877656,15.174690604948138
2025-07-21,0.002896606028194304,0.0,0.0,0.0,0.0,0.0033001115066877656,15.218645705230415
2025-07-22,0.0179861575968574,0.0,0.001632549656091975,0.0,0.0,0.0033001115066877656,15.492370665295427
2025-07-23,-0.06087183039999444,0.0,0.0037136571586335225,-0.0,-0.0,0.0033001115066877656,14.549321705663715
2025-07-24,-0.011672519186753938,1.0,0.0,-0.011672519186753938,-0.011872519186753938,0.003260930869506188,14.3794944689001
2025-07-25,-0.0016674691141350673,1.0,0.01391358357483951,-0.0016674691141350673,-0.0016674691141350673,0.0032554933679979567,14.355517105996334
2025-07-28,-0.00709806141470215,1.0,0.012197797816383004,-0.00709806141470215,-0.00709806141470215,0.0032323856761367516,14.253620763938166
2025-07-29,0.008550504460285824,1.0,0.01621790539359049,0.008550504460285824,0.008550504460285824,0.003260024204277923,14.375496411855442
2025-07-30,-0.013342371833919842,0.0,0.009691228607260299,-0.0,-0.0048456143036301495,0.0032442273843634934,14.183693193431287
2025-07-31,0.000985850747173167,1.0,0.0,0.000985850747173167,0.000785850747173167,0.0032467768628774954,14.197676197963705
2025-08-01,-0.009287919198096795,0.0,0.0002668448810774843,-0.0,-0.0002,0.00324612750750492,14.065809328636277
2025-08-04,0.0018466081899972675,1.0,0.0057716975946506596,0.0018466081899972675,-0.0010392406073280623,0.0032427539999825565,14.091783367341478
2025-08-05,0.009216022567234416,0.0,0.0,0.0,-0.0002,0.00324210544918256,14.221653560867475
2025-08-06,-0.008991355941605939,0.0,0.006353529370104756,-0.0,-0.0,0.00324210544918256,14.093781611623507
2025-08-07,0.028919740380944026,1.0,0.0022834612086761914,0.028919740380944026,0.02777800977660593,0.00333216468604674,14.501370116817382
2025-08-08,-0.0023421151655688144,0.0,0.0,-0.0,-0.0002,0.0033314982531095307,14.467406237945257
2025-08-11,0.0005522648659694873,1.0,0.004955304359946797,0.0005522648659694873,-0.0019253873140039112,0.0033250838286363674,14.475396078112182
2025-08-12,-0.00814363183420308,0.0,0.020485427648577522,-0.0,-0.010242713824288761,0.0032910259465378745,14.357513781797769
2025-08-13,0.006123268091012157,1.0,0.011477392280001516,0.006123268091012157,0.0003845719510113992,0.003292291582806964,14.44542868780412
2025-08-14,-0.0008300919572504784,0.0,0.009935773949595916,-0.0,-0.004967886974797958,0.0032759358503355,14.433437653631337
2025-08-15,0.043881676707405504,1.0,0.0,0.043881676707405504,0.043681676707405505,0.003419034221064055,15.066801098524481
2025-08-18,0.0041107705248342175,0.0,0.0,0.0,-0.0002,0.0034183504142198426,15.128737260383835
2025-08-19,0.010433184562333109,0.0,0.009469132077561209,0.0,0.0,0.0034183504142198426,15.286578168416465
2025-08-20,-0.004313107204046429,0.0,0.00040763748379292404,-0.0,-0.0,0.0034183504142198426,15.220645517993049
2025-08-21,-0.0013127481561859833,1.0,0.015458085282548118,-0.0013127481561859833,-0.009041790797460043,0.003387442404902056,15.200664643653344
2025-08-22,0.003154571853958954,1.0,0.015453504532775319,0.003154571853958954,0.003154571853958954,0.003398128335369467,15.248616232499682
2025-08-25,-0.013102681645764225,0.0,0.00020467771678543928,-0.0,-0.0002,0.003397448709702393,15.048818468466806
2025-08-26,-0.006372804475888283,1.0,0.0,-0.006372804475888283,-0.006572804475888283,0.0033751179436166605,14.952915290774131
2025-08-27,-0.012693824307359769,1.0,0.0,-0.012693824307359769,-0.012693824307359769,0.003332274789423773,14.76310561119021
2025-08-28,-0.0168159721030674,1.0,0.0,-0.0168159721030674,-0.0168159721030674,0.003276239349525068,14.514849639077799
2025-08-29,-0.0005547821431901578,1.0,0.00720895252806106,-0.0005547821431901578,-0.0005547821431901578,0.0032744217504371343,14.506797059686948
2025-09-02,0.008327432662889489,1.0,0.006864111246793294,0.008327432662889489,0.008327432662889489,0.0033016892770738,14.627601435355693
2025-09-03,-0.014039827925655723,0.0,0.014291406150841223,-0.0,-0.007145703075420611,0.003278096385852531,14.422232428238225
2025-09-04,-0.01061018371438327,1.0,0.006398152841160203,-0.01061018371438327,-0.01380926013496337,0.0032328283001128097,14.269209892603081
2025-09-05,0.0004234142821857301,1.0,0.014455746608205044,0.0004234142821857301,0.0004234142821857301,0.0032341971257869315,14.275251679867115
2025-09-08,-0.015937899152046575,0.0,0.0,-0.0,-0.0002,0.003233550286361774,14.047734158223308
2025-09-09,0.0042997815273302376,1.0,0.006222822132702112,0.0042997815273302376,0.0011883704609791817,0.0032373929420061775,14.108136346057684
2025-09-10,0.013843364022618099,0.0,0.003116865524555037,0.0,-0.0015584327622775185,0.003232347682780989,14.30344041317689
2025-09-11,0.00394131258144137,0.0,0.00427585440579304,0.0,0.0,0.003232347682780989,14.35981474283524
2025-09-12,0.004486939117591682,0.0,0.0,0.0,0.0,0.003232347682780989,14.424246357326238
2025-09-15,-0.0019542603898646815,0.0,0.007590909640389677,-0.0,-0.0,0.003232347682780989,14.396057624016466
2025-09-16,-0.023356713725980693,1.0,0.0,-0.023356713725980693,-0.023556713725980692,0.0031562041937548803,14.059813027309591
2025-09-17,0.006873851652783314,1.0,0.007544928869825837,0.006873851652783314,0.006873851652783314,0.003177899473168644,14.156458096325187
2025-09-18,0.006826924387300259,0.0,0.007697901318436813,0.0,-0.0038489506592184067,0.0031656678948964617,14.253103165340784
2025-09-19,0.004096749671296029,0.0,0.0,0.0,0.0,0.0031656678948964617,14.311494561048342
2025-09-22,0.01786697517171487,0.0,0.0,0.0,0.0,0.0031656678948964617,14.567197679040724
2025-09-23,-0.00041453754084275207,0.0,0.00689609483807953,-0.0,-0.0,0.0031656678948964617,14.561159028737885
2025-09-24,0.020879489956922015,1.0,0.0,0.020879489956922015,0.020679489956922016,0.0032311322923359235,14.865188602439561
2025-09-25,0.011106579885190593,-1.0,0.0,-0.011106579885190593,-0.011506579885190592,0.0031939530104945412,15.03029000716098
2025-09-26,0.01607478972277865,-1.0,0.0,-0.01607478972277865,-0.01607478972277865,0.0031426108874664056,15.271898758498475
2025-09-29,0.004746451766693749,0.0,0.0,0.0,-0.0002,0.0031419823652889126,15.344386089341517
2025-09-30,-0.009447752122516695,0.0,0.00959159274867733,-0.0,-0.0,0.0031419823652889126,15.199416133097225
2025-10-01,0.042124815606155996,1.0,0.0,0.042124815606155996,0.041924815606156,0.0032737093965914442,15.83968873502518
2025-10-02,-0.006228495475725904,0.0,0.00469470871431594,-0.0,-0.00234735435715797,0.003266024840575286,15.741031305402169
2025-10-03,0.024046998723675328,1.0,0.004036180925037125,0.024046998723675328,0.022028908261156766,0.003337971802166978,16.11955586511251
2025-10-06,0.025605956654058515,0.0,0.0,0.0,-0.0002,0.0033373042078065447,16.532312513877255
2025-10-07,0.013396536884592747,0.0,0.0,0.0,0.0,0.0033373042078065447,16.753788248257024
2025-10-08,0.009974778917646754,0.0,0.013667626296200925,0.0,0.0,0.0033373042078065447,16.920903582066455
2025-10-09,-0.003926739182464778,0.0,0.002764397273754205,-0.0,-0.0,0.0033373042078065447,16.854459606968046
2025-10-10,-0.004300501297074044,1.0,0.01431071533960037,-0.004300501297074044,-0.01145585896687423,0.003299072521472357,16.781976981566796
2025-10-13,0.011397809544958726,1.0,0.016541847914409113,0.011397809544958726,0.011397809544958726,0.0033366747217471056,16.973254758990574
2025-10-14,0.0040331884884696745,0.0,0.012709639924211964,0.0,-0.006354819962105982,0.003315470754618293,17.0417110946964
2025-10-15,0.013586887493433064,0.0,0.0,0.0,0.0,0.003315470754618293,17.27325490603563
2025-10-16,-0.008625653346113649,0.0,0.01434910083681246,-0.0,-0.0,0.003315470754618293,17.12426179705711
2025-10-17,-0.0061141780363132,1.0,0.0,-0.0061141780363132,-0.0063141780363132,0.003294536281999443,17.019561011689465
2025-10-20,0.0028392811491968484,1.0,0.00841293591690913,0.0028392811491968484,0.0028392811491968484,0.003303890396760269,17.06788433043756
2025-10-21,-0.009201331214197639,0.0,0.0002905877365979903,-0.0,-0.0002,0.0033032296186809172,16.91083707358759
2025-10-22,-0.013692130011794146,1.0,0.0022732605466858147,-0.013692130011794146,-0.014828760285137053,0.0032542468184987333,16.67929169376776
2025-10-23,0.004949387081716106,1.0,0.012835188414894012,0.004949387081716106,0.004949387081716106,0.003270353345662927,16.761843964609067
2025-10-24,0.013933893008452714,0.0,0.0,0.0,-0.0002,0.0032696992749937943,16.995401705036308
2025-10-27,0.019192045319573525,0.0,0.0,0.0,0.0,0.0032696992749937943,17.32157822478372
2025-10-28,-0.02859463541581775,0.0,0.03309216505006632,-0.0,-0.0,0.0032696992749937943,16.826274010619464
2025-10-29,-0.021658587622348513,1.0,0.0,-0.021658587622348513,-0.021858587622348512,0.003198228266892613,16.461840680602815
2025-10-30,-0.00146759448848377,1.0,0.006733356926562016,-0.00146759448848377,-0.00146759448848377,0.0031935345647152087,16.437681373949665
2025-10-31,-0.002939789234793211,1.0,0.0,-0.002939789234793211,-0.002939789234793211,0.003184146246180919,16.389358055201566
2025-11-03,0.004668302646118061,1.0,0.011915238094206701,0.004668302646118061,0.004668302646118061,0.0031990108045275925,16.46586853877884
2025-11-04,-0.001100593314481424,0.0,0.013292851207378999,-0.0,-0.0066464256036894995,0.0031777488172099006,16.447746313947928
2025-11-05,0.0055086483280279985,1.0,0.007197673166352066,0.0055086483280279985,0.0019098117448519657,0.0031838177192231973,16.538351164180085
2025-11-06,-0.001704351573464269,0.0,0.0,-0.0,-0.0002,0.003183180955679353,16.51016399935091
2025-11-07,0.023536570362661324,1.0,0.0056953721636979066,0.023536570362661324,0.02068888428081237,0.0032490374181162887,16.898756636020714
2025-11-10,0.01000829221105759,0.0,0.0,0.0,-0.0002,0.0032483876106326657,17.067884330437558
2025-11-11,0.0116787717467568,0.0,0.001472754887391783,0.0,0.0,0.0032483876106326657,17.267216255732784
2025-11-12,0.0015157762174011769,0.0,0.002234780979758052,0.0,0.0,0.0032483876106326657,17.293389491473945
2025-11-13,-0.02212130930578815,0.0,0.0007822985684508519,-0.0,-0.0,0.0032483876106326657,16.910837073587583
2025-11-14,-0.0013098158837760998,1.0,0.0,-0.0013098158837760998,-0.0015098158837761,0.003243483143421471,16.88868699058065
2025-11-17,0.02229384485564312,1.0,0.0,0.02229384485564312,0.02229384485564312,0.003315792853412803,17.265200758164173
2025-11-18,-0.012944515768928966,0.0,0.0,-0.0,-0.0002,0.0033151296948421205,17.041711094696392
2025-11-19,-0.004371608639325064,1.0,0.0,-0.004371608639325064,-0.004571608639325064,0.0032999742192886972,16.967211403245937
2025-11-20,0.0003561784904428933,1.0,0.0035806722563283865,0.0003561784904428933,0.0003561784904428933,0.003301149599124624,16.97325475899057
2025-11-21,-0.003021587746499743,0.0,0.0,-0.0,-0.0002,0.003300489369204799,16.921968580392587
2025-11-24,0.00898425352670107,1.0,0.010404856309234448,0.00898425352670107,0.0037818253720838454,0.0033129712436415506,17.073999836289705
2025-11-25,0.007123294114275147,0.0,0.0,0.0,-0.0002,0.0033123086493928224,17.195622958830683
2025-11-26,0.008369700333003882,0.0,0.0006075183584052415,0.0,0.0,0.0033123086493928224,17.339545170035418
2025-11-28,0.008767801342289161,0.0,0.0,0.0,0.0,0.0033123086493928224,17.491574857451937
2025-12-01,-0.019005690767412986,0.0,0.0,-0.0,-0.0,0.0033123086493928224,17.15913539467615
2025-12-02,-0.0008268758981397895,1.0,0.006354327164714167,-0.0008268758981397895,-0.004004039480496872,0.003299046034789062,17.144946919185372
2025-12-03,0.004374468880818716,1.0,0.002143422203832778,0.004374468880818716,0.004374468880818716,0.0033134776090046354,17.219946955946636
2025-12-04,-0.018363758185817924,0.0,0.0,-0.0,-0.0002,0.0033128149134828344,16.90372401407502
2025-12-05,-0.003117897867642494,1.0,0.00847538794240146,-0.003117897867642494,-0.007355591838843224,0.003288447199141622,16.851019929016317
2025-12-08,-0.031035699529326055,1.0,0.0,-0.031035699529326055,-0.031035699529326055,0.0031863879399510087,16.32803673773668
2025-12-09,-0.011297299986993359,1.0,0.0,-0.011297299986993359,-0.011297299986993359,0.0031503903595184444,16.143574008511823
2025-12-10,0.02046705501447077,1.0,0.01171321197695591,0.02046705501447077,0.02046705501447077,0.003214869572323767,16.473985425874215
2025-12-11,-0.0007381595748093828,0.0,0.0,-0.0,-0.0002,0.0032142265984093023,16.461824995796835
2025-12-12,0.0054179947092991565,1.0,0.008755002057923546,0.0054179947092991565,0.0010404936803373836,0.0032175709808721195,16.55101507652947
2025-12-15,0.0,0.0,0.006210262872897489,0.0,-0.0031051314364487445,0.0032075800000704083,16.55101507652947
2025-12-16,-0.004041693438182947,0.0,0.009911038358911299,-0.0,-0.0,0.0032075800000704083,16.484120947499395
2025-12-17,-0.012666025412358284,1.0,0.004412113805246624,-0.012666025412358284,-0.014872082314981596,0.0031598766062774725,16.27533265267798
2025-12-18,0.006974705141311599,1.0,0.011271013214147642,0.006974705141311599,0.006974705141311599,0.003181915813889186,16.388848299007172
2025-12-19,-0.016202806255873226,0.0,0.010347497808974105,-0.0,-0.005173748904487053,0.003165453380432907,16.123302965261463
2025-12-22,0.0062861591070753065,1.0,0.0,0.0062861591070753065,0.006086159107075307,0.003184718833352251,16.224656613032675
2025-12-23,-0.003123396744471041,0.0,0.0,-0.0,-0.0002,0.0031840818895855806,16.173980573387368
2025-12-24,0.008271626177113411,1.0,0.006611539779963164,0.008271626177113411,0.00496585628713183,0.0031998935826557215,16.307765694486324
2025-12-26,-0.0004970581429145637,0.0,0.0008390989424952801,-0.0,-0.00041954947124764005,0.0031985510689950696,16.299659786755136
2025-12-29,-0.0017412422587130827,1.0,0.0,-0.0017412422587130827,-0.0019412422587130828,0.0031923419064932845,16.27127813033179
2025-12-30,0.0032390869750087425,1.0,0.0016233079834528908,0.0032390869750087425,0.0032390869750087425,0.0032026821795823816,16.323982215390494
2025-12-31,-0.0031043919906705852,0.0,0.005031178707289522,-0.0,-0.002515589353644761,0.0031946255463883165,16.273306175745187
2026-01-02,0.008096708267133934,1.0,0.0023489522137013683,0.008096708267133934,0.00692223216028325,0.0032167394860855886,16.405066388391944
2026-01-05,0.0048189112580119264,0.0,0.013298083903127532,0.0,-0.006649041951563766,0.003195351250295354,16.4841209474994
2026-01-06,-0.003320103855413814,0.0,0.00048375902564265613,-0.0,-0.0,0.003195351250295354,16.4293919539885
2026-01-07,-0.03306599757625939,1.0,0.0,-0.03306599757625939,-0.033265997576259386,0.003089054703347731,15.8861377194585
2026-01-08,0.014291058543430601,1.0,0.014347372092653802,0.014291058543430601,0.014291058543430601,0.003133200564957133,16.113167443636282
2026-01-09,0.005032071118510784,0.0,0.0,0.0,-0.0002,0.003132573924844142,16.194250048157134
2026-01-12,0.015396228944267287,0.0,0.009270588282892872,0.0,0.0,0.003132573924844142,16.443580429479272
2026-01-13,0.006410293097021347,0.0,0.0,0.0,0.0,0.003132573924844142,16.54898859959668
2026-01-14,0.004164641576014594,0.0,0.0016762631337220223,0.0,0.0,0.003132573924844142,16.617909205559553
2026-01-15,0.0025616076551482347,0.0,0.008883656602611112,0.0,0.0,0.003132573924844142,16.660477768993072
2026-01-16,0.017520254331344187,0.0,0.0,0.0,0.0,0.003132573924844142,16.952373576787537
2026-01-20,-0.0014348431507704706,0.0,0.013444838038694604,-0.0,-0.0,0.003132573924844142,16.92804957967158
2026-01-21,0.00407138493058512,1.0,0.0,0.00407138493058512,0.00387138493058512,0.0031447013243307274,16.996970185634453
2026-01-22,0.01454978935703255,0.0,0.0,0.0,-0.0002,0.0031440723840658615,17.244272521543195
2026-01-23,-0.003056324063126392,0.0,0.007925081465534205,-0.0,-0.0,0.0031440723840658615,17.191568436484495
2026-01-26,0.007782110752363236,1.0,0.0,0.007782110752363236,0.007582110752363236,0.0031679110890952956,17.32535512606405
2026-01-27,0.019656076599310346,0.0,0.005613274448552197,0.0,-0.0028066372242760984,0.0031590199119094437,17.66590363353222
2026-01-28,0.00481920201493935,0.0,0.006237071775093645,0.0,0.0,0.0031590199119094437,17.751039191918665
2026-01-29,0.006965855160224299,0.0,0.0018926690037099779,0.0,0.0,0.0031590199119094437,17.874690359873036
2026-01-30,-0.003175273964561076,0.0,0.0,-0.0,-0.0,0.0031590199119094437,17.81793332094874
2026-02-02,-0.01786118586661478,1.0,0.01776108457149804,-0.01786118586661478,-0.0267417281523638,0.0030745422601972574,17.499683902144326
2026-02-03,0.028842728119233163,1.0,0.019650050967716215,0.028842728119233163,0.028842728119233163,0.0031632204466992197,18.004422527106396
2026-02-04,0.01294750173666559,0.0,0.0,0.0,-0.0002,0.00316258780260988,18.237534819043766
2026-02-05,-0.008447203302304307,0.0,0.009609056918606996,-0.0,-0.0,0.00316258780260988,18.08347865469445
2026-02-06,0.0029144881947269496,1.0,0.01724769089025609,0.0029144881947269496,-0.005709357250401096,0.0031445314590090195,18.136182739753153
2026-02-09,0.00011173668471897713,0.0,0.0053400603145073965,0.0,-0.0026700301572536982,0.0031361354651830327,18.13820921668595
2026-02-10,0.015087177304491162,0.0,0.0,0.0,0.0,0.0031361354651830327,18.411863595124046
2026-02-11,0.005835162474224109,0.0,0.00601389954608167,0.0,0.0,0.0031361354651830327,18.519299810654847
2026-02-12,0.006239011433656572,0.0,0.0,0.0,0.0,0.0031361354651830327,18.634841933916835
2026-02-13,0.02034160256897999,0.0,0.01744967950600964,0.0,0.0,0.0031361354651830327,19.013904482472334
2026-02-17,-0.01162054127618406,0.0,0.015042014831789784,-0.0,-0.0,0.0031361354651830327,18.792952620612343
2026-02-18,-0.01607160428686283,1.0,0.0,-0.01607160428686283,-0.016271604286862827,0.003085105509903578,18.4909197227121
2026-02-19,0.004604266750586339,1.0,0.0068479121499568215,0.004604266750586339,0.004604266750586339,0.0030993101586248776,18.576056849579146
2026-02-20,0.005892591999979713,0.0,0.005243979283206209,0.0,-0.0026219896416031043,0.003091183799492848,18.685517973562145
2026-02-23,0.020394886886598185,0.0,0.0,0.0,0.0,0.003091183799492848,19.066606999050443
2026-02-24,0.01722304028430166,0.0,0.0,0.0,0.0,0.003091183799492848,19.394991939480036
2026-02-25,-0.005957317415883678,0.0,0.018964044560301475,-0.0,-0.0,0.003091183799492848,19.279449816218047
2026-02-26,-0.03280422720838283,1.0,0.0,-0.03280422720838283,-0.03300422720838283,0.0029891616670315144,18.647002363994215
2026-02-27,0.02630054042632679,1.0,0.025497694631290417,0.02630054042632679,0.02630054042632679,0.003067778234296103,19.137428603498257
2026-03-02,-0.011304248834115627,0.0,0.012559466992999377,-0.0,-0.006279733496499689,0.0030485134045583613,18.92109434851919
2026-03-03,-0.001294336131317686,1.0,0.0009846015868562972,-0.001294336131317686,-0.0017866369247458345,0.0030430668179441947,18.89660409245983
2026-03-04,0.00010798730016237101,1.0,0.009503690868937287,0.00010798730016237101,0.00010798730016237101,0.0030433954305140783,18.898644685718015
2026-03-05,-0.015874742945771292,0.0,0.0,-0.0,-0.0002,0.0030427867514279754,18.598633559308773
2026-03-06,-0.0012070597944515704,1.0,0.012856316932090365,-0.0012070597944515704,-0.007635218260496753,0.003019554410460675,18.576183896507594
2026-03-09,0.010876751372449256,1.0,0.012575253170077714,0.010876751372449256,0.010876751372449256,0.0030523973530388383,18.778232430198802
2026-03-10,-0.005108148480769348,0.0,0.005760364080887823,-0.0,-0.0028801820404439115,0.003043605893002317,18.682310430738948
2026-03-11,0.0013109633645558283,1.0,0.00888229792934564,0.0013109633645558283,-0.0031301856001169914,0.00303407884166361,18.706802255278905
2026-03-12,0.0007636645265669539,0.0,0.011385266503792001,0.0,-0.0056926332518960005,0.0030168069435606818,18.721087976566764
2026-03-13,0.011446645728555804,0.0,0.0,0.0,0.0,0.0030168069435606818,18.935381638287648
2026-03-16,0.0004310646169505272,0.0,0.013366225536549748,0.0,0.0,0.0030168069435606818,18.94354401132037
2026-03-17,-0.003124285870418353,0.0,0.01118235511221949,-0.0,-0.0,0.0030168069435606818,18.884358964430152
2026-03-18,-0.016967491274433533,1.0,0.0,-0.016967491274433533,-0.01716749127443353,0.0029650159366804534,18.563938768477914
2026-03-19,0.015941118077558825,1.0,0.017388932398428498,0.015941118077558825,0.015941118077558825,0.0030122816058289204,18.859868708370794
2026-03-20,-0.03149008690075061,0.0,0.01174792002541485,-0.0,-0.005873960012707425,0.002994587584129267,18.26596980380745
2026-03-23,0.008156438895704055,1.0,0.0041643148600200314,0.008156438895704055,0.006074281465694039,0.003012777551988941,18.41495507038298
2026-03-24,0.015405046729592753,0.0,0.008150667554554151,0.0,-0.004075333777277076,0.0030004994778678983,18.69863831376558
2026-03-25,-0.005020677770528503,0.0,0.009231547760347155,-0.0,-0.0,0.0030004994778678983,18.604758476044505
2026-03-26,0.0,1.0,0.0019117683192013814,0.0,-0.0009558841596006907,0.0029976313479461144,18.604758476044505
2026-03-27,0.002632687340810458,0.0,0.01155214701125459,0.0,-0.005776073505627295,0.002980316808937605,18.653738988163223
2026-03-30,0.007111570695455205,0.0,0.0,0.0,0.0,0.002980316808937605,18.786396371712115
2026-03-31,0.009016778113603241,0.0,0.014954376824174678,0.0,0.0,0.002980316808937605,18.955789139350046
2026-04-01,-0.0003229504047306264,0.0,0.0,-0.0,-0.0,0.002980316808937605,18.949667359575503
2026-04-02,0.0032310439791469747,1.0,0.005234264248770951,0.0032310439791469747,0.0006139118547614994,0.002982146460757557,19.0108945682045
2026-04-06,-0.004508860137056092,0.0,0.004159440847377469,-0.0,-0.0020797204236887345,0.0029759444298566883,18.925177103516145
2026-04-07,0.01013688957254022,1.0,0.009735726517154911,0.01013688957254022,0.005269026313962764,0.002991624759366494,19.117019533955254
2026-04-08,0.0053379318639990014,0.0,0.011671143069214913,0.0,-0.005835571534607457,0.002974166919078508,19.219064881670246
2026-04-09,0.00329192925237054,0.0,0.0,0.0,0.0,0.002974166919078508,19.282332683557424
2026-04-10,-0.004233653211522914,0.0,0.0031989742465203036,-0.0,-0.0,0.002974166919078508,19.200697973866028
2026-04-13,-0.018920089717096467,1.0,0.0,-0.018920089717096467,-0.019120089717096465,0.002917300580752107,18.83741904556961
2026-04-14,-0.010725913842147383,1.0,0.0,-0.010725913842147383,-0.010725913842147383,0.0028860098660713133,18.635370511878406
2026-04-15,-0.0007666759166043979,1.0,0.0,-0.0007666759166043979,-0.0007666759166043979,0.002883797231811914,18.62108322210995
2026-04-16,0.006466531649288676,1.0,0.0,0.006466531649288676,0.006466531649288676,0.0029024453978815567,18.74149704610976
2026-04-17,0.0016334663255117565,0.0,0.012290772185909625,0.0,-0.006145386092954812,0.002884608750297855,18.77211065042426
2026-04-20,0.00032611036065910426,0.0,0.0,0.0,0.0,0.002884608750297855,18.778232430198802
2026-04-21,-0.015324445442308043,0.0,0.00024698083579628624,-0.0,-0.0,0.002884608750297855,18.49046643181924
2026-04-22,-0.006622485659240618,1.0,0.009569731146094369,-0.006622485659240618,-0.011407351232287803,0.0028517030051154768,18.368013583041847
2026-04-23,0.06944441005046231,1.0,0.0,0.06944441005046231,0.06944441005046231,0.0030497378379448514,19.643569450115066
2026-04-24,-0.010077892370680575,0.0,0.0,-0.0,-0.0002,0.0030491278903772624,19.445603671420816
2026-04-27,-0.004722879578064831,1.0,0.010498578047004372,-0.004722879578064831,-0.009972168601567018,0.00301872147296668,19.35376442695792
2026-04-28,0.017715926017774386,1.0,0.011526835555122586,0.017715926017774386,0.017715926017774386,0.0030722009192500244,19.69663428571134
2026-04-29,-0.024246244160990194,0.0,0.007742827046666937,-0.0,-0.0038714135233334683,0.0030603071590648424,19.219064881670253
2026-04-30,0.0393968123365287,1.0,0.013473550805222662,0.0393968123365287,0.032660036933917364,0.003160256903909032,19.976234774096984
2026-05-01,-0.009501460500836889,0.0,0.0,-0.0,-0.0002,0.0031596248525282505,19.78643136843546
2026-05-04,-0.014852916334490152,1.0,0.0,-0.014852916334490152,-0.015052916334490152,0.003112063283974767,19.492545158761956
2026-05-05,0.008061935387519759,1.0,0.011893332457247678,0.008061935387519759,0.008061935387519759,0.003137152537092044,19.649692798370207
2026-05-06,-0.009243883149322007,0.0,0.010062409538634085,-0.0,-0.005031204769317042,0.0031213688802853514,19.468053334222
2026-05-07,-0.0217003707527349,1.0,0.0,-0.0217003707527349,-0.021900370752734898,0.0030530097445510534,19.045589359035365
2026-05-08,-0.002357465802498626,1.0,0.013241267287986356,-0.002357465802498626,-0.002357465802498626,0.0030458123784835793,19.000690033433006
2026-05-11,0.018689501153781984,1.0,0.0,0.018689501153781984,0.018689501153781984,0.0031027370924454514,19.355803451735508
2026-05-12,-0.002635959055077297,0.0,0.0033384929219396494,-0.0,-0.0016692464609698247,0.003097557859534567,19.30478234635861
2026-05-13,0.002748710975531088,1.0,0.012101312875065254,0.002748710975531088,-0.003301945462001539,0.0030873298924169895,19.357845613474286
2026-05-14,0.008750681222533307,0.0,0.004316033656902909,0.0,-0.0021580168284514546,0.0030806673825541724,19.527239949592815
2026-05-15,-0.02424749479528998,0.0,0.0,-0.0,-0.0,0.0030806673825541724,19.053753300548685
2026-05-18,-0.0462725054237747,1.0,0.0,-0.0462725054237747,-0.0464725054237747,0.0029375010509095777,18.17208839760578
2026-05-19,0.011455497514153423,1.0,0.02151426012487352,0.011455497514153423,0.011455497514153423,0.0029711515868960955,18.38025871107153
2026-05-20,-0.01987564632779315,0.0,0.015465967023904164,-0.0,-0.007732983511952082,0.0029481757206631177,18.014939189516934
2026-05-21,0.016087101769790113,1.0,0.009451431250175406,0.016087101769790113,0.011361386144702411,0.0029816710834480076,18.304747349635274
2026-05-22,-0.012710480705451555,0.0,0.012052761404339928,-0.0,-0.006026380702169964,0.0029637023983704984,18.07208521162957
2026-05-26,-0.010163744540568453,1.0,0.011423623221477202,-0.010163744540568453,-0.015875556151307056,0.002916651974529404,17.888405154223182
2026-05-27,0.0,1.0,0.0,0.0,0.0,0.002916651974529404,17.888405154223182
2026-05-28,-0.004563642061333861,0.0,0.008595859013262434,-0.0,-0.004297929506631217,0.0029041164099475,17.806768876051187
2026-05-29,-0.0027506681565678814,1.0,0.0,-0.0027506681565678814,-0.0029506681565678815,0.0028955473261337017,17.75778836393247
2026-06-01,-0.038501366850238306,1.0,0.0,-0.038501366850238306,-0.038501366850238306,0.0027840647962980012,17.07408923968381
2026-06-02,0.024145325389125727,1.0,0.013487049205116215,0.024145325389125727,0.024145325389125727,0.0028512869467090265,17.486348680098946
2026-06-03,-0.01283839365889372,0.0,0.00672990441594139,-0.0,-0.003364952207970695,0.0028416925024021397,17.261852052087157
2026-06-04,0.013005361610931132,0.0,0.011066732113730203,0.0,0.0,0.0028416925024021397,17.486348680098946
2026-06-05,0.009205557904133466,-1.0,0.0,-0.009205557904133466,-0.009405557904133466,0.0028149647990250545,17.647320275405463
2026-06-08,-0.021318665886899346,-1.0,0.013088151858451597,0.021318665886899346,0.021318665886899346,0.0028749760930588523,17.27110295065499
2026-06-09,0.009760738887906628,0.0,0.0,0.0,-0.0002,0.0028744010978402406,17.439681676862484
2026-06-10,0.003418612628405926,-1.0,0.0,-0.003418612628405926,-0.003618612628405926,0.0028639997537284923,17.499301192878384
2026-06-11,-0.003289548868143699,-1.0,0.0012109988309811218,0.003289548868143699,0.003289548868143699,0.0028734210208767336,17.441736386446046
2026-06-12,0.01355494549173275,0.0,0.009310610989304732,0.0,-0.004655305494652366,0.002860044368209797,17.678158172445492
2026-06-15,0.0015118605191555279,-1.0,0.00499598653584806,-0.0015118605191555279,-0.0040098537870795585,0.002848576008468715,17.704885081837798
2026-06-16,0.0012772945522918633,-1.0,0.0,-0.0012772945522918633,-0.0012772945522918633,0.0028449375378513087,17.727499435101784
2026-06-17,-0.005798445790734075,-1.0,0.0033138078260273747,0.005798445790734075,0.005798445790734075,0.002861433753942564,17.62470749062208
2026-06-18,0.011897779110303874,0.0,0.005915873094002758,0.0,-0.002957936547001379,0.0028529698144649537,17.834402367229217
2026-06-22,-0.007723321832222574,-1.0,0.012418217770805753,0.007723321832222574,0.0015142129468196973,0.0028572898182949026,17.696661538061754
2026-06-23,0.004065967317333774,0.0,0.0019398458834863628,0.0,-0.0009699229417431814,0.0028545184673489294,17.76861558550143
2026-06-24,0.013768395663594557,-1.0,0.0,-0.013768395663594557,-0.013968395663594558,0.002814645423967962,18.013260915276927
2026-06-25,0.00091296734937929,-1.0,0.0,-0.00091296734937929,-0.00091296734937929,0.0028120757445957993,18.029706434348427
2026-06-26,0.00980616465538886,-1.0,0.004244163342308674,-0.00980616465538886,-0.00980616465538886,0.0027845000668208675,18.20650870433197
2026-06-29,0.0011292469091301882,-1.0,0.004869659036663279,-0.0011292469091301882,-0.0011292469091301882,0.002781355678726937,18.227068348012388
2026-06-30,-0.010038427501479208,-1.0,0.011868966478263337,0.010038427501479208,0.010038427501479208,0.0028092761160636655,18.044097243836358
2026-07-01,-0.01595071151908234,0.0,0.0,-0.0,-0.0002,0.002808714260840453,17.756281054077654
2026-07-02,0.022808770738247386,0.0,0.016898244101723758,0.0,0.0,0.002808714260840453,18.161279997803998
2026-07-06,-0.01018784167753417,-1.0,0.007264103100807831,0.01018784167753417,0.006555790127130255,0.0028271276020616007,17.976255752525002
2026-07-07,0.011779491657574859,0.0,0.0,0.0,-0.0002,0.0028265621765411883,18.188006907196304
2026-07-08,-0.011642350684808678,-1.0,0.0,0.011642350684808678,0.011442350684808677,0.0028589046921975885,17.976255752525002
2026-07-09,-0.003888425866787837,0.0,0.007242228431953429,-0.0,-0.0036211142159767143,0.0028485522717745493,17.906356414668892
2026-07-10,0.009873715561626417,0.0,0.006691228772317026,0.0,0.0,0.0028485522717745493,18.08315868465244
2026-07-13,0.004774876913561155,-1.0,0.0,-0.004774876913561155,-0.004974876913561154,0.002834381074840626,18.16950354158005
2026-07-14,0.01312518327855594,-1.0,0.0,-0.01312518327855594,-0.01312518327855594,0.0027971793037520724,18.40798160564366
2026-07-15,-0.004914032129856194,-1.0,0.008944499930886671,0.004914032129856194,0.004914032129856194,0.002810924732723679,18.317524192587726
2026-07-16,0.002805836187220745,0.0,0.011929157695425841,0.0,-0.005964578847712921,0.002794158750520362,18.36892016482758
2026-07-17,-0.00615551686352378,-1.0,0.00873103797970286,0.00615551686352378,0.0017899978736723504,0.0027991602887424967,18.25584996698826
2026-07-20,-0.009009043066040445,0.0,0.0,-0.0,-0.0002,0.0027986004566847482,18.09138222842849
2026-07-21,-0.0007954510775479706,0.0,0.0,-0.0,-0.0,0.0027986004566847482,18.076991418940555
2026-07-22,0.016831608686420862,0.0,0.0,0.0,0.0,0.0027986004566847482,18.38125626473195
2026-07-23,0.004250052990200315,-1.0,0.005489748676675837,-0.004250052990200315,-0.006994927328538233,0.0027790244498686243,18.45937757788351
2026-07-24,-0.00011139476699506545,-1.0,0.017222457537273618,0.00011139476699506545,0.00011139476699506545,0.002779334018649691,18.45732129981935
2026-07-27,-0.010581387404309694,0.0,0.013180647412666242,-0.0,-0.006590323706333121,0.0027610173077787653,18.262017232700142
