Date,retorno_mensual_activo,posicion,retorno_estrategia_bruto,retorno_estrategia_neto,equity_estrategia,equity_buy_and_hold
2005-01-04,-0.012178668439834728,0.0,-0.0,-0.0,1.0,0.9878213315601653
2005-01-05,-0.01287641599937761,0.0,-0.0,-0.0,1.0,0.9751017331619375
2005-01-06,0.01623640979937102,0.0,0.0,0.0,1.0,0.9909338844976316
2005-01-07,-0.001911268849048131,0.0,-0.0,-0.0,1.0,0.989039943432725
2005-01-10,0.0034202095162050306,0.0,0.0,0.0,1.0,0.9924226672591605
2005-01-11,-0.011454064762183247,0.0,-0.0,-0.0,1.0,0.9810553937569154
2005-01-12,0.004827583726047635,0.0,0.0,0.0,1.0,0.9857915208101675
2005-01-13,0.004805086231508771,0.0,0.0,0.0,1.0,0.9905283340739506
2005-01-14,0.0005461024584407781,0.0,0.0,0.0,1.0,0.9910692640323436
2005-01-18,0.011605613496304512,0.0,0.0,0.0,1.0,1.00257123085877
2005-01-19,-0.004049112267506816,0.0,-0.0,-0.0,1.0,0.9985117073888503
2005-01-20,0.0042007628486371296,0.0,0.0,0.0,1.0,1.0027062182731785
2005-01-21,0.00688288680407223,0.0,0.0,0.0,1.0,1.0096077316712921
2005-01-24,0.0005358794029570735,0.0,0.0,0.0,1.0,1.010148759659761
2005-01-25,-0.01098435068714787,0.0,-0.0,-0.0,1.0,0.9990529314374706
2005-01-26,0.01787899274772875,0.0,0.0,0.0,1.0,1.0169149915532383
2005-01-27,0.00039890104593443,0.0,0.0,0.0,1.0,1.0173206400069952
2005-01-28,0.005055100206809993,0.0,0.0,0.0,1.0,1.0224632977846866
2005-01-31,0.014292962539757426,0.0,0.0,0.0,1.0,1.0370773273982
2005-02-01,0.013700217644570634,0.0,0.0,0.0,1.0,1.0512855124978049
2005-02-02,0.006564366354995244,0.0,0.0,0.0,1.0,1.0581865357455393
2005-02-03,0.0071616041081628,0.0,0.0,0.0,1.0,1.0657648487871372
2005-02-04,0.011935357619679898,0.0,0.0,0.0,1.0,1.0784851333958958
2005-02-07,-0.006023319935856475,0.0,-0.0,-0.0,1.0,1.0719890723913874
2005-02-08,0.009089090128965749,0.0,0.0,0.0,1.0,1.0817324776876192
2005-02-09,-0.006880930156687559,0.0,-0.0,-0.0,1.0,1.07428915206043
2005-02-10,-0.003652234360951634,0.0,-0.0,-0.0,1.0,1.0703655963056773
2005-02-11,-0.004424866699448193,0.0,-0.0,-0.0,1.0,1.0656293712223492
2005-02-14,0.016889115640563723,0.0,0.0,0.0,1.0,1.0836269089029047
2005-02-15,-0.003371803483346536,0.0,-0.0,-0.0,1.0,1.0799731319168178
2005-02-16,0.00213057331865385,0.0,0.0,0.0,1.0,1.0822740938565427
2005-02-17,-0.00425127205287934,0.0,-0.0,-0.0,1.0,1.077673052247775
2005-02-18,-0.013058965969241276,0.0,-0.0,-0.0,1.0,1.063599756532503
2005-02-22,-0.014631517524539062,0.0,-0.0,-0.0,1.0,1.0480376780557024
2005-02-23,-0.006455254199778326,0.0,-0.0,-0.0,1.0,1.0412723284329073
2005-02-24,0.017283520341993208,0.0,0.0,0.0,1.0,1.0592691799029321
2005-02-25,0.01814076521581076,0.0,0.0,0.0,1.0,1.0784851333958956
2005-02-28,-0.004391917011147717,0.0,-0.0,-0.0,1.0,1.0737485161922642
2005-03-01,0.014240514418726313,0.0,0.0,0.0,1.0,1.0890392474191861
2005-03-02,-0.005891764294142288,0.0,-0.0,-0.0,1.0,1.0826228848663222
2005-03-03,0.007566247906174883,0.0,0.0,0.0,1.0,1.090814278002119
2005-03-04,0.013016314856116207,0.0,0.0,0.0,1.0,1.1050126600941417
2005-03-07,0.01062500776247366,0.0,0.0,0.0,1.0,1.1167534281852736
2005-03-08,-0.0034231198582648226,0.0,-0.0,-0.0,1.0,1.1129306473484673
2005-03-09,-0.021221530860126125,0.0,-0.0,-0.0,1.0,1.0893125552705816
2005-03-10,0.0067675339794082134,0.0,0.0,0.0,1.0,1.0966845150025712
2005-03-11,-0.0064732764380800445,0.0,-0.0,-0.0,1.0,1.0895853729715979
2005-03-14,0.020298778017468155,0.0,0.0,0.0,1.0,1.1117026245886286
2005-03-15,0.0020871353663671766,0.0,0.0,0.0,1.0,1.1140228984532907
2005-03-16,-0.014705793062411598,1.0,-0.014705793062411598,-0.0157057930624116,0.9842942069375884,1.0976403082418487
2005-03-17,0.0074623726497558,1.0,0.0074623726497558,0.0074623726497558,0.9916393771067525,1.1058313092573422
2005-03-18,-0.0034562202789921725,1.0,-0.0034562202789921725,-0.0034562202789921725,0.988212052982149,1.1020093126611425
2005-03-21,-0.007680974044221522,1.0,-0.007680974044221522,-0.007680974044221522,0.9806216218530063,1.093544807734102
2005-03-22,-0.016229655110528318,1.0,-0.016229655110528318,-0.016229655110528318,0.9647064711364051,1.0757969526566684
2005-03-23,-0.003553167479364183,1.0,-0.003553167479364183,-0.003553167479364183,0.9612787074760311,1.0719744659100896
2005-03-24,0.005858351030835429,1.0,0.005858351030835429,0.005858351030835429,0.9669102155828934,1.0782544686274833
2005-03-28,-0.0005064904141848237,1.0,-0.0005064904141848237,-0.0005064904141848237,0.9664204848273232,1.0777083430750716
2005-03-29,-0.014948356551281905,1.0,-0.014948356551281905,-0.014948356551281905,0.9519740868416616,1.0615983745044941
2005-03-30,0.022376673386391266,-1.0,-0.022376673386391266,-0.024376673386391268,0.9287681254544143,1.085353414598305
2005-03-31,0.010062558951309475,1.0,0.010062558951309475,0.008062558951309475,0.9362563732179877,1.0962748473157056
2005-04-01,-0.0004976282848161429,1.0,-0.0004976282848161429,-0.0004976282848161429,0.935790465564835,1.0957293099437488
2005-04-04,0.007226225658536034,1.0,0.007226225658536034,0.007226225658536034,0.942552698638113,1.1036472971980744
2005-04-05,-0.0017319740222550006,1.0,-0.0017319740222550006,-0.0017319740222550006,0.9409202218494654,1.1017358087495954
2005-04-06,-0.000990946237540813,1.0,-0.000990946237540813,-0.000990946237540813,0.9399878204957977,1.1006440477951511
2005-04-07,0.00396914180178598,1.0,0.00396914180178598,0.00396914180178598,0.9437187654472973,1.105012660094142
2005-04-08,-0.0034594905333307224,1.0,-0.0034594905333307224,-0.0034594905333307224,0.9404539793121058,1.1011898792573356
2005-04-11,0.014876993023527518,1.0,0.014876993023527518,0.014876993023527518,0.9544451066012807,1.117572273408626
2005-04-12,0.009040025262493145,1.0,0.009040025262493145,0.009040025262493145,0.9630733144766193,1.1276751549929018
2005-04-13,-0.007021862049163219,1.0,-0.007021862049163219,-0.007021862049163219,0.9563107465191341,1.119756775618273
2005-04-14,-0.01292343308659405,1.0,-0.01292343308659405,-0.01292343308659405,0.9439519285765032,1.1052856738553098
2005-04-15,-0.013340085756363806,1.0,-0.013340085756363806,-0.013340085756363806,0.9313595288994077,1.0905410681807997
2005-04-18,0.015022532135215094,1.0,0.015022532135215094,0.015022532135215094,0.9453509073517378,1.1069237564223176
2005-04-19,0.010113734233406557,1.0,0.010113734233406557,0.010113734233406557,0.954911935186003,1.1181188891114169
2005-04-20,-0.0029300686768819473,1.0,-0.0029300686768819473,-0.0029300686768819473,0.9521139776355338,1.1148427239774015
2005-04-21,0.017143526429119538,1.0,0.017143526429119538,0.017143526429119538,0.9684365687746628,1.1339550596802197
2005-04-22,0.0009633954676151468,1.0,0.0009633954676151468,0.0009633954676151468,0.9693695561756931,1.1350475068451948
2005-04-25,0.00529253886751424,1.0,0.00529253886751424,0.00529253886751424,0.974499982228738,1.141054789891648
2005-04-26,-0.020579657253138484,1.0,-0.020579657253138484,-0.020579657253138484,0.954445106601281,1.117572273408626
2005-04-27,0.001954685403015688,1.0,0.001954685403015688,0.001954685403015688,0.9563107465191343,1.119756775618273
2005-04-28,-0.007802962972301208,1.0,-0.007802962972301208,-0.007802962972301208,0.9488486891740318,1.1110193549601401
2005-04-29,0.003194789514299856,1.0,0.003194789514299856,0.003194789514299856,0.9518800610168621,1.114568827945551
2005-05-02,0.0024495890906870432,1.0,0.0024495890906870432,0.0024495890906870432,0.9542117760299715,1.1172990635873064
2005-05-03,-0.003909800322228207,1.0,-0.003909800322228207,-0.003909800322228207,0.9504809985205757,1.1129306473484675
2005-05-04,0.0,1.0,0.0,0.0,0.9504809985205757,1.1129306473484675
2005-05-05,-0.008341355476650936,1.0,-0.008341355476650936,-0.008341355476650936,0.9425526986381134,1.1036472971980746
2005-05-06,-0.000989318768135572,1.0,-0.000989318768135572,-0.000989318768135572,0.9416202135633939,1.1025554382135545
2005-05-09,0.005447886453360473,1.0,0.005447886453360473,0.005447886453360473,0.9467500535690763,1.1085620350494771
2005-05-10,0.004187599876092074,1.0,0.004187599876092074,0.004187599876092074,0.9507146639760923,1.1132042492900907
2005-05-11,0.010546999042422733,1.0,0.010546999042422733,0.010546999042422733,0.9607418506266654,1.1249452134413742
2005-05-12,-0.011408032287189673,1.0,-0.011408032287189673,-0.011408032287189673,0.9497816765750621,1.1121118021251155
2005-05-13,-0.017186417711760216,1.0,-0.017186417711760216,-0.017186417711760216,0.9334583319464671,1.0929985841516148
2005-05-16,0.004746706727804639,-1.0,-0.004746706727804639,-0.006746706727804639,0.9271605623381985,1.0981867278844881
2005-05-17,0.001988833077186225,-1.0,-0.001988833077186225,-0.001988833077186225,0.9253165947439578,1.1003708379738317
2005-05-18,-0.00471472661187089,-1.0,0.00471472661187089,0.00471472661187089,0.929679209517603,1.0951828903011098
2005-05-19,0.004737060557342687,-1.0,-0.004737060557342687,-0.004737060557342687,0.9252752628032156,1.1003708379738317
2005-05-20,0.0032256170673068407,-1.0,-0.0032256170673068407,-0.0032256170673068407,0.9222906791235607,1.1039202129291668
2005-05-23,-0.0004943594887717451,-1.0,0.0004943594887717451,0.0004943594887717451,0.9227466222721913,1.1033744794970584
2005-05-24,0.0017321357288622163,-1.0,-0.0017321357288622163,-0.0017321357288622163,0.9211482998790667,1.10528567385531
2005-05-25,-0.004199480885306528,1.0,-0.004199480885306528,-0.006199480885306528,0.9154376586014338,1.1006440477951516
2005-05-26,-0.00024822722829143107,-1.0,0.00024822722829143107,-0.001751772771708569,0.9138340198368992,1.100370837973832
2005-05-27,0.01315182618817623,-1.0,-0.01315182618817623,-0.01315182618817623,0.9018154336431619,1.1148427239774017
2005-05-31,-0.004408546403696811,1.0,-0.004408546403696811,-0.006408546403696811,0.8960361075890897,1.1099278880959236
2005-06-01,0.01426924870521229,1.0,0.01426924870521229,0.01426924870521229,0.9088218696571287,1.1257657251760154
2005-06-02,-0.00489338055662536,1.0,-0.00489338055662536,-0.00489338055662536,0.9043746583907126,1.1202569250651238
2005-06-03,0.0009833136822274824,1.0,0.0009833136822274824,0.0009833136822274824,0.905263942366168,1.1213584890271504
2005-06-06,0.00024608960126748514,1.0,0.00024608960126748514,0.00024608960126748514,0.9054867184087867,1.121634443690593
2005-06-07,0.001718794819458358,1.0,0.001718794819458358,0.001718794819458358,0.9070430642894761,1.1235623031617343
2005-06-08,0.007845024920158039,1.0,0.007845024920158039,0.007845024920158039,0.9141588397324836,1.1323766774293882
2005-06-09,-0.00827013780850483,1.0,-0.00827013780850483,-0.00827013780850483,0.906598620149033,1.1230117662559103
2005-06-10,0.0053958749934968075,1.0,0.0053958749934968075,0.0053958749934968075,0.911490512972634,1.1290713973628532
2005-06-13,0.002439049378507807,1.0,0.002439049378507807,0.002439049378507807,0.9137136833418156,1.131825258252882
2005-06-14,0.0036506250728627343,1.0,0.0036506250728627343,0.0036506250728627343,0.9170493094236409,1.1359571279187595
2005-06-15,-0.011638921928783463,1.0,-0.011638921928783463,-0.011638921928783463,0.9063758441064144,1.122735811592468
2005-06-16,0.0031897394676474455,1.0,0.0031897394676474455,0.0031897394676474455,0.9092669469088829,1.1263170463224457
2005-06-17,0.014428558932695568,1.0,0.014428558932695568,0.014428558932695568,0.9223863586379099,1.1425681782022086
2005-06-20,-0.005062511572006545,1.0,-0.005062511572006545,-0.005062511572006545,0.9177167670234444,1.1367839135782534
2005-06-21,-0.005573081774435051,1.0,-0.005573081774435051,-0.005573081774435051,0.9126022564350526,1.1304485238680195
2005-06-22,0.012913936860726727,1.0,0.012913936860726727,0.012913936860726727,0.9243875443536116,1.1450470647295528
2005-06-23,0.004811323831912739,1.0,0.004811323831912739,0.004811323831912739,0.9288350721756834,1.1505562569607477
2005-06-24,-0.008858060413224456,1.0,-0.008858060413224456,-0.008858060413224456,0.9206073949924295,1.140364560127776
2005-06-27,0.009661901778960758,1.0,0.009661901778960758,0.009661901778960758,0.9295022132198313,1.1513826504999385
2005-06-28,0.013636551720967116,1.0,0.013636551720967116,0.013636551720967116,0.9421774182251569,1.167083539564105
2005-06-29,0.0007081683026521901,1.0,0.0007081683026521901,0.0007081683026521901,0.9428446384082186,1.1679100311333714
2005-06-30,-0.008019192544305609,1.0,-0.008019192544305609,-0.008019192544305609,0.9352837857134569,1.158544335719287
2005-07-01,0.014978777745003669,1.0,0.014978777745003669,0.014978777745003669,0.9492931936681644,1.1758979138317591
2005-07-05,0.007027265814703476,1.0,0.007027265814703476,0.007027265814703476,0.9559641292761595,1.1841612610432102
2005-07-06,-0.018841728733578367,1.0,-0.018841728733578367,-0.018841728733578367,0.9379521124733067,1.161849615785822
2005-07-07,0.012091322194426546,1.0,0.012091322194426546,0.012091322194426546,0.9492931936681644,1.1758979138317591
2005-07-08,0.015226076063103777,1.0,0.015226076063103777,0.015226076063103777,0.9637472040411427,1.1938022249102065
2005-07-11,0.012921092094724251,1.0,0.012921092094724251,0.012921092094724251,0.9761998704205913,1.209227453401158
2005-07-12,-0.002050218600808895,1.0,-0.002050218600808895,-0.002050218600808895,0.9741984472881478,1.206748272783586
2005-07-13,0.004336725161210753,1.0,0.004336725161210753,0.004336725161210753,0.9784232782065148,1.2119816083814143
2005-07-14,-0.003863268616594251,1.0,-0.003863268616594251,-0.003863268616594251,0.9746433662620743,1.207299397869865
2005-07-15,-0.008441731066008762,1.0,-0.008441731066008762,-0.008441731066008762,0.9664156890788204,1.1971077010368933
2005-07-18,0.0018408670352714207,1.0,0.0018408670352714207,0.0018408670352714207,0.9681947318632147,1.1993114171414017
2005-07-19,-0.004363535186070244,1.0,-0.004363535186070244,-0.004363535186070244,0.9639699800837617,1.1940781795736495
2005-07-20,0.011764070356028666,1.0,0.011764070356028666,0.011764070356028666,0.9753101907505666,1.2081253992887526
2005-07-21,-0.02485169621490635,1.0,-0.02485169621490635,-0.02485169621490635,0.9510720781747312,1.1781014338761162
2005-07-22,0.01052151587380501,1.0,0.01052151587380501,0.01052151587380501,0.9610787981423793,1.1904968468135961
2005-07-25,-0.008098680851764684,1.0,-0.008098680851764684,-0.008098680851764684,0.9532953276828265,1.1808553927962206
2005-07-26,-0.0030319160593758054,1.0,-0.0030319160593758054,-0.0030319160593758054,0.950405016269497,1.1772751383670013
2005-07-27,-0.0011698408386948689,1.0,-0.0011698408386948689,-0.0011698408386948689,0.9492931936681646,1.1758979138317593
2005-07-28,0.011009333090015394,1.0,0.011009333090015394,0.011009333090015394,0.9597442786373419,1.1888437656449875
2005-07-29,-0.0009266667529730377,1.0,-0.0009266667529730377,-0.0009266667529730377,0.9588549155229726,1.187742103652885
2005-08-01,-0.01437855534194632,1.0,-0.01437855534194632,-0.01437855534194632,0.9450679670552283,1.1706640880835524
2005-08-02,0.018823323315653617,1.0,0.018823323315653617,0.018823323315653617,0.9628572869543763,1.1926998767075738
2005-08-03,0.003926381517773914,1.0,0.003926381517773914,0.003926381517773914,0.966637832010128,1.1973828714597297
2005-08-04,-0.014032812299929476,1.0,-0.014032812299929476,-0.014032812299929476,0.9530731847515191,1.1805802223733848
2005-08-05,-0.017732232249313085,1.0,-0.017732232249313085,-0.017732232249313085,0.9361730696889127,1.1596458996813142
2005-08-08,-0.016626919957925534,-1.0,0.016626919957925534,0.014626919957925534,0.9498663982460179,1.1403645601277763
2005-08-09,0.009661901778960758,-1.0,-0.009661901778960758,-0.009661901778960758,0.9406888824030297,1.1513826504999387
2005-08-10,-0.007655554210324933,-1.0,0.007655554210324933,0.007655554210324933,0.947890377137316,1.1425681782022088
2005-08-11,0.00024143559975642326,-1.0,-0.00024143559975642326,-0.00024143559975642326,0.9476615226556085,1.1428440348355757
2005-08-12,0.003856204306432298,-1.0,-0.003856204306432298,-0.003856204306432298,0.9440071462109038,1.1472510749242892
2005-08-15,0.0040820121110287655,-1.0,-0.0040820121110287655,-0.0040820121110287655,0.9401536976071732,1.151934167706521
2005-08-16,-0.01506507118139122,-1.0,0.01506507118139122,0.01506507118139122,0.9543171799830735,1.1345801974737455
2005-08-17,-0.011167553742302494,-1.0,0.011167553742302494,0.011167553742302494,0.9649745683777372,1.1219097121435053
2005-08-18,0.004173865874627092,-1.0,-0.004173865874627092,-0.004173865874627092,0.9609468939569024,1.1265924128054339
2005-08-19,0.0,-1.0,-0.0,-0.0,0.9609468939569024,1.1265924128054339
2005-08-22,0.036918848545210325,-1.0,-0.036918848545210325,-0.036918848545210325,0.9254698411189172,1.1681849074659807
2005-08-23,0.0233442483621793,1.0,0.0233442483621793,0.021344248362179297,0.9452232992594659,1.195455306078816
2005-08-24,-0.005460122654109112,1.0,-0.005460122654109112,-0.005460122654109112,0.9400622641099875,1.1889279734801201
2005-08-25,0.010044939906973749,1.0,0.010044939906973749,0.010044939906973749,0.949505133061786,1.200870683527448
2005-08-26,-0.002775504992929445,1.0,-0.002775504992929445,-0.002775504992929445,0.9468697768241608,1.197537660949455
2005-08-29,0.00881244247821078,1.0,0.00881244247821078,0.00881244247821078,0.95521401226678,1.2080908927020633
2005-08-30,-0.008045813603019147,1.0,-0.008045813603019147,-0.008045813603019147,0.9475285383730895,1.1983708185638775
2005-08-31,-0.001390402013264791,1.0,-0.001390402013264791,-0.001390402013264791,0.9462110927857097,1.1967046013651086
2005-09-01,0.022511115070417587,1.0,0.022511115070417587,0.022511115070417587,0.9675113595763144,1.2236437563517368
2005-09-02,0.0011347240459111951,1.0,0.0011347240459111951,0.0011347240459111951,0.9686092179807179,1.2250322543456982
2005-09-06,0.019269564727514732,1.0,0.019269564727514732,0.019269564727514732,0.9872738960022648,1.2486380926641059
2005-09-07,0.0015573949133316223,1.0,0.0015573949133316223,0.0015573949133316223,0.9888114713459638,1.250582715278213
2005-09-08,-0.007995134957047179,1.0,-0.007995134957047179,-0.007995134957047179,0.9809057901854764,1.2405841376946132
2005-09-09,0.02529699794660467,1.0,0.02529699794660467,0.02529699794660467,1.005719761945611,1.271967192078464
2005-09-12,-0.00916990198666312,1.0,-0.00916990198666312,-0.00916990198666312,0.9964974103025197,1.2603033775968535
2005-09-13,0.0024235601973290333,1.0,0.0024235601973290333,0.0024235601973290333,0.9989124817628704,1.2633577986993565
2005-09-14,0.0046161960189023965,1.0,0.0046161960189023965,0.0046161960189023965,1.003523657584416,1.2691897059401618
2005-09-15,0.0019696543013787426,1.0,0.0019696543013787426,0.0019696543013787426,1.0055002522731125,1.2716895709037324
2005-09-16,0.004586183188471038,1.0,0.004586183188471038,0.004586183188471038,1.0101116606260907,1.277521772234765
2005-09-19,-0.0030432927967654066,1.0,-0.0030432927967654066,-0.0030432927967654066,1.0070375950853785,1.273633899427612
2005-09-20,-0.00937626252888546,1.0,-0.00937626252888546,-0.00937626252888546,0.9975953462174005,1.2616919736208905
2005-09-21,-0.009685669305629974,1.0,-0.009685669305629974,-0.009685669305629974,0.9879329675931033,1.249471642398831
2005-09-22,-0.008001616846460502,1.0,-0.008001616846460502,-0.008001616846460502,0.9800279065164367,1.239473849055838
2005-09-23,0.013443967689491076,1.0,0.013443967689491076,0.013443967689491076,0.9932033700264432,1.2561372954345138
2005-09-26,-0.004864054716030686,1.0,-0.004864054716030686,-0.004864054716030686,0.9883723744904885,1.2500273748986734
2005-09-27,0.007331626444892381,1.0,0.007331626444892381,0.007331626444892381,0.995618751528704,1.25919210865732
2005-09-28,0.03220111986361651,1.0,0.03220111986361651,0.03220111986361651,1.027678790285144,1.2997395046795144
2005-09-29,0.018162127329029776,1.0,0.018162127329029776,0.018162127329029776,1.0463436233276462,1.3233455390580737
2005-09-30,-0.001049307216485329,1.0,-0.001049307216485329,-0.001049307216485329,1.0452456874127651,1.3219569430340363
2005-10-03,0.00504241014123763,1.0,0.00504241014123763,0.00504241014123763,1.0505162448670602,1.3286227921298706
2005-10-04,-0.019649358499119307,1.0,-0.019649358499119307,-0.019649358499119307,1.0298742745625187,1.3025162065772098
2005-10-05,-0.021534964051821204,1.0,-0.021534964051821204,-0.021534964051821204,1.0076959690819194,1.274466566891655
2005-10-06,-0.008062444911920985,1.0,-0.008062444911920985,-0.008062444911920985,0.9995714758432316,1.264191250404006
2005-10-07,0.004393393803466816,1.0,0.004393393803466816,0.004393393803466816,1.0039629869713234,1.269745340409928
2005-10-10,-0.01290450341668592,1.0,-0.01290450341668592,-0.01290450341668592,0.9910073431757257,1.2533599073262869
2005-10-11,0.0050959437292181775,1.0,0.0050959437292181775,0.0050959437292181775,0.9960574608317913,1.2597469588864798
2005-10-12,-0.009699923357765594,1.0,-0.009699923357765594,-0.009699923357765594,0.9863957798017923,1.2475275099351026
2005-10-13,-0.01625118154086047,1.0,-0.01625118154086047,-0.01625118154086047,0.9703656829130947,1.2272537138939297
2005-10-14,0.0013578392471376155,1.0,0.0013578392471376155,0.0013578392471376155,0.9716832835214295,1.2289201271528503
2005-10-17,0.0056495796079083505,1.0,0.0056495796079083505,0.0056495796079083505,0.9771728855853576,1.2358630092429612
2005-10-18,-0.02179776945751788,1.0,-0.02179776945751788,-0.02179776945751788,0.9558726963052305,1.2089239522864088
2005-10-19,-0.0025268861759492056,-1.0,0.0025268861759492056,0.0005268861759492056,0.9563763324148812,1.2058691390636025
2005-10-20,-0.025563587776355257,-1.0,0.025563587776355257,0.025563587776355257,0.9808247427357976,1.1750427974803521
2005-10-21,0.004962560549095274,-1.0,-0.004962560549095274,-0.004962560549095274,0.9759573405619204,1.1808740185106266
2005-10-24,0.022578129008060666,-1.0,-0.022578129008060666,-0.022578129008060666,0.9539220498203496,1.2075359444428264
2005-10-25,-0.008279905488018935,-1.0,0.008279905488018935,0.008279905488018935,0.9618204342357993,1.1975376609494541
2005-10-26,-0.012059161971125998,-1.0,0.012059161971125998,0.012059161971125998,0.9734191826393876,1.1830963603295412
2005-10-27,-0.011502391142448665,-1.0,0.011502391142448665,0.011502391142448665,0.9846158308236687,1.1694879232338236
2005-10-28,0.01994746137202119,-1.0,-0.01994746137202119,-0.01994746137202119,0.964975244572033,1.1928162384075756
2005-10-31,0.0025610090845884503,-1.0,-0.0025610090845884503,-0.0025610090845884503,0.962503934204281,1.1958710516303819
2005-11-01,-0.019507547408308623,-1.0,0.019507547408308623,0.019507547408308623,0.9812800253314546,1.1725425403964782
2005-11-02,0.0009476593566333236,-1.0,-0.0009476593566333236,-0.0009476593566333236,0.9803501061339719,1.1736537113059355
2005-11-03,-0.00851868767323205,-1.0,0.00851868767323205,0.00851868767323205,0.9887014024985472,1.1636557219027905
2005-11-04,0.004534811183621201,-1.0,-0.004534811183621201,-0.004534811183621201,0.9842178283212348,1.16893268088436
2005-11-07,-0.017344187987059945,-1.0,0.017344187987059945,0.017344187987059945,1.0012882873558542,1.1486584927228838
2005-11-08,-0.004351986006462694,-1.0,0.004351986006462694,0.004351986006462694,1.0056458799708619,1.1436595470363493
2005-11-09,0.012141776201172405,-1.0,-0.012141776201172405,-0.012141776201172405,0.9934355527586246,1.157545605306799
2005-11-10,0.0007197622371013512,-1.0,-0.0007197622371013512,-0.0007197622371013512,0.9927205153627551,1.1583787629212214
2005-11-11,0.0014382352231803175,-1.0,-0.0014382352231803175,-0.0014382352231803175,0.9912927497507866,1.1600447840598387
2005-11-14,-0.016758017029532946,-1.0,0.016758017029532946,0.016758017029532946,1.007904850532363,1.140604733813543
2005-11-15,-0.005843534300457365,-1.0,0.005843534300457365,0.005843534300457365,1.013794577098046,1.1339395709282396
2005-11-16,0.017389249072079505,-1.0,-0.017389249072079505,-0.017389249072079505,0.9961654506889647,1.1536579285597977
2005-11-17,0.023832025538203627,-1.0,-0.023832025538203627,-0.023832025538203627,0.9724248102278691,1.1811519337755858
2005-11-18,0.01504796340703396,-1.0,-0.01504796340703396,-0.01504796340703396,0.9577917972674682,1.1989258648531882
2005-11-21,-0.004632636761638276,-1.0,0.004632636761638276,0.004632636761638276,0.9622288987574851,1.1933716768171903
2005-11-22,0.006218411986798289,-1.0,-0.006218411986798289,-0.006218411986798289,0.9562453630394078,1.2007925535570159
2005-11-23,0.005830654116431466,-1.0,-0.005830654116431466,-0.005830654116431466,0.9506698270770836,1.2077939596023932
2005-11-25,0.005796367674522296,-1.0,-0.005796367674522296,-0.005796367674522296,0.9451593952222703,1.2147947774673158
2005-11-28,-0.0064548579566500175,-1.0,0.0064548579566500175,0.0064548579566500175,0.9512602648648232,1.206953449732284
2005-11-29,0.0018565516952344652,-1.0,-0.0018565516952344652,-0.0018565516952344652,0.9494942010074792,1.2091942212054536
2005-11-30,-0.018295765091835503,-1.0,0.018295765091835503,0.018295765091835503,0.9668659238651719,1.1870710877838737
2005-12-01,0.004718209726214395,-1.0,-0.004718209726214395,-0.004718209726214395,0.9623040476592459,1.1926719381359634
2005-12-02,-0.002818174136810403,-1.0,0.002818174136810403,0.002818174136810403,0.9650159880381071,1.1893107809262091
2005-12-05,-0.014833374697424628,-1.0,0.014833374697424628,0.014833374697424628,0.9793304317776816,1.171669288481044
2005-12-06,-0.006453153455937333,-1.0,0.006453153455937333,0.006453153455937333,0.9856502013380124,1.164108326762867
2005-12-07,-0.0016840404034960121,-1.0,0.0016840404034960121,0.0016840404034960121,0.9873100761007797,1.1621479213065522
2005-12-08,0.0012045536175664395,-1.0,-0.0012045536175664395,-0.0012045536175664395,0.9861208081769527,1.1635477907893093
2005-12-09,0.017087958222283373,-1.0,-0.017087958222283373,-0.017087958222283373,0.9692700170047006,1.183430446827947
2005-12-12,-0.005442210793865754,-1.0,0.005442210793865754,0.005442210793865754,0.9745449887534141,1.1769899688764307
2005-12-13,0.019985062987567304,-1.0,-0.019985062987567304,-0.019985062987567304,0.9550686457689591,1.200512187540161
2005-12-14,0.003032491434601825,1.0,0.003032491434601825,0.001032491434601825,0.9560547459651724,1.2041527304660116
2005-12-15,-0.010697355632184102,1.0,-0.010697355632184102,-0.010697355632184102,0.9458274883437455,1.191271480472751
2005-12-16,0.009638167948228249,-1.0,-0.009638167948228249,-0.011638167948228249,0.9348197891843502,1.202753155073482
2005-12-19,-0.004423832440611952,1.0,-0.004423832440611952,-0.006423832440611952,0.9288146634964617,1.1974323766480195
2005-12-20,-0.007250050737010905,1.0,-0.007250050737010905,-0.007250050737010905,0.9220807100608326,1.1887509311631819
2005-12-21,-0.01648982096073115,1.0,-0.01648982096073115,-0.01648982096073115,0.9068757642405856,1.1691486411413985
2005-12-22,-0.009341019792346916,-1.0,0.009341019792346916,0.007341019792346916,0.9135331571750754,1.1582276005443013
2005-12-23,-0.007253646480417375,-1.0,0.007253646480417375,0.007253646480417375,0.920159603745363,1.1498262269860908
2005-12-27,0.0019481093577369268,-1.0,-0.0019481093577369268,-0.0019481093577369268,0.9183670322106952,1.1520662142186537
2005-12-28,0.010938829940442485,-1.0,-0.010938829940442485,-0.010938829940442485,0.9083211714224335,1.164668470616121
2005-12-29,0.0031258190787331053,-1.0,-0.0031258190787331053,-0.0031258190787331053,0.9054819237751841,1.1683090135419718
2005-12-30,-0.003835251336586132,-1.0,0.003835251336586132,0.003835251336586132,0.9089546745335976,1.1638282548362393
2006-01-03,0.012030503307950413,-1.0,-0.012030503307950413,-0.012030503307950413,0.8980194923148441,1.1778296945059328
2006-01-04,0.0,-1.0,-0.0,-0.0,0.8980194923148441,1.1778296945059328
2006-01-05,0.0026154843498322755,-1.0,-0.0026154843498322755,-0.0026154843498322755,0.8956707363868504,1.1809102896386807
2006-01-06,0.0011854986150228175,1.0,0.0011854986150228175,-0.0008145013849771825,0.8949412113315798,1.1823102571515136
2006-01-09,-0.0042632721895076164,1.0,-0.0042632721895076164,-0.0042632721895076164,0.8911258333540656,1.17726974671283
2006-01-10,-0.0011894976805836288,1.0,-0.0011894976805836288,-0.0011894976805836288,0.8900658412421828,1.1758693870796937
2006-01-11,-0.006668119495929381,-1.0,0.006668119495929381,0.004668119495929381,0.8942207749483463,1.168028549495041
2006-01-12,-0.0040757022113802055,-1.0,0.0040757022113802055,0.0040757022113802055,0.8978653525382654,1.163268012952909
2006-01-13,0.0036107712169783923,-1.0,-0.0036107712169783923,-0.0036107712169783923,0.8946233661665981,1.167468307611711
2006-01-17,0.005996580651721706,-1.0,-0.005996580651721706,-0.005996580651721706,0.8892586849984654,1.1744691254766335
2006-01-18,0.016213907999714783,-1.0,-0.016213907999714783,-0.016213907999714783,0.8748403264919529,1.1935118598256171
2006-01-19,0.01454740370314278,1.0,0.01454740370314278,0.01254740370314278,0.8858173012442366,1.210874358674989
2006-01-20,-0.011101054317211645,1.0,-0.011101054317211645,-0.011101054317211645,0.8759837952679985,1.1974323766480193
2006-01-23,-0.01660440825418097,1.0,-0.01660440825418097,-0.01660440825418097,0.8614386027073218,1.1775497206093815
2006-01-24,-0.004042664550582886,-1.0,0.004042664550582886,0.002042664550582886,0.8631982328035757,1.1727892820973251
2006-01-25,-0.015042672059484619,-1.0,0.015042672059484619,0.015042672059484619,0.8761830407419666,1.1551473975318567
2006-01-26,-0.010909652243855539,-1.0,0.010909652243855539,0.010909652243855539,0.8857418930184255,1.1425451411343894
2006-01-27,0.021078336277837506,-1.0,-0.021078336277837506,-0.021078336277837506,0.8670719275420148,1.1666280918318295
2006-01-30,-0.00047980306395012384,-1.0,0.00047980306395012384,0.00047980306395012384,0.8674879513095146,1.1660683400988783
2006-01-31,0.0036020158375709155,-1.0,-0.0036020158375709155,-0.0036020158375709155,0.8643632459699958,1.1702685367276044
2006-02-01,-0.007177924470834429,-1.0,0.007177924470834429,0.007177924470834429,0.8705675800649338,1.1618684375603798
2006-02-02,-0.020969505734944716,-1.0,0.020969505734944716,0.020969505734944716,0.8888229519277623,1.1375046306957062
2006-02-03,-0.006893188329271771,-1.0,0.006893188329271771,0.006893188329271771,0.8949497759267796,1.129663597050902
2006-02-06,0.014130080218555996,-1.0,-0.014130080218555996,-0.014130080218555996,0.8823040638013555,1.1456258342972137
2006-02-07,0.009043874914185013,-1.0,-0.009043874914185013,-0.009043874914185013,0.8743246162120589,1.1559867310410565
2006-02-08,0.01332376313626571,-1.0,-0.01332376313626571,-0.01332376313626571,0.862675322121443,1.1713888244341137
2006-02-09,0.008845721248476934,-1.0,-0.008845721248476934,-0.008845721248476934,0.8550443366940167,1.181750603448639
2006-02-10,-0.008057002168398442,1.0,-0.008057002168398442,-0.010057002168398442,0.8464451539458081,1.172229236274147
2006-02-13,-0.004778198895738273,-1.0,0.004778198895738273,0.0027781988957382726,0.8487967469378034,1.16662809183183
2006-02-14,-0.004560313850023867,-1.0,0.004560313850023867,0.004560313850023867,0.852667526498719,1.1613079015868224
2006-02-15,0.0028937795262629074,-1.0,-0.0028937795262629074,-0.0028937795262629074,0.8502000946678278,1.1646684706161217
2006-02-16,0.004087628988329595,-1.0,-0.004087628988329595,-0.004087628988329595,0.846724792114983,1.1694292032184057
2006-02-17,0.0047887175179746055,-1.0,-0.0047887175179746055,-0.0047887175179746055,0.8426700662700786,1.1750292693298887
2006-02-21,-0.00571922416175108,1.0,-0.00571922416175108,-0.00771922416175108,0.8361653071341422,1.1683090135419725
2006-02-22,0.006231402391519314,-1.0,-0.006231402391519314,-0.008231402391519314,0.8292824940252927,1.1755892171229916
2006-02-23,-0.0045259690356873605,1.0,-0.0045259690356873605,-0.006525969035687361,0.8238706221474461,1.170268536727605
2006-02-24,-0.00023882018306142783,-1.0,0.00023882018306142783,-0.0017611798169385722,0.8224196378359514,1.1699890529814325
2006-02-27,0.011488478300085703,-1.0,-0.011488478300085703,-0.011488478300085703,0.8129712876731088,1.1834304468279475
2006-02-28,-0.007808573078655012,1.0,-0.007808573078655012,-0.009808573078655012,0.8049971993871188,1.1741895437003862
2006-03-01,-0.007631920586749663,1.0,-0.007631920586749663,-0.007631920586749663,0.7988535246888404,1.165228222349073
2006-03-02,-0.006488993000088539,-1.0,0.006488993000088539,0.004488993000088539,0.8024395725692648,1.1576670645707443
2006-03-03,-0.010862705298914754,-1.0,0.010862705298914754,0.010862705298914754,0.8111562371662718,1.1450916684140526
2006-03-06,-0.021224081039470488,-1.0,0.021224081039470488,0.021224081039470488,0.8283722828795607,1.1207881500460104
2006-03-07,0.00025216247030002137,-1.0,-0.00025216247030002137,-0.00025216247030002137,0.8281633984783817,1.121070770754609
2006-03-08,-0.00176477974618372,-1.0,0.00176477974618372,0.00176477974618372,0.829624924470547,1.1190923277643428
2006-03-09,-0.014646184421844621,-1.0,0.014646184421844621,0.014646184421844621,0.8417757641153015,1.1027018951468348
2006-03-10,0.005125878686500496,-1.0,-0.005125878686500496,-0.005125878686500496,0.8374609236672103,1.1083542112887317
2006-03-13,0.022947008061988905,-1.0,-0.022947008061988905,-0.022947008061988905,0.8182437011002182,1.1337876243107137
2006-03-14,0.006729460322027814,-1.0,-0.006729460322027814,-0.006729460322027814,0.812737362579915,1.1414174031421187
2006-03-15,0.007428065495184821,-1.0,-0.007428065495184821,-0.007428065495184821,0.8067002962202876,1.1498959263700022
2006-03-16,0.014008145928331661,-1.0,-0.014008145928331661,-0.014008145928331661,0.7953999207504054,1.1660038363089873
2006-03-17,-0.015511400877122439,1.0,-0.015511400877122439,-0.01751140087712244,0.7814713538805137,1.1479174833797359
2006-03-20,0.0019691114745279403,-1.0,-0.0019691114745279403,-0.00396911147452794,0.7783696069628117,1.1501778608680702
2006-03-21,-0.01670685562351637,-1.0,0.01670685562351637,0.01670685562351637,0.7913737156080726,1.1309620054051823
2006-03-22,0.015991834193068266,-1.0,-0.015991834193068266,-0.015991834193068266,0.7787181983633159,1.149048162274282
2006-03-23,-0.003935542082743826,-1.0,0.003935542082743826,0.003935542082743826,0.7817828766035732,1.1445260348765522
2006-03-24,0.004938136677797411,-1.0,-0.004938136677797411,-0.004938136677797411,0.7779223259065431,1.1501778608680702
2006-03-27,-0.005650773022340294,-1.0,0.005650773022340294,0.005650773022340294,0.782318188399252,1.1436784668409838
2006-03-28,-0.0012352347828948895,-1.0,0.0012352347828948895,0.0012352347828948895,0.783284535036854,1.142265755418294
2006-03-29,0.0024739540534717275,-1.0,-0.0024739540534717275,-0.0024739540534717275,0.7813467250863779,1.145091668414053
2006-03-30,-0.006416475130947452,-1.0,0.006416475130947452,0.006416475130947452,0.7863602169165419,1.1377442162010192
2006-03-31,-0.0029807670518702256,-1.0,0.0029807670518702256,0.0029807670518702256,0.7887041735420283,1.1343528657279112
2006-04-03,0.002241978077476281,-1.0,-0.002241978077476281,-0.002241978077476281,0.786935916075333,1.1368960599849955
2006-04-04,0.010439907286283745,-1.0,-0.010439907286283745,-0.010439907286283745,0.7787203780712597,1.14876514944538
2006-04-05,0.0,-1.0,-0.0,-0.0,0.7787203780712597,1.14876514944538
2006-04-06,-0.012791486826339571,-1.0,0.012791486826339571,0.012791486826339571,0.7886813695287604,1.1340707351696915
2006-04-07,-0.0002496412703352213,-1.0,0.0002496412703352213,0.0002496412703352213,0.7888782569477393,1.1337876243107137
2006-04-10,-0.0024921941684178384,-1.0,0.0024921941684178384,0.0024921941684178384,0.7908442947392962,1.130962005405182
2006-04-11,-0.01649231577874377,-1.0,0.01649231577874377,0.01649231577874377,0.8038871485799546,1.1123098228782786
2006-04-12,-0.002540492682489126,-1.0,0.002540492682489126,0.002540492682489126,0.8059294179984691,1.1094840079125956
2006-04-13,-0.008150618071086635,-1.0,0.008150618071086635,0.008150618071086635,0.8124982408768278,1.1004410275081216
2006-04-17,-0.009501721297273336,-1.0,0.009501721297273336,0.009501721297273336,0.8202183727161642,1.0899849435606543
2006-04-18,0.014777833348907476,-1.0,-0.014777833348907476,-0.014777833348907476,0.8080973222944526,1.106092559409412
2006-04-19,0.0035772665829787442,-1.0,-0.0035772665829787442,-0.0035772665829787442,0.805206542747614,1.1100493473598687
2006-04-20,0.013492666042540069,-1.0,-0.013492666042540069,-0.013492666042540069,0.7943421597710523,1.125026872494535
2006-04-21,-0.011805676093362139,-1.0,0.011805676093362139,0.011805676093362139,0.8037199060166109,1.1117451696415361
2006-04-24,-0.0012715087341715892,-1.0,0.0012715087341715892,0.0012715087341715892,0.8047418428969387,1.1103315759481638
2006-04-25,-0.011198313185486919,-1.0,0.011198313185486919,0.011198313185486919,0.8137535940871645,1.097897735220961
2006-04-26,-0.008751740352178627,-1.0,0.008751740352178627,0.008751740352178627,0.8208753542532675,1.088289219309062
2006-04-27,0.023370897038575977,-1.0,-0.023370897038575977,-0.023370897038575977,0.8016907608675098,1.1137235146017264
2006-04-28,0.004820597834405804,-1.0,-0.004820597834405804,-0.004820597834405804,0.7978261321218088,1.1190923277643423
2006-05-01,-0.012626090527466882,-1.0,0.012626090527466882,0.012626090527466882,0.8078995570911575,1.1049625667253962
2006-05-02,0.019693179421787388,-1.0,-0.019693179421787388,-0.019693179421787388,0.7919894461585787,1.1267227928062782
2006-05-03,-0.0122902710402375,-1.0,0.0122902710402375,0.0122902710402375,0.8017232111128753,1.1128750642954757
2006-05-04,-0.0020313794882202973,-1.0,0.0020313794882202973,0.0020313794882202973,0.8033518151991601,1.110614392716914
2006-05-05,0.016539205387647637,-1.0,-0.016539205387647637,-0.016539205387647637,0.7900650145290417,1.1289830722645366
2006-05-08,-0.0022522074680935145,-1.0,0.0022522074680935145,0.0022522074680935145,0.7918444048550434,1.1264403681578312
2006-05-09,-0.009282586369590895,-1.0,0.009282586369590895,0.009282586369590895,0.7991947689343876,1.1159840881502123
2006-05-10,0.0017722966042372779,-1.0,-0.0017722966042372779,-0.0017722966042372779,0.7977783587592809,1.1179619429600238
2006-05-11,-0.004802935741202274,-1.0,0.004802935741202274,0.004802935741202274,0.8016100369521236,1.1125924435868773
2006-05-12,-0.006095598387982015,-1.0,0.006095598387982015,0.006095598387982015,0.8064963298011592,1.1058105268812681
2006-05-15,-0.002555867436018433,-1.0,0.002555867436018433,0.002555867436018433,0.8085576275077663,1.102984221765206
2006-05-16,-0.007686450005545908,-1.0,0.007686450005545908,0.007686450005545908,0.8147725652882074,1.0945061886877017
2006-05-17,-0.018073526888122915,-1.0,0.018073526888122915,0.018073526888122915,0.8294983791546487,1.0747246016572376
2006-05-18,0.0007888198468823937,-1.0,-0.0007888198468823937,-0.0007888198468823937,0.8288440543702148,1.0755723657529577
2006-05-19,0.007094147474161483,-1.0,-0.007094147474161483,-0.007094147474161483,0.8229641124154305,1.0832026347347419
2006-05-22,0.004174322608122116,-1.0,-0.004174322608122116,-0.004174322608122116,0.8195287947153017,1.0877242719820925
2006-05-23,-0.0028579225585990686,-1.0,0.0028579225585990686,0.0028579225585990686,0.82187094454514,1.0846156402476592
2006-05-24,0.0023448788610309634,-1.0,-0.0023448788610309634,-0.0023448788610309634,0.8199437567407806,1.0871589325348194
2006-05-25,0.01403690062853613,-1.0,-0.01403690062853613,-0.01403690062853613,0.8084342877064217,1.1024192744382362
2006-05-26,0.007690033323774159,-1.0,-0.007690033323774159,-0.007690033323774159,0.8022174010938776,1.1108969153954371
2006-05-30,-0.006104990158579016,-1.0,0.006104990158579016,0.006104990158579016,0.8071149304325966,1.1041149006597522
2006-05-31,0.019451973013992152,-1.0,-0.019451973013992152,-0.019451973013992152,0.7914149525866316,1.1255921139117322
2006-06-01,0.010544664700129047,1.0,0.010544664700129047,0.008544664700129047,0.798177327995153,1.137461105342041
2006-06-02,0.013664696374314556,1.0,0.013664696374314556,0.013664696374314556,0.8090841788350684,1.1530041659841321
2006-06-05,0.0024517632979272896,1.0,0.0024517632979272896,0.0024517632979272896,0.8110678617296699,1.1558310592806493
2006-06-06,0.005378617634965499,1.0,0.005378617634965499,0.005378617634965499,0.815430285633923,1.162047832599137
2006-06-07,0.0001226590904854774,1.0,0.0001226590904854774,0.0001226590904854774,0.8155303055711132,1.1621903683293842
2006-06-08,0.012515091164424286,1.0,0.012515091164424286,0.012515091164424286,0.8257367416926864,1.1767352867394423
2006-06-09,0.013087668182934165,1.0,0.013087668182934165,0.013087668182934165,0.8365437101744175,1.192136007711438
2006-06-12,0.0,1.0,0.0,0.0,0.8365437101744175,1.192136007711438
2006-06-13,-0.008851138824107152,1.0,-0.008851138824107152,-0.008851138824107152,0.8291393456632301,1.1815842464099673
2006-06-14,-0.013516981224119595,1.0,-0.013516981224119595,-0.013516981224119595,0.8179318846957214,1.1656127943365282
2006-06-15,0.0066061924623133095,1.0,0.0066061924623133095,0.0066061924623133095,0.823335300147084,1.1733130567924501
2006-06-16,0.002673844374621037,1.0,0.002673844374621037,0.002673844374621037,0.8255367706078092,1.176450313309024
2006-06-19,-0.008484521843006632,1.0,-0.008484521843006632,-0.008484521843006632,0.8185324858453821,1.1664686949285417
2006-06-20,0.0007330812692398769,1.0,0.0007330812692398769,0.0007330812692398769,0.8191325366790196,1.1673238112799484
2006-06-21,-0.0026878991129605234,1.0,-0.0026878991129605234,-0.0026878991129605234,0.816930791060283,1.1641861626430714
2006-06-22,-0.005388939495980294,1.0,-0.005388939495980294,-0.005388939495980294,0.8125284004548559,1.1579124338505304
2006-06-23,-0.0024634670661765057,1.0,-0.0024634670661765057,-0.0024634670661765057,0.8105267635000023,1.1550599547042233
2006-06-26,0.003457099427890631,1.0,0.003457099427890631,0.003457099427890631,0.8133288351103882,1.1590531118128107
2006-06-27,-0.005905470521110456,1.0,-0.005905470521110456,-0.005905470521110456,0.8085257456506747,1.1522083578285989
2006-06-28,0.00024741311634945973,1.0,0.00024741311634945973,0.00024741311634945973,0.8087257855250549,1.1524934292890932
2006-06-29,0.01732254477490769,1.0,0.01732254477490769,0.01732254477490769,0.8227349741554351,1.1724575483207405
2006-06-30,0.006567542199608756,1.0,0.006567542199608756,0.006567542199608756,0.8281383208172949,1.1801577127465868
2006-07-03,-0.0014503189746494227,1.0,-0.0014503189746494227,-0.0014503189746494227,0.8269372560969792,1.1784461076227115
2006-07-05,-0.0019356522284540434,1.0,-0.0019356522284540434,-0.0019356522284540434,0.8253365931544234,1.1761650457883785
2006-07-06,-0.010669526476158264,1.0,-0.010669526476158264,-0.010669526476158264,0.81653064252202,1.1636159216920074
2006-07-07,0.010784592976455176,1.0,0.010784592976455176,0.010784592976455176,0.8253365931544234,1.1761650457883785
2006-07-10,0.009456574519657535,1.0,0.009456574519657535,0.009456574519657535,0.8331414501513885,1.1872875381912928
2006-07-11,0.00024035083460605122,1.0,0.00024035083460605122,0.00024035083460605122,0.8333416963942774,1.1875729037420144
2006-07-12,0.00048033852020235024,1.0,0.00048033852020235024,0.00048033852020235024,0.8337419825115463,1.1881433407532302
2006-07-13,-0.0040806284256883485,1.0,-0.0040806284256883485,-0.0040806284256883485,0.8303397912780199,1.1832949692631602
2006-07-14,0.002892201915807302,1.0,0.002892201915807302,0.002892201915807302,0.8327413016131252,1.1867172972402282
2006-07-17,0.0009614522811465243,1.0,0.0009614522811465243,0.0009614522811465243,0.8335419426371661,1.187858269292736
2006-07-18,-0.002401198156286477,1.0,-0.002401198156286477,-0.002401198156286477,0.8315404432613183,1.1850059862065807
2006-07-19,0.010830324611099673,1.0,0.010830324611099673,0.010830324611099673,0.840546296189096,1.1978399857032942
2006-07-20,0.011666646343304832,1.0,0.011666646343304832,0.011666646343304832,0.850352652561909,1.2118147611923638
2006-07-21,0.009649510749484058,1.0,0.009649510749484058,0.009649510749484058,0.8585581396236573,1.2235081807568728
2006-07-24,0.003030138658548953,1.0,0.003030138658548953,0.003030138658548953,0.8611596898331428,1.227215580194435
2006-07-25,0.00441601033200878,1.0,0.00441601033200878,0.00441601033200878,0.8649625799209555,1.232634976876176
2006-07-26,-0.0004634147679876133,1.0,-0.0004634147679876133,-0.0004634147679876133,0.8645617434876635,1.2320637556243534
2006-07-27,0.0,1.0,0.0,0.0,0.8645617434876635,1.2320637556243534
2006-07-28,-0.004629612685071893,1.0,-0.004629612685071893,-0.004629612685071893,0.8605591574729851,1.2263597776324977
2006-07-31,0.0032561856736463834,1.0,0.0032561856736463834,0.0032561856736463834,0.8633612978728737,1.2303530327711607
2006-08-01,0.006027279120940143,1.0,0.006027279120940143,0.006027279120940143,0.8685650173973707,1.2377687139169677
2006-08-02,-0.0036867938317898252,1.0,-0.0036867938317898252,-0.0036867938317898252,0.8653627972487217,1.2332053158573162
2006-08-03,0.006244024678480287,1.0,0.006244024678480287,0.006244024678480287,0.8707661439105814,1.2409054802831623
2006-08-04,0.010112244691594885,1.0,0.010112244691594885,0.010112244691594885,0.8795715442269617,1.2534538201389267
2006-08-07,-0.01660918250697363,1.0,-0.01660918250697363,-0.01660918250697363,0.8649625799209555,1.232634976876176
2006-08-08,0.007403740831612771,1.0,0.007403740831612771,0.007403740831612771,0.8713665386917334,1.2417610867849482
2006-08-09,0.0025259837576647737,1.0,0.0025259837576647737,0.0025259837576647737,0.8735675964154413,1.2448977551210672
2006-08-10,-0.006414764589195432,1.0,-0.006414764589195432,-0.006414764589195432,0.8679638659316871,1.2369120290843476
2006-08-11,0.006225788435416657,1.0,0.006225788435416657,0.006225788435416657,0.8733676253305641,1.2446127816906487
2006-08-14,0.0048121356301404905,1.0,0.0048121356301404905,0.0048121356301404905,0.8775703887986285,1.2506020272031506
2006-08-15,0.006841556971560747,1.0,0.006841556971560747,0.006841556971560747,0.8835743366101491,1.2591580922210104
2006-08-16,-0.00973941598849637,1.0,-0.00973941598849637,-0.00973941598849637,0.8749688385891431,1.2468946277655886
2006-08-17,-0.014410066550514355,1.0,-0.014410066550514355,-0.014410066550514355,0.8623604793954472,1.2289267931980077
2006-08-18,0.012067830324000273,1.0,0.012067830324000273,0.012067830324000273,0.8727672993389151,1.243757273218939
2006-08-21,0.0043570419310901,1.0,0.0043570419310901,0.0043570419310901,0.876569983058219,1.2491763758104522
2006-08-22,0.004565955626504525,1.0,0.004565955626504525,0.004565955626504525,0.8805723627043887,1.2548800597120804
2006-08-23,-0.006074383425631047,1.0,-0.006074383425631047,-0.006074383425631047,0.8752234285393083,1.2472574370762104
2006-08-24,0.0124539306583904,1.0,0.0124539306583904,0.0124539306583904,0.8861234004289356,1.2627906947107193
2006-08-25,0.0036446372697445106,1.0,0.0036446372697445106,0.0036446372697445106,0.8893529987997316,1.2673931087405486
2006-08-28,0.0031776025506211614,1.0,0.0031776025506211614,0.0031776025506211614,0.8921790091571202,1.2714203803155222
2006-08-29,0.005655799052206145,1.0,0.005655799052206145,0.005655799052206145,0.8972249943515093,1.2786112784974664
2006-08-30,-0.01709738005317929,1.0,-0.01709738005317929,-0.01709738005317929,0.8818847976298698,1.2567503755287137
2006-08-31,0.017394785308542993,1.0,0.017394785308542993,0.017394785308542993,0.8972249943515093,1.2786112784974664
2006-09-01,-0.0011247368426298143,1.0,-0.0011247368426298143,-0.0011247368426298143,0.8962158523442338,1.2771731772851382
2006-09-05,-0.0022520066000526473,1.0,-0.0022520066000526473,-0.0022520066000526473,0.8941975683296828,1.274296974860482
2006-09-06,-0.00970679298572874,1.0,-0.00970679298572874,-0.00970679298572874,0.8855177776455645,1.261927637923171
2006-09-07,0.0029632105121610852,1.0,0.0029632105121610852,0.0029632105121610852,0.8881417532329894,1.2656669951654516
2006-09-08,0.005681586262016536,1.0,0.005681586262016536,0.005681586262016536,0.8931878072168812,1.2728579913774714
2006-09-11,0.0038420062533683907,1.0,0.0038420062533683907,0.0038420062533683907,0.8966194403576409,1.2777483197399935
2006-09-12,-0.0004501218635705184,1.0,-0.0004501218635705184,-0.0004501218635705184,0.8962158523442335,1.277173177285138
2006-09-13,-0.0002253541710209861,1.0,-0.0002253541710209861,-0.0002253541710209861,0.8960138863637727,1.2768853609825206
2006-09-14,-0.00270278673780433,1.0,-0.00270278673780433,-0.00270278673780433,0.8935921519148201,1.2734342121631606
2006-09-15,0.006324363522151932,1.0,0.006324363522151932,0.006324363522151932,0.8992435535240715,1.2814878730424255
2006-09-18,-0.013018884450783474,1.0,-0.013018884450783474,-0.013018884450783474,0.8875364056076297,1.264804330498206
2006-09-19,0.00591270935274868,1.0,0.00591270935274868,0.00591270935274868,0.8927841504139709,1.2722827508925398
2006-09-20,0.004295875931367599,1.0,0.004295875931367599,0.004295875931367599,0.8966194403576407,1.2777483197399933
2006-09-21,0.002701651832925034,1.0,0.002701651832925034,0.002701651832925034,0.8990417939121191,1.2812003508300356
2006-09-22,-0.001796630955428813,1.0,-0.001796630955428813,-0.001796630955428813,0.8974265475949523,1.2788985066196281
2006-09-25,0.011696245763350488,1.0,0.011696245763350488,0.011696245763350488,0.907923069050178,1.2938568178594332
2006-09-26,-0.0006664358335789489,1.0,-0.0006664358335789489,-0.0006664358335789489,0.9073179965828301,1.2929945453124911
2006-09-27,0.016462298747499382,1.0,0.016462298747499382,0.016462298747499382,0.9222545365015592,1.3142802077963125
2006-09-28,-0.007222619861343094,1.0,-0.007222619861343094,-0.007222619861343094,0.9155934425690093,1.3047876614641127
2006-09-29,-0.007936619440536585,1.0,-0.007936619440536585,-0.007936619440536585,0.9083267258530883,1.2944320583443645
2006-10-02,0.010222320707628851,1.0,0.010222320707628851,0.010222320707628851,0.917611932952069,1.3076641579789967
2006-10-03,0.01165897942473948,1.0,0.01165897942473948,0.01165897942473948,0.9283103515982526,1.3229101874913431
2006-10-04,0.018264695024254207,1.0,0.018264695024254207,0.018264695024254207,0.9452656570580529,1.3470727386103516
2006-10-05,-0.009822927363490663,1.0,-0.009822927363490663,-0.009822927363490663,0.9359803811695694,1.3338405409456437
2006-10-06,-0.0010781657688321289,1.0,-0.0010781657688321289,-0.0010781657688321289,0.9349712391622939,1.3324024397333156
2006-10-09,0.0012955632275173379,1.0,0.0012955632275173379,0.0012955632275173379,0.9361825535185389,1.3341286513384885
2006-10-10,0.002586818606959529,1.0,0.002586818606959529,0.002586818606959529,0.9386042879674915,1.3375798001578487
2006-10-11,0.0017209756309206625,1.0,0.0017209756309206625,0.0017209756309206625,0.9402196030741612,1.339881742398332
2006-10-12,-0.0002146609162319013,1.0,-0.0002146609162319013,-0.0002146609162319013,0.9400177746727061,1.3395941221558665
2006-10-13,-0.0030066298654664037,1.0,-0.0030066298654664037,-0.0030066298654664037,0.9371914891573059,1.3355664584605893
2006-10-16,0.000645843291215753,1.0,0.000645843291215753,0.000645843291215753,0.9377967679931626,1.3364290250977588
2006-10-17,0.00043072441141611684,1.0,0.00043072441141611684,0.00043072441141611684,0.9382006999540844,1.3370046577029935
2006-10-18,0.01699675754005936,1.0,0.01699675754005936,0.01699675754005936,0.954147069775118,1.3597294016999013
2006-10-19,0.004230839579127954,1.0,0.004230839579127954,0.004230839579127954,0.9581839129622315,1.3654821986695171
2006-10-20,0.009058441691302432,1.0,0.009058441691302432,0.009058441691302432,0.9668635660673439,1.3778513395466765
2006-10-23,0.0037574186821087707,1.0,0.0037574186821087707,0.0037574186821087707,0.9704964772935356,1.3830285039110577
2006-10-24,0.0018723145947825426,1.0,0.0018723145947825426,0.0018723145947825426,0.9723135520121573,1.3856179683639307
2006-10-25,0.033215322858674456,1.0,0.033215322858674456,0.033215322858674456,1.0046092605621058,1.4316417165419193
2006-10-26,-0.00020014917721433712,1.0,-0.00020014917721433712,-0.00020014917721433712,1.0044081888451823,1.4313551746302877
2006-10-27,0.0032148762730475067,1.0,0.0032148762730475067,0.0032148762730475067,1.0076372368999553,1.4359568044195103
2006-10-30,0.017027503520075093,1.0,0.017027503520075093,0.017027503520075093,1.024794783498228,1.4604075639614393
2006-10-31,0.004529605077238985,1.0,0.004529605077238985,0.004529605077238985,1.0294366991526898,1.4670226334779972
2006-11-01,0.011569375155111583,1.0,0.011569375155111583,0.011569375155111583,1.041346638523627,1.483995168685744
2006-11-02,-0.0036834722735824554,1.0,-0.0036834722735824554,-0.0036834722735824554,1.037510867053437,1.4785289136277597
2006-11-03,-0.008170980204013967,1.0,-0.008170980204013967,-0.008170980204013967,1.029033386297294,1.466447883143445
2006-11-06,0.0009809372355926715,1.0,0.0009809372355926715,0.0009809372355926715,1.030042803462581,1.4678863764760766
2006-11-07,-0.001959417616206216,1.0,-0.001959417616206216,-0.001959417616206216,1.02802451944803,1.4650101740514203
2006-11-08,0.023364921549383633,1.0,0.023364921549383633,0.023364921549383633,1.052044231695776,1.4992400218371806
2006-11-09,0.007674611084295346,1.0,0.007674611084295346,0.007674611084295346,1.0601182620175176,1.5107461059267915
2006-11-10,0.008949035065560329,1.0,0.008949035065560329,0.008949035065560329,1.0696052975179533,1.524265825803889
2006-11-13,0.006039117340380429,1.0,0.006039117340380429,0.006039117340380429,1.0760647694175567,1.5334710459838505
2006-11-14,-0.0020636887250115032,1.0,-0.0020636887250115032,-0.0020636887250115032,1.0738441066855275,1.530306439076122
2006-11-15,-0.012594086024088402,1.0,-0.012594086024088402,-0.012594086024088402,1.0603200216294697,1.511033628139181
2006-11-16,-0.002284225099552506,1.0,-0.002284225099552506,-0.002284225099552506,1.0578980120225057,1.5075820871995176
2006-11-17,0.00515184210753894,1.0,0.00515184210753894,0.00515184210753894,1.063348135546325,1.5153489120769235
2006-11-20,0.000949217233794819,1.0,0.000949217233794819,0.000949217233794819,1.0643574839221093,1.516787307379479
2006-11-21,0.0031508453645985313,1.0,0.0031508453645985313,0.0031508453645985313,1.067711109766601,1.5215664696360176
2006-11-22,0.005712619814224551,1.0,0.005712619814224551,0.005712619814224551,1.0738105374081213,1.53025860039912
2006-11-24,-0.00018917247962579875,1.0,-0.00018917247962579875,-0.00018917247962579875,1.0736074020061115,1.529969117585214
2006-11-27,-0.0060594702168366155,1.0,-0.0060594702168366155,-0.0060594702168366155,1.0671019099290802,1.5206983152845266
2006-11-28,-0.00457293695196459,1.0,-0.00457293695196459,-0.00457293695196459,1.0622221201736535,1.5137442577657716
2006-11-29,0.0160773172212183,1.0,0.0160773172212183,0.0160773172212183,1.0792998021590803,1.5380812043896694
2006-11-30,0.003955604280488689,1.0,0.003955604280488689,0.003955604280488689,1.0835690850764312,1.5441652449854923
2006-12-01,-0.0026268487071509083,1.0,-0.0026268487071509083,-0.0026268487071509083,1.0807227130261896,1.5401089565080748
2006-12-04,0.01486062637041452,1.0,0.01486062637041452,0.01486062637041452,1.0967829294744926,1.5629959402804703
2006-12-05,-0.0009269291450193506,1.0,-0.0009269291450193506,-0.0009269291450193506,1.095766289411403,1.5615471537898773
2006-12-06,-0.00278280242165585,1.0,-0.00278280242165585,-0.00278280242165585,1.0927169883276602,1.557201676588781
2006-12-07,-0.003348517948260188,1.0,-0.003348517948260188,-0.003348517948260188,1.0890580058798762,1.5519873588256627
2006-12-08,-0.004293651231288664,1.0,-0.004293651231288664,-0.004293651231288664,1.0843819706319853,1.5453236663914964
2006-12-11,0.004873833805375538,1.0,0.004873833805375538,0.004873833805375538,1.089667068138391,1.552855317117002
2006-12-12,0.011381449479094918,1.0,0.011381449479094918,0.011381449479094918,1.1020690588234416,1.5705290614571132
2006-12-13,-0.000369205456126398,1.0,-0.000369205456126398,-0.000369205456126398,1.101662168913896,1.5699492135586182
2006-12-14,0.010887684807500575,1.0,0.010887684807500575,0.010887684807500575,1.113656719373378,1.5870423257596278
2006-12-15,0.0029204400599134317,1.0,0.0029204400599134317,0.0029204400599134317,1.1169090870696277,1.5916771877445544
2006-12-18,-0.011648790718216562,1.0,-0.011648790718216562,-0.011648790718216562,1.1038984468630793,1.5731360732935586
2006-12-19,0.007734421171567973,1.0,0.007734421171567973,0.007734421171567973,1.112436462381758,1.5853033702445976
2006-12-20,0.006944766511072897,1.0,0.006944766511072897,0.006944766511072897,1.1201620738714033,1.5963129320001632
2006-12-21,-0.010889153772036364,1.0,-0.010889153772036364,-0.010889153772036364,1.1079644567994145,1.5789304350153233
2006-12-22,0.0029360028490197365,1.0,0.0029360028490197365,0.0029360028490197365,1.1112174436011901,1.5835661792709321
2006-12-26,0.004390461957717751,1.0,0.004390461957717751,0.004390461957717751,1.1160962015140736,1.5905187663385496
2006-12-27,-0.0014570900209334159,1.0,-0.0014570900209334159,-0.0014570900209334159,1.1144699488764458,1.5882012373160104
2006-12-28,-0.0040136007519954164,1.0,-0.0040136007519954164,-0.0040136007519954164,1.109996911451559,1.5818268316355988
2006-12-29,-0.003296761591900066,1.0,-0.003296761591900066,-0.003296761591900066,1.106337516266758,1.5766119256920255
2007-01-03,0.012495786684786125,1.0,0.012495786684786125,0.012495786684786125,1.1201620738714033,1.5963129320001628
2007-01-04,-0.0007259927130522925,1.0,-0.0007259927130522925,-0.0007259927130522925,1.119348844368335,1.5951540204437795
2007-01-05,-0.01325840912364784,1.0,-0.01325840912364784,-0.01325840912364784,1.1045080594376173,1.5740048158255042
2007-01-08,-0.001288649360196903,1.0,-0.001288649360196903,-0.001288649360196903,1.1030847358334908,1.5719764755266439
2007-01-09,0.0009226314734258612,1.0,0.0009226314734258612,0.0009226314734258612,1.1041024765286265,1.5734268304984498
2007-01-10,0.0003673417256213618,1.0,0.0003673417256213618,0.0003673417256213618,1.1045080594376173,1.574004815825504
2007-01-11,-0.002024806889437958,1.0,-0.002024806889437958,-0.002024806889437958,1.1022716439094282,1.570817760030412
2007-01-12,-0.006823959432932236,1.0,-0.006823959432932236,-0.006823959432932236,1.0947497869273188,1.560098563359435
2007-01-16,0.005571338168633533,1.0,0.005571338168633533,0.005571338168633533,1.1008490082003304,1.5687904000323099
2007-01-17,0.004616839905433601,1.0,0.004616839905433601,0.004616839905433601,1.1059314518312466,1.5760332541544402
2007-01-18,0.001470606712505207,1.0,0.001470606712505207,0.001470606712505207,1.1075578420478802,1.578350979237131
2007-01-19,0.004588625785455935,1.0,0.004588625785455935,0.004588625785455935,1.112640010520785,1.5855934412389583
2007-01-22,0.00036538858767176663,1.0,0.00036538858767176663,0.00036538858767176663,1.1130465564828163,1.5861727989870742
2007-01-23,0.008401794978650567,1.0,0.008401794978650567,0.008401794978650567,1.122398145452078,1.599499497644876
2007-01-24,0.0038039603795343435,1.0,0.0038039603795343435,0.0038039603795343435,1.1266677035274404,1.6055839303610022
2007-01-25,-0.00018054175102788506,1.0,-0.00018054175102788506,-0.00018054175102788506,1.126464292967419,1.6052940554267927
2007-01-26,0.010647230507282668,1.0,0.010647230507282668,0.010647230507282668,1.1384580179528663,1.6223859912668923
2007-01-29,0.0023223733344290842,1.0,0.0023223733344290842,0.0023223733344290842,1.141101942496127,1.6261537772311618
2007-01-30,0.0016031766939559322,1.0,0.0016031766939559322,0.0016031766939559322,1.1429313305357647,1.6287607890676072
2007-01-31,0.00764843189932618,1.0,0.00764843189932618,0.00764843189932618,1.1516729629829738,1.6412182550430836
2007-02-01,0.014121800476849078,1.0,0.014121800476849078,0.014121800476849078,1.1679366587808009,1.6643952117797645
2007-02-02,0.003481479483301575,1.0,0.003481479483301575,0.003481479483301575,1.172002806296142,1.6701897695616812
2007-02-05,0.016999066296252918,1.0,0.016999066296252918,0.016999066296252918,1.1919257596997646,1.6985814361817837
2007-02-06,0.0075046404064467165,1.0,0.0075046404064467165,0.0075046404064467165,1.200870733917492,1.7113286790613937
2007-02-07,-0.003047342125131358,1.0,-0.003047342125131358,-0.003047342125131358,1.1972112699431878,1.7061136750877446
2007-02-08,0.006113198692115462,1.0,0.006113198692115462,0.006113198692115462,1.2045300603127904,1.7165434869748912
2007-02-09,-0.005063397839086936,1.0,-0.005063397839086936,-0.005063397839086936,1.1984310454082874,1.7078519443922437
2007-02-12,0.0005094791476889515,1.0,0.0005094791476889515,0.0005094791476889515,1.1990416210358659,1.7087220593452517
2007-02-13,0.0077989327957344035,1.0,0.0077989327957344035,0.0077989327957344035,1.208392866057613,1.7220482678526743
2007-02-14,0.0035333102211989598,1.0,0.0035333102211989598,0.0035333102211989598,1.2126624929224783,1.7281327985988761
2007-02-15,-0.010059223087394709,1.0,-0.010059223087394709,-0.010059223087394709,1.200464050376455,1.7107491252531264
2007-02-16,0.0032177604515615243,1.0,0.0032177604515615243,0.0032177604515615243,1.2043268561212777,1.7162539061309094
2007-02-20,0.00962174785071146,1.0,0.00962174785071146,0.00962174785071146,1.2159145854607167,1.7327672684634996
2007-02-21,-0.0098645192877026,1.0,-0.0098645192877026,-0.0098645192877026,1.2039201725802406,1.7156743523226416
2007-02-22,-0.0027019382898961775,1.0,-0.0027019382898961775,-0.0027019382898961775,1.2006672545679677,1.7110387060971082
2007-02-23,0.009820317399423573,1.0,0.009820317399423573,0.009820317399423573,1.2124581880989196,1.7278416492736808
2007-02-26,0.025654234844852075,1.0,0.025654234844852075,0.025654234844852075,1.243562875195973,1.7721681047188642
2007-02-27,-0.03138789011937293,1.0,-0.03138789011937293,-0.03138789011937293,1.2045300603127904,1.7165434869748912
2007-02-28,0.004418637269696601,1.0,0.004418637269696601,0.004418637269696601,1.2098524417297585,1.7241282700014935
2007-03-01,0.005922190834210195,1.0,0.005922190834210195,0.005922190834210195,1.2170174187709173,1.734338886639099
2007-03-02,-0.02523097285278364,1.0,-0.02523097285278364,-0.02523097285278364,1.1863108853165434,1.690579829272781
2007-03-05,-0.014840490186380006,1.0,-0.014840490186380006,-0.014840490186380006,1.1687054502650074,1.6654907959071663
2007-03-06,0.013487082383977445,1.0,0.013487082383977445,0.013487082383977445,1.184467876955335,1.6879534074813225
2007-03-07,-0.0027647799808696583,1.0,-0.0027647799808696583,-0.0027647799808696583,1.1811930838811457,1.6832865876916774
2007-03-08,0.004159191908462034,1.0,0.004159191908462034,0.004159191908462034,1.1861058925979555,1.6902876996468272
2007-03-09,0.0010354621725729984,1.0,0.0010354621725729984,0.0010354621725729984,1.1873340603824065,1.692037928620577
2007-03-12,0.013792962803402586,1.0,0.013792962803402586,0.013792962803402586,1.203710914912474,1.7153761448319869
2007-03-13,-0.008333300949545985,1.0,-0.008333300949545985,-0.008333300949545985,1.1936800296022552,1.7010813991754299
2007-03-14,0.008746330819365378,1.0,0.008746330819365378,0.008746330819365378,1.2041203500336264,1.7159596198432872
2007-03-15,0.006120739790292928,1.0,0.006120739790292928,0.006120739790292928,1.2114904573723786,1.7264625621669978
2007-03-16,0.007097156640297531,1.0,0.007097156640297531,0.007097156640297531,1.220088594916576,1.7387155374043064
2007-03-19,0.0033554436059499704,1.0,0.0033554436059499704,0.0033554436059499704,1.2241825333910814,1.7445496993368554
2007-03-20,0.008193833401157313,1.0,0.008193833401157313,0.008193833401157313,1.2342132811222946,1.7588442489332607
2007-03-21,0.010449404310049148,1.0,0.010449404310049148,0.010449404310049148,1.2471100747015738,1.7772231236087692
2007-03-22,0.0029552053833543646,1.0,0.0029552053833543646,0.0029552053833543646,1.2507955411079672,1.7824751829510797
2007-03-23,0.00965597316429867,1.0,0.00965597316429867,0.00965597316429867,1.2628731892869303,1.7996867154836835
2007-03-26,0.006808502386576265,1.0,0.006808502386576265,0.006808502386576265,1.2714714644101335,1.8119398867811438
2007-03-27,-0.005957418260925551,1.0,-0.005957418260925551,-0.005957418260925551,1.2638967770898109,1.8011454030119345
2007-03-28,-0.007936475107813479,1.0,-0.007936475107813479,-0.007936475107813479,1.253865891779592,1.7868506573553775
2007-03-29,0.007346999952160482,1.0,0.007346999952160482,0.007346999952160482,1.2630780444265122,1.7999786490494853
2007-03-30,-0.008590150670746088,1.0,-0.008590150670746088,-0.008590150670746088,1.2522280137159771,1.7845165612500242
2007-04-02,0.02256005707829911,1.0,0.02256005707829911,0.02256005707829911,1.2804783491804548,1.8247753567289948
2007-04-03,0.0003199665807906982,1.0,0.0003199665807906982,0.0003199665807906982,1.2808880594596186,1.8253592238605985
2007-04-04,-0.013105518678438677,1.0,-0.013105518678438677,-0.013105518678438677,1.2641013570713815,1.801436944457433
2007-04-05,-0.0056676046466195285,1.0,-0.0056676046466195285,-0.0056676046466195285,1.2569369303462457,1.791227112060434
2007-04-09,0.005699909480074039,1.0,0.005699909480074039,0.005699909480074039,1.2641013570713813,1.801436944457433
2007-04-10,0.0019431476401488013,1.0,0.0019431476401488013,0.0019431476401488013,1.2665576926402835,1.8049374024049323
2007-04-11,-0.010828761424973354,1.0,-0.010828761424973354,-0.010828761424973354,1.2528424415557171,1.7853921658872782
2007-04-12,-0.0068626844852970326,1.0,-0.0068626844852970326,-0.0068626844852970326,1.2442445791695311,1.7731395827702727
2007-04-13,-0.00510003753930155,1.0,-0.00510003753930155,-0.00510003753930155,1.237898885107694,1.7640965043357228
2007-04-16,0.017197891335048787,1.0,0.017197891335048787,0.017197891335048787,1.259188135617554,1.794435244321828
2007-04-17,0.009266785053613447,1.0,0.009266785053613447,0.009266785053613447,1.2708567614123822,1.811063890023587
2007-04-18,0.004993890522184685,1.0,0.004993890522184685,0.004993890522184685,1.2772032809482539,1.8201081448190466
2007-04-19,-0.011540578215973762,1.0,-0.011540578215973762,-0.011540578215973762,1.2624636165867722,1.7991030444122316
2007-04-20,0.009405008412449511,1.0,0.009405008412449511,0.009405008412449511,1.2743370975211823,1.8160236236797922
2007-04-23,0.023132313833807094,1.0,0.023132313833807094,0.023132313833807094,1.3038154631911052,1.8580324520723608
2007-04-24,0.009892106543008206,1.0,0.009892106543008206,0.009892106543008206,1.316712944665413,1.8764123070486274
2007-04-25,0.0029537348513859474,1.0,0.0029537348513859474,0.0029537348513859474,1.3206021655793423,1.8819547314755265
2007-04-26,-0.0031002626977525427,1.0,-0.0031002626977525427,-0.0031002626977525427,1.3165079519468255,1.8761201774226741
2007-04-27,-0.006375517877586279,1.0,-0.006375517877586279,-0.006375517877586279,1.308114531963204,1.8641589396910154
2007-04-30,0.007355309900603624,1.0,0.007355309900603624,0.007355309900603624,1.3177361197312765,1.8778704063964236
2007-05-01,0.0037285321243445413,1.0,0.0037285321243445413,0.0037285321243445413,1.3226493411851037,1.8848721065320286
2007-05-02,-0.0017023544625278664,1.0,-0.0017023544625278664,-0.0017023544625278664,1.3203977231767776,1.8816633860901795
2007-05-03,-0.002790658031808224,1.0,-0.002790658031808224,-0.002790658031808224,1.316712944665413,1.8764123070486274
2007-05-04,-0.005597562116044008,1.0,-0.005597562116044008,-0.005597562116044008,1.3093425621686492,1.8659089726046132
2007-05-07,-0.001875586514816674,1.0,-0.001875586514816674,-0.001875586514816674,1.3068867769157702,1.8624092988977206
2007-05-08,-0.004386171301438591,1.0,-0.004386171301438591,-0.004386171301438591,1.3011545476406325,1.854240452679363
2007-05-09,0.0028316127250433976,1.0,0.0028316127250433976,0.0028316127250433976,1.3048389134149798,1.85949094354046
2007-05-10,-0.0020393729081191747,1.0,-0.0020393729081191747,-0.0020393729081191747,1.3021778602855016,1.8556987480873106
2007-05-11,0.015406215735409345,1.0,0.015406215735409345,0.015406215735409345,1.322239493326934,1.8842880433402727
2007-05-14,0.01610163186801472,1.0,0.01610163186801472,0.01610163186801472,1.3435297068898344,1.9146281557474396
2007-05-15,-0.004113557156336101,1.0,-0.004113557156336101,-0.004113557156336101,1.3380030206493077,1.9067522233956422
2007-05-16,0.0036718499285834927,1.0,0.0036718499285834927,0.0036718499285834927,1.3429159669451234,1.913753531410944
2007-05-17,-0.00807925128569631,1.0,-0.00807925128569631,-0.00807925128569631,1.3320662113925998,1.8982918357317862
2007-05-18,0.0,1.0,0.0,0.0,1.3320662113925998,1.8982918357317862
2007-05-21,0.006915686749001226,1.0,0.006915686749001226,0.006915686749001226,1.3412783640395198,1.9114198274258938
2007-05-22,0.008699425078083634,1.0,0.008699425078083634,0.008699425078083634,1.3529467146763363,1.9280480810073488
2007-05-23,-0.020578277605709627,1.0,-0.020578277605709627,-0.020578277605709627,1.3251054015959938,1.888372172359224
2007-05-24,-0.029352352403485327,1.0,-0.029352352403485327,-0.029352352403485327,1.2862104408765862,1.832944006887201
2007-05-25,-0.003978655852686641,-1.0,0.003978655852686641,0.001978655852686641,1.2887554086932134,1.8256513534865522
2007-05-29,0.004314469231686102,-1.0,-0.004314469231686102,-0.004314469231686102,1.2831951131352375,1.833528070078956
2007-05-30,0.014319282838235914,-1.0,-0.014319282838235914,-0.014319282838235914,1.2648206793736119,1.8597828771062614
2007-05-31,0.0028239120527502326,1.0,0.0028239120527502326,0.0008239120527502326,1.2658627803759155,1.8650347403884204
2007-06-01,-0.009229267734755853,1.0,-0.009229267734755853,-0.009229267734755853,1.2541797938603638,1.8478218354347549
2007-06-04,-0.006788176263187284,1.0,-0.006788176263187284,-0.006788176263187284,1.2456662003539118,1.8352784951128576
2007-06-05,-0.02495685995833896,-1.0,0.02495685995833896,0.02295685995833896,1.2742627848702728,1.789475706725775
2007-06-06,-0.01641153666681383,-1.0,0.01641153666681383,0.01641153666681383,1.2951753952873275,1.7601076605504722
2007-06-07,-0.03487440553408305,-1.0,0.03487440553408305,0.03487440553408305,1.340343867260344,1.6987249522127887
2007-06-08,0.011583848906519423,-1.0,-0.011583848906519423,-0.011583848906519423,1.3248175264192203,1.7184027253929561
2007-06-11,0.03195989900818863,-1.0,-0.03195989900818863,-0.03195989900818863,1.2824764920705838,1.7733227029519112
2007-06-12,-0.02285548065300358,-1.0,0.02285548065300358,0.02285548065300358,1.3117881087230348,1.7327925602230618
2007-06-13,0.021186535606319223,-1.0,-0.021186535606319223,-0.021186535606319223,1.283995863249628,1.7695044314985928
2007-06-14,-0.0006636888201341229,-1.0,0.0006636888201341229,0.0006636888201341229,1.2848480369491653,1.7683300311902295
2007-06-15,0.018103463186376345,-1.0,-0.018103463186376345,-0.018103463186376345,1.261587837812168,1.8003429288112456
2007-06-18,-0.011256391840877344,-1.0,0.011256391840877344,0.011256391840877344,1.2757887648562671,1.7800775633565935
2007-06-19,-0.0009901707653567904,-1.0,0.0009901707653567904,0.0009901707653567904,1.2770520135939984,1.7783149825932902
2007-06-20,-0.026258586861754196,-1.0,0.026258586861754196,0.026258586861754196,1.3105855948199345,1.7316189441553054
2007-06-21,0.005766252117281656,-1.0,-0.005766252117281656,-0.005766252117281656,1.3030284278589253,1.741603895558366
2007-06-22,-0.02225980208505951,-1.0,0.02225980208505951,0.02225980208505951,1.332033582774271,1.702836137532668
2007-06-25,-0.0037941232481554232,-1.0,0.0037941232481554232,0.0037941232481554232,1.3370874823579986,1.696375367355456
2007-06-26,-0.019044485288976176,-1.0,0.019044485288976176,0.019044485288976176,1.3625516252458396,1.6640687716272735
2007-06-27,0.018178643475343037,-1.0,-0.018178643475343037,-0.018178643475343037,1.3377822850337462,1.6943192845451378
2007-06-28,-0.0058935406535233215,-1.0,0.0058935406535233215,0.0058935406535233215,1.3456665593161556,1.6843337449616225
2007-06-29,-0.010636250927289037,-1.0,0.010636250927289037,0.010636250927289037,1.359979406505504,1.6664187486049102
2007-07-02,0.011631704725250547,-1.0,-0.011631704725250547,-0.011631704725250547,1.3441605276166104,1.6858020394373041
2007-07-03,-0.010278317155114625,-1.0,0.010278317155114625,0.010278317155114625,1.3579762358268401,1.6684748314152285
2007-07-05,0.0,-1.0,-0.0,-0.0,1.3579762358268401,1.6684748314152285
2007-07-06,-0.005457217172942674,-1.0,0.005457217172942674,0.005457217172942674,1.3653870070614422,1.6593696019126067
2007-07-09,-0.009203913145912068,-1.0,0.009203913145912068,0.009203913145912068,1.3779539104849925,1.6440969082196364
2007-07-10,-0.00785959295350791,-1.0,0.00785959295350791,0.00785959295350791,1.388784067330099,1.6311749757449092
2007-07-11,-0.003960687365320736,-1.0,0.003960687365320736,0.003960687365320736,1.3942846068387322,1.624714401627849
2007-07-12,0.020064763112877193,-1.0,-0.020064763112877193,-0.020064763112877193,1.366308616490582,1.6573139112225919
2007-07-13,0.01825249917515359,-1.0,-0.01825249917515359,-0.01825249917515359,1.3413700695950823,1.6875640320201528
2007-07-16,0.0005226910538038698,-1.0,-0.0005226910538038698,-0.0005226910538038698,1.3406689474598648,1.688446106642411
2007-07-17,0.008870887395292959,-1.0,-0.008870887395292959,-0.008870887395292959,1.3287760241925823,1.7034241219274566
2007-07-18,0.008620355276589553,-1.0,-0.008620355276589553,-0.008620355276589553,1.317321502781028,1.718108243045184
2007-07-19,0.017948758034907142,-1.0,-0.017948758034907142,-0.017948758034907142,1.2936772178734313,1.7489461521773815
2007-07-20,-0.015617249205954309,-1.0,0.015617249205954309,0.015617249205954309,1.3138808973770262,1.7216324242710324
2007-07-23,0.0209831429708931,-1.0,-0.0209831429708931,-0.0209831429708931,1.2863115466606387,1.7577576835728368
2007-07-24,-0.03926495192629442,-1.0,0.03926495192629442,0.03926495192629442,1.336818507702506,1.6887394126292747
2007-07-25,0.013216888062680177,-1.0,-0.013216888062680177,-0.013216888062680177,1.319149927126083,1.7110592924130321
2007-07-26,-0.033470009221726604,-1.0,0.033470009221726604,0.033470009221726604,1.363301887351833,1.653790122117047
2007-07-27,-0.02468495987488495,-1.0,0.02468495987488495,0.02468495987488495,1.396954939738468,1.6129663793111066
2007-07-30,0.052258291113579824,-1.0,-0.052258291113579824,-0.052258291113579824,1.3239524618250618,1.6972572459175632
2007-07-31,-0.0010387187256658548,-1.0,0.0010387187256658548,0.0010387187256658548,1.325327676039051,1.6954942730339566
2007-08-01,0.029967181350875727,-1.0,-0.029967181350875727,-0.029967181350875727,1.2856113412218542,1.7463034573933365
2007-08-02,0.0067273097564628515,1.0,0.0067273097564628515,0.004727309756462851,1.2916888242582316,1.7580513816800034
2007-08-03,-0.04594108241222328,1.0,-0.04594108241222328,-0.04594108241222328,1.2323472415320365,1.6772845982693194
2007-08-06,0.0635620387684368,-1.0,-0.0635620387684368,-0.0655620387684368,1.151552043906537,1.7838962269302159
2007-08-07,0.03589043688457694,1.0,0.03589043688457694,0.033890436884576935,1.190578645769857,1.8479210418714898
2007-08-08,-0.005085792713125814,1.0,-0.005085792713125814,-0.005085792713125814,1.1845236095687974,1.8385228985023079
2007-08-09,-0.021565281672064618,1.0,-0.021565281672064618,-0.021565281672064618,1.1589790242812357,1.798874634335565
2007-08-10,-0.017142998519037778,1.0,-0.017142998519037778,-0.017142998519037778,1.1391106485843867,1.7680365291432159
2007-08-13,0.0011626969557079203,1.0,0.0011626969557079203,0.0011626969557079203,1.1404350890677102,1.7700922198332312
2007-08-14,-0.015429905390952348,1.0,-0.015429905390952348,-0.015429905390952348,1.122838283538873,1.7427798643479435
2007-08-15,-0.006236130338982737,1.0,-0.006236130338982737,-0.006236130338982737,1.115836117653125,1.7319116619617152
2007-08-16,0.005426909360459309,1.0,0.005426909360459309,0.005426909360459309,1.1218916591247554,1.741310589571504
2007-08-17,0.01197465026225264,1.0,0.01197465026225264,0.01197465026225264,1.1353259193749128,1.7621621748795797
2007-08-20,-0.007332442131696482,1.0,-0.007332442131696482,-0.007332442131696482,1.1270012077704812,1.7492412227056109
2007-08-21,0.00956953190340859,1.0,0.00956953190340859,0.00956953190340859,1.1377860817834209,1.7659806423930497
2007-08-22,0.01031103407764844,1.0,0.01031103407764844,0.01031103407764844,1.1495178328457638,1.784189728977232
2007-08-23,-0.005102955797972264,1.0,-0.005102955797972264,-0.005102955797972264,1.143651894155771,1.775085087655065
2007-08-24,-0.007280165252560811,1.0,-0.007280165252560811,-0.007280165252560811,1.1353259193749128,1.7621621748795797
2007-08-27,-0.03333294391938468,1.0,-0.03333294391938468,-0.03333294391938468,1.097482164174165,1.7034241219274577
2007-08-28,-0.012758461894555984,-1.0,0.012758461894555984,0.010758461894555984,1.1092893842173877,1.6816910501775788
2007-08-29,0.03236554471365771,-1.0,-0.03236554471365771,-0.03236554471365771,1.073386629052114,1.7361198970566591
2007-08-30,-0.0037487138675987852,1.0,-0.0037487138675987852,-0.005748713867598785,1.0672160364523868,1.7296116803227486
2007-08-31,0.0063279301533625265,1.0,0.0063279301533625265,0.0063279301533625265,1.073969304989606,1.740556542228271
2007-09-04,0.026172644927168864,1.0,0.026172644927168864,0.026172644927168864,1.1020779222717771,1.7861115105836722
2007-09-05,-0.02136428270503965,1.0,-0.02136428270503965,-0.02136428270503965,1.07853281797738,1.7479525193288372
2007-09-06,0.008630918964949164,1.0,0.008630918964949164,0.008630918964949164,1.087841547330381,1.763038955877743
2007-09-07,-0.016946428942776537,1.0,-0.016946428942776537,-0.016946428942776537,1.0694065178475467,1.733161741488614
2007-09-10,0.01570246615676174,1.0,0.01570246615676174,0.01570246615676174,1.0861988375018683,1.7603766550785331
2007-09-11,0.012098666653004742,1.0,0.012098666653004742,0.012098666653004742,1.0993403951556846,1.7816748654120598
2007-09-12,0.009131555829732907,1.0,0.009131555829732907,0.009131555829732907,1.1093790833499293,1.7979443289160018
2007-09-13,0.002632172678727951,1.0,0.002632172678727951,0.002632172678727951,1.1122991606634753,1.8026768288564483
2007-09-14,0.007384842409746906,1.0,0.007384842409746906,0.007384842409746906,1.1205133146774688,1.8159893131532554
2007-09-17,-0.0021175916546116724,1.0,-0.0021175916546116724,-0.0021175916546116724,1.1181405250334266,1.8121437893388581
2007-09-18,0.02448555875143832,1.0,0.02448555875143832,0.02448555875143832,1.1455188205514968,1.8565151425587687
2007-09-19,0.0060546344904641725,1.0,0.0060546344904641725,0.0060546344904641725,1.1524545183118837,1.8677556631729741
2007-09-20,-0.008076887467535099,1.0,-0.008076887467535099,-0.008076887467535099,1.1431462728560262,1.8526700108646745
2007-09-21,0.007504631462962319,1.0,0.007504631462962319,0.007504631462962319,1.1517251643420696,1.8665736165186964
2007-09-24,-0.017115959150091453,1.0,-0.017115959150091453,-0.017115959150091453,1.1320122834770583,1.8346254187477238
2007-09-25,-0.0017734509635197737,1.0,-0.0017734509635197737,-0.0017734509635197737,1.1300047152022097,1.8313718005311477
2007-09-26,0.01324491613037626,1.0,0.01324491613037626,0.01324491613037626,1.1449715328819927,1.855628166432719
2007-09-27,-0.014665829017772136,1.0,-0.014665829017772136,-0.014665829017772136,1.1281795761505289,1.8284138410232547
2007-09-28,-0.015046677060792768,1.0,-0.015046677060792768,-0.015046677060792768,1.1112042224016099,1.800902288423894
2007-10-01,0.02233933245353681,1.0,0.02233933245353681,0.02233933245353681,1.1360277829496133,1.8411332433613308
2007-10-02,-0.0008034583317138022,1.0,-0.0008034583317138022,-0.0008034583317138022,1.135115031962344,1.8396539695171568
2007-10-03,0.0011258527289992326,1.0,0.0011258527289992326,0.0011258527289992326,1.1363930043188069,1.841725148959152
2007-10-04,0.0036940817831234707,1.0,0.0036940817831234707,0.0036940817831234707,1.1405909330145299,1.8485286322814423
2007-10-05,0.005440598194280666,1.0,0.005440598194280666,0.005440598194280666,1.1467964299851017,1.858585733820309
2007-10-08,-0.007957660133985689,1.0,-0.007957660133985689,-0.007957660133985689,1.1376706137524122,1.8437957402206926
2007-10-09,0.01909150505065016,1.0,0.01909150505065016,0.01909150505065016,1.1593904580208427,1.8789965759074831
2007-10-10,-0.007399066923099995,1.0,-0.007399066923099995,-0.007399066923099995,1.150812050431943,1.865093754494068
2007-10-11,-0.001427120010638272,1.0,-0.001427120010638272,-0.001427120010638272,1.149169703526288,1.862432041875313
2007-10-12,0.009211742057747774,1.0,0.009211742057747774,0.009211742057747774,1.1597555584157506,1.8795882854451529
2007-10-15,-0.006138026956665543,1.0,-0.006138026956665543,-0.006138026956665543,1.152636947535052,1.8680513218816577
2007-10-16,0.0014253853137349282,1.0,0.0014253853137349282,0.0014253853137349282,1.1542798993121366,1.870714014801171
2007-10-17,0.0,1.0,0.0,0.0,1.1542798993121366,1.870714014801171
2007-10-18,-0.010594211767482653,1.0,-0.010594211767482653,-0.010594211767482653,1.1420512136198753,1.8508952743719698
2007-10-19,-0.030046461787928247,1.0,-0.030046461787928247,-0.030046461787928247,1.1077366154699886,1.7952824202370954
2007-10-22,0.008732969202976504,-1.0,-0.008732969202976504,-0.010732969202976504,1.0958473124911399,1.810960566323671
2007-10-23,0.008983886124571905,1.0,0.008983886124571905,0.006983886124571905,1.103500585331496,1.8272300298276132
2007-10-24,0.001942757642861892,1.0,0.001942757642861892,0.001942757642861892,1.1056444195275514,1.8307798949333276
2007-10-25,0.042494694709102054,1.0,0.042494694709102054,0.042494694709102054,1.152628441592197,1.9085783276480812
2007-10-26,0.03270284715732674,1.0,0.03270284715732674,0.03270284715732674,1.1903226733467744,1.9709942729849428
2007-10-29,0.007204112440774013,1.0,0.007204112440774013,0.007204112440774013,1.1988978917263673,1.985193537347648
2007-10-30,-0.0020859358974447684,1.0,-0.0020859358974447684,-0.0020859358974447684,1.1963970675766444,1.981052550884719
2007-10-31,0.021651453686595046,1.0,0.021651453686595046,0.021651453686595046,1.2223008032760583,2.0239452184409106
2007-11-01,-0.028646771511960156,1.0,-0.028646771511960156,-0.028646771511960156,1.1872858314457237,1.9659657222155096
2007-11-02,0.0019559485248359376,1.0,0.0019559485248359376,0.0019559485248359376,1.1896081014162987,1.969811049969755
2007-11-05,0.010362125985607706,1.0,0.010362125985607706,0.010362125985607706,1.201934970436674,1.9902224802373838
2007-11-06,0.0008914321538759928,1.0,0.0008914321538759928,0.0008914321538759928,1.2030064139161891,1.9919966285496342
2007-11-07,-0.01915615252954439,1.0,-0.01915615252954439,-0.01915615252954439,1.1799614395571905,1.9538376372947992
2007-11-08,0.025283927019825736,1.0,0.025283927019825736,0.025283927019825736,1.209795498481163,2.0032383255247495
2007-11-09,0.01727707882226781,1.0,0.01727707882226781,0.01727707882226781,1.2306972306672468,2.0378484319746284
2007-11-12,-0.004064654248471911,1.0,-0.004064654248471911,-0.004064654248471911,1.2256948719400325,2.029565282687861
2007-11-13,-0.014866861133018272,1.0,-0.014866861133018272,-0.014866861133018272,1.2074726364874473,1.9993920174697455
2007-11-14,-0.006214054923341705,1.0,-0.006214054923341705,-0.006214054923341705,1.199969335205882,1.9869676856598975
2007-11-15,0.0011915756901192953,1.0,0.0011915756901192953,0.0011915756901192953,1.201399189494602,1.9893353080511824
2007-11-16,0.010705997187617111,1.0,0.010705997187617111,0.010705997187617111,1.2142613658385366,2.010633126264406
2007-11-19,-0.005737682937947963,1.0,-0.005737682937947963,-0.005737682937947963,1.2072943191175554,1.9990967508813657
2007-11-20,0.023231856437954557,1.0,0.023231856437954557,0.023231856437954557,1.2353420074176524,2.045539479603423
2007-11-21,-0.010267871177691568,1.0,-0.010267871177691568,-0.010267871177691568,1.222657674825097,2.024536143737973
2007-11-23,0.0007303824475017873,1.0,0.0007303824475017873,0.0007303824475017873,1.2235506825300926,2.026014829401692
2007-11-26,-0.010512172914110884,1.0,-0.010512172914110884,-0.010512172914110884,1.2106885061861579,2.0047170111884687
2007-11-27,0.002508946201519535,1.0,0.002508946201519535,0.002508946201519535,1.213726058514977,2.0097467383188117
2007-11-28,0.018510020424042706,1.0,0.018510020424042706,0.018510020424042706,1.236192152647282,2.046947191492246
2007-11-29,0.0072693547107947065,1.0,0.0072693547107947065,0.0072693547107947065,1.245178471895576,2.061827176701468
2007-11-30,0.006928958562323118,1.0,0.006928958562323118,0.006928958562323118,1.2538062619300374,2.0761134917715043
2007-12-03,0.024082160955829712,1.0,0.024082160955829712,0.024082160955829712,1.2840006261372638,2.1261107910429153
2007-12-04,0.009658548514889453,1.0,0.009658548514889453,0.009658548514889453,1.296402208477959,2.1466459352662333
2007-12-05,0.005961321281606535,1.0,0.005961321281606535,0.005961321281606535,1.3041304785528802,2.15944278136421
2007-12-06,-0.02273967615397776,1.0,-0.02273967615397776,-0.02273967615397776,1.2744749738080556,2.110337751842943
2007-12-07,0.004089568983825842,1.0,0.004089568983825842,0.004089568983825842,1.2796870271316032,2.1189681236582767
2007-12-10,0.00042127196746410966,1.0,0.00042127196746410966,0.00042127196746410966,1.2802261234032613,2.119860785528724
2007-12-11,-0.029341496137083922,1.0,-0.029341496137083922,-0.029341496137083922,1.2426623735488305,2.0576608984789773
2007-12-12,0.00014454434657706905,1.0,0.00014454434657706905,0.00014454434657706905,1.242841993369631,2.057958321729025
2007-12-13,0.012581352796714684,1.0,0.012581352796714684,0.012581352796714684,1.2584786269587867,2.0838502214156325
2007-12-14,-0.00899749327923538,1.0,-0.00899749327923538,-0.00899749327923538,1.2471554739706636,2.0651007930535124
2007-12-17,-0.008070353392330198,1.0,-0.008070353392330198,-0.008070353392330198,1.2370904885605414,2.0484346998627894
2007-12-18,0.01787022978867414,1.0,0.01787022978867414,0.01787022978867414,1.2591975798605015,2.085040698656431
2007-12-19,-0.007136638281910912,1.0,-0.007136638281910912,-0.007136638281910912,1.2502111422075795,2.070160517387057
2007-12-20,-0.006182140153576099,1.0,-0.006182140153576099,-0.006182140153576099,1.2424821617048898,2.057362494928171
2007-12-21,-0.010848497364136955,1.0,-0.010848497364136955,-0.010848497364136955,1.2290030972486472,2.0350432033248684
2007-12-24,0.0004385488272864446,1.0,0.0004385488272864446,0.0004385488272864446,1.229542075115677,2.035935669135164
2007-12-26,0.00248501575464366,1.0,0.00248501575464366,0.00248501575464366,1.2325975065433366,2.040995001348406
2007-12-27,-0.0021873104294938273,1.0,-0.0021873104294938273,-0.0021873104294938273,1.2299014331619063,2.036530711695412
2007-12-28,0.0027765703709587974,1.0,0.0027765703709587974,0.0027765703709587974,1.2333163410404233,2.042185282529053
2007-12-31,-0.012241607140319855,1.0,-0.012241607140319855,-0.012241607140319855,1.2182185669136698,2.0171856525925893
2008-01-02,-0.02109712433346167,-1.0,0.02109712433346167,0.019097124333461668,1.2414830383513518,1.9746288360761683
2008-01-03,0.009344146370378503,-1.0,-0.009344146370378503,-0.009344146370378503,1.2298824391246546,1.9930800569476341
2008-01-04,0.02762438547989432,-1.0,-0.02762438547989432,-0.02762438547989432,1.1959076925313223,2.0481376687330455
2008-01-07,0.046643767716500806,1.0,0.046643767716500806,0.044643767716500804,1.249297517767067,2.1436705264048452
2008-01-08,-0.006664417359880326,1.0,-0.006664417359880326,-0.006664417359880326,1.2409716777020048,2.129384211334809
2008-01-09,-0.0012578179726269179,1.0,-0.0012578179726269179,-0.0012578179726269179,1.2394107612222702,2.126705833603164
2008-01-10,0.007696448423470281,1.0,0.007696448423470281,0.007696448423470281,1.2489498222215114,2.1430739153633844
2008-01-11,-0.010415256265474793,1.0,-0.010415256265474793,-0.010415256265474793,1.2359416897603552,2.1207532513390204
2008-01-14,0.0004210098133929918,1.0,0.0004210098133929918,0.0004210098133929918,1.2364620333405258,2.1216461092696193
2008-01-15,-0.0039273092474876314,1.0,-0.0039273092474876314,-0.0039273092474876314,1.2316060645628202,2.1133137488847886
2008-01-16,-0.04506441053149646,1.0,-0.04506441053149646,-0.04506441053149646,1.1761044632562805,2.0180785105231887
2008-01-17,-0.03672021031442241,-1.0,0.03672021031442241,0.034720210314422406,1.2169390575722694,1.943974243185761
2008-01-18,-0.024800727529963318,-1.0,0.024800727529963318,0.024800727529963318,1.2471200315596895,1.8957622676552441
2008-01-22,-0.04442694804137104,-1.0,0.04442694804137104,0.04442694804137104,1.3025257684031448,1.8115393358913328
2008-01-23,0.03187112325578978,-1.0,-0.03187112325578978,-0.03187112325578978,1.2610128090945258,1.869275129348237
2008-01-24,-0.02085661794937632,-1.0,0.02085661794937632,0.02085661794937632,1.2873132714830802,1.8302883721331498
2008-01-25,-0.006991817438698811,-1.0,0.006991817438698811,0.006991817438698811,1.296313930863704,1.8174913299750215
2008-01-28,0.017848193163589876,-1.0,-0.017848193163589876,-0.017848193163589876,1.273177069424996,1.8499302663055655
2008-01-29,0.0069180047658190524,-1.0,-0.0069180047658190524,-0.0069180047658190524,1.2643692243909823,1.8627280927043002
2008-01-30,0.0006391041427147304,-1.0,-0.0006391041427147304,-0.0006391041427147304,1.263561160781753,1.8639185699450986
2008-01-31,0.02746224283468246,-1.0,-0.02746224283468246,-0.02746224283468246,1.2288609373478911,1.915105954337005
2008-02-01,0.015229703752609014,-1.0,-0.015229703752609014,-0.015229703752609014,1.2101457493189294,1.944272450676415
2008-02-04,0.021735627345913278,-1.0,-0.021735627345913278,-0.021735627345913278,1.183842472277492,1.9865324321232432
2008-02-05,-0.04254687503084209,-1.0,0.04254687503084209,0.04254687503084209,1.2342112700016858,1.9020116849889808
2008-02-06,0.0012517054654472837,-1.0,-0.0012517054654472837,-0.0012517054654472837,1.232666401009508,1.904392443410426
2008-02-07,-0.004375749680309737,-1.0,0.004375749680309737,0.004375749680309737,1.2380602406196541,1.8960592987849885
2008-02-08,-0.0075338100120734275,-1.0,0.0075338100120734275,0.0075338100120734275,1.2473875512559844,1.8817747482563172
2008-02-11,0.004428134936370842,-1.0,-0.004428134936370842,-0.004428134936370842,1.2418639508610738,1.8901075007614514
2008-02-12,0.009289818200338695,-1.0,-0.009289818200338695,-0.009289818200338695,1.23032726052802,1.9076662558226218
2008-02-13,0.005460531623570519,-1.0,-0.005460531623570519,-0.005460531623570519,1.223609019614566,1.9180831277397596
2008-02-14,-0.011482207750152962,-1.0,0.011482207750152962,0.011482207750152962,1.2376587525827414,1.8960592987849885
2008-02-15,0.01538207164574934,-1.0,-0.01538207164574934,-0.01538207164574934,1.2186209969775248,1.9252246187634885
2008-02-19,-0.004328095726478964,-1.0,0.004328095726478964,0.004328095726478964,1.2238953053067405,1.9168920623185062
2008-02-20,0.0055893074616186755,-1.0,-0.0055893074616186755,-0.0055893074616186755,1.2170545781445494,1.9276061614255406
2008-02-21,-0.014049644273406048,-1.0,0.014049644273406048,0.014049644273406048,1.2341537620288008,1.900523980558286
2008-02-22,0.01127488967951562,-1.0,-0.01127488967951562,-0.01127488967951562,1.2202388145143668,1.9219521787723546
2008-02-25,0.002787040938011076,-1.0,-0.002787040938011076,-0.002787040938011076,1.2168379589841651,1.9273087381754928
2008-02-26,0.001390003510613358,-1.0,-0.001390003510613358,-0.001390003510613358,1.2151465499493295,1.9299877040875926
2008-02-27,-0.0011648891618172286,-1.0,0.0011648891618172286,0.0011648891618172286,1.216562060995385,1.9277394823286604
2008-02-28,-0.018653759391919822,-1.0,0.018653759391919822,0.018653759391919822,1.2392555169665311,1.8917798938549975
2008-02-29,-0.04498653069646663,-1.0,0.04498653069646663,0.04498653069646663,1.2950053233213115,1.8066752795891312
2008-03-03,0.01758130280915604,-1.0,-0.01758130280915604,-0.01758130280915604,1.2722374425925305,1.8384389847574043
2008-03-04,0.013040112454919761,-1.0,-0.013040112454919761,-0.013040112454919761,1.2556473232717644,1.8624124358601493
2008-03-05,0.0003220274909785381,-1.0,-0.0003220274909785381,-0.0003220274909785381,1.2552429703146972,1.8630121838640366
2008-03-06,-0.026218532709312625,-1.0,0.026218532709312625,0.026218532709312625,1.288153599190028,1.8141667379835493
2008-03-07,-0.004129421093204022,-1.0,0.004129421093204022,0.004129421093204022,1.29347292783381,1.806675279589131
2008-03-10,-0.008127595049020053,-1.0,0.008127595049020053,0.008127595049020053,1.3039857519981135,1.7919913545315556
2008-03-11,0.018059831019841655,-1.0,-0.018059831019841655,-0.018059831019841655,1.2804359896647464,1.8243544155834126
2008-03-12,-0.0026278133169265194,-1.0,0.0026278133169265194,0.0026278133169265194,1.2838007364098596,1.8195603527553488
2008-03-13,0.012022684252986027,-1.0,-0.012022684252986027,-0.012022684252986027,1.268366005512253,1.8414363523557782
2008-03-14,-0.00016268817074938102,-1.0,0.00016268817074938102,0.00016268817074938102,1.2685723536575304,1.841136772444062
2008-03-17,0.011230185525574088,-1.0,-0.011230185525574088,-0.011230185525574088,1.2543260507733422,1.8618130799765655
2008-03-18,0.00048314408434935174,-1.0,-0.00048314408434935174,-0.00048314408434935174,1.253720030562066,1.8627126039523205
2008-03-19,-0.021718353977382754,-1.0,0.021718353977382754,0.021718353977382754,1.2809487659743481,1.8222575522615516
2008-03-20,0.000986725311424852,-1.0,-0.000986725311424852,-0.000986725311424852,1.2796848214043228,1.8240556199123032
2008-03-24,0.02530012465132936,-1.0,-0.02530012465132936,-0.02530012465132936,1.2473086359083794,1.8702044544670424
2008-03-25,0.0030440514724290324,-1.0,-0.0030440514724290324,-0.0030440514724290324,1.243511764218669,1.8758974530904062
2008-03-26,0.001437713688244635,-1.0,-0.001437713688244635,-0.001437713688244635,1.2417239503337587,1.8785944565364576
2008-03-27,0.009252509334175318,-1.0,-0.009252509334175318,-0.009252509334175318,1.2302348878928266,1.8959761692806911
2008-03-28,-0.02070518428438184,1.0,-0.02070518428438184,-0.02270518428438184,1.2023021780501442,1.856719633296938
2008-03-31,0.0125883921833152,-1.0,-0.0125883921833152,-0.0145883921833152,1.1847625223538947,1.8800927482153411
2008-04-01,0.03426878958746693,1.0,0.03426878958746693,0.03226878958746693,1.222993374898849,1.944521251008855
2008-04-02,0.01356112427294942,1.0,0.01356112427294942,0.01356112427294942,1.239578540040846,1.9708911453451772
2008-04-03,0.00015180330589004143,1.0,0.00015180330589004143,0.00015180330589004143,1.2397667121611347,1.97119033313659
2008-04-04,0.0025841435574747162,1.0,0.0025841435574747162,0.0025841435574747162,1.2429704473231376,1.9762841719365214
2008-04-07,-0.002880261079650004,1.0,-0.002880261079650004,-0.002880261079650004,1.2393903679205576,1.9705919575537643
2008-04-08,0.00593028165678966,1.0,0.00593028165678966,0.00593028165678966,1.2467403018850387,1.9822781228926625
2008-04-09,-0.0022677277749474367,1.0,-0.0022677277749474367,-0.0022677277749474367,1.2439130342743077,1.9777828557357082
2008-04-10,-0.01287883887131902,1.0,-0.01287883887131902,-0.01287883887131902,1.2278928787359553,1.9523113090142308
2008-04-11,-0.004757918382086834,1.0,-0.004757918382086834,-0.004757918382086834,1.222050664636984,1.943022371149516
2008-04-14,-0.0044728040557244775,1.0,-0.0044728040557244775,-0.0044728040557244775,1.216584671467895,1.934331612807475
2008-04-15,0.007901065587702982,1.0,0.007901065587702982,0.007901065587702982,1.226196986750157,1.9496148937486342
2008-04-16,0.03504447874554639,1.0,0.03504447874554639,0.03504447874554639,1.269168420990176,2.017938131454609
2008-04-17,-0.0005940280073420956,1.0,-0.0005940280073420956,-0.0005940280073420956,1.2684144994020736,2.0167394196874415
2008-04-18,-0.012778318408995237,1.0,-0.012778318408995237,-0.012778318408995237,1.2522062950541277,1.990968881234703
2008-04-21,0.0025586692832062496,1.0,0.0025586692832062496,0.0025586692832062496,1.2554102768375202,1.9960631121549377
2008-04-22,-0.0036030316070206903,1.0,-0.0036030316070206903,-0.0036030316070206903,1.250886993930296,1.9888712336722354
2008-04-23,0.020189391187407812,1.0,0.020189391187407812,0.020189391187407812,1.2761416407819954,2.0290253330302264
2008-04-24,-0.010633304068008886,1.0,-0.010633304068008886,-0.010633304068008886,1.2625720386817127,2.007450089702423
2008-04-25,-0.005373988543747155,1.0,-0.005373988543747155,-0.005373988543747155,1.2557869910101818,1.9966620759182179
2008-04-28,-0.0028513561469319937,1.0,-0.0028513561469319937,-0.0028513561469319937,1.2522062950541277,1.9909688812347024
2008-04-29,0.0072243041971511435,1.0,0.0072243041971511435,0.0072243041971511435,1.2612526142471863,2.0053522460798034
2008-04-30,-0.009414220418937691,1.0,-0.009414220418937691,-0.009414220418937691,1.249378904132702,1.9864734180175965
2008-05-01,0.019007479205156663,1.0,0.019007479205156663,0.019007479205156663,1.2731264476723656,2.0242312702021623
2008-05-02,0.013323496577378524,1.0,0.013323496577378524,0.013323496577378524,1.2900889435404985,2.0512011086025232
2008-05-05,-0.018991883179105273,1.0,-0.018991883179105273,-0.018991883179105273,1.265587725034122,2.012244936771093
2008-05-06,-0.0068505523410065106,1.0,-0.0068505523410065106,-0.0068505523410065106,1.2569177500816404,1.9984599475088174
2008-05-07,-0.02729062887271938,1.0,-0.02729062887271938,-0.02729062887271938,1.222615674240629,1.94392071876436
2008-05-08,0.007707878631395992,1.0,0.007707878631395992,0.007707878631395992,1.232039447470518,1.9589042237336516
2008-05-09,-0.0019886215496756066,1.0,-0.0019886215496756066,-0.0019886215496756066,1.2295893872752277,1.9550087045805842
2008-05-12,0.00705121429389477,1.0,0.00705121429389477,0.00705121429389477,1.2382594855384041,1.9687938899030115
2008-05-13,-0.014916770275404279,1.0,-0.014916770275404279,-0.014916770275404279,1.2197886532512874,1.9394258437277088
2008-05-14,0.0037085546149744353,1.0,0.0037085546149744353,0.0037085546149744353,1.2243123060905958,1.9466183103908659
2008-05-15,-0.010006265687509841,1.0,-0.010006265687509841,-0.010006265687509841,1.2120615118713653,1.9271399303849233
2008-05-16,0.0009329221828955347,-1.0,-0.0009329221828955347,-0.002932922182895535,1.208506629776164,1.928937801975523
2008-05-19,0.0251670478223307,-1.0,-0.0251670478223307,-0.0251670478223307,1.1780920856309836,1.9774834718841425
2008-05-20,-0.004394262761069578,1.0,-0.004394262761069578,-0.006394262761069578,1.1705590552787226,1.9687938899030115
2008-05-21,0.0050229117631974685,1.0,0.0050229117631974685,0.0050229117631974685,1.1764386701269993,1.9786829678919167
2008-05-22,0.008026476622001288,1.0,0.008026476622001288,0.008026476622001288,1.185881327609992,1.9945648204760533
2008-05-23,-0.016226116604668994,1.0,-0.016226116604668994,-0.016226116604668994,1.1666390789088925,1.9622007791234382
2008-05-27,0.0048873134184446165,1.0,0.0048873134184446165,0.0048873134184446165,1.1723408097337258,1.9717906693209306
2008-05-28,0.005318745917051393,1.0,0.005318745917051393,0.005318745917051393,1.1785761926288898,1.9822781228926614
2008-05-29,0.01889667645544102,1.0,0.01889667645544102,0.01889667645544102,1.2008473656190835,2.019736591225663
2008-05-30,0.0017804001061192398,1.0,0.0017804001061192398,0.0017804001061192398,1.2029853543962647,2.0233325304670142
2008-06-02,-0.015551129180952139,1.0,-0.015551129180952139,-0.015551129180952139,1.1842775737472548,1.9918674249096988
2008-06-03,-0.009929158713086528,1.0,-0.009929158713086528,-0.009929158713086528,1.1725186937571692,1.9720898571123435
2008-06-04,0.00038235952612075685,1.0,0.00038235952612075685,0.00038235952612075685,1.172967017449282,1.9728439044555766
2008-06-05,0.0088702126183684,1.0,0.0088702126183684,0.0088702126183684,1.1833714842883905,1.9903434493509495
2008-06-06,-0.029710694703487084,1.0,-0.029710694703487084,-0.029710694703487084,1.1482126953978857,1.931208962772198
2008-06-09,0.002968299559678922,-1.0,-0.002968299559678922,-0.004968299559678922,1.1425080307689226,1.9369413694860427
2008-06-10,0.005607166159782961,-1.0,-0.005607166159782961,-0.005607166159782961,1.136101798401515,1.9478021215865085
2008-06-11,-0.0061957476997079874,-1.0,0.0061957476997079874,0.0061957476997079874,1.143140798505595,1.9357340310722024
2008-06-12,0.0210413804531151,-1.0,-0.0210413804531151,-0.0210413804531151,1.119087538052761,1.9764645472760347
2008-06-13,0.029155803310991102,-1.0,-0.029155803310991102,-0.029155803310991102,1.0864596419055135,2.034089958867562
2008-06-16,-0.0038565466061791787,1.0,-0.0038565466061791787,-0.005856546606179179,1.080096740376961,2.026245396140028
2008-06-17,0.005955887938003723,1.0,0.005955887938003723,0.005955887938003723,1.0865296755248492,2.038313486654334
2008-06-18,-0.007252244245298023,1.0,-0.007252244245298023,-0.007252244245298023,1.0786498969381786,2.023531139400632
2008-06-19,0.006112990725388068,1.0,0.006112990725388068,0.006112990725388068,1.0852436737541025,2.035900966488322
2008-06-20,-0.015856799019805634,1.0,-0.015856799019805634,-0.015856799019805634,1.0680351829318682,2.003618094038489
2008-06-23,0.00707722220618523,1.0,0.00707722220618523,0.00707722220618523,1.0755939052455006,2.0177981445063327
2008-06-24,-0.012410255613001908,1.0,-0.012410255613001908,-0.012410255613001908,1.062245509945617,1.9927567537575681
2008-06-25,-0.0015141666077168603,1.0,-0.0015141666077168603,-0.0015141666077168603,1.0606370932652602,1.9897393880237262
2008-06-26,-0.03229711003972269,1.0,-0.03229711003972269,-0.03229711003972269,1.0263815803518606,1.9254765560583533
2008-06-27,-0.004700918841411439,-1.0,0.004700918841411439,0.002700918841411439,1.0291537537007107,1.9164250470372826
2008-06-30,0.03243114172854167,-1.0,-0.03243114172854167,-0.03243114172854167,0.9957771224539823,1.9785768993498758
2008-07-01,0.001981929079619249,-1.0,-0.001981929079619249,-0.001981929079619249,0.9938035628181712,1.9824982984429602
2008-07-02,0.0007610008382381572,-1.0,-0.0007610008382381572,-0.0007610008382381572,0.9930472774738225,1.984006981309881
2008-07-03,-0.013838102120693363,1.0,-0.013838102120693363,-0.015838102120693365,0.9773192932825155,1.9565520900943463
2008-07-07,-0.0029296509009708593,-1.0,0.0029296509009708593,0.0009296509009708593,0.9782278590440519,1.950820075500805
2008-07-08,0.020723489489060887,-1.0,-0.020723489489060887,-0.020723489489060887,0.9579555642892459,1.991247874830495
2008-07-09,0.016060555845523128,1.0,0.016060555845523128,0.014060555845523128,0.9714249519984645,2.0232284225264894
2008-07-10,0.015061204464162703,1.0,0.015061204464162703,0.015061204464162703,0.9860557818221027,2.0537006794758663
2008-07-11,-0.0023505825859081453,1.0,-0.0023505825859081453,-0.0023505825859081453,0.9837379762726176,2.0488732864220225
2008-07-14,-0.0063314408068417816,1.0,-0.0063314408068417816,-0.0063314408068417816,0.9775094975064053,2.035900966488322
2008-07-15,-0.009780853602294193,1.0,-0.009780853602294193,-0.009780853602294193,0.9679486202164429,2.0159881171863305
2008-07-16,-0.009428350970746568,1.0,-0.009428350970746568,-0.009428350970746568,0.9588224609033924,1.9969806736646432
2008-07-17,-0.02689240866792575,1.0,-0.02689240866792575,-0.02689240866792575,0.9330374154447921,1.9432770532865038
2008-07-18,0.012420551721173734,-1.0,-0.012420551721173734,-0.014420551721173734,0.9195825011375802,1.967413626435419
2008-07-21,0.0032203110293285153,-1.0,-0.0032203110293285153,-0.0032203110293285153,0.9166211594667893,1.97374931023588
2008-07-22,0.004891696284714753,-1.0,-0.004891696284714753,-0.004891696284714753,0.9121373271465347,1.9834042924037192
2008-07-23,-0.030118803258699645,1.0,-0.030118803258699645,-0.032118803258699646,0.8828405677909991,1.9236665287383512
2008-07-24,-0.008783162484785834,-1.0,0.008783162484785834,0.006783162484785834,0.888829018810486,1.9067706530498982
2008-07-25,-0.002056874153829824,-1.0,0.002056874153829824,0.002056874153829824,0.8906572282464512,1.9028486657763586
2008-07-28,0.005865992789811703,-1.0,-0.005865992789811703,-0.005865992789811703,0.8854326393673638,1.9140107623299054
2008-07-29,0.004886725706322093,-1.0,-0.004886725706322093,-0.004886725706322093,0.8811057729273507,1.9233640079243601
2008-07-30,0.006588331521759638,-1.0,-0.006588331521759638,-0.006588331521759638,0.875300755989569,1.9360357676455862
2008-07-31,0.005610092779499309,-1.0,-0.005610092779499309,-0.005610092779499309,0.8703902375385016,1.9468971079265072
2008-08-01,-0.05098346935242648,-1.0,0.05098346935242648,0.05098346935242648,0.914765751538697,1.8476375388922084
2008-08-04,-0.026127381330096178,-1.0,0.026127381330096178,0.026127381330096178,0.9386661851568605,1.7993636083537712
2008-08-05,-0.010730680427693096,-1.0,0.010730680427693096,0.010730680427693096,0.9487387120180605,1.780055212499306
2008-08-06,-0.030339147107519615,-1.0,0.030339147107519615,0.030339147107519615,0.9775226353685751,1.7260498555477826
2008-08-07,0.032861503860603714,-1.0,-0.032861503860603714,-0.032861503860603714,0.9453997715125831,1.7827704495394605
2008-08-08,0.01624627445994853,-1.0,-0.01624627445994853,-0.01624627445994853,0.9300405473502171,1.8117338275617645
2008-08-11,0.01065806241602374,-1.0,-0.01065806241602374,-0.01065806241602374,0.9201281171471256,1.8310433997771394
2008-08-12,-0.02718725559984203,-1.0,0.02718725559984203,0.02718725559984203,0.9451438754526059,1.7812623548529944
2008-08-13,0.017784252227640573,-1.0,-0.017784252227640573,-0.017784252227640573,0.9283351983801471,1.8129407738553012
2008-08-14,-0.01564325619723883,-1.0,0.01564325619723883,0.01564325619723883,0.9428573837253222,1.7845804768594622
2008-08-15,0.009805641685441513,-1.0,-0.009805641685441513,-0.009805641685441513,0.9336120620600389,1.8020794335743804
2008-08-18,0.007366727948176166,-1.0,-0.007366727948176166,-0.007366727948176166,0.9267343959897069,1.8153548625025262
2008-08-19,0.005816394185528262,-1.0,-0.005816394185528262,-0.005816394185528262,0.9213441434373433,1.8259136819694564
2008-08-20,0.004627066513705369,-1.0,-0.004627066513705369,-0.004627066513705369,0.9170810228036458,1.8343623060242138
2008-08-21,0.004933989730785848,-1.0,-0.004933989730785848,-0.004933989730785848,0.9125561544548341,1.8434130308046779
2008-08-22,0.0050735550078635505,-1.0,-0.0050735550078635505,-0.0050735550078635505,0.907926250607443,1.8527656882186778
2008-08-25,-0.014492931523919728,-1.0,0.014492931523919728,0.014492931523919728,0.9210847635862659,1.8259136819694566
2008-08-26,0.005122501510786748,-1.0,-0.005122501510786748,-0.005122501510786748,0.9163665054932326,1.8352669275639113
2008-08-27,0.005713120360006041,-1.0,-0.005713120360006041,-0.005713120360006041,0.9111311933534716,1.8457520284138225
2008-08-28,0.006915925951537227,-1.0,-0.006915925951537227,-0.006915925951537227,0.9048298774881033,1.8585171127672322
2008-08-29,-0.017825010884218395,-1.0,0.017825010884218395,0.017825010884218395,0.9209584799026947,1.8253890250036502
2008-09-02,-0.017648956774137026,-1.0,0.017648956774137026,0.017648956774137026,0.9372124363052724,1.7931728130053766
2008-09-03,-0.03644060365399915,-1.0,0.03644060365399915,0.03644060365399915,0.9713650232362716,1.727828513243521
2008-09-04,-0.00791535261366294,-1.0,0.00791535261366294,0.00791535261366294,0.9790537199117655,1.7141521413052574
2008-09-05,-0.023758802908524057,-1.0,0.023758802908524057,0.023758802908524057,1.0023148642800064,1.6734259384247614
2008-09-08,0.015618958889164425,-1.0,-0.015618958889164425,-0.015618958889164425,0.9866597496208186,1.6995631093610792
2008-09-09,-0.03165247364620272,-1.0,0.03165247364620272,0.03165247364620272,1.0178899713434606,1.6457677328319693
2008-09-10,0.011634226402569947,-1.0,-0.011634226402569947,-0.011634226402569947,1.0060476089639454,1.6649149672417807
2008-09-11,0.011865836663778495,-1.0,-0.011865836663778495,-0.011865836663778495,0.9941100123599943,1.6846705763021517
2008-09-12,0.009922234438130006,-1.0,-0.009922234438130006,-0.009922234438130006,0.9842462197600661,1.7013862727112412
2008-09-15,-0.045194684092737414,-1.0,0.045194684092737414,0.045194684092737414,1.0287289167315934,1.6244926575963368
2008-09-16,-0.008980428292893139,-1.0,0.008980428292893139,0.008980428292893139,1.0379673430011271,1.6099040177724615
2008-09-17,-0.05569128354716124,-1.0,0.05569128354716124,0.05569128354716124,1.0957730766128966,1.5202463966349813
2008-09-18,0.052378523827668166,-1.0,-0.052378523827668166,-0.052378523827668166,1.0383781004098107,1.5998746587450534
2008-09-19,0.0632601487612654,-1.0,-0.0632601487612654,-0.0632601487612654,0.9726901473074459,1.7010829676566441
2008-09-22,-0.04234450687225888,-1.0,0.04234450687225888,0.04234450687225888,1.0138782319346844,1.6290514482424248
2008-09-23,-0.006529896664278501,-1.0,0.006529896664278501,0.006529896664278501,1.0204987520193791,1.6184139106246085
2008-09-24,0.009389763783104632,-1.0,-0.009389763783104632,-0.009389763783104632,1.0109165097969641,1.6336104349486642
2008-09-25,0.031628179386211874,-1.0,-0.031628179386211874,-0.031628179386211874,0.9789430610806226,1.6852785588324082
2008-09-26,-0.0023446547014899233,-1.0,0.0023446547014899233,0.0023446547014899233,0.9812383445312761,1.6813271625361217
2008-09-29,-0.0670641291632228,-1.0,0.0670641291632228,0.0670641291632228,1.0470442396088286,1.5685704205421644
2008-09-30,-0.025383118835116236,-1.0,0.025383118835116236,0.025383118835116236,1.0736214879684434,1.5287552111562945
2008-10-01,-0.0021865040923689794,-1.0,0.0021865040923689794,0.0021865040923689794,1.0759689657455416,1.5254125816308708
2008-10-02,-0.03685994275692306,-1.0,0.03685994275692306,0.03685994275692306,1.115629120231148,1.4691859611912668
2008-10-03,0.0012412679869759913,-1.0,-0.0012412679869759913,-0.0012412679869759913,1.1142443255188668,1.4710096146918081
2008-10-06,-0.0723141350914922,-1.0,0.0723141350914922,0.0723141350914922,1.1948199401993667,1.3646348266941009
2008-10-07,-0.03162542231559007,-1.0,0.03162542231559007,0.03162542231559007,1.2326066253992598,1.3214776739933378
2008-10-08,-0.05128836247245894,-1.0,0.05128836247245894,0.05128836247245894,1.2958250007886916,1.2537012480503056
2008-10-09,-0.05212118747871697,-1.0,0.05212118747871697,0.05212118747871697,1.3633649385944078,1.1883568502583741
2008-10-10,-0.05166225746285591,-1.0,0.05166225746285591,0.05166225746285591,1.4337994490679027,1.1269636527025775
2008-10-13,0.13942848971142485,-1.0,-0.13942848971142485,-0.13942848971142485,1.233886957335292,1.2840944927585685
2008-10-14,0.005443398858766546,-1.0,-0.005443398858766546,-0.005443398858766546,1.2271704184798862,1.2910843312549989
2008-10-15,-0.11746683140110525,-1.0,0.11746683140110525,0.11746683140110525,1.3713222391278865,1.1394247457908593
2008-10-16,0.0821548012185267,-1.0,-0.0821548012185267,-0.0821548012185267,1.25866153316579,1.2330339592847777
2008-10-17,0.03081128426277413,-1.0,-0.03081128426277413,-0.03081128426277413,1.2198805548767997,1.2710253191099548
2008-10-20,0.1126258294309117,-1.0,-0.1126258294309117,-0.1126258294309117,1.0824904955771593,1.4141755999024026
2008-10-21,-0.061465751685020664,-1.0,0.061465751685020664,0.061465751685020664,1.1490265875796997,1.3272522336397863
2008-10-22,-0.05472894148007623,-1.0,0.05472894148007623,0.05472894148007623,1.2119115964504008,1.254613123815614
2008-10-23,0.08769372868018555,-1.0,-0.08769372868018555,-0.08769372868018555,1.1056345497269089,1.3646348266941004
2008-10-24,-0.037861659861271546,-1.0,0.037861659861271546,0.037861659861271546,1.1474957089795392,1.3129674870509631
2008-10-27,-0.05833314729805472,-1.0,0.05833314729805472,0.05833314729805472,1.2144327451953285,1.2363779612312624
2008-10-28,0.10963579718766647,-1.0,-0.10963579718766647,-0.10963579718766647,1.0812874430450325,1.3719292446361138
2008-10-29,0.0013293335190189826,-1.0,-0.0013293335190189826,-0.0013293335190189826,1.0798500514032985,1.373752996166731
2008-10-30,0.04646026745329368,-1.0,-0.04646026745329368,-0.04646026745329368,1.0296799292056482,1.4375779277834009
2008-10-31,-0.0012687643261058978,-1.0,0.0012687643261058978,0.0012687643261058978,1.0309863503671317,1.435753980192632
2008-11-03,-0.013971269808062958,-1.0,0.013971269808062958,0.013971269808062958,1.045390538836541,1.4156946739573604
2008-11-04,0.01610165806271846,-1.0,-0.01610165806271846,-0.01610165806271846,1.028558017838194,1.4384897055186334
2008-11-05,-0.028523651040962772,-1.0,0.028523651040962772,0.028523651040962772,1.057896247814395,1.3974587271324026
2008-11-06,-0.050891563398255624,-1.0,0.050891563398255624,0.050891563398255624,1.111734241778818,1.3263398677240983
2008-11-07,0.0751600451975798,-1.0,-0.0751600451975798,-0.0751600451975798,1.028176245919025,1.4260276321295935
2008-11-10,-0.030476520051986533,-1.0,0.030476520051986533,0.030476520051986533,1.0595114798947523,1.382567272404309
2008-11-11,-0.024401529804549904,-1.0,0.024401529804549904,0.024401529804549904,1.085365180849667,1.34883051589994
2008-11-12,-0.024560600737505545,-1.0,0.024560600737505545,0.024560600737505545,1.1120224017109062,1.315702428136358
2008-11-13,0.10972545668802747,-1.0,-0.10972545668802747,-0.10972545668802747,0.9900052358358599,1.4600684779291666
2008-11-14,-0.015403763923226732,1.0,-0.015403763923226732,-0.017403763923226734,0.9727754184286141,1.4375779277834007
2008-11-17,-0.03530691672266295,-1.0,0.03530691672266295,0.03330691672266295,1.0051755682800696,1.3868214836048138
2008-11-18,0.021915475745990287,-1.0,-0.021915475745990287,-0.021915475745990287,0.9831466674929658,1.4172143361927734
2008-11-19,-0.04203360131546563,-1.0,0.04203360131546563,0.04203360131546563,1.0244718625489937,1.3576437138066841
2008-11-20,-0.03738438820219747,-1.0,0.03738438820219747,0.03738438820219747,1.0627711163607534,1.306889034169462
2008-11-21,0.12488321841387662,-1.0,-0.12488321841387662,-0.12488321841387662,0.9300488389123139,1.470097542866347
2008-11-24,-0.00020631627885447923,1.0,-0.00020631627885447923,-0.0022063162788544793,0.927996857018892,1.4697942378117497
2008-11-25,0.0011473792392187043,1.0,0.0011473792392187043,0.0011473792392187043,0.9290616213466957,1.471480649206138
2008-11-26,0.010215114724344332,1.0,0.010215114724344332,0.010215114724344332,0.9385520923947376,1.4865119928524315
2008-11-28,0.006190518019319136,1.0,0.006190518019319136,0.006190518019319136,0.9443622160347769,1.4957142721301184
2008-12-01,-0.07095954385809455,1.0,-0.07095954385809455,-0.07095954385809455,0.8773507039481298,1.3895790696377233
2008-12-02,0.010816416024010733,-1.0,-0.010816416024010733,-0.012816416024010733,0.8661062123273718,1.4046093349531827
2008-12-03,0.024677787416011787,1.0,0.024677787416011787,0.022677787416011785,0.8857475848902191,1.439271985523703
2008-12-04,-0.049871600781994596,1.0,-0.049871600781994596,-0.049871600781994596,0.8415739349429582,1.3674931876449563
2008-12-05,0.0397037046807569,-1.0,-0.0397037046807569,-0.0417037046807569,0.8064771840930746,1.4217877333201585
2008-12-08,-0.011435446969084273,1.0,-0.011435446969084273,-0.013435446969084273,0.7956418026544156,1.4055289550944814
2008-12-09,-0.008511178755468474,1.0,-0.008511178755468474,-0.008511178755468474,0.7888699530467007,1.3935662469116854
2008-12-10,-0.0022010873751494575,1.0,-0.0022010873751494575,-0.0022010873751494575,0.7871335813524148,1.3904988858391736
2008-12-11,0.0075007696829991755,1.0,0.0075007696829991755,0.0075007696829991755,0.7930376890558936,1.4009286977263202
2008-12-12,0.013576002191618919,1.0,0.013576002191618919,0.013576002191618919,0.8038039704605527,1.4199477087969545
2008-12-15,-0.019875018096535135,1.0,-0.019875018096535135,-0.019875018096535135,0.7878283520015824,1.3917262223884814
2008-12-16,0.05774712858715736,1.0,0.05774712858715736,0.05774712858715736,0.8333231771492261,1.4720944155108677
2008-12-17,-0.01354426383369034,1.0,-0.01354426383369034,-0.01354426383369034,0.8220364281791879,1.4521559803590864
2008-12-18,0.0627378425384848,1.0,0.0627378425384848,0.0627378425384848,0.8736092201711922,1.5432611135961738
2008-12-19,0.0015896860589181827,1.0,0.0015896860589181827,0.0015896860589181827,0.8749979845694408,1.5457144142737282
2008-12-22,0.010716933296219588,1.0,0.010716933296219588,0.010716933296219588,0.8843752796043981,1.562279732546505
2008-12-23,-0.02572169877413444,1.0,-0.02572169877413444,-0.02572169877413444,0.8616276450591228,1.5220952438650084
2008-12-24,0.010882138833459676,1.0,0.010882138833459676,0.010882138833459676,0.8710039967154031,1.5386588956264962
2008-12-26,-0.0029899748875239496,1.0,-0.0029899748875239496,-0.0029899748875239496,0.8683997166382911,1.5340583441681077
2008-12-29,-0.017796638654817842,1.0,-0.017796638654817842,-0.017796638654817842,0.8529451206733332,1.5067572621415397
2008-12-30,0.009364909351162076,1.0,0.009364909351162076,0.009364909351162076,0.8609328744099549,1.5208679073157003
2008-12-31,0.015127399568617417,1.0,0.015127399568617417,0.015127399568617417,0.8739565500029126,1.543874683840752
2009-01-02,0.026425250127150912,1.0,0.026425250127150912,0.026425250127150912,0.8970510704370015,1.58467195852622
2009-01-05,0.00541998932147969,1.0,0.00541998932147969,0.00541998932147969,0.9019130776595919,1.5932608636194803
2009-01-06,-0.014054399076194768,1.0,-0.014054399076194768,-0.014054399076194768,0.889237231334125,1.5708685396096893
2009-01-07,-0.010935542920204044,1.0,-0.010935542920204044,-0.010935542920204044,0.8795129394246273,1.5536902392727894
2009-01-08,0.008884595344674784,1.0,0.008884595344674784,0.008884595344674784,0.8873270559918206,1.5674941483396991
2009-01-09,-0.021135238169570636,1.0,-0.021135238169570636,-0.021135238169570636,0.8685731873291296,1.5343647861851313
2009-01-12,-0.0059975159692255975,1.0,-0.0059975159692255975,-0.0059975159692255975,0.863363905767682,1.5251624088773685
2009-01-13,-0.009452885238544817,1.0,-0.009452885238544817,-0.009452885238544817,0.8552026258473583,1.5107452236561083
2009-01-14,-0.01868102589845022,1.0,-0.01868102589845022,-0.01868102589845022,0.8392265634454812,1.4825229530070285
2009-01-15,0.0022762462620207202,1.0,0.0022762462620207202,0.0022762462620207202,0.8411368497735124,1.4858975403371706
2009-01-16,0.028695896333765347,1.0,0.028695896333765347,0.028695896333765347,0.8652740256171231,1.5285367021172829
2009-01-20,-0.0006017625878240729,1.0,-0.0006017625878240729,-0.0006017625878240729,0.8647533360802908,1.5276168859158328
2009-01-21,-0.015863935040070554,1.0,-0.015863935040070554,-0.015863935040070554,0.8510349453310287,1.503382870871549
2009-01-22,-0.00734555799825698,1.0,-0.00734555799825698,-0.00734555799825698,0.8447836187815562,1.4923396847999761
2009-01-23,-0.014388748183374878,1.0,-0.014388748183374878,-0.014388748183374878,0.8326282400214682,1.4708667848713322
2009-01-26,0.020647363678533592,1.0,0.020647363678533592,0.020647363678533592,0.8498198181022087,1.501236306301246
2009-01-27,0.03759661560197247,1.0,0.03759661560197247,0.03759661560197247,0.8817701671343356,1.5576777106369788
2009-01-28,0.01378482313867635,1.0,0.01378482313867635,0.01378482313867635,0.8939252129372436,1.5791500223851678
2009-01-29,-0.006021665630382089,1.0,-0.006021665630382089,-0.006021665630382089,0.8885422942063674,1.569640908970154
2009-01-30,0.007425946940480932,1.0,0.007425946940480932,0.007425946940480932,0.8951405621375171,1.5812969790757745
2009-02-02,-0.013384884617456683,1.0,-0.013384884617456683,-0.013384884617456683,0.8831592089969011,1.5601315014649124
2009-02-03,0.026347006643177018,1.0,0.026347006643177018,0.026347006643177018,0.9064278105433254,1.6012362964982383
2009-02-04,0.014368010839632461,1.0,0.014368010839632461,0.014368010839632461,0.9194513751505563,1.6242428769631378
2009-02-05,-0.004532609499939055,1.0,-0.004532609499939055,-0.004532609499939055,0.9152838611128169,1.6168808182688064
2009-02-06,-0.00664010221586131,1.0,-0.00664010221586131,-0.00664010221586131,0.9092062827184996,1.606144564364636
2009-02-09,-0.005729787755302307,1.0,-0.005729787755302307,-0.005729787755302307,0.9039967236927352,1.596941696906494
2009-02-10,-0.029773318197968357,1.0,-0.029773318197968357,-0.029773318197968357,0.8770817415883105,1.5493954436208934
2009-02-11,0.00613743219287044,1.0,0.00613743219287044,0.00613743219287044,0.8824647713049135,1.5589047530960591
2009-02-12,-0.003934962660458563,1.0,-0.003934962660458563,-0.003934962660458563,0.8789923053806585,1.5527705211014147
2009-02-13,0.005728567698350506,1.0,0.005728567698350506,0.005728567698350506,0.8840276723083608,1.5616656721515472
2009-02-17,-0.0412489897507764,1.0,-0.0412489897507764,-0.0412489897507764,0.8475624239139105,1.4972485408468286
2009-02-18,-0.008400444198293222,-1.0,0.008400444198293222,0.006400444198293222,0.8529871999127416,1.4846709880284688
2009-02-19,0.030785029781335904,-1.0,-0.030785029781335904,-0.030785029781335904,0.8267279635603295,1.5303766286104106
2009-02-20,-0.018039180216736672,1.0,-0.018039180216736672,-0.020039180216736674,0.8101610129083283,1.5027698888074255
2009-02-23,-0.02286192238038598,-1.0,0.02286192238038598,0.020861922380385978,0.8270625290752367,1.468413680253929
2009-02-24,0.02569440216363783,-1.0,-0.02569440216363783,-0.02569440216363783,0.8058116518387022,1.5061436918969608
2009-02-25,-0.02482130744024158,-1.0,0.02482130744024158,0.02482130744024158,0.8258129505879195,1.4687592362712059
2009-02-26,-0.03057791628380946,-1.0,0.03057791628380946,0.03057791628380946,0.8510645898570824,1.423847639303433
2009-02-27,-0.013922242264847173,-1.0,0.013922242264847173,0.013922242264847173,0.8629133172601057,1.4040244875208199
2009-03-02,-0.020075148098588347,-1.0,0.020075148098588347,0.020075148098588347,0.8802364299003465,1.375838487999795
2009-03-03,-0.02521414355297147,-1.0,0.02521414355297147,0.02521414355297147,0.9024308376044088,1.3411478988576648
2009-03-04,0.03048530719720155,-1.0,-0.03048530719720155,-0.03048530719720155,0.8749199562958104,1.3820332045512222
2009-03-05,-0.03922002563048954,-1.0,0.03922002563048954,0.03922002563048954,0.9092343394063589,1.3278298268465356
2009-03-06,-0.0011661758505475683,-1.0,0.0011661758505475683,0.0011661758505475683,0.9102946665354631,1.3262813437688303
2009-03-09,-0.024288192816038,-1.0,0.024288192816038,0.024288192816038,0.9324040789156876,1.294068366763059
2009-03-10,0.038774831206279003,-1.0,-0.038774831206279003,-0.038774831206279003,0.8962502681396857,1.3442456492536818
2009-03-11,0.008295373067541467,-1.0,-0.008295373067541467,-0.008295373067541467,0.8888155378035829,1.3553966684086607
2009-03-12,0.017824246266273658,-1.0,-0.017824246266273658,-0.017824246266273658,0.8729730707724814,1.3795555924148635
2009-03-13,0.015042657885837585,-1.0,-0.015042657885837585,-0.015042657885837585,0.8598412355253019,1.4003077752260542
2009-03-16,0.03185172205537046,-1.0,-0.03185172205537046,-0.03185172205537046,0.8324538114796036,1.4449099892745287
2009-03-17,0.03301132687665009,-1.0,-0.03301132687665009,-0.03301132687665009,0.8049734065991372,1.4926083852378071
2009-03-18,0.03610725714689167,-1.0,-0.03610725714689167,-0.03610725714689167,0.7759080248106528,1.5465023800231954
2009-03-19,-0.0004004869485182416,1.0,-0.0004004869485182416,-0.0024004869485182417,0.7740454677238443,1.5458830260041436
2009-03-20,-0.011220410163254035,1.0,-0.011220410163254035,-0.011220410163254035,0.765360360090975,1.5285375843879647
2009-03-23,0.03140855141148613,1.0,0.03140855141148613,0.03140855141148613,0.7893992203092058,1.576546735691603
2009-03-24,0.003929232404667138,1.0,0.003929232404667138,0.003929232404667138,0.7925009533058638,1.5827413542129547
2009-03-25,0.012132445596030106,1.0,0.012132445596030106,0.012132445596030106,0.8021159280066492,1.6019438775855304
2009-03-26,0.0009674230729148636,1.0,0.0009674230729148636,0.0009674230729148636,0.8028919134625554,1.6034936350542213
2009-03-27,-0.02472501338863231,1.0,-0.02472501338863231,-0.02472501338863231,0.7830404001525691,1.5638472334589189
2009-03-30,-0.01980520072772507,1.0,-0.01980520072772507,-0.01980520072772507,0.7675321278496293,1.5328749250927673
2009-03-31,0.025054835451437496,1.0,0.025054835451437496,0.025054835451437496,0.7867625190165934,1.5712808541086012
2009-04-01,0.008673331145987673,1.0,0.008673331145987673,0.008673331145987673,0.7935863708772758,1.5849090932796355
2009-04-02,0.005081218092008788,1.0,0.005081218092008788,0.005081218092008788,0.797618756302549,1.592962362038597
2009-04-03,0.02799892502835899,1.0,0.02799892502835899,0.02799892502835899,0.819951224061477,1.6375635957863135
2009-04-06,-0.024777269351522913,1.0,-0.024777269351522913,-0.024777269351522913,0.7996350717277949,1.5969892414932676
2009-04-07,0.0038788128938225253,1.0,0.0038788128938225253,0.0038788128938225253,0.8027367065543654,1.6031836639544674
2009-04-08,0.01661514205884096,1.0,0.01661514205884096,0.01661514205884096,0.8160742909696123,1.629820788277484
2009-04-09,-0.005700925349287123,1.0,-0.005700925349287123,-0.005700925349287123,0.8114219123573221,1.6205293016307978
2009-04-13,-0.03325685048763105,1.0,-0.03325685048763105,-0.03325685048763105,0.784436575135667,1.5666356009356373
2009-04-14,-0.0075129654124888035,1.0,-0.0075129654124888035,-0.0075129654124888035,0.7785431302783815,1.5548655218518341
2009-04-15,0.00677222592344906,1.0,0.00677222592344906,0.00677222592344906,0.783815600247776,1.5653954224463962
2009-04-16,0.001781003902552758,1.0,0.001781003902552758,0.001781003902552758,0.785211578890699,1.5681833978028115
2009-04-17,0.006913125129633935,1.0,0.006913125129633935,0.006913125129633935,0.7906398447888079,1.579024445858037
2009-04-20,-0.00863129348465197,1.0,-0.00863129348465197,-0.00863129348465197,0.783815600247776,1.5653954224463962
2009-04-21,0.007123639870991294,1.0,0.007123639870991294,0.007123639870991294,0.789399220309206,1.5765467356916025
2009-04-22,-0.010805933190053407,1.0,-0.010805933190053407,-0.010805933190053407,0.7808690250742644,1.5595106769947222
2009-04-23,0.004965272635520712,1.0,0.004965272635520712,0.004965272635520712,0.7847462526763913,1.5672540726840065
2009-04-24,-0.0015809869246451447,1.0,-0.0015809869246451447,-0.0015809869246451447,0.7835055791117457,1.5647762644874963
2009-04-27,0.015043910597319687,1.0,0.015043910597319687,0.015043910597319687,0.7952925669964039,1.588316618715254
2009-04-28,0.058307256853022515,1.0,0.058307256853022515,0.058307256853022515,0.8416638949735629,1.6809270037666084
2009-04-29,-0.007555000409982915,1.0,-0.007555000409982915,-0.007555000409982915,0.8353051239019698,1.6682275995640004
2009-04-30,-0.001299837790586067,1.0,-0.001299837790586067,-0.001299837790586067,0.8342193627352518,1.6660591742867883
2009-05-01,0.04201551620945643,1.0,0.04201551620945643,0.04201551620945643,0.8692695198924971,1.7360595105299483
2009-05-04,0.027653923683039983,1.0,0.027653923683039983,0.027653923683039983,0.893308232855597,1.7840683677433593
2009-05-05,0.0062498372180657125,1.0,0.0062498372180657125,0.0062498372180657125,0.8988912638965024,1.7952185046276554
2009-05-06,-0.019841056617027397,1.0,-0.019841056617027397,-0.019841056617027397,0.8810563114369806,1.759599472637403
2009-05-07,-0.008273504662056896,1.0,-0.008273504662056896,-0.008273504662056896,0.873766887936772,1.7450414181971845
2009-05-08,0.014554620893269199,1.0,0.014554620893269199,0.014554620893269199,0.8864842337397834,1.7704398344820973
2009-05-11,-0.0008748533374823841,1.0,-0.0008748533374823841,-0.0008748533374823841,0.8857086900492706,1.768890959284089
2009-05-12,0.013132738909698682,1.0,0.013132738909698682,0.013132738909698682,0.8973404710257389,1.7921213424120932
2009-05-13,-0.04061518022035804,1.0,-0.04061518022035804,-0.04061518022035804,0.8608948260760075,1.719334011113276
2009-05-14,-0.00846692159037643,1.0,-0.00846692159037643,-0.00846692159037643,0.8536056970860613,1.7047765448535126
2009-05-15,-0.010901338225550727,1.0,-0.010901338225550727,-0.010901338225550727,0.8443002526708691,1.6861921991390787
2009-05-18,-0.0011021603459009377,1.0,-0.0011021603459009377,-0.0011021603459009377,0.8433696984123411,1.68433374496162
2009-05-19,0.023722302533272677,1.0,0.023722302533272677,0.023722302533272677,0.8633763695454736,1.7242900196265998
2009-05-20,-0.031435640946893106,1.0,-0.031435640946893106,-0.031435640946893106,0.83623557999041,1.6700858576813067
2009-05-21,-0.015949436455827914,1.0,-0.015949436455827914,-0.015949436455827914,0.8228980937452506,1.6434489294184418
2009-05-22,0.008481251903548426,1.0,0.008481251903548426,0.008481251903548426,0.8298772997692538,1.6573874337794565
2009-05-26,0.027471696809733936,1.0,0.027471696809733936,0.027471696809733936,0.8526754373377955,1.7029186788565087
2009-05-27,-0.011459301759962792,1.0,-0.011459301759962792,-0.011459301759962792,0.8429043721980335,1.6834044198428149
2009-05-28,0.020791475773287882,1.0,0.020791475773287882,0.020791475773287882,0.8604295980317873,1.7184048820546225
2009-05-29,0.018925387138974292,1.0,0.018925387138974292,0.018925387138974292,0.8767135612803709,1.7509263597090097
2009-06-01,0.029542054319792177,1.0,0.029542054319792177,0.029542054319792177,0.9026134809306141,1.8026523213374892
2009-06-02,-0.008762849147914586,1.0,-0.008762849147914586,-0.008762849147914586,0.8947040151583451,1.7868559509794708
2009-06-03,-0.024765589382711894,1.0,-0.024765589382711894,-0.024765589382711894,0.8725461428998699,1.742603410211458
2009-06-04,-0.003942459732140913,1.0,-0.003942459732140913,-0.003942459732140913,0.8691061648670523,1.735733266437608
2009-06-05,-0.008995980488113453,1.0,-0.008995980488113453,-0.008995980488113453,0.8612877027658091,1.7201186438401659
2009-06-08,0.005265333724362664,1.0,0.005265333724362664,0.005265333724362664,0.8658226699535608,1.7291756425454825
2009-06-09,-0.0057795020147131115,1.0,-0.0057795020147131115,-0.0057795020147131115,0.8608186460881799,1.719181868435598
2009-06-10,0.0030882764668884732,1.0,0.0030882764668884732,0.0030882764668884732,0.8634770920551529,1.724491177342189
2009-06-11,0.023542118472326123,1.0,0.023542118472326123,0.023542118472326123,0.883805172054455,1.76508935294366
2009-06-12,0.015392219860610012,1.0,0.015392219860610012,0.015392219860610012,0.8974088955766614,1.7922579963377907
2009-06-15,-0.015681569760674807,1.0,-0.015681569760674807,-0.015681569760674807,0.8833361153768258,1.7641525775390925
2009-06-16,0.004602569655069555,1.0,0.004602569655069555,0.004602569655069555,0.8874017313766862,1.7722722126593866
2009-06-17,-0.0007049116255215537,1.0,-0.0007049116255215537,-0.0007049116255215537,0.8867761915797309,1.7710229173730943
2009-06-18,0.01833863810698011,1.0,0.01833863810698011,0.01833863810698011,0.9030384592389976,1.8035010657339676
2009-06-19,-0.012121260876385653,1.0,-0.012121260876385653,-0.012121260876385653,0.8920924944931524,1.7816403588253666
2009-06-22,0.0024538876771129647,1.0,0.0024538876771129647,0.0024538876771129647,0.8942815892722341,1.7860123041469353
2009-06-23,-0.00454590761832252,1.0,-0.00454590761832252,-0.00454590761832252,0.8902162677826359,1.777893257207096
2009-06-24,0.00913388591503339,1.0,0.00913388591503339,0.00913388591503339,0.8983474016122692,1.7941323313875328
2009-06-25,0.0008706220833558653,1.0,0.0008706220833558653,0.0008706220833558653,0.8991295226986382,1.7956943426157015
2009-06-26,-0.014086852180312137,1.0,-0.014086852180312137,-0.014086852180312137,0.8864636180214279,1.7703986618502514
2009-06-29,0.016404878251360167,1.0,0.016404878251360167,0.016404878251360167,0.9010059457493297,1.7994418363542757
2009-06-30,-0.013190660414475475,1.0,-0.013190660414475475,-0.013190660414475475,0.889121082287527,1.7757060101553264
2009-07-01,0.0017593128808885972,1.0,0.0017593128808885972,0.0017593128808885972,0.890685324460265,1.778830032611664
2009-07-02,-0.029143560715402472,1.0,-0.029143560715402472,-0.029143560715402472,0.8647275826285393,1.7269885915538645
2009-07-06,0.007414573916016964,-1.0,-0.007414573916016964,-0.009414573916016964,0.8565865408846642,1.7397934761180587
2009-07-07,-0.02261732155901197,1.0,-0.02261732155901197,-0.024617321559011973,0.8354996745645847,1.7004440076224254
2009-07-08,-0.005693253129542386,-1.0,0.005693253129542386,0.003693253129542386,0.838585386352402,1.6907629494544174
2009-07-09,0.006095183097268642,-1.0,-0.006095183097268642,-0.006095183097268642,0.8334740548798903,1.7010684592054202
2009-07-10,-0.0031209307053801094,-1.0,0.0031209307053801094,0.0031209307053801094,0.8360752696499026,1.6957595424191323
2009-07-13,0.017495415750394816,-1.0,-0.017495415750394816,-0.017495415750394816,0.8214477852087542,1.7254275606264542
2009-07-14,0.018280663794027152,-1.0,-0.018280663794027152,-0.018280663794027152,0.8064311744230047,1.7569695217632149
2009-07-15,0.020440490192358718,1.0,0.020440490192358718,0.018440490192358716,0.8213021605857644,1.792882840041089
2009-07-16,-0.0006965893911732302,1.0,-0.0006965893911732302,-0.0006965893911732302,0.8207300502137528,1.7916339368750998
2009-07-17,-0.009586695826359404,1.0,-0.009586695826359404,-0.009586695826359404,0.8128619608668008,1.7744580872900955
2009-07-20,0.021647231448150395,1.0,0.021647231448150395,0.021647231448150395,0.8304581718690819,1.8128701922007064
2009-07-21,0.011541448115503172,1.0,0.011541448115503172,0.011541448115503172,0.8400428617718045,1.8337933394641333
2009-07-22,-0.004427460153286322,1.0,-0.004427460153286322,-0.004427460153286322,0.8363236054742572,1.825674292524294
2009-07-23,0.023605944581970073,1.0,0.023605944581970073,0.023605944581970073,0.8560658141576759,1.86877105869835
2009-07-24,0.003509266681921197,1.0,0.003509266681921197,0.003509266681921197,0.8590699773968312,1.8753290747107787
2009-07-27,-0.0001664389283089207,1.0,-0.0001664389283089207,-0.0001664389283089207,0.858926994710451,1.8750169469493572
2009-07-28,-0.04913390295873532,1.0,-0.04913390295873532,-0.04913390295873532,0.8167245591037096,1.7828900462319632
2009-07-29,0.0028025244603697708,1.0,0.0028025244603697708,0.0028025244603697708,0.8190134496579824,1.7878866391966781
2009-07-30,0.005065427710188031,1.0,0.005065427710188031,0.005065427710188031,0.8231621030808967,1.79694304972154
2009-07-31,-0.01511980451408712,1.0,-0.01511980451408712,-0.01511980451408712,0.8107160529989087,1.7697736220868028
2009-08-03,0.005999432571440755,1.0,0.005999432571440755,0.005999432571440755,0.8155798892934603,1.780391259599227
2009-08-04,-0.0105244645815884,1.0,-0.0105244645815884,-0.0105244645815884,0.8069963476351355,1.7616535948462055
2009-08-05,0.0010632956980374253,-1.0,-0.0010632956980374253,-0.0030632956980374253,0.8045242791950928,1.7635267535350376
2009-08-06,0.009208405944529208,-1.0,-0.009208405944529208,-0.009208405944529208,0.7971158930400347,1.7797660237756259
2009-08-07,-0.002982378815317155,1.0,-0.002982378815317155,-0.004982378815317155,0.7931443597011995,1.7744580872900961
2009-08-10,0.0073920124456112735,1.0,0.0073920124456112735,0.0073920124456112735,0.7990072926792771,1.7875749035555601
2009-08-11,0.004192166214312287,1.0,0.004192166214312287,0.004192166214312287,0.8023568640566362,1.7950687146717983
2009-08-12,0.006785169114248424,1.0,0.006785169114248424,0.006785169114248424,0.8078009910692385,1.807248559472543
2009-08-13,-0.014169717005971139,1.0,-0.014169717005971139,-0.014169717005971139,0.7963546796286444,1.781640358825368
2009-08-14,-0.00403126899303452,1.0,-0.00403126899303452,-0.00403126899303452,0.7931443597011995,1.7744580872900964
2009-08-17,-0.007039327866280365,-1.0,0.007039327866280365,0.005039327866280365,0.7971412741750248,1.7619670950286885
2009-08-18,0.009747999025244702,-1.0,-0.009747999025244702,-0.009747999025244702,0.7893707418113843,1.7791427485535414
2009-08-19,0.0035100657073896535,1.0,0.0035100657073896535,0.0015100657073896535,0.7905627434990105,1.78538765650379
2009-08-20,0.0029738667383532036,1.0,0.0029738667383532036,0.0029738667383532036,0.7929137717464834,1.7906971614705331
2009-08-21,0.01203307812736254,1.0,0.01203307812736254,0.01203307812736254,0.8024549651101706,1.8122447603169545
2009-08-24,0.002412880234461401,1.0,0.002412880234461401,0.002412880234461401,0.8043911928345303,1.8166174898791294
2009-08-25,-0.006016979124856658,1.0,-0.006016979124856658,-0.006016979124856658,0.7995511878190263,1.8056869403646771
2009-08-26,-0.015118250414609902,1.0,-0.015118250414609902,-0.015118250414609902,0.7874633727422795,1.7783881130298531
2009-08-27,-0.0019473851030110678,-1.0,0.0019473851030110678,-5.261489698893222e-05,0.7874219404380401,1.7749249065111667
2009-08-28,0.0005326434080517028,-1.0,-0.0005326434080517028,-0.0005326434080517028,0.7870025253321106,1.7758703085624068
2009-08-31,-0.0039016169850834004,-1.0,0.0039016169850834004,0.0039016169850834004,0.7900731077522498,1.7689415428032145
2009-09-01,-0.0035599005723837562,-1.0,0.0035599005723837562,0.0035599005723837562,0.7928856894607621,1.7626442867924759
2009-09-02,-0.00911035019427553,-1.0,0.00911035019427553,0.00911035019427553,0.8001091557557792,1.7465859800718573
2009-09-03,-0.0009015067656785725,-1.0,0.0009015067656785725,0.0009015067656785725,0.8008304595729744,1.745011420993983
2009-09-04,-0.005232580871755266,-1.0,0.005232580871755266,0.005232580871755266,0.805020869717255,1.7358805076114956
2009-09-08,-0.011427163157671227,-1.0,0.011427163157671227,0.011427163157671227,0.8142199745408444,1.7160443178287978
2009-09-09,-0.008074247752849928,-1.0,0.008074247752849928,0.008074247752849928,0.8207941883406064,1.7021885508517778
2009-09-10,0.0011102317664963834,-1.0,-0.0011102317664963834,-0.0011102317664963834,0.819882916558955,1.7040783746534998
2009-09-11,-0.012934197461690111,-1.0,0.012934197461690111,0.012934197461690111,0.8304874440971949,1.6820374884655354
2009-09-14,0.028453731826229234,-1.0,-0.028453731826229234,-0.028453731826229234,0.8068569770778028,1.7298977320839979
2009-09-15,-0.010374801902371944,-1.0,0.010374801902371944,0.010374801902371944,0.8152279583785317,1.711950385802264
2009-09-16,0.014346017945291889,-1.0,-0.014346017945291889,-0.014346017945291889,0.8035326834581296,1.7365100567584326
2009-09-17,-0.0036264990498504623,-1.0,0.0036264990498504623,0.0036264990498504623,0.8064466939712143,1.7302126046875423
2009-09-18,0.0014559926807160561,-1.0,-0.0014559926807160561,-0.0014559926807160561,0.8052725134874045,1.7327317815760501
2009-09-21,-0.001090095721131057,-1.0,0.001090095721131057,0.001090095721131057,0.8061503376087016,1.7308429380750863
2009-09-22,-0.012188775823442355,-1.0,0.012188775823442355,0.012188775823442355,0.8159763233538065,1.7097460815173007
2009-09-23,-0.007919024993698787,-1.0,0.007919024993698787,0.007919024993698787,0.8224380602527118,1.6962065595648865
2009-09-24,0.0012997806150638613,-1.0,-0.0012997806150638613,-0.0012997806150638613,0.8213690712049047,1.6984112559701532
2009-09-25,0.008342197962414755,-1.0,-0.008342197962414755,-0.008342197962414755,0.8145170478127086,1.7125797388890496
2009-09-28,0.01048005768994531,-1.0,-0.01048005768994531,-0.01048005768994531,0.8059808621621875,1.7305276733512382
2009-09-29,0.0032751321756245844,-1.0,-0.0032751321756245844,-0.0032751321756245844,0.8033411683075824,1.7361953802150396
2009-09-30,0.0016318815749265525,-1.0,-0.0016318815749265525,-0.0016318815749265525,0.8020302106566413,1.7390286454664852
2009-10-01,-0.026796325043210834,-1.0,0.026796325043210834,0.026796325043210834,0.8235216728758715,1.6924290686231105
2009-10-02,-0.00967483002291536,-1.0,0.00967483002291536,0.00967483002291536,0.8314891050811324,1.676055105058341
2009-10-05,0.004132568801866299,-1.0,-0.004132568801866299,-0.004132568801866299,0.8280529191463823,1.6829815180957137
2009-10-06,0.008232286883303574,-1.0,-0.008232286883303574,-0.008232286883303574,0.8212361499614124,1.6968363047719754
2009-10-07,-0.018556335814921665,-1.0,0.018556335814921665,0.018556335814921665,0.8364752837434497,1.665349240477676
2009-10-08,0.0020800386339980825,-1.0,-0.0020800386339980825,-0.0020800386339980825,0.8347353828368789,1.6688132312369688
2009-10-09,0.0018865705617687745,-1.0,-0.0018865705617687745,-0.0018865705617687745,0.833160595636752,1.6719615651521107
2009-10-12,0.003766622548209586,-1.0,-0.003766622548209586,-0.003766622548209586,0.8300223941509469,1.6782592132831524
2009-10-13,-0.005440938700361664,-1.0,0.005440938700361664,0.005440938700361664,0.8345384951174496,1.6691279077803616
2009-10-14,-0.00037728996331176656,-1.0,0.00037728996331176656,0.00037728996331176656,0.8348533581156549,1.6684981625732724
2009-10-15,0.014342782381570052,-1.0,-0.014342782381570052,-0.014342782381570052,0.8228792380796791,1.6924290686231103
2009-10-16,-0.004651656884872679,-1.0,0.004651656884872679,0.004651656884872679,0.8267069899529113,1.684556469293891
2009-10-19,0.022429949398507176,-1.0,-0.022429949398507176,-0.022429949398507176,0.8081639940008752,1.722340985659081
2009-10-20,-0.02230363090252463,-1.0,0.02230363090252463,0.02230363090252463,0.8261889854317809,1.6839265280266504
2009-10-21,0.00785369269327374,-1.0,-0.00785369269327374,-0.00785369269327374,0.819700351033632,1.6971515694958232
2009-10-22,-0.006307790413433989,-1.0,0.006307790413433989,0.006307790413433989,0.8248708490497704,1.686446293095613
2009-10-23,-0.017363937594501944,-1.0,0.017363937594501944,0.017363937594501944,0.8391938549961945,1.6571629449058216
2009-10-26,-0.00950017385761237,-1.0,0.00950017385761237,0.00950017385761237,0.8471663425188982,1.6414196088188233
2009-10-27,-0.025321545736778805,-1.0,0.025321545736778805,0.025321545736778805,0.8686179038076501,1.599856327120872
2009-10-28,-0.013579794088941832,-1.0,0.013579794088941832,0.013579794088941832,0.8804135560833262,1.5781306076266797
2009-10-29,-0.0005990023997988203,-1.0,0.0005990023997988203,0.0005990023997988203,0.8809409259162355,1.5771853036055152
2009-10-30,-0.019764009599230303,-1.0,0.019764009599230303,0.019764009599230303,0.8983518508323988,1.5460137981252908
2009-11-02,-0.0012218775559481587,-1.0,0.0012218775559481587,0.0012218775559481587,0.8994495267962752,1.5441247585641753
2009-11-03,0.0034660735733729187,-1.0,-0.0034660735733729187,-0.0034660735733729187,0.8963319685608638,1.5494768085838255
2009-11-04,0.013412322061993942,-1.0,-0.013412322061993942,-0.013412322061993942,0.8843100755240645,1.5702588905681423
2009-11-05,0.007218693513239449,-1.0,-0.007218693513239449,-0.007218693513239449,0.8779265121181866,1.581594108235593
2009-11-06,-0.009357022948891514,-1.0,0.009357022948891514,0.009357022948891514,0.8861412906395167,1.5667950958690011
2009-11-09,0.02170420702254927,-1.0,-0.02170420702254927,-0.02170420702254927,0.8669082966162477,1.600801140991657
2009-11-10,-0.004524028435560434,-1.0,0.004524028435560434,0.004524028435560434,0.8708302144011629,1.593559071110133
2009-11-11,0.013040930945462215,-1.0,-0.013040930945462215,-0.013040930945462215,0.8594737777099353,1.6143405649139952
2009-11-12,-0.009362326220810568,-1.0,0.009362326220810568,0.009362326220810568,0.8675204515950882,1.5992265819137828
2009-11-13,0.006891230597821485,-1.0,-0.006891230597821485,-0.006891230597821485,0.8615421681148202,1.6102472210679164
2009-11-16,0.016620974010007172,-1.0,-0.016620974010007172,-0.016620974010007172,0.8472224981300586,1.6370110982789725
2009-11-17,-0.008655212535787937,-1.0,0.008655212535787937,0.008655212535787937,0.8545553889164754,1.6228424192999245
2009-11-18,0.0007757390481979431,-1.0,-0.0007757390481979431,-0.0007757390481979431,0.853892476932445,1.6241013215336475
2009-11-19,-0.013958937859690268,-1.0,0.013958937859690268,0.013958937859690268,0.8658119089568019,1.6014305921085186
2009-11-20,0.004915734248932546,-1.0,-0.004915734248932546,-0.004915734248932546,0.8615558077028093,1.6093027993174347
2009-11-23,0.01760895600922474,-1.0,-0.01760895600922474,-0.01760895600922474,0.8463847093854784,1.6376409415161377
2009-11-24,0.010924130054212666,-1.0,-0.010924130054212666,-0.010924130054212666,0.8371386927442545,1.6555307441433633
2009-11-25,0.007293823278415434,1.0,0.007293823278415434,0.005293823278415434,0.8415703570431663,1.6676058928231285
2009-11-27,-0.01714908901600276,1.0,-0.01714908901600276,-0.01714908901600276,0.8271381920770038,1.639007970923494
2009-11-30,0.007560659926409086,-1.0,-0.007560659926409086,-0.009560659926409086,0.8192302051104107,1.6513999528083203
2009-12-01,0.01770263892887569,1.0,0.01770263892887569,0.01570263892887569,0.8320942812208882,1.6806340899000483
2009-12-02,0.008129810046228148,1.0,0.008129810046228148,0.008129810046228148,0.8388590496677668,1.694297325808151
2009-12-03,-0.006001350193861832,1.0,-0.006001350193861832,-0.006001350193861832,0.8338247627474205,1.6841292542234527
2009-12-04,-0.004716956970195141,1.0,-0.004716956970195141,-0.004716956970195141,0.8298916472208577,1.6761852889990339
2009-12-07,0.00398089116098066,1.0,0.00398089116098066,0.00398089116098066,0.8331953555438509,1.6828580002001758
2009-12-08,0.0062309981527082225,1.0,0.0062309981527082225,0.0062309981527082225,0.8383869942650898,1.6933438852906935
2009-12-09,0.007506548387556267,1.0,0.007506548387556267,0.007506548387556267,0.8446803868050385,1.7060550531024006
2009-12-10,0.024957789818347953,1.0,0.024957789818347953,0.024957789818347953,0.8657617423625995,1.7486344165362608
2009-12-11,0.022169407840704425,1.0,0.022169407840704425,0.022169407840704425,0.8849551675219148,1.7874006060807455
2009-12-14,-0.008532902587622404,1.0,-0.008532902587622404,-0.008532902587622404,0.8774039312830373,1.7721488908240013
2009-12-15,-0.006634396903483442,1.0,-0.006634396903483442,-0.006634396903483442,0.8715828853582289,1.760391751710207
2009-12-16,-0.009747367002511997,1.0,-0.009747367002511997,-0.009747367002511997,0.863087247101534,1.7432325672380926
2009-12-17,-0.010936627484236072,1.0,-0.010936627484236072,-0.010936627484236072,0.8536479833935897,1.7241674820318211
2009-12-18,0.006634695136747748,1.0,0.006634695136747748,0.006634695136747748,0.8593116775175057,1.7356068076397964
2009-12-21,-0.0021973652402393906,1.0,-0.0021973652402393906,-0.0021973652402393906,0.8574234559067969,1.7317930455699657
2009-12-22,-0.012476893383967846,1.0,-0.012476893383967846,-0.012476893383967846,0.8467254748625346,1.7101856483772924
2009-12-23,-0.01616518166268477,1.0,-0.01616518166268477,-0.01616518166268477,0.8330380037429587,1.682540186694357
2009-12-24,-0.000755439883800002,1.0,-0.000755439883800002,-0.000755439883800002,0.8324086936102101,1.6812691287312318
2009-12-28,0.009639111155891111,1.0,0.009639111155891111,0.009639111155891111,0.840432373535049,1.6974750687460403
2009-12-29,-0.0005615661018280038,1.0,-0.0005615661018280038,-0.0005615661018280038,0.8399604152031929,1.6965218242887343
2009-12-30,0.005806264321509991,1.0,0.005806264321509991,0.005806264321509991,0.8448374473934679,1.706372278427765
2009-12-31,-0.016386983802714195,1.0,-0.016386983802714195,-0.016386983802714195,0.8309931098271047,1.6784099835397688
2010-01-04,0.008140816702954634,1.0,0.008140816702954634,0.008140816702954634,0.8377580724156254,1.6920736115681752
2010-01-05,-0.009765618663372888,1.0,-0.009765618663372888,-0.009765618663372888,0.829576846548252,1.6755494659272443
2010-01-06,0.009861926476629757,1.0,0.009861926476629757,0.009861926476629757,0.8377580724156253,1.692073611568175
2010-01-07,-0.0028174889170581308,1.0,-0.0028174889170581308,-0.0028174889170581308,0.8353976983314183,1.687306212920735
2010-01-08,-0.008662612780941492,1.0,-0.008662612780941492,-0.008662612780941492,0.8281609715526834,1.6726897325553258
2010-01-11,-0.0007595370246754607,1.0,-0.0007595370246754607,-0.0007595370246754607,0.827531952632398,1.6714192627726556
2010-01-12,-0.02433468585986709,1.0,-0.02433468585986709,-0.02433468585986709,0.8073942225260862,1.6307458000729524
2010-01-13,0.003507390792441001,-1.0,-0.003507390792441001,-0.005507390792441001,0.802947587019076,1.6364654628769402
2010-01-14,-0.028932152291094804,-1.0,0.028932152291094804,0.028932152291094804,0.826178588888479,1.5891189948858675
2010-01-15,0.010797676201110162,-1.0,-0.010797676201110162,-0.010797676201110162,0.8172577800013711,1.6062777872376788
2010-01-19,0.00672622682860835,-1.0,-0.00672622682860835,-0.00672622682860835,0.8117607187956369,1.6170819759843944
2010-01-20,-0.01788148891952568,-1.0,0.01788148891952568,0.01788148891952568,0.8262762090940874,1.5881661425488647
2010-01-21,-0.01900782090766473,-1.0,0.01900782090766473,0.01900782090766473,0.841981919296812,1.5579785649396791
2010-01-22,-0.01815255061344201,-1.0,0.01815255061344201,0.01815255061344201,0.8572660387024506,1.5296972801849538
2010-01-25,-0.008101001469652647,-1.0,0.008101001469652647,0.008101001469652647,0.8642107521418625,1.5173052002700518
2010-01-26,0.03078526647833857,-1.0,-0.03078526647833857,-0.03078526647833857,0.8376057938437299,1.5640158451893342
2010-01-27,0.01097117174024631,-1.0,-0.01097117174024631,-0.01097117174024631,0.828416276828845,1.5811749316313728
2010-01-28,-0.015072394114431953,-1.0,0.015072394114431953,0.015072394114431953,0.8409024934440197,1.5573428398979647
2010-01-29,-0.005100848034712557,-1.0,0.005100848034712557,0.005100848034712557,0.8451918092750885,1.5493990707336975
2010-02-01,0.009639081566336083,-1.0,-0.009639081566336083,-0.009639081566336083,0.8370449364862868,1.564333854755305
2010-02-02,0.007109423649145352,-1.0,-0.007109423649145352,-0.007109423649145352,0.8310940294194338,1.5754553668574611
2010-02-03,-0.0036307934040534784,-1.0,0.0036307934040534784,0.0036307934040534784,0.834111560139598,1.5697352139030945
2010-02-04,-0.02793485358455916,-1.0,0.02793485358455916,0.02793485358455916,0.8574123444452858,1.5258848905361848
2010-02-05,-0.012911200858155558,-1.0,0.012911200858155558,0.012911200858155558,0.8684825674426809,1.5061838842280475
2010-02-08,-0.010759862925646568,-1.0,0.010759862925646568,0.010759862925646568,0.8778273208216779,1.4899775520929357
2010-02-09,-0.009170292518258183,-1.0,0.009170292518258183,0.009170292518258183,0.8858772541341315,1.4763140220946052
2010-02-10,-0.011622858114981205,-1.0,0.011622858114981205,0.011622858114981205,0.8961736797662218,1.4591550336826424
2010-02-11,0.0008710246023972967,-1.0,-0.0008710246023972967,-0.0008710246023972967,0.8953930904431244,1.4604259936156918
2010-02-12,-0.008485585794457018,-1.0,0.008485585794457018,0.008485585794457018,0.9029910253318436,1.4480334235504106
2010-02-16,0.017774717191790135,-1.0,-0.017774717191790135,-0.017774717191790135,0.8869406152298455,1.473771808138279
2010-02-17,-0.013152165569566443,-1.0,0.013152165569566443,0.013152165569566443,0.8986058050517214,1.454388517305885
2010-02-18,-0.0006551566693937527,-1.0,0.0006551566693937527,0.0006551566693937527,0.8991945326380569,1.4534356649688824
2010-02-19,0.02492340365776613,-1.0,-0.02492340365776613,-0.02492340365776613,0.8767835443342623,1.4896602287374956
2010-02-22,-0.0012801436382625653,-1.0,0.0012801436382625653,0.0012801436382625653,0.8779059532106751,1.4877532496725046
2010-02-23,-0.0004270418643352869,-1.0,0.0004270418643352869,0.0004270418643352869,0.8782808558056452,1.4871179167510935
2010-02-24,0.01641487942960107,-1.0,-0.01641487942960107,-0.01641487942960107,0.8638639814522687,1.5115287780521622
2010-02-25,-0.0038249485327579436,-1.0,0.0038249485327579436,0.0038249485327579436,0.867168216720627,1.5057472582703302
2010-02-26,-0.010879193523668618,-1.0,0.010879193523668618,0.010879193523668618,0.8766023075679055,1.4893659424498737
2010-03-01,0.02178194634892794,-1.0,-0.02178194634892794,-0.02178194634892794,0.8575082031351149,1.5218072315022373
2010-03-02,-0.004010595030972008,-1.0,0.004010595030972008,0.004010595030972008,0.8609473212736264,1.5157038789814772
2010-03-03,-0.0055095128770780155,-1.0,0.0055095128770780155,0.0055095128770780155,0.8656907216266694,1.5073530889423916
2010-03-04,0.0068184205246535345,-1.0,-0.0068184205246535345,-0.0068184205246535345,0.859788078242328,1.5176308561819363
2010-03-05,0.008465838543820547,-1.0,-0.008465838543820547,-0.008465838543820547,0.8525092511900266,1.5304788739794928
2010-03-08,0.0020985963667201624,-1.0,-0.0020985963667201624,-0.0020985963667201624,0.8507201783728839,1.5336907313837682
2010-03-09,-0.015288425056170896,-1.0,0.015288425056170896,0.015288425056170896,0.8637263500637101,1.5102430155776636
2010-03-10,-0.0010627736164973145,-1.0,0.0010627736164973145,0.0010627736164973145,0.8646442956404312,1.5086379691462084
2010-03-11,0.008516237845154873,-1.0,-0.008516237845154873,-0.008516237845154873,0.8572807791673009,1.5214858889136889
2010-03-12,-0.0063333879489089195,-1.0,0.0063333879489089195,0.0063333879489089195,0.8627102709229104,1.511849728520408
2010-03-15,0.005098654189500174,-1.0,-0.005098654189500174,-0.005098654189500174,0.8583116095857445,1.5195581274726233
2010-03-16,0.011414406018526169,-1.0,-0.011414406018526169,-0.011414406018526169,0.8485144923835181,1.5369029809083472
2010-03-17,0.0035527780811068777,-1.0,-0.0035527780811068777,-0.0035527780811068777,0.8454999086934764,1.5423632561317062
2010-03-18,-0.0010411494605293559,-1.0,0.0010411494605293559,0.0010411494605293559,0.8463802004672902,1.5407574254596443
2010-03-19,0.0039604405138298215,1.0,0.0039604405138298215,0.0019604405138298215,0.8480394785023897,1.5468595035894188
2010-03-22,-0.006644786715471085,1.0,-0.006644786715471085,-0.006644786715471085,0.842404437041442,1.5365809521092677
2010-03-23,-0.000417746253856599,1.0,-0.000417746253856599,-0.000417746253856599,0.8420525257436358,1.5359390511727766
2010-03-24,-0.011501375507171008,1.0,-0.011501375507171008,-0.011501375507171008,0.8323677634482964,1.5182736393891105
2010-03-25,0.0038080209403057452,-1.0,-0.0038080209403057452,-0.005808020940305745,0.8275333540481533,1.5240552572010184
2010-03-26,0.007586570958305172,-1.0,-0.007586570958305172,-0.007586570958305172,0.8212552135373027,1.535617610554152
2010-03-29,0.016105640941833865,1.0,0.016105640941833865,0.014105640941833865,0.832839544701069,1.560349716413694
2010-03-30,-0.018937678845157957,1.0,-0.018937678845157957,-0.018937678845157957,0.8170674968739726,1.5308003145981182
2010-03-31,0.014057912145525542,1.0,0.014057912145525542,0.014057912145525542,0.8285537599619914,1.5523201709330814
2010-04-01,0.010552163030808304,1.0,0.010552163030808304,0.010552163030808304,0.8372967943168996,1.5687005064527795
2010-04-05,0.002662252783782737,1.0,0.002662252783782737,0.002662252783782737,0.8395258900384222,1.5728767837430049
2010-04-06,0.00449222332489585,1.0,0.00449222332489585,0.00449222332489585,0.8432972278235067,1.5799424975181224
2010-04-07,-0.0018298165728480864,1.0,-0.0018298165728480864,-0.0018298165728480864,0.8417541485801984,1.5770514925520167
2010-04-08,-0.0012218860383187424,1.0,-0.0012218860383187424,-0.0012218860383187424,0.8407256209383513,1.5751245153515576
2010-04-09,0.01366250744969677,1.0,0.01366250744969677,0.01366250744969677,0.8522120409975725,1.5966446657767484
2010-04-12,0.0006034151529406007,1.0,0.0006034151529406007,0.0006034151529406007,0.8527262786566289,1.5976081053619398
2010-04-13,-0.0050259180731420106,1.0,-0.0050259180731420106,-0.0050259180731420106,0.8484405462412854,1.589578657911403
2010-04-14,-0.017983974802922686,1.0,-0.017983974802922686,-0.017983974802922686,0.8331822128359042,1.5609917153802608
2010-04-15,0.004732974955412139,1.0,0.004732974955412139,0.004732974955412139,0.8371256433825515,1.5683798500747614
2010-04-16,-0.008192216922018547,1.0,-0.008192216922018547,-0.008192216922018547,0.8302677285209773,1.555531342126826
2010-04-19,-0.00041246796441041234,1.0,-0.00041246796441041234,-0.00041246796441041234,0.8299252696810786,1.5548897352805624
2010-04-20,0.033877183498962404,1.0,0.033877183498962404,0.033877183498962404,0.8580408003324904,1.6075650201633152
2010-04-21,0.006393375764359721,1.0,0.006393375764359721,0.006393375764359721,0.8635265775901679,1.6178427874028598
2010-04-22,0.01052235172646343,1.0,0.01052235172646343,0.01052235172646343,0.8726129079647209,1.6348662982500346
2010-04-23,0.007858457698301846,1.0,0.007858457698301846,0.007858457698301846,0.8794702995889538,1.647713825897212
2010-04-26,-0.004678119932547409,1.0,-0.004678119932547409,-0.004678119932547409,0.8753560320503633,1.6400056230051483
2010-04-27,-0.020368786685313833,1.0,-0.020368786685313833,-0.020368786685313833,0.8575260917598266,1.6066006983074412
2010-04-28,0.014594613229539144,1.0,0.014594613229539144,0.014594613229539144,0.8700413534032996,1.6300484141135458
2010-04-29,-0.0011825804646655724,1.0,-0.0011825804646655724,-0.0011825804646655724,0.8690124594953137,1.6281207507025561
2010-04-30,0.026829949700091227,1.0,0.026829949700091227,0.026829949700091227,0.8923280200723255,1.6718031485495806
2010-05-03,0.011719257121298732,1.0,0.011719257121298732,0.011719257121298732,0.9027854415760925,1.69139543950363
2010-05-04,-0.022977027377438564,1.0,-0.022977027377438564,-0.022977027377438564,0.8820421157690457,1.6525322001840803
2010-05-05,-0.00991261997698345,1.0,-0.00991261997698345,-0.00991261997698345,0.8732987674717327,1.6361512764839272
2010-05-06,0.0025513623213100356,1.0,0.0025513623213100356,0.0025513623213100356,0.8755268690423066,1.6403256912027115
2010-05-07,0.002937210696878134,1.0,0.002937210696878134,0.002937210696878134,0.8780984759274618,1.6451436733692761
2010-05-10,0.027333522821732625,1.0,0.027333522821732625,0.027333522821732625,0.9021000006589537,1.6901112455103442
2010-05-11,0.0007598280862852747,1.0,0.0007598280862852747,0.0007598280862852747,0.9027854415760923,1.6913954395036295
2010-05-12,0.003988097259729262,1.0,0.003988097259729262,0.003988097259729262,0.9063858377217654,1.6981408890210326
2010-05-13,-0.00037811762309836183,1.0,-0.00037811762309836183,-0.00037811762309836183,0.906043117263196,1.6974987920243898
2010-05-14,-0.0026490950446006467,1.0,-0.0026490950446006467,-0.0026490950446006467,0.9036429229310595,1.6930019563862224
2010-05-17,-0.0017074468608698767,1.0,-0.0017074468608698767,-0.0017074468608698767,0.9021000006589536,1.6901112455103442
2010-05-18,-0.005511595730624541,1.0,-0.005511595730624541,-0.005511595730624541,0.8971279901467253,1.6807960355853089
2010-05-19,-0.0059238114146050735,1.0,-0.0059238114146050735,-0.0059238114146050735,0.8918135731183324,1.6708393168440856
2010-05-20,-0.03594752451720973,1.0,-0.03594752451720973,-0.03594752451720973,0.8597550828338808,1.610776779537515
2010-05-21,0.00877347745528323,1.0,0.00877347745528323,0.00877347745528323,0.8672981246701891,1.6249088932982811
2010-05-24,-0.005732154992007521,1.0,-0.005732154992007521,-0.005732154992007521,0.8623266373953021,1.615594663674004
2010-05-25,-0.015307875282711159,1.0,-0.015307875282711159,-0.015307875282711159,0.8491262487770952,1.5908633420550686
2010-05-26,-0.021805215931483768,-1.0,0.021805215931483768,0.019805215931483766,0.8659433774872163,1.5561742233640758
2010-05-27,0.027450828711810482,-1.0,-0.027450828711810482,-0.027450828711810482,0.842172514157688,1.5988924954153778
2010-05-28,0.003013447270865166,-1.0,-0.003013447270865166,-0.003013447270865166,0.8396346716933019,1.603710673642094
2010-06-01,-0.01982795918719138,-1.0,0.01982795918719138,0.01982795918719138,0.8562829136957874,1.5719123638570554
2010-06-02,0.025186091351038886,-1.0,-0.025186091351038886,-0.025186091351038886,0.8347164940091115,1.6115026922489866
2010-06-03,0.010672637883648806,1.0,0.010672637883648806,0.008672637883648806,0.8419556878971615,1.6287016769318852
2010-06-04,-0.031082008481124634,1.0,-0.031082008481124634,-0.031082008481124634,0.8157860140652108,1.5780783575962665
2010-06-07,0.008225172227433353,-1.0,-0.008225172227433353,-0.010225172227433353,0.8074444615706626,1.5910583238758809
2010-06-08,-0.002039702512114938,-1.0,0.002039702512114938,0.002039702512114938,0.8090914080673217,1.5878130382157498
2010-06-09,-0.01083193190824372,-1.0,0.01083193190824372,0.01083193190824372,0.8178554311070519,1.5706139555027752
2010-06-10,0.039256808055246895,-1.0,-0.039256808055246895,-0.039256808055246895,0.7857490374311412,1.6322712460828397
2010-06-11,-0.005964547236668838,1.0,-0.005964547236668838,-0.007964547236668838,0.7794909021063539,1.6225354871325224
2010-06-14,0.009999755307781966,1.0,0.009999755307781966,0.009999755307781966,0.7872856203920596,1.6387604449820403
2010-06-15,0.01603998106109894,1.0,0.01603998106109894,0.01603998106109894,0.7999136668328238,1.6650461314832303
2010-06-16,0.007211045664029081,1.0,0.007211045664029081,0.007211045664029081,0.8056818808116363,1.677052855170071
2010-06-17,0.013351427505565727,1.0,0.013351427505565727,0.013351427505565727,0.8164388840358406,1.699443904788876
2010-06-18,0.0026734050363799167,1.0,0.0026734050363799167,0.0026734050363799167,0.8186215558603185,1.7039872066829838
2010-06-21,-0.011045840335191737,1.0,-0.011045840335191737,-0.011045840335191737,0.8095791928593392,1.6851652360647542
2010-06-22,-0.02349314915491818,1.0,-0.02349314915491818,-0.02349314915491818,0.7905596281287764,1.645575397823202
2010-06-23,-0.010057407070495183,1.0,-0.010057407070495183,-0.010057407070495183,0.782608648135186,1.629025176182102
2010-06-24,-0.012350094231383224,-1.0,0.012350094231383224,0.010350094231383224,0.7907087213896806,1.6089065617509573
2010-06-25,-0.007260922656114999,-1.0,0.007260922656114999,0.007260922656114999,0.7964499962592068,1.5972244156451676
2010-06-28,-0.0006097632829581423,-1.0,0.0006097632829581423,0.0006097632829581423,0.7969356422236377,1.596250486841863
2010-06-29,-0.01667017435622431,-1.0,0.01667017435622431,0.01667017435622431,0.8102206983301953,1.5696407129100012
2010-06-30,0.008063164305786907,-1.0,-0.008063164305786907,-0.008063164305786907,0.8036877557156095,1.582296983879247
2010-07-01,0.003896924428288928,-1.0,-0.003896924428288928,-0.003896924428288928,0.8005558452676446,1.588463075648534
2010-07-02,0.00020377893281309234,-1.0,-0.00020377893281309234,-0.00020377893281309234,0.8003927088518387,1.5887867709589027
2010-07-06,0.008986720417475391,-1.0,-0.008986720417475391,-0.008986720417475391,0.7931998033532014,1.603064753472494
2010-07-07,0.02833994331852341,-1.0,-0.02833994331852341,-0.02833994331852341,0.7707205658859078,1.6484955177218272
2010-07-08,0.003937269619775474,1.0,0.003937269619775474,0.0019372696197754741,0.7722136594235347,1.6549860890420893
2010-07-09,0.008431605114713303,1.0,0.008431605114713303,0.008431605114713303,0.7787246600639817,1.668940278215236
2010-07-12,0.009333102610794786,1.0,0.009333102610794786,0.009333102610794786,0.7859925772219151,1.6845166690831073
2010-07-13,0.0071276965714894835,1.0,0.0071276965714894835,0.0071276965714894835,0.7915948938197959,1.696523392769948
2010-07-14,-0.0034430530830885653,1.0,-0.0034430530830885653,-0.0034430530830885653,0.7888693905800724,1.6906821726719394
2010-07-15,0.016122629861504034,1.0,0.016122629861504034,0.016122629861504034,0.8015880397734652,1.7179404155553726
2010-07-16,-0.006233513913506683,1.0,-0.006233513913506683,-0.006233513913506683,0.7965913295746367,1.7072316100724327
2010-07-19,0.003040989157518492,1.0,0.003040989157518492,0.003040989157518492,0.7990137551708465,1.712423282888036
2010-07-20,-0.00132605571242983,1.0,-0.00132605571242983,-0.00132605571242983,0.7979542184164922,1.7101525142116645
2010-07-21,-0.01100590409432245,1.0,-0.01100590409432245,-0.01100590409432245,0.7891720108169402,1.6913307396535864
2010-07-22,0.013814495204420796,1.0,0.013814495204420796,0.013814495204420796,0.8000740237758339,1.7146956200456203
2010-07-23,-0.0005674747875056285,1.0,-0.0005674747875056285,-0.0005674747875056285,0.7996200019392029,1.713722573512998
2010-07-26,0.00037856946732572894,1.0,0.00037856946732572894,0.00037856946732572894,0.7999227136574,1.7143713365547968
2010-07-27,0.01836081869519246,1.0,0.01836081869519246,0.01836081869519246,0.8146099495730299,1.7458485978415141
2010-07-28,-0.013568741213868085,1.0,-0.013568741213868085,-0.013568741213868085,0.8035567179770313,1.7221596300188082
2010-07-29,-0.010740755203337726,1.0,-0.010740755203337726,-0.010740755203337726,0.7949259119772425,1.7036623350117055
2010-07-30,-0.003809775673779603,1.0,-0.003809775673779603,-0.003809775673779603,0.7918974225753346,1.6971717636914434
2010-08-02,0.0326962196566396,1.0,0.0326962196566396,0.0326962196566396,0.8177894746493845,1.7526628644721454
2010-08-03,-0.004998873527951586,1.0,-0.004998873527951586,-0.004998873527951586,0.8137014484931222,1.7439015244755118
2010-08-04,-0.002605138977283983,1.0,-0.002605138977283983,-0.002605138977283983,0.8115816431337803,1.7393584186415558
2010-08-05,-0.006343194625970328,1.0,-0.006343194625970328,-0.006343194625970328,0.806433622816518,1.7283253296677925
2010-08-06,0.00844862460992446,1.0,0.00844862460992446,0.00844862460992446,0.8132468777685161,1.7429273015819797
2010-08-09,-0.0042820063268314,1.0,-0.0042820063268314,-0.0042820063268314,0.8097645494926354,1.7354640758493984
2010-08-10,0.005048300370144032,1.0,0.005048300370144032,0.005048300370144032,0.8138524841675686,1.7442252197858805
2010-08-11,-0.019906753062875704,1.0,-0.019906753062875704,-0.019906753062875704,0.7976513237356369,1.709503359049563
2010-08-12,-0.01176897633749574,1.0,-0.01176897633749574,-0.01176897633749574,0.7882637841810199,1.689384254468039
2010-08-13,-0.0007680467484918463,1.0,-0.0007680467484918463,-0.0007680467484918463,0.7876583607446258,1.6880867283844416
2010-08-16,0.0026909267024737282,1.0,0.0026909267024737282,0.0026909267024737282,0.7897778916599802,1.6926292460379428
2010-08-17,0.005943325394227372,1.0,0.005943325394227372,0.005943325394227372,0.7944717986592824,1.7026890924189322
2010-08-18,0.001524666176292433,1.0,0.001524666176292433,0.001524666176292433,0.7956831029387165,1.7052851248868854
2010-08-19,-0.013511172122953385,1.0,-0.013511172122953385,-0.013511172122953385,0.7849324915795859,1.6822447240458267
2010-08-20,0.027970869839659684,1.0,0.027970869839659684,0.027970869839659684,0.8068877361344783,1.7292985722605667
2010-08-23,0.008068936860597509,1.0,0.008068936860597509,0.008068936860597509,0.8133984623309378,1.7432521732532587
2010-08-24,0.010610459640000958,1.0,0.010610459640000958,0.010610459640000958,0.8220289938867391,1.7617488800799064
2010-08-25,-0.00966685388888211,1.0,-0.00966685388888211,-0.00966685388888211,0.8140825597104112,1.7447183110672722
2010-08-26,-0.004129839520488621,1.0,-0.004129839520488621,-0.004129839520488621,0.8107205293823786,1.7375129044341064
2010-08-27,0.01583386950919996,1.0,0.01583386950919996,0.01583386950919996,0.8235573724530487,1.765024457033467
2010-08-30,-0.011690243915443599,1.0,-0.011690243915443599,-0.011690243915443599,0.8139297858907107,1.7443908906140224
2010-08-31,0.008824438816471103,1.0,0.008824438816471103,0.008824438816471103,0.8211122594872068,1.7597841613002554
2010-09-01,0.01656421267292174,1.0,0.01656421267292174,0.01656421267292174,0.8347133375816962,1.788933600406472
2010-09-02,0.0003661605810874047,1.0,0.0003661605810874047,0.0003661605810874047,0.8350189767024265,1.7895886373731236
2010-09-03,0.0,1.0,0.0,0.0,0.8350189767024265,1.7895886373731236
2010-09-07,-0.006405629074318742,1.0,-0.006405629074318742,-0.006405629074318742,0.8296701548676536,1.778125196366496
2010-09-08,-0.00036805551573859674,1.0,-0.00036805551573859674,-0.00036805551573859674,0.8293647901909109,1.7774707475802995
2010-09-09,0.0062647626623850705,1.0,0.0062647626623850705,0.0062647626623850705,0.8345605637619957,1.7886061799532222
2010-09-10,0.010071533317504766,1.0,0.010071533317504766,0.010071533317504766,0.8429658682854002,1.8066201866865161
2010-09-13,0.005256970931634575,1.0,0.005256970931634575,0.005256970931634575,0.8473973153513367,1.8161175364924314
2010-09-14,-0.007754562394750031,1.0,-0.007754562394750031,-0.007754562394750031,0.8408261199963011,1.8020343397395011
2010-09-15,-0.02308254214451333,1.0,-0.02308254214451333,-0.02308254214451333,0.8214177156452789,1.7604388061466039
2010-09-16,0.0022326353215671446,1.0,0.0022326353215671446,0.0022326353215671446,0.8232516418509895,1.7643692240066642
2010-09-17,-0.0020415324961702286,1.0,-0.0020415324961702286,-0.0020415324961702286,0.8215709468716252,1.760767206900612
2010-09-20,0.013764551958355353,1.0,0.013764551958355353,0.013764551958355353,0.8328795028573149,1.7850033786065636
2010-09-21,-0.007522874190251105,1.0,-0.007522874190251105,-0.007522874190251105,0.8266138551416805,1.7715750227601332
2010-09-22,0.004067232005754873,1.0,0.004067232005754873,0.004067232005754873,0.8299758854697131,1.7787804293932992
2010-09-23,-0.013993633155384155,1.0,-0.013993633155384155,-0.013993633155384155,0.8183615074006348,1.7538888286003926
2010-09-24,0.017740320537305898,1.0,0.017740320537305898,0.017740320537305898,0.8328795028573149,1.7850033786065636
2010-09-27,0.0031191628280322625,1.0,0.0031191628280322625,0.0031191628280322625,0.8354773896428574,1.7905710947930251
2010-09-28,0.006219256295246334,1.0,0.006219256295246334,0.006219256295246334,0.8406734376579298,1.8017071153464028
2010-09-29,-0.006180816215090923,1.0,-0.006180816215090923,-0.006180816215090923,0.8354773896428574,1.7905710947930251
2010-09-30,-0.005121450636411895,1.0,-0.005121450636411895,-0.005121450636411895,0.8311985334339633,1.7814007733200565
2010-10-01,0.0003678189863933756,1.0,0.0003678189863933756,0.0003678189863933756,0.8315042640360226,1.7820560063468596
2010-10-04,-0.007719708365839351,1.0,-0.007719708365839351,-0.007719708365839351,0.8250852936127127,1.7682990536862695
2010-10-05,0.007594272020273296,1.0,0.007594272020273296,0.007594272020273296,0.8313512157723346,1.7817279977131548
2010-10-06,0.006985516623641219,1.0,0.006985516623641219,0.006985516623641219,0.8371586335101966,1.7941742882599871
2010-10-07,0.0021907648247616596,1.0,0.0021907648247616596,0.0021907648247616596,0.8389926511972363,1.798104902180199
2010-10-08,0.00036363874262779206,1.0,0.00036363874262779206,0.00036363874262779206,0.8392977414299916,1.7987587627859405
2010-10-11,0.001275052386908282,1.0,0.001275052386908282,0.001275052386908282,0.8403678900185286,1.801052274439903
2010-10-12,0.0045462645529070755,1.0,0.0045462645529070755,0.0045462645529070755,0.8441884247683212,1.8092403345531216
2010-10-13,0.0041634220077924056,1.0,0.0041634220077924056,0.0041634220077924056,0.8477031374347253,1.8167729655793858
2010-10-14,-0.0023434112427190845,1.0,-0.0023434112427190845,-0.0023434112427190845,0.8457166203719725,1.8125155193863791
2010-10-15,-0.0003618292920769539,1.0,-0.0003618292920769539,-0.0003618292920769539,0.8454106153259255,1.811859698179121
2010-10-18,0.009038510191047955,1.0,0.009038510191047955,0.009038510191047955,0.853051867788169,1.828236210525862
2010-10-19,-0.005553426244687021,1.0,-0.005553426244687021,-0.005553426244687021,0.8483145071575149,1.8180832355728407
2010-10-20,0.009367752212881886,1.0,0.009367752212881886,0.009367752212881886,0.8562613072591595,1.8351145888260816
2010-10-21,-0.007853241206129513,1.0,-0.007853241206129513,-0.007853241206129513,0.8495368806777776,1.8207029913191433
2010-10-22,-0.0025185078777673064,1.0,-0.0025185078777673064,-0.0025185078777673064,0.8473973153513367,1.8161175364924316
2010-10-25,-0.01082039493847764,1.0,-0.01082039493847764,-0.01082039493847764,0.8382281417294295,1.7964664274928883
2010-10-26,0.007110573771234252,1.0,0.007110573771234252,0.007110573771234252,0.8441884247683212,1.809240334553122
2010-10-27,-0.009775805901742762,1.0,-0.009775805901742762,-0.009775805901742762,0.8359358025832881,1.7915535522129267
2010-10-28,0.006398384727135387,1.0,0.006398384727135387,0.006398384727135387,0.8412844414554027,1.803016601099251
2010-10-29,-0.0001808347366238916,1.0,-0.0001808347366238916,-0.0001808347366238916,0.8411323080050064,1.8026905530670627
2010-11-01,-0.02034927319673907,1.0,-0.02034927319673907,-0.02034927319673907,0.8240158768748088,1.7660071105135204
2010-11-02,0.008901938789512176,-1.0,-0.008901938789512176,-0.010901938789512176,0.8150325062235334,1.781727997713155
2010-11-03,0.00422804110188979,-1.0,-0.00422804110188979,-0.00422804110188979,0.8115865152878441,1.789261216919874
2010-11-04,0.006955886769822284,1.0,0.006955886769822284,0.004955886769822284,0.8156086461615253,1.801707115346403
2010-11-05,-0.005089795891273563,1.0,-0.005089795891273563,-0.005089795891273563,0.8114573646254052,1.7925367938734347
2010-11-08,-0.0051162719476220975,1.0,-0.0051162719476220975,-0.0051162719476220975,0.8073057280740809,1.7833656881598596
2010-11-09,-0.00036719384635885977,-1.0,0.00036719384635885977,-0.0016328061536411403,0.8059875543134117,1.7827108472533597
2010-11-10,-0.005511800545340173,-1.0,0.005511800545340173,0.005511800545340173,0.8104299969548137,1.7728849006332847
2010-11-11,-0.004433702152356056,-1.0,0.004433702152356056,0.004433702152356056,0.814023202176646,1.7650244570334674
2010-11-12,-0.004824679110074781,-1.0,0.004824679110074781,0.004824679110074781,0.8179506029153039,1.7565087804068469
2010-11-15,-0.0011185362701096047,-1.0,0.0011185362701096047,0.0011185362701096047,0.8188655103318226,1.754544061627196
2010-11-16,-0.018853819456433718,-1.0,0.018853819456433718,0.018853819456433718,0.8343042528227194,1.7214642046609188
2010-11-17,-0.006659578059302396,-1.0,0.006659578059302396,0.006659578059302396,0.8398603671196002,1.7099999794136844
2010-11-18,0.0024904225761317456,-1.0,-0.0024904225761317456,-0.0024904225761317456,0.8377687599005272,1.7142586019676012
2010-11-19,-0.007069109584293964,-1.0,0.007069109584293964,0.007069109584293964,0.8436910390705622,1.7021403200544736
2010-11-22,0.002308988133118639,-1.0,-0.002308988133118639,-0.002308988133118639,0.8417429664733297,1.7060705418543822
2010-11-23,-0.00814156106843078,-1.0,0.00814156106843078,0.00814156106843078,0.8485960682387944,1.692180464350824
2010-11-24,0.006254022598968234,-1.0,-0.006254022598968234,-0.006254022598968234,0.8432889292506334,1.7027633992164066
2010-11-26,-0.013788755038484646,-1.0,0.013788755038484646,0.013788755038484646,0.8549168337227363,1.679284411816114
2010-11-29,-0.0015758044606112298,-1.0,0.0015758044606112298,0.0015758044606112298,0.8562640154827683,1.6766381879493393
2010-11-30,-0.0015781746029890353,-1.0,0.0015781746029890353,0.0015781746029890353,0.8576153496054566,1.6739921601427161
2010-12-01,0.006124156082414123,-1.0,-0.006124156082414123,-0.006124156082414123,0.8523631793457986,1.6842439494121677
2010-12-02,0.005890847330958904,-1.0,-0.005890847330958904,-0.005890847330958904,0.8473420379857418,1.694165573386246
2010-12-03,-0.0025378860207960763,-1.0,0.0025378860207960763,0.0025378860207960763,0.8494924954987787,1.689865974260635
2010-12-06,-0.0037181289969278053,-1.0,0.0037181289969278053,0.0037181289969278053,0.8526510181789654,1.6835828345808148
2010-12-07,-0.0013748573000369468,-1.0,0.0013748573000369468,0.0013748573000369468,0.8538232916556927,1.6812681484304746
2010-12-08,0.0007862145866712744,-1.0,-0.0007862145866712744,-0.0007862145866712744,0.8531520033293534,1.6825899859728763
2010-12-09,0.003931130810979067,-1.0,-0.003931130810979067,-0.003931130810979067,0.8497981512026168,1.6892044673089792
2010-12-10,0.018011092713271726,-1.0,-0.018011092713271726,-0.018011092713271726,0.8344923579137395,1.719628885581354
2010-12-13,0.0017309462798964503,-1.0,-0.0017309462798964503,-0.0017309462798964503,0.8330478964712067,1.7226054708036536
2010-12-14,-0.012670799479223227,-1.0,0.012670799479223227,0.012670799479223227,0.843603279323982,1.7007786823012876
2010-12-15,-0.011471530113732031,-1.0,0.011471530113732031,0.011471530113732031,0.8532806997467902,1.6812681484304748
2010-12-16,0.007474519452280504,-1.0,-0.007474519452280504,-0.007474519452280504,0.8469028365582774,1.693834819910418
2010-12-17,0.00878536993989032,-1.0,-0.00878536993989032,-0.00878536993989032,0.8394624818359704,1.7087157854203985
2010-12-20,-0.0027093846737614724,-1.0,0.0027093846737614724,0.0027093846737614724,0.8417369086184546,1.704086217059566
2010-12-21,-0.00795706223789494,-1.0,0.00795706223789494,0.00795706223789494,0.8484346615882651,1.6905266969716841
2010-12-22,0.018584190877577234,-1.0,-0.018584190877577234,-0.018584190877577234,0.8326671898901561,1.721943767791846
2010-12-23,0.0019207007568944334,-1.0,-0.0019207007568944334,-0.0019207007568944334,0.8310678853882929,1.7252511064899736
2010-12-27,-0.00038354011733032767,-1.0,0.00038354011733032767,0.00038354011733032767,0.8313866332625641,1.7245894034781661
2010-12-28,0.002684560401244873,-1.0,-0.002684560401244873,-0.002684560401244873,0.8291547256287831,1.7292191678991502
2010-12-29,-0.00420733255932082,-1.0,0.00420733255932082,0.00420733255932082,0.8326432553026358,1.7219437677918465
2010-12-30,-0.0019205868971067241,-1.0,0.0019205868971067241,0.0019205868971067241,0.8342424190287343,1.718636625153871
2010-12-31,0.00038513031915621276,-1.0,-0.00038513031915621276,-0.00038513031915621276,0.8339211269796402,1.71929852422583
2011-01-03,0.004616135491787299,-1.0,-0.004616135491787299,-0.004616135491787299,0.8300716340680382,1.7272350391644864
2011-01-04,0.009956048546378327,-1.0,-0.009956048546378327,-0.009956048546378327,0.8218074005822852,1.7444314750654137
2011-01-05,-0.0077725815207312365,1.0,-0.0077725815207312365,-0.009772581520731237,0.8137762207657546,1.7308727392181384
2011-01-06,-0.004394516980329333,1.0,-0.004394516980329333,-0.004394516980329333,0.8102000673454113,1.7232663895748552
2011-01-07,0.002111274412428088,-1.0,-0.002111274412428088,-0.004111274412428088,0.8068691125395866,1.726904677808962
2011-01-10,0.013404919485447087,1.0,0.013404919485447087,0.011404919485447087,0.8160713898033948,1.7500536959740332
2011-01-11,-0.0030238269632917314,1.0,-0.0030238269632917314,-0.0030238269632917314,0.8136037311309363,1.7447618364209385
2011-01-12,0.01648950485525802,1.0,0.01648950485525802,0.01648950485525802,0.8270196538056759,1.7735320951938705
2011-01-13,0.002424535342532952,1.0,0.002424535342532952,0.002424535342532952,0.8290247921852971,1.7778320864397845
2011-01-14,0.007254249078799679,1.0,0.007254249078799679,0.007254249078799679,0.8350387445203095,1.790728923215101
2011-01-18,0.0027703299772521284,1.0,0.0027703299772521284,0.0027703299772521284,0.837352077386421,1.7956898332322162
2011-01-19,-0.004420085792224193,1.0,-0.004420085792224193,-0.004420085792224193,0.8336509093660759,1.787752730113105
2011-01-20,0.003514326927706257,1.0,0.003514326927706257,0.003514326927706257,0.8365806312051679,1.794035477672622
2011-01-21,0.0031339497121121163,1.0,0.0031339497121121163,0.0031339497121121163,0.8392024328334919,1.799657894641393
2011-01-24,-0.005145160571650154,1.0,-0.005145160571650154,-0.005145160571650154,0.8348846015644442,1.7903983657994251
2011-01-25,0.007942392604022741,1.0,0.007942392604022741,0.007942392604022741,0.8415155828491221,1.804618412538205
2011-01-26,-0.006597053673825126,1.0,-0.006597053673825126,-0.006597053673825126,0.8359640593817061,1.7927132480099173
2011-01-27,0.0036893201759902183,1.0,0.0036893201759902183,0.0036893201759902183,0.8390481984523858,1.7993271411655651
2011-01-28,-0.006983876957194046,1.0,-0.006983876957194046,-0.006983876957194046,0.833188389073239,1.7867608618059252
2011-01-31,-0.010550040435274521,1.0,-0.010550040435274521,-0.010550040435274521,0.8243982178783151,1.7679104624657067
2011-02-01,0.020015006902376564,1.0,0.020015006902376564,0.020015006902376564,0.8408985538994566,1.8032952025747415
2011-02-02,0.006051863391820289,1.0,0.006051863391820289,0.006051863391820289,0.8459875570740353,1.8142084987958487
2011-02-03,0.002369634442793922,1.0,0.002369634442793922,0.002369634442793922,0.847992238327453,1.8185075097410048
2011-02-04,-0.004545967640990467,1.0,-0.004545967640990467,-0.004545967640990467,0.8441372930522053,1.8102406334468242
2011-02-07,0.008220110108340783,1.0,0.008220110108340783,0.008220110108340783,0.8510761945476512,1.8251210107763496
2011-02-08,0.004349346357309658,1.0,0.004349346357309658,0.004349346357309658,0.8547778196942,1.833059094196219
2011-02-09,-0.003428000701215961,1.0,-0.003428000701215961,-0.003428000701215961,0.8518476407289044,1.826775366335944
2011-02-10,-0.00036211729359070244,1.0,-0.00036211729359070244,-0.00036211729359070244,0.851539171966692,1.8261138593842883
2011-02-11,-0.002897558301443337,1.0,-0.002897558301443337,-0.002897558301443337,0.8490717875699557,1.8208225880116486
2011-02-14,-0.006538344046625677,1.0,-0.006538344046625677,-0.006538344046625677,0.8435202641025399,1.8089174234833612
2011-02-15,0.0012797058508255965,1.0,0.0012797058508255965,0.0012797058508255965,0.8445997219198018,1.811232305693853
2011-02-16,-0.007485917628926808,1.0,-0.007485917628926808,-0.007485917628926808,0.8382771179720957,1.7976735698465778
2011-02-17,-0.00220744051416788,1.0,-0.00220744051416788,-0.00220744051416788,0.8364266710997842,1.7937053123772497
2011-02-18,0.006452903402104138,1.0,0.006452903402104138,0.006452903402104138,0.8418240516113347,1.8052799194898612
2011-02-22,0.0010985268337035947,1.0,0.0010985268337035947,0.0010985268337035947,0.8427488179212868,1.8072630679237671
2011-02-23,-0.005122966714439681,1.0,-0.005122966714439681,-0.005122966714439681,0.8384314437784426,1.7980045193825576
2011-02-24,0.0007356053718166056,1.0,0.0007356053718166056,0.0007356053718166056,0.839048198452386,1.7993271411655658
2011-02-25,0.0051457794692715275,1.0,0.0051457794692715275,0.0051457794692715275,0.8433657554457116,1.8085860818270787
2011-02-28,0.014262764903033132,1.0,0.014262764903033132,0.014262764903033132,0.8553944829429027,1.834381519919076
2011-03-01,-0.02415719685026574,1.0,-0.02415719685026574,-0.02415719685026574,0.8347305500338197,1.7900680044439012
2011-03-02,0.004105935052010956,1.0,0.004105935052010956,0.004105935052010956,0.838157899458188,1.7974179074088308
2011-03-03,0.01189558630171228,1.0,0.01189558630171228,0.01189558630171228,0.8481282790856547,1.8187992472466556
2011-03-04,0.00569456450277106,1.0,0.00569456450277106,0.00569456450277106,0.8529580002775322,1.829156516877693
2011-03-07,-0.0023746008389670115,1.0,-0.0023746008389670115,-0.0023746008389670115,0.8509325654944696,1.8248130002781133
2011-03-08,0.012449859864404944,1.0,0.012449859864404944,0.012449859864404944,0.8615265566889343,1.84753166641032
2011-03-09,0.008498942513708085,1.0,0.008498942513708085,0.008498942513708085,0.8688486213682665,1.8632337318353966
2011-03-10,-0.007530901117476341,1.0,-0.007530901117476341,-0.007530901117476341,0.8623054083146864,1.8492019028421978
2011-03-11,0.006142618027994429,1.0,0.006142618027994429,0.006142618027994429,0.8676022210614373,1.860560843787998
2011-03-14,-0.010953402857505679,1.0,-0.010953402857505679,-0.010953402857505679,0.8580990244140846,1.8401813713250872
2011-03-15,-0.023783374885465225,1.0,-0.023783374885465225,-0.023783374885465225,0.8376905336275925,1.796415647913613
2011-03-16,-0.02175949684008005,-1.0,0.02175949684008005,0.01975949684008005,0.8542428770797719,1.7573265472993664
2011-03-17,0.004182657512645349,-1.0,-0.004182657512645349,-0.004182657512645349,0.8506698716923304,1.7646768423845993
2011-03-18,-0.0011360238897213382,-1.0,0.0011360238897213382,0.0011360238897213382,0.8516362529888392,1.7626721273340125
2011-03-21,0.01895352254265803,-1.0,-0.01895352254265803,-0.01895352254265803,0.8354947460696703,1.7960809732347527
2011-03-22,0.002418002575520495,-1.0,-0.002418002575520495,-0.002418002575520495,0.83347451762184,1.8004239016538777
2011-03-23,-0.0037108715239368983,-1.0,0.0037108715239368983,0.0037108715239368983,0.8365674344752099,1.793742759866215
2011-03-24,0.006146394429694002,-1.0,-0.006146394429694002,-0.006146394429694002,0.831425561055888,1.8047678103737606
2011-03-25,0.0014807976470623263,-1.0,-0.0014807976470623263,-0.0014807976470623263,0.830194388041369,1.807440306300856
2011-03-28,-0.00609959750748601,1.0,-0.00609959750748601,-0.00809959750748601,0.8234701476452603,1.7964156479136135
2011-03-29,0.01692373780555556,-1.0,-0.01692373780555556,-0.018923737805555563,0.8078870144805192,1.8268177153287006
2011-03-30,0.005486583028168512,1.0,0.005486583028168512,0.0034865830281685124,0.8107037796338847,1.8368407024011806
2011-03-31,0.002546441306379821,1.0,0.002546441306379821,0.002546441306379821,0.8127681892255827,1.8415181094390147
2011-04-01,0.014695157409787107,1.0,0.014695157409787107,0.014695157409787107,0.8247119457039203,1.8685795079301946
2011-04-04,0.004648374233682473,1.0,0.004648374233682473,0.004648374233682473,0.8285455154625405,1.8772653647684443
2011-04-05,0.0021363044762863215,1.0,0.0021363044762863215,0.0021363044762863215,0.8303155409560301,1.8812757751703764
2011-04-06,0.004616899283312881,1.0,0.004616899283312881,0.004616899283312881,0.8341490241819935,1.8899614359484744
2011-04-07,-0.009192089133045811,1.0,-0.009192089133045811,-0.009192089133045811,0.8264814520014695,1.8725887419712168
2011-04-08,-0.0008921492021908284,1.0,-0.0008921492021908284,-0.0008921492021908284,0.8257441072334408,1.8709181134190356
2011-04-11,-0.01482147580337878,1.0,-0.01482147580337878,-0.01482147580337878,0.8135053609282977,1.8431883458708922
2011-04-12,-0.0009061669880994216,1.0,-0.0009061669880994216,-0.0009061669880994216,0.8127681892255826,1.8415181094390145
2011-04-13,-0.0027218183471318103,1.0,-0.0027218183471318103,-0.0027218183471318103,0.8105559818561833,1.8365058316621679
2011-04-14,0.0034566901671209127,1.0,0.0034566901671209127,0.0034566901671209127,0.8133578227485666,1.8428540633123347
2011-04-15,-0.0007249374217506155,1.0,-0.0007249374217506155,-0.0007249374217506155,0.8127681892255826,1.8415181094390145
2011-04-18,-0.003446749351458722,1.0,-0.003446749351458722,-0.003446749351458722,0.809966780996483,1.835170858089606
2011-04-19,-0.000728506650040317,1.0,-0.000728506650040317,-0.000728506650040317,0.8093767148102153,1.8338339239155275
2011-04-20,0.014392161160216688,1.0,0.014392161160216688,0.014392161160216688,0.8210253949290907,1.8602267572895923
2011-04-21,-0.003052790349451495,1.0,-0.003052790349451495,-0.003052790349451495,0.8185189765267965,1.8545478749971471
2011-04-25,-0.0009011451012762572,1.0,-0.0009011451012762572,-0.0009011451012762572,0.8177813721607977,1.852876658264511
2011-04-26,0.010458119271763211,1.0,0.010458119271763211,0.010458119271763211,0.8263338272890816,1.8722542633525074
2011-04-27,0.002854738215133601,1.0,0.002854738215133601,0.002854738215133601,0.8286927940443013,1.8775990591465466
2011-04-28,0.011210394284095981,1.0,0.011210394284095981,0.011210394284095981,0.8379827670059271,1.898647684907027
2011-04-29,-0.004574966186514096,1.0,-0.004574966186514096,-0.004574966186514096,0.8341490241819934,1.8899614359484742
2011-05-02,0.0005298918991478718,1.0,0.0005298918991478718,0.0005298918991478718,0.8345910329925896,1.8909629112030852
2011-05-03,0.013604415224353739,1.0,0.013604415224353739,0.013604415224353739,0.8459451559479432,1.9166883558209447
2011-05-04,0.001046233324761392,1.0,0.001046233324761392,0.001046233324761392,0.8468302119610164,1.9186936590519867
2011-05-05,-0.006617039213181797,1.0,-0.006617039213181797,-0.006617039213181797,0.8412267032415632,1.9059975878719564
2011-05-06,0.005959577817977291,1.0,0.005959577817977291,0.005959577817977291,0.8462400592420918,1.9173565288177563
2011-05-09,0.004530734408856096,1.0,0.004530734408856096,0.004530734408856096,0.8500741481966524,1.9260435620169158
2011-05-10,0.01214211942541632,1.0,0.01214211942541632,0.01214211942541632,0.8603958500245152,1.9494298129654795
2011-05-11,-0.0022277941940973545,1.0,-0.0022277941940973545,-0.0022277941940973545,0.8584790651452052,1.9450868845463547
2011-05-12,0.0113359032697542,1.0,0.0113359032697542,0.0113359032697542,0.8682107007868003,1.9671362013208398
2011-05-13,-0.004075815307579833,1.0,-0.004075815307579833,-0.004075815307579833,0.8646720343223289,1.959118517479402
2011-05-16,-0.009720352474611782,1.0,-0.009720352474611782,-0.009720352474611782,0.8562671173737763,1.9400751949499633
2011-05-17,0.009127256903424641,1.0,0.009127256903424641,0.009127256903424641,0.8640824873320015,1.9577827596662332
2011-05-18,-0.0017069540878921208,1.0,-0.0017069540878921208,-0.0017069540878921208,0.8626075381979742,1.954440914381416
2011-05-19,-0.0018803083047551628,1.0,-0.0018803083047551628,-0.0018803083047551628,0.8609855700801562,1.9507659628989515
2011-05-20,-0.01044690795846448,1.0,-0.01044690795846448,-0.01044690795846448,0.8519909330759627,1.9303864904360408
2011-05-23,-0.0032881743842532174,1.0,-0.0032881743842532174,-0.0032881743842532174,0.8491894383142063,1.9240390430264807
2011-05-24,-0.0036464002598864953,1.0,-0.0036464002598864953,-0.0036464002598864953,0.8460929537256445,1.9170232265599572
2011-05-25,-0.006448326963415796,1.0,-0.006448326963415796,-0.006448326963415796,0.8406370697185793,1.9046616339986362
2011-05-26,0.0015783329970724402,1.0,0.0015783329970724402,0.0015783329970724402,0.8419638749442785,1.907667824303834
2011-05-27,0.004378103091948526,1.0,0.004378103091948526,0.004378103091948526,0.845650079588481,1.9160197907038294
2011-05-31,0.010462607131031199,1.0,0.010462607131031199,0.010462607131031199,0.8544977841415405,1.9360663530292441
2011-06-01,-0.01115003262325065,1.0,-0.01115003262325065,-0.01115003262325065,0.844970105971867,1.91447915003219
2011-06-02,-0.009689849841583276,1.0,-0.009689849841583276,-0.009689849841583276,0.8367824725243729,1.8959281345435361
2011-06-03,-0.00942903072190826,1.0,-0.00942903072190826,-0.00942903072190826,0.8288924248833862,1.878051369916395
2011-06-06,-0.004849067565303344,-1.0,0.004849067565303344,0.0028490675653033443,0.8312539954062472,1.86894457193256
2011-06-07,0.0,-1.0,-0.0,-0.0,0.8312539954062472,1.86894457193256
2011-06-08,0.0016241269609480469,-1.0,-0.0016241269609480469,-0.0016241269609480469,0.8299039333809122,1.8719799752003532
2011-06-09,0.0023427972469174385,-1.0,-0.0023427972469174385,-0.0023427972469174385,0.8279596367305814,1.8763656447325372
2011-06-10,-0.0025168340115212517,-1.0,0.0025168340115212517,0.0025168340115212517,0.8300434737044716,1.8716431438598244
2011-06-13,0.00738833073022227,-1.0,-0.00738833073022227,-0.00738833073022227,0.8239108380002804,1.8854714624156137
2011-06-14,-0.00017843771541081743,-1.0,0.00017843771541081743,0.00017843771541081743,0.8240578547679154,1.885135023195388
2011-06-15,-0.007514858162980365,-1.0,0.007514858162980365,0.007514858162980365,0.830250532664586,1.870968500878008
2011-06-16,0.012258733757044116,-1.0,-0.012258733757044116,-0.012258733757044116,0.8200727124330068,1.8939042055980875
2011-06-17,0.008548717097185632,-1.0,-0.008548717097185632,-0.008548717097185632,0.8130621428152954,1.9100946568609156
2011-06-20,0.00741635189965173,1.0,0.00741635189965173,0.00541635189965173,0.817465973497068,1.9242605909978407
2011-06-21,-0.0014021904411407604,1.0,-0.0014021904411407604,-0.0014021904411407604,0.8163197305230725,1.9215624111908798
2011-06-22,-0.004388074461053604,1.0,-0.004388074461053604,-0.004388074461053604,0.81273765876151,1.9131304522490125
2011-06-23,-0.005994542869220965,1.0,-0.005994542869220965,-0.005994542869220965,0.8078656680246339,1.9016621097385937
2011-06-24,0.004079126286512524,1.0,0.004079126286512524,0.004079126286512524,0.8111610541070442,1.9094192296384933
2011-06-27,0.006536128242214279,1.0,0.006536128242214279,0.006536128242214279,0.8164629067817776,1.9218994385915604
2011-06-28,0.0019309160905356393,1.0,0.0019309160905356393,0.0019309160905356393,0.818039428145808,1.9256104651419284
2011-06-29,0.0024521640164174574,1.0,0.0024521640164174574,0.0024521640164174574,0.8200453949955179,1.9303323778341863
2011-06-30,0.004018744185862344,1.0,0.004018744185862344,0.004018744185862344,0.8233409476587993,1.9380898898543892
2011-07-01,0.012530272589877045,1.0,0.012530272589877045,0.012530272589877045,0.8336576341673717,1.9623746844779495
2011-07-05,-0.00842218297771491,1.0,-0.00842218297771491,-0.00842218297771491,0.8266364170316451,1.9458472058144407
2011-07-06,0.0012136330743375279,1.0,0.0012136330743375279,0.0012136330743375279,0.8276396503278066,1.9482087503410244
2011-07-07,0.005020634931337531,1.0,0.005020634931337531,0.005020634931337531,0.8317949268668023,1.9579899952465238
2011-07-08,-0.006029230935606256,1.0,-0.006029230935606256,-0.006029230935606256,0.8267798431616566,1.946184821395576
2011-07-11,-0.009359018736573743,1.0,-0.009359018736573743,-0.009359018736573743,0.8190419951184852,1.9279704411872993
2011-07-12,0.002274658043684319,1.0,0.002274658043684319,0.002274658043684319,0.8209050355807967,1.9323559146593317
2011-07-13,-0.0015713376327398665,1.0,-0.0015713376327398665,-0.0015713376327398665,0.819615116605483,1.92931953109078
2011-07-14,-0.0036712763149885363,1.0,-0.0036712763149885363,-0.0036712763149885363,0.8166060830404828,1.9222364659922417
2011-07-15,-0.0033340405045938493,1.0,-0.0033340405045938493,-0.0033340405045938493,0.8138834852833281,1.9158276517552162
2011-07-18,-0.007746198383238312,-1.0,0.007746198383238312,0.005746198383238312,0.8185602212506076,1.9009872706966267
2011-07-19,0.007274901378814258,-1.0,-0.007274901378814258,-0.007274901378814258,0.812605276368389,1.914816765613326
2011-07-20,0.002994529449516836,-1.0,-0.002994529449516836,-0.002994529449516836,0.810171905937471,1.9205507408083835
2011-07-21,0.016683915692993434,1.0,0.016683915692993434,0.014683915692993434,0.8220684019010887,1.9525930474521467
2011-07-22,-0.007427639679800091,1.0,-0.007427639679800091,-0.007427639679800091,0.8159623740196182,1.9380898898543892
2011-07-25,0.001392185068961771,1.0,0.001392185068961771,0.001392185068961771,0.8170983446535629,1.9407880696613502
2011-07-26,-0.0031282130959046084,1.0,-0.0031282130959046084,-0.0031282130959046084,0.8145422869111757,1.93471687100546
2011-07-27,-0.012377715551801116,1.0,-0.012377715551801116,-0.012377715551801116,0.8044601141788756,1.9107694959028838
2011-07-28,-0.00723745215006244,-1.0,0.00723745215006244,0.00523745215006244,0.8086734355335212,1.8969403931064877
2011-07-29,-0.017603178734133085,-1.0,0.017603178734133085,0.017603178734133085,0.8229086585567632,1.8635482123186375
2011-08-01,0.0028957445684800742,-1.0,-0.0028957445684800742,-0.0028957445684800742,0.8205257252783922,1.86894457193256
2011-08-02,-0.021115328959667057,-1.0,0.021115328959667057,0.021115328959667057,0.8378513958875148,1.8294811924888197
2011-08-03,-0.0038713034860163864,-1.0,0.0038713034860163864,0.0038713034860163864,0.8410949729171779,1.8223987155707364
2011-08-04,-0.028503189852718047,-1.0,0.028503189852718047,0.028503189852718047,0.8650688626144031,1.7704545389934743
2011-08-05,0.006096791197498064,-1.0,-0.006096791197498064,-0.006096791197498064,0.8597947183875859,1.7812486306423803
2011-08-08,-0.04999078172613414,-1.0,0.04999078172613414,0.04999078172613414,0.9027765284837828,1.6922026191479618
2011-08-09,0.035280229330469925,-1.0,-0.035280229330469925,-0.035280229330469925,0.8709263655247094,1.7519039156251237
2011-08-10,-0.033692748163150266,-1.0,0.033692748163150266,0.033692748163150266,0.9002702682269813,1.6928774581899295
2011-08-11,0.04502888419453166,-1.0,-0.04502888419453166,-0.04502888419453166,0.8597321025752086,1.769105841210297
2011-08-12,0.004575608362412664,-1.0,-0.004575608362412664,-0.004575608362412664,0.8557983051772309,1.777200576691332
2011-08-15,0.038907094083248106,-1.0,-0.038907094083248106,-0.038907094083248106,0.8225016800014161,1.8463462867334643
2011-08-16,-0.000913536911648416,-1.0,0.000913536911648416,0.000913536911648416,0.8232530656459902,1.8446595812488484
2011-08-17,0.0065823533919511235,-1.0,-0.0065823533919511235,-0.0065823533919511235,0.8178341230369012,1.856801782500477
2011-08-18,-0.008355883889589744,-1.0,0.008355883889589744,0.008355883889589744,0.824667850009942,1.8412865623999197
2011-08-19,-0.005495538116264798,-1.0,0.005495538116264798,0.005495538116264798,0.8291998436129298,1.8311677019132848
2011-08-22,-0.002946735838547765,-1.0,0.002946735838547765,0.002946735838547765,0.8316432765094222,1.8257717344196658
2011-08-23,0.018288921839321404,-1.0,-0.018288921839321404,-0.018288921839321404,0.8164334176271442,1.8591631309669092
2011-08-24,0.026937925146394148,-1.0,-0.026937925146394148,-0.026937925146394148,0.7944403953360895,1.9092451282238316
2011-08-25,-0.014810858592134046,1.0,-0.014810858592134046,-0.016810858592134048,0.7810851701902154,1.8809675686119876
2011-08-26,0.0036225369453635192,-1.0,-0.0036225369453635192,-0.005622536945363519,0.7766934899633453,1.887781443122315
2011-08-29,0.015881256878608196,1.0,0.015881256878608196,0.013881256878608196,0.7874749718134691,1.91776178515121
2011-08-30,0.0026652362107764116,1.0,0.0026652362107764116,0.0026652362107764116,0.7895737786234266,1.9228730733046384
2011-08-31,0.004961271230673248,1.0,0.004961271230673248,0.004961271230673248,0.793491068295805,1.932412968163461
2011-09-01,0.0,1.0,0.0,0.0,0.793491068295805,1.932412968163461
2011-09-02,-0.019217601059229095,1.0,-0.019217601059229095,-0.019217601059229095,0.7782420735012346,1.8952766266596148
2011-09-06,-0.010426394968682584,1.0,-0.010426394968682584,-0.010426394968682584,0.7701278142616643,1.8755157239751494
2011-09-07,-0.0009085281217208196,-1.0,0.0009085281217208196,-0.0010914718782791804,0.769287241409717,1.8738117651971884
2011-09-08,-0.006181328239024064,-1.0,0.006181328239024064,0.006181328239024064,0.7740424583589639,1.8622291196183596
2011-09-09,-0.01939230094288913,-1.0,0.01939230094288913,0.01939230094288913,0.7890529226540347,1.826116212106109
2011-09-12,0.009701461049052673,-1.0,-0.009701461049052673,-0.009701461049052673,0.7813979564592655,1.8438322074089
2011-09-13,-0.009793266379716559,-1.0,0.009793266379716559,0.009793266379716559,0.7890503947954373,1.8257750674422437
2011-09-14,0.004851422110556447,-1.0,-0.004851422110556447,-0.004851422110556447,0.7852223782637834,1.8346326729733358
2011-09-15,0.009099653657457019,-1.0,-0.009099653657457019,-0.009099653657457019,0.7780771265774983,1.8513271948860477
2011-09-16,0.017298429709713847,-1.0,-0.017298429709713847,-0.017298429709713847,0.7646176140946613,1.8833522482364657
2011-09-19,-0.009587245127832711,1.0,-0.009587245127832711,-0.011587245127832711,0.7557578023710879,1.8652960885705678
2011-09-20,0.01680331414140812,-1.0,-0.01680331414140812,-0.018803314141408123,0.7415470509982841,1.896639244713559
2011-09-21,-0.015447868161321265,1.0,-0.015447868161321265,-0.017447868161321267,0.7286086358170495,1.867340211711636
2011-09-22,-0.02663790381741571,1.0,-0.02663790381741571,-0.02663790381741571,0.7092000290556164,1.8175981827576688
2011-09-23,0.008622297441971183,-1.0,-0.008622297441971183,-0.010622297441971183,0.701666695401133,1.8332700549193917
2011-09-26,0.01059296090529016,-1.0,-0.01059296090529016,-0.01059296090529016,0.6942339675282047,1.852689812939992
2011-09-27,0.0033100875497467097,-1.0,-0.0033100875497467097,-0.0033100875497467097,0.6919359923156783,1.8588223784233473
2011-09-28,-0.013196457121376293,1.0,-0.013196457121376293,-0.015196457121376293,0.6814210166777162,1.8342925086102289
2011-09-29,0.01263007489286827,-1.0,-0.01263007489286827,-0.01463007489286827,0.6714517761701467,1.8574597603694032
2011-09-30,-0.009171169550792446,1.0,-0.009171169550792446,-0.011171169550792446,0.6639508745333693,1.840424681973281
2011-10-03,-0.021288284561663207,-1.0,0.021288284561663207,0.019288284561663205,0.676757347936334,1.8012451976291253
2011-10-04,0.002647921179962598,-1.0,-0.002647921179962598,-0.002647921179962598,0.6749653478210381,1.8060147529382333
2011-10-05,0.00018911073877592166,-1.0,-0.00018911073877592166,-0.00018911073877592166,0.6748377046254636,1.8063562897224017
2011-10-06,0.01395649061202553,-1.0,-0.01395649061202553,-0.01395649061202553,0.6654193385362174,1.8315666843218856
2011-10-07,0.008184450614283412,-1.0,-0.008184450614283412,-0.008184450614283412,0.6599732468221786,1.8465570513964848
2011-10-10,0.016605404849846295,1.0,0.016605404849846295,0.014605404849846295,0.669612423282084,1.877219878813262
2011-10-11,-0.00598921283706233,1.0,-0.00598921283706233,-0.00598921283706233,0.6656019719607066,1.865976809417085
2011-10-12,-0.0016434163685362657,1.0,-0.0016434163685362657,-0.0016434163685362657,0.6645081107850563,1.8629102325851798
2011-10-13,-0.0016458058997268488,1.0,-0.0016458058997268488,-0.0016458058997268488,0.6634144594159099,1.8598442439337297
2011-10-14,0.004946295048855687,1.0,0.004946295048855687,0.004946295048855687,0.6666959030718581,1.8690435823091418
2011-10-17,-0.0030990208654957385,1.0,-0.0030990208654957385,-0.0030990208654957385,0.6646297985572979,1.8632513772490449
2011-10-18,0.0025600128290008684,1.0,0.0025600128290008684,0.0025600128290008684,0.6663312593681409,1.868021324678456
2011-10-19,-0.0014588891849816044,1.0,-0.0014588891849816044,-0.0014588891849816044,0.6653591559002335,1.8652960885705676
2011-10-20,0.006027078073264747,1.0,0.006027078073264747,0.006027078073264747,0.6693693274796058,1.8765383737261379
2011-10-21,0.014342658703085265,1.0,0.014342658703085265,0.014342658703085265,0.6789698632899595,1.9034529231637345
2011-10-24,-0.0005369513257176273,1.0,-0.0005369513257176273,-0.0005369513257176273,0.6786052895217436,1.9024308615932006
2011-10-25,-0.011460943913731647,1.0,-0.011460943913731647,-0.011460943913731647,0.6708278323589733,1.8806272081887287
2011-10-26,0.01503582169188733,1.0,0.01503582169188733,0.01503582169188733,0.680914280032278,1.9089039835599664
2011-10-27,0.031590586913862184,1.0,0.031590586913862184,0.031590586913862184,0.7024247617765276,1.9692073807628352
2011-10-28,-0.013149182976244123,1.0,-0.013149182976244123,-0.013149182976244123,0.6931884500568833,1.9433139125950143
2011-10-31,-0.011219729969001668,1.0,-0.011219729969001668,-0.011219729969001668,0.6854110628296143,1.921510455250694
2011-11-01,-0.018617501326702146,1.0,-0.018617501326702146,-0.018617501326702146,0.6726504214580477,1.8857367318007923
2011-11-02,0.01535689696796294,1.0,0.01535689696796294,0.01535689696796294,0.6829802446758357,1.9146957964997602
2011-11-03,0.025088934828979115,1.0,0.025088934828979115,0.025088934828979115,0.700115491523988,1.962733474555463
2011-11-04,-0.02030861641051518,1.0,-0.02030861641051518,-0.02030861641051518,0.6858971145635681,1.9228730733046384
2011-11-07,-0.007264696738752852,1.0,-0.007264696738752852,-0.007264696738752852,0.6809142800322782,1.9089039835599666
2011-11-08,0.0074961602527772175,1.0,0.0074961602527772175,0.0074961602527772175,0.6860185225938046,1.923213433727897
2011-11-09,-0.02781257750932964,1.0,-0.02781257750932964,-0.02781257750932964,0.6669385792613286,1.8697239110353558
2011-11-10,0.007471309385506109,-1.0,-0.007471309385506109,-0.009471309385506109,0.6606217976360147,1.8836931968401796
2011-11-11,0.009585613918624558,1.0,0.009585613918624558,0.007585613918624558,0.6656330195391092,1.9017495525662291
2011-11-14,-0.009852959233190406,1.0,-0.009852959233190406,-0.009852959233190406,0.659074564533325,1.883011691753056
2011-11-15,0.006875077765011506,1.0,0.006875077765011506,0.006875077765011506,0.6636057534174328,1.895957543566284
2011-11-16,-0.000898008693642427,1.0,-0.000898008693642427,-0.000898008693642427,0.6630098296817127,1.8942549572093845
2011-11-17,-0.003957004641363282,1.0,-0.003957004641363282,-0.003957004641363282,0.6603862967083928,1.8867593815517816
2011-11-18,0.0027085106360869027,1.0,0.0027085106360869027,0.0027085106360869027,0.6621749600169535,1.8918696894044513
2011-11-21,-0.014947300023265608,1.0,-0.014947300023265608,-0.014947300023265608,0.6522772322216862,1.8635913455520006
2011-11-22,-0.012742075339377323,-1.0,0.012742075339377323,0.010742075339377323,0.6592840433923721,1.8398453242251653
2011-11-23,-0.020201967458524983,-1.0,0.020201967458524983,0.020201967458524983,0.6726028781829096,1.8026768288564492
2011-11-25,0.003627273626030547,-1.0,-0.003627273626030547,-0.003627273626030547,0.6701631635020845,1.8092156309740166
2011-11-28,0.018642025344987934,-1.0,-0.018642025344987934,-0.018642025344987934,0.6576699648228014,1.8429430746211826
2011-11-29,0.01587306484355233,-1.0,-0.01587306484355233,-0.01587306484355233,0.6472307268255123,1.8721962295476202
2011-11-30,0.019117421752499864,-1.0,-0.019117421752499864,-0.019117421752499864,0.6348573440496119,1.9079877944713222
2011-12-01,0.002525369554684742,1.0,0.002525369554684742,0.0005253695546847421,0.6351908787697436,1.91280616875819
2011-12-02,0.0032386515229616553,1.0,0.0032386515229616553,0.0032386515229616553,0.6372480406766425,1.9190010813697693
2011-12-05,0.013450597467178138,1.0,0.013450597467178138,0.013450597467178138,0.6458194075585321,1.9448127924543537
2011-12-06,0.0047776746136638515,1.0,0.0047776746136638515,0.0047776746136638515,0.6489049225470359,1.9541044751611916
2011-12-07,0.005283508490435684,1.0,0.005283508490435684,0.005283508490435684,0.6523334172147986,1.964429002746904
2011-12-08,-0.008058867478907716,1.0,-0.008058867478907716,-0.008058867478907716,0.6470763486534016,1.948597929742044
2011-12-09,0.015188791859279238,1.0,0.015188791859279238,0.015188791859279238,0.6569046566301605,1.9781947781143183
2011-12-12,-0.008524605306740485,1.0,-0.008524605306740485,-0.008524605306740485,0.6513048037082285,1.9613314484110387
2011-12-13,0.006843452182752285,1.0,0.006843452182752285,0.006843452182752285,0.6557619769888027,1.974753726392768
2011-12-14,-0.0036598818746641504,1.0,-0.0036598818746641504,-0.0036598818746641504,0.6533619656151274,1.9675263610226175
2011-12-15,0.012944081504127514,1.0,0.012944081504127514,0.012944081504127514,0.6618191361497465,1.9929941826012136
2011-12-16,-0.0006909837054158707,1.0,-0.0006909837054158707,-0.0006909837054158707,0.6613618299107347,1.9916170560960476
2011-12-19,-0.0055298215411124785,1.0,-0.0055298215411124785,-0.0055298215411124785,0.6577046170172247,1.9806037691976006
2011-12-20,0.02067804056237854,1.0,0.02067804056237854,0.02067804056237854,0.6713046597659705,2.0215587742750682
2011-12-21,0.01600275669143114,1.0,0.01600275669143114,0.01600275669143114,0.6820473849020293,2.05390928747722
2011-12-22,0.0006699176797366757,1.0,0.0006699176797366757,0.0006699176797366757,0.6825043005035933,2.0552852376214763
2011-12-23,0.008875093342206153,1.0,0.008875093342206153,0.008875093342206153,0.6885615898770199,2.0735260859502254
2011-12-27,0.008630603966407246,1.0,0.008630603966407246,0.008630603966407246,0.6945042922657282,2.0914218684120764
2011-12-28,-0.0016455043785434942,1.0,-0.0016455043785434942,-0.0016455043785434942,0.6933614824118877,2.087980424570223
2011-12-29,0.006757941285255864,1.0,0.006757941285255864,0.006757941285255864,0.6980471785994852,2.102090873684232
2011-12-30,-0.0032744920260970867,1.0,-0.0032744920260970867,-0.0032744920260970867,0.6957614286793216,2.0952075938802217
2012-01-03,-0.031701703682805116,1.0,-0.031701703682805116,-0.031701703682805116,0.6737046060334045,2.028785943585068
2012-01-04,-0.002544702130593657,1.0,-0.002544702130593657,-0.002544702130593657,0.6719902284870406,2.0236232876719087
2012-01-05,0.012755195713466838,1.0,0.012755195713466838,0.012755195713466838,0.6805615953689301,2.0494349987564933
2012-01-06,-0.010579452416619617,1.0,-0.010579452416619617,-0.010579452416619617,0.6733616263541458,2.027753098706194
2012-01-09,0.0011883968148915791,1.0,0.0011883968148915791,0.0011883968148915791,0.6741618471661752,2.0301628740300828
2012-01-10,0.0044071365577844634,1.0,0.0044071365577844634,0.0044071365577844634,0.6771329704886848,2.0391100790504777
2012-01-11,-0.0006751643273245067,1.0,-0.0006751643273245067,-0.0006751643273245067,0.6766757944621555,2.037733344665615
2012-01-12,0.0030402921697780805,1.0,0.0030402921697780805,0.0030402921697780805,0.6787330865815372,2.0439286493974977
2012-01-13,-0.004546279484869409,1.0,-0.004546279484869409,-0.004546279484869409,0.6756473762743095,2.034636378510205
2012-01-17,0.0005075348252050471,1.0,0.0005075348252050471,0.0005075348252050471,0.6759902908473271,2.035669027328928
2012-01-18,0.005917240688517955,1.0,0.005917240688517955,0.005917240688517955,0.679990288101372,2.0477145709257947
2012-01-19,-0.011932899783403728,1.0,-0.011932899783403728,-0.011932899783403728,0.6718760321397704,2.0232793981659216
2012-01-20,0.008845132609157647,1.0,0.008845132609157647,0.008845132609157647,0.6778188647409613,2.041175572748076
2012-01-23,0.0008426691624965343,1.0,0.0008426691624965343,0.0008426691624965343,0.6783900417960369,2.042895608458472
2012-01-24,-0.0028638913124406917,1.0,-0.0028638913124406917,-0.0028638913124406917,0.676447206448891,2.037044977473185
2012-01-25,0.014529690281848806,1.0,0.014529690281848806,0.014529690281848806,0.6862757748506152,2.066642610086066
2012-01-26,-0.0063281364139169405,1.0,-0.0063281364139169405,-0.0063281364139169405,0.681932928129794,2.053564613730628
2012-01-27,0.004189740920413909,1.0,0.004189740920413909,0.004189740920413909,0.6847900504237571,2.062168517425489
2012-01-30,0.00016695125707832936,1.0,0.00016695125707832936,0.00016695125707832936,0.68490437698351,2.0625127990517806
2012-01-31,-0.0013347216999265443,1.0,-0.0013347216999265443,-0.0013347216999265443,0.6839902202491754,2.05975991846251
2012-02-01,0.0016707033430725104,1.0,0.0016707033430725104,0.0016707033430725104,0.6851329649967747,2.0632011662442125
2012-02-02,0.002669027901590182,1.0,0.002669027901590182,0.002669027901590182,0.6869616039966503,2.0687079077235118
2012-02-03,0.0016637612053913564,1.0,0.0016637612053913564,0.0016637612053913564,0.6881045440629734,2.0721497436856686
2012-02-06,-0.00398639448444682,1.0,-0.00398639448444682,-0.00398639448444682,0.6853614879037979,2.063889337376492
2012-02-07,0.0035018182609234394,1.0,0.0035018182609234394,0.0035018182609234394,0.6877614992774731,2.071116702746642
2012-02-08,0.002824773185102103,1.0,0.002824773185102103,0.002824773185102103,0.6897042695183777,2.0769671376717778
2012-02-09,-0.00099447586826662,1.0,-0.00099447586826662,-0.00099447586826662,0.6890183752661012,2.0749016439741803
2012-02-10,0.0011612980647710547,1.0,0.0011612980647710547,0.0011612980647710547,0.6898185309718894,2.077311223237918
2012-02-13,-0.005301702881709058,1.0,-0.005301702881709058,-0.005301702881709058,0.6861613180783794,2.066297936339471
2012-02-14,0.005662911318250918,1.0,0.005662911318250918,0.005662911318250918,0.6900469887726715,2.0779991983100463
2012-02-15,-0.0067901185645448114,1.0,-0.0067901185645448114,-0.0067901185645448114,0.6853614879037979,2.063889337376492
2012-02-16,0.007670314777961762,1.0,0.007670314777961762,0.007670314777961762,0.6906184262527123,2.0797200182610487
2012-02-17,-0.0034746913074551466,1.0,-0.0034746913074551466,-0.0034746913074551466,0.6882187404102437,2.0724936331916566
2012-02-21,0.0031547570677181724,1.0,0.0031547570677181724,0.0031547570677181724,0.690389903345689,2.079031847128769
2012-02-22,-0.0038071299355312282,1.0,-0.0038071299355312282,-0.0038071299355312282,0.6877614992774731,2.071116702746642
2012-02-23,0.0004987845144874825,1.0,0.0004987845144874825,0.0004987845144874825,0.6881045440629734,2.0721497436856686
2012-02-24,0.0093005463457152,1.0,0.0093005463457152,0.0093005463457152,0.6945042922657283,2.091421868412079
2012-02-27,0.0008227053168174958,1.0,0.0008227053168174958,0.0008227053168174958,0.6950756646395279,2.0931424923029303
2012-02-28,-0.005590190803278605,1.0,-0.005590190803278605,-0.005590190803278605,0.6911900590514772,2.081441426392507
2012-02-29,-0.006179247633436025,1.0,-0.006179247633436025,-0.006179247633436025,0.6869190245148289,2.068579684384335
2012-03-01,0.005041162989515513,1.0,0.005041162989515513,0.005041162989515513,0.6903818952780072,2.079007731730117
2012-03-02,-0.00016691927746015356,1.0,-0.00016691927746015356,-0.00016691927746015356,0.6902666572308758,2.0786607052617025
2012-03-05,0.0006689204216725475,1.0,0.0006689204216725475,0.0006689204216725475,0.6907283906942971,2.0800511638571804
2012-03-06,-0.005180573556094914,1.0,-0.005180573556094914,-0.005180573556094914,0.6871500214590223,2.0692753058023774
2012-03-07,0.0036956543160466815,1.0,0.0036956543160466815,0.0036956543160466815,0.6896894904015989,2.0769226320173546
2012-03-08,0.00016699245456530676,1.0,0.00016699245456530676,0.00016699245456530676,0.6898046633424889,2.0772694624256176
2012-03-09,0.004183647061244189,1.0,0.004183647061244189,0.004183647061244189,0.6926905625951143,2.0859600247075067
2012-03-12,0.012664638229191283,1.0,0.012664638229191283,0.012664638229191283,0.7014632379751564,2.112377953780982
2012-03-13,0.0023037586693759327,1.0,0.0023037586693759327,0.0023037586693759327,0.7030792399908902,2.1172443628050037
2012-03-14,-0.013954778764200593,1.0,-0.013954778764200593,-0.013954778764200593,0.693267924743115,2.0876986861323092
2012-03-15,0.0031632410039728054,1.0,0.0031632410039728054,0.0031632410039728054,0.6954608982694016,2.0943025802202233
2012-03-16,-0.0014939235283032426,1.0,-0.0014939235283032426,-0.0014939235283032426,0.694421932870462,2.0911738523202463
2012-03-19,-0.002160701392586395,1.0,-0.002160701392586395,-0.002160701392586395,0.6929214944330663,2.0866554500653978
2012-03-20,0.0028321135100422,1.0,0.0028321135100422,0.0028321135100422,0.6948839267588488,2.0925650951563313
2012-03-21,0.0018269333201661464,1.0,0.0018269333201661464,0.0018269333201661464,0.6961534333582924,2.096388072053289
2012-03-22,-0.00033172548878768193,1.0,-0.00033172548878768193,-0.00033172548878768193,0.6959225015203404,2.0956926466953982
2012-03-23,0.001824674626666356,1.0,0.001824674626666356,0.001824674626666356,0.6971923336509908,2.0995166038931146
2012-03-26,0.008774871403954165,1.0,0.008774871403954165,0.008774871403954165,0.7033101067226009,2.117939592102743
2012-03-27,0.0004921083538169668,1.0,0.0004921083538169668,0.0004921083538169668,0.703656211501443,2.1189818478688967
2012-03-28,-0.00836579826727235,1.0,-0.00836579826727235,-0.00836579826727235,0.6977695655865088,2.1012548731976133
2012-03-29,0.002481292335948293,1.0,0.002481292335948293,0.002481292335948293,0.6995009358618566,2.1064687008103524
2012-03-30,0.007920798898584547,1.0,0.007920798898584547,0.007920798898584547,0.70504154210419,2.123153615775634
2012-04-02,0.012278682988501544,1.0,0.012278682988501544,0.012278682988501544,0.7136985236934116,2.149223145959634
2012-04-03,0.0021026157492296527,1.0,0.0021026157492296527,0.0021026157492296527,0.7151991574495313,2.1537421363949374
2012-04-04,0.007746941791838324,1.0,0.007746941791838324,0.007746941791838324,0.7207397636918647,2.1704270513602184
2012-04-05,0.007046930455700373,1.0,0.007046930455700373,0.007046930455700373,0.7258187666832592,2.1857218998503245
2012-04-09,-0.003975880994824155,1.0,-0.003975880994824155,-0.003975880994824155,0.7229329976431165,2.1770317296887387
2012-04-10,-0.006067239276445036,1.0,-0.006067239276445036,-0.006067239276445036,0.718546790165578,2.163823157272304
2012-04-11,0.0024095442343410323,1.0,0.0024095442343410323,0.0024095442343410323,0.7202781604409257,2.169036984885043
2012-04-12,0.0019235984062362377,1.0,0.0019235984062362377,0.0019235984062362377,0.7216636863623966,2.1732093409722353
2012-04-13,-0.007038449799858348,1.0,-0.007038449799858348,-0.007038449799858348,0.7165842927335542,2.157913316121219
2012-04-16,0.010309834728644773,1.0,0.010309834728644773,0.010309834728644773,0.7239721583607799,2.1801610457691707
2012-04-17,0.004782884817414068,1.0,0.004782884817414068,0.004782884817414068,0.7274348338052341,2.1905885049344977
2012-04-18,-0.0034908126640164072,1.0,-0.0034908126640164072,-0.0034908126640164072,0.7248954950751402,2.1829415708398234
2012-04-19,-0.001273751486432606,1.0,-0.001273751486432606,-0.001273751486432606,0.7239721583607799,2.1801610457691707
2012-04-20,0.011798352101258791,1.0,0.011798352101258791,0.011798352101258791,0.7325138367966286,2.205883353424604
2012-04-23,-0.0018912005932955056,1.0,-0.0018912005932955056,-0.0018912005932955056,0.7311285061938817,2.2017115855178666
2012-04-24,0.008841227109071426,1.0,0.008841227109071426,0.008841227109071426,0.7375925793630579,2.2211774176741037
2012-04-25,0.007981420525496441,1.0,0.007981420525496441,0.007981420525496441,0.7434796159154401,2.238905568706297
2012-04-26,0.0003104343690516487,1.0,0.0003104343690516487,0.0003104343690516487,0.7437104175409096,2.2396006019438848
2012-04-27,0.0017070780181926981,1.0,0.0017070780181926981,0.0017070780181926981,0.7449799892465946,2.2434237749009944
2012-04-30,-0.0029437550862886352,1.0,-0.0029437550862886352,-0.0029437550862886352,0.7427869506140666,2.2368196847529287
2012-05-01,-0.008702371598735104,1.0,-0.008702371598735104,-0.008702371598735104,0.7363229425511317,2.2173540486568433
2012-05-02,0.0,1.0,0.0,0.0,0.7363229425511317,2.2173540486568433
2012-05-03,-0.002978807309921838,1.0,-0.002978807309921838,-0.002978807309921838,0.7341295783873972,2.2107489782080196
2012-05-04,-0.0004716265377636697,1.0,-0.0004716265377636697,-0.0004716265377636697,0.7337833433960724,2.2097063303215627
2012-05-07,0.008966729494107373,1.0,0.008966729494107373,0.008966729494107373,0.7403629801435867,2.229520169246973
2012-05-08,0.0009352235254576069,1.0,0.0009352235254576069,0.0009352235254576069,0.7410553850199949,2.231605268959735
2012-05-09,-0.0007786686777515595,1.0,-0.0007786686777515595,-0.0007786686777515595,0.7404783484032007,2.229867587835691
2012-05-10,0.014653157349373114,1.0,0.014653157349373114,0.014653157349373114,0.7513286941561568,2.2625421884685144
2012-05-11,0.0012291117509894978,1.0,0.0012291117509894978,0.0012291117509894978,0.7522521610829997,2.2653231056594705
2012-05-14,0.008132349854706789,1.0,0.008132349854706789,0.008132349854706789,0.758369738835886,2.2837455056886444
2012-05-15,-0.0009130175440162924,1.0,-0.0009130175440162924,-0.0009130175440162924,0.7576773339594778,2.2816604059758823
2012-05-16,-0.0012190707101398246,1.0,-0.0012190707101398246,-0.0012190707101398246,0.756753671713911,2.278878900604471
2012-05-17,-0.007778727779887529,1.0,-0.007778727779887529,-0.007778727779887529,0.7508670909052181,2.2611521219933395
2012-05-18,-0.0007691006404171308,1.0,-0.0007691006404171308,-0.0007691006404171308,0.7502895985447348,2.2594130684482336
2012-05-21,0.0030771217245002536,1.0,0.0030771217245002536,0.0030771217245002536,0.7525983309680834,2.2663655574857753
2012-05-22,0.00628839793133662,1.0,0.00628839793133662,0.00628839793133662,0.7573309687556704,2.2806173659691216
2012-05-23,-0.01021162488750016,1.0,-0.01021162488750016,-0.01021162488750016,0.7495973889870504,2.257328556915926
2012-05-24,0.0013854232558809798,1.0,0.0013854232558809798,0.0013854232558809798,0.7506358986423007,2.260455912394842
2012-05-25,0.0046133363401390515,1.0,0.0046133363401390515,0.0046133363401390515,0.7540988345117202,2.270884155800775
2012-05-29,0.00474539845970523,1.0,0.00474539845970523,0.00474539845970523,0.7576773339594777,2.281660405975881
2012-05-30,-0.007160268142280435,1.0,-0.007160268142280435,-0.007160268142280435,0.7522521610829996,2.265323105659469
2012-05-31,0.011924901929813547,1.0,0.011924901929813547,0.011924901929813547,0.7612226943304047,2.292336861533799
2012-06-01,-0.011478353418848175,1.0,-0.011478353418848175,-0.011478353418848175,0.7524851112144325,2.266024608882061
2012-06-04,0.002167453451144663,1.0,0.002167453451144663,0.002167453451144663,0.7541160876656692,2.270936111740961
2012-06-05,0.00648864260915305,1.0,0.00648864260915305,0.00648864260915305,0.7590092774443444,2.285671404558268
2012-06-06,0.007828179266600399,1.0,0.007828179266600399,0.007828179266600399,0.7649509381331916,2.3035640500576924
2012-06-07,0.008985492888410551,1.0,0.008985492888410551,0.008985492888410551,0.7718243993477704,2.324262708447484
2012-06-08,0.010415235289875202,1.0,0.010415235289875202,0.010415235289875202,0.779863132069444,2.348470451431447
2012-06-11,-0.003884018421287272,1.0,-0.003884018421287272,-0.003884018421287272,0.7768341292984036,2.3393489489362387
2012-06-12,0.0032988339052508753,1.0,0.0032988339052508753,0.0032988339052508753,0.7793967760628892,2.3470660725652026
2012-06-13,0.0014950940815809943,1.0,0.0014950940815809943,0.0014950940815809943,0.780562047569984,2.3505751571593745
2012-06-14,0.0076116116279763,1.0,0.0076116116279763,0.0076116116279763,0.7865033827276248,2.368466822358041
2012-06-15,0.0038511438492416783,1.0,0.0038511438492416783,0.0038511438492416783,0.789532320392424,2.377588128793098
2012-06-18,0.006345516511734761,1.0,0.006345516511734761,0.006345516511734761,0.7945423107680224,2.3926751535224593
2012-06-19,-0.005278691907040889,1.0,-0.005278691907040889,-0.005278691907040889,0.7903481667023696,2.3800449585533823
2012-06-20,-0.009433939727140461,1.0,-0.009433939727140461,-0.009433939727140461,0.7828920697342435,2.3575917578665053
2012-06-21,-0.00877966016842302,1.0,-0.00877966016842302,-0.00877966016842302,0.7760185434134236,2.336892903416562
2012-06-22,0.00015017704531272713,1.0,0.00015017704531272713,0.00015017704531272713,0.7761350835853813,2.3372438510880094
2012-06-25,0.004352886552406732,1.0,0.004352886552406732,0.004352886552406732,0.7795135115535712,2.3474176084171057
2012-06-26,0.0016438727778442797,1.0,0.0016438727778442797,0.0016438727778442797,0.7807949325951759,2.3512764643218147
2012-06-27,0.011041699951003237,1.0,0.011041699951003237,0.011041699951003237,0.7894162359641556,2.377238553542712
2012-06-28,0.0025085263587019124,1.0,0.0025085263587019124,0.0025085263587019124,0.7913965074000588,2.383201919115196
2012-06-29,0.012954833559198908,1.0,0.012954833559198908,0.012954833559198908,0.8016489174327579,2.4140759033152968
2012-07-02,0.0004356394312159395,1.0,0.0004356394312159395,0.0004356394312159395,0.8019981473111831,2.415127569968729
2012-07-03,-0.003922132430784431,1.0,-0.003922132430784431,-0.003922132430784431,0.798852604368185,2.405655119802073
2012-07-05,-0.0023328471876697954,1.0,-0.0023328471876697954,-0.0023328471876697954,0.796989003316722,2.4000430940213393
2012-07-06,-0.0016083178986389113,1.0,-0.0016083178986389113,-0.0016083178986389113,0.7957071916376692,2.3961830617557203
2012-07-09,-0.006441916749040821,1.0,-0.006441916749040821,-0.006441916749040821,0.7905813121525262,2.3807470499564283
2012-07-10,0.009873389825958201,1.0,0.009873389825958201,0.009873389825958201,0.7983870296365256,2.404253093657648
2012-07-11,-0.0023347784044047692,1.0,-0.0023347784044047692,-0.0023347784044047692,0.7965229728413734,2.3986396954558526
2012-07-12,0.0007313104090229672,1.0,0.0007313104090229672,0.0007313104090229672,0.7971054783824382,2.4003938456326352
2012-07-13,0.013299681862919188,1.0,0.013299681862919188,0.013299681862919188,0.8077067276561146,2.4323183201252583
2012-07-16,0.0028848184504568497,1.0,0.0028848184504568497,0.0028848184504568497,0.8100368149266151,2.43933511689254
2012-07-17,-0.0010068503924161032,1.0,-0.0010068503924161032,-0.0010068503924161032,0.8092212290416347,2.436879071372862
2012-07-18,0.014972916288861438,1.0,0.014972916288861438,0.014972916288861438,0.8213376307632447,2.4733662577146065
2012-07-19,-0.0028368627918509137,1.0,-0.0028368627918509137,-0.0028368627918509137,0.8190076085989855,2.4663496570074765
2012-07-20,0.002702639107453386,1.0,0.002702639107453386,0.002702639107453386,0.821221090591287,2.4730153100431593
2012-07-23,-0.007660806779754559,1.0,-0.007660806779754559,-0.007660806779754559,0.8149298744928078,2.454070017589544
2012-07-24,-0.010006771631752343,1.0,-0.010006771631752343,-0.010006771631752343,0.8067750573428657,2.429512699355195
2012-07-25,-0.006209574657814465,1.0,-0.006209574657814465,-0.006209574657814465,0.8017653273922326,2.4144264588664406
2012-07-26,0.027608335161091402,1.0,0.027608335161091402,0.027608335161091402,0.8239007332714195,2.4810847537646326
2012-07-27,0.005232201254362856,1.0,0.005232201254362856,0.005232201254362856,0.8282115477215127,2.4940662885254605
2012-07-30,0.0046418797879776985,1.0,0.0046418797879776985,0.0046418797879776985,0.8320560061650509,2.5056434444200435
2012-07-31,-0.0072809230504634614,1.0,-0.0072809230504634614,-0.0072809230504634614,0.8259978704104872,2.4874000473093227
2012-08-01,-0.0045135451677290606,1.0,-0.0045135451677290606,-0.0045135451677290606,0.8222696917139415,2.4761730548455807
2012-08-02,-0.005383913739562263,1.0,-0.005383913739562263,-0.005383913739562263,0.8178426626230971,2.462841552714064
2012-08-03,0.009544198089058709,1.0,0.009544198089058709,0.009544198089058709,0.8256483150008552,2.486347400355132
2012-08-06,-0.006773223533961259,1.0,-0.006773223533961259,-0.006773223533961259,0.820056014402916,2.4695068136294434
2012-08-07,-0.00767105555969716,1.0,-0.00767105555969716,-0.00767105555969716,0.8137653191543675,2.450563089657041
2012-08-08,-0.0007160551648899283,1.0,-0.0007160551648899283,-0.0007160551648899283,0.8131826182945787,2.4488083512998036
2012-08-09,-0.007879608844998387,1.0,-0.007879608844998387,-0.007879608844998387,0.8067750573428658,2.429512699355196
2012-08-10,0.007942190197124388,1.0,0.007942190197124388,0.007942190197124388,0.8131826182945788,2.448808351299804
2012-08-13,-0.0073066744851336685,1.0,-0.0073066744851336685,-0.0073066744851336685,0.8072409576057317,2.4309157058003796
2012-08-14,0.004329442158475416,1.0,0.004329442158475416,0.004329442158475416,0.810735860639638,2.441440214740772
2012-08-15,-0.005172774058490703,1.0,-0.005172774058490703,-0.005172774058490703,0.8065421072114332,2.428811196132605
2012-08-16,0.0050555807948471365,1.0,0.0050555807948471365,0.0050555807948471365,0.8106196459988868,2.4410902473700826
2012-08-17,0.00028705164945863615,1.0,0.00028705164945863615,0.00028705164945863615,0.8108523357053543,2.4417909663520674
2012-08-20,-0.008189383662423277,1.0,-0.008189383662423277,-0.008189383662423277,0.8042119548346911,2.421794203305171
2012-08-21,-0.006808609439762692,1.0,-0.006808609439762692,-0.006808609439762692,0.7987363897274337,2.405305152431385
2012-08-22,-0.005105394434391397,-1.0,0.005105394434391397,0.003105394434391397,0.8012167812666392,2.393025120893149
2012-08-23,-0.01172825578101011,-1.0,0.01172825578101011,0.01172825578101011,0.8106136566133719,2.3649591101849317
2012-08-24,0.006378904524599438,-1.0,-0.006378904524599438,-0.006378904524599438,0.8054428294914988,2.380044958553383
2012-08-27,0.006780587544929162,-1.0,-0.006780587544929162,-0.006780587544929162,0.7999814538736962,2.3961830617557216
2012-08-28,0.001317822854530526,-1.0,-0.001317822854530526,-0.001317822854530526,0.7989272200305809,2.399340806558142
2012-08-29,-0.0005899763347581022,-1.0,0.0005899763347581022,0.0005899763347581022,0.799398568183593,2.3979252522632533
2012-08-30,-0.005461320287977078,-1.0,0.005461320287977078,0.005461320287977078,0.8037643398021938,2.3848294144340154
2012-08-31,-0.0010390698142449528,-1.0,0.0010390698142449528,0.0010390698142449528,0.8045995070654488,2.3823514101773537
2012-09-04,-0.0017823041076443502,-1.0,0.0017823041076443502,0.0017823041076443502,0.8060335480719002,2.3781053354731423
2012-09-05,-0.0005954919045089158,-1.0,0.0005954919045089158,0.0005954919045089158,0.8065135345245396,2.3766891929977985
2012-09-06,0.0038718900665677403,-1.0,-0.0038718900665677403,-0.0038718900665677403,0.8033908027816615,2.3858914722754854
2012-09-07,0.003560058807573041,-1.0,-0.003560058807573041,-0.003560058807573041,0.8005306842782955,2.3943853862252733
2012-09-10,0.0042867539695381485,-1.0,-0.0042867539695381485,-0.0042867539695381485,0.7970990061897285,2.4046495272842785
2012-09-11,-0.0029435323170529104,-1.0,0.0029435323170529104,0.0029435323170529104,0.7994452928743386,2.397571363689531
2012-09-12,-0.009300293390479553,-1.0,0.009300293390479553,0.009300293390479553,0.8068803686477078,2.3752732465826063
2012-09-13,0.023691824604872735,-1.0,-0.023691824604872735,-0.023691824604872735,0.7877639004765913,2.431547803729288
2012-09-14,-0.013245471514789942,1.0,-0.013245471514789942,-0.015245471514789942,0.7757540683714956,2.3993408065581416
2012-09-17,-0.003540348293591511,-1.0,0.003540348293591511,0.0015403482935915109,0.7769489998269584,2.390846304427899
2012-09-18,-0.002072417680399452,-1.0,0.002072417680399452,0.002072417680399452,0.7785591626709685,2.385891472275485
2012-09-19,0.0014835838171853855,-1.0,-0.0014835838171853855,-0.0014835838171853855,0.7774041048965085,2.3894311422533137
2012-09-20,0.00799828673197811,-1.0,-0.00799828673197811,-0.00799828673197811,0.7711862039589295,2.4085424976553735
2012-09-21,0.008523358138147641,-1.0,-0.008523358138147641,-0.008523358138147641,0.7646131077513889,2.429071367953839
2012-09-24,0.012530853948841347,1.0,0.012530853948841347,0.010530853948841347,0.7726651367164885,2.4595097064969806
2012-09-25,0.001439336502222499,1.0,0.001439336502222499,0.001439336502222499,0.7737772618517593,2.4630497685951123
2012-09-26,0.0051730814771475675,1.0,0.0051730814771475675,0.0051730814771475675,0.7777800746724827,2.475791325730324
2012-09-27,0.0027161687947769853,1.0,0.0027161687947769853,0.0027161687947769853,0.7798926566405073,2.4825159928716523
2012-09-28,0.0027090481354778984,1.0,0.0027090481354778984,0.0027090481354778984,0.7820054233878522,2.4892412481934354
2012-10-01,-0.002559246723104036,1.0,-0.002559246723104036,-0.002559246723104036,0.7800040785705973,2.482870665685981
2012-10-02,0.005987134530723415,1.0,0.005987134530723415,0.005987134530723415,0.7846740679235124,2.49773594638383
2012-10-03,0.0021254131101495766,1.0,0.0021254131101495766,0.0021254131101495766,0.7863418244746714,2.503044667109966
2012-10-04,0.005090423396208799,1.0,0.005090423396208799,0.005090423396208799,0.7903446372953947,2.5157862242451783
2012-10-05,-0.0035174590190891752,1.0,-0.0035174590190891752,-0.0035174590190891752,0.7875646324227513,2.506937049300607
2012-10-08,-0.002117455883989594,1.0,-0.002117455883989594,-0.002117455883989594,0.7858969990578056,2.501628720694774
2012-10-09,-0.0052346895206518695,1.0,-0.0052346895206518695,-0.0052346895206518695,0.781783072272526,2.488533471045991
2012-10-10,-0.00597382559303361,1.0,-0.00597382559303361,-0.00597382559303361,0.7771128365471839,2.473667406107536
2012-10-11,-0.0005719322051093156,1.0,-0.0005719322051093156,-0.0005719322051093156,0.7766683806889587,2.4722526360532537
2012-10-12,-0.00687226876148328,1.0,-0.00687226876148328,-0.00687226876148328,0.7713309068383182,2.4552626514920104
2012-10-15,0.004180785014334054,1.0,0.004180785014334054,0.004180785014334054,0.7745556755347205,2.4655275767916223
2012-10-16,0.01191472564251228,1.0,0.01191472564251228,0.01191472564251228,0.7837842939035674,2.494903661433143
2012-10-17,0.018300308954008138,1.0,0.018300308954008138,0.018300308954008138,0.7981277886353018,2.5405611692478556
2012-10-18,0.0037617484702583415,1.0,0.0037617484702583415,0.0037617484702583415,0.8011301446232713,2.5501181213398714
2012-10-19,-0.004580060529806862,1.0,-0.004580060529806862,-0.004580060529806862,0.7974609200686438,2.5384384259859774
2012-10-22,-0.0008367804636091325,1.0,-0.0008367804636091325,-0.0008367804636091325,0.7967936203502386,2.5363143103030374
2012-10-23,-0.012559126725198655,1.0,-0.012559126725198655,-0.012559126725198655,0.7867865882984302,2.504460417465007
2012-10-24,-0.017382970123780872,1.0,-0.017382970123780872,-0.017382970123780872,0.7731099005402471,2.460925456852021
2012-10-25,0.0030200232793626824,1.0,0.0030200232793626824,0.0030200232793626824,0.7754447104373844,2.4683575090204903
2012-10-26,-0.0031543002639359274,1.0,-0.0031543002639359274,-0.0031543002639359274,0.772998724982584,2.460571568278299
2012-10-31,0.007767915516110113,1.0,0.007767915516110113,0.007767915516110113,0.7790033137723096,2.479685080342027
2012-11-01,-0.002712140898494919,1.0,-0.002712140898494919,-0.002712140898494919,0.7768905470249646,2.472959825020244
2012-11-02,-0.002003524700293857,1.0,-0.002003524700293857,-0.002003524700293857,0.7753340276245753,2.4680051889279815
2012-11-05,-0.0017208452494439364,1.0,-0.0017208452494439364,-0.0017208452494439364,0.7739997977464053,2.4637581339230117
2012-11-06,-0.006608528276097592,1.0,-0.006608528276097592,-0.006608528276097592,0.7688847981973044,2.447476318629516
2012-11-07,-0.01590774165118125,-1.0,0.01590774165118125,0.01390774165118125,0.7795782493301531,2.4085424976553735
2012-11-08,-0.006465841445855602,-1.0,0.006465841445855602,0.006465841445855602,0.7846188786849595,2.392969243749929
2012-11-09,-0.0034015603573568365,-1.0,0.0034015603573568365,0.0034015603573568365,0.7872878071583279,2.384829414434015
2012-11-12,-0.008756417832506469,-1.0,0.008756417832506469,0.008756417832506469,0.7941816281522439,2.363946851621979
2012-11-13,0.004641521580412977,-1.0,-0.004641521580412977,-0.004641521580412977,0.7904954169864078,2.374919161948732
2012-11-14,-0.006110350371829387,-1.0,0.006110350371829387,0.006110350371829387,0.7953256209515202,2.3604075737644536
2012-11-15,-0.0029987039837610086,-1.0,0.0029987039837610086,0.0029987039837610086,0.7977105670594545,2.3533294101697066
2012-11-16,0.012933909817789635,-1.0,-0.012933909817789635,-0.012933909817789635,0.7873930505244097,2.383767160532394
2012-11-19,0.005345628426761229,-1.0,-0.005345628426761229,-0.005345628426761229,0.7831839398504922,2.3965098940285157
2012-11-20,0.0,-1.0,-0.0,-0.0,0.7831839398504922,2.3965098940285157
2012-11-21,-0.006793805948292375,-1.0,0.006793805948292375,0.006793805948292375,0.7885047395596555,2.3802284708553234
2012-11-23,-0.0007435567680098565,-1.0,0.0007435567680098565,0.0007435567680098565,0.7890910375953629,2.378458635866409
2012-11-26,0.01130920340574404,-1.0,-0.01130920340574404,-0.01130920340574404,0.7801670465455474,2.405357108371571
2012-11-27,-0.0020596708716208445,-1.0,0.0020596708716208445,0.0020596708716208445,0.7817739338863158,2.4004028643996116
2012-11-28,0.0028266312162281704,-1.0,-0.0028266312162281704,-0.0028266312162281704,0.7795641472807592,2.407187918067647
2012-11-29,0.01038361667800003,-1.0,-0.01038361667800003,-0.01038361667800003,0.7714694519994838,2.4321832346807746
2012-11-30,0.00880946686377615,-1.0,-0.00880946686377615,-0.00880946686377615,0.7646732174256788,2.453609472293327
2012-12-03,-0.0061123929498204665,1.0,-0.0061123929498204665,-0.008112392949820467,0.7584698878077182,2.4386120470532684
2012-12-04,-0.005564684777338291,-1.0,0.005564684777338291,0.003564684777338291,0.7611735938708558,2.425041939717197
2012-12-05,0.018701470393367448,-1.0,-0.018701470393367448,-0.018701470393367448,0.746938528440867,2.4703937897554926
2012-12-06,-0.00028896405710931994,1.0,-0.00028896405710931994,-0.00228896405710932,0.7452288129963957,2.4696799347433473
2012-12-07,0.003036071328146983,1.0,0.003036071328146983,0.003036071328146983,0.747491380828443,2.4771780591829216
2012-12-10,-0.003315212461849404,1.0,-0.003315212461849404,-0.003315212461849404,0.7450132880875956,2.4689656876108983
2012-12-11,0.0024584490036805295,1.0,0.0024584490036805295,0.0024584490036805295,0.7468448652634233,2.4750355138457265
2012-12-12,-0.0011541638063419235,1.0,-0.0011541638063419235,-0.0011541638063419235,0.745982883950984,2.472178917436235
2012-12-13,0.011844602169448493,1.0,0.011844602169448493,0.011844602169448493,0.7548187544366013,2.501460893204965
2012-12-14,-0.008279644225403282,1.0,-0.008279644225403282,-0.008279644225403282,0.7485691236952042,2.4807496869654684
2012-12-17,0.015114198581949179,1.0,0.015114198581949179,0.015114198581949179,0.7598831460830492,2.518244230366373
2012-12-18,0.005246552871975396,1.0,0.005246552871975396,0.005246552871975396,0.7638699131854969,2.5314563318655368
2012-12-19,-0.004513527376982851,1.0,-0.004513527376982851,-0.004513527376982851,0.7604221654198806,2.520030534408025
2012-12-20,0.0002828055618790959,1.0,0.0002828055618790959,0.0002828055618790959,0.7606372170376375,2.520743213059261
2012-12-21,-0.008924406795401296,1.0,-0.008924406795401296,-0.008924406795401296,0.7538489810890717,2.498247075199173
2012-12-24,-0.0005717986339616177,1.0,-0.0005717986339616177,-0.0005717986339616177,0.7534179312714716,2.4968185809342756
2012-12-26,-0.01158440833981289,1.0,-0.01158440833981289,-0.01158440833981289,0.7446900303050858,2.4678944149423008
2012-12-27,0.0014466013131348987,1.0,0.0014466013131348987,0.0014466013131348987,0.7457672998808037,2.4714644742436347
2012-12-28,-0.013870770902303708,1.0,-0.013870770902303708,-0.013870770902303708,0.7354229325177275,2.4371833567282186
2012-12-31,0.013773054239335059,-1.0,-0.013773054239335059,-0.01577305423933506,0.7238230667142745,2.470750815291641
2013-01-02,0.01922226020559914,1.0,0.01922226020559914,0.017222260205599138,0.7362889359120425,2.5182442303663732
2013-01-03,0.0001415420122463651,1.0,0.0001415420122463651,0.0001415420122463651,0.7363931517296262,2.518600667722067
2013-01-04,0.004962688562665241,1.0,0.004962688562665241,0.004962688562665241,0.7400476416013397,2.5310996984496925
2013-01-07,-0.0046554512180347896,1.0,-0.0046554512180347896,-0.0046554512180347896,0.736602385906843,2.5193162872755774
2013-01-08,0.01063066710216276,1.0,0.01063066710216276,0.01063066710216276,0.7444329606580775,2.546098300050661
2013-01-09,-0.007012922529506471,1.0,-0.007012922529506471,-0.007012922529506471,0.7392123099765713,2.5282427099198976
2013-01-10,0.009745844202977194,1.0,0.009745844202977194,0.009745844202977194,0.7464165579825258,2.55288256947809
2013-01-11,0.004056473757796608,1.0,0.004056473757796608,0.004056473757796608,0.7494443771623668,2.563238270627914
2013-01-14,-0.0012535056931707311,1.0,-0.0012535056931707311,-0.0012535056931707311,0.7485049443688789,2.560025236862729
2013-01-15,0.002650155705455015,1.0,0.002650155705455015,0.002650155705455015,0.7504885990177594,2.5668097023503096
2013-01-16,-0.007930216659855827,1.0,-0.007930216659855827,-0.007930216659855827,0.7445370618267969,2.5464543452860515
2013-01-17,-0.0032250991058911938,1.0,-0.0032250991058911938,-0.0032250991058911938,0.7421358560143965,2.5382417776538766
2013-01-18,0.006611958375559279,1.0,0.006611958375559279,0.006611958375559279,0.7470428274033737,2.5550245266348295
2013-01-22,0.0060102027035322525,1.0,0.0060102027035322525,0.0060102027035322525,0.7515327062242878,2.5703807419524014
2013-01-23,-0.002639631357777117,1.0,-0.002639631357777117,-0.002639631357777117,0.7495489369265431,2.5635958843445175
2013-01-24,0.004318133115236877,1.0,0.004318133115236877,0.004318133115236877,0.7527855890125762,2.5746658326267906
2013-01-25,0.005547813664615209,1.0,0.005547813664615209,0.005547813664615209,0.7569619031898256,2.5889495989148554
2013-01-28,-0.001379263444694745,1.0,-0.001379263444694745,-0.001379263444694745,0.7559178533077293,2.585378755372915
2013-01-29,0.0029002793049734965,1.0,0.0029002793049734965,0.0029002793049734965,0.7581102262139378,2.592877075872641
2013-01-30,-0.008400891469474314,1.0,-0.008400891469474314,-0.008400891469474314,0.7517414244816158,2.571094596964547
2013-01-31,0.000694459007130277,1.0,0.000694459007130277,0.000694459007130277,0.75226347808488,2.5728801167655933
2013-02-01,0.0031922030720010763,1.0,0.0031922030720010763,0.0031922030720010763,0.7546648558705769,2.5810932725782227
2013-02-04,-0.004012061555345725,1.0,-0.004012061555345725,-0.004012061555345725,0.751637094015168,2.5707377674885503
2013-02-05,0.002361274818419856,1.0,0.002361274818419856,0.002361274818419856,0.7534119157578563,2.576807985843682
2013-02-06,-0.0020786055120366465,1.0,-0.0020786055120366465,-0.0020786055120366465,0.7518458695969279,2.5714518185608473
2013-02-07,0.003333123151489481,1.0,0.003333123151489481,0.003333123151489481,0.7543518644712331,2.5800227841502323
2013-02-08,-0.002076319463669263,1.0,-0.002076319463669263,-0.002076319463669263,0.7527855890125763,2.574665832626791
2013-02-11,0.0011094256633785715,1.0,0.0011094256633785715,0.0011094256633785715,0.7536207486640484,2.5775222329761314
2013-02-12,0.004295030444779302,1.0,0.004295030444779302,0.004295030444779302,0.7568575727233778,2.5885927694388595
2013-02-13,0.0008279902513463888,1.0,0.0008279902513463888,0.0008279902513463888,0.7574842434152504,2.590736099016661
2013-02-14,-0.0048250391668342996,1.0,-0.0048250391668342996,-0.0048250391668342996,0.753829352272512,2.5782356958679737
2013-02-15,0.004155517303578327,1.0,0.004155517303578327,0.004155517303578327,0.7569619031898257,2.5889495989148563
2013-02-19,0.005517356697231746,1.0,0.005517356697231746,0.005517356697231746,0.7611383320159394,2.6032337573232245
2013-02-20,0.0005485124339776881,1.0,0.0005485124339776881,0.0005485124339776881,0.7615558258550271,2.6046616634076667
2013-02-21,-0.005621447265426127,1.0,-0.005621447265426127,-0.005621447265426127,0.757274779940305,2.5900196952225434
2013-02-22,0.0030337617555713514,1.0,0.0030337617555713514,0.0030337617555713514,0.7595721712061466,2.597877197920086
2013-02-25,-0.00769772465136731,1.0,-0.00769772465136731,-0.00769772465136731,0.7537251937793604,2.5778794545724315
2013-02-26,0.0011081186920609554,1.0,0.0011081186920609554,0.0011081186920609554,0.7545604107552646,2.580736050981923
2013-02-27,0.004608530544866651,1.0,0.004608530544866651,0.004608530544866651,0.7580378254561774,2.5926294519011117
2013-02-28,-0.0009731055201656069,1.0,-0.0009731055201656069,-0.0009731055201656069,0.7573001746637317,2.5901065498697227
2013-03-01,0.006817919463468325,1.0,0.006817919463468325,0.006817919463468325,0.7624633862642595,2.6077656877285365
2013-03-04,0.01699801779511012,1.0,0.01699801779511012,0.01699801779511012,0.7754237524720993,2.652092535294024
2013-03-05,0.00394117424844187,1.0,0.00394117424844187,0.00394117424844187,0.7784798325969725,2.6625448940986094
2013-03-06,0.003925260553104826,1.0,0.003925260553104826,0.003925260553104826,0.7815355687752531,2.6729960765422853
2013-03-07,-0.003100879587423666,1.0,-0.003100879587423666,-0.003100879587423666,0.7791121210831924,2.6647074375712716
2013-03-08,0.0029750704036228814,1.0,0.0029750704036228814,0.0029750704036228814,0.7814300344957308,2.6726351298031035
2013-03-11,0.00026959200276421846,1.0,0.00026959200276421846,0.00026959200276421846,0.7816407017837506,2.673355650860405
2013-03-12,-0.014558884842635567,1.0,-0.014558884842635567,-0.014558884842635567,0.7702608848181641,2.6344345737961192
2013-03-13,0.008891505900667784,1.0,0.008891505900667784,0.008891505900667784,0.7771096640205785,2.6578586643539506
2013-03-14,0.0035257296160180474,1.0,0.0035257296160180474,0.0035257296160180474,0.7798495425779096,2.6672295553620535
2013-03-15,0.006215314324559573,1.0,0.006215314324559573,0.006215314324559573,0.7846965526108953,2.683807225424384
2013-03-18,-0.0046996451743055445,1.0,-0.0046996451743055445,-0.0046996451743055445,0.7810087572441233,2.671194283748652
2013-03-19,0.013491348328189545,1.0,0.013491348328189545,0.013491348328189545,0.7915456184354702,2.707232296282974
2013-03-20,0.007721152372667461,1.0,0.007721152372667461,0.007721152372667461,0.7976572627653278,2.7281352493507813
2013-03-21,-0.00145313040005568,1.0,-0.00145313040005568,-0.00145313040005568,0.7964981627479782,2.7241709130844862
2013-03-22,0.007672711211511585,1.0,0.007672711211511585,0.007672711211511585,0.802609463131243,2.7450726897913835
2013-03-25,0.0001315603774996177,1.0,0.0001315603774996177,0.0001315603774996177,0.8027150547351973,2.745433832590716
2013-03-26,0.012995412846002141,1.0,0.012995412846002141,0.012995412846002141,0.8131466682691825,2.7811118786866142
2013-03-27,-0.0037579856401761536,1.0,-0.0037579856401761536,-0.0037579856401761536,0.8100908747664698,2.7706605001827866
2013-03-28,0.010405693984426145,1.0,0.010405693984426145,0.010405693984426145,0.8185204325088657,2.799491145482426
2013-04-01,-0.002574317502613721,1.0,-0.002574317502613721,-0.002574317502613721,0.8164133010332112,2.7922843664281984
2013-04-02,0.00877644945105227,1.0,0.00877644945105227,0.00877644945105227,0.8235785111008959,2.816790709023119
2013-04-03,0.0020470562620988897,1.0,0.0020470562620988897,0.0020470562620988897,0.825264422649375,2.8225568380830466
2013-04-04,0.011619030392497232,1.0,0.011619030392497232,0.011619030392497232,0.8348531950579848,2.855352211769284
2013-04-05,0.003912548320634368,1.0,0.003912548320634368,0.003912548320634368,0.8381195985242852,2.8665239152702617
2013-04-08,0.005029193328470294,1.0,0.005029193328470294,0.005029193328470294,0.8423346640176437,2.8809402182208395
2013-04-09,-0.00938195535438724,1.0,-0.00938195535438724,-0.00938195535438724,0.8344319178063774,2.8539113657148327
2013-04-10,0.008460320115578845,1.0,0.008460320115578845,0.008460320115578845,0.8414914789456757,2.878056369450269
2013-04-11,-0.00025082673363374663,1.0,-0.00025082673363374663,-0.00025082673363374663,0.841280410386631,2.877334475971906
2013-04-12,-0.004383210043981345,1.0,-0.004383210043981345,-0.004383210043981345,0.8375929016420196,2.864722514596932
2013-04-15,-0.006793577665511141,1.0,-0.006793577665511141,-0.006793577665511141,0.8319026492126337,2.8452607997038797
2013-04-16,0.009626601318354355,1.0,0.009626601318354355,0.009626601318354355,0.8399110443522865,2.872650991069371
2013-04-17,-0.008656906011963228,1.0,-0.008656906011963228,-0.008656906011963228,0.8326400133829188,2.8477827214345104
2013-04-18,-0.0021511119482857666,1.0,-0.0021511119482857666,-0.0021511119482857666,0.83084891150151,2.841656821996311
2013-04-19,0.015599013674880702,1.0,0.015599013674880702,0.015599013674880702,0.8438093350337817,2.8859838656219496
2013-04-22,-0.0021226381447143616,1.0,-0.0021226381447143616,-0.0021226381447143616,0.842018233152373,2.8798579661837502
2013-04-23,0.002502885732482474,1.0,0.002502885732482474,0.002502885732482474,0.8441257085746202,2.8870659215988876
2013-04-24,0.005617433104914138,1.0,0.005617433104914138,0.005617433104914138,0.8488675282746764,2.9032838212829466
2013-04-25,-0.0014898574620640925,1.0,-0.0014898574620640925,-0.0014898574620640925,0.8476028366533724,2.8989583422173184
2013-04-26,0.001243670899345295,1.0,0.001243670899345295,0.001243670899345295,0.8486569756355208,2.9025636923459484
2013-04-29,0.008939471260509091,1.0,0.008939471260509091,0.008939471260509091,0.8562435202792451,2.928511077055472
2013-04-30,0.009475591122301452,1.0,0.009475591122301452,0.009475591122301452,0.8643569337785313,2.9562604506187804
2013-05-01,-0.008533635081965918,1.0,-0.008533635081965918,-0.008533635081965918,0.8569808271250984,2.9310328027259516
2013-05-02,0.004918573069984555,1.0,0.004918573069984555,0.004918573069984555,0.861195949942889,2.945449301736681
2013-05-03,0.00024468834585889,1.0,0.00024468834585889,0.00024468834585889,0.8614066745553408,2.946170018854134
2013-05-06,-0.014067668658565458,1.0,-0.014067668658565458,-0.014067668658565458,0.8492886908774195,2.9047242752170948
2013-05-07,0.01389607825601269,1.0,0.01389607825601269,0.01389607825601269,0.8610904729877987,2.945088551057651
2013-05-08,-0.009544813276461395,1.0,-0.009544813276461395,-0.009544813276461395,0.8528715252089903,2.9169782307551615
2013-05-09,-0.01359069271250335,1.0,-0.01359069271250335,-0.01359069271250335,0.8412804103866309,2.8773344759719066
2013-05-10,0.0020043917274823464,1.0,0.0020043917274823464,0.0020043917274823464,0.8429666658817029,2.8831017813927446
2013-05-13,-0.004750091634314169,1.0,-0.004750091634314169,-0.004750091634314169,0.8389624969740925,2.8694067837400747
2013-05-14,0.007158768238986424,1.0,0.007158768238986424,0.007158768238986424,0.8449684350511314,2.889948201888245
2013-05-15,0.012096788965618277,1.0,0.012096788965618277,0.012096788965618277,0.8551898398925537,2.9249072954080555
2013-05-16,-0.00899458642330575,1.0,-0.00899458642330575,-0.00899458642330575,0.8474977609693071,2.8985989639593503
2013-05-17,0.00833015821652694,1.0,0.00833015821652694,0.00833015821652694,0.8545575514063337,2.922744751935393
2013-05-20,-0.010604473432904493,1.0,-0.010604473432904493,-0.010604473432904493,0.8454954185555573,2.891750582862333
2013-05-21,0.003115672652463708,1.0,0.003115672652463708,0.003115672652463708,0.8481297055089342,2.9007603310711034
2013-05-22,-0.016523268233867072,1.0,-0.016523268233867072,-0.016523268233867072,0.8341158308876994,2.8528302900386544
2013-05-23,-0.011875024526158073,1.0,-0.011875024526158073,-0.011875024526158073,0.8242106849382512,2.8189528603754788
2013-05-24,-0.011761649742662361,-1.0,0.011761649742662361,0.009761649742662361,0.8322563409587783,2.7857973241906664
2013-05-28,-0.003622450196852145,-1.0,0.003622450196852145,0.003622450196852145,0.835271148104916,2.775705912125262
2013-05-29,-0.01687892285458792,-1.0,0.01687892285458792,0.01687892285458792,0.849369625376442,2.728854986167476
2013-05-30,0.008660082891366327,-1.0,-0.008660082891366327,-0.008660082891366327,0.8420140140152732,2.7524870965462043
2013-05-31,-0.0011887604759116543,-1.0,0.0011887604759116543,0.0011887604759116543,0.8430149669952982,2.7492150486753735
2013-06-03,0.008727595693261314,-1.0,-0.008727595693261314,-0.008727595693261314,0.8356574731999952,2.7732090860940417
2013-06-04,0.0027532603235773667,-1.0,-0.0027532603235773667,-0.0027532603235773667,0.8333566906349327,2.780844452639769
2013-06-05,-0.006536620493951206,-1.0,0.006536620493951206,0.006536620493951206,0.8388040270577083,2.762667127800153
2013-06-06,0.018423145805425367,-1.0,-0.018423145805425367,-0.018423145805425367,0.8233506181650462,2.813564147107471
2013-06-07,0.018219346134964454,-1.0,-0.018219346134964454,-0.018219346134964454,0.8083497082622603,2.8648254461765483
2013-06-10,-0.0015224502209557622,1.0,-0.0015224502209557622,-0.0035224502209557623,0.8055023366537823,2.860463892043017
2013-06-11,0.002414850011576597,-1.0,-0.002414850011576597,-0.004414850011576597,0.8019461646534815,2.8673714833058317
2013-06-12,-0.014200587789722219,1.0,-0.014200587789722219,-0.01620058778972222,0.7889541654103817,2.8266531228314014
2013-06-13,0.017748638352254487,-1.0,-0.017748638352254487,-0.01974863835225449,0.7733733949211873,2.876822366855807
2013-06-14,0.007582755509685013,1.0,0.007582755509685013,0.005582755509685013,0.7776909495027273,2.8986366075084677
2013-06-17,0.011664572683753427,1.0,0.011664572683753427,0.011664572683753427,0.7867623821086991,2.932447964900539
2013-06-18,0.011529811800977896,1.0,0.011529811800977896,0.011529811800977896,0.7958336043065014,2.966258538052003
2013-06-19,-0.017159187958699307,1.0,-0.017159187958699307,-0.017159187958699307,0.782177745906357,2.915359950263472
2013-06-20,-0.035665226290040986,1.0,-0.035665226290040986,-0.035665226290040986,0.7542811995995726,2.8113829779204025
2013-06-21,0.012931512428352887,-1.0,-0.012931512428352887,-0.014931512428352887,0.7430186404932787,2.84773841184024
2013-06-24,0.0006384244348638379,-1.0,-0.0006384244348638379,-0.0006384244348638379,0.7425442792376284,2.849556477626459
2013-06-25,0.007910159925356153,-1.0,-0.007910159925356153,-0.007910159925356153,0.7366706352372004,2.872096925080819
2013-06-26,0.010632832413820514,1.0,0.010632832413820514,0.008632832413820514,0.7430301893753859,2.9026354503614527
2013-06-27,0.007264525521787801,1.0,0.007264525521787801,0.007264525521787801,0.7484279511495622,2.9237217196710494
2013-06-28,0.013180868421259095,1.0,0.013180868421259095,0.013180868421259095,0.7582928814964571,2.9622589109584108
2013-07-01,-0.015340862347026696,1.0,-0.015340862347026696,-0.015340862347026696,0.7466600147826897,2.9168153047691447
2013-07-02,0.0013706258828558582,1.0,0.0013706258828558582,0.0013706258828558582,0.7476834063246445,2.9208131673213713
2013-07-03,-0.0027382380549374474,1.0,-0.0027382380549374474,-0.0027382380549374474,0.745636071168401,2.9128152855552494
2013-07-05,-0.00237158305827867,1.0,-0.00237158305827867,-0.00237158305827867,0.7438677332943766,2.9059073021721313
2013-07-08,0.009133348028193433,1.0,0.009133348028193433,0.009133348028193433,0.7506617361894975,2.932447964900538
2013-07-09,0.008554725889003967,1.0,0.008554725889003967,0.008554725889003967,0.7570834415779625,2.9575342534240296
2013-07-10,0.0034413378578785903,1.0,0.0034413378578785903,0.0034413378578785903,0.7596888214870378,2.9677121280163106
2013-07-11,0.019600980210868313,1.0,0.019600980210868313,0.019600980210868313,0.7745794670434231,3.025882194709112
2013-07-12,0.009371534715725716,1.0,0.009371534715725716,0.009371534715725716,0.7818384654089088,3.054239354742525
2013-07-15,0.017021489114860344,1.0,0.017021489114860344,0.017021489114860344,0.7951465203374456,3.106227056673453
2013-07-16,-0.005617855191821675,1.0,-0.005617855191821675,-0.005617855191821675,0.7906795023299089,3.088776722876143
2013-07-17,-0.0017655575677135715,1.0,-0.0017655575677135715,-0.0017655575677135715,0.7892835121509343,3.0833233097580917
2013-07-18,0.007310311981465478,1.0,0.007310311981465478,0.007310311981465478,0.7950534208665844,3.105863365092148
2013-07-19,-0.005501414649481284,1.0,-0.005501414649481284,-0.005501414649481284,0.7906795023299087,3.0887767228761427
2013-07-22,-0.0009417788111509839,1.0,-0.0009417788111509839,-0.0009417788111509839,0.789934857128203,3.0858677784061617
2013-07-23,-0.0009424124551690172,1.0,-0.0009424124551690172,-0.0009424124551690172,0.7891904126800732,3.082959618176787
2013-07-24,-0.012264317729717034,1.0,-0.012264317729717034,-0.012264317729717034,0.7795115307097182,3.0451492218715797
2013-07-25,0.003820571194065092,1.0,0.003820571194065092,0.003820571194065092,0.7824897100093894,3.0567834312702917
2013-07-26,-0.0015460152809474437,1.0,-0.0015460152809474437,-0.0015460152809474437,0.7812799689605308,3.052057597375001
2013-07-29,0.010006330721924028,1.0,0.010006330721924028,0.010006330721924028,0.7890977147163644,3.0825974950766963
2013-07-30,0.019931420232627728,1.0,0.019931420232627728,0.019931420232627728,0.8048255528729824,3.1440380411591153
2013-07-31,0.0015032967202912584,1.0,0.0015032967202912584,0.0015032967202912584,0.8060354444870229,3.1487644632348606
2013-08-01,0.019396774485193058,1.0,0.019396774485193058,0.019396774485193058,0.8216699322308101,3.2098403374352174
2013-08-02,-0.003963971513791575,1.0,-0.003963971513791575,-0.003963971513791575,0.8184128560257081,3.197116621773805
2013-08-05,-0.009779285531846704,1.0,-0.009779285531846704,-0.009779285531846704,0.8104093630236986,3.165851105450866
2013-08-06,-0.002986125397944628,1.0,-0.002986125397944628,-0.002986125397944628,0.8079893790420414,3.1563974770587677
2013-08-07,-0.0006908448706042236,1.0,-0.0006908448706042236,-0.0006908448706042236,0.8074311837240274,3.1542168960521537
2013-08-08,-0.0014982590135781404,1.0,-0.0014982590135781404,-0.0014982590135781404,0.8062214426751688,3.149491062156863
2013-08-09,-0.00427119139546539,1.0,-0.00427119139546539,-0.00427119139546539,0.802777916586375,3.1360389830320834
2013-08-12,-0.007766973902942675,1.0,-0.007766973902942675,-0.007766973902942675,0.7965427614583899,3.1116814500922625
2013-08-13,-0.005725706325130919,1.0,-0.005725706325130919,-0.005725706325130919,0.7919819915308703,3.0938648759316765
2013-08-14,-0.00799027539733066,1.0,-0.00799027539733066,-0.00799027539733066,0.7856538373088123,3.069144043530854
2013-08-15,-0.016820903209090243,1.0,-0.016820903209090243,-0.016820903209090243,0.7724384301555904,3.017518268639866
2013-08-16,-0.010240223073843313,1.0,-0.010240223073843313,-0.010240223073843313,0.7645284883199879,2.9866182084395962
2013-08-19,-0.007425439204294504,-1.0,0.007425439204294504,0.005425439204294504,0.7686763911533191,2.964441256506389
2013-08-20,0.007970933977775152,-1.0,-0.007970933977775152,-0.007970933977775152,0.7625493223891615,2.988070622042994
2013-08-21,-0.017154989038803747,-1.0,0.017154989038803747,0.017154989038803747,0.7756308476562949,2.936810303274675
2013-08-22,0.0023520726739185704,-1.0,-0.0023520726739185704,-0.0023520726739185704,0.7738065075344742,2.9437178945374898
2013-08-23,0.005434064093703395,-1.0,-0.005434064093703395,-0.005434064093703395,0.7696015933764071,2.959714246250188
2013-08-26,-0.010441012324497678,-1.0,0.010441012324497678,0.010441012324497678,0.7776370130978031,2.9288118333280986
2013-08-27,0.0065788465152034625,-1.0,-0.0065788465152034625,-0.0065788465152034625,0.7725210585440914,2.9480800368514757
2013-08-28,0.00808160882007325,-1.0,-0.00808160882007325,-0.00808160882007325,0.7662778455436691,2.9719052664795766
2013-08-29,-0.006413192128580492,-1.0,0.006413192128580492,0.006413192128580492,0.7711921325910153,2.952845867017703
2013-08-30,-0.0024827835859673186,-1.0,0.0024827835859673186,0.0024827835859673186,0.7731068357594394,2.9455145897671797
2013-09-03,-0.00734228484992705,-1.0,0.00734228484992705,0.00734228484992705,0.778783206367011,2.923887782619493
2013-09-04,0.004137202312740174,-1.0,-0.004137202312740174,-0.004137202312740174,0.7755612226845062,2.935984497915939
2013-09-05,-0.001747922876634278,-1.0,0.001747922876634278,0.001747922876634278,0.7769168438878669,2.9308526234465884
2013-09-06,0.0006257382728258598,-1.0,-0.0006257382728258598,-0.0006257382728258598,0.7764306972838432,2.932686570105091
2013-09-09,0.0027495478034103016,-1.0,-0.0027495478034103016,-0.0027495478034103016,0.7742958639656261,2.940750132022014
2013-09-10,0.004736445032089698,-1.0,-0.004736445032089698,-0.004736445032089698,0.7706284541673785,2.954678833375447
2013-09-11,-0.01240542055426097,-1.0,0.01240542055426097,0.01240542055426097,0.7801884242324049,2.9180247998446514
2013-09-12,-0.004270755827633588,-1.0,0.004270755827633588,0.004270755827633588,0.7835204184918477,2.9055626284255354
2013-09-13,-0.0006308473064088327,-1.0,0.0006308473064088327,0.0006308473064088327,0.7840147002373695,2.903729662067791
2013-09-16,-0.0006314480862842364,-1.0,0.0006314480862842364,0.0006314480862842364,0.7845097648194532,2.9018961075295917
2013-09-17,-0.002146942277743813,-1.0,0.002146942277743813,0.002146942277743813,0.786194062000847,2.8956659040907162
2013-09-18,0.04493640275997346,-1.0,-0.04493640275997346,-0.04493640275997346,0.7508653289832774,3.0257867134152594
2013-09-19,0.001817215644629444,-1.0,-0.001817215644629444,-0.001817215644629444,0.7495008447604392,3.0312852203681895
2013-09-20,-0.02430503183624133,1.0,-0.02430503183624133,-0.026305031836241333,0.729785201177726,2.957609736582413
2013-09-23,0.006568484004471742,-1.0,-0.006568484004471742,-0.008568484004471742,0.7235320483547345,2.9770367488286245
2013-09-24,0.0,-1.0,-0.0,-0.0,0.7235320483547345,2.9770367488286245
2013-09-25,-0.010958224424262308,-1.0,0.010958224424262308,0.010958224424262308,0.7314606749187519,2.944413712015684
2013-09-26,0.0013696979140240817,-1.0,-0.0013696979140240817,-0.0013696979140240817,0.730458794758125,2.948446669335056
2013-09-27,-0.0045994674993748985,-1.0,0.0045994674993748985,0.0045994674993748985,0.7338185162442477,2.9348853847058094
2013-09-30,0.001124367046686281,-1.0,-0.001124367046686281,-0.001124367046686281,0.7329934348863344,2.9381852731181737
2013-10-01,-0.0011231042652605217,-1.0,0.0011231042652605217,0.0011231042652605217,0.7338166629394632,2.934885384705809
2013-10-02,0.004246154014703851,-1.0,-0.004246154014703851,-0.004246154014703851,0.7307007643700663,2.9473473600647733
2013-10-03,-0.011939035206377402,-1.0,0.011939035206377402,0.011939035206377402,0.7394246265212073,2.9121588761675365
2013-10-04,0.0025175389195533082,-1.0,-0.0025175389195533082,-0.0025175389195533082,0.737563096245864,2.919490349478211
2013-10-07,-0.003766288005289664,-1.0,0.003766288005289664,0.003766288005289664,0.740340971288399,2.908494707993412
2013-10-08,0.004284614740595494,-1.0,-0.004284614740595494,-0.004284614740595494,0.73716889544975,2.9209564872922247
2013-10-09,0.003890318249766933,-1.0,-0.003890318249766933,-0.003890318249766933,0.7343010738426212,2.9323199376215126
2013-10-10,0.01750020359414206,-1.0,-0.01750020359414206,-0.01750020359414206,0.7214506555509782,2.983636133533051
2013-10-11,0.004299458475487183,-1.0,-0.004299458475487183,-0.004299458475487183,0.7183488084153238,2.9964641531951397
2013-10-14,-0.008440534666649957,1.0,-0.008440534666649957,-0.010440534666649957,0.7108488627783169,2.971172393632722
2013-10-15,-0.010485871026696403,-1.0,0.010485871026696403,0.008485871026696403,0.7168810345473275,2.9400170631150084
2013-10-16,0.016207611824492485,-1.0,-0.016207611824492485,-0.016207611824492485,0.7052621050150438,2.9876677184313607
2013-10-17,0.018279327016274438,1.0,0.018279327016274438,0.016279327016274436,0.7167432974547698,3.0422802736725343
2013-10-18,0.006506316009536883,1.0,0.006506316009536883,0.006506316009536883,0.721406655845728,3.062074310522628
2013-10-21,0.002993014165994623,1.0,0.002993014165994623,0.002993014165994623,0.7235658361861171,3.0712391423113505
2013-10-22,0.014559859761835048,1.0,0.014559859761835048,0.014559859761835048,0.734100853289442,3.1159559535184624
2013-10-23,0.0009409887725033705,1.0,0.0009409887725033705,0.0009409887725033705,0.7347916339502725,3.118888033086338
2013-10-24,0.0009401041450578518,1.0,0.0009401041450578518,0.0009401041450578518,0.735482414611103,3.121820112654214
2013-10-25,0.009158144435574611,1.0,0.009158144435574611,0.009158144435574611,0.7422180687939366,3.150410192147783
2013-10-28,-0.009190974441441346,1.0,-0.009190974441441346,-0.009190974441441346,0.7353963614936756,3.1214548525916963
2013-10-29,0.00962866178955668,1.0,0.00962866178955668,0.00962866178955668,0.7424772443397688,3.1515102856586723
2013-10-30,-0.004652361881004263,1.0,-0.004652361881004263,-0.004652361881004263,0.7390229715106894,3.136848319338081
2013-10-31,-0.009698477782129289,1.0,-0.009698477782129289,-0.009698477782129289,0.7318555736410098,3.106425665607071
2013-11-01,0.04000013127792501,1.0,0.04000013127792501,0.04000013127792501,0.7611298926631314,3.2306831000364693
2013-11-04,-0.0005671191077568638,1.0,-0.0005671191077568638,-0.0005671191077568638,0.7606982413575172,3.2288509179193317
2013-11-05,-0.009422312359676832,1.0,-0.009422312359676832,-0.009422312359676832,0.7535307049159898,3.1984276760078663
2013-11-06,0.012491370645003164,1.0,0.012491370645003164,0.012491370645003164,0.762943336243486,3.2383804215901164
2013-11-07,-0.015280239845785748,1.0,-0.015280239845785748,-0.015280239845785748,0.7512853790769416,3.1888971920363227
2013-11-08,0.0013795357509904793,1.0,0.0013795357509904793,0.0013795357509904793,0.7523218041165747,3.19329638971897
2013-11-11,-0.006542938590917036,1.0,-0.006542938590917036,-0.006542938590917036,0.747399408751632,3.172402847538442
2013-11-12,-0.010398953374448405,1.0,-0.010398953374448405,-0.010398953374448405,0.7396272371479335,3.1394131782419223
2013-11-13,0.005254145199063309,1.0,0.005254145199063309,0.005254145199063309,0.7435133460450908,3.155908110920258
2013-11-14,0.016260482317046243,1.0,0.016260482317046243,0.016260482317046243,0.7556032316609449,3.2072246989521
2013-11-15,0.012228479229380529,1.0,0.012228479229380529,0.012228479229380529,0.7648431100849635,3.2464441795671917
2013-11-18,0.005531992838200717,1.0,0.005531992838200717,0.005531992838200717,0.7690742166923007,3.2644034855181756
2013-11-19,-0.01976178993285893,1.0,-0.01976178993285893,-0.01976178993285893,0.7538759335792494,3.199893029581273
2013-11-20,-0.012256191051319476,1.0,-0.012256191051319476,-0.012256191051319476,0.7446362861083103,3.1606745292669394
2013-11-21,0.004175065937519928,1.0,0.004175065937519928,0.004175065937519928,0.7477451917022825,3.1738705538336687
2013-11-22,0.0,1.0,0.0,0.0,0.7477451917022825,3.1738705538336687
2013-11-25,-0.005659475586272444,1.0,-0.005659475586272444,-0.005659475586272444,0.7435133460450908,3.155908110920258
2013-11-26,-0.003628026036751053,1.0,-0.003628026036751053,-0.003628026036751053,0.7408158602669673,3.1444583941242454
2013-11-27,-0.002231916695561109,1.0,-0.002231916695561109,-0.002231916695561109,0.739162420980101,3.137440224935902
2013-11-29,-0.004120309925294552,1.0,-0.004120309925294552,-0.004120309925294552,0.7361168427205319,3.1245129988370803
2013-12-02,-0.007802590555945121,1.0,-0.007802590555945121,-0.007802590555945121,0.7303732243954485,3.1001337032204264
2013-12-03,0.0014298492881046343,1.0,0.0014298492881046343,0.0014298492881046343,0.731417548030401,3.104566427189005
2013-12-04,0.0019036594480561497,1.0,0.0019036594480561497,0.0019036594480561497,0.7328099179561832,3.1104764644002416
2013-12-05,-0.007362727387846935,1.0,-0.007362727387846935,-0.007362727387846935,0.7274144383031613,3.0875748741465485
2013-12-06,0.012442072376985136,-1.0,-0.012442072376985136,-0.014442072376985136,0.716909066337123,3.1259907042000408
2013-12-09,-0.006144678898489908,1.0,-0.006144678898489908,-0.008144678898489908,0.7110700721923909,3.1067824950830674
2013-12-10,-0.015099076944513956,1.0,-0.015099076944513956,-0.015099076944513956,0.7003335704594169,3.0598729471399393
2013-12-11,-0.005311784787240592,-1.0,0.005311784787240592,0.003311784787240592,0.7026529245240583,3.043619560568432
2013-12-12,0.0043687455741650005,-1.0,-0.0043687455741650005,-0.0043687455741650005,0.6995832126698697,3.0569163600531075
2013-12-13,-0.0006039741460327486,-1.0,0.0006039741460327486,0.0006039741460327486,0.7000057428433207,3.055070061605051
2013-12-16,0.0018135950318021177,-1.0,-0.0018135950318021177,-0.0018135950318021177,0.6987362159058671,3.060610721490585
2013-12-17,-0.002775683399132811,-1.0,0.002775683399132811,0.002775683399132811,0.7006756864207299,3.052115435119736
2013-12-18,0.012707262173641487,-1.0,-0.012707262173641487,-0.012707262173641487,0.6917720167746855,3.0908994661380205
2013-12-19,0.0005974605737233407,-1.0,-0.0005974605737233407,-0.0005974605737233407,0.6913587102686575,3.0927461567063803
2013-12-20,0.013018308817357882,-1.0,-0.013018308817357882,-0.013018308817357882,0.6823583890748098,3.1330084812680807
2013-12-23,-0.0014150335613645204,1.0,-0.0014150335613645204,-0.0034150335613645205,0.6800281122752407,3.128575169119047
2013-12-24,0.00035413434457032267,1.0,0.00035413434457032267,0.00035413434457032267,0.6802689335850707,3.1296831050360017
2013-12-26,-0.0016519583693961337,1.0,-0.0016519583693961337,-0.0016519583693961337,0.6791451576267946,3.12451299883708
2013-12-27,0.0013000970978449544,-1.0,-0.0013000970978449544,-0.0033000970978449545,0.676903912663095,3.128575169119047
2013-12-30,0.004132047804564554,-1.0,-0.004132047804564554,-0.004132047804564554,0.6741069133368743,3.1415025912780203
2013-12-31,0.0067021748585500696,1.0,0.0067021748585500696,0.0047021748585500695,0.6772766819167417,3.1625574909633536
2014-01-02,-0.016000821298868484,1.0,-0.016000821298868484,-0.016000821298868484,0.6664396987595014,3.1119539737030513
2014-01-03,0.0013053439466950145,-1.0,-0.0013053439466950145,-0.0033053439466950146,0.6642368863353694,3.1160161439850182
2014-01-06,0.00047466948683094756,-1.0,-0.00047466948683094756,-0.00047466948683094756,0.6639215933533984,3.1174952217690404
2014-01-07,0.007345647753546514,-1.0,-0.007345647753546514,-0.007345647753546514,0.659044659192651,3.14039524354152
2014-01-08,0.0031758995733981443,1.0,0.0031758995733981443,0.0011758995733981443,0.659819629526246,3.150368823455785
2014-01-09,0.008558859608676084,1.0,0.008558859608676084,0.008558859608676084,0.6654669331024098,3.177332387931293
2014-01-10,0.014298861168267951,1.0,0.014298861168267951,0.014298861168267951,0.6749823523909142,3.222764622631764
2014-01-13,-0.006533118638986424,1.0,-0.006533118638986424,-0.006533118638986424,0.6705726126035222,3.2017099190065825
2014-01-14,0.000461536304144472,1.0,0.000461536304144472,0.000461536304144472,0.6708821062088037,3.2031876243695434
2014-01-15,0.0009224631498281344,1.0,0.0009224631498281344,0.0009224631498281344,0.6715009702296605,3.2061424469150097
2014-01-16,0.008640695130164078,1.0,0.008640695130164078,0.008640695130164078,0.6773032053930244,3.2338457463426806
2014-01-17,0.0012568697837191944,1.0,0.0012568697837191944,0.0012568697837191944,0.678154487326299,3.2379102693464676
2014-01-21,0.015856244083366722,1.0,0.015856244083366722,0.015856244083366722,0.6889074704035753,3.289251364897265
2014-01-22,-0.002133369605762603,1.0,-0.002133369605762603,-0.002133369605762603,0.6874377761450334,3.28223417600968
2014-01-23,-0.000675110828504133,1.0,-0.000675110828504133,-0.000675110828504133,0.6869736794584351,3.2800183041757696
2014-01-24,-0.01959502686636716,1.0,-0.01959502686636716,-0.01959502686636716,0.67351241175296,3.215746257383269
2014-01-27,-0.0019525254338920162,1.0,-0.0019525254338920162,-0.0019525254338920162,0.6721973616389704,3.2094674310267854
2014-01-28,0.021751688015926973,1.0,0.021751688015926973,0.021751688015926973,0.6868187889344705,3.2792787652837587
2014-01-29,-0.00011275938170307587,1.0,-0.00011275938170307587,-0.00011275938170307587,0.6867413436724882,3.278908995837753
2014-01-30,0.02467048094668778,1.0,0.02467048094668778,0.02467048094668778,0.7036835829068631,3.3598012577454917
2014-01-31,0.010663618840254241,1.0,0.010663618840254241,0.010663618840254241,0.7111873964191263,3.3956288977370965
2014-02-03,-0.0077228196346254,1.0,-0.0077228196346254,-0.0077228196346254,0.7056950244301625,3.369405068213751
2014-02-04,-0.011839352647523782,1.0,-0.011839352647523782,-0.011839352647523782,0.6973400521743309,3.3295134933988146
2014-02-05,-0.008653227969069976,1.0,-0.008653227969069976,-0.008653227969069976,0.6913058097309033,3.30070245411434
2014-02-06,0.004700165463311423,1.0,0.004700165463311423,0.004700165463311423,0.694555061422387,3.3162163017938355
2014-02-07,0.00924485109623352,1.0,0.00924485109623352,0.00924485109623352,0.7009761195433722,3.3468742277068215
2014-02-10,0.008056283738463454,1.0,0.008056283738463454,0.008056283738463454,0.7066233820563007,3.3738375961221783
2014-02-11,0.007006785611676669,1.0,0.007006785611676669,0.007006785611676669,0.7115745406025671,3.397477352846821
2014-02-12,0.0023918632330663936,1.0,0.0023918632330663936,0.0023918632330663936,0.7132765295838205,3.405603654012271
2014-02-13,0.007049890853287888,1.0,0.007049890853287888,0.007049890853287888,0.7183050512655984,3.429612788062616
2014-02-14,0.004523498318379948,1.0,0.004523498318379948,0.004523498318379948,0.7215543029570821,3.445126635742112
2014-02-18,0.0008575111098565458,1.0,0.0008575111098565458,0.0008575111098565458,0.7221730437882327,3.4480808701071237
2014-02-19,-0.009747850269053226,1.0,-0.009747850269053226,-0.009747850269053226,0.7151334090890386,3.4144694940697327
2014-02-20,0.00010783548232939921,1.0,0.00010783548232939921,0.00010783548232939921,0.7152105258451376,3.4148376950345245
2014-02-21,0.001189966571160106,1.0,0.001189966571160106,0.001189966571160106,0.7160616024622352,3.418901237737553
2014-02-24,-0.008427331953130945,1.0,-0.008427331953130945,-0.008427331953130945,0.710027113639395,3.3900890220921687
2014-02-25,-0.0015247180249037262,1.0,-0.0015247180249037262,-0.0015247180249037262,0.7089445225010587,3.3849200922541565
2014-02-26,-0.005004777956781448,1.0,-0.005004777956781448,-0.005004777956781448,0.7053964125822644,3.3679793187909763
2014-02-27,0.0013263247996191385,1.0,0.0013263247996191385,0.0013263247996191385,0.7063319973378346,3.3724463532860933
2014-02-28,0.008942229208863672,1.0,0.008942229208863672,0.008942229208863672,0.7126481799555839,3.402603541571774
2014-03-03,-0.012145506374685255,1.0,-0.012145506374685255,-0.012145506374685255,0.7039927069430255,3.3612771985670875
2014-03-04,0.01528583107716508,1.0,0.01528583107716508,0.01528583107716508,0.7147538205409127,3.4126571140279105
2014-03-05,-0.011018848829156824,1.0,-0.011018848829156824,-0.011018848829156824,0.7068780562423101,3.3750535611826904
2014-03-06,0.0009925423968266678,1.0,0.0009925423968266678,0.0009925423968266678,0.707579662682517,3.378403444933725
2014-03-07,0.011682118246017836,1.0,0.011682118246017836,0.011682118246017836,0.7158456919704517,3.4178703534601946
2014-03-10,-0.006754407964221887,1.0,-0.006754407964221887,-0.006754407964221887,0.7110105781274525,3.3947846627241054
2014-03-11,-0.002412472503634966,1.0,-0.002412472503634966,-0.002412472503634966,0.7092952846579265,3.386594838069522
2014-03-12,0.013522532304875767,1.0,0.013522532304875767,0.013522532304875767,0.7188867530584093,3.4323901761708426
2014-03-13,0.017246648192344782,1.0,0.017246648192344782,0.017246648192344782,0.7312851399785447,3.4915874019981215
2014-03-14,0.005118718005906686,1.0,0.005118718005906686,0.005118718005906686,0.7350283823920049,3.509459853301926
2014-03-17,0.005834664903976661,1.0,0.005834664903976661,0.005834664903976661,0.7393170266981742,3.529936375539902
2014-03-18,-0.0035864658071042,1.0,-0.0035864658071042,-0.0035864658071042,0.7366654914613113,3.517276379427775
2014-03-19,-0.012384431427316156,1.0,-0.012384431427316156,-0.012384431427316156,0.7275423081974386,3.4737169112958326
2014-03-20,0.002572017622243461,1.0,0.002572017622243461,0.002572017622243461,0.7294135598350501,3.482651372406371
2014-03-21,0.011011768277050527,1.0,0.011011768277050527,0.011011768277050527,0.7374456929340921,3.521001522309062
2014-03-24,-0.0051817545310144375,1.0,-0.0051817545310144375,-0.0051817545310144375,0.7336244303733538,3.502756556717128
2014-03-25,0.005208744968857593,1.0,0.005208744968857593,0.005208744968857593,0.737445692934092,3.5210015223090614
2014-03-26,-0.007296374553686369,1.0,-0.007296374553686369,-0.007296374553686369,0.7320650129454421,3.4953109763981947
2014-03-27,0.007775631560419161,1.0,0.007775631560419161,0.007775631560419161,0.7377572807643794,3.522489226739756
2014-03-28,0.001162839237976332,1.0,0.001162839237976332,0.001162839237976332,0.7386151738785549,3.526585315427958
2014-03-31,0.009501724053388338,1.0,0.009501724053388338,0.009501724053388338,0.7456332914423944,3.5600939559458857
2014-04-01,-0.007948377182460886,1.0,-0.007948377182460886,-0.007948377182460886,0.7397067168022105,3.5317969863790286
2014-04-02,-0.008644129481747531,1.0,-0.008644129481747531,-0.008644129481747531,0.7333125961636537,3.5012676759255226
2014-04-03,0.005954934811203572,1.0,0.005954934811203572,0.005954934811203572,0.7376794248700428,3.5221174966922333
2014-04-04,0.00433366431992388,1.0,0.00433366431992388,0.00433366431992388,0.7408762798731441,3.537381171618228
2014-04-07,-0.011682529181658685,1.0,-0.011682529181658685,-0.011682529181658685,0.7322209711135274,3.496055612854148
2014-04-08,0.02768913026385933,1.0,0.02768913026385933,0.02768913026385933,0.7524955329646194,3.592858352128163
2014-04-09,-0.0007256639814516852,1.0,-0.0007256639814516852,-0.0007256639814516852,0.7519494740601437,3.590251144231566
2014-04-10,-0.006844259618344006,1.0,-0.006844259618344006,-0.006844259618344006,0.7468029366397988,3.5656785333053884
2014-04-11,-0.00647375746261436,1.0,-0.00647375746261436,-0.00647375746261436,0.7419683155556246,3.5425951952911188
2014-04-14,0.010089479614719732,1.0,0.010089479614719732,0.010089479614719732,0.749454389750191,3.5783381372972127
2014-04-15,0.011757456731947835,1.0,0.011757456731947835,0.011757456731947835,0.7582660673102471,3.6204102931187636
2014-04-16,0.006890137634874893,1.0,0.006890137634874893,0.006890137634874893,0.7634906248778701,3.64535541833307
2014-04-17,-0.013481599518443632,1.0,-0.013481599518443632,-0.013481599518443632,0.7531975500371804,3.596210196480715
2014-04-21,0.000931285805736648,1.0,0.000931285805736648,0.000931285805736648,0.7538989922244456,3.599559295991143
2014-04-22,-0.003413062603570549,1.0,-0.003413062603570549,-0.003413062603570549,0.7513258877672148,3.587273774768661
2014-04-23,0.001245026316620823,1.0,0.001245026316620823,0.001245026316620823,0.7522613082698435,3.5917400250231717
2014-04-24,0.002280838067156843,1.0,0.002280838067156843,0.002280838067156843,0.7539770944981946,3.5999322023995752
2014-04-25,0.010135411493894297,1.0,0.010135411493894297,0.010135411493894297,0.7616189626079046,3.6364189966210163
2014-04-28,-0.004095330327064661,1.0,-0.004095330327064661,-0.004095330327064661,0.758499881372669,3.62152665962224
2014-04-29,0.007196488776119336,1.0,0.007196488776119336,0.007196488776119336,0.7639584172556553,3.647588935580629
2014-04-30,0.019189399862548973,1.0,0.019189399862548973,0.019189399862548973,0.7786183208027341,3.717583978199695
2014-05-01,0.0012015961229960848,1.0,0.0012015961229960848,0.0012015961229960848,0.7795539055583044,3.722051012694812
2014-05-02,-0.019806123292859357,1.0,-0.019806123292859357,-0.019806123292859357,0.7641139647913866,3.6483316114350663
2014-05-05,-0.00040788412608483426,1.0,-0.00040788412608483426,-0.00040788412608483426,0.7638022948346285,3.6468435148840683
2014-05-06,-0.0009190008341650735,1.0,-0.0009190008341650735,-0.0009190008341650735,0.7631003598885383,3.6434920626518204
2014-05-07,0.014306422317123424,1.0,0.014306422317123424,0.014306422317123424,0.7740175959074526,3.6956173988092043
2014-05-08,-0.007757485832710076,1.0,-0.007757485832710076,-0.007757485832710076,0.7680131653729322,3.666948699194825
2014-05-09,-0.015940389180835624,1.0,-0.015940389180835624,-0.015940389180835624,0.7557707366208821,3.6084961098235
2014-05-12,-0.011453054776391247,1.0,-0.011453054776391247,-0.011453054776391247,0.7471148529759696,3.567167806217297
2014-05-13,0.002818032860048225,1.0,0.002818032860048225,0.002818032860048225,0.749220247181886,3.5772202023125232
2014-05-14,0.005516531068112895,1.0,0.005516531068112895,0.005516531068112895,0.753353343952324,3.596954048696061
2014-05-15,-0.003519643548606566,1.0,-0.003519643548606566,-0.003519643548606566,0.750701808715461,3.584294052583934
2014-05-16,0.003428036183258376,1.0,0.003428036183258376,0.003428036183258376,0.7532752416785751,3.5965811422876297
2014-05-19,-0.0196688078252647,1.0,-0.0196688078252647,-0.0196688078252647,0.7384592157104694,3.525840678972003
2014-05-20,0.017212145557718994,-1.0,-0.017212145557718994,-0.019212145557718996,0.7242718297698008,3.5865279619517962
2014-05-21,-0.0005192150570398901,1.0,-0.0005192150570398901,-0.00251921505703989,0.7224472332708548,3.5846657826314563
2014-05-22,0.00373943719747305,1.0,0.00373943719747305,0.00373943719747305,0.7251487793281594,3.5980704151995373
2014-05-23,-0.0018625894799821907,1.0,-0.0018625894799821907,-0.0018625894799821907,0.7237981248403608,3.5913686870959514
2014-05-27,0.0007254190594359056,1.0,0.0007254190594359056,0.0007254190594359056,0.724323181795304,3.593973934391032
2014-05-28,0.00859866926889219,1.0,0.00859866926889219,0.00859866926889219,0.7305513972793535,3.6248773276138797
2014-05-29,-0.0008796773016537252,1.0,-0.0008796773016537252,-0.0008796773016537252,0.7299087477974754,3.6216886053074986
2014-05-30,0.008389627428780688,1.0,0.008389627428780688,0.008389627428780688,0.7360324102485041,3.6520732233690887
2014-06-02,-0.0018488982037664359,1.0,-0.0018488982037664359,-0.0018488982037664359,0.7346715612472817,3.6453209117463783
2014-06-03,-0.00020588537433974263,1.0,-0.00020588537433974263,-0.00020588537433974263,0.7345203031178775,3.644570393485875
2014-06-04,0.00164645386244211,1.0,0.00164645386244211,0.00164645386244211,0.7357296569079881,3.650571010487172
2014-06-05,0.004624254980545306,1.0,0.004624254980545306,0.004624254980545306,0.7391318584382798,3.6674521816642516
2014-06-06,-0.0033755396068053667,1.0,-0.0033755396068053667,-0.0033755396068053667,0.7366368895754697,3.655072551568979
2014-06-09,-0.01087852085931329,1.0,-0.01087852085931329,-0.01087852085931329,0.7286233698064832,3.6153107685744326
2014-06-10,-0.0062253373192036054,1.0,-0.0062253373192036054,-0.0062253373192036054,0.724087443550783,3.5928042395263073
2014-06-11,-0.009187225545852384,-1.0,0.009187225545852384,0.007187225545852384,0.7292916233225022,3.5597963366356846
2014-06-12,0.007586529985095236,-1.0,-0.007586529985095236,-0.007586529985095236,0.7237588305542872,3.5868028382844033
2014-06-13,0.012131690571978382,-1.0,-0.012131690571978382,-0.012131690571978382,0.7149784123732656,3.6303168204611636
2014-06-16,0.003926261461361991,1.0,0.003926261461361991,0.0019262614613619906,0.716355647734726,3.6445703934858744
2014-06-17,0.006072609874139934,1.0,0.006072609874139934,0.006072609874139934,0.7207057961145559,3.666702447644355
2014-06-18,0.019846084301691658,1.0,0.019846084301691658,0.019846084301691658,0.7350089841009632,3.739472133529524
2014-06-19,0.004715020946269632,1.0,0.004715020946269632,0.004715020946269632,0.7384745668566955,3.757103822967107
2014-06-20,-0.0016975407211474725,1.0,-0.0016975407211474725,-0.0016975407211474725,0.7372209762079246,3.7507259862340416
2014-06-23,-0.0036004312697545116,1.0,-0.0036004312697545116,-0.0036004312697545116,0.7345666627524666,3.7372217551089237
2014-06-24,0.011041460930263591,1.0,0.011041460930263591,0.011041460930263591,0.7426773518599221,3.77848614310569
2014-06-25,0.010125634622860646,1.0,0.010125634622860646,0.010125634622860646,0.7501974313675294,3.81674571321832
2014-06-26,-0.0034393204000694455,1.0,-0.0034393204000694455,-0.0034393204000694455,0.7476172620377474,3.8036187018249707
2014-06-27,0.0019720350197296455,1.0,0.0019720350197296455,0.0019720350197296455,0.7490915894598402,3.8111195711066683
2014-06-30,0.008661255212716323,1.0,0.008661255212716323,0.008661255212716323,0.7555796628938513,3.844128650358201
2014-07-01,-0.010050755642763032,1.0,-0.010050755642763032,-0.010050755642763032,0.7479855163334639,3.805492252634106
2014-07-02,-0.017249722047911864,1.0,-0.017249722047911864,-0.017249722047911864,0.7350829740808478,3.739848569020686
2014-07-03,-0.014844661123566638,1.0,-0.014844661123566638,-0.014844661123566638,0.7241709164329141,3.6843317843601184
2014-07-07,0.002647531556775329,1.0,0.002647531556775329,0.002647531556775329,0.7260881817866691,3.694086169024842
2014-07-08,0.004264288439259634,1.0,0.004264288439259634,0.004264288439259634,0.7291844312261451,3.7098388179690436
2014-07-09,-0.0007073269752121414,1.0,-0.0007073269752121414,-0.0007073269752121414,0.728668659408034,3.707214748899405
2014-07-10,0.0056659000649335045,1.0,0.0056659000649335045,0.0056659000649335045,0.732797223212689,3.728219457185917
2014-07-11,-0.004225457585240622,1.0,-0.004225457585240622,-0.004225457585240622,0.7297008196274217,3.712466024001109
2014-07-14,-0.01566140183789655,1.0,-0.01566140183789655,-0.01566140183789655,0.7182726818697942,3.65432360178969
2014-07-15,0.009238583538800915,-1.0,-0.009238583538800915,-0.011238583538800915,0.710200314330962,3.6880843756626356
2014-07-16,0.004067942431932314,1.0,0.004067942431932314,0.0020679424319323143,0.7116689676961386,3.7030872905869403
2014-07-17,-0.011547739548037783,1.0,-0.011547739548037783,-0.011547739548037783,0.7034507998127627,3.6603250030315935
2014-07-18,0.012297772001004015,-1.0,-0.012297772001004015,-0.014297772001004015,0.6933930206631159,3.70533884536845
2014-07-21,-0.0010124350560533069,1.0,-0.0010124350560533069,-0.003012435056053307,0.6913042192200477,3.701587430426843
2014-07-22,-0.0033446229674632955,1.0,-0.0033446229674632955,-0.0033446229674632955,0.6889920672509401,3.689207016090964
2014-07-23,0.00142373454232958,1.0,0.00142373454232958,0.00142373454232958,0.6899730090564763,3.6944594675535773
2014-07-24,0.0023353410990527568,1.0,0.0023353410990527568,0.0023353410990527568,0.691584331381763,3.70308729058694
2014-07-25,-0.002734929640790029,1.0,-0.002734929640790029,-0.002734929640790029,0.6896928968947611,3.692959607393481
2014-07-28,0.011478112216863012,1.0,0.011478112216863012,0.011478112216863012,0.6976092693604925,3.735347812179486
2014-07-29,-0.011850063379006404,1.0,-0.011850063379006404,-0.011850063379006404,0.6893425553047883,3.691083703862526
2014-07-30,-0.020934882415975742,1.0,-0.020934882415975742,-0.020934882415975742,0.6749112499651543,3.61381130053464
2014-07-31,-0.02543066584288889,-1.0,0.02543066584288889,0.023430665842888887,0.6907248699366942,3.521909672931488
2014-08-01,-0.0007456266386779431,-1.0,0.0007456266386779431,0.0007456266386779431,0.6912398927997164,3.5192836432603327
2014-08-04,0.00245147359167297,-1.0,-0.00245147359167297,-0.00245147359167297,0.6895453364570071,3.527911074173392
2014-08-05,-0.015523820575097602,-1.0,0.015523820575097602,0.015523820575097602,0.700249714538561,3.4731444156530245
2014-08-06,-0.0025914088918754796,-1.0,0.0025914088918754796,0.0025914088918754796,0.7020643478753494,3.4641440783315334
2014-08-07,0.017541446829781426,-1.0,-0.017541446829781426,-0.017541446829781426,0.6897491234460088,3.524910177492288
2014-08-08,0.015749621302252992,-1.0,-0.015749621302252992,-0.015749621302252992,0.6788858359581732,3.580426177912249
2014-08-11,-0.0058670861635463645,-1.0,0.0058670861635463645,0.0058670861635463645,0.682868917652951,3.559419509024221
2014-08-12,0.00010586771537024475,-1.0,-0.00010586771537024475,-0.00010586771537024475,0.6827966238807417,3.559796336635686
2014-08-13,0.00895660621169525,-1.0,-0.00895660621169525,-0.00895660621169525,0.6766810833979668,3.591680030616767
2014-08-14,0.00459548728890824,-1.0,-0.00459548728890824,-0.00459548728890824,0.6735714040805668,3.608185550543292
2014-08-15,0.0019747371445655304,-1.0,-0.0019747371445655304,-0.0019747371445655304,0.6722412776094118,3.6153107685744343
2014-08-18,-0.0024895058537498516,-1.0,0.0024895058537498516,0.0024895058537498516,0.6739148262051526,3.6063104312529433
2014-08-19,0.012273091869923425,-1.0,-0.012273091869923425,-0.012273091869923425,0.6656438076306334,3.6505710104871736
2014-08-20,0.004315871062653853,-1.0,-0.004315871062653853,-0.004315871062653853,0.6627709747832455,3.6663264042734984
2014-08-21,0.002762351759421744,1.0,0.002762351759421744,0.0007623517594217439,0.6632762394019652,3.676454087466958
2014-08-22,-0.00377523829351889,1.0,-0.00377523829351889,-0.00377523829351889,0.6607722135437937,3.6625745972115884
2014-08-25,0.00542833332405479,-1.0,-0.00542833332405479,-0.0074283333240547905,0.6558637772903169,3.6824562729494685
2014-08-26,-0.014770519316134045,1.0,-0.014770519316134045,-0.016770519316134047,0.6448646011445169,3.6280644814390492
2014-08-27,0.009323499661223922,-1.0,-0.009323499661223922,-0.011323499661223922,0.6375624770519217,3.661890739402645
2014-08-28,0.00660574307408357,-1.0,-0.00660574307408357,-0.00660574307408357,0.6333509031348404,3.686080248792505
2014-08-29,0.009432809159543698,1.0,0.009432809159543698,0.007432809159543698,0.6380584795288664,3.7208503403261277
2014-09-02,-0.012391963665921102,1.0,-0.012391963665921102,-0.012391963665921102,0.6301516820338118,3.6747416981024763
2014-09-03,0.0038052748423005323,1.0,0.0038052748423005323,0.0038052748423005323,0.6325495823762884,3.6887251002382184
2014-09-04,-0.0037908496176196627,1.0,-0.0037908496176196627,-0.0037908496176196627,0.6301516820338118,3.6747416981024763
2014-09-05,0.007096435829403447,1.0,0.007096435829403447,0.007096435829403447,0.6346235130081553,3.700819266752694
2014-09-08,-0.006944078752536664,1.0,-0.006944078752536664,-0.006944078752536664,0.6302166373556153,3.6751204863154583
2014-09-09,-0.015836979754772273,1.0,-0.015836979754772273,-0.015836979754772273,0.6202359092286938,3.6169176775773315
2014-09-10,-0.0008366218560277305,-1.0,0.0008366218560277305,-0.0011633781439722695,0.6195143403277903,3.6138916851968172
2014-09-11,0.005543124055543913,-1.0,-0.005543124055543913,-0.005543124055543913,0.6160802954851649,3.633923935131162
2014-09-12,-0.021321259429590067,-1.0,0.021321259429590067,0.021321259429590067,0.6292159032946626,3.5564441001628335
2014-09-15,0.0008505169586290329,-1.0,-0.0008505169586290329,-0.0008505169586290329,0.6286807444982714,3.559468916182438
2014-09-16,0.010087147419132858,-1.0,-0.010087147419132858,-0.010087147419132858,0.6223391491489472,3.5953738038737915
2014-09-17,0.0016814159099003412,-1.0,-0.0016814159099003412,-0.0016814159099003412,0.6212927382022143,3.6014191225896637
2014-09-18,-0.00745050751403864,-1.0,0.00745050751403864,0.00745050751403864,0.6259216844166077,3.574586722355607
2014-09-19,0.005920659022563113,-1.0,-0.005920659022563113,-0.005920659022563113,0.6222158155483486,3.595750631485256
2014-09-22,-0.005465419428247631,-1.0,0.005465419428247631,0.005465419428247631,0.6256164859552096,3.5760983461248026
2014-09-23,-0.0007400299630445639,-1.0,0.0007400299630445639,0.0007400299630445639,0.6260794609001911,3.573451926197876
2014-09-24,-0.003913025921218005,-1.0,0.003913025921218005,0.003913025921218005,0.6285293260594357,3.5594689161824373
2014-09-25,-0.01104258753408982,-1.0,0.01104258753408982,0.01104258753408982,0.6354699161601894,3.5201631691006208
2014-09-26,0.0032209184702713944,-1.0,-0.0032209184702713944,-0.0032209184702713944,0.6334231193699272,3.531501327670346
2014-09-29,0.0017122709680743586,-1.0,-0.0017122709680743586,-0.0017122709680743586,0.632338527352123,3.537548214867432
2014-09-30,0.0029911582094905853,-1.0,-0.0029911582094905853,-0.0029911582094905853,0.6304471027748565,3.5481295812518017
2014-10-01,0.004367539017750222,-1.0,-0.004367539017750222,-0.004367539017750222,0.6276936004548598,3.563626175637953
2014-10-02,-0.005514907746332676,-1.0,0.005514907746332676,0.005514907746332676,0.6311552727543317,3.5439731060368933
2014-10-03,0.004905745469061973,-1.0,-0.004905745469061973,-0.004905745469061973,0.6280589856347426,3.561358936044311
2014-10-06,-0.006049340740551523,-1.0,0.006049340740551523,0.006049340740551523,0.6318583284440124,3.539815062340771
2014-10-07,-0.006832887097792617,-1.0,0.006832887097792617,0.006832887097792617,0.6361757450640704,3.515627905672731
2014-10-08,0.024725935670071975,-1.0,-0.024725935670071975,-0.024725935670071975,0.6204457045167561,3.6025550951083045
2014-10-09,-0.018149477347820464,1.0,-0.018149477347820464,-0.020149477347820466,0.6079440478480432,3.5371706030153613
2014-10-10,0.00042757564718898244,-1.0,-0.00042757564718898244,-0.0024275756471889825,0.6064682176826338,3.5386830110251637
2014-10-13,-0.008972037511733366,-1.0,0.008972037511733366,0.008972037511733366,0.6119094732813564,3.506933814308112
2014-10-14,0.005927535202881584,-1.0,-0.005927535202881584,-0.005927535202881584,0.6082823583375044,3.527721287946599
2014-10-15,-0.01628439326815856,-1.0,0.01628439326815856,0.01628439326815856,0.6181878674787554,3.470274487153222
2014-10-16,0.01688074327473643,-1.0,-0.01688074327473643,-0.01688074327473643,0.6077523967922898,3.5288552998637233
2014-10-17,0.009424829600129803,-1.0,-0.009424829600129803,-0.009424829600129803,0.602024434013452,3.562114159748454
2014-10-20,0.009337051715289757,-1.0,-0.009337051715289757,-0.009337051715289757,0.5964033007392003,3.595373803873791
2014-10-21,0.004099548721362645,-1.0,-0.004099548721362645,-0.004099548721362645,0.5939583163502384,3.6101132139542824
2014-10-22,0.010573339023425055,1.0,0.010573339023425055,0.008573339023425055,0.5990505223620918,3.6482841648783677
2014-10-23,0.01315671810551855,1.0,0.01315671810551855,0.01315671810551855,0.6069320612157735,3.6962836112044997
2014-10-24,0.005725726528531316,1.0,0.005725726528531316,0.005725726528531316,0.6104071882196929,3.7174475203341486
2014-10-27,-0.002745039093917656,1.0,-0.002745039093917656,-0.002745039093917656,0.6087315966248215,3.707242981561244
2014-10-28,0.01060294884334212,1.0,0.01060294884334212,0.01060294884334212,0.6151859466031604,3.746550689244577
2014-10-29,-0.0053467467747193576,1.0,-0.0053467467747193576,-0.0053467467747193576,0.6118967031273073,3.726518831430536
2014-10-30,0.013286355597706079,1.0,0.013286355597706079,0.013286355597706079,0.6200265803141206,3.7760306857664703
2014-10-31,0.0031029797577846185,1.0,0.0031029797577846185,0.0031029797577846185,0.6219505102421238,3.787747632549177
2014-11-03,0.0058866479420542905,1.0,0.0058866479420542905,0.0058866479420542905,0.6256117139333002,3.8100447693553434
2014-11-04,0.0014876725411978597,1.0,0.0014876725411978597,0.0014876725411978597,0.6265424193015705,3.815712868339448
2014-11-05,0.038827352860324904,1.0,0.038827352860324904,0.038827352860324904,0.6508694028977542,3.963866898292146
2014-11-06,-0.008866925193813713,1.0,-0.008866925193813713,-0.008866925193813713,0.6450981925913176,3.928719587026755
2014-11-07,0.007503516509203445,1.0,0.007503516509203445,0.007503516509203445,0.6499386975294839,3.958198799308041
2014-11-10,0.00840252386781204,1.0,0.00840252386781204,0.00840252386781204,0.65539982294809,3.991457659192772
2014-11-11,-0.007669685316066155,1.0,-0.007669685316066155,-0.007669685316066155,0.6503731125498726,3.9608444349943612
2014-11-12,-0.016316745857751114,1.0,-0.016316745857751114,-0.016316745857751114,0.6397611397596817,3.8962163429664702
2014-11-13,-0.007954588227100712,1.0,-0.007954588227100712,-0.007954588227100712,0.6346721033291929,3.8652235463144717
2014-11-14,-0.004106728060463971,1.0,-0.004106728060463971,-0.004106728060463971,0.6320656775932572,3.849350124316856
2014-11-17,0.01335339019256665,1.0,0.01335339019256665,0.01335339019256665,0.6405058972134889,3.900751998514664
2014-11-18,0.001259569283598605,1.0,0.001259569283598605,0.001259569283598605,0.6413126587675828,3.9056652659149287
2014-11-19,0.003580286886788908,1.0,0.003580286886788908,0.003580286886788908,0.6436087420701001,3.919648668050671
2014-11-20,-0.006267384391172692,1.0,-0.006267384391172692,-0.006267384391172692,0.6395749986860276,3.895082723169649
2014-11-21,0.006597950930533614,1.0,0.006597950930533614,0.006597950930533614,0.6437948831437541,3.9207822878474916
2014-11-24,-0.005012337823848467,1.0,-0.005012337823848467,-0.005012337823848467,0.6405679657001726,3.9011300024870383
2014-11-25,0.0034632286135958257,1.0,0.0034632286135958257,0.0034632286135958257,0.6427863990079383,3.9146405075370088
2014-11-26,0.0034029952528551455,1.0,0.0034029952528551455,0.0034029952528551455,0.6449737980723622,3.9279620106007918
2014-11-28,0.011530924146049504,1.0,0.011530924146049504,0.011530924146049504,0.6524109420141241,3.9732550425935935
2014-12-01,0.004023884939372335,1.0,0.004023884939372335,0.004023884939372335,0.6550361685779764,3.989242963719771
2014-12-02,0.0028623333639357096,1.0,0.0028623333639357096,0.0028623333639357096,0.6569111004578818,4.000661506951672
2014-12-03,-0.0068504831789582,1.0,-0.0068504831789582,-0.0068504831789582,0.6524109420141242,3.973255042593594
2014-12-04,-0.00862135581226997,1.0,-0.00862135581226997,-0.00862135581226997,0.6467862751472022,3.939000197138499
2014-12-05,-0.005410742264085999,1.0,-0.005410742264085999,-0.005410742264085999,0.6432866813124325,3.9176872822935986
2014-12-08,0.007189045698373198,1.0,0.007189045698373198,0.007189045698373198,0.6479112986615424,3.945851715197943
2014-12-09,0.008874316049314102,1.0,0.008874316049314102,0.008874316049314102,0.6536610682977865,3.9808684504023377
2014-12-10,-0.030117627173170347,1.0,-0.030117627173170347,-0.030117627173170347,0.6339743479451775,3.8609741385876837
2014-12-11,0.010252374420625987,1.0,0.010252374420625987,0.010252374420625987,0.6404740903333836,3.9005582910848386
2014-12-12,-0.01629599679351823,1.0,-0.01629599679351823,-0.01629599679351823,0.6300369266109793,3.8369948056803893
2014-12-15,-0.0014875451815278273,1.0,-0.0014875451815278273,-0.0014875451815278273,0.6290997182166146,3.831287102545652
2014-12-16,0.004172273143778105,1.0,0.004172273143778105,0.004172273143778105,0.6317244940756881,3.8472722788297067
2014-12-17,0.02018201370458761,1.0,0.02018201370458761,0.02018201370458761,0.6444739664726473,3.924917980686328
2014-12-18,0.0225951933138544,1.0,0.0225951933138544,0.0225951933138544,0.6590359803308433,4.013602261200958
2014-12-19,0.0039827504679725845,1.0,0.0039827504679725845,0.0039827504679725845,0.6616607561899167,4.029587437485012
2014-12-22,0.0006612233887994812,1.0,0.0006612233887994812,0.0006612233887994812,0.6620982617573602,4.032251894945889
2014-12-23,0.0035869181201455547,1.0,0.0035869181201455547,0.0035869181201455547,0.6644731540097746,4.046715252332862
2014-12-24,0.015613241982673332,1.0,0.015613241982673332,0.015613241982673332,0.6748477341543193,4.10989759680251
2014-12-26,0.012131893856590636,1.0,0.012131893856590636,0.012131893856590636,0.6830349152344402,4.1597584382083745
2014-12-29,0.011071349018364929,1.0,0.011071349018364929,0.011071349018364929,0.6905970331727299,4.205812575709868
2014-12-30,-0.02416281008579113,1.0,-0.02416281008579113,-0.02416281008579113,0.6739102682143664,4.104188325186558
2014-12-31,-0.014281829841355287,1.0,-0.014281829841355287,-0.014281829841355287,0.6642855964353868,4.045573005889367
2015-01-02,0.0037633371079461853,1.0,0.0037633371079461853,0.0037633371079461853,0.6667855270707262,4.060797860905336
2015-01-05,-0.01059173426033222,1.0,-0.01059173426033222,-0.01059173426033222,0.6597231119593575,4.017786969077702
2015-01-06,0.0038845196203278753,1.0,0.0038845196203278753,0.0038845196203278753,0.6622858193317473,4.0333941413893815
2015-01-07,0.00915360261416498,1.0,0.00915360261416498,0.00915360261416498,0.6683481205389068,4.070314228545961
2015-01-08,0.0060778771725471525,1.0,0.0060778771725471525,0.0060778771725471525,0.672410258324045,4.095053098480734
2015-01-09,-0.008829534635360181,1.0,-0.008829534635360181,-0.008829534635360181,0.6664731886590014,4.058895685314059
2015-01-12,-0.002531989443877225,1.0,-0.002531989443877225,-0.002531989443877225,0.6647856855806896,4.048618604285045
2015-01-13,0.003948497521535144,1.0,0.003948497521535144,0.003948497521535144,0.667410590212557,4.064604564809706
2015-01-14,0.006179992722156635,1.0,0.006179992722156635,0.006179992722156635,0.6715351828027608,4.089723791438675
2015-01-15,-0.0038153293534429755,1.0,-0.0038153293534429755,-0.0038153293534429755,0.6689730549079438,4.074120148209725
2015-01-16,0.011023703136918028,1.0,0.011023703136918028,0.011023703136918028,0.6763476152718462,4.119032039267726
2015-01-20,0.0065608004027983835,1.0,0.0065608004027983835,0.0065608004027983835,0.6807849969785534,4.146056186330093
2015-01-21,0.008813129591166646,1.0,0.008813129591166646,0.008813129591166646,0.6867848433806474,4.182595916792478
2015-01-22,-0.003094234027780529,1.0,-0.003094234027780529,-0.003094234027780529,0.684659770348495,4.169653986182284
2015-01-23,-0.0006389176054902856,1.0,-0.0006389176054902856,-0.0006389176054902856,0.6842223291674484,4.166989920841709
2015-01-26,0.0024662140067366334,1.0,0.0024662140067366334,0.0024662140067366334,0.6859097678593631,4.1772666097504185
2015-01-27,0.013393944610839537,1.0,0.013393944610839537,0.013393944610839537,0.6950968052981052,4.233216687346125
2015-01-28,-0.01168816239859749,1.0,-0.01168816239859749,-0.01168816239859749,0.6869724009550346,4.183738163235971
2015-01-29,0.01582956770248578,1.0,0.01582956770248578,0.01582956770248578,0.6978468770856916,4.249964929740389
2015-01-30,-0.021672806398644218,1.0,-0.021672806398644218,-0.021672806398644218,0.682722576822715,4.157856262617098
2015-02-02,0.0075975699394974505,1.0,0.0075975699394974505,0.0075975699394974505,0.6879096093493995,4.189445866370709
2015-02-03,0.001544447005887184,1.0,0.001544447005887184,0.001544447005887184,0.6889720492858802,4.195916243495351
2015-02-04,-0.007256800189597179,1.0,-0.007256800189597179,-0.007256800189597179,0.6839723167879953,4.165467317704021
2015-02-05,0.002466833073957453,1.0,0.002466833073957453,0.002466833073957453,0.6856595623207192,4.175742830251822
2015-02-06,-0.03563903816806935,1.0,-0.03563903816806935,-0.03563903816806935,0.6612233150088694,4.026923372144435
2015-02-09,-0.012098217537332423,-1.0,0.012098217537332423,0.010098217537332423,0.6679004918845851,3.978204777182064
2015-02-10,0.03166844218957854,-1.0,-0.03166844218957854,-0.03166844218957854,0.6467491237689471,4.104188325186559
2015-02-11,-0.02568852936410637,1.0,-0.02568852936410637,-0.027688529364106373,0.6288415916642606,3.9987577628791815
2015-02-12,0.0026650890688690865,-1.0,-0.0026650890688690865,-0.0046650890688690865,0.6259079896289373,4.009414808482086
2015-02-13,-0.01632817963804456,-1.0,0.01632817963804456,0.01632817963804456,0.636127927720486,3.9439483632457546
2015-02-17,-0.0019302036606460016,-1.0,0.0019302036606460016,0.0019302036606460016,0.6373557841752111,3.936335739677619
2015-02-18,0.029684840264451395,-1.0,-0.029684840264451395,-0.029684840264451395,0.6184359795303458,4.0531852373372
2015-02-19,-0.009953770035870613,-1.0,0.009953770035870613,0.009953770035870613,0.6245917490524991,4.012840763571959
2015-02-20,0.0016123203948368303,-1.0,-0.0016123203948368303,-0.0016123203948368303,0.623584707037055,4.019310748576299
2015-02-23,0.003693196950927291,-1.0,-0.003693196950927291,-0.003693196950927291,0.621281685898381,4.03415485477777
2015-02-24,0.0008490429774181685,-1.0,-0.0008490429774181685,-0.0008490429774181685,0.6207541910459704,4.037580025627037
2015-02-25,-0.01452841269253935,-1.0,0.01452841269253935,0.01452841269253935,0.6297727641141097,3.9789203967355733
2015-02-26,-0.002890750180862822,-1.0,0.002890750180862822,0.002890750180862822,0.631593279845875,3.9674183318790712
2015-02-27,-0.00019351918291021786,-1.0,0.00019351918291021786,0.00019351918291021786,0.6317155052613224,3.966650560325223
2015-03-02,-0.018557613547462215,-1.0,0.018557613547462215,0.018557613547462215,0.6434386374799017,3.8930389921488833
2015-03-03,0.003939193255558138,-1.0,-0.003939193255558138,-0.003939193255558138,0.6409040083387754,3.908374425090381
2015-03-04,-0.005394950118808639,-1.0,0.005394950118808639,0.005394950118808639,0.6443616534947075,3.887288940021391
2015-03-05,0.007298019843827275,-1.0,-0.007298019843827275,-0.007298019843827275,0.6396590893609018,3.915658451844357
2015-03-06,-0.03358448846669193,-1.0,0.03358448846669193,0.03358448846669193,0.6611417126701575,3.7841530657288853
2015-03-09,0.0023305552360552984,-1.0,-0.0023305552360552984,-0.0023305552360552984,0.6596008853899196,3.7929722434702544
2015-03-10,-0.009501827823294562,-1.0,0.009501827823294562,0.009501827823294562,0.6658682994349873,3.756932074274265
2015-03-11,-0.00010197190919181143,-1.0,0.00010197190919181143,0.00010197190919181143,0.6659361992967509,3.756548972737947
2015-03-12,0.025923652306924394,-1.0,-0.025923652306924394,-0.025923652306924394,0.6486727008075872,3.8539324421811396
2015-03-13,0.000895156954651144,-1.0,-0.000895156954651144,-0.000895156954651144,0.648092036928167,3.8573823166095136
2015-03-16,0.02345718444254996,-1.0,-0.02345718444254996,-0.02345718444254996,0.632889622482195,3.9478656450756535
2015-03-17,0.003010132304383184,-1.0,-0.003010132304383184,-0.003010132304383184,0.6309845409844526,3.9597492429872605
2015-03-18,0.03505084320116403,-1.0,-0.03505084320116403,-0.03505084320116403,0.6088680007760481,4.098541792819135
2015-03-19,-0.013283352416932792,1.0,-0.013283352416932792,-0.015283352416932792,0.5995624565447945,4.044099417789591
2015-03-20,0.004834674062858868,1.0,0.004834674062858868,0.004834674062858868,0.6024611456025155,4.063651320352401
2015-03-23,-0.0023585203792197973,1.0,-0.0023585203792197973,-0.0023585203792197973,0.6010402287129238,4.054067115899306
2015-03-24,-0.008511597293118567,1.0,-0.008511597293118567,-0.008511597293118567,0.5959244163291556,4.019560529209497
2015-03-25,-0.013544652703901705,-1.0,0.013544652703901705,0.011544652703901705,0.6028041567534511,3.965116977819043
2015-03-26,-0.006768400011431974,-1.0,0.006768400011431974,0.006768400011431974,0.6068841764149124,3.9382794800210434
2015-03-27,0.007982636416669076,-1.0,-0.007982636416669076,-0.007982636416669076,0.6020396406875625,3.96971733321728
2015-03-30,0.011590004981369084,-1.0,-0.011590004981369084,-0.011590004981369084,0.5950619982530121,4.0157263768838956
2015-03-31,-0.006587894198811672,-1.0,0.006587894198811672,0.006587894198811672,0.5989822037392363,3.989271196381607
2015-04-01,0.006823844876783891,-1.0,-0.006823844876783891,-0.006823844876783891,0.5948948420969655,4.016493364197137
2015-04-02,-9.567497376017364e-05,1.0,-9.567497376017364e-05,-0.0020956749737601737,0.5936481358643639,4.01610908629991
2015-04-06,0.0075419596871051375,1.0,0.0075419596871051375,0.0075419596871051375,0.5981254061733781,4.0463984191278
2015-04-07,-0.011843948772385038,1.0,-0.011843948772385038,-0.011843948772385038,0.5910412395031985,3.9984730835389906
2015-04-08,-0.002397064172535268,-1.0,0.002397064172535268,0.0003970641725352681,0.5912759208038961,3.9888884869655925
2015-04-09,-0.00028802822951901064,-1.0,0.00028802822951901064,0.00028802822951901064,0.5914462249605225,3.987739574476943
2015-04-10,0.008556509720459404,-1.0,-0.008556509720459404,-0.008556509720459404,0.5863855095875188,4.021860706908615
2015-04-13,-0.010962491740765357,1.0,-0.010962491740765357,-0.012962491740765357,0.5787844922625861,3.977771092126621
2015-04-14,0.00587918569137913,-1.0,-0.00587918569137913,-0.00787918569137913,0.5742241417727586,4.001157147015033
2015-04-15,-0.0017246343604633285,1.0,-0.0017246343604633285,-0.0037246343604633286,0.5720853668037043,3.9942566139176776
2015-04-16,-0.004031491697086609,1.0,-0.004031491697086609,-0.004031491697086609,0.5697790093974103,3.978153801542635
2015-04-17,-0.0058787186658411095,-1.0,0.0058787186658411095,0.0038787186658411094,0.5719890218765645,3.95476735453392
2015-04-20,0.013087475139052174,-1.0,-0.013087475139052174,-0.013087475139052174,0.5645031297729443,4.006525273967117
2015-04-21,-0.010526257067222877,1.0,-0.010526257067222877,-0.012526257067222877,0.5574320184541565,3.9643515589870137
2015-04-22,-0.0010636952043409087,-1.0,0.0010636952043409087,-0.0009363047956590913,0.5569100921820239,3.960134697245398
2015-04-23,0.009584341861824885,-1.0,-0.009584341861824885,-0.009584341861824885,0.551572475472251,3.9980899820026723
2015-04-24,0.007383916171705307,1.0,0.007383916171705307,0.005383916171705307,0.5545420954428135,4.027611543276715
2015-04-27,-0.011708470742015198,1.0,-0.011708470742015198,-0.011708470742015198,0.5480492555431056,3.9804543713620566
2015-04-28,0.0026965537249392657,1.0,0.0026965537249392657,0.0026965537249392657,0.5495270998045906,3.991187880424104
2015-04-29,-0.013448376073515123,1.0,-0.013448376073515123,-0.013448376073515123,0.5421368527038304,3.937512884828105
2015-04-30,-0.01723451475931015,-1.0,0.01723451475931015,0.015234514759310149,0.5503960445879129,3.869651760899561
2015-05-01,0.009412646176756523,-1.0,-0.009412646176756523,-0.009412646176756523,0.5452153613631205,3.906075423752171
2015-05-04,0.008637422311535747,-1.0,-0.008637422311535747,-0.008637422311535747,0.5405061060362907,3.9398138467678296
2015-05-05,-0.025398851968785774,-1.0,0.025398851968785774,0.025398851968785774,0.5542343406117313,3.8397470980892012
2015-05-06,-0.0011984966097741134,-1.0,0.0011984966097741134,0.0011984966097741134,0.5548985885899749,3.8351451742097513
2015-05-07,0.005698156296610524,-1.0,-0.005698156296610524,-0.005698156296610524,0.5517366897034206,3.85699843083259
2015-05-08,0.006064091616907685,-1.0,-0.006064091616907685,-0.006064091616907685,0.5483909078686497,3.880387622683428
2015-05-11,-0.011856715364558124,-1.0,0.011856715364558124,0.011856715364558124,0.5548930227717599,3.8343789711371166
2015-05-12,-0.0009998386268432746,-1.0,0.0009998386268432746,0.0009998386268432746,0.5554478262496929,3.830545210931818
2015-05-13,0.002902710373565709,-1.0,-0.002902710373565709,-0.002902710373565709,0.5538355220824634,3.8416641742520024
2015-05-14,0.008782139553341839,-1.0,-0.008782139553341839,-0.008782139553341839,0.5489716612379373,3.875402205147357
2015-05-15,0.010486991203352503,-1.0,-0.010486991203352503,-0.010486991203352503,0.5432146002556453,3.9160435139821903
2015-05-18,0.001566160754320478,-1.0,-0.001566160754320478,-0.001566160754320478,0.542363838867551,3.9221766676460006
2015-05-19,0.002052690316994399,-1.0,-0.002052690316994399,-0.002052690316994399,0.5412505338672197,3.9302276817132187
2015-05-20,9.807428203978397e-05,-1.0,-9.807428203978397e-05,-9.807428203978397e-05,0.541197451109707,3.9306131359713556
2015-05-21,-0.003511872209072675,-1.0,0.003511872209072675,0.003511872209072675,0.54309806739788,3.9168093249345217
2015-05-22,0.0006855681791446688,-1.0,-0.0006855681791446688,-0.0006855681791446688,0.542725736644717,3.919494564771474
2015-05-26,-0.011738514470754913,-1.0,0.011738514470754913,0.011738514470754913,0.5490965305579721,3.873485521104859
2015-05-27,0.005685284799250567,-1.0,-0.005685284799250567,-0.005685284799250567,0.5459747603994697,3.8955073894581136
2015-05-28,0.014281285262323973,-1.0,-0.014281285262323973,-0.014281285262323973,0.5381775391001759,3.951140241728456
2015-05-29,0.0006842757598561899,-1.0,-0.0006842757598561899,-0.0006842757598561899,0.5378092772556705,3.9538439112196633
2015-06-01,0.011628105325648175,1.0,0.011628105325648175,0.009628105325648175,0.5429873616221988,3.9998196246604985
2015-06-02,-0.012653508541892733,1.0,-0.012653508541892733,-0.012653508541892733,0.5361166664037725,3.9492078728738265
2015-06-03,-0.019565366111766402,-1.0,0.019565366111766402,0.0175653661117664,0.5455337519277746,3.8719401749895797
2015-06-04,0.0014970072008659852,-1.0,-0.0014970072008659852,-0.0014970072008659852,0.5447170839728234,3.877736497312861
2015-06-05,-0.015941208293938303,-1.0,0.015941208293938303,0.015941208293938303,0.5534005324697008,3.8159206921001902
2015-06-08,-0.006580893705547042,-1.0,0.006580893705547042,0.006580893705547042,0.557042402550477,3.7908085236366813
2015-06-09,0.0007133205474900706,-1.0,-0.0007133205474900706,-0.0007133205474900706,0.5566450527589145,3.793512585248192
2015-06-10,0.009471531912346842,-1.0,-0.009471531912346842,-0.009471531912346842,0.5513727713778585,3.8294429607592595
2015-06-11,0.005548746210061628,-1.0,-0.005548746210061628,-0.005548746210061628,0.5483133438023444,3.85069156787442
2015-06-12,-0.004314076148713819,-1.0,0.004314076148713819,0.004314076148713819,0.5506788093208637,3.834079391225399
2015-06-15,-0.0012092682474835748,-1.0,0.0012092682474835748,0.0012092682474835748,0.5513447277195375,3.829442960759259
2015-06-16,0.004136293401897806,-1.0,-0.004136293401897806,-0.004136293401897806,0.5490642041601,3.8452826604107915
2015-06-17,0.011754892348199597,-1.0,-0.011754892348199597,-0.011754892348199597,0.5426100135479481,3.890483544132319
2015-06-18,0.015491564010773118,-1.0,-0.015491564010773118,-0.015491564010773118,0.5342041357901837,3.9507532189891044
2015-06-19,-0.012712796366581403,1.0,-0.012712796366581403,-0.014712796366581403,0.5263444991221171,3.90052809782148
2015-06-22,-0.001980643139014804,-1.0,0.001980643139014804,-1.935686098519622e-05,0.5263343107448173,3.8928025436059954
2015-06-23,-0.014589065684942892,-1.0,0.014589065684942892,0.014589065684942892,0.5340130365765126,3.836010191598815
2015-06-24,-0.007653992164565748,-1.0,0.007653992164565748,0.007653992164565748,0.5381003681742451,3.8066493996491233
2015-06-25,-0.005481228048073605,-1.0,0.005481228048073605,0.005481228048073605,0.5410498190049605,3.785784286190584
2015-06-26,0.007245731331534611,-1.0,-0.007245731331534611,-0.007245731331534611,0.5371295173794751,3.8132150620074667
2015-06-29,-0.005369472590403435,-1.0,0.005369472590403435,0.005369472590403435,0.5400136196005408,3.792740108250704
2015-06-30,-0.0014261213026068864,-1.0,0.0014261213026068864,0.0014261213026068864,0.5407837445271511,3.7873312007870763
2015-07-01,0.004080096535779898,-1.0,-0.004080096535779898,-0.004080096535779898,0.5385772946444998,3.802783877699259
2015-07-02,0.01818570276787912,-1.0,-0.01818570276787912,-0.01818570276787912,0.5287828880465665,3.8719401749895805
2015-07-06,0.00239468490540351,-1.0,-0.00239468490540351,-0.00239468490540351,0.5275166196463257,3.8812122516812537
2015-07-07,0.024089276899386114,1.0,0.024089276899386114,0.022089276899386112,0.5391690803267215,3.9747078483172933
2015-07-08,-0.00903935796062727,1.0,-0.00903935796062727,-0.00903935796062727,0.534295338008346,3.9387790412874386
2015-07-09,-0.0075533436477676075,1.0,-0.0075533436477676075,-0.0075533436477676075,0.5302596217109689,3.90902808963597
2015-07-10,0.004546516479015716,1.0,0.004546516479015716,0.004546516479015716,0.5326704558192344,3.9268005502624352
2015-07-13,0.003246665385162606,1.0,0.003246665385162606,0.003246665385162606,0.5343998585498415,3.9395495576834096
2015-07-14,0.00019638117177356307,1.0,0.00019638117177356307,0.00019638117177356307,0.5345048046202592,3.9403232110418074
2015-07-15,0.0076475099766031285,1.0,0.0076475099766031285,0.0076475099766031285,0.5385924354461349,3.9704568721092905
2015-07-16,0.016152707456904558,1.0,0.016152707456904558,0.016152707456904558,0.5472921614943981,4.034590500434728
2015-07-17,-0.007468924835008495,1.0,-0.007468924835008495,-0.007468924835008495,0.5432044774774071,4.004456447246942
2015-07-20,-0.004823783361188605,1.0,-0.004823783361188605,-0.004823783361188605,0.5405841767572284,3.985139816866108
2015-07-21,-0.009888759815701031,1.0,-0.009888759815701031,-0.009888759815701031,0.5352384696731076,3.945731726385132
2015-07-22,0.006560362309608436,1.0,0.006560362309608436,0.006560362309608436,0.5387498279562035,3.9716171560867353
2015-07-23,-0.007101201275441893,1.0,-0.007101201275441893,-0.007101201275441893,0.5349240569907768,3.9434139032723654
2015-07-24,0.0020573465718132233,1.0,0.0020573465718132233,0.0020573465718132233,0.5360245811656073,3.9515268723475034
2015-07-27,0.011928155991272726,1.0,0.011928155991272726,0.011928155991272726,0.5424183659849072,3.9986613012845704
2015-07-28,0.005700298022944139,1.0,0.005700298022944139,0.005700298022944139,0.5455103123241396,4.021454862394706
2015-07-29,0.0048035885724047045,1.0,0.0048035885724047045,0.0048035885724047045,0.5481307194265488,4.0407722770161465
2015-07-30,0.002868141753510134,1.0,0.002868141753510134,0.002868141753510134,0.5497028360293176,4.052361784700283
2015-07-31,0.0029556380452786524,1.0,0.0029556380452786524,0.0029556380452786524,0.5513275586450834,4.064339099364377
2015-08-03,0.02385945589550098,1.0,0.02385945589550098,0.02385945589550098,0.5644819342145501,4.161312018850021
2015-08-04,-0.010862642387372778,1.0,-0.010862642387372778,-0.010862642387372778,0.5583501688290449,4.116109174526977
2015-08-05,-0.005443621007297561,1.0,-0.005443621007297561,-0.005443621007297561,0.555310722120579,4.093702636156191
2015-08-06,-0.0019822000466478418,1.0,-0.0019822000466478418,-0.0019822000466478418,0.5542099851812875,4.08558809859984
2015-08-07,0.011820557410194166,1.0,0.011820557410194166,0.011820557410194166,0.5607610561284257,4.133882027273745
2015-08-10,-0.0043927453966285945,1.0,-0.0043927453966285945,-0.0043927453966285945,0.558297775580509,4.115722936028233
2015-08-11,0.000938636853863084,1.0,0.000938636853863084,0.000938636853863084,0.5588218144480986,4.119586105256278
2015-08-12,0.016599491867635763,1.0,0.016599491867635763,0.016599491867635763,0.5680979726124873,4.187969141308505
2015-08-13,0.004797142257107145,1.0,0.004797142257107145,0.004797142257107145,0.5708232194030836,4.208059425047737
2015-08-14,0.0011013318483663603,1.0,0.0011013318483663603,0.0011013318483663603,0.5714518851943992,4.21269389491236
2015-08-17,0.004494399383582648,1.0,0.004494399383582648,0.004494399383582648,0.574020218194964,4.231627423756876
2015-08-18,-0.00018282643553502176,1.0,-0.00018282643553502176,-0.00018282643553502176,0.5739152721245463,4.230853770398479
2015-08-19,-0.004018004977532685,1.0,-0.004018004977532685,-0.004018004977532685,0.5716092777044678,4.213854178889805
2015-08-20,-0.007518194583639226,1.0,-0.007518194583639226,-0.007518194583639226,0.5673118079288721,4.18217360322583
2015-08-21,-0.011916512033102511,1.0,-0.011916512033102511,-0.011916512033102511,0.5605514299431666,4.132336681158465
2015-08-24,-0.03664915901697419,1.0,-0.03664915901697419,-0.03664915901697419,0.5400076914499873,3.9808900170190133
2015-08-25,-0.024553654098770195,-1.0,0.024553654098770195,0.022553654098770193,0.5521868381336257,3.883144620535881
2015-08-26,0.019249936029111403,-1.0,-0.019249936029111403,-0.019249936029111403,0.5415572768234361,3.9578949060729847
2015-08-27,0.005901874390763284,-1.0,-0.005901874390763284,-0.005901874390763284,0.5383610738002204,3.9812539046604694
2015-08-28,-0.004302903612910414,-1.0,0.004302903612910414,0.004302903612910414,0.5406775896097256,3.9641229528501922
2015-08-31,-0.03349032826296494,-1.0,0.03349032826296494,0.03349032826296494,0.5587850595701839,3.8313631738844856
2015-09-01,-0.031094106399961463,-1.0,0.031094106399961463,0.031094106399961463,0.576159981667168,3.712230359698827
2015-09-02,-0.0032512699282882807,-1.0,0.0032512699282882807,0.0032512699282882807,0.5780332332894456,3.7001608967634594
2015-09-03,0.0013676985340635994,-1.0,-0.0013676985340635994,-0.0013676985340635994,0.5772426580836355,3.705221601397762
2015-09-04,-0.0057792218512559,-1.0,0.0057792218512559,0.0057792218512559,0.5805786714667096,3.6838083037552187
2015-09-08,0.026104606833701194,-1.0,-0.026104606833701194,-0.026104606833701194,0.5654228935120386,3.7799726711754724
2015-09-09,-0.01843642662126066,-1.0,0.01843642662126066,0.01843642662126066,0.5758472711982542,3.7102834823929753
2015-09-10,0.0005247246780710757,-1.0,-0.0005247246780710757,-0.0005247246780710757,0.5755451099242566,3.7122303596988266
2015-09-11,0.005243649830412256,-1.0,-0.005243649830412256,-0.005243649830412256,0.5725271529062076,3.7316959957949125
2015-09-14,0.0029210718996224294,-1.0,-0.0029210718996224294,-0.0029210718996224294,0.5708547599280824,3.7425965481061625
2015-09-15,0.0010405980987395758,-1.0,-0.0010405980987395758,-0.0010405980987395758,0.5702607295502449,3.746491086958471
2015-09-16,0.013301455668321083,-1.0,-0.013301455668321083,-0.013301455668321083,0.5626754317367478,3.796324872063409
2015-09-17,0.012203648369250697,-1.0,-0.012203648369250697,-0.012203648369250697,0.5558087386218162,3.8426538858975112
2015-09-18,-0.01428566909473894,-1.0,0.01428566909473894,0.01428566909473894,0.5637488383417317,3.7877590040379667
2015-09-21,0.007811641082329235,-1.0,-0.007811641082329235,-0.007811641082329235,0.559345034756026,3.8173476178838723
2015-09-22,-0.010198924638402884,-1.0,0.010198924638402884,0.010198924638402884,0.5650497526123676,3.778414777210488
2015-09-23,-0.0007212644107591482,-1.0,0.0007212644107591482,0.0007212644107591482,0.565457302889235,3.7756895411026
2015-09-24,0.00556823381597038,-1.0,-0.00556823381597038,-0.00556823381597038,0.5623087044137998,3.796713463283973
2015-09-25,0.011177356477992006,-1.0,-0.011177356477992006,-0.011177356477992006,0.5560235795738889,3.8391506831078894
2015-09-28,-0.01074974156721642,-1.0,0.01074974156721642,0.01074974156721642,0.5620006893595868,3.7978808054268773
2015-09-29,-0.007790718888102677,-1.0,0.007790718888102677,0.007790718888102677,0.5663790787453074,3.7682925837012755
2015-09-30,0.007851890761767732,-1.0,-0.007851890761767732,-0.007851890761767732,0.5619319320892485,3.7978808054268773
2015-10-01,-0.010250788317669568,-1.0,0.010250788317669568,0.010250788317669568,0.5676921773740344,3.758949533234706
2015-10-02,0.020610950202973655,-1.0,-0.020610950202973655,-0.020610950202973655,0.5559915021755605,3.8364250548796974
2015-10-05,0.02212290607858125,-1.0,-0.02212290607858125,-0.02212290607858125,0.5436913543924412,3.921297926046317
2015-10-06,-0.00863779096545858,-1.0,0.00863779096545858,0.00863779096545858,0.5483876466614103,3.8874265742478427
2015-10-07,0.0008009996507920558,-1.0,-0.0008009996507920558,-0.0008009996507920558,0.5479483883479358,3.890540401576295
2015-10-08,0.009206693581801595,-1.0,-0.009206693581801595,-0.009206693581801595,0.5429035954377743,3.9263594149212273
2015-10-09,0.0019830922337127355,-1.0,-0.0019830922337127355,-0.0019830922337127355,0.5418269675340069,3.9341457477837225
2015-10-12,0.00395833472457463,1.0,0.00395833472457463,0.0019583347245746303,0.5428880460992398,3.9497184135087124
2015-10-13,-0.002070145693502279,1.0,-0.002070145693502279,-0.002070145693502279,0.5417641887485536,3.9415419209444407
2015-10-14,-0.003061520200870138,1.0,-0.003061520200870138,-0.003061520200870138,0.5401055667405918,3.9294748107308926
2015-10-15,0.022490356592767657,1.0,0.022490356592767657,0.022490356592767657,0.5522527335343266,4.017850100446529
2015-10-16,0.004457826610190674,1.0,0.004457826610190674,0.004457826610190674,0.5547145804654264,4.035760979540056
2015-10-19,0.001060711318820573,1.0,0.001060711318820573,0.001060711318820573,0.5553029724996409,4.0400417568911084
2015-10-20,0.0016384441642474101,1.0,0.0016384441642474101,0.0016384441642474101,0.5562128054143222,4.046661139731002
2015-10-21,0.0025012722932324927,1.0,0.0025012722932324927,0.0025012722932324927,0.5576040450936461,4.056782941119912
2015-10-22,0.014491539095094153,1.0,0.014491539095094153,0.014491539095094153,0.5656845859127033,4.115571969711462
2015-10-23,-0.010878754292120152,1.0,-0.010878754292120152,-0.010878754292120152,0.5595306422957192,4.070799673481434
2015-10-26,-0.006790536287265447,1.0,-0.006790536287265447,-0.006790536287265447,0.5557311291653733,4.04315676058047
2015-10-27,0.0024072324236683595,1.0,0.0024072324236683595,0.0024072324236683595,0.557068903158342,4.0528895786285135
2015-10-28,-0.011046715929593276,1.0,-0.011046715929593276,-0.011046715929593276,0.5509151212319418,4.008118458759395
2015-10-29,-0.011364695834480854,1.0,-0.011364695834480854,-0.011364695834480854,0.5446541384485246,3.9625674116070266
2015-10-30,0.00864619218327789,1.0,0.00864619218327789,0.00864619218327789,0.5493633228029682,3.996828530986975
2015-11-02,-0.004188715182378067,1.0,-0.004188715182378067,-0.004188715182378067,0.5470621963121017,3.9800869546378683
2015-11-03,0.0007823515827520833,1.0,0.0007823515827520833,0.0007823515827520833,0.5474901912872503,3.98320078196632
2015-11-04,0.00889466730471189,1.0,0.00889466730471189,0.00889466730471189,0.5523599343913435,4.018630027729779
2015-11-05,-0.010850896456463421,1.0,-0.010850896456463421,-0.010850896456463421,0.5463663339365641,3.975024289402049
2015-11-06,-0.03192915006495345,1.0,-0.03192915006495345,-0.03192915006495345,0.528921321269865,3.848105142353896
2015-11-09,0.0007084058900810319,-1.0,-0.0007084058900810319,-0.002708405890081032,0.5274887876479483,3.8508311627023906
2015-11-10,0.0009098282323722895,-1.0,-0.0009098282323722895,-0.0009098282323722895,0.5270088634566863,3.854334757612316
2015-11-11,0.0072725182537818345,-1.0,-0.0072725182537818345,-0.0072725182537818345,0.5231761818772928,3.8823654774932375
2015-11-12,0.01012851790559588,-1.0,-0.01012851790559588,-0.01012851790559588,0.5178771825513673,3.921688085748095
2015-11-13,-0.0029784315680150275,1.0,-0.0029784315680150275,-0.0049784315680150276,0.5152989664373989,3.910007606153594
2015-11-16,0.01682754432179312,1.0,0.01682754432179312,0.01682754432179312,0.5239701826340984,3.975803432444692
2015-11-17,-0.013415793130138742,1.0,-0.013415793130138742,-0.013415793130138742,0.5169407070575184,3.9224648760689185
2015-11-18,-0.010421546346385702,1.0,-0.010421546346385702,-0.010421546346385702,0.511553385520585,3.8815867265708963
2015-11-19,0.012938822214717538,-1.0,-0.012938822214717538,-0.014938822214717538,0.5039113804409562,3.9318098871370046
2015-11-20,0.0002967971636722577,1.0,0.0002967971636722577,-0.0017032028363277423,0.5030531171485313,3.932976837159605
2015-11-23,-0.0052461479162666524,1.0,-0.0052461479162666524,-0.0052461479162666524,0.5004140260862311,3.9123438589206154
2015-11-24,-0.003108723539091862,-1.0,0.003108723539091862,0.0011087235390918621,0.5009688468962447,3.9001814634733676
2015-11-25,-0.005331482075406235,-1.0,0.005331482075406235,0.005331482075406235,0.503639753323809,3.8793877159100276
2015-11-27,0.004955141129490803,-1.0,-0.004955141129490803,-0.004955141129490803,0.5011441472676675,3.898610629538375
2015-11-30,0.004931613987148253,-1.0,-0.004931613987148253,-0.004931613987148253,0.4986726977814248,3.9178370722494513
2015-12-01,0.007109702969028575,-1.0,-0.007109702969028575,-0.007109702969028575,0.4951272830214347,3.9456917301141936
2015-12-02,-0.025653886348973365,1.0,-0.025653886348973365,-0.027653886348973367,0.481435089408484,3.84446940290176
2015-12-03,-0.016022033572782424,-1.0,0.016022033572782424,0.014022033572782424,0.4881857883952853,3.7828731850589334
2015-12-04,0.017838495749969985,-1.0,-0.017838495749969985,-0.017838495749969985,0.47947728828380026,3.8503539522932826
2015-12-07,0.004381770709533939,-1.0,-0.004381770709533939,-0.004381770709533939,0.4773763287461115,3.8672253204627793
2015-12-08,0.007811733194461601,-1.0,-0.007811733194461601,-0.007811733194461601,0.4736471922325953,3.897435052869101
2015-12-09,-0.005838388809932482,-1.0,0.005838388809932482,0.005838388809932482,0.47641252869958206,3.874680311668991
2015-12-10,-0.011745756351658643,-1.0,0.011745756351658643,0.011745756351658643,0.4820083541845649,3.8291692607875585
2015-12-11,-0.001946792784076501,-1.0,0.001946792784076501,0.001946792784076501,0.4829467245703559,3.8217146617016495
2015-12-14,0.005851873140123809,-1.0,-0.005851873140123809,-0.005851873140123809,0.48012058160473187,3.844078851079679
2015-12-15,0.007552037244544341,-1.0,-0.007552037244544341,-0.007552037244544341,0.4764946930905806,3.8731094777339976
2015-12-16,0.0499393055829751,-1.0,-0.0499393055829751,-0.0499393055829751,0.4526988790036642,4.066529875498873
2015-12-17,-0.0023150018639197523,1.0,-0.0023150018639197523,-0.004315001863919752,0.450745482496969,4.057115851257407
2015-12-18,-0.012571750554046246,1.0,-0.012571750554046246,-0.012571750554046246,0.44507882272765387,4.006110802806532
2015-12-21,0.0018608070152943412,1.0,0.0018608070152943412,0.0018608070152943412,0.4459070285233444,4.013565401892441
2015-12-22,0.0059625544157586585,1.0,0.0059625544157586585,0.0059625544157586585,0.4485657734452841,4.037496504002431
2015-12-23,0.010397825451878395,1.0,0.010397825451878395,0.010397825451878395,0.453229882061255,4.079477687913617
2015-12-24,-0.00048088947347069144,1.0,-0.00048088947347069144,-0.00048088947347069144,0.45301192858190936,4.077515910036241
2015-12-28,0.0005771911409526709,1.0,0.0005771911409526709,0.0005771911409526709,0.45327340305383274,4.079869416096607
2015-12-29,0.00634697779461213,1.0,0.00634697779461213,0.00634697779461213,0.45615031927790367,4.1057642566854895
2015-12-30,0.002484271548873318,1.0,0.002484271548873318,0.002484271548873318,0.45728352053809523,4.115964090014754
2015-12-31,-0.009722496250483603,1.0,-0.009722496250483603,-0.009722496250483603,0.45283758322425566,4.07594664458246
2016-01-04,-0.0030800510224844313,1.0,-0.0030800510224844313,-0.0030800510224844313,0.4514428203630264,4.063392520952222
2016-01-05,0.009751783743430886,1.0,0.009751783743430886,0.009751783743430886,0.45584519311973115,4.103017846081222
2016-01-06,-0.0032512490119385173,1.0,-0.0032512490119385173,-0.0032512490119385173,0.4543631268860037,4.089677913363185
2016-01-07,0.004412803458140546,1.0,0.004412803458140546,0.004412803458140546,0.45636814206357784,4.107724858201955
2016-01-08,0.004489257255499091,1.0,0.004489257255499091,0.004489257255499091,0.4584168960565154,4.126165491825232
2016-01-11,0.003898523031582224,1.0,0.003898523031582224,0.003898523031582224,0.4602040448838582,4.142251443027233
2016-01-12,-0.001894407333170145,1.0,-0.001894407333170145,-0.001894407333170145,0.45933223096647563,4.134404331517727
2016-01-13,-0.007211879988398784,1.0,-0.007211879988398784,-0.007211879988398784,0.45601958204194193,4.1045875036553054
2016-01-14,0.010227678087796788,1.0,0.010227678087796788,0.010227678087796788,0.46068360352879856,4.146567903325885
2016-01-15,-0.004068943956415327,1.0,-0.004068943956415327,-0.004068943956415327,0.4588091077644004,4.129695750915782
2016-01-19,0.02422598959750677,1.0,0.02422598959750677,0.02422598959750677,0.46992421243634214,4.229741717218335
2016-01-20,-0.023189352736717184,1.0,-0.023189352736717184,-0.023189352736717184,0.4590269741146318,4.131656744552552
2016-01-21,-0.0025635143883188105,1.0,-0.0025635143883188105,-0.0025635143883188105,0.45785025186186246,4.1210651830402965
2016-01-22,0.014851333473394401,1.0,0.014851333473394401,0.014851333473394401,0.4646499386331406,4.182268496339223
2016-01-25,-0.001688390505747428,1.0,-0.001688390505747428,-0.001688390505747428,0.46386542808825626,4.175207193917517
2016-01-26,0.0013152987606515065,1.0,0.0013152987606515065,0.0013152987606515065,0.4644755497109298,4.18069883876514
2016-01-27,0.0015955127926154944,1.0,0.0015955127926154944,0.0015955127926154944,0.46521662639235073,4.187369197244462
2016-01-28,0.01471009769180709,1.0,0.01471009769180709,0.01471009769180709,0.47206000841443513,4.2489658072075915
2016-01-29,0.03148652628173099,1.0,0.03148652628173099,0.03148652628173099,0.4869235382759304,4.38275098076641
2016-02-01,0.011368645610378536,1.0,0.011368645610378536,0.011368645610378536,0.492459199421941,4.432576923465282
2016-02-02,0.008231508409540789,1.0,0.008231508409540789,0.008231508409540789,0.49651288146333844,4.469063717686723
2016-02-03,0.007374283539561377,1.0,0.007374283539561377,0.007374283539561377,0.5001743082322937,4.5020198606973105
2016-02-04,-0.010718894793506739,1.0,-0.010718894793506739,-0.010718894793506739,0.49481299244393673,4.453763183452218
2016-02-05,0.0007924702559527486,1.0,0.0007924702559527486,0.0007924702559527486,0.49520511702270753,4.457292658302162
2016-02-08,0.00492937723384812,1.0,0.00492937723384812,0.00492937723384812,0.49764616985264437,4.479264335256595
2016-02-09,0.010335555158896614,1.0,0.010335555158896614,0.010335555158896614,0.50278961929077,4.525560018864917
2016-02-10,-0.013957495433338574,1.0,-0.013957495433338574,-0.013957495433338574,0.49577193547558907,4.46239453556831
2016-02-11,-0.016177091250066944,1.0,-0.016177091250066944,-0.016177091250066944,0.48775178763617816,4.390205971972621
2016-02-12,-0.002055900155670698,1.0,-0.002055900155670698,-0.002055900155670698,0.48674901866004827,4.381180146831417
2016-02-16,0.006089384179844837,1.0,0.006089384179844837,0.006089384179844837,0.48971302043383175,4.407858835906582
2016-02-17,-0.008188531216907102,1.0,-0.008188531216907102,-0.008188531216907102,0.48570299007868345,4.3717649462290415
2016-02-18,0.026025379763638945,1.0,0.026025379763638945,0.026025379763638945,0.49834359484781615,4.485541789192017
2016-02-19,0.003673596697950421,1.0,0.003673596697950421,0.003673596697950421,0.5001743082322938,4.502019860697311
2016-02-22,0.008278823306336447,1.0,0.008278823306336447,0.008278823306336447,0.504315162952518,4.539291287645642
2016-02-23,0.0036302706087072423,1.0,0.0036302706087072423,0.0036302706087072423,0.50614596346611,4.555770143391543
2016-02-24,0.006507322028348916,1.0,0.006507322028348916,0.006507322028348916,0.5094396182437329,4.585416006801729
2016-02-25,-0.0013792659951542552,1.0,-0.0013792659951542552,-0.0013792659951542552,0.5087369655017049,4.579091498429912
2016-02-26,-0.028660090298046614,1.0,-0.028660090298046614,-0.028660090298046614,0.4941565181324718,4.447854322601893
2016-02-29,0.0026656766950370336,1.0,0.0026656766950370336,0.0026656766950370336,0.4954737796465582,4.459710864212573
2016-03-01,-0.0019496500714875076,1.0,-0.0019496500714875076,-0.0019496500714875076,0.4945077791566501,4.451015988607347
2016-03-02,-0.0021315903790884994,1.0,-0.0021315903790884994,-0.0021315903790884994,0.4934536911322154,4.441528245748863
2016-03-03,-0.006585795844654796,1.0,-0.006585795844654796,-0.006585795844654796,0.4902039058636273,4.412277247484093
2016-03-04,0.02392059049678119,1.0,0.02392059049678119,0.02392059049678119,0.5019298727557138,4.517821524679425
2016-03-07,0.0013998154236434246,1.0,0.0013998154236434246,0.0013998154236434246,0.5026324819331845,4.524145640930939
2016-03-08,0.008737223456394494,1.0,0.008737223456394494,0.008737223456394494,0.507024094244277,4.563674112345026
2016-03-09,0.007016223976139768,1.0,0.007016223976139768,0.007016223976139768,0.5105814888507942,4.59569387207135
2016-03-10,-0.004903110140927036,1.0,-0.004903110140927036,-0.004903110140927036,0.5080780515750403,4.5731606788426005
2016-03-11,0.001123930099230508,1.0,0.001123930099230508,0.001123930099230508,0.5086490957899639,4.578300591778169
2016-03-14,0.00017275114114667645,1.0,0.00017275114114667645,0.00017275114114667645,0.5087369655017048,4.579091498429912
2016-03-15,-0.0020718849451761834,1.0,-0.0020718849451761834,-0.0020718849451761834,0.5076829210418272,4.569604147691731
2016-03-16,0.013148924145779395,1.0,0.013148924145779395,0.013148924145779395,0.514358405260714,4.6296895260059685
2016-03-17,0.010331411306814475,1.0,0.010331411306814475,0.010331411306814475,0.5196724535045796,4.677520752721987
2016-03-18,0.0014366084070556173,1.0,0.0014366084070556173,0.0014366084070556173,0.5204190193201995,4.684240518359525
2016-03-21,-0.007848449099010946,1.0,-0.007848449099010946,-0.007848449099010946,0.5163345371369077,4.647476495083656
2016-03-22,-0.004507613373753494,1.0,-0.004507613373753494,-0.004507613373753494,0.5140071006719785,4.626527467880212
2016-03-23,0.0055535567554005905,1.0,0.0055535567554005905,0.0055535567554005905,0.5168616682782392,4.652221150753505
2016-03-24,0.006712507385620903,1.0,0.006712507385620903,0.006712507385620903,0.5203311060439012,4.683449219587479
2016-03-28,-0.007596005629312841,1.0,-0.007596005629312841,-0.007596005629312841,0.5163786680332851,4.647873712950892
2016-03-29,0.012161880905744882,1.0,0.012161880905744882,0.012161880905744882,0.5226588038961731,4.704400599512743
2016-03-30,-0.004285366589593997,1.0,-0.004285366589593997,-0.004285366589593997,0.5204190193201993,4.684240518359525
2016-03-31,-0.0013501672996997227,1.0,-0.0013501672996997227,-0.0013501672996997227,0.5197163665781713,4.677916009987707
2016-04-01,0.0031262893135324266,1.0,0.0031262893135324266,0.0031262893135324266,0.5213411503010725,4.692540528819334
2016-04-04,8.473235022643522e-05,1.0,8.473235022643522e-05,8.473235022643522e-05,0.5213853247620073,4.692938138806874
2016-04-05,-0.01996322225701841,1.0,-0.01996322225701841,-0.01996322225701841,0.5109767936422356,4.599251971703434
2016-04-06,0.0030940766051454904,1.0,0.0030940766051454904,0.0030940766051454904,0.5125577949852163,4.613482409630251
2016-04-07,-0.004455322975855602,1.0,-0.004455322975855602,-0.004455322975855602,0.5102741844647647,4.5929278554519195
2016-04-08,0.005336266583841676,1.0,0.005336266583841676,0.005336266583841676,0.5129971435439211,4.617436942888963
2016-04-11,-0.004965537950545329,1.0,-0.004965537950545329,-0.004965537950545329,0.5104498367591325,4.594508884514798
2016-04-12,0.007054823339242011,1.0,0.007054823339242011,0.007054823339242011,0.5140509701810131,4.626922333025627
2016-04-13,-0.004869848112062036,1.0,-0.004869848112062036,-0.004869848112062036,0.5115476200343734,4.604389924037484
2016-04-14,-0.0028330081128133955,1.0,-0.0028330081128133955,-0.0028330081128133955,0.5100984014767256,4.5913456500281296
2016-04-15,0.011020304597574082,1.0,0.011020304597574082,0.011020304597574082,0.5157198412357348,4.6419436776041865
2016-04-18,0.002895237902156289,1.0,0.002895237902156289,0.002895237902156289,0.5172129728669745,4.655383208879261
2016-04-19,0.002801976426876074,1.0,0.002801976426876074,0.002801976426876074,0.5186621914246223,4.668427482888616
2016-04-20,-0.021930436097298722,1.0,-0.021930436097298722,-0.021930436097298722,0.5072877033794997,4.566046832300254
2016-04-21,-0.022508642488452746,-1.0,0.022508642488452746,0.020508642488452744,0.517691485526898,4.463271316566475
2016-04-22,0.013550214308876596,-1.0,-0.013550214308876596,-0.013550214308876596,0.5106766549521279,4.523749599424613
2016-04-25,0.0002623814895104104,-1.0,-0.0002623814895104104,-0.0002623814895104104,0.5105426628507433,4.524936547582682
2016-04-26,0.009172884063175513,-1.0,-0.009172884063175513,-0.009172884063175513,0.5058595141951086,4.566443265926884
2016-04-27,0.011859242647556334,-1.0,-0.011859242647556334,-0.011859242647556334,0.49986040347069377,4.62059782465381
2016-04-28,-0.0035932072843810614,1.0,-0.0035932072843810614,-0.0055932072843810614,0.4970645806208278,4.603995058892068
2016-04-29,0.00953056063213542,1.0,0.00953056063213542,0.00953056063213542,0.5018018847445216,4.647873712950891
2016-05-02,0.004082278996283106,1.0,0.004082278996283106,0.004082278996283106,0.5038503800389095,4.666847630186647
2016-05-03,0.0030491772892839997,1.0,0.0030491772892839997,0.0030491772892839997,0.5053867091749212,4.68107767599316
2016-05-04,0.008782310331808985,1.0,0.008782310331808985,0.008782310331808985,0.5098251720924671,4.7221883528310356
2016-05-05,-0.005106162628107702,1.0,-0.005106162628107702,-0.005106162628107702,0.50722192185186,4.6980760911409245
2016-05-06,-0.0030292430372855783,1.0,-0.0030292430372855783,-0.0030292430372855783,0.5056854233767316,4.683844476853198
2016-05-09,0.003375578080617947,1.0,0.003375578080617947,0.003375578080617947,0.5073924040075701,4.699655159602288
2016-05-10,0.0059723469821793,1.0,0.0059723469821793,0.0059723469821793,0.5104227275004254,4.727723130912022
2016-05-11,0.0007522714533800823,1.0,0.0007522714533800823,0.0007522714533800823,0.5108067039474804,4.731279662062891
2016-05-12,0.012198521981970911,1.0,0.012198521981970911,0.012198521981970911,0.5170377907541218,4.788994281023418
2016-05-13,-0.0032193369171430453,1.0,-0.0032193369171430453,-0.0032193369171430453,0.5153732719067889,4.773576894938532
2016-05-16,0.005962251913049776,1.0,0.005962251913049776,0.005962251913049776,0.51844605718315,4.80203816291247
2016-05-17,-0.013994141432798868,1.0,-0.013994141432798868,-0.013994141432798868,0.511190849733652,4.734837761694975
2016-05-18,-0.01469387646934206,1.0,-0.01469387646934206,-0.01469387646934206,0.5036794745354077,4.6652646405222535
2016-05-19,0.0033048024910036222,1.0,0.0033048024910036222,0.0033048024910036222,0.5053440357175197,4.680682418727443
2016-05-20,0.007769970862504527,1.0,0.007769970862504527,0.007769970862504527,0.5092705441505853,4.717051184737592
2016-05-23,-0.011229631703525977,1.0,-0.011229631703525977,-0.011229631703525977,0.50355162350232,4.664080437206308
2016-05-24,0.0161028016781517,1.0,0.0161028016781517,0.0161028016781517,0.5116602154302892,4.739185199497588
2016-05-25,-0.006589084654546773,1.0,-0.006589084654546773,-0.006589084654546773,0.5082888429564554,4.707958307024524
2016-05-26,0.013448229708573178,1.0,0.013448229708573178,0.013448229708573178,0.5151244280748387,4.771272011795775
2016-05-27,0.00016666833773326672,1.0,0.00016666833773326672,0.00016666833773326672,0.5152102830069918,4.772067231770854
2016-05-31,0.0023368298818413624,1.0,0.0023368298818413624,0.0023368298818413624,0.5164142417917544,4.783218741076212
2016-06-01,0.00024970600519980124,1.0,0.00024970600519980124,0.00024970600519980124,0.5165431935291005,4.784413139520042
2016-06-02,-0.0028299232439973343,1.0,-0.0028299232439973343,-0.0028299232439973343,0.5150814159392039,4.770873617567628
2016-06-03,0.016609870318246456,1.0,0.016609870318246456,0.016609870318246456,0.5236368514612928,4.85011720966017
2016-06-06,-0.0004107057736176811,1.0,-0.0004107057736176811,-0.0004107057736176811,0.5234217907831187,4.84812523851944
2016-06-07,-0.005256524816821151,1.0,-0.005256524816821151,-0.005256524816821151,0.5206704111502023,4.822640947888106
2016-06-08,0.0149449368605159,1.0,0.0149449368605159,0.0149449368605159,0.528451797569981,4.894715012355232
2016-06-09,0.008623624064274082,1.0,0.008623624064274082,0.008623624064274082,0.5330089672083144,4.936925194523543
2016-06-10,-0.0012098170874431657,1.0,-0.0012098170874431657,-0.0012098170874431657,0.5323641238520254,4.93095241806378
2016-06-13,-0.0019382746905969306,1.0,-0.0019382746905969306,-0.0019382746905969306,0.5313322559445812,4.921394877791309
2016-06-14,0.011246758853092675,1.0,0.011246758853092675,0.011246758853092675,0.5373080216980597,4.976744619202673
2016-06-15,-0.009121578659492702,1.0,-0.009121578659492702,-0.009121578659492702,0.5324069243137645,4.931348851690409
2016-06-16,0.008155620751469028,1.0,0.008155620751469028,0.008155620751469028,0.5367490332739236,4.9715670627179875
2016-06-17,0.0020025747163860963,1.0,0.0020025747163860963,0.0020025747163860963,0.5378239133170026,4.981522997218605
2016-06-20,-0.006874333481212469,1.0,-0.006874333481212469,-0.006874333481212469,0.5341267323826908,4.947278346891395
2016-06-21,0.00024134609775461335,1.0,0.00024134609775461335,0.00024134609775461335,0.5342556417852578,4.948472353214923
2016-06-22,-0.005069660083641736,1.0,-0.005069660083641736,-0.005069660083641736,0.5315471472836386,4.923385280450824
2016-06-23,0.0013749817514658869,1.0,0.0013749817514658869,0.0013749817514658869,0.5322780149111974,4.9301548453668795
2016-06-24,-8.056904492759198e-05,1.0,-8.056904492759198e-05,-8.056904492759198e-05,0.5322351297799001,4.929757627499643
2016-06-27,0.03295603089200849,1.0,0.03295603089200849,0.03295603089200849,0.5497754871587386,5.092222872161636
2016-06-28,0.004535906429344205,1.0,0.004535906429344205,0.004535906429344205,0.5522692173256377,5.115320718627127
2016-06-29,-0.005527131490583148,1.0,-0.005527131490583148,-0.005527131490583148,0.5492167527432775,5.087047668398771
2016-06-30,0.0207437173658489,1.0,0.0207437173658489,0.0207437173658489,0.5606095498347734,5.192571947458636
2016-07-01,-0.005138233990140573,1.0,-0.005138233990140573,-0.005138233990140573,0.557729006790615,5.165891297781954
2016-07-05,0.0087875963498798,1.0,0.0087875963498798,0.0087875963498798,0.5626301041749103,5.2112870652942185
2016-07-06,0.00015259569567271924,1.0,0.00015259569567271924,0.00015259569567271924,0.5627159591070633,5.212082285269298
2016-07-07,-0.019558233647799517,1.0,-0.019558233647799517,-0.019558233647799517,0.5517102289015018,5.110143162142444
2016-07-08,0.012467771836882413,1.0,0.012467771836882413,0.012467771836882413,0.5585888261555199,5.173855261141841
2016-07-11,-0.0018472005245191436,1.0,-0.0018472005245191436,-0.0018472005245191436,0.5575570005828548,5.164298112989674
2016-07-12,-0.01819708268401332,1.0,-0.01819708268401332,-0.01819708268401332,0.5474110897421982,5.070322953222707
2016-07-13,0.006596945879012273,1.0,0.006596945879012273,0.006596945879012273,0.5510223310747986,5.103771599334231
2016-07-14,-0.007256010008120151,1.0,-0.007256010008120151,-0.007256010008120151,0.5470241075258222,5.066738581530303
2016-07-15,0.0026722361405755457,1.0,0.0026722361405755457,0.0026722361405755457,0.5484858851157188,5.0802781034827165
2016-07-18,0.005251500144682897,1.0,0.005251500144682897,0.005251500144682897,0.5513662588207605,5.106957184678185
2016-07-19,-0.0012473169632419845,1.0,-0.0012473169632419845,-0.0012473169632419845,0.5506785303331742,5.1005871903511855
2016-07-20,-0.006870002483142734,1.0,-0.006870002483142734,-0.006870002483142734,0.5468953674623719,5.065546143687987
2016-07-21,0.008253919793298703,1.0,0.008253919793298703,0.008253919793298703,0.551409397960733,5.107356755267241
2016-07-22,0.012084553873197734,1.0,0.012084553873197734,0.012084553873197734,0.5580729345365769,5.169076883125908
2016-07-25,-0.0024651096634711323,1.0,-0.0024651096634711323,-0.0024651096634711323,0.5566972235527291,5.156334541750089
2016-07-26,-0.008186006882648922,1.0,-0.008186006882648922,-0.008186006882648922,0.5521400962491749,5.114124751702083
2016-07-27,-0.009810819220081424,1.0,-0.009810819220081424,-0.009810819220081424,0.5467231495807159,5.063950998294191
2016-07-28,0.001965885977838866,1.0,0.001965885977838866,0.001965885977838866,0.5477979449542365,5.0739061485542
2016-07-29,0.006828150987193027,1.0,0.006828150987193027,0.006828150987193027,0.551538392032858,5.108551545831375
2016-08-01,0.0016366261614100264,1.0,0.0016366261614100264,0.0016366261614100264,0.552441054194281,5.116912334938195
2016-08-02,-0.006770225903327098,1.0,-0.006770225903327098,-0.006770225903327098,0.5487009034591136,5.082269682503142
2016-08-03,0.003604198319326679,1.0,0.003604198319326679,0.003604198319326679,0.5506785303331739,5.100587190351185
2016-08-04,-0.004996805740595356,1.0,-0.004996805740595356,-0.004996805740595356,0.5479268966915826,5.075100546998031
2016-08-05,-0.011455403515476248,1.0,-0.011455403515476248,-0.011455403515476248,0.5416501729929978,5.0169632223505545
2016-08-08,0.0,-1.0,-0.0,-0.002,0.5405668726470118,5.0169632223505545
2016-08-09,0.000634962865536437,-1.0,-0.000634962865536437,-0.000634962865536437,0.5402236327565417,5.020148807694509
2016-08-10,0.002379756006859024,-1.0,-0.002379756006859024,-0.002379756006859024,0.5389380323214421,5.032095536974946
2016-08-11,0.005143520163577664,-1.0,-0.005143520163577664,-0.005143520163577664,0.536165993685278,5.057978221834426
2016-08-12,-0.0018105213509184148,1.0,-0.0018105213509184148,-0.003810521350918415,0.5341229217187038,5.048820644271315
2016-08-15,-0.011594172057379781,1.0,-0.011594172057379781,-0.011594172057379781,0.5279302086645068,4.990283749034782
2016-08-16,-0.010612890830957067,-1.0,0.010612890830957067,0.008612890830957067,0.5324772139180985,4.937322412390777
2016-08-17,0.014598201018382051,-1.0,-0.014598201018382051,-0.014598201018382051,0.5247040045116141,5.00939843745942
2016-08-18,0.009220865152576918,-1.0,-0.009220865152576918,-0.009220865152576918,0.5198657796409955,5.0555894249467626
2016-08-19,-0.014807854366977957,-1.0,0.014807854366977957,0.014807854366977957,0.5275638763962948,4.980726993002917
2016-08-22,-0.0003196337469625332,-1.0,0.0003196337469625332,0.0003196337469625332,0.5277325036148695,4.979134984571546
2016-08-23,-0.006158224561422343,-1.0,0.006158224561422343,0.006158224561422343,0.5309823988804915,4.94847235321492
2016-08-24,-0.0009655476588698031,-1.0,0.0009655476588698031,0.0009655476588698031,0.5314950876926315,4.943694367319291
2016-08-25,0.0028996804783401053,-1.0,-0.0028996804783401053,-0.0028996804783401053,0.5299539217625155,4.958029501367087
2016-08-26,-0.01633766877562548,-1.0,0.01633766877562548,0.01633766877562548,0.5386121334026153,4.877026857593973
2016-08-29,0.005919882472294802,-1.0,-0.005919882472294802,-0.005919882472294802,0.5354236128747198,4.905898283405154
2016-08-30,-0.009154832143693281,-1.0,0.009154832143693281,0.009154832143693281,0.5403253261763576,4.860985608106547
2016-08-31,-0.002309652697833564,-1.0,0.002309652697833564,0.002309652697833564,0.5415732900236686,4.8497584195826535
2016-09-01,0.0004959558254880037,-1.0,-0.0004959558254880037,-0.0004959558254880037,0.5413046935955527,4.852163685523055
2016-09-02,0.01760360350604495,-1.0,-0.01760360350604495,-0.01760360350604495,0.5317757803935355,4.937579251189433
2016-09-06,0.01754232706938308,-1.0,-0.01754232706938308,-0.01754232706938308,0.5224471957262956,5.024195881344798
2016-09-07,-0.0018356508685704043,-1.0,0.0018356508685704043,0.0018356508685704043,0.5234062263749127,5.0149732118113395
2016-09-08,0.002558764799590607,-1.0,-0.002558764799590607,-0.002558764799590607,0.522066952946978,5.027805348736612
2016-09-09,-0.03605041577046009,-1.0,0.03605041577046009,0.03605041577046009,0.5408876836607338,4.846550875501714
2016-09-12,0.020106057861349003,-1.0,-0.020106057861349003,-0.020106057861349003,0.5300125645965601,4.943995907832523
2016-09-13,-0.014194386028640538,-1.0,0.014194386028640538,0.014194386028640538,0.5375357675384734,4.873818921392729
2016-09-14,0.00460738360839219,-1.0,-0.00460738360839219,-0.00460738360839219,0.5350591340541921,4.896274474801426
2016-09-15,0.005160065170328965,-1.0,-0.005160065170328965,-0.005160065170328965,0.5322981940524927,4.921539570183219
2016-09-16,0.004806831212190499,-1.0,-0.004806831212190499,-0.004806831212190499,0.5297395264791285,4.945196580201206
2016-09-19,0.011514874565740962,-1.0,-0.011514874565740962,-0.011514874565740962,0.5236396422792063,5.002139898525154
2016-09-20,0.0026456013594795547,-1.0,-0.0026456013594795547,-0.0026456013594795547,0.5222543005297151,5.015373566640999
2016-09-21,0.022147400451667076,1.0,0.022147400451667076,0.020147400451667075,0.5327763670600926,5.126451053436103
2016-09-22,0.001486346334758748,1.0,0.001486346334758748,0.001486346334758748,0.5335682572605184,5.134070735169698
2016-09-23,-0.009997326072715751,1.0,-0.009997326072715751,-0.009997326072715751,0.5282340014106343,5.082743755949819
2016-09-26,-0.004102928475517853,1.0,-0.004102928475517853,-0.004102928475517853,0.5260666950845099,5.0618896218597715
2016-09-27,0.004436741993312898,1.0,0.004436741993312898,0.004436741993312898,0.5284007172818747,5.0843479201105914
2016-09-28,-0.002445416948679835,1.0,-0.002445416948679835,-0.002445416948679835,0.527108557212139,5.071914569533768
2016-09-29,-0.02197959455685794,1.0,-0.02197959455685794,-0.02197959455685794,0.5155229248371659,4.960435943668395
2016-09-30,-0.011156027952242353,-1.0,0.011156027952242353,0.009156027952242353,0.5202430671469968,4.905097181625523
2016-10-03,-0.009728547807031696,-1.0,0.009728547807031696,0.009728547807031696,0.5253042766970131,4.8573777091959425
2016-10-04,-0.018410057648584832,-1.0,0.018410057648584832,0.018410057648584832,0.5349751587140532,4.767953105548695
2016-10-05,-0.0030278597307402677,-1.0,0.0030278597307402677,0.0030278597307402677,0.5365949884540698,4.7535164123423455
2016-10-06,-0.004302213461356508,-1.0,0.004302213461356508,0.004302213461356508,0.5389035346366934,4.733065770044387
2016-10-07,0.031432732004947894,-1.0,-0.031432732004947894,-0.031432732004947894,0.5219643242559391,4.881838957955985
2016-10-10,0.008542673204898099,-1.0,-0.008542673204898099,-0.008542673204898099,0.5175053536092051,4.923542912812743
2016-10-11,-0.013275667289599058,-1.0,0.013275667289599058,0.013275667289599058,0.5243755825043073,4.8581795952161775
2016-10-12,0.015105436347659484,-1.0,-0.015105436347659484,-0.015105436347659484,0.5164546605205216,4.931564517857214
2016-10-13,0.013416596550022586,-1.0,-0.013416596550022586,-0.013416596550022586,0.5095255967039388,4.997729329353711
2016-10-14,-0.004814208234219075,1.0,-0.004814208234219075,-0.006814208234219075,0.5060535831873334,4.973669219663938
2016-10-17,0.0002417211110750106,1.0,0.0002417211110750106,0.0002417211110750106,0.5061759070217249,4.974871460513834
2016-10-18,0.008463948237206198,1.0,0.008463948237206198,0.008463948237206198,0.5104601536976776,5.016978515042378
2016-10-19,-0.004236433689257413,1.0,-0.004236433689257413,-0.004236433689257413,0.5082976231055293,4.995724418242971
2016-10-20,-0.0036119286185513078,1.0,-0.0036119286185513078,-0.0036119286185513078,0.5064616883738928,4.977680218246324
2016-10-21,-0.0033839682603202803,1.0,-0.0033839682603202803,-0.0033839682603202803,0.5047478380953674,4.960835906377754
2016-10-24,0.005415881405492318,1.0,0.005415881405492318,0.005415881405492318,0.5074814925261706,4.9877032053188035
2016-10-25,0.00916529616868278,1.0,0.00916529616868278,0.00916529616868278,0.5121327107052981,5.033416982397039
2016-10-26,0.005417792046218617,1.0,0.005417792046218617,0.005417792046218617,0.5149073392319656,5.060686988889572
2016-10-27,-0.008557754927860817,1.0,-0.008557754927860817,-0.008557754927860817,0.5105008884122616,5.017378869872041
2016-10-28,0.004875147991377338,1.0,0.004875147991377338,0.004875147991377338,0.5129896557930009,5.041839334391477
2016-10-31,0.01805467444928177,1.0,0.01805467444928177,0.01805467444928177,0.5222515170241927,5.132868102199498
2016-11-01,-0.01648429637386728,1.0,-0.01648429637386728,-0.01648429637386728,0.5136425682358641,5.048256383154872
2016-11-02,-0.017554725889360245,1.0,-0.017554725889360245,-0.017554725889360245,0.5046257137453765,4.959635626129375
2016-11-03,0.0012932223825430356,-1.0,-0.0012932223825430356,-0.0032932223825430356,0.5029638690500634,4.966049537930343
2016-11-04,-0.0053291823425709595,1.0,-0.0053291823425709595,-0.0073291823425709595,0.4992775551420705,4.939584554420472
2016-11-07,0.012014893886417743,-1.0,-0.012014893886417743,-0.014014893886417744,0.4922802331868843,4.998933138684822
2016-11-08,0.004091001365811087,1.0,0.004091001365811087,0.0020910013658110866,0.49330959182683987,5.01938378098278
2016-11-09,-0.06135670594757037,1.0,-0.06135670594757037,-0.06135670594757037,0.4630417402600045,4.711410926295016
2016-11-10,-0.020682437888351224,-1.0,0.020682437888351224,0.018682437888351222,0.4716924888121261,4.613967462445419
2016-11-11,-0.013210400116804077,-1.0,0.013210400116804077,0.013210400116804077,0.4779237353214254,4.553015106140601
2016-11-14,0.00792660855129479,-1.0,-0.00792660855129479,-0.00792660855129479,0.47413542095415984,4.589105074615109
2016-11-15,0.0051555504515858885,-1.0,-0.0051555504515858885,-0.0051555504515858885,0.47169099187054675,4.612764437354916
2016-11-16,-0.0064332095678499845,-1.0,0.0064332095678499845,0.0064332095678499845,0.47472547887251704,4.583089557042286
2016-11-17,0.0042874860711459295,-1.0,-0.0042874860711459295,-0.0042874860711459295,0.47269009999423306,4.6027394896809195
2016-11-18,-0.006011545329389523,-1.0,0.006011545329389523,0.006011545329389523,0.4755316979571021,4.575069912599331
2016-11-21,0.0022787198234826,-1.0,-0.0022787198234826,-0.0022787198234826,0.4744480944502729,4.58549521510299
2016-11-22,0.0030845461169617394,-1.0,-0.0030845461169617394,-0.0030845461169617394,0.4729846374228364,4.599639386563083
2016-11-23,-0.0036020778549405996,-1.0,0.0036020778549405996,0.0036020778549405996,0.47468836491102434,4.583071127388031
2016-11-25,0.011814590464805486,-1.0,-0.011814590464805486,-0.011814590464805486,0.46908011628119245,4.637218235829195
2016-11-28,0.013419489195382717,-1.0,-0.013419489195382717,-0.013419489195382717,0.4627853007289881,4.699447335841537
2016-11-29,0.008340461861899406,-1.0,-0.008340461861899406,-0.008340461861899406,0.45892545757801034,4.738642897118128
2016-11-30,-0.025923182320471194,-1.0,0.025923182320471194,0.025923182320471194,0.4708222658863108,4.615802193344528
2016-12-01,-0.011205215899256826,-1.0,0.011205215899256826,0.011205215899256826,0.4760979310257442,4.564081133219839
2016-12-02,0.012925735934179894,-1.0,-0.012925735934179894,-0.012925735934179894,0.46994401489049603,4.623075240730012
2016-12-05,0.005156938444390802,-1.0,-0.005156938444390802,-0.005156938444390802,0.46752054253339587,4.646916155170244
2016-12-06,-0.0021737881200846187,-1.0,0.0021737881200846187,0.0021737881200846187,0.46853683313465055,4.636814744037105
2016-12-07,0.025533489274400356,-1.0,-0.025533489274400356,-0.025533489274400356,0.45657345293114543,4.755208803571358
2016-12-08,-0.006882872830043407,-1.0,0.006882872830043407,0.006882872830043407,0.4597159899452443,4.722479306096073
2016-12-09,-0.003251395261073542,-1.0,0.003251395261073542,0.003251395261073542,0.461210708336392,4.707124659259714
2016-12-12,0.008241139186359048,-1.0,-0.008241139186359048,-0.008241139186359048,0.45740980669475256,4.745916728744216
2016-12-13,0.013367025755799178,-1.0,-0.013367025755799178,-0.013367025755799178,0.4512955980277087,4.809355519892218
2016-12-14,-0.025121646962902533,1.0,-0.025121646962902533,-0.027121646962902535,0.4390557181420892,4.6885365884024
2016-12-15,0.008618466869668273,-1.0,-0.008618466869668273,-0.010618466869668273,0.434393619545059,4.728944585656773
2016-12-16,0.01597886157410655,-1.0,-0.01597886157410655,-0.01597886157410655,0.4274525040296734,4.804507736582603
2016-12-19,0.0026914206305139743,-1.0,-0.0026914206305139743,-0.0026914206305139743,0.42630204954176304,4.817438687824305
2016-12-20,0.0006707031492281246,1.0,0.0006707031492281246,-0.0013292968507718755,0.4257353675698296,4.820669759123442
2016-12-21,-0.005867403338285948,1.0,-0.005867403338285948,-0.005867403338285948,0.423237406452924,4.792384945285987
2016-12-22,0.0025295946454677587,-1.0,-0.0025295946454677587,-0.004529594645467759,0.4213203125628932,4.804507736582602
2016-12-23,0.0027752393219517835,1.0,0.0027752393219517835,0.0007752393219517834,0.42164693663632896,4.817841395375788
2016-12-27,0.0001678245502574338,1.0,0.0001678245502574338,0.0001678245502574338,0.4217176993438374,4.818649947441179
2016-12-28,-0.005031450430529549,1.0,-0.005031450430529549,-0.005031450430529549,0.41959584764391195,4.794405149088554
2016-12-29,0.012895038657880775,1.0,0.012895038657880775,0.012895038657880775,0.4250065523199664,4.8562291888275935
2016-12-30,-0.005991260554793376,1.0,-0.005991260554793376,-0.005991260554793376,0.4224602273275231,4.827134254443535
2017-01-03,-0.006194223717622793,1.0,-0.006194223717622793,-0.006194223717622793,0.41984341416765864,4.797233904956511
2017-01-04,0.002947829290407933,1.0,0.002947829290407933,0.002947829290407933,0.4210810408813269,4.81137533157448
2017-01-05,-0.0005876863292065826,1.0,-0.0005876863292065826,-0.0005876863292065826,0.4208335773101129,4.808547752067431
2017-01-06,-0.0029411380957584665,1.0,-0.0029411380957584665,-0.0029411380957584665,0.4195958476439118,4.794405149088552
2017-01-09,-0.002528365183804504,1.0,-0.002528365183804504,-0.002528365183804504,0.41853495611145997,4.782283142032544
2017-01-10,0.0019432666180658753,1.0,0.0019432666180658753,0.0019432666180658753,0.41934828112016503,4.791576393220595
2017-01-11,0.006999458822869009,1.0,0.006999458822869009,0.006999458822869009,0.4222834921463065,4.825114834881574
2017-01-12,0.0007535844631412214,1.0,0.0007535844631412214,0.0007535844631412214,0.42260171842502897,4.828750966454013
2017-01-13,-0.003765328622125086,1.0,-0.003765328622125086,-0.003765328622125086,0.421010484078884,4.81056913223091
2017-01-17,0.009827524159211398,1.0,0.009827524159211398,0.009827524159211398,0.4251479747824505,4.857845116597466
2017-01-18,-0.0015804776303490753,1.0,-0.0015804776303490753,-0.0015804776303490753,0.4244760379187186,4.850167401058983
2017-01-19,-0.006248241583044156,1.0,-0.006248241583044156,-0.006248241583044156,0.421823809087589,4.819862383418961
2017-01-20,-0.00016751011548765682,1.0,-0.00016751011548765682,-0.00016751011548765682,0.42175314933261326,4.81905500771448
2017-01-23,-0.004025310226354772,1.0,-0.004025310226354772,-0.004025310226354772,0.42005546206760735,4.799656816310561
2017-01-24,0.00025269058695287505,1.0,0.00025269058695287505,0.00025269058695287505,0.42016160612887,4.800869644408647
2017-01-25,0.0017675704845376838,1.0,0.0017675704845376838,0.0017675704845376838,0.42090427138259934,4.809355519892216
2017-01-26,-0.0022683245006115405,1.0,-0.0022683245006115405,-0.0022683245006115405,0.41994952391141016,4.7984463409342935
2017-01-27,0.022062928065365472,1.0,0.022062928065365472,0.022062928065365472,0.4292148400485521,4.904314117379843
2017-01-30,0.008898497957211315,1.0,0.008898497957211315,0.008898497957211315,0.4330342074259289,4.94795514653487
2017-01-31,0.010371628491649743,1.0,0.010371628491649743,0.010371628491649743,0.4375254773495266,4.999273499108076
2017-02-01,-0.00889105126729739,1.0,-0.00889105126729739,-0.00889105126729739,0.4336354158996632,4.954824702128265
2017-02-02,0.006850595929196235,1.0,0.006850595929196235,0.006850595929196235,0.43660607691458075,4.988768204062546
2017-02-03,0.006074570771807064,1.0,0.006074570771807064,0.006074570771807064,0.4392582714281994,5.019072829582265
2017-02-06,-0.002817537640541934,1.0,-0.002817537640541934,-0.002817537640541934,0.43802064471453106,5.004931402964296
2017-02-07,0.0037944916723240407,1.0,0.0037944916723240407,0.0037944916723240407,0.43968271040320633,5.0239225734933965
2017-02-08,0.01584497959249309,1.0,0.01584497959249309,0.01584497959249309,0.44664947397671717,5.103526524144665
2017-02-09,-0.013064487799885782,1.0,-0.013064487799885782,-0.013064487799885782,0.4408142273731229,5.036851564133584
2017-02-10,0.006578660039427975,1.0,0.006578660039427975,0.006578660039427975,0.4437141943155538,5.069987298243079
2017-02-13,0.0042242367614402365,1.0,0.0042242367614402365,0.0042242367614402365,0.4455885481267544,5.091404124968353
2017-02-14,0.0,1.0,0.0,0.0,0.4455885481267544,5.091404124968353
2017-02-15,-0.005634963048810282,1.0,-0.005634963048810282,-0.005634963048810282,0.44307767312308716,5.062714250857596
2017-02-16,0.007183417401659398,1.0,0.007183417401659398,0.007183417401659398,0.4462604849904863,5.099081840506836
2017-02-17,0.005309188317847768,1.0,0.005309188317847768,0.005309188317847768,0.4486297659441149,5.126153826246204
2017-02-21,0.011036180082615088,1.0,0.011036180082615088,0.011036180082615088,0.45358092483149565,5.182726983003843
2017-02-22,0.0014030974520597983,1.0,0.0014030974520597983,0.0014030974520597983,0.45421734307142964,5.189998854028418
2017-02-23,0.0056837057205227914,1.0,0.0056837057205227914,0.0056837057205227914,0.4567989807826054,5.219497280204566
2017-02-24,0.021632551043091697,1.0,0.021632551043091697,0.021632551043091697,0.46668070805081735,5.332408321537869
2017-02-27,-0.008323608901272928,1.0,-0.008323608901272928,-0.008323608901272928,0.4627962403552332,5.288023440167495
2017-02-28,0.00870135418087159,1.0,0.00870135418087159,0.00870135418087159,0.46682319435613984,5.334036405037144
2017-03-01,-0.012137635786533596,1.0,-0.012137635786533596,-0.012137635786533596,0.4611570644463388,5.269293813880692
2017-03-02,0.011823006958203264,1.0,0.011823006958203264,0.011823006958203264,0.46660932762811247,5.331592711307021
2017-03-03,-0.0010691463428715853,1.0,-0.0010691463428715853,-0.0010691463428715853,0.46611045397192913,5.325892458458046
2017-03-06,-0.001223210338873626,1.0,-0.001223210338873626,-0.001223210338873626,0.4655403028455736,5.3193777717391315
2017-03-07,7.659034808282783e-05,1.0,7.659034808282783e-05,7.659034808282783e-05,0.4655759587394151,5.319785184734253
2017-03-08,-0.009261415270916284,1.0,-0.009261415270916284,-0.009261415270916284,0.4612640664453744,5.270516444986361
2017-03-09,-0.005330528001118995,1.0,-0.005330528001118995,-0.005330528001118995,0.4588052854232773,5.242421809496004
2017-03-10,0.010174785417050858,1.0,0.010174785417050858,0.010174785417050858,0.46347353075066794,5.295762326473293
2017-03-13,0.003075646555506184,1.0,0.003075646555506184,0.003075646555506184,0.4648990115190895,5.31205021963149
2017-03-14,0.0008428439939172083,1.0,0.0008428439939172083,0.0008428439939172083,0.46529084885872646,5.316527449254493
2017-03-15,0.010186003387270492,1.0,0.010186003387270492,0.010186003387270492,0.4700303030212674,5.370681615861116
2017-03-16,-0.01516283521757178,1.0,-0.01516283521757178,-0.01516283521757178,0.4629033109892906,5.289246855513772
2017-03-17,0.0025401745161572897,1.0,0.0025401745161572897,0.0025401745161572897,0.4640791661833104,5.302682465585813
2017-03-20,-0.00261049592101692,1.0,-0.00261049592101692,-0.00261049592101692,0.46286768941295997,5.288839834638954
2017-03-21,0.015089637679209122,1.0,0.015089637679209122,0.015089637679209122,0.46985219513961424,5.368646511487024
2017-03-22,0.004247361011443296,1.0,0.004247361011443296,0.004247361011443296,0.47184782703439127,5.3914490913641355
2017-03-23,-0.0024169646598194428,1.0,-0.0024169646598194428,-0.0024169646598194428,0.47070738751163654,5.378418149445093
2017-03-24,0.005375159163458987,1.0,0.005375159163458987,0.005375159163458987,0.47323751463892755,5.407328003045997
2017-03-27,-0.012800896187461386,1.0,-0.012800896187461386,-0.012800896187461386,0.4671796503420224,5.338109358627452
2017-03-28,0.0012198966786372,1.0,0.0012198966786372,0.0012198966786372,0.4677495612458015,5.344621300504244
2017-03-29,-0.0054087822829768095,1.0,-0.0054087822829768095,-0.0054087822829768095,0.4652196057060651,5.315713407504856
2017-03-30,-0.018537018823600704,1.0,-0.018537018823600704,-0.018537018823600704,0.45659582111798364,5.217175928009072
2017-03-31,0.0018730497520524914,1.0,0.0018730497520524914,0.0018730497520524914,0.4574510478075169,5.226947958087444
2017-04-03,0.00272663983987953,1.0,0.00272663983987953,0.00272663983987953,0.4586983520592635,5.241199962630942
2017-04-04,0.00637034645174217,1.0,0.00637034645174217,0.00637034645174217,0.46162041947872423,5.274588222215759
2017-04-05,0.008491572732583386,1.0,0.008491572732583386,0.008491572732583386,0.46554030284557346,5.319377771739132
2017-04-06,-0.006736191143560943,1.0,-0.006736191143560943,-0.006736191143560943,0.46240433438057443,5.283545426303888
2017-04-07,-0.006396252064207908,1.0,-0.006396252064207908,-0.006396252064207908,0.459446679702294,5.249750537964556
2017-04-10,0.0038779926549763477,1.0,0.0038779926549763477,0.0038779926549763477,0.4612284105515328,5.2701090319912405
2017-04-11,-0.0008497748256681703,1.0,-0.0008497748256681703,-0.0008497748256681703,0.46083647025936314,5.265630626007328
2017-04-12,0.0092018459095915,1.0,0.0092018459095915,0.0092018459095915,0.46507701644820987,5.314084147644673
2017-04-13,0.001992299687917365,1.0,0.001992299687917365,0.001992299687917365,0.46600358924293717,5.324671395833592
2017-04-17,0.0010704624388899742,1.0,0.0010704624388899742,0.0010704624388899742,0.4665024285816096,5.330371256562263
2017-04-18,0.007867974859556481,1.0,0.007867974859556481,0.007867974859556481,0.4701728579616118,5.372310483600998
2017-04-19,-0.003334654680001381,1.0,-0.003334654680001381,-0.003334654680001381,0.4686049938404005,5.354395683304437
2017-04-20,-0.004790925392651579,1.0,-0.004790925392651579,-0.004790925392651579,0.4663599422762872,5.32874317306299
2017-04-21,0.01642849121995238,1.0,0.01642849121995238,0.01642849121995238,0.4740215324933107,5.416286383495036
2017-04-24,-0.0020296365303589248,1.0,-0.0020296365303589248,-0.0020296365303589248,0.47305944107478554,5.405293290792209
2017-04-25,0.0012804699210715587,1.0,0.0012804699210715587,0.0012804699210715587,0.47366517945996073,5.412214606265638
2017-04-26,-0.0006770544963301539,1.0,-0.0006770544963301539,-0.0006770544963301539,0.47334448232045234,5.408550242031362
2017-04-27,0.00519463044137547,1.0,0.00519463044137547,0.00519463044137547,0.4758033319775713,5.436645661762327
2017-04-28,0.00029939258142541725,1.0,0.00029939258142541725,0.00029939258142541725,0.4759457839653829,5.438273353141297
2017-05-01,-0.0038934622741978453,1.0,-0.0038934622741978453,-0.0038934622741978453,0.4740927070109502,5.417099641004066
2017-05-02,0.0073662537499388225,1.0,0.0073662537499388225,0.0073662537499388225,0.47758499419178824,5.457003371548405
2017-05-03,-0.004924530720598397,1.0,-0.004924530720598397,-0.004924530720598397,0.47523311221619396,5.430130190802806
2017-05-04,0.0073484327081727585,1.0,0.0073484327081727585,0.0073484327081727585,0.4787253307620102,5.470033137106538
2017-05-05,-7.43375303811078e-05,1.0,-7.43375303811078e-05,-7.43375303811078e-05,0.47868974350319043,5.469626508352023
2017-05-08,0.0046155065995414635,1.0,0.0046155065995414635,0.0046155065995414635,0.4808991391734622,5.494871605598348
2017-05-09,-0.008744094598040153,1.0,-0.008744094598040153,-0.008744094598040153,0.4766941116084134,5.446823928474911
2017-05-10,0.002990346919981457,1.0,0.002990346919981457,0.002990346919981457,0.47811959237683493,5.463111821633108
2017-05-11,0.003502740479380373,1.0,0.003502740479380373,0.003502740479380373,0.47979432122703813,5.482247684554124
2017-05-12,0.00675908471726161,1.0,0.00675908471726161,0.00675908471726161,0.48303729169107273,5.519302661095036
2017-05-15,0.004278914036227599,1.0,0.004278914036227599,0.004278914036227599,0.48510416673851103,5.542919282721784
2017-05-16,-0.001689686060079354,1.0,-0.001689686060079354,-0.001689686060079354,0.4842844929902866,5.533553489277624
2017-05-17,0.004047016566258277,1.0,0.004047016566258277,0.004047016566258277,0.48624440035620026,5.555947871919007
2017-05-18,0.003591152734408354,1.0,0.003591152734408354,0.003591152734408354,0.48799057826413017,5.57590012931148
2017-05-19,0.002555649063201715,1.0,0.002555649063201715,0.002555649063201715,0.48923771092832213,5.590150173253461
2017-05-22,0.007721265648967579,1.0,0.007721265648967579,0.007721265648967579,0.49301524525989254,5.633313207758773
2017-05-23,0.004409002520344929,1.0,0.004409002520344929,0.004409002520344929,0.49518895071881186,5.658150499889674
2017-05-24,0.008563491133417145,1.0,0.008563491133417145,0.008563491133417145,0.49942949690765853,5.706604021527019
2017-05-25,0.011015586472168382,1.0,0.011015586472168382,0.011015586472168382,0.5049310057175964,5.769465611588574
2017-05-26,7.10231665335126e-05,1.0,7.10231665335126e-05,7.10231665335126e-05,0.5049668675165034,5.769875377305515
2017-05-30,-0.000426380575313412,1.0,-0.000426380575313412,-0.000426380575313412,0.5047515594530175,5.767415214522653
2017-05-31,0.005616768242105774,1.0,0.005616768242105774,0.005616768242105774,0.5075866319823066,5.799809449138621
2017-06-01,0.0032522039068230146,1.0,0.0032522039068230146,0.0032522039068230146,0.5092374072098905,5.818671612087939
2017-06-02,0.0057086072400045484,1.0,0.0057086072400045484,0.0057086072400045484,0.51214444355957,5.851888122979913
2017-06-05,-0.0060266531651052,1.0,-0.0060266531651052,-0.0060266531651052,0.5090579266278007,5.816620822901715
2017-06-06,0.00049367099359654,1.0,0.00049367099359654,0.00049367099359654,0.5093092337602373,5.819492319882731
2017-06-07,0.004650332600256046,1.0,0.004650332600256046,0.004650332600256046,0.511677691093604,5.846554894734822
2017-06-08,-0.007925430437947911,1.0,-0.007925430437947911,-0.007925430437947911,0.5076224251461918,5.800218430614957
2017-06-09,-0.008554187903463073,1.0,-0.008554187903463073,-0.008554187903463073,0.5032801275374796,5.750602272278347
2017-06-12,-0.005846958314067452,1.0,-0.005846958314067452,-0.005846958314067452,0.5003374696114694,5.716978740511554
2017-06-13,0.0038015988718524962,1.0,0.0038015988718524962,0.0038015988718524962,0.50223955197149,5.738712400441888
2017-06-14,0.008574192380623069,1.0,0.008574192380623069,0.008574192380623069,0.5065458505112514,5.787917224580344
2017-06-15,0.0051008887532422165,1.0,0.0051008887532422165,0.0051008887532422165,0.5091296845431258,5.817440746455903
2017-06-16,0.006837758007508521,1.0,0.006837758007508521,0.006837758007508521,0.5126109901204708,5.857218998503188
2017-06-19,-0.003150368329593145,1.0,-0.003150368329593145,-0.003150368329593145,0.5109960766917939,5.838766601270812
2017-06-20,-0.003020031305063342,1.0,-0.003020031305063342,-0.003020031305063342,0.5094528525434202,5.821133343352016
2017-06-21,-0.006339930135341398,1.0,-0.006339930135341398,-0.006339930135341398,0.5062229570510446,5.7842277646466576
2017-06-22,0.0037570614804698366,1.0,0.0037570614804698366,0.0037570614804698366,0.5081248678235106,5.8059594639754755
2017-06-23,0.010947297272016376,1.0,0.010947297272016376,0.010947297272016376,0.5136874618028786,5.869519028176891
2017-06-26,0.007614905506962533,1.0,0.007614905506962533,0.007614905506962533,0.517599143284619,5.914214860947777
2017-06-27,-0.013589518131225442,1.0,-0.013589518131225442,-0.013589518131225442,0.5105652203422459,5.833843530862965
2017-06-28,-0.008786244206761107,1.0,-0.008786244206761107,-0.008786244206761107,0.5060792696328402,5.78258595693677
2017-06-29,-0.007445462182771201,1.0,-0.007445462182771201,-0.007445462182771201,0.5023112755693044,5.739531931875773
2017-06-30,0.0011428437913310052,1.0,0.0011428437913310052,0.0011428437913310052,0.5028853388919043,5.746091320309263
2017-07-03,-0.003639167978433555,1.0,-0.003639167978433555,-0.003639167978433555,0.5010552546697852,5.725180328775239
2017-07-05,-0.005730049872707088,1.0,-0.005730049872707088,-0.005730049872707088,0.4981841830715454,5.692374759961115
2017-07-06,0.005402803034723069,1.0,0.005402803034723069,0.005402803034723069,0.5008757740876953,5.7231295395890145
2017-07-07,0.006520094323250181,1.0,0.006520094323250181,0.006520094323250181,0.5041415313789781,5.7604448840113145
2017-07-10,0.0039151822156680005,1.0,0.0039151822156680005,0.0039151822156680005,0.5061153373368127,5.782998075375532
2017-07-11,-0.0019856902824921807,1.0,-0.0019856902824921807,-0.0019856902824921807,0.5051103490296427,5.771514832293588
2017-07-12,0.00021346943198574664,1.0,0.00021346943198574664,0.00021346943198574664,0.5052181746489401,5.772746874286534
2017-07-13,-0.0014208786012815944,1.0,-0.0014208786012815944,-0.0014208786012815944,0.5045003209556029,5.764544501782246
2017-07-14,0.007682696074453377,1.0,0.007682696074453377,0.007682696074453377,0.508376243590969,5.8088317451971
2017-07-17,-0.004870762612038337,1.0,-0.004870762612038337,-0.004870762612038337,0.5059000635908376,5.780538304712973
2017-07-18,0.0036884366554383874,1.0,0.0036884366554383874,0.0036884366554383874,0.5077660439293746,5.801859454084242
2017-07-19,0.0021913175757348746,1.0,0.0021913175757348746,0.0021913175757348746,0.5088787205857984,5.81457317067792
2017-07-20,0.011847218445721897,1.0,0.011847218445721897,0.011847218445721897,0.5149075179509578,5.883459689199575
2017-07-21,0.006202987812562899,1.0,0.006202987812562899,0.006202987812562899,0.5181014830094046,5.919954717947385
2017-07-24,-0.008450455883081576,1.0,-0.008450455883081576,-0.008450455883081576,0.5137232892842745,5.86992840177353
2017-07-25,-0.000279297271764678,1.0,-0.000279297271764678,-0.000279297271764678,0.5135798077711354,5.86828894678546
2017-07-26,0.016630548115496246,1.0,0.016630548115496246,0.016630548115496246,0.5221209214754207,5.965881808470611
2017-07-27,-0.005773734215382631,1.0,-0.005773734215382631,-0.005773734215382631,0.519106334046531,5.9314363925481155
2017-07-28,0.003249447181460141,1.0,0.003249447181460141,0.003249447181460141,0.5207931426605765,5.9507102818158915
2017-07-31,0.006684161271757194,1.0,0.006684161271757194,0.006684161271757194,0.5242742080153451,5.9904857890210526
2017-08-01,0.0032854922082063975,1.0,0.0032854922082063975,0.0032854922082063975,0.5259967068407431,6.010167483404253
2017-08-02,0.0011597564511451885,1.0,0.0011597564511451885,0.0011597564511451885,0.5266067349147827,6.0171378139155935
2017-08-03,0.00545169634252729,1.0,0.00545169634252729,0.00545169634252729,0.5294776349254678,6.0499414221281995
2017-08-04,-0.005354276346639986,1.0,-0.005354276346639986,-0.005354276346639986,0.5266426653487115,6.017548363873141
2017-08-07,0.0023170588587555496,1.0,0.0023170588587555496,0.0023170588587555496,0.5278629274018564,6.031491377617643
2017-08-08,0.0017674206755713406,1.0,0.0017674206755713406,0.0017674206755713406,0.528795883253614,6.042151560182974
2017-08-09,-0.0007460612269916123,1.0,-0.0007460612269916123,-0.0007460612269916123,0.5284013691481257,6.0376437451763145
2017-08-10,0.0032595056303887926,1.0,0.0032595056303887926,0.0032595056303887926,0.5301236963859692,6.057323478957999
2017-08-11,-0.0036554510194616308,1.0,-0.0036554510194616308,-0.0036554510194616308,0.5281858551795744,6.0351812296716325
2017-08-14,0.005978631742000751,1.0,0.005978631742000751,0.005978631742000751,0.5313436838990268,6.071263355740075
2017-08-15,0.006687134058185107,1.0,0.006687134058185107,0.006687134058185107,0.5348968503442295,6.111862707702455
2017-08-16,0.006239228398719154,1.0,0.006239228398719154,0.006239228398719154,0.5382341939632826,6.149996015077425
2017-08-17,-0.009134496203507925,1.0,-0.009134496203507925,-0.009134496203507925,0.5333176957619269,6.093818899826112
2017-08-18,0.008882039770828687,1.0,0.008882039770828687,0.008882039770828687,0.538054644746171,6.147944441650595
2017-08-21,0.003468395379214728,1.0,0.003468395379214728,0.003468395379214728,0.5399208309897737,6.169267943743685
2017-08-22,0.0025923689546243356,1.0,0.0025923689546243356,0.0025923689546243356,0.5413205049899866,6.185260962433805
2017-08-23,-0.0014479627911599957,1.0,-0.0014479627911599957,-0.0014479627911599957,0.5405366930406692,6.176304934706587
2017-08-24,-0.0022053138566162644,1.0,-0.0022053138566162644,-0.0022053138566162644,0.5393446399814971,6.162684243851391
2017-08-25,0.005290745728482094,1.0,0.005290745728482094,0.005290745728482094,0.5421981753316589,6.195289439190532
2017-08-28,0.005196632973745174,1.0,0.005196632973745174,0.005196632973745174,0.5450157802478919,6.227484084572125
2017-08-29,-0.0010607266979041352,1.0,-0.0010607266979041352,-0.0010607266979041352,0.5444376674590039,6.220878425942846
2017-08-30,-0.0006632326737082694,1.0,-0.0006632326737082694,-0.0006632326737082694,0.5440765786091476,6.216752536111594
2017-08-31,-0.0007301536621501237,1.0,-0.0007301536621501237,-0.0007301536621501237,0.543679319102786,6.2122133514806706
2017-09-01,-0.002325372802896686,1.0,-0.002325372802896686,-0.002325372802896686,0.542415062000647,6.1977676395073455
2017-09-05,0.0006658323305883673,1.0,0.0006658323305883673,0.0006658323305883673,0.5427762194855251,6.201894313579204
2017-09-06,-0.01337676530643539,1.0,-0.01337676530643539,-0.01337676530643539,0.535515629383553,6.1189330288911385
2017-09-07,0.00836393622601972,1.0,0.00836393622601972,0.00836393622601972,0.5399946479557539,6.17011139451607
2017-09-08,-0.008227514133711589,1.0,-0.008227514133711589,-0.008227514133711589,0.5355518343575694,6.119346715811114
2017-09-11,0.021178807428448465,1.0,0.021178807428448465,0.021178807428448465,0.5468941835253807,6.248947181493186
2017-09-12,-0.014993629952145149,1.0,-0.014993629952145149,-0.014993629952145149,0.5386942545146205,6.1552527798633765
2017-09-13,-0.006370307665786834,1.0,-0.006370307665786834,-0.006370307665786834,0.5352626063755707,6.116041925894957
2017-09-14,0.00924560250929618,1.0,0.00924560250929618,0.00924560250929618,0.5402114316722091,6.172588418471972
2017-09-15,0.0036110761011862724,1.0,0.0036110761011862724,0.0036110761011862724,0.5421621762627082,6.194878104992375
2017-09-18,-0.011926135360946444,1.0,-0.011926135360946444,-0.011926135360946444,0.5356962767610138,6.120997150167672
2017-09-19,-0.0025622681053514285,1.0,-0.0025622681053514285,-0.0025622681053514285,0.5343236792769136,6.10531351439685
2017-09-20,-0.007977520361109769,1.0,-0.007977520361109769,-0.007977520361109769,0.530061101246059,6.056608251524791
2017-09-21,0.00027276039148782516,1.0,0.00027276039148782516,0.00027276039148782516,0.5302056809195473,6.058260254362565
2017-09-22,-0.002861682107007879,-1.0,0.002861682107007879,0.000861682107007879,0.5306625496678297,6.040923439393059
2017-09-25,0.003142779231523951,-1.0,-0.003142779231523951,-0.003142779231523951,0.5289947944277861,6.05990872811761
2017-09-26,0.005993836759541571,-1.0,-0.005993836759541571,-0.005993836759541571,0.5258240859833386,6.096230831811668
2017-09-27,-0.009816915825584638,1.0,-0.009816915825584638,-0.011816915825584638,0.5196104670202085,6.036384646882439
2017-09-28,0.005059887427849574,-1.0,-0.005059887427849574,-0.007059887427849574,0.5159420756167135,6.066928073666864
2017-09-29,-0.002993515622207732,-1.0,0.002993515622207732,0.002993515622207732,0.5174865562802263,6.048766629699531
2017-10-02,0.0012964001267228298,-1.0,-0.0012964001267228298,-0.0012964001267228298,0.5168156866430873,6.056608251524791
2017-10-03,0.0010222849707082204,-1.0,-0.0010222849707082204,-0.0010222849707082204,0.5162873537340058,6.062799831113792
2017-10-04,0.011436993409664975,-1.0,-0.011436993409664975,-0.011436993409664975,0.5103825786718567,6.132140032826358
2017-10-05,-0.0054518312757398935,1.0,-0.0054518312757398935,-0.0074518312757398935,0.5065792938095169,6.098708640008179
2017-10-06,-0.0019626240511814164,-1.0,0.0019626240511814164,-3.737594881858368e-05,0.5065603599277589,6.086739167750151
2017-10-09,0.002915613795392513,-1.0,-0.002915613795392513,-0.002915613795392513,0.5050834255541545,6.104485748436599
2017-10-10,0.007640277519946448,-1.0,-0.007640277519946448,-0.007640277519946448,0.5012244480121956,6.151125713671213
2017-10-11,0.005636701812277822,1.0,0.005636701812277822,0.0036367018122778223,0.5030472518706395,6.1857977751290125
2017-10-12,0.005538167211877054,1.0,0.005538167211877054,0.005538167211877054,0.5058332116669743,6.220055757546534
2017-10-13,-0.000995674044030892,1.0,-0.000995674044030892,-0.000995674044030892,0.5053295666675087,6.21386260947632
2017-10-16,0.006443056392298585,1.0,0.006443056392298585,0.006443056392298585,0.5085854335622433,6.253898876683172
2017-10-17,0.007590039431487838,1.0,0.007590039431487838,0.007590039431487838,0.512445617057261,6.301366215757734
2017-10-18,-0.0008514633059327759,1.0,-0.0008514633059327759,-0.0008514633059327759,0.5120092884180507,6.2960008336477715
2017-10-19,0.008718883473707084,1.0,0.008718883473707084,0.008718883473707084,0.5164734377412233,6.350894931266709
2017-10-20,0.0018848758715883651,1.0,0.0018848758715883651,0.0018848758715883651,0.5174469260623381,6.362865579885646
2017-10-23,0.001426773699344741,1.0,0.001426773699344741,0.001426773699344741,0.5181852057272507,6.371943949147493
2017-10-24,-0.001036186400813488,1.0,-0.001036186400813488,-0.001036186400813488,0.5176482692639733,6.36534142748064
2017-10-25,-0.0023341149035054354,1.0,-0.0023341149035054354,-0.0023341149035054354,0.5164400187239105,6.350483989188857
2017-10-26,-0.0030548474601556075,1.0,-0.0030548474601556075,-0.0030548474601556075,0.5148623732443891,6.331084229303724
2017-10-27,0.015972232974952538,1.0,0.015972232974952538,0.015972232974952538,0.5230858750198855,6.432205781598211
2017-10-30,-0.003080594116408486,1.0,-0.003080594116408486,-0.003080594116408486,0.5214744597509228,6.412390766311891
2017-10-31,-0.0018661881117372214,1.0,-0.0018661881117372214,-0.0018661881117372214,0.520501290313561,6.400424038895986
2017-11-01,-0.010898200489223409,1.0,-0.010898200489223409,-0.010898200489223409,0.5148287628968243,6.330670934504052
2017-11-02,-0.022949242340342235,1.0,-0.022949242340342235,-0.022949242340342235,0.5030138328533266,6.185386833051158
2017-11-03,0.018616973899226785,-1.0,-0.018616973899226785,-0.020616973899226787,0.4926432097904395,6.300540018278692
2017-11-06,-0.0051751709544666236,1.0,-0.0051751709544666236,-0.007175170954466624,0.489108410540636,6.2679336465786415
2017-11-07,0.02390395177995286,1.0,0.02390395177995286,0.02390395177995286,0.5008000344013688,6.417762030226402
2017-11-08,-0.0036660758575016716,1.0,-0.0036660758575016716,-0.0036660758575016716,0.4989640634858139,6.3942340277881975
2017-11-09,0.002130152070756619,1.0,0.002130152070756619,0.002130152070756619,0.5000269328188813,6.407854718643393
2017-11-10,-0.0005798714479584577,1.0,-0.0005798714479584577,-0.0005798714479584577,0.4997369814773294,6.404138986649386
2017-11-13,0.010440496943530109,1.0,0.010440496943530109,0.010440496943530109,0.5049544839050124,6.471001380165441
2017-11-14,0.010333285825644856,1.0,0.010333285825644856,0.010333285825644856,0.5101723229161439,6.537868087004832
2017-11-15,-0.006565418657745958,1.0,-0.006565418657745958,-0.006565418657745958,0.5068228280286047,6.494944245884529
2017-11-16,-0.0004450709300098943,1.0,-0.0004450709300098943,-0.0004450709300098943,0.5065972559211838,6.492053535008651
2017-11-17,-0.00794695426750458,1.0,-0.00794695426750458,-0.00794695426750458,0.5025713506963349,6.440461482463745
2017-11-20,-0.0007690852099166978,1.0,-0.0007690852099166978,-0.0007690852099166978,0.5021848305035864,6.4355082187925445
2017-11-21,0.0018598500275042174,1.0,0.0018598500275042174,0.0018598500275042174,0.5031188189744107,6.447477298930269
2017-11-22,-0.00030275017333025733,1.0,-0.00030275017333025733,-0.00030275017333025733,0.5029664996647605,6.445525324060475
2017-11-24,0.0054774346313597455,1.0,0.0054774346313597455,0.0054774346313597455,0.505721465788438,6.48083026768779
2017-11-27,0.006217033290500051,1.0,0.006217033290500051,0.006217033290500051,0.5088655529769652,6.521121805212085
2017-11-28,0.005031805888621843,1.0,0.005031805888621843,0.005031805888621843,0.5114260656629516,6.5539348243119715
2017-11-29,-0.00012719805538941031,1.0,-0.00012719805538941031,-0.00012719805538941031,0.5113610132619237,6.5531011765471705
2017-11-30,0.0017114682976258067,1.0,0.0017114682976258067,0.0017114682976258067,0.5122361914247633,6.564316601461965
2017-12-01,-0.0036067473935174066,1.0,-0.0036067473935174066,-0.0036067473935174066,0.5103886848764767,6.5406407696694195
2017-12-04,-0.00952519183085998,1.0,-0.00952519183085998,-0.00952519183085998,0.5055271347447279,6.478339911641575
2017-12-05,-0.0021159342901866385,1.0,-0.0021159342901866385,-0.0021159342901866385,0.5044574725457017,6.464632170079048
2017-12-06,0.013749435972755464,1.0,0.013749435972755464,0.013749435972755464,0.5113934782654469,6.553517216188965
2017-12-07,0.0025355071825110542,1.0,0.0025355071825110542,0.0025355071825110542,0.5126901201026782,6.570133706161322
2017-12-08,0.005373371204500321,1.0,0.005373371204500321,0.005373371204500321,0.5154449944308698,6.605437473427726
2017-12-11,0.0013834014150777563,1.0,0.0013834014150777563,0.0013834014150777563,0.5161580617655602,6.6145754449756735
2017-12-12,-0.013688929937861416,1.0,-0.013688929937861416,-0.013688929937861416,0.5090924102211891,6.524028985140703
2017-12-13,-0.0038203911869489904,1.0,-0.0038203911869489904,-0.0038203911869489904,0.5071474780638374,6.499104642302472
2017-12-14,0.009650686105963535,1.0,0.009650686105963535,0.009650686105963535,0.5120417991840626,6.561825461175143
2017-12-15,0.002848475413994578,1.0,0.002848475413994578,0.002848475413994578,0.5135003376599759,6.580516659672225
2017-12-18,-0.01312892082068029,1.0,-0.01312892082068029,-0.01312892082068029,0.5067586323854455,6.494121577488221
2017-12-19,-0.014390799317503644,1.0,-0.014390799317503644,-0.014390799317503644,0.4994659706043739,6.400665977123118
2017-12-20,-0.002985011535714177,-1.0,0.002985011535714177,0.000985011535714177,0.49995795034711593,6.381559915345152
2017-12-21,0.005467389310697568,-1.0,-0.005467389310697568,-0.005467389310697568,0.49722448559358984,6.416450387811886
2017-12-22,0.0003883038528371685,-1.0,-0.0003883038528371685,-0.0003883038528371685,0.49703141141010887,6.418941920219011
2017-12-26,-0.0034939279752970176,-1.0,0.0034939279752970176,0.0034939279752970176,0.498768003363036,6.396514599472152
2017-12-27,0.00837626887088061,-1.0,-0.00837626887088061,-0.00837626887088061,0.49459018846267494,6.450093525593844
2017-12-28,0.006825955580283427,1.0,0.006825955580283427,0.004825955580283427,0.4969770587426398,6.4941215774882215
2017-12-29,-0.001023273540635139,1.0,-0.001023273540635139,-0.001023273540635139,0.4964685152681258,6.48747631470831
2018-01-02,-0.007042778350673462,1.0,-0.007042778350673462,-0.007042778350673462,0.49297199755700444,6.441786456968575
2018-01-03,-0.02121330377663566,-1.0,0.02121330377663566,0.01921330377663566,0.502443618299442,6.305134883992683
2018-01-04,-0.005138562897705201,-1.0,0.005138562897705201,0.005138562897705201,0.5050254564346243,6.272735551812771
2018-01-05,0.004568866085677303,-1.0,-0.004568866085677303,-0.004568866085677303,0.5027180627543164,6.301394840539871
2018-01-08,0.008239299741040096,-1.0,-0.008239299741040096,-0.008239299741040096,0.4985760179500486,6.3533139214177226
2018-01-09,-0.007322035831470286,-1.0,0.007322035831470286,0.007322035831470286,0.5022266094181906,6.306794729236523
2018-01-10,-0.008232307412427864,-1.0,0.008232307412427864,0.008232307412427864,0.5063610932576226,6.254875256238368
2018-01-11,-0.0005975643922336848,-1.0,0.0005975643922336848,0.0005975643922336848,0.5066636766165659,6.251137565507376
2018-01-12,-0.001196282472708532,-1.0,0.001196282472708532,0.001196282472708532,0.5072697894924604,6.243659439203269
2018-01-16,0.0014637486233590735,-1.0,-0.0014637486233590735,-0.0014637486233590735,0.5065272740364192,6.252798587112126
2018-01-17,0.008901160488979043,-1.0,-0.008901160488979043,-0.008901160488979043,0.5020185934781759,6.308455750841273
2018-01-18,-0.007242388797357946,-1.0,0.007242388797357946,0.007242388797357946,0.5056544073156477,6.262767461582752
2018-01-19,-0.00411181234427771,-1.0,0.00411181234427771,0.00411181234427771,0.5077335633495865,6.237016137024875
2018-01-22,-0.0009326114365044713,-1.0,0.0009326114365044713,0.0009326114365044713,0.5082070814774635,6.231199424445823
2018-01-23,0.017997752192430383,-1.0,-0.017997752192430383,-0.017997752192430383,0.49906049636259386,6.343347007548614
2018-01-24,-0.012244883072882962,-1.0,0.012244883072882962,0.012244883072882962,0.5051714337868488,6.265673465150459
2018-01-25,0.014849342169204194,-1.0,-0.014849342169204194,-0.014849342169204194,0.4976699703124404,6.358714594354981
2018-01-26,0.03004772871432415,-1.0,-0.03004772871432415,-0.03004772871432415,0.48271611805522646,6.549779525457973
2018-01-29,-0.012746374336628397,1.0,-0.012746374336628397,-0.014746374336628397,0.47559780548006,6.466293583804101
2018-01-30,-0.0037256407989382234,1.0,-0.0037256407989382234,-0.0037256407989382234,0.473825898892078,6.442202496610368
2018-01-31,0.021405127033976346,1.0,0.021405127033976346,0.021405127033976346,0.48396820244985095,6.580098659428913
2018-02-01,-0.013129278099467845,1.0,-0.013129278099467845,-0.013129278099467845,0.4776140493285873,6.4937067142073355
2018-02-02,-0.002686574121934515,1.0,-0.002686574121934515,-0.002686574121934515,0.47633090378338877,6.476260889793513
2018-02-05,-0.01045440468200387,1.0,-0.01045440468200387,-0.01045440468200387,0.4713511477526926,6.4085554376253775
2018-02-06,-0.030656218373967592,-1.0,0.030656218373967592,0.02865621837396759,0.48485828917351403,6.212093362667856
2018-02-07,-0.009828740307208927,-1.0,0.009828740307208927,0.009828740307208927,0.48962383538359816,6.151036310242057
2018-02-08,-0.01890740539460256,-1.0,0.01890740539460256,0.01890740539460256,0.498881351730056,6.03473617312739
2018-02-09,0.01934072566025291,-1.0,-0.01934072566025291,-0.01934072566025291,0.4892326243692288,6.151452349883852
2018-02-12,0.012829250699243566,-1.0,-0.012829250699243566,-0.012829250699243566,0.48295613638094714,6.230370874244962
2018-02-13,0.007133395477240123,-1.0,-0.007133395477240123,-0.007133395477240123,0.4795110192619819,6.27481457366083
2018-02-14,-0.00655344563949023,-1.0,0.00655344563949023,0.00655344563949023,0.4826534686602519,6.233692917454463
2018-02-15,0.028984426949339337,-1.0,-0.028984426949339337,-0.028984426949339337,0.46866403445602356,6.414372934445036
2018-02-16,0.010490289381896778,1.0,0.010490289381896778,0.008490289381896778,0.47264312773144246,6.481661562730771
2018-02-20,-0.014354578748728475,1.0,-0.014354578748728475,-0.014354578748728475,0.46585853473437616,6.388620041405946
2018-02-21,-0.013327972993708803,1.0,-0.013327972993708803,-0.013327972993708803,0.45964958476454765,6.30347268602702
2018-02-22,0.003624057050314322,-1.0,-0.003624057050314322,-0.005624057050314322,0.45706448927667853,6.32631683065628
2018-02-23,0.025933746268349545,-1.0,-0.025933746268349545,-0.025933746268349545,0.4452110947835044,6.49038192615571
2018-02-26,-0.003222205487101615,1.0,-0.003222205487101615,-0.005222205487101615,0.44288611096140745,6.469468581899865
2018-02-27,-0.01920498745263488,1.0,-0.01920498745263488,-0.01920498745263488,0.43438048875744734,6.345222518959263
2018-02-28,0.003099094008302883,-1.0,-0.003099094008302883,-0.005099094008302883,0.4321655418099006,6.364886960049118
2018-03-01,0.007097903982725473,1.0,0.007097903982725473,0.005097903982725473,0.43436868024668995,6.410064316552448
2018-03-02,-0.00247987604963007,1.0,-0.00247987604963007,-0.00247987604963007,0.4332914997598368,6.394168151577241
2018-03-05,0.014197030916652364,1.0,0.014197030916652364,0.014197030916652364,0.4394429525778498,6.484946354511457
2018-03-06,-0.011353503459122227,1.0,-0.011353503459122227,-0.011353503459122227,0.43445373549567035,6.41131949364329
2018-03-07,-0.0013697533434831044,1.0,-0.0013697533434831044,-0.0013697533434831044,0.43385864103888644,6.402537567330733
2018-03-08,0.008231752671623571,1.0,0.008231752671623571,0.008231752671623571,0.43743005806636526,6.455241673055778
2018-03-09,0.003240535812485623,1.0,0.003240535812485623,0.003240535812485623,0.43884756583498696,6.476160114875565
2018-03-12,-0.0027130469658412926,1.0,-0.0027130469658412926,-0.0027130469658412926,0.4376569517780315,6.4585899883256
2018-03-13,0.0018135576961606503,1.0,0.0018135576961606503,0.0018135576961606503,0.43845066791120674,6.470303013905274
2018-03-14,0.021594635560640008,1.0,0.021594635560640008,0.021594635560640008,0.4479188502960684,6.610026849457469
2018-03-15,0.0008225594614508225,1.0,0.0008225594614508225,0.0008225594614508225,0.44828729018434166,6.615463989582935
2018-03-16,0.018338206980662575,1.0,0.018338206980662575,0.018338206980662575,0.4565080752985425,6.736779737497026
2018-03-19,-0.006892509424989757,1.0,-0.006892509424989757,-0.006892509424989757,0.45336158908696333,6.690346419662248
2018-03-20,0.003064123764342952,1.0,0.003064123764342952,0.003064123764342952,0.454750745105925,6.7108464691184215
2018-03-21,-0.0021197535107285725,1.0,-0.0021197535107285725,-0.0021197535107285725,0.45378678561748026,6.696621128755547
2018-03-22,0.01130660916726911,1.0,0.01130660916726911,0.01130660916726911,0.45891757544772843,6.772337206599662
2018-03-23,-0.014824675020134848,1.0,-0.014824675020134848,-0.014824675020134848,0.4521142715306876,6.671939508385054
2018-03-26,0.012163597458999753,1.0,0.012163597458999753,0.012163597458999753,0.4576136075350558,6.753094294835846
2018-03-27,0.007185694387572772,1.0,0.007185694387572772,0.007185694387572772,0.4609018790663974,6.801619966608998
2018-03-28,-0.001967859789038795,1.0,-0.001967859789038795,-0.001967859789038795,0.4599948887918902,6.788235332176384
2018-03-29,0.006532146569349306,1.0,0.006532146569349306,0.006532146569349306,0.46299964282663036,6.8325770803133965
2018-04-02,-0.005877520043965134,1.0,-0.005877520043965134,-0.005877520043965134,0.46027835314556814,6.792418471571918
2018-04-03,-0.002278799063541448,1.0,-0.002278799063541448,-0.002278799063541448,0.4592294712654516,6.776939914719718
2018-04-04,0.002036937516172177,1.0,0.002036937516172177,0.002036937516172177,0.4601648930040041,6.790744117876856
2018-04-05,0.010287670432379992,1.0,0.010287670432379992,0.010287670432379992,0.4648989177677807,6.860605055352196
2018-04-06,-0.007621666314018172,1.0,-0.007621666314018172,-0.007621666314018172,0.46135561334680647,6.8083158129080354
2018-04-09,-0.0038095185437576617,1.0,-0.0038095185437576617,-0.0038095185437576617,0.45959807058249513,6.782379407567004
2018-04-10,-0.002035419514033854,1.0,-0.002035419514033854,-0.002035419514033854,0.4586625957010192,6.76857442016926
2018-04-11,-0.004697397221117949,1.0,-0.004697397221117949,-0.004697397221117949,0.4565080752985425,6.736779737497027
2018-04-12,-0.01223266759369257,1.0,-0.01223266759369257,-0.01223266759369257,0.45092376375957904,6.654370950316303
2018-04-13,0.007229248776150721,1.0,0.007229248776150721,0.007229248776150721,0.4541836038268753,6.70247705336493
2018-04-16,0.01185871802987326,1.0,0.01185871802987326,0.01185871802987326,0.45956963911844984,6.78195983884248
2018-04-17,0.00678495872652074,1.0,0.00678495872652074,0.00678495872652074,0.46268780015183053,6.827975156433948
2018-04-18,-0.0022053688746772604,1.0,-0.0022053688746772604,-0.0022053688746772604,0.4616674028786828,6.812916952546879
2018-04-19,-0.0019651722938793803,1.0,-0.0019651722938793803,-0.0019651722938793803,0.46076014688955835,6.799528396911233
2018-04-20,-0.010766294276480348,1.0,-0.010766294276480348,-0.010766294276480348,0.4557994675572711,6.726322673248802
2018-04-23,0.0021144099222314416,1.0,0.0021144099222314416,0.0021144099222314416,0.45676321447402196,6.74054487664925
2018-04-24,0.006454220572063019,1.0,0.006454220572063019,0.006454220572063019,0.4597112650094418,6.784049840059033
2018-04-25,-0.01134608870963083,1.0,-0.01134608870963083,-0.01134608870963083,0.4544953402158281,6.707077408763166
2018-04-26,0.017963076923796395,1.0,0.017963076923796395,0.017963076923796395,0.462659474973632,6.827557156190636
2018-04-27,0.0045954793889739776,1.0,0.0045954793889739776,0.0045954793889739776,0.4647856170549869,6.8589330543789515
2018-04-30,-0.00030494096985411723,1.0,-0.00030494096985411723,-0.00030494096985411723,0.4646438848781479,6.856841484681185
2018-05-01,-0.004209857893277658,1.0,-0.004209857893277658,-0.004209857893277658,0.4626878001518304,6.827975156433946
2018-05-02,0.0014090654317244766,1.0,0.0014090654317244766,0.0014090654317244766,0.46333975753670503,6.837596220195551
2018-05-03,-0.0023856636296862854,1.0,-0.0023856636296862854,-0.0023856636296862854,0.46223438472896206,6.82128401557855
2018-05-04,0.006316547305180498,1.0,0.006316547305180498,0.006316547305180498,0.46515411008618357,6.864370978745024
2018-05-07,-0.00450971102226938,1.0,-0.00450971102226938,-0.00450971102226938,0.463056399468874,6.833414649281231
2018-05-08,-0.021059134557560477,1.0,-0.021059134557560477,-0.021059134557560477,0.45330483244471953,6.689508850694413
2018-05-09,-0.010130811324234101,-1.0,0.010130811324234101,0.008130811324234101,0.45699056850969116,6.621738698676234
2018-05-10,0.01225604914736822,-1.0,-0.01225604914736822,-0.01225604914736822,0.45138966964215266,6.7028950536082395
2018-05-11,0.0031831096521957036,-1.0,-0.0031831096521957036,-0.0031831096521957036,0.4499528468278133,6.724231103551035
2018-05-14,-0.003359499446828451,1.0,-0.003359499446828451,-0.005359499446828451,0.4475413247941407,6.701641052878308
2018-05-15,-0.008427000807101903,-1.0,0.008427000807101903,0.006427000807101903,0.4504176732498041,6.645166318316796
2018-05-16,-0.01057577161974499,-1.0,0.01057577161974499,0.01057577161974499,0.45518118769559096,6.574888556959055
2018-05-17,-0.00477237880429493,-1.0,0.00477237880429493,0.00477237880429493,0.45735348474786325,6.543510698169222
2018-05-18,0.00019176020769551272,-1.0,-0.00019176020769551272,-0.00019176020769551272,0.45726578254863776,6.544765483139761
2018-05-21,0.024097360040089333,-1.0,-0.024097360040089333,-0.024097360040089333,0.44624688435255006,6.702477053364929
2018-05-22,-0.004930582329164546,-1.0,0.004930582329164546,0.004930582329164546,0.4484471413549835,6.669429938443978
2018-05-23,0.005331292957599487,-1.0,-0.005331292957599487,-0.005331292957599487,0.44605633826842206,6.704986623306008
2018-05-24,0.005739997695813459,-1.0,-0.005739997695813459,-0.005739997695813459,0.4434959759145583,6.743473231074244
2018-05-25,0.007568443246851464,-1.0,-0.007568443246851464,-0.007568443246851464,0.440139401790642,6.794510825510291
2018-05-29,0.008065505599211598,1.0,0.008065505599211598,0.0060655055992115976,0.44280906979663676,6.849311990617348
2018-05-30,0.009405649641440084,1.0,0.009405649641440084,0.009405649641440084,0.4469739767651959,6.91373421948601
2018-05-31,0.00326673610990591,1.0,0.00326673610990591,0.00326673610990591,0.448434122795283,6.936319564715097
2018-06-01,-0.016464223723496874,1.0,-0.016464223723496874,-0.016464223723496874,0.4410510030723314,6.822118447583959
2018-06-04,-0.004939296554597239,1.0,-0.004939296554597239,-0.004939296554597239,0.4388725213724546,6.788421981440753
2018-06-05,-0.011602180903634407,1.0,-0.011602180903634407,-0.011602180903634407,0.4337806429858572,6.709661481561869
2018-06-06,-0.019899677591888154,-1.0,0.019899677591888154,0.017899677591888152,0.44154517664090603,6.576141381328077
2018-06-07,0.0016007657153025434,-1.0,-0.0016007657153025434,-0.0016007657153025434,0.4408383662603821,6.58666824299029
2018-06-08,0.0026859837464585645,-1.0,-0.0026859837464585645,-0.0026859837464585645,0.43965428157379133,6.6043599268342765
2018-06-11,-0.008928384827884939,-1.0,0.008928384827884939,0.008928384827884939,0.44357968419090943,6.545393659865638
2018-06-12,0.012934219410015713,-1.0,-0.012934219410015713,-0.012934219410015713,0.43784232722975874,6.630053217587267
2018-06-13,-0.001715497771142216,-1.0,0.001715497771142216,0.001715497771142216,0.43859344476623313,6.618679376069942
2018-06-14,0.010691261188470635,-1.0,-0.010691261188470635,-0.010691261188470635,0.4339043276926863,6.689441406002249
2018-06-15,0.004533265774370854,-1.0,-0.004533265774370854,-0.004533265774370854,0.4319373240546056,6.719766421777738
2018-06-18,0.005453812749744769,-1.0,-0.005453812749744769,-0.005453812749744769,0.42958161876958595,6.756414769564136
2018-06-19,0.016145821725984888,1.0,0.016145821725984888,0.014145821725984888,0.4356584037654605,6.86550263794033
2018-06-20,-0.0018408029304806117,1.0,-0.0018408029304806117,-0.0018408029304806117,0.43485644249912053,6.852864600565187
2018-06-21,0.004118231442409748,1.0,0.004118231442409748,0.004118231442409748,0.43664728197355485,6.881086283033811
2018-06-22,0.0056925968090777435,1.0,0.0056925968090777435,0.0056925968090777435,0.43913293889760996,6.920257532851598
2018-06-25,0.01278117294230352,1.0,0.01278117294230352,0.01278117294230352,0.4447455729343223,7.008706541184253
2018-06-26,0.00222402895668683,1.0,0.00222402895668683,0.00222402895668683,0.4457346999668865,7.024294107480768
2018-06-27,0.007854805449708069,1.0,0.007854805449708069,0.007854805449708069,0.4492358593173104,7.07946857111656
2018-06-28,-0.007555529067600819,1.0,-0.007555529067600819,-0.007555529067600819,0.4458416447240298,7.025979440544322
2018-06-29,0.001318679993959071,1.0,0.001318679993959071,0.001318679993959071,0.4464295671814012,7.035244459070536
2018-07-02,0.011853939454270046,1.0,0.011853939454270046,0.011853939454270046,0.45172151624136553,7.118639820934347
2018-07-03,-0.0026623005202536243,1.0,-0.0026623005202536243,-0.0026623005202536243,0.4505188978136664,7.099687862435576
2018-07-05,-0.0001189667982113285,1.0,-0.0001189667982113285,-0.0001189667982113285,0.4504653010228598,7.098843235302282
2018-07-06,0.010502250971594851,1.0,0.010502250971594851,0.010502250971594851,0.4551962006681969,7.173397068567435
2018-07-09,-0.029299216546221918,1.0,-0.029299216546221918,-0.029299216546221918,0.4418593086138019,6.963222154483444
2018-07-10,0.012823270716221025,1.0,0.012823270716221025,0.012823270716221025,0.44752539014663895,7.052513437227573
2018-07-11,0.005793528217540533,1.0,0.005793528217540533,0.005793528217540533,0.45011814112251936,7.093372372830735
2018-07-12,0.00047452192082308997,1.0,0.00047452192082308997,0.00047452192082308997,0.45033173204744215,7.096738333514204
2018-07-13,0.006113147206074254,1.0,0.006113147206074254,0.006113147206074254,0.45308467621701454,7.140121739629967
2018-07-16,-0.00011796359252513877,1.0,-0.00011796359252513877,-0.00011796359252513877,0.4530312287208899,7.139279465218493
2018-07-17,0.004188970530887737,1.0,0.004188970530887737,0.004188970530887737,0.4549289631875736,7.169185696510065
2018-07-18,-0.004641328332876116,1.0,-0.004641328332876116,-0.004641328332876116,0.45281748850128517,7.135911151813203
2018-07-19,0.004899037106274484,1.0,0.004899037106274484,0.004899037106274484,0.455035858179823,7.170870245333014
2018-07-20,-0.0016446274773308511,1.0,-0.0016446274773308511,-0.0016446274773308511,0.45428749370428967,7.159076835091165
2018-07-23,-0.006706779100666749,1.0,-0.006706779100666749,-0.006706779100666749,0.45124068783581944,7.111062488193508
2018-07-24,0.008173632057524527,1.0,0.008173632057524527,0.008173632057524527,0.4549289631875737,7.169185696510067
2018-07-25,-0.014452997320808514,1.0,-0.014452997320808514,-0.014452997320808514,0.4483538761014655,7.065569474846028
2018-07-26,0.0024444357868596,1.0,0.0024444357868596,0.0024444357868596,0.44944984836138513,7.082840805724885
2018-07-27,-0.007017356211573178,1.0,-0.007017356211573178,-0.007017356211573178,0.44629589867619573,7.033137988801248
2018-07-30,-0.004491593357646928,1.0,-0.004491593357646928,-0.004491593357646928,0.4442913189821567,7.001547992927334
2018-07-31,0.007880547583583253,1.0,0.007880547583583253,0.007880547583583253,0.44779257786236853,7.056724025044339
2018-08-01,0.0021491055617803845,1.0,0.0021491055617803845,0.0021491055617803845,0.44875493138197653,7.071889669894511
2018-08-02,0.009231605212087546,1.0,0.009231605212087546,0.009231605212087546,0.45289765974547236,7.137174563430417
2018-08-03,0.010032584142003254,1.0,0.010032584142003254,0.010032584142003254,0.4574413936245852,7.208778867774198
2018-08-06,-0.000818207037603158,1.0,-0.000818207037603158,-0.000818207037603158,0.4570671118570306,7.20288059417206
2018-08-07,-0.0022217796906079945,1.0,-0.0022217796906079945,-0.0022217796906079945,0.45605160943066175,7.186877380354055
2018-08-08,-0.0032235490510111875,1.0,-0.0032235490510111875,-0.0032235490510111875,0.4545815046978694,7.1637101285948805
2018-08-09,0.004527300756619113,1.0,0.004527300756619113,0.004527300756619113,0.45663953188803313,7.196142398880268
2018-08-10,0.00046774514689884583,1.0,0.00046774514689884583,0.00046774514689884583,0.4568531228129559,7.199508359563738
2018-08-13,0.0021650876029344346,1.0,0.0021650876029344346,0.0021650876029344346,0.45784224984552013,7.215095925860252
2018-08-14,0.003735935622473985,1.0,0.003735935622473985,0.003735935622473985,0.45955271901619166,7.24205105974924
2018-08-15,0.004827669702103243,1.0,0.004827669702103243,0.004827669702103243,0.4617712877543053,7.277013290231476
2018-08-16,0.011691597540569143,1.0,0.011691597540569143,0.011691597540569143,0.467170131806519,7.362093200918236
2018-08-17,0.0021740510617047626,1.0,0.0021740510617047626,0.0021740510617047626,0.46818578352756973,7.378098767458061
2018-08-20,-0.0049663300826439105,1.0,-0.0049663300826439105,-0.0049663300826439105,0.46586061838657056,7.341456693596516
2018-08-21,-0.009581540032666647,1.0,-0.009581540032666647,-0.009581540032666647,0.4613969562218568,7.271114232388733
2018-08-22,-0.005329106776817416,1.0,-0.005329106776817416,-0.005329106776817416,0.458938122575652,7.232365688257897
2018-08-23,-0.00046626992517773136,1.0,-0.00046626992517773136,-0.00046626992517773136,0.4587241335315774,7.228993453649575
2018-08-24,0.0062344418304272065,1.0,0.0062344418304272065,0.0062344418304272065,0.46158402245829316,7.274062192828892
2018-08-27,-0.0071797185081141635,1.0,-0.0071797185081141635,-0.0071797185081141635,0.4582699791091996,7.221836473873865
2018-08-28,-0.005249383734946322,1.0,-0.005249383734946322,-0.005249383734946322,0.45586434413464955,7.18392628295147
2018-08-29,0.0063736578038418035,1.0,0.0063736578038418035,0.0063736578038418035,0.45876986746913656,7.229714170767028
2018-08-30,0.0017595670560364152,1.0,0.0017595670560364152,0.0017595670560364152,0.45957710381423744,7.2424353376464685
2018-08-31,-0.004273323800001005,1.0,-0.004273323800001005,-0.004273323800001005,0.45761318203857254,7.211486066348136
2018-09-04,-0.00041215803117655714,1.0,-0.00041215803117655714,-0.00041215803117655714,0.45742457309042306,7.208513794449172
2018-09-05,0.009351467931110191,1.0,0.009351467931110191,0.009351467931110191,0.4617021643165799,7.275923980028929
2018-09-06,0.012819385216198631,1.0,0.012819385216198631,0.012819385216198631,0.46762090221610675,7.3691968523326965
2018-09-07,-0.009895385587257999,1.0,-0.009895385587257999,-0.009895385587257999,0.4629936130800169,7.296275808010456
2018-09-10,-0.00040704590331996915,1.0,-0.00040704590331996915,-0.00040704590331996915,0.4628051534265494,7.293305888833313
2018-09-11,0.0006980771265545638,1.0,0.0006980771265545638,0.0006980771265545638,0.463128227118208,7.298397178851273
2018-09-12,0.0020329186905592156,1.0,0.0020329186905592156,0.0020329186905592156,0.46406972914724215,7.3132342268872845
2018-09-13,0.012173838258155767,1.0,0.012173838258155767,0.012173838258155767,0.4697192389703868,7.402264357509419
2018-09-14,-0.005441282743816056,1.0,-0.005441282743816056,-0.005441282743816056,0.4671633637809388,7.361986544195738
2018-09-17,0.0012094925457590833,1.0,0.0012094925457590833,0.0012094925457590833,0.4677283943870836,7.370890812042922
2018-09-18,-0.002415743690498795,1.0,-0.002415743690498795,-0.002415743690498795,0.46659848246947583,7.3530846290703735
2018-09-19,-0.02461951756479297,1.0,-0.02461951756479297,-0.02461951756479297,0.45511105293461285,7.172055232889567
2018-09-20,0.0005913469797291793,-1.0,-0.0005913469797291793,-0.0025913469797291793,0.45393170228214935,7.176296406089986
2018-09-21,0.008802453076733219,-1.0,-0.008802453076733219,-0.008802453076733219,0.4499359897727691,7.239465418469322
2018-09-24,-0.011419559733377493,1.0,-0.011419559733377493,-0.013419559733377493,0.4438980468818171,7.1567939106853915
2018-09-25,-0.011610974337159519,-1.0,0.011610974337159519,0.009610974337159519,0.4481643396187135,7.073696560252084
2018-09-26,-0.014383904572649264,-1.0,0.014383904572649264,0.014383904572649264,0.4546106927126534,6.971949183953541
2018-09-27,0.0069321210735939776,-1.0,-0.0069321210735939776,-0.0069321210735939776,0.4514592763494189,7.020279579815652
2018-09-28,0.012138488694482419,-1.0,-0.012138488694482419,-0.012138488694482419,0.44597924302743225,7.10549516412735
2018-10-01,-0.003639594095195653,-1.0,0.003639594095195653,0.003639594095195653,0.4476024264469347,7.079634045884551
2018-10-02,0.014072418615599824,-1.0,-0.014072418615599824,-0.014072418615599824,0.4413035777286152,7.179261619823491
2018-10-03,-0.006495774933441889,-1.0,0.006495774933441889,0.006495774933441889,0.444170186446863,7.13262675215282
2018-10-04,0.0060035534016855685,-1.0,-0.0060035534016855685,-0.0060035534016855685,0.4415035870130926,7.175447857753661
2018-10-05,0.018434132655063218,-1.0,-0.018434132655063218,-0.018434132655063218,0.43336485132240704,7.307721015422981
2018-10-08,0.005511679117015333,1.0,0.005511679117015333,0.0035116791170153334,0.43488668962084437,7.347998828736662
2018-10-09,0.0023654228816427647,1.0,0.0023654228816427647,0.0023654228816427647,0.43591538054739537,7.36537995330044
2018-10-10,-0.005640917253308397,1.0,-0.005640917253308397,-0.005640917253308397,0.4334564179562831,7.323832454444696
2018-10-11,-0.021186438409308672,1.0,-0.021186438409308672,-0.021186438409308672,0.4242730202541327,7.168666529228508
2018-10-12,0.0015966695628069072,-1.0,-0.0015966695628069072,-0.0035966695628069072,0.4227470503958645,7.18011252088164
2018-10-15,0.0016533236808444762,-1.0,-0.0016533236808444762,-0.0016533236808444762,0.4220481126864379,7.191983570943542
2018-10-16,0.009726154156844524,-1.0,-0.009726154156844524,-0.009726154156844524,0.4179432076808443,7.261933911848032
2018-10-17,-0.0027436791759329893,1.0,-0.0027436791759329893,-0.004743679175932989,0.41596061918984606,7.242009494997093
2018-10-18,0.004390420495140823,1.0,0.004390420495140823,0.004390420495140823,0.41778686121750863,7.273804961909932
2018-10-19,0.011015889438301008,1.0,0.011015889438301008,0.011015889438301008,0.4223891550894555,7.353932393166097
2018-10-22,-0.004612068202472841,1.0,-0.004612068202472841,-0.004612068202472841,0.42044106749819804,7.320015555412441
2018-10-23,-0.011757048776019463,1.0,-0.011757048776019463,-0.011757048776019463,0.41549792136018004,7.233953775486236
2018-10-24,0.029127233498237315,-1.0,-0.029127233498237315,-0.031127233498237317,0.40256462054396946,7.444658836220278
2018-10-25,-0.013667269753735112,1.0,-0.013667269753735112,-0.015667269753735114,0.3962575320405971,7.342910675681128
2018-10-26,-0.019110797254408896,1.0,-0.019110797254408896,-0.019110797254408896,0.38868473468523684,7.202581798500951
2018-10-29,0.01701104990903901,-1.0,-0.01701104990903901,-0.019011049909039013,0.3812954297952542,7.325105276949187
2018-10-30,0.004456242679633959,1.0,0.004456242679633959,0.0024562426796339593,0.3822319839034667,7.357747723717139
2018-10-31,-0.006049880819692821,1.0,-0.006049880819692821,-0.006049880819692821,0.379919525955376,7.3132342268872845
2018-11-01,-0.011768165183470236,1.0,-0.011768165183470236,-0.011768165183470236,0.3754485702175074,7.227170878479867
2018-11-02,-0.013609567878125395,-1.0,0.013609567878125395,0.011609567878125395,0.37980736587819264,7.128812205842384
2018-11-05,0.015224833480618427,-1.0,-0.015224833480618427,-0.015224833480618427,0.37402486197798485,7.237347184590934
2018-11-06,0.004393248810909078,-1.0,-0.004393248810909078,-0.004393248810909078,0.37238167769784963,7.269142651503775
2018-11-07,0.012131054617310788,1.0,0.012131054617310788,0.010131054617310788,0.37615429681309237,7.357325018030191
2018-11-08,0.002420091363139143,1.0,0.002420091363139143,0.002420091363139143,0.3770646245780174,7.375130416762134
2018-11-09,0.014945819768426016,1.0,0.014945819768426016,0.014945819768426016,0.3827001644980097,7.485357786739697
2018-11-12,0.01093148767784835,1.0,0.01093148767784835,0.01093148767784835,0.3868836466305302,7.5671838831497285
2018-11-13,0.0009522172058435974,1.0,0.0009522172058435974,0.0009522172058435974,0.3872520438955113,7.574389485843046
2018-11-14,-0.010298763326305527,1.0,-0.010298763326305527,-0.010298763326305527,0.38326382674780335,7.4963826411870915
2018-11-15,0.013346788329346326,1.0,0.013346788329346326,0.013346788329346326,0.38837916791770155,7.5964352735348015
2018-11-16,0.006753208997643867,1.0,0.006753208997643867,0.006753208997643867,0.3910019736089808,7.647735588574056
2018-11-19,0.008980521693903398,1.0,0.008980521693903398,0.008980521693903398,0.3945133753153353,7.716416243936482
2018-11-20,-0.017801077876298255,1.0,-0.017801077876298255,-0.017801077876298255,0.38749061199810575,7.579055717452236
2018-11-21,-0.014488115256756418,1.0,-0.014488115256756418,-0.014488115256756418,0.3818766033505661,7.469249484680409
2018-11-23,0.00652728040342776,1.0,0.00652728040342776,0.00652728040342776,0.3843692190201438,7.518003370470076
2018-11-26,-0.0016915722233326047,1.0,-0.0016915722233326047,-0.0016915722233326047,0.3837190307257453,7.505286124793668
2018-11-27,0.0054790257856423,1.0,0.0054790257856423,0.0054790257856423,0.3858214371895333,7.546407781000036
2018-11-28,0.00028100609743741956,1.0,0.00028100609743741956,0.00028100609743741956,0.3859298553659056,7.5485283676002455
2018-11-29,0.001017322005790744,1.0,0.001017322005790744,0.001017322005790744,0.386322470300461,7.556207651619941
2018-11-30,0.02591482795701494,1.0,0.02591482795701494,0.02591482795701494,0.3963339506542265,7.752025472919152
2018-12-03,0.004292367822203769,1.0,0.004292367822203769,0.004292367822203769,0.3980351617508616,7.785300017616014
2018-12-04,-0.0017534682296075355,1.0,-0.0017534682296075355,-0.0017534682296075355,0.39733721974046476,7.771648741377161
2018-12-06,0.0026900708956489883,1.0,0.0026900708956489883,0.0026900708956489883,0.3984060850310467,7.7925550274675475
2018-12-07,0.001094658304981344,1.0,0.001094658304981344,0.001094658304981344,0.39884220356078104,7.801085212545389
2018-12-10,-0.0013672036593608272,1.0,-0.0013672036593608272,-0.0013672036593608272,0.3982969050405652,7.790419540295812
2018-12-11,0.002026030352604291,1.0,0.002026030352604291,0.002026030352604291,0.39910386665952574,7.806203166743972
2018-12-12,-0.009126530804151156,1.0,-0.009126530804151156,-0.009126530804151156,0.39546143292640173,7.734959613079221
2018-12-13,0.0049088547462214915,1.0,0.0049088547462214915,0.0049088547462214915,0.39740269565837005,7.772929406287717
2018-12-14,-0.005269079300430413,1.0,-0.005269079300430413,-0.005269079300430413,0.3953087493407413,7.731973224849339
2018-12-17,-0.030843117357063465,1.0,-0.030843117357063465,-0.030843117357063465,0.3831161951925508,7.4934950672736385
2018-12-18,0.001992758419930185,1.0,0.001992758419930185,0.001992758419930185,0.3838796532163324,7.508427792663653
2018-12-19,-0.008408798786898597,1.0,-0.008408798786898597,-0.008408798786898597,0.38065168645405184,7.445290934149187
2018-12-20,0.0022344453876499415,-1.0,-0.0022344453876499415,-0.0042344453876499415,0.3790398376760453,7.461927030136708
2018-12-21,-0.004573695585550319,-1.0,0.004573695585550319,0.004573695585550319,0.3807734505083719,7.427798447419273
2018-12-24,-0.03463358773628955,-1.0,0.03463358773628955,0.03463358773628955,0.3939610012142033,7.170547138203102
2018-12-26,0.01344602058337796,-1.0,-0.01344602058337796,-0.01344602058337796,0.3886637934828289,7.266962462617463
2018-12-27,0.01068459151882628,-1.0,-0.01068459151882628,-0.01068459151882628,0.3845110796113074,7.344606988113174
2018-12-28,0.003252877366715534,-1.0,-0.003252877366715534,-0.003252877366715534,0.38326031222318846,7.368498093952228
2018-12-31,0.006368863410123993,-1.0,-0.006368863410123993,-0.006368863410123993,0.3808193796441175,7.415427051850369
2019-01-02,-0.02295498168218857,-1.0,0.02295498168218857,0.02295498168218857,0.3895610815280706,7.245206059709538
2019-01-03,-0.002473020779674262,-1.0,0.002473020779674262,0.002473020779674262,0.39052447417764186,7.227288514570855
2019-01-04,0.01841671104768272,-1.0,-0.01841671104768272,-0.01841671104768272,0.383332297779664,7.3603913988019425
2019-01-07,-0.0014491697400658143,-1.0,0.0014491697400658143,0.0014491697400658143,0.3838878113459962,7.349724942311758
2019-01-08,0.007313984237561133,-1.0,-0.007313984237561133,-0.007313984237561133,0.38108006194481975,7.403480714690236
2019-01-09,-0.004321888309270938,-1.0,0.004321888309270938,0.004321888309270938,0.38272704740943536,7.371483697941503
2019-01-10,0.015047048157150078,-1.0,-0.015047048157150078,-0.015047048157150078,0.37696813509602173,7.482402768134076
2019-01-11,0.0018244508698450623,-1.0,-0.0018244508698450623,-0.0018244508698450623,0.3762803752540419,7.496054044372929
2019-01-14,-0.02549642407274888,1.0,-0.02549642407274888,-0.027496424072748882,0.36593401048580365,7.304931471585353
2019-01-15,0.020381965796697266,-1.0,-0.020381965796697266,-0.022381965796697267,0.35774368797926215,7.453820334986423
2019-01-16,-0.00022894401571804668,-1.0,0.00022894401571804668,0.00022894401571804668,0.3578255912557859,7.452113827426491
2019-01-17,0.004637072735100389,-1.0,-0.004637072735100389,-0.004637072735100389,0.3561663279626525,7.486669821274514
2019-01-18,0.0034187778128578206,-1.0,-0.0034187778128578206,-0.0034187778128578206,0.35494867442292677,7.512265081951679
2019-01-22,0.007326106367126384,1.0,0.007326106367126384,0.005326106367126384,0.3568391688177738,7.5673007350001065
2019-01-23,0.01127522590455099,1.0,0.01127522590455099,0.01127522590455099,0.3608626110577864,7.652623760274907
2019-01-24,0.005017009112006088,1.0,0.005017009112006088,0.005017009112006088,0.3626730620656456,7.691017043410961
2019-01-25,-0.03372512646884185,1.0,-0.03372512646884185,-0.03372512646884185,0.3504418671806396,7.431636520947908
2019-01-28,-0.009931175088801258,-1.0,0.009931175088801258,0.007931175088801258,0.35322128298769573,7.357831637462045
2019-01-29,0.002261431596943586,-1.0,-0.002261431596943586,-0.002261431596943586,0.3524224972176344,7.374470870411993
2019-01-30,0.004223292458084282,-1.0,-0.004223292458084282,-0.004223292458084282,0.35093411394307594,7.405615417621366
2019-01-31,0.03104985258984394,-1.0,-0.03104985258984394,-0.03104985258984394,0.3400376614363959,7.635558684675585
2019-02-01,-0.006480937979683188,1.0,-0.006480937979683188,-0.008480937979683188,0.33715382311899733,7.586073102399971
2019-02-04,0.001574358701332379,1.0,0.001574358701332379,0.001574358701332379,0.3376846241741122,7.598016302597678
2019-02-05,0.0003928419774050784,1.0,0.0003928419774050784,0.0003928419774050784,0.33781728086961205,7.6010011223463465
2019-02-06,-0.0003926877131873452,1.0,-0.0003926877131873452,-0.0003926877131873452,0.3376846241741122,7.598016302597678
2019-02-07,0.018248366547368944,1.0,0.018248366547368944,0.018248366547368944,0.34384681697345193,7.736667689120365
2019-02-08,0.009153110473199,1.0,0.009153110473199,0.009153110473199,0.3469940848750678,7.807482263173313
2019-02-11,0.0,1.0,0.0,0.0,0.3469940848750678,7.807482263173313
2019-02-12,0.0014212290170587671,1.0,0.0014212290170587671,0.0014212290170587671,0.34748724293724,7.818578483515906
2019-02-13,-0.0022917630637164788,1.0,-0.0022917630637164788,-0.0022917630637164788,0.34669088450876373,7.800660154136616
2019-02-14,-0.001312788102347584,1.0,-0.001312788102347584,-0.001312788102347584,0.34623575284038827,7.790419540295809
2019-02-15,0.007831111656056766,1.0,0.007831111656056766,0.007831111656056766,0.34894716368020023,7.8514271855633915
2019-02-19,0.007226487371576384,1.0,0.007226487371576384,0.007226487371576384,0.3514688259518826,7.9081654249687166
2019-02-20,0.001456784714490622,1.0,0.001456784714490622,0.001456784714490622,0.35198084036514926,7.919685919479474
2019-02-21,0.004955270271220336,1.0,0.004955270271220336,0.004955270271220336,0.35372500055944983,7.958930103673673
2019-02-22,0.008415954071218978,1.0,0.008415954071218978,0.008415954071218978,0.3567019339180001,8.025912093882232
2019-02-25,-0.0013289046933004922,1.0,-0.0013289046933004922,-0.0013289046933004922,0.3562279110439071,8.015246421632654
2019-02-26,0.0018627465561007472,1.0,0.0018627465561007472,0.0018627465561007472,0.3568914733583911,8.030176794300848
2019-02-27,-0.000909327960638473,1.0,-0.000909327960638473,-0.000909327960638473,0.35656694196275285,8.022874730012921
2019-02-28,0.004871595335303569,1.0,0.004871595335303569,0.004871595335303569,0.35830399181394207,8.061958929123376
2019-03-01,-0.0008524355551716711,1.0,-0.0008524355551716711,-0.0008524355551716711,0.3579985607517599,8.055086628687858
2019-03-04,0.0036255768925770315,1.0,0.0036255768925770315,0.0036255768925770315,0.35929651206119734,8.084290964636535
2019-03-05,0.00042518590606221984,1.0,0.00042518590606221984,0.00042518590606221984,0.3594492798742231,8.087728291215205
2019-03-06,-0.003982811676540354,1.0,-0.003982811676540354,-0.003982811676540354,0.35801766108521604,8.055516392540268
2019-03-07,0.0019194409204827956,1.0,0.0019194409204827956,0.0019194409204827956,0.35870485483415854,8.070978480339729
2019-03-08,0.0040967960124596026,1.0,0.0040967960124596026,0.0040967960124596026,0.36017439545309304,8.104043632794632
2019-03-11,0.004239947302101976,1.0,0.004239947302101976,0.004239947302101976,0.3617015159093806,8.138404350731616
2019-03-12,0.007334954607753241,1.0,0.007334954607753241,0.007334954607753241,0.36435458011013144,8.198099177223774
2019-03-13,0.00041890071612993296,1.0,0.00041890071612993296,0.00041890071612993296,0.3645072085046648,8.201533366840017
2019-03-14,5.2591669670754015e-05,1.0,5.2591669670754015e-05,5.2591669670754015e-05,0.3645263785473671,8.20196469917364
2019-03-15,0.0013614789147180506,1.0,0.0013614789147180506,0.0013614789147180506,0.36502267352561785,8.213131501170826
2019-03-18,-0.001934741111644489,1.0,-0.001934741111644489,-0.001934741111644489,0.36431644915246547,8.197241218000169
2019-03-19,-0.01241688915821415,1.0,-0.01241688915821415,-0.01241688915821415,0.35979277218482514,8.095456982393117
2019-03-20,0.007267499590706716,1.0,0.007267499590706716,0.007267499590706716,0.3624075660094176,8.154290712699243
2019-03-21,0.010744694254204434,1.0,0.010744694254204434,0.010744694254204434,0.3663015245015992,8.241906073267096
2019-03-22,0.010525900121890697,1.0,0.010525900121890697,0.010525900121890697,0.37015717776299933,8.32865955340831
2019-03-25,-0.0016503718303647608,1.0,-0.0016503718303647608,-0.0016503718303647608,0.36954628078401197,8.314914168296665
2019-03-26,0.007179247468333871,1.0,0.007179247468333871,0.007179247468333871,0.3721993449847628,8.374608994788822
2019-03-27,-0.005538355042439047,1.0,-0.005538355042439047,-0.005538355042439047,0.37013797286567396,8.328227436834078
2019-03-28,-0.010313499342717303,1.0,-0.010313499342717303,-0.010313499342717303,0.36632055512580913,8.24233426863829
2019-03-29,0.007294702280390197,1.0,0.007294702280390197,0.007294702280390197,0.3689927545146392,8.302459643223465
2019-04-01,-0.014639040230298161,1.0,-0.014639040230298161,-0.014639040230298161,0.36359105473661085,8.180919602495889
2019-04-02,-0.005302231814828806,1.0,-0.005302231814828806,-0.005302231814828806,0.36166321067859925,8.137542470304979
2019-04-03,-0.0008970412864505173,1.0,-0.0008970412864505173,-0.0008970412864505173,0.36133878384683027,8.13024275873887
2019-04-04,-0.004806971642590696,1.0,-0.004806971642590696,-0.004806971642590696,0.35960183855951033,8.091160912350233
2019-04-05,0.00891725190342485,1.0,0.00891725190342485,0.00891725190342485,0.3628084987388802,8.163311832396804
2019-04-08,-0.0075760916336165,1.0,-0.0075760916336165,-0.0075760916336165,0.36005982830697963,8.10146583392078
2019-04-09,0.005672518559906914,1.0,0.005672518559906914,0.005672518559906914,0.3621022743657279,8.147421549226149
2019-04-10,-0.0057454419516310695,1.0,-0.0057454419516310695,-0.0057454419516310695,0.360021836767806,8.100611011659602
2019-04-11,0.007528045136322659,1.0,0.007528045136322659,0.007528045136322659,0.36273209740505585,8.161592776987169
2019-04-12,0.004262707383231756,1.0,0.004262707383231756,0.004262707383231756,0.3642783181947995,8.196383258776562
2019-04-15,0.0016240943884544556,1.0,0.0016240943884544556,0.0016240943884544556,0.3648699405672153,8.209694958832763
2019-04-16,-0.008579299653803663,1.0,-0.008579299653803663,-0.008579299653803663,0.3617396120124236,8.139261525714616
2019-04-17,0.0006860319085773003,1.0,0.0006860319085773003,0.0006860319085773003,0.3619877769288605,8.144845318833513
2019-04-18,-0.0015291297238515522,1.0,-0.0015291297238515522,-0.0015291297238515522,0.36143425065948764,8.132390793760312
2019-04-22,0.005386621586892293,1.0,0.005386621586892293,0.005386621586892293,0.36338116019633226,8.176196905563025
2019-04-23,-0.0030991912905348196,1.0,-0.0030991912905348196,-0.0030991912905348196,0.36225497246950733,8.150857307323607
2019-04-24,0.0014225494240911463,1.0,0.0014225494240911463,0.0014225494240911463,0.362770298071968,8.162452304691989
2019-04-25,0.002209817990743268,1.0,0.002209817990743268,0.002209817990743268,0.3635719544031547,8.180489838643481
2019-04-26,0.006457518322377842,1.0,0.006457518322377842,0.006457518322377842,0.3659197269602158,8.233315501662547
2019-04-29,0.00031309365872478345,1.0,0.00031309365872478345,0.00031309365872478345,0.3660342941063293,8.235893300536398
2019-04-30,0.0139227364447978,1.0,0.0139227364447978,0.0139227364447978,0.37113049311292934,8.350559472347243
2019-05-01,-0.006017023361103324,1.0,-0.006017023361103324,-0.006017023361103324,0.36889739226585105,8.300313960923846
2019-05-02,-0.008019926894533125,1.0,-0.008019926894533125,-0.008019926894533125,0.365938862148295,8.233746049755565
2019-05-03,0.003598817221250883,1.0,0.003598817221250883,0.003598817221250883,0.36725580922731926,8.263377796834831
2019-05-06,-0.007847836755580873,1.0,-0.007847836755580873,-0.007847836755580873,0.3643736455889645,8.19852815683558
2019-05-07,-0.006023857821114698,1.0,-0.006023857821114698,-0.006023857821114698,0.36217871055417533,8.149141388876398
2019-05-08,-0.009855237989653487,-1.0,0.009855237989653487,0.007855237989653487,0.3650237105203642,8.068829661077686
2019-05-09,0.0038855184762103256,-1.0,-0.0038855184762103256,-0.0038855184762103256,0.3636054041488825,8.100181247807198
2019-05-10,0.01670094980062342,-1.0,-0.01670094980062342,-0.01670094980062342,0.3575328485469566,8.235461968202777
2019-05-13,0.016531074136052926,1.0,0.016531074136052926,0.014531074136052926,0.3627281848752666,8.371603000543782
2019-05-14,-0.00015382037059463727,1.0,-0.00015382037059463727,-0.00015382037059463727,0.36267238989144396,8.370315277467768
2019-05-15,-0.00020509414889535726,1.0,-0.00020509414889535726,-0.00020509414889535726,0.3625980079063113,8.36859857477995
2019-05-16,0.011546854556076402,1.0,0.011546854556076402,0.011546854556076402,0.36678487436592855,8.465229565361122
2019-05-17,0.009486969544867385,1.0,0.009486969544867385,0.009486969544867385,0.3702645512985561,8.545538940438014
2019-05-20,0.0018595746297598303,1.0,0.0018595746297598303,0.0018595746297598303,0.3709530858644503,8.561430007849278
2019-05-21,-0.002257612802091691,1.0,-0.002257612802091691,-0.002257612802091691,0.3701156174288273,8.542101613859346
2019-05-22,0.015233935859576553,1.0,0.015233935859576553,0.015233935859576553,0.37575393500536564,8.672231441950865
2019-05-23,0.007923584882284729,1.0,0.007923584882284729,0.007923584882284729,0.3787312532042332,8.740946603899982
2019-05-24,-0.0007863986852023608,1.0,-0.0007863986852023608,-0.0007863986852023608,0.37843341944466835,8.73407273498325
2019-05-28,-0.010817563574904154,1.0,-0.010817563574904154,-0.010817563574904154,0.3743396918709573,8.639591347904732
2019-05-29,-0.0121787252691552,1.0,-0.0121787252691552,-0.0121787252691552,0.3697807116063207,8.53437213844083
2019-05-30,0.0011069311477982513,1.0,0.0011069311477982513,0.0011069311477982513,0.37019003339385276,8.543819100787772
2019-05-31,0.0026306211869693286,1.0,0.0026306211869693286,0.0026306211869693286,0.3711638631389035,8.566294652331937
2019-06-03,0.006911809565172566,1.0,0.006911809565172566,0.006911809565172566,0.3737292770783934,8.62550324964801
2019-06-04,-0.0010022237492932629,1.0,-0.0010022237492932629,-0.0010022237492932629,0.3733547167210992,8.616858565441607
2019-06-05,0.026431990697808994,1.0,0.026431990697808994,0.026431990697808994,0.3832232251204544,8.844619290887696
2019-06-06,0.005423773718979286,1.0,0.005423773718979286,0.005423773718979286,0.3853017411773652,8.89259050455199
2019-06-07,-0.006658282704727236,1.0,-0.006658282704727236,-0.006658282704727236,0.38273629325798264,8.83338112299531
2019-06-10,-0.004745547409263362,1.0,-0.004745547409263362,-0.004745547409263362,0.3809200000330812,8.791461894092043
2019-06-11,-0.007128355628140515,1.0,-0.007128355628140515,-0.007128355628140515,0.37820466680697407,8.72879322721971
2019-06-12,0.012774017903822266,1.0,0.012774017903822266,0.012774017903822266,0.3830358599920755,8.840294988182976
2019-06-13,0.0010756334904631348,1.0,0.0010756334904631348,0.0010756334904631348,0.38344786619113136,8.849803905537838
2019-06-14,0.010694974864753126,1.0,0.010694974864753126,0.010694974864753126,0.3875488314819887,8.94445233586556
2019-06-17,-0.002850531860793759,1.0,-0.002850531860793759,-0.002850531860793759,0.3864441111902359,8.918955889504824
2019-06-18,-0.004603380595809448,1.0,-0.004603380595809448,-0.004603380595809448,0.38466516186741795,8.877898541028197
2019-06-19,0.003991740203682204,1.0,0.003991740203682204,0.003991740203682204,0.38620064525900005,8.91333680555863
2019-06-20,0.0006790688081999008,1.0,0.0006790688081999008,0.0006790688081999008,0.3864629020709021,8.919389574560265
2019-06-21,0.005668724296117977,1.0,0.005668724296117977,0.005668724296117977,0.3886536537134197,8.969951134948117
2019-06-24,0.003131821159993553,1.0,0.003131821159993553,0.003131821159993553,0.3898708474500282,8.998043417716655
2019-06-25,-0.009509764829183531,1.0,-0.009509764829183531,-0.009509764829183531,0.38616326737702394,8.912474140891387
2019-06-26,-0.01527524747317599,1.0,-0.01527524747317599,-0.01527524747317599,0.3802645279027897,8.776333892790989
2019-06-27,0.007287905881125045,1.0,0.007287905881125045,0.007287905881125045,0.3830358599920757,8.840294988182977
2019-06-28,0.001515733923138196,1.0,0.001515733923138196,0.001515733923138196,0.3836164404388441,8.853694523187114
2019-07-01,-0.004100354018813701,1.0,-0.004100354018813701,-0.004100354018813701,0.38204347722560766,8.817391241267615
2019-07-02,0.017841326979045613,1.0,0.017841326979045613,0.017841326979045613,0.3888596398230013,8.974705201505243
2019-07-03,0.005152739261099715,1.0,0.005152739261099715,0.005152739261099715,0.39086333215617436,9.020949517353834
2019-07-05,-0.0029703246596932686,1.0,-0.0029703246596932686,-0.0029703246596932686,0.389702341162101,8.99415436854859
2019-07-08,0.004901288873914611,1.0,0.004901288873914611,0.004901288873914611,0.3916123849109773,9.038237317285429
2019-07-09,-0.0046383342674037875,1.0,-0.0046383342674037875,-0.0046383342674037875,0.38979595576650494,8.996314951419736
2019-07-10,0.006341351875028822,1.0,0.006341351875028822,0.006341351875028822,0.3922677890814835,9.053363750105271
2019-07-11,0.004391848140805843,1.0,0.004391848140805843,0.004391848140805843,0.39399056964165907,9.09312474885921
2019-07-12,-0.0079373409580058,1.0,-0.0079373409580058,-0.0079373409580058,0.3908633321561743,9.020949517353834
2019-07-15,0.0005749043514078345,1.0,0.0005749043514078345,0.0005749043514078345,0.39108804118663665,9.026135700485192
2019-07-16,-0.004644553024328979,1.0,-0.004644553024328979,-0.004644553024328979,0.38927161204216437,8.984213334619499
2019-07-17,0.009765326983206979,1.0,0.009765326983206979,0.009765326983206979,0.3930729766190362,9.071947115518947
2019-07-18,0.011671698301433109,1.0,0.011671698301433109,0.011671698301433109,0.39766080581257984,9.17783214525784
2019-07-19,-0.012384614418379458,1.0,-0.012384614418379458,-0.012384614418379458,0.392735930063289,9.064168232942214
2019-07-22,-0.001764335572611353,1.0,-0.001764335572611353,-0.001764335572611353,0.3920430120912357,9.0481759984927
2019-07-23,-0.009839219934994592,1.0,-0.009839219934994592,-0.009839219934994592,0.3881856146712923,8.959149004832991
2019-07-24,0.013313836333747053,1.0,0.013313836333747053,0.013313836333747053,0.3933538544121409,9.07842964837299
2019-07-25,-0.011568254081240181,1.0,-0.011568254081240181,-0.011568254081240181,0.38880343708046605,8.973408067541948
2019-07-26,0.007417391922960093,1.0,0.007417391922960093,0.007417391922960093,0.39168734455428583,9.03996735206356
2019-07-29,0.010565424771491472,1.0,0.010565424771491472,0.010565424771491472,0.3958256877271194,9.135478447058526
2019-07-30,-0.00941442915124202,1.0,-0.00941442915124202,-0.00941442915124202,0.3920992148337708,9.049473132455995
2019-07-31,-0.010601990405882389,1.0,-0.010601990405882389,-0.010601990405882389,0.3879421827199491,8.953530705127406
2019-08-01,0.01491492899596536,1.0,0.01491492899596536,0.01491492899596536,0.393728312829757,9.087071979857576
2019-08-02,0.0054698773989723115,1.0,0.0054698773989723115,0.0054698773989723115,0.39588195842944,9.136777149503034
2019-08-05,-0.01589334067609416,1.0,-0.01589334067609416,-0.01589334067609416,0.3895900715966016,8.99156323758443
2019-08-06,0.016101873198042904,1.0,0.016101873198042904,0.016101873198042904,0.3958632015286665,9.136344248688198
2019-08-07,0.006953349485082416,1.0,0.006953349485082416,0.006953349485082416,0.3986157767171789,9.19987244326535
2019-08-08,0.01103970349838379,1.0,0.01103970349838379,0.01103970349838379,0.40301637670191454,9.301436307261952
2019-08-09,0.005854337407635191,1.0,0.005854337407635191,0.005854337407635191,0.40537577055193014,9.355890053780291
2019-08-12,-0.004757888433337798,1.0,-0.004757888433337798,-0.004757888433337798,0.4034470378620657,9.31137577270983
2019-08-13,0.0007893466169059948,1.0,0.0007893466169059948,0.0007893466169059948,0.40376549741650286,9.31872567567476
2019-08-14,-0.0030610605544312275,1.0,-0.0030610605544312275,-0.0030610605544312275,0.4025295467791209,9.290200492091387
2019-08-15,0.010187816928932891,1.0,0.010187816928932891,0.010187816928932891,0.4066304441101929,9.384847353937896
2019-08-16,0.0017500089414075326,1.0,0.0017500089414075326,0.0017500089414075326,0.40734205102323423,9.401270920721032
2019-08-19,0.006573800661976437,1.0,0.006573800661976437,0.006573800661976437,0.41001983646790163,9.463073001723087
2019-08-20,0.0007766101691262239,1.0,0.0007766101691262239,0.0007766101691262239,0.41033826204244606,9.47042212044741
2019-08-21,0.009719843980339649,1.0,0.009719843980339649,0.009719843980339649,0.41432668592866234,9.562473145886116
2019-08-22,0.0016271244266312657,1.0,0.0016271244266312657,0.0016271244266312657,0.41500084699994205,9.578032479520793
2019-08-23,0.0012634762751235762,1.0,0.0012634762751235762,0.0012634762751235762,0.4155251907242827,9.59013409632103
2019-08-26,0.0077511981990359136,1.0,0.0077511981990359136,0.0077511981990359136,0.4187460088342788,9.664469126456947
2019-08-27,0.0017440067215506172,1.0,0.0017440067215506172,0.0017440067215506172,0.41947630468830827,9.681324025573707
2019-08-28,-0.007047884545112293,1.0,-0.007047884545112293,-0.007047884545112293,0.4165198841234547,9.613091171597642
2019-08-29,-0.00031636910729904155,1.0,-0.00031636910729904155,-0.00031636910729904155,0.41638811009954224,9.6100498865253
2019-08-30,-0.009225918552343448,1.0,-0.009225918552343448,-0.009225918552343448,0.41254654730959966,9.52138834898826
2019-09-03,0.029578362464337538,1.0,0.029578362464337538,0.029578362464337538,0.42474899861933396,9.803015424738355
2019-09-04,-0.006384074892740066,1.0,-0.006384074892740066,-0.006384074892740066,0.4220373692015318,9.740432240092138
2019-09-05,-0.019230916323549785,1.0,-0.019230916323549785,-0.019230916323549785,0.41392120386900605,9.55311480272772
2019-09-06,0.001501310568272407,1.0,0.001501310568272407,0.001501310568272407,0.41454262814680665,9.567456994940974
2019-09-09,-0.0011354428755918633,1.0,-0.0011354428755918633,-0.0011354428755918633,0.4140719386730482,9.556593694058536
2019-09-10,-0.008049455624266733,1.0,-0.008049455624266733,-0.008049455624266733,0.41073888497744543,9.479668317199065
2019-09-11,0.008893996742474819,1.0,0.008893996742474819,0.008893996742474819,0.4143919952824426,9.563980456331976
2019-09-12,0.003090229181747617,1.0,0.003090229181747617,0.003090229181747617,0.415672561518947,9.593535347831796
2019-09-13,-0.010192924031574568,1.0,-0.010192924031574568,-0.010192924031574568,0.41143564267737437,9.495749170837122
2019-09-16,-0.0008241516148259631,1.0,-0.0008241516148259631,-0.0008241516148259631,0.4110965573280648,9.487923233823995
2019-09-17,0.01791055385787832,1.0,0.01791055385787832,0.01791055385787832,0.4184595243588775,9.657857193902815
2019-09-18,0.007559856681117472,1.0,0.007559856681117472,0.007559856681117472,0.4216230183898792,9.73086921013542
2019-09-19,0.004466306657430641,1.0,0.004466306657430641,0.004466306657430641,0.4235061160838399,9.774330256071234
2019-09-20,0.003646266642585605,1.0,0.003646266642585605,0.003646266642585605,0.4250503323078474,9.809970070437561
2019-09-23,-0.0019492555607305562,1.0,-0.0019492555607305562,-0.0019492555607305562,0.42422180058400594,9.79084793172716
2019-09-24,0.014337704488647685,1.0,0.014337704488647685,0.014337704488647685,0.4303041673984214,9.931226216065552
2019-09-25,0.003763258386666468,1.0,0.003763258386666468,0.003763258386666468,0.43192351316520106,9.968599986413043
2019-09-26,0.010245571801135167,1.0,0.010245571801135167,0.010245571801135167,0.4363488165319337,10.070733993330633
2019-09-27,-0.0019852223082201803,1.0,-0.0019852223082201803,-0.0019852223082201803,0.435482567127189,10.050741347546921
2019-09-30,0.007480869451907068,1.0,0.007480869451907068,0.007480869451907068,0.43874035536044886,10.125929631462805
2019-10-01,-0.004120196125022124,1.0,-0.004120196125022124,-0.004120196125022124,0.4369326590484019,10.084208815433005
2019-10-02,-0.012584841310052886,1.0,-0.012584841310052886,-0.012584841310052886,0.4314339308710983,9.957300647753344
2019-10-03,0.0046267774835466735,1.0,0.0046267774835466735,0.0046267774835466735,0.4334300796680908,10.003370862187275
2019-10-04,0.014858311564270421,1.0,0.014858311564270421,0.014858311564270421,0.4398701188331258,10.152004063150597
2019-10-07,-0.004452139557692192,1.0,-0.004452139557692192,-0.004452139557692192,0.4379117556768221,10.106805924271193
2019-10-08,-0.01109434276744714,1.0,-0.01109434276744714,-0.01109434276744714,0.4330534125574489,9.994677555063262
2019-10-09,0.014741060427943209,1.0,0.014741060427943209,0.014741060427943209,0.4394370790804853,10.142009700860257
2019-10-10,-0.00582790273136935,1.0,-0.00582790273136935,-0.00582790273136935,0.4368760825270472,10.082903054823039
2019-10-11,-0.010603333618523947,1.0,-0.010603333618523947,-0.010603333618523947,0.4322437396740591,9.975990669889516
2019-10-14,-0.0027882389583991918,1.0,-0.0027882389583991918,-0.0027882389583991918,0.4310385408395757,9.948175224055102
2019-10-15,-0.0059416137318836215,1.0,-0.0059416137318836215,-0.0059416137318836215,0.4284774763263522,9.889067009536673
2019-10-16,0.010415999193004621,1.0,0.010415999193004621,0.010415999193004621,0.43294049737398815,9.992071523527576
2019-10-17,0.005132375366325048,1.0,0.005132375366325048,0.005132375366325048,0.4351625105177949,10.043354585273487
2019-10-18,0.006014771750937564,1.0,0.006014771750937564,0.006014771750937564,0.4377799136931244,10.10376307071764
2019-10-21,0.001376644652202108,1.0,0.001376644652202108,0.001376644652202108,0.43838258107015154,10.11767236211606
2019-10-22,0.014776647351978367,1.0,0.014776647351978367,0.014776647351978367,0.4448604058758752,10.267177638633907
2019-10-23,-0.0010160502638583147,1.0,-0.0010160502638583147,-0.0010160502638583147,0.44440840534310494,10.256745670085092
2019-10-24,0.0065676905043901,1.0,0.0065676905043901,0.0065676905043901,0.44732714220694797,10.324108801228453
2019-10-25,-0.0028203194873228643,1.0,-0.0028203194873228643,-0.0028203194873228643,0.44606553675057325,10.294991515987107
2019-10-28,-0.015408683771226173,1.0,-0.015408683771226173,-0.015408683771226173,0.4391922539535414,10.136359247289805
2019-10-29,-0.002700953952797014,1.0,-0.002700953952797014,-0.002700953952797014,0.43800601589918775,10.108981407713868
2019-10-30,0.012295587181936574,1.0,0.012295587181936574,0.012295587181936574,0.4433915570538889,10.233277269932989
2019-10-31,0.01223130830825725,1.0,0.01223130830825725,0.01223130830825725,0.44881481588949323,10.35844363922542
2019-11-01,-0.011034848152067456,1.0,-0.011034848152067456,-0.011034848152067456,0.44386221254775454,10.244139786574818
2019-11-04,-0.025921462483127322,1.0,-0.025921462483127322,-0.025921462483127322,0.43235665485752006,9.978596701425207
2019-11-05,-0.01084486930379902,1.0,-0.01084486930379902,-0.01084486930379902,0.4276678034429625,9.870380124362931
2019-11-06,0.0016733000114095287,-1.0,-0.0016733000114095287,-0.0036733000114095287,0.42609685129569597,9.886896231537644
2019-11-07,-0.019341764014947915,-1.0,0.019341764014947915,0.019341764014947915,0.43433831604096973,9.695666217786965
2019-11-08,-0.0045271718069385125,-1.0,0.0045271718069385125,0.0045271718069385125,0.4363046402200235,9.651772271036313
2019-11-11,0.0006304461704680353,-1.0,-0.0006304461704680353,-0.0006304461704680353,0.43602957363043937,9.657857193902817
2019-11-12,0.0044999900933144765,-1.0,-0.0044999900933144765,-0.0044999900933144765,0.43406744486871024,9.701317455598026
2019-11-13,0.02101067125678835,-1.0,-0.02101067125678835,-0.02101067125678835,0.42494739648129964,9.90514864741534
2019-11-14,0.008599756045846174,-1.0,-0.008599756045846174,-0.008599756045846174,0.421292952539243,9.990330509380955
2019-11-15,0.006742990090399692,1.0,0.006742990090399692,0.004742990090399692,0.42329114083829184,10.057695209005528
2019-11-18,0.0031976434329321624,1.0,0.0031976434329321624,0.0031976434329321624,0.42464467497501174,10.089856132041039
2019-11-19,0.002153933158740795,1.0,0.002153933158740795,0.002153933158740795,0.4255593312211231,10.111589007730766
2019-11-20,0.011003082333564285,1.0,0.011003082333564285,0.011003082333564285,0.4302417955803657,10.22284765410599
2019-11-21,-0.0003403822192368233,1.0,-0.0003403822192368233,-0.0003403822192368233,0.4300953489231776,10.219367978534565
2019-11-22,-0.007484972844181481,1.0,-0.007484972844181481,-0.007484972844181481,0.42687609691607886,10.142876286730537
2019-11-25,-0.003513545924949346,1.0,-0.003513545924949346,-0.003513545924949346,0.4253762481453011,10.10723882508603
2019-11-26,0.010148099023807644,1.0,0.010148099023807644,0.010148099023807644,0.4296930084338554,10.209808085540276
2019-11-27,-0.0025676105306520203,1.0,-0.0025676105306520203,-0.0025676105306520203,0.42858972414045304,10.183593274783906
2019-11-29,0.003217794409243968,1.0,0.003217794409243968,0.003217794409243968,0.42996883775865163,10.21636198428952
2019-12-02,-0.01099110805832404,1.0,-0.01099110805832404,-0.01099110805832404,0.4252430038011343,10.10407284575724
2019-12-03,0.004237538744109592,1.0,0.004237538744109592,0.004237538744109592,0.42704498750540315,10.146889245914442
2019-12-04,0.008741282792659621,1.0,0.008741282792659621,0.008741282792659621,0.43077790850637565,10.235586074278777
2019-12-05,0.001280916829360823,1.0,0.001280916829360823,0.001280916829360823,0.4313296991790983,10.248697008739692
2019-12-06,-0.0007248834910290602,1.0,-0.0007248834910290602,-0.0007248834910290602,0.43101703540097286,10.241267897473497
2019-12-09,-0.0005118374274456494,1.0,-0.0005118374274456494,-0.0005118374274456494,0.430796424750388,10.236026033259073
2019-12-10,0.0007681493087345892,1.0,0.0007681493087345892,0.0007681493087345892,0.43112734072626535,10.24388882958071
2019-12-11,0.005672791424644608,1.0,0.005672791424644608,0.005672791424644608,0.43357303620766713,10.302000274288169
2019-12-12,-0.007973340996591527,1.0,-0.007973340996591527,-0.007973340996591527,0.43011601054305587,10.21985891315429
2019-12-13,0.013039599709473881,1.0,0.013039599709473881,0.013039599709473881,0.4357245511491732,10.35312178246912
2019-12-16,0.010635262263775092,1.0,0.010635262263775092,0.010635262263775092,0.44035859602541033,10.463229947874483
2019-12-17,0.001461565109877494,1.0,0.001461565109877494,0.001461565109877494,0.4410022087851957,10.478522639702922
2019-12-18,0.0019596804577257654,1.0,0.0019596804577257654,0.0019596804577257654,0.44186643219556593,10.499057195745785
2019-12-19,0.0014983328535340679,1.0,0.0014983328535340679,0.0014983328535340679,0.4425284951877984,10.514788278073304
2019-12-20,0.008560067215583889,1.0,0.008560067215583889,0.008560067215583889,0.44631656885141713,10.604795572491245
2019-12-23,-0.01619227391637934,1.0,-0.01619227391637934,-0.01619227391637934,0.4390896887151564,10.43307981775426
2019-12-24,0.007245281419052008,1.0,0.007245281419052008,0.007245281419052008,0.4422710170781017,10.508670417101321
2019-12-26,0.0060289687819314874,1.0,0.0060289687819314874,0.0060289687819314874,0.44493745523321865,10.572026862985632
2019-12-27,0.0022729715633387215,1.0,0.0022729715633387215,0.0022729715633387215,0.4459487854164281,10.596056779412052
2019-12-30,-0.0050307033437069215,1.0,-0.0050307033437069215,-0.0050307033437069215,0.4437053493705116,10.542751161141755
2019-12-31,0.0036055983737874886,1.0,0.0036055983737874886,0.0036055983737874886,0.4453051726566427,10.580764087583614
2020-01-02,-0.0146184344604533,1.0,-0.0146184344604533,-0.0146184344604533,0.43879550817526075,10.426089881227755
2020-01-03,0.0071245230359853196,1.0,0.0071245230359853196,0.0071245230359853196,0.4419217168813423,10.500370798761816
2020-01-06,0.004993419706792457,1.0,0.004993419706792457,0.004993419706792457,0.4441284174912771,10.552803557236981
2020-01-07,-0.0008696441214413042,1.0,-0.0008696441214413042,-0.0008696441214413042,0.4437421838238408,10.543626373658705
2020-01-08,-0.0004561014615999115,1.0,-0.0004561014615999115,-0.0004561014615999115,0.44353979236522517,10.538817410259117
2020-01-09,0.007835919050441564,1.0,0.007835919050441564,0.007835919050441564,0.4470153342738487,10.621398730373292
2020-01-10,0.001892192783189861,1.0,0.001892192783189861,0.001892192783189861,0.44786117346333687,10.641496464398285
2020-01-13,0.011702039615826276,1.0,0.011702039615826276,0.011702039615826276,0.4531020626575953,10.76602367759635
2020-01-14,0.005397743000416622,1.0,0.005397743000416622,0.005397743000416622,0.45554779114477967,10.824135906544415
2020-01-15,0.015541085895873552,1.0,0.015541085895873552,0.015541085895873552,0.46262749849663615,10.992354732416631
2020-01-16,0.0027427559074948427,1.0,0.0027427559074948427,0.0027427559074948427,0.46389637280110735,11.022504078296246
2020-01-17,0.004479187944677054,1.0,0.004479187944677054,0.004479187944677054,0.46597425184173746,11.071875945683903
2020-01-21,0.013772954983999774,1.0,0.013772954983999774,0.013772954983999774,0.4723920942360567,11.224368394672238
2020-01-22,0.011716899550906934,1.0,0.011716899550906934,0.011716899550906934,0.47792706495286313,11.355883191674987
2020-01-23,0.0006924675456339013,1.0,0.0006924675456339013,0.0006924675456339013,0.47825801393452305,11.363746772237231
2020-01-24,0.013995597554417705,1.0,0.013995597554417705,0.013995597554417705,0.48495152062472574,11.522789198771777
2020-01-27,0.011451633255350258,1.0,0.011451633255350258,0.011451633255350258,0.49050500758554455,11.654743954754823
2020-01-28,-0.0034865997217987665,1.0,-0.0034865997217987665,-0.0034865997217987665,0.4887948129625559,11.614108527724538
2020-01-29,-0.00018805662820609026,1.0,-0.00018805662820609026,-0.00018805662820609026,0.4887028918581455,11.611924417635194
2020-01-30,0.015690925064147043,1.0,0.015690925064147043,0.015690925064147043,0.49637109231292365,11.794126253522847
2020-01-31,-0.006409040334231619,1.0,-0.006409040334231619,-0.006409040334231619,0.49318982996154354,11.718537222657
2020-02-03,-0.005182791024383571,1.0,-0.005182791024383571,-0.005182791024383571,0.4906337301375016,11.657802493120508
2020-02-04,-0.008507789125174137,1.0,-0.008507789125174137,-0.008507789125174137,0.48645952182379415,11.55862036784611
2020-02-05,0.008202941728242541,1.0,0.008202941728242541,0.008202941728242541,0.4904499209344635,11.65343505718243
2020-02-06,0.006074020585463247,1.0,0.006074020585463247,0.006074020585463247,0.49342892385035825,11.724218261611115
2020-02-07,0.004509299539819045,1.0,0.004509299539819045,0.004509299539819045,0.49565394266961005,11.777086273622936
2020-02-10,0.008162182193267142,1.0,0.008162182193267142,0.008162182193267142,0.4996995604544906,11.873212997494072
2020-02-11,0.0015086766908691818,1.0,0.0015086766908691818,0.0015086766908691818,0.5004534455337859,11.891125837189117
2020-02-12,-0.006944521846155793,1.0,-0.006944521846155793,-0.006944521846155793,0.49697803564829257,11.808547654037369
2020-02-13,0.01927749074834262,1.0,0.01927749074834262,0.01927749074834262,0.506558525132632,12.036186822189437
2020-02-14,0.011071786026829455,1.0,0.011071786026829455,0.011071786026829455,0.5121670327329668,12.169448907263662
2020-02-18,0.012638380913825298,1.0,0.012638380913825298,0.012638380913825298,0.5186399947841497,12.323251038064996
2020-02-19,-0.026130914538416095,1.0,-0.026130914538416095,-0.026130914538416095,0.5050874574042405,12.001233218353871
2020-02-20,0.008592172031116174,1.0,0.008592172031116174,0.008592172031116174,0.5094272557290168,12.104349878751513
2020-02-21,0.002021188267700591,1.0,0.002021188267700591,0.002021188267700591,0.5104569041215432,12.12881504871459
2020-02-24,-0.013148596560345505,1.0,-0.013148596560345505,-0.013148596560345505,0.503745112227806,11.969338152883994
2020-02-25,-0.013178263946478919,1.0,-0.013178263946478919,-0.013178263946478919,0.49710662617711937,11.811603055440628
2020-02-26,-0.0031812210423102227,1.0,-0.0031812210423102227,-0.0031812210423102227,0.4955252201176529,11.774027735257244
2020-02-27,-0.0455850934688844,1.0,-0.0455850934688844,-0.0455850934688844,0.47293665664240014,11.237307580440305
2020-02-28,-0.012077616828029325,1.0,-0.012077616828029325,-0.012077616828029325,0.467224708919544,11.101587685305038
2020-03-02,0.06167933187169905,-1.0,-0.06167933187169905,-0.06367933187169905,0.43747215162159836,11.786326196449735
2020-03-03,-0.011924771675924206,1.0,-0.011924771675924206,-0.013924771675924206,0.4313804517956923,11.645776947659108
2020-03-04,0.0643791309618007,1.0,0.0643791309618007,0.0643791309618007,0.45915235039620794,12.395521946924374
2020-03-05,-0.021473052488952815,1.0,-0.021473052488952815,-0.021473052488952815,0.4492929478757241,12.1293522535301
2020-03-06,-0.01571519773940433,1.0,-0.01571519773940433,-0.01571519773940433,0.4422322203569372,11.938737084414985
2020-03-09,-0.03877580097730393,1.0,-0.03877580097730393,-0.03877580097730393,0.4250843117946254,11.47580299130935
2020-03-10,-0.02124176340170003,1.0,-0.02124176340170003,-0.02124176340170003,0.41605477141770947,11.232036699323436
2020-03-11,-0.05658320778216619,-1.0,0.05658320778216619,0.05458320778216619,0.438764375454764,10.596492032948701
2020-03-12,-0.1341707059177295,-1.0,0.1341707059177295,0.1341707059177295,0.4976337014410814,9.174753216636377
2020-03-13,0.060654244360218046,-1.0,-0.060654244360218046,-0.060654244360218046,0.4674501053119942,9.731240940182937
2020-03-16,-0.0911267278393042,-1.0,0.0911267278393042,0.0911267278393042,0.5100473038372144,8.844464795488193
2020-03-17,0.10125651016728177,-1.0,-0.10125651016728177,-0.10125651016728177,0.45840169383042684,9.740024434976709
2020-03-18,-0.05014417027672757,-1.0,0.05014417027672757,0.05014417027672757,0.4813878664210001,9.25161899120975
2020-03-19,-0.016806174903029714,-1.0,0.016806174903029714,0.016806174903029714,0.48947815510026776,9.096134664307288
2020-03-20,-0.07411860670372672,-1.0,0.07411860670372672,0.07411860670372672,0.5257575939682103,8.42194183659936
2020-03-23,-0.05262056153020911,-1.0,0.05262056153020911,0.05262056153020911,0.5534232537915892,7.978774527982742
2020-03-24,0.13690393228310205,-1.0,-0.13690393228310205,-0.13690393228310205,0.47765743413061146,9.07110013566383
2020-03-25,0.018108573632429126,-1.0,-0.018108573632429126,-0.018108573632429126,0.46900773931358014,9.235364820397637
2020-03-26,0.09906355095553843,-1.0,-0.09906355095553843,-0.09906355095553843,0.4225461672315474,10.150252853876085
2020-03-27,0.0036778809249544686,-1.0,-0.0036778809249544686,-0.0036778809249544686,0.4209920927431739,10.18758427523082
2020-03-30,0.0606164669073217,-1.0,-0.0606164669073217,-0.0606164669073217,0.3954730394851632,10.805119640315901
2020-03-31,-0.021909719772631564,-1.0,0.021909719772631564,0.021909719772631564,0.40413774295791405,10.568382496886823
2020-04-01,-0.09305121778481718,-1.0,0.09305121778481718,0.09305121778481718,0.4417432520929554,9.584981635535756
2020-04-02,0.03766661258382542,-1.0,-0.03766661258382542,-0.03766661258382542,0.4251042801548509,9.946015425424562
2020-04-03,-0.021240855008597737,-1.0,0.021240855008597737,0.021240855008597737,0.43413385853315445,9.734753553859843
2020-04-06,0.058067176198311365,-1.0,-0.058067176198311365,-0.058067176198311365,0.408924931276057,10.30002320371896
2020-04-07,-0.025670421419496714,-1.0,0.025670421419496714,0.025670421419496714,0.4194222065908521,10.035617267448899
2020-04-08,0.021926128062872863,-1.0,-0.021926128062872863,-0.021926128062872863,0.4102259015767284,10.255659496844961
2020-04-09,0.050449924811799995,-1.0,-0.050449924811799995,-0.050449924811799995,0.3895300356863296,10.773056747356213
2020-04-13,-0.03697806379999957,-1.0,0.03697806379999957,0.03697806379999957,0.4039341021979548,10.37468996763146
2020-04-14,0.02612094387141295,-1.0,-0.02612094387141295,-0.02612094387141295,0.39338296218669244,10.645686661959273
2020-04-15,-0.021289230496321143,-1.0,0.021289230496321143,0.021289230496321143,0.40175778274201046,10.41904818482121
2020-04-16,0.001096155402213972,-1.0,-0.001096155402213972,-0.001096155402213972,0.4013173937780763,10.43046908077493
2020-04-17,0.03697163507489565,-1.0,-0.03697163507489565,-0.03697163507489565,0.38648003354610505,10.816100577289323
2020-04-20,-0.03512540119813101,1.0,-0.03512540119813101,-0.037125401198131014,0.37213180724563877,10.4361807051127
2020-04-21,-0.009216846813694501,-1.0,0.009216846813694501,0.007216846813694501,0.3748174254930339,10.339992026233642
2020-04-22,0.049910809627417896,-1.0,-0.049910809627417896,-0.049910809627417896,0.35610998432421215,10.856069399804008
2020-04-23,-0.024396185187959718,1.0,-0.024396185187959718,-0.02639618518795972,0.3467100392307088,10.591222720313047
2020-04-24,-0.005971758157752305,-1.0,0.005971758157752305,0.003971758157752305,0.348087087657398,10.527974499632446
2020-04-27,0.016270499304290142,-1.0,-0.016270499304290142,-0.016270499304290142,0.3424235369398359,10.6992699014043
2020-04-28,-0.01765196853060147,1.0,-0.01765196853060147,-0.01965196853060147,0.335694240367757,10.5104067258043
2020-04-29,-0.017425733945440114,-1.0,0.017425733945440114,0.015425733945440114,0.3408725704066867,10.32725517454207
2020-04-30,-0.017054438637479574,-1.0,0.017054438637479574,0.017054438637479574,0.3466859607418875,10.15112963487425
2020-05-01,-0.017609843465225317,-1.0,0.017609843465225317,0.017609843465225317,0.3527910462421434,9.972369831008905
2020-05-04,0.013389082709229116,-1.0,-0.013389082709229116,-0.013389082709229116,0.3480674977449319,10.105890715483305
2020-05-05,4.33796991698987e-05,-1.0,-4.33796991698987e-05,-4.33796991698987e-05,0.3480523986815889,10.106329105982386
2020-05-06,-0.032333468174455815,-1.0,0.032333468174455815,0.032333468174455815,0.35930613983740306,9.779556435473529
2020-05-07,0.008173633292507754,-1.0,-0.008173633292507754,-0.008173633292507754,0.3563693032106256,9.859490943540473
2020-05-08,0.023387325969734585,-1.0,-0.023387325969734585,-0.023387325969734585,0.3480347781508315,10.0900780721327
2020-05-11,-0.010229402981443592,-1.0,0.010229402981443592,0.010229402981443592,0.35159496614809366,9.986862597418627
2020-05-12,0.0024188741127699753,-1.0,-0.0024188741127699753,-0.0024188741127699753,0.3507445021862978,10.011019560823314
2020-05-13,0.0096082799853352,-1.0,-0.0096082799853352,-0.0096082799853352,0.34737445080597484,10.107208239702372
2020-05-14,0.009168993656992086,-1.0,-0.009168993656992086,-0.009168993656992086,0.34418937666993377,10.1998811679421
2020-05-15,-0.018860668114658252,1.0,-0.018860668114658252,-0.020860668114658254,0.3370093563146312,10.007504594424592
2020-05-18,0.03335538531488491,-1.0,-0.03335538531488491,-0.03535538531488491,0.32509426066740604,10.341308766212105
2020-05-19,-0.021023481924328347,1.0,-0.021023481924328347,-0.02302348192432835,0.3176094588332271,10.123898448291747
2020-05-20,0.009934950137011178,1.0,0.009934950137011178,0.009934950137011178,0.32076489296977834,10.22447887456769
2020-05-21,-0.016710507120040408,1.0,-0.016710507120040408,-0.016710507120040408,0.31540474894194787,10.053622647535525
2020-05-22,0.021625306445679504,1.0,0.021625306445679504,0.021625306445679504,0.3222254732922401,10.271035318177704
2020-05-26,0.001967123091450418,1.0,0.001967123091450418,0.001967123091450418,0.3228593304614068,10.291239708925195
2020-05-27,0.029106833928822073,1.0,0.029106833928822073,0.029106833928822073,0.33225674337551764,10.59078511405458
2020-05-28,0.042425234236562526,1.0,0.042425234236562526,0.042425234236562526,0.34635281353990144,11.040101653267445
2020-05-29,0.016708930500299646,1.0,0.016708930500299646,0.016708930500299646,0.3521399986299229,11.224569944508135
2020-06-01,0.005862431870635287,1.0,0.005862431870635287,0.005862431870635287,0.35420439538081644,11.290373221084995
2020-06-02,0.0037160245414045168,1.0,0.0037160245414045168,0.0037160245414045168,0.3555206276067249,11.332328525056163
2020-06-03,0.011613303357922433,1.0,0.011613303357922433,0.011613303357922433,0.3596493965051208,11.463934293969277
2020-06-04,-0.02962474925397862,1.0,-0.02962474925397862,-0.02962474925397862,0.34899487331431184,11.124318115046352
2020-06-05,0.009885421240215297,1.0,0.009885421240215297,0.009885421240215297,0.3524448346476994,11.234286685623744
2020-06-08,0.02397974010703341,1.0,0.02397974010703341,0.02397974010703341,0.36089637018461757,11.503681960632907
2020-06-09,-0.006948670224116049,1.0,-0.006948670224116049,-0.006948670224116049,0.35838862032312413,11.423746668325355
2020-06-10,-0.007267979186682427,1.0,-0.007267979186682427,-0.007267979186682427,0.35578385928987183,11.340719115306035
2020-06-11,-0.03294507586562678,1.0,-0.03294507586562678,-0.03294507586562678,0.3440625330538015,10.967098263681514
2020-06-12,-0.005718104676125879,1.0,-0.005718104676125879,-0.005718104676125879,0.34209514747466685,10.904387247816425
2020-06-15,0.006723056531066751,1.0,0.006723056531066751,0.006723056531066751,0.3443950724901427,10.977698059720138
2020-06-16,-0.0016093162745475231,1.0,-0.0016093162745475231,-0.0016093162745475231,0.34384083189511033,10.960031471575562
2020-06-17,0.003344318633181409,1.0,0.003344318633181409,0.003344318633181409,0.34499074519606576,10.996685309046207
2020-06-18,-0.0002809853972459697,1.0,-0.0002809853972459697,-0.0002809853972459697,0.34489380783448065,10.993595401056256
2020-06-19,-0.026995662263633924,1.0,-0.026995662263633924,-0.026995662263633924,0.3355831710813624,10.696816012546302
2020-06-22,0.019941550085514903,1.0,0.019941550085514903,0.019941550085514903,0.34227521969533725,10.910127104816032
2020-06-23,-0.015503558908542492,1.0,-0.015503558908542492,-0.015503558908542492,0.33696873566385627,10.74098130654683
2020-06-24,-0.006332127825673273,1.0,-0.006332127825673273,-0.006332127825673273,0.3348350065563772,10.672968039940608
2020-06-25,-0.010386057243343072,1.0,-0.010386057243343072,-0.010386057243343072,0.33135739101120754,10.562117982921414
2020-06-26,-0.012292956704046287,-1.0,0.012292956704046287,0.010292956704046287,0.33476803829045165,10.432278323854332
2020-06-29,0.008551392437226468,-1.0,-0.008551392437226468,-0.008551392437226468,0.33190530541958957,10.521488829815981
2020-06-30,0.008101057911625853,-1.0,-0.008101057911625853,-0.008101057911625853,0.3292165213192096,10.606724020142845
2020-07-01,0.025357057986811427,1.0,0.025357057986811427,0.023357057986811425,0.3369060506978787,10.875679336171713
2020-07-02,0.0005685118833693714,1.0,0.0005685118833693714,0.0005685118833693714,0.3370975857912795,10.881862289114041
2020-07-06,0.002272755444999053,1.0,0.002272755444999053,0.002272755444999053,0.3378637261648827,10.906594100883355
2020-07-07,-0.0009718704061578709,1.0,-0.0009718704061578709,-0.0009718704061578709,0.33753536640810883,10.89599430484473
2020-07-08,0.02654845855182586,1.0,0.02654845855182586,0.02654845855182586,0.3464964100929699,11.185266158027831
2020-07-09,-0.005054077309069149,1.0,-0.005054077309069149,-0.005054077309069149,0.3447451904490451,11.128734958142644
2020-07-10,0.03019965526135171,1.0,0.03019965526135171,0.03019965526135171,0.3551563763536153,11.464818917373504
2020-07-13,-0.012943081564979031,1.0,-0.012943081564979031,-0.012943081564979031,0.35055955840614805,11.316428830998225
2020-07-14,0.024625580188543328,1.0,0.024625580188543328,0.024625580188543328,0.359192290922539,11.595102456623916
2020-07-15,-0.013521284284606416,1.0,-0.013521284284606416,-0.013521284284606416,0.3543355498441363,11.438321779998766
2020-07-16,0.036216183232066435,1.0,0.036216183232066435,0.036216183232066435,0.36716823104292656,11.852574137450539
2020-07-17,0.02608214767239314,1.0,0.02608214767239314,0.02608214767239314,0.37674476706559956,12.161714726401511
2020-07-20,-0.0038129612567541216,1.0,-0.0038129612567541216,-0.0038129612567541216,0.3753082538650936,12.115342579334046
2020-07-21,0.007290674526241991,1.0,0.007290674526241991,0.007290674526241991,0.3780445041910362,12.20367159885389
2020-07-22,0.01480136535054144,1.0,0.01480136535054144,0.01480136535054144,0.383640079016332,12.384302600806553
2020-07-23,0.001961503491317851,1.0,0.001961503491317851,0.001961503491317851,0.384392590370732,12.40859445359557
2020-07-24,-0.0025626273784822295,1.0,-0.0025626273784822295,-0.0025626273784822295,0.38340753539456224,12.376795849720304
2020-07-27,-0.00934900936428007,1.0,-0.00934900936428007,-0.00934900936428007,0.37982305475582295,12.261085069421487
2020-07-28,0.008680826393641983,1.0,0.008680826393641983,0.008680826393641983,0.383120232754461,12.36752142030681
2020-07-29,0.004999346863613807,1.0,0.004999346863613807,0.004999346863613807,0.385035583688469,12.429350949730097
2020-07-30,0.0031976351671094694,1.0,0.0031976351671094694,0.0031976351671094694,0.3862667870114598,12.4690954794313
2020-07-31,-0.00580839278826184,1.0,-0.00580839278826184,-0.00580839278826184,0.38402319779143734,12.396670075172421
2020-08-03,-0.011079614971075236,1.0,-0.011079614971075236,-0.011079614971075236,0.37976836861994717,12.25931974381606
2020-08-04,0.026873949676594844,1.0,0.026873949676594844,0.026873949676594844,0.38997424464700214,12.58877608568066
2020-08-05,-0.004455467934398438,1.0,-0.004455467934398438,-0.004455467934398438,0.38823672690473615,12.532687197497587
2020-08-06,-0.003417942656457451,1.0,-0.003417942656457451,-0.003417942656457451,0.386909756035045,12.489851191325222
2020-08-07,0.017573477909926805,1.0,0.017573477909926805,0.017573477909926805,0.39370910608586207,12.70934131533425
2020-08-10,-0.014385606347210977,1.0,-0.014385606347210977,-0.014385606347210977,0.3880453618703985,12.526509734239507
2020-08-11,-0.02062488899089565,1.0,-0.02062488899089565,-0.02062488899089565,0.38004196935838963,12.268151861527445
2020-08-12,0.024478896850240295,1.0,0.024478896850240295,0.024478896850240295,0.38934497752507585,12.568462685488859
2020-08-13,-0.0006675284176917984,1.0,-0.0006675284176917984,-0.0006675284176917984,0.3890850786882923,12.560072879479597
2020-08-14,-0.013713266564208126,1.0,-0.013713266564208126,-0.013713266564208126,0.38374945128808385,12.387833252017412
2020-08-17,0.008876890040238061,1.0,0.008876890040238061,0.008876890040238061,0.38715595297016986,12.497798685632375
2020-08-18,0.00021228426211838958,1.0,0.00021228426211838958,0.00021228426211838958,0.38723814008597085,12.500451771604459
2020-08-19,-0.0025084127154811897,1.0,-0.0025084127154811897,-0.0025084127154811897,0.3862667870114599,12.469095479431306
2020-08-20,-0.0008145498695280029,1.0,-0.0008145498695280029,-0.0008145498695280029,0.3859521534504967,12.458938779335403
2020-08-21,0.0010632212197578816,1.0,0.0010632212197578816,0.0010632212197578816,0.38636250596985655,12.472185387421257
2020-08-24,0.0007790728580259199,1.0,0.0007790728580259199,0.0007790728580259199,0.38666351051161657,12.481902128536865
2020-08-25,-0.0046706725955771855,1.0,-0.0046706725955771855,-0.0046706725955771855,0.3848575318493603,12.423603250324431
2020-08-26,-0.00821155932072648,1.0,-0.00821155932072648,-0.00821155932072648,0.38169725139655086,12.321586095257222
2020-08-27,0.004611212165977596,1.0,0.004611212165977596,0.004611212165977596,0.38345733840591084,12.378403542963813
2020-08-28,0.002402505940216626,1.0,0.002402505940216626,0.002402505940216626,0.3843785969392507,12.408142731006182
2020-08-31,-0.0013594485147981894,1.0,-0.0013594485147981894,-0.0013594485147981894,0.3838560540265214,12.391274499799112
2020-09-01,-0.0073075605676533595,1.0,-0.0073075605676533595,-0.0073075605676533595,0.38105100266246217,12.30072451088141
2020-09-02,0.040162166304555935,1.0,0.040162166304555935,0.040162166304555935,0.39635483640190977,12.794748254353957
2020-09-03,-0.02660843741811514,1.0,-0.02660843741811514,-0.02660843741811514,0.38580845354214227,12.45429999614744
2020-09-04,-0.011653506993042462,1.0,-0.011653506993042462,-0.011653506993042462,0.381312432030814,12.309163724048888
2020-09-08,0.0021274688453429835,1.0,0.0021274688453429835,0.0021274688453429835,0.38212366235030154,12.335351086384028
2020-09-09,0.016048024294427643,1.0,0.016048024294427643,0.016048024294427643,0.3882559921671748,12.533309100298613
2020-09-10,-0.019336156980410912,1.0,-0.019336156980410912,-0.019336156980410912,0.38074861335404514,12.290963068051227
2020-09-11,0.004477796978504811,1.0,0.004477796978504811,0.004477796978504811,0.38245352834449176,12.345999505340261
2020-09-14,0.013554163199168245,1.0,0.013554163199168245,0.013554163199168245,0.38763736588377073,12.513339197492494
2020-09-15,0.048878932338597414,1.0,0.048878932338597414,0.048878932338597414,0.4065846664627157,13.124977857456647
2020-09-16,-0.051910900317503006,1.0,-0.051910900317503006,-0.051910900317503006,0.38547849037134446,12.443648440228781
2020-09-17,-0.002960459581508479,1.0,-0.002960459581508479,-0.002960459581508479,0.38433729688105916,12.406809521974983
2020-09-18,-0.009301740810789716,1.0,-0.009301740810789716,-0.009301740810789716,0.380762290961552,12.291404595512734
2020-09-21,-0.0025998848210444514,-1.0,0.0025998848210444514,0.0005998848210444514,0.38099070448032596,12.259448359275545
2020-09-22,0.006734281569375833,-1.0,-0.006734281569375833,-0.006734281569375833,0.3784250058010406,12.34200693641213
2020-09-23,-0.017082608791242015,-1.0,0.017082608791242015,0.017082608791242015,0.38488949213196333,12.131173260218606
2020-09-24,0.015476942840918273,-1.0,-0.015476942840918273,-0.015476942840918273,0.37893257946216685,12.318926735360286
2020-09-25,0.01542115607136596,-1.0,-0.01542115607136596,-0.01542115607136596,0.3730890010137555,12.508898827178
2020-09-28,0.008232367311704403,1.0,0.008232367311704403,0.006232367311704403,0.37541422870803004,12.611876676988278
2020-09-29,-0.0035897453755032727,1.0,-0.0035897453755032727,-0.0035897453755032727,0.3740665872166273,12.56660325101064
2020-09-30,-0.019638461591747314,1.0,-0.019638461591747314,-0.019638461591747314,0.36672049491081754,12.319814495726941
2020-10-01,0.018734911734682225,-1.0,-0.018734911734682225,-0.020734911734682226,0.35911657781754275,12.550625132892044
2020-10-02,-0.005623131233660206,1.0,-0.005623131233660206,-0.007623131233660206,0.35637898501665666,12.480051320705318
2020-10-05,0.023970831396566528,1.0,0.023970831396566528,0.023970831396566528,0.36492168557977045,12.779208526734443
2020-10-06,0.008232090682976034,1.0,0.008232090682976034,0.008232090682976034,0.3679257539876476,12.884408130183182
2020-10-07,0.023562993391259557,1.0,0.023562993391259557,0.023562993391259557,0.3765951860973327,13.18800335380498
2020-10-08,0.013193411714558456,1.0,0.013193411714558456,0.013193411714558456,0.3815637614372356,13.361998111744708
2020-10-09,0.006211829744756203,1.0,0.006211829744756203,0.006211829744756203,0.38393397056005246,13.44500056906462
2020-10-12,0.009112006352786084,1.0,0.009112006352786084,0.009112006352786084,0.38743237933884606,13.56751149966315
2020-10-13,-0.0137407739452573,1.0,-0.0137407739452573,-0.0137407739452573,0.3821087585952778,13.3810833911466
2020-10-14,-0.0027527078139674144,1.0,-0.0027527078139674144,-0.0027527078139674144,0.3810569248297072,13.34424917833644
2020-10-15,-0.007251504275159859,1.0,-0.007251504275159859,-0.007251504275159859,0.3782936889102253,13.247483298370936
2020-10-16,0.02392311300727501,1.0,0.02392311300727501,0.02392311300727501,0.38734365157996353,13.564404338379852
2020-10-19,-0.019797495731439296,1.0,-0.019797495731439296,-0.019797495731439296,0.3796752172912091,13.29586310139126
2020-10-20,0.004807180169455805,1.0,0.004807180169455805,0.004807180169455805,0.3815003844666052,13.359778710828067
2020-10-21,-0.010996808627916632,1.0,-0.010996808627916632,-0.010996808627916632,0.3773050977471493,13.212863781033777
2020-10-22,0.015419066460936603,1.0,0.015419066460936603,0.015419066460936603,0.3831227901253628,13.41659380581284
2020-10-23,0.0026468702609203643,1.0,0.0026468702609203643,0.0026468702609203643,0.3841368664448265,13.452105788960294
2020-10-26,-0.0013857606765077524,1.0,-0.0013857606765077524,-0.0013857606765077524,0.3836045446809103,13.433464389741731
2020-10-27,0.0015526644927650324,1.0,0.0015526644927650324,0.0015526644927650324,0.38420015383669964,13.454322052914506
2020-10-28,-0.01741853803889748,1.0,-0.01741853803889748,-0.01741853803889748,0.37750794884254485,13.219967432448238
2020-10-29,-0.006043887920944568,1.0,-0.006043887920944568,-0.006043887920944568,0.3752263331104748,13.140067430967983
2020-10-30,-0.010809215173748443,1.0,-0.010809215173748443,-0.010809215173748443,0.37117043093702706,12.998033614709087
2020-11-02,0.02622619786439495,1.0,0.02622619786439495,0.02622619786439495,0.3809048201001943,13.338922616136504
2020-11-03,0.011845811722839494,1.0,0.011845811722839494,0.011845811722839494,0.3854169468834232,13.496932982032783
2020-11-04,-0.03551714756963231,1.0,-0.03551714756963231,-0.03551714756963231,0.3717280363051275,13.017560421572487
2020-11-05,0.01950371882247648,1.0,0.01950371882247648,0.01950371882247648,0.37897811540365406,13.271451259789435
2020-11-06,0.012976787716459492,1.0,0.012976787716459492,0.012976787716459492,0.3838960339564312,13.443672065477061
2020-11-09,-0.002773493374276903,1.0,-0.002773493374276903,-0.002773493374276903,0.38283130084984185,13.40638613007751
2020-11-10,0.0063568106579710015,1.0,0.0063568106579710015,0.0063568106579710015,0.38526488694328903,13.49160798831406
2020-11-11,0.020397242313207276,1.0,0.020397242313207276,0.020397242313207276,0.3931232281970417,13.766799585646504
2020-11-12,-0.011219925185307789,1.0,-0.011219925185307789,-0.011219925185307789,0.3887124149880642,13.612337124254424
2020-11-13,0.006782257289535298,1.0,0.006782257289535298,0.006782257289535298,0.3913487625981499,13.70465949694301
2020-11-16,0.007254906561175334,1.0,0.007254906561175334,0.007254906561175334,0.39418796130363104,13.804085521046057
2020-11-17,-0.014662436050756011,1.0,-0.014662436050756011,-0.014662436050756011,0.38840820552903865,13.601683999854552
2020-11-18,-0.010703674242799943,1.0,-0.010703674242799943,-0.010703674242799943,0.3842508106238253,13.456096005166605
2020-11-19,-0.008707829446602644,1.0,-0.008707829446602644,-0.008707829446602644,0.3809048201001942,13.338922616136504
2020-11-20,0.005590076426715829,1.0,0.005590076426715829,0.005590076426715829,0.3830341071558587,13.413488213010755
2020-11-23,-0.01297162640892735,1.0,-0.01297162640892735,-0.01297162640892735,0.37806553181595587,13.23949345507103
2020-11-24,0.005498187173881952,1.0,0.005498187173881952,0.005498187173881952,0.38014420687387324,13.312286668174394
2020-11-25,0.01795514136645804,1.0,0.01795514136645804,0.01795514136645804,0.3869697498479337,13.55131065721228
2020-11-27,-0.01105701242371615,1.0,-0.01105701242371615,-0.01105701242371615,0.38269102051626275,13.401473646917847
2020-11-30,-0.020497561162870492,1.0,-0.020497561162870492,-0.020497561162870492,0.3748467879167493,13.12677612116755
2020-12-01,0.007609778829264835,-1.0,-0.007609778829264835,-0.009609778829264835,0.371244593190009,13.226667984190911
2020-12-02,0.0021574124900818337,1.0,0.0021574124900818337,0.00015741249008183363,0.3713030317258525,13.25520336290217
2020-12-03,-0.01291850175955922,1.0,-0.01291850175955922,-0.01291850175955922,0.3665063528571724,13.083965994935204
2020-12-04,-0.011315655147098869,-1.0,0.011315655147098869,0.009315655147098869,0.3699205996496108,12.935912347780148
2020-12-07,0.010342030888958798,-1.0,-0.010342030888958798,-0.010342030888958798,0.3660948693815724,13.069695952857753
2020-12-08,0.005595599893815972,-1.0,-0.005595599893815972,-0.005595599893815972,0.3640463489693343,13.14282874214377
2020-12-09,-0.0001355119550364714,-1.0,0.0001355119550364714,0.0001355119550364714,0.364095681601807,13.141047731726212
2020-12-10,-0.005294037537184271,-1.0,0.005294037537184271,0.005294037537184271,0.3660232178073336,13.071478531756524
2020-12-11,0.007096184720029264,-1.0,-0.007096184720029264,-0.007096184720029264,0.3634258494419533,13.164236157981765
2020-12-14,-0.00338765132730523,-1.0,0.00338765132730523,0.00338765132730523,0.36465700950319235,13.119640315888219
2020-12-15,0.018490832233005294,-1.0,-0.018490832233005294,-0.018490832233005294,0.35791419791787943,13.36223338392668
2020-12-16,-0.006274284799379526,1.0,-0.006274284799379526,-0.008274284799379526,0.3549527139105654,13.278394926120148
2020-12-17,0.008328720637919895,-1.0,-0.008328720637919895,-0.010328720637919895,0.35128650648891163,13.388986967979775
2020-12-18,-0.007327200681796264,1.0,-0.007327200681796264,-0.009327200681796264,0.3480099867460824,13.290883173539433
2020-12-21,-0.0014762097626923598,-1.0,0.0014762097626923598,-0.0005237902373076402,0.34782770251253925,13.27126304204385
2020-12-22,0.004166420937692372,-1.0,-0.004166420937692372,-0.004166420937692372,0.34637850589008157,13.326556710251845
2020-12-23,-0.005086346427081723,-1.0,0.005086346427081723,0.005086346427081723,0.34814030696593345,13.258773226143354
2020-12-24,0.00874503268326432,-1.0,-0.00874503268326432,-0.00874503268326432,0.3450958086031547,13.374721631345968
2020-12-28,0.006801545176717383,1.0,0.006801545176717383,0.004801545176717383,0.34675280171845857,13.465690404747587
2020-12-29,-0.002119350350103355,1.0,-0.002119350350103355,-0.002119350350103355,0.34601791104673724,13.437151889073903
2020-12-30,0.007699560043483267,1.0,0.007699560043483267,0.007699560043483267,0.3486820967289622,13.540612046857232
2020-12-31,0.016335213533736237,1.0,0.016335213533736237,0.016335213533736237,0.3543778932344207,13.761800836020127
2021-01-04,-0.03797826433336993,1.0,-0.03797826433336993,-0.03797826433336993,0.3409192359312611,13.239151526166562
2021-01-05,0.00741060091134127,-1.0,-0.00741060091134127,-0.00941060091134127,0.3377109810589126,13.337261594531757
2021-01-06,0.04895007195444312,-1.0,-0.04895007195444312,-0.04895007195444312,0.32118000423627324,13.990121509259318
2021-01-07,0.010965258947384537,1.0,0.010965258947384537,0.008965258947384537,0.3240594661429735,14.14352681431372
2021-01-08,0.023206069994706757,1.0,0.023206069994706757,0.023206069994706757,0.33157961279673465,14.471742487538696
2021-01-11,-0.017749557908463776,1.0,-0.017749557908463776,-0.017749557908463776,0.325694221258133,14.214875456219753
2021-01-12,0.0007527451696092147,1.0,0.0007527451696092147,0.0007527451696092147,0.3259393860099547,14.22557563505602
2021-01-13,0.026206964987623538,1.0,0.026206964987623538,0.026206964987623538,0.3344812680872051,14.598384797652724
2021-01-14,0.008431196975977384,1.0,0.008431196975977384,0.008431196975977384,0.337301345543223,14.721466655412847
2021-01-15,-0.005937047521737626,1.0,-0.005937047521737626,-0.005937047521737626,0.33529877142558684,14.634064608289986
2021-01-19,0.009385658395860474,1.0,0.009385658395860474,0.009385658395860474,0.3384457711547391,14.771414939646347
2021-01-20,0.014973791246334578,1.0,0.014973791246334578,0.014973791246334578,0.34351358748021493,14.9925990233656
2021-01-21,-0.004045122162877668,1.0,-0.004045122162877668,-0.004045122162877668,0.3421240330542491,14.931952128777045
2021-01-22,0.005973104851708655,1.0,0.005973104851708655,0.005973104851708655,0.34416757577597157,15.021142244482924
2021-01-25,0.03158777016000314,1.0,0.03158777016000314,0.03158777016000314,0.3550390620561084,15.495626633242365
2021-01-26,-0.018878911770097373,1.0,-0.018878911770097373,-0.018878911770097373,0.348336310928613,15.20308606521101
2021-01-27,-0.059133872719445035,1.0,-0.059133872719445035,-0.059133872719445035,0.32773783585459937,14.304068708888055
2021-01-28,0.028307528739451193,1.0,0.028307528739451193,0.028307528739451193,0.337015284062059,14.708981544955988
2021-01-29,-0.019282244864227915,1.0,-0.019282244864227915,-0.019282244864227915,0.33051687283178705,14.425359361102737
2021-02-01,0.010263319960891693,1.0,0.010263319960891693,0.010263319960891693,0.333909073250133,14.57341143977658
2021-02-02,0.015055186421531364,1.0,0.015055186421531364,0.015055186421531364,0.33893613659575456,14.792816865800093
2021-02-03,0.0014469903406741924,1.0,0.0014469903406741924,0.0014469903406741924,0.33942657391151404,14.814221928916268
2021-02-04,-0.0006020150245417133,1.0,-0.0006020150245417133,-0.0006020150245417133,0.3392222340142906,14.805303544738166
2021-02-05,0.007229379503331801,1.0,0.007229379503331801,0.007229379503331801,0.3416746002799479,14.912336702725101
2021-02-08,-0.0023926371398751423,1.0,-0.0023926371398751423,-0.0023926371398751423,0.3408570969415661,14.876656892087837
2021-02-09,0.005155853821390943,1.0,0.005155853821390943,0.005155853821390943,0.3426145063073805,14.95335876037443
2021-02-10,0.0009543034649355242,1.0,0.0009543034649355242,0.0009543034649355242,0.3429414645178868,14.967628802451879
2021-02-11,0.00047659202747896146,1.0,0.00047659202747896146,0.00047659202747896146,0.343104907685768,14.974762255009392
2021-02-12,-0.009767786728416716,1.0,-0.009767786728416716,-0.009767786728416716,0.3397535321220203,14.828491970993715
2021-02-16,-0.023336889130525562,1.0,-0.023336889130525562,-0.023336889130525562,0.33182474161118425,14.482441097893746
2021-02-17,-0.006281531528360529,1.0,-0.006281531528360529,-0.006281531528360529,0.3297403740348635,14.391469187529703
2021-02-18,0.0006200263159701347,1.0,0.0006200263159701347,0.0006200263159701347,0.329944821744203,14.400392277151445
2021-02-19,-0.03257810115687587,1.0,-0.03257810115687587,-0.03257810115687587,0.3191958459652329,13.93125484084771
2021-02-22,-0.03841250672849361,-1.0,0.03841250672849361,0.03641250672849361,0.33081856685414923,13.396120420537288
2021-02-23,-0.005192825094256115,-1.0,0.005192825094256115,0.005192825094256115,0.3325364498097553,13.326556710251845
2021-02-24,-0.012715924915659094,-1.0,0.012715924915659094,0.012715924915659094,0.336764958337256,13.15709721574001
2021-02-25,0.009336012340328548,-1.0,-0.009336012340328548,-0.009336012340328548,0.33362091653042913,13.27993203770906
2021-02-26,-0.007831580160784335,-1.0,0.007831580160784335,0.007831580160784335,0.3362336954815515,13.175929185425973
2021-03-01,0.03307018038821319,-1.0,-0.03307018038821319,-0.03307018038821319,0.32511438651938107,13.611659540370333
2021-03-02,-0.004874374326044428,-1.0,0.004874374326044428,0.004874374326044428,0.3266991157380588,13.545311216571895
2021-03-03,-0.039978909073139834,-1.0,0.039978909073139834,0.039978909073139834,0.3397601899804259,13.003784451077186
2021-03-04,-0.01696053963209676,-1.0,0.01696053963209676,0.01696053963209676,0.3455227061479977,12.783233249527447
2021-03-05,-0.008276185569426331,-1.0,0.008276185569426331,0.008276185569426331,0.3483823161825289,12.677436838977098
2021-03-08,0.002263127690224742,-1.0,-0.002263127690224742,-0.002263127690224742,0.3475938825159916,12.706127497328461
2021-03-09,0.044594796523823366,-1.0,-0.044594796523823366,-0.044594796523823366,0.3320930040522652,13.272754667677582
2021-03-10,0.0059444563273958195,-1.0,-0.0059444563273958195,-0.0059444563273958195,0.33011889169304287,13.35165397814383
2021-03-11,0.0053719994177954256,-1.0,-0.0053719994177954256,-0.0053719994177954256,0.3283454931990646,13.423379055541025
2021-03-12,0.010820146568169431,-1.0,-0.010820146568169431,-0.010820146568169431,0.3247927468376528,13.568621984362075
2021-03-15,-0.001982012536870803,-1.0,0.001982012536870803,0.001982012536870803,0.32543649013376974,13.541728805481009
2021-03-16,-0.0018540231561202658,-1.0,0.0018540231561202658,0.0018540231561202658,0.3260398569223243,13.516622126701746
2021-03-17,-0.03210393784848542,-1.0,0.03210393784848542,0.03210393784848542,0.3365070202250876,13.08268533002465
2021-03-18,-0.025082515689535345,-1.0,0.025082515689535345,0.025082515689535345,0.34494746283952216,12.754538669973053
2021-03-19,-0.004076599990174401,-1.0,0.004076599990174401,0.004076599990174401,0.34635367566314446,12.702543517756363
2021-03-22,0.011998701261257017,-1.0,-0.011998701261257017,-0.011998701261257017,0.34219788137812407,12.854957542684039
2021-03-23,0.0325008560787754,-1.0,-0.0325008560787754,-0.0325008560787754,0.3310761572849918,13.272754667677582
2021-03-24,-0.016076609191259417,-1.0,0.016076609191259417,0.016076609191259417,0.3363987392782065,13.059373777993866
2021-03-25,0.008513081772593578,-1.0,-0.008513081772593578,-0.008513081772593578,0.33353494930253375,13.170549294864792
2021-03-26,0.008305101055042563,-1.0,-0.008305101055042563,-0.008305101055042563,0.3307649078431877,13.279932037709063
2021-03-29,0.009991796139863007,-1.0,-0.009991796139863007,-0.009991796139863007,0.327459972313798,13.412622411381088
2021-03-30,-0.007754102746889813,-1.0,0.007754102746889813,0.007754102746889813,0.3299991305846129,13.308619559098002
2021-03-31,0.018728146822240888,-1.0,-0.018728146822240888,-0.018728146822240888,0.3238188584158124,13.557865340202136
2021-04-01,0.002115816331547782,-1.0,-0.002115816331547782,-0.002115816331547782,0.3231337171867131,13.586551293109862
2021-04-05,0.013330279463704242,-1.0,-0.013330279463704242,-0.013330279463704242,0.31882625443246865,13.767663818794968
2021-04-06,0.010158465129377792,-1.0,-0.010158465129377792,-0.010158465129377792,0.31558746904448626,13.907522151611193
2021-04-07,-0.001933714617736726,1.0,-0.001933714617736726,-0.003933714617736726,0.3143460380043314,13.880628972730126
2021-04-08,0.0045214959197605875,1.0,0.0045214959197605875,0.0045214959197605875,0.3157673523325609,13.943390179994035
2021-04-09,0.0023148033575786098,1.0,0.0023148033575786098,0.0023148033575786098,0.316498291659954,13.975666386398714
2021-04-12,-0.003849245335576179,1.0,-0.003849245335576179,-0.003849245335576179,0.31528001208706413,13.9218706177493
2021-04-13,0.018031843100849265,1.0,0.018031843100849265,0.018031843100849265,0.32096509179785193,14.17290760439888
2021-04-14,0.0011386586050508019,1.0,0.0011386586050508019,0.0011386586050508019,0.3213305614615485,14.189045707601219
2021-04-15,0.013269425492684395,1.0,0.013269425492684395,0.013269425492684395,0.32559443340538496,14.377326192430527
2021-04-16,0.009478421190434627,1.0,0.009478421190434627,0.009478421190434627,0.32868055458246215,14.51360054567465
2021-04-19,-0.014208038379459498,1.0,-0.014208038379459498,-0.014208038379459498,0.3240106486483725,14.307390752097561
2021-04-20,0.0092743634707666,1.0,0.0092743634707666,0.0092743634707666,0.32701564117233634,14.440082694250798
2021-04-21,-0.03178926076622046,1.0,-0.03178926076622046,-0.03178926076622046,0.31662005568047613,13.981043139997471
2021-04-22,0.004489021787248637,1.0,0.004489021787248637,0.004489021787248637,0.3180413700087057,14.043804347261382
2021-04-23,-0.0010215819946033378,1.0,-0.0010215819946033378,-0.0010215819946033378,0.31771646467156583,14.029457449604488
2021-04-26,-0.003962049559885883,1.0,-0.003962049559885883,-0.003962049559885883,0.31645765629254535,13.973872043890845
2021-04-27,-0.008340728332390857,1.0,-0.008340728332390857,-0.008340728332390857,0.3138181689527041,13.85731977342116
2021-04-28,-0.0024588943917083217,1.0,-0.0024588943917083217,-0.0024588943917083217,0.3130465232170501,13.823246087546186
2021-04-29,0.0016864588913305667,1.0,0.0016864588913305667,0.0016864588913305667,0.31357446330952965,13.84655842381758
2021-04-30,0.003755435543527197,1.0,0.003755435543527197,0.003755435543527197,0.3147520719945847,13.89855828147791
2021-05-03,-0.01045032832619941,1.0,-0.01045032832619941,-0.01045032832619941,0.3114628095008897,13.75331378417565
2021-05-04,-0.013168076153938668,1.0,-0.013168076153938668,-0.013168076153938668,0.3073614435062623,13.57220910089661
2021-05-05,-0.025234453819387048,1.0,-0.025234453819387048,-0.025234453819387048,0.2996053453542434,13.229721817112969
2021-05-06,0.0031174664192137325,-1.0,-0.0031174664192137325,-0.0051174664192137325,0.2980721250603761,13.270965030613358
2021-05-07,0.007025859384242716,-1.0,-0.007025859384242716,-0.007025859384242716,0.2959779122233395,13.36420496481165
2021-05-10,0.003622920083680814,-1.0,-0.003622920083680814,-0.003622920083680814,0.29490560790081966,13.412622411381093
2021-05-11,-0.009759635444440029,-1.0,0.009759635444440029,0.009759635444440029,0.29778377912445264,13.281720106292088
2021-05-12,-0.03415651793139396,-1.0,0.03415651793139396,0.03415651793139396,0.3079550361157953,12.828062795321767
2021-05-13,0.015235945041068844,-1.0,-0.015235945041068844,-0.015235945041068844,0.30326305011041466,13.02351045505467
2021-05-14,0.006746866472477908,-1.0,-0.006746866472477908,-0.006746866472477908,0.3012169748052833,13.111378341097844
2021-05-17,-0.016685103255865363,-1.0,0.016685103255865363,0.016685103255865363,0.3062428111323289,12.892613639649909
2021-05-18,0.005424092960814475,-1.0,-0.005424092960814475,-0.005424092960814475,0.304581721656166,12.962544374539235
2021-05-19,0.005118041041734189,-1.0,-0.005118041041734189,-0.005118041041734189,0.30302285990416766,13.028887208653426
2021-05-20,0.02243336395122486,-1.0,-0.02243336395122486,-0.02243336395122486,0.29622503780239645,13.321168977284607
2021-05-21,0.002019301222872416,-1.0,-0.002019301222872416,-0.002019301222872416,0.2956268702213166,13.348068430090528
2021-05-24,-0.005507869568553536,-1.0,0.005507869568553536,0.005507869568553536,0.29725514446345536,13.274549010185462
2021-05-25,-0.008915301972726053,-1.0,0.008915301972726053,0.008915301972726053,0.29990526383929333,13.156202397207906
2021-05-26,0.00136316040525708,-1.0,-0.00136316040525708,-0.00136316040525708,0.2994964448582994,13.174136411399328
2021-05-27,-0.006397501218852297,-1.0,0.006397501218852297,0.006397501218852297,0.30141247372932234,13.089854857650074
2021-05-28,0.003013758033387992,-1.0,-0.003013758033387992,-0.003013758033387992,0.30050408946525725,13.1293045128832
2021-06-01,-0.009816727657097735,-1.0,0.009816727657097735,0.009816727657097735,0.30345405627138183,13.000417706153122
2021-06-02,0.008180874820037598,-1.0,-0.008180874820037598,-0.008180874820037598,0.300971536623393,13.106772496015362
2021-06-03,-0.004676086612732,-1.0,0.004676086612732,0.004676086612732,0.302378905596611,13.04548409261062
2021-06-04,-0.0004143786817587536,-1.0,0.0004143786817587536,0.0004143786817587536,0.3025042049689038,13.04007832210942
2021-06-07,0.0017969466521126076,-1.0,-0.0017969466521126076,-0.0017969466521126076,0.30196062105053495,13.06351064719362
2021-06-08,-0.004553376434163758,-1.0,0.004553376434163758,0.004553376434163758,0.30333556142647194,13.004027565665242
2021-06-09,0.004297031163486897,-1.0,-0.004297031163486897,-0.004297031163486897,0.3020321190660286,13.059906277365748
2021-06-10,0.014630996233516269,-1.0,-0.014630996233516269,-0.014630996233516269,0.2976130882695726,13.250985716919962
2021-06-11,-0.00027224441014161993,-1.0,0.00027224441014161993,0.00027224441014161993,0.29769411176923904,13.247378210129664
2021-06-14,-0.002449446133674593,-1.0,0.002449446133674593,0.002449446133674593,0.2984232974603299,13.214929470791537
2021-06-15,0.0016370924582771451,-1.0,-0.0016370924582771451,-0.0016370924582771451,0.2979347509306834,13.236563532164833
2021-06-16,-0.0017706872868847867,-1.0,0.0017706872868847867,0.0017706872868847867,0.2984623002064775,13.213125717396386
2021-06-17,0.01746288321211642,-1.0,-0.01746288321211642,-0.01746288321211642,0.29325028791475216,13.443864988666292
2021-06-18,-0.017431386716286745,-1.0,0.017431386716286745,0.017431386716286745,0.29836204708805664,13.209519779087302
2021-06-21,0.014329030163667156,-1.0,-0.014329030163667156,-0.014329030163667156,0.2940868083156384,13.3987993864494
2021-06-22,-0.002959895609392582,-1.0,0.002959895609392582,0.002959895609392582,0.29495727456835213,13.359140338974317
2021-06-23,-0.010255075408177716,-1.0,0.010255075408177716,0.010255075408177716,0.2979820836612412,13.222141347409707
2021-06-24,-0.00640737062036667,-1.0,0.00640737062036667,0.00640737062036667,0.29989136530948785,13.13742218740198
2021-06-25,0.01344639597893349,-1.0,-0.01344639597893349,-0.01344639597893349,0.2958589072608735,13.314073168276213
2021-06-28,0.0174653676091443,-1.0,-0.0174653676091443,-0.0174653676091443,0.2906916226851226,13.546608350535202
2021-06-29,-0.014238080726494018,1.0,-0.014238080726494018,-0.01623808072649402,0.28597134864944607,13.353730647270083
2021-06-30,-0.010799294368893264,1.0,-0.010799294368893264,-0.010799294368893264,0.2828830598743113,13.209519779087302
2021-07-01,0.012418405733464422,-1.0,-0.012418405733464422,-0.014418405733464422,0.27880433714191954,13.37356095524823
2021-07-02,0.0012131675118807195,1.0,0.0012131675118807195,-0.0007868324881192806,0.2785849648316277,13.389785324917295
2021-07-06,0.011443302302131642,1.0,0.011443302302131642,0.011443302302131642,0.28177289680102474,13.54300868615097
2021-07-07,0.0026618879924693584,1.0,0.0026618879924693584,0.0026618879924693584,0.2825229446916227,13.579058658354542
2021-07-08,-0.0026548211559122015,1.0,-0.0026548211559122015,-0.0026548211559122015,0.28177289680102474,13.54300868615097
2021-07-09,-0.0018636922021760816,1.0,-0.0018636922021760816,-0.0018636922021760816,0.2812477588504721,13.517768686468587
2021-07-12,0.0013334290976461105,1.0,0.0013334290976461105,0.0013334290976461105,0.2816227827957711,13.535793672570374
2021-07-13,-0.003062965121271244,1.0,-0.003062965121271244,-0.003062965121271244,0.28076018203471226,13.494334008662568
2021-07-14,0.01122120919074221,1.0,0.01122120919074221,0.01122120919074221,0.28391065076975464,13.645756753463518
2021-07-15,0.01479485989682039,1.0,0.01479485989682039,0.01479485989682039,0.2881110690711083,13.8476438128171
2021-07-16,0.01431932869814534,1.0,0.01431932869814534,0.01431932869814534,0.29223662617071156,14.045932776267668
2021-07-19,-0.011935299114461562,1.0,-0.011935299114461562,-0.011935299114461562,0.288748694625163,13.878290367241293
2021-07-20,0.0023376413488114256,1.0,0.0023376413488114256,0.0023376413488114256,0.28942368551313413,13.910732832654567
2021-07-21,-0.016715904159232964,1.0,-0.016715904159232964,-0.016715904159232964,0.2845857069246846,13.678202355839218
2021-07-22,0.003162716796777154,1.0,0.003162716796777154,0.003162716796777154,0.285485770920098,13.721462636179748
2021-07-23,0.014187983696849926,1.0,0.014187983696849926,0.014187983696849926,0.289536238383595,13.9161425243588
2021-07-26,-0.003755930772934568,1.0,-0.003755930772934568,-0.003755930772934568,0.28844876031597033,13.863874456411018
2021-07-27,0.01235156200150156,1.0,0.01235156200150156,0.01235156200150156,0.2920115530632693,14.035114961340414
2021-07-28,-0.000128181917744552,1.0,-0.000128181917744552,-0.000128181917744552,0.2919741224623941,14.033315913388904
2021-07-29,0.003981860883442101,1.0,0.003981860883442101,0.003981860883442101,0.29313672279960445,14.089194625089412
2021-07-30,-0.0033263944389096967,1.0,-0.0033263944389096967,-0.0033263944389096967,0.2921616344350436,14.042328406439799
2021-08-02,0.011681572027760101,1.0,0.011681572027760101,0.011681572027760101,0.2955745416114447,14.206364877157087
2021-08-03,0.00774007822552214,1.0,0.00774007822552214,0.00774007822552214,0.2978623116849901,14.316323252606594
2021-08-04,0.005666497982417251,1.0,0.005666497982417251,0.005666497982417251,0.29955014787319123,14.397446669433123
2021-08-05,0.007762199609814724,1.0,0.007762199609814724,0.007762199609814724,0.30187531591413247,14.509202524352924
2021-08-06,0.001490841717493696,1.0,0.001490841717493696,0.001490841717493696,0.30232536422857886,14.530833448763794
2021-08-09,-0.000620232355058703,1.0,-0.000620232355058703,-0.000620232355058703,0.3021378522559294,14.5218209557129
2021-08-10,-0.0003726295897704679,1.0,-0.0003726295897704679,-0.0003726295897704679,0.3020252667519891,14.516409695527454
2021-08-11,0.022848979921716417,1.0,0.022848979921716417,0.022848979921716417,0.30892623600785635,14.84809484919597
2021-08-12,0.007648621043605974,1.0,0.007648621043605974,0.007648621043605974,0.311289095717508,14.961662299916988
2021-08-13,0.00542145680829198,1.0,0.00542145680829198,0.00542145680829198,0.31297673610483273,15.042776305856238
2021-08-16,0.005991451686765403,1.0,0.005991451686765403,0.005991451686765403,0.31485192109828636,15.132904373327595
2021-08-17,0.00011919413158567593,1.0,0.00011919413158567593,0.00011919413158567593,0.31488944959959975,15.134708126722742
2021-08-18,0.005478960286761314,1.0,0.005478960286761314,0.005478960286761314,0.3166147163886761,15.21763059150078
2021-08-19,0.0015398658275944666,1.0,0.0015398658275944666,0.0015398658275944666,0.31710226057095653,15.241063700825588
2021-08-20,0.02046128241764711,1.0,0.02046128241764711,0.02046128241764711,0.3235905794797732,15.552915409553531
2021-08-23,-0.021789532537010214,1.0,-0.021789532537010214,-0.021789532537010214,0.3165396920195287,15.214024653191697
2021-08-24,-0.0030804615950048575,1.0,-0.0030804615950048575,-0.0030804615950048575,0.31556460365496786,15.167158434542083
2021-08-25,0.0046349702403265525,1.0,0.0046349702403265525,0.0046349702403265525,0.31702723620180906,15.237457762516504
2021-08-26,-0.003981251257747842,1.0,-0.003981251257747842,-0.003981251257747842,0.3157650711189403,15.176793614634606
2021-08-27,-0.004772786744422497,1.0,-0.004772786744422497,-0.004772786744422497,0.3142579917731522,15.104358015247842
2021-08-30,0.00647408920899295,1.0,0.00647408920899295,0.00647408920899295,0.3162925260465306,15.202144976483124
2021-08-31,0.00047656529620354604,1.0,0.00047656529620354604,0.00047656529620354604,0.3164432600878929,15.209389791206771
2021-09-01,0.016073503979110892,1.0,0.016073503979110892,0.016073503979110892,0.3215296120880785,15.453857978535583
2021-09-02,0.013358195420102303,1.0,0.013358195420102303,0.013358195420102303,0.32582466747970074,15.660293633407369
2021-09-03,-0.009134979800423992,1.0,-0.009134979800423992,-0.009134979800423992,0.3228482657237938,15.517237167397484
2021-09-07,-0.007702290501488851,1.0,-0.007702290501488851,-0.007702290501488851,0.3203615945932873,15.39771889895369
2021-09-08,0.016582626741615814,1.0,0.016582626741615814,0.016582626741615814,0.3256740313387766,15.653053524127362
2021-09-09,-0.006941555261092636,1.0,-0.006941555261092636,-0.006941555261092636,0.3234133470531357,15.544396988084792
2021-09-10,-0.010601104265718031,1.0,-0.010601104265718031,-0.010601104265718031,0.3199848084401005,15.379609214866392
2021-09-13,-0.004120988249859847,1.0,-0.004120988249859847,-0.004120988249859847,0.3186661548043852,15.316230026004492
2021-09-14,0.0007094720976645874,1.0,0.0007094720976645874,0.0007094720976645874,0.318892239549689,15.327096463849355
2021-09-15,-0.00035438221805605963,1.0,-0.00035438221805605963,-0.00035438221805605963,0.3187792298105165,15.321664813408136
2021-09-16,-0.007209520588276286,1.0,-0.007209520588276286,-0.007209520588276286,0.3164809843900827,15.2112029554892
2021-09-17,-0.02809524722815293,1.0,-0.02809524722815293,-0.02809524722815293,0.30758937289063415,14.783840447817122
2021-09-20,0.0006124823976294547,1.0,0.0006124823976294547,0.0006124823976294547,0.30777776596722756,14.792895289860772
2021-09-21,0.002815291554231436,1.0,0.002815291554231436,0.002815291554231436,0.3086442501123353,14.834541603032946
2021-09-22,-0.00024392301802234062,1.0,-0.00024392301802234062,-0.00024392301802234062,0.30856896467535266,14.830923116874157
2021-09-23,-0.007692482598926853,1.0,-0.007692482598926853,-0.007692482598926853,0.3061953032840186,14.716836498871581
2021-09-24,-0.0070137478367465755,-1.0,0.0070137478367465755,0.0050137478367465755,0.30773048932348085,14.613616318713868
2021-09-27,-0.02403969325480637,-1.0,0.02403969325480637,0.02403969325480637,0.3151282358919688,14.262309465068554
2021-09-28,-0.018918253131230744,-1.0,0.018918253131230744,0.018918253131230744,0.3210899116273713,13.99249148437244
2021-09-29,0.01397706210427141,-1.0,-0.01397706210427141,-0.01397706210427141,0.31660201799150056,14.188065406843002
2021-09-30,0.0021696412729312886,-1.0,-0.0021696412729312886,-0.0021696412729312886,0.3159151051861729,14.218848419132737
2021-10-01,0.008787625776844443,-1.0,-0.008787625776844443,-0.008787625776844443,0.31313896146454434,14.343798338017752
2021-10-04,0.0018941448376734726,-1.0,-0.0018941448376734726,-0.0018941448376734726,0.31254583091721183,14.370967569592338
2021-10-05,0.0015117307292258353,-1.0,-0.0015117307292258353,-0.0015117307292258353,0.31207334578032286,14.392692602875998
2021-10-06,0.021389144108392655,-1.0,-0.021389144108392655,-0.021389144108392655,0.3053983640150393,14.70053997906671
2021-10-07,-0.0032027850081750575,-1.0,0.0032027850081750575,0.0032027850081750575,0.3063764893168278,14.653457310009676
2021-10-08,-0.008774036789064965,-1.0,0.008774036789064965,0.008774036789064965,0.3090646479053982,14.524887336484658
2021-10-11,-0.02967211523291613,-1.0,0.02967211523291613,0.02967211523291613,0.31823524975246786,14.093903205691362
2021-10-12,0.013362563477240075,-1.0,-0.013362563477240075,-0.013362563477240075,0.3139828110269552,14.28223388191949
2021-10-13,0.016736305638192395,-1.0,-0.016736305638192395,-0.016736305638192395,0.3087278987364693,14.52126571336344
2021-10-14,0.01583725509468925,-1.0,-0.01583725509468925,-0.01583725509468925,0.3038384962493324,14.751242702763742
2021-10-15,0.002577727911956318,-1.0,-0.002577727911956318,-0.002577727911956318,0.3030552832768237,14.789267392814699
2021-10-18,-0.008326194923193087,-1.0,0.008326194923193087,0.008326194923193087,0.30557858063789,14.6661290697309
2021-10-19,0.012841412501902294,-1.0,-0.012841412501902294,-0.012841412501902294,0.301654520032173,14.854462882921455
2021-10-20,0.023040243583222653,-1.0,-0.023040243583222653,-0.023040243583222653,0.29470432641265165,15.196713326041905
2021-10-21,-0.0013107907598127744,1.0,-0.0013107907598127744,-0.0033107907598127744,0.2937286220518878,15.176793614634606
2021-10-22,0.007278339596870964,1.0,0.007278339596870964,0.007278339596870964,0.29586647871250243,15.28725547255354
2021-10-25,-0.0015400346420584299,1.0,-0.0015400346420584299,-0.0015400346420584299,0.29541083408586133,15.26371256954381
2021-10-26,0.013999657196550164,1.0,0.013999657196550164,0.013999657196550164,0.2995464844952103,15.477399313064097
2021-10-27,-0.005382071436258795,1.0,-0.005382071436258795,-0.005382071436258795,0.2979343039171769,15.394098844313683
2021-10-28,0.01658611873491611,1.0,0.01658611873491611,0.01658611873491611,0.3028758776571518,15.649427195562506
2021-10-29,-0.012612954826087708,1.0,-0.012612954826087708,-0.012612954826087708,0.2990557178943505,15.452041677290728
2021-11-01,0.003047222302581476,1.0,0.003047222302581476,0.003047222302581476,0.29996700714763264,15.499127483310186
2021-11-02,-0.001986416188042184,1.0,-0.001986416188042184,-0.001986416188042184,0.299371147828756,15.46833976557681
2021-11-03,-0.002107283461972087,1.0,-0.002107283461972087,-0.002107283461972087,0.2987402879599449,15.435743589004645
2021-11-04,-0.005631018318490333,1.0,-0.005631018318490333,-0.005631018318490333,0.2970580759259714,15.34882463409544
2021-11-05,0.009084603099924093,1.0,0.009084603099924093,0.009084603099924093,0.2997567306433859,15.488262613946535
2021-11-08,-0.010990625729137005,1.0,-0.010990625729137005,-0.010990625729137005,0.29646221660709476,15.318036916362063
2021-11-09,0.004137962529588091,1.0,0.004137962529588091,0.004137962529588091,0.29768896615085355,15.381422379148816
2021-11-10,0.0030609068144207274,1.0,0.0030609068144207274,0.0030609068144207274,0.29860016433592257,15.428503479724636
2021-11-11,0.001995610673131809,1.0,0.001995610673131809,0.001995610673131809,0.29919605401087024,15.459292765939226
2021-11-12,0.0110105113340635,1.0,0.0110105113340635,0.0110105113340635,0.302490355554664,15.629507484155207
2021-11-15,0.011933678149153915,1.0,0.011933678149153915,0.011933678149153915,0.30610017810107654,15.816024996100907
2021-11-16,-0.004121818515030684,1.0,-0.004121818515030684,-0.004121818515030684,0.30483848871952535,15.750834211437791
2021-11-17,0.009197584607113285,1.0,0.009197584607113285,0.009197584607113285,0.3076422665110277,15.895703841730105
2021-11-18,-0.0020505294018741127,1.0,-0.0020505294018741127,-0.0020505294018741127,0.30701143699828765,15.863109233639154
2021-11-19,0.0081049667900146,1.0,0.0081049667900146,0.0081049667900146,0.30949975449931344,15.991679207164173
2021-11-22,-0.010757435085525735,1.0,-0.010757435085525735,-0.010757435085525735,0.3061703309813009,15.819649756184553
2021-11-23,-0.0005724785734476656,1.0,-0.0005724785734476656,-0.0005724785734476656,0.30599505502698876,15.810593345659692
2021-11-24,0.0032788062688879904,1.0,0.0032788062688879904,0.0032788062688879904,0.30699835353166,15.86243321823628
2021-11-26,-0.012842664529798764,1.0,-0.012842664529798764,-0.012842664529798764,0.3030556766660523,15.658717309788136
2021-11-29,0.02985256571357775,1.0,0.02985256571357775,0.02985256571357775,0.31210266616859844,16.126170197268923
2021-11-30,-0.021204521722350433,1.0,-0.021204521722350433,-0.021204521722350433,0.3054846784042229,15.784222471022614
2021-12-01,0.012214484596626551,1.0,0.012214484596626551,0.012214484596626551,0.3092160163030967,15.977018613264647
2021-12-02,0.008879967100906772,1.0,0.008879967100906772,0.008879967100906772,0.3119618443549416,16.11889401292101
2021-12-03,-0.00665764760523091,1.0,-0.00665764760523091,-0.00665764760523091,0.30988491232894855,16.011580096796916
2021-12-06,0.012722937944624535,1.0,0.012722937944624535,0.012722937944624535,0.3138275588384852,16.21529443676385
2021-12-07,0.014133388997364493,1.0,0.014133388997364493,0.014133388997364493,0.31826300580564276,16.444471500745433
2021-12-08,-0.0009954858337128947,1.0,-0.0009954858337128947,-0.0009954858337128947,0.31794617949196835,16.428101262323544
2021-12-09,-0.004539382737513642,1.0,-0.004539382737513642,-0.004539382737513642,0.3165029000933241,16.353527823043226
2021-12-10,0.004115248045672093,1.0,0.004115248045672093,0.004115248045672093,0.3178053880343827,16.42082664645685
2021-12-13,0.016171927452703683,1.0,0.016171927452703683,0.016171927452703683,0.32294491371375306,16.686383063696773
2021-12-14,-0.01863955096934633,1.0,-0.01863955096934633,-0.01863955096934633,0.3169253655342944,16.37535637608696
2021-12-15,0.021881441109290023,1.0,0.021881441109290023,0.021881441109290023,0.32386014925627327,16.73367277227394
2021-12-16,0.002500208319449193,1.0,0.002500208319449193,0.002500208319449193,0.3246698670957819,16.77551044015412
2021-12-17,-0.013986686781261248,1.0,-0.013986686781261248,-0.013986686781261248,0.32012881135739946,16.540876630031907
2021-12-20,-0.010996329151949924,1.0,-0.010996329151949924,-0.010996329151949924,0.31660856957669103,16.35898770614628
2021-12-21,0.005670276218388004,1.0,0.005670276218388004,0.005670276218388004,0.3184038276192996,16.45174768509334
2021-12-22,0.003869589827101283,1.0,0.003869589827101283,0.003869589827101283,0.31963591983156536,16.515409200573615
2021-12-23,-0.0011013760790460347,1.0,-0.0011013760790460347,-0.0011013760790460347,0.319283880475459,16.497219523944445
2021-12-27,0.006835737507223438,1.0,0.006835737507223438,0.006835737507223438,0.32146642127267694,16.60999018620917
2021-12-28,0.006132378004006789,1.0,0.006132378004006789,0.006132378004006789,0.32343777488351627,16.71184892467385
2021-12-29,0.0011973010841970222,1.0,0.0011973010841970222,0.0011973010841970222,0.3238250272820546,16.731858039510296
2021-12-30,0.008478982154672021,1.0,0.008478982154672021,0.008478982154672021,0.32657073390961533,16.87372716524181
2021-12-31,0.006360008789734639,1.0,0.006360008789734639,0.006360008789734639,0.32864772664775055,16.981044218328332
2022-01-03,-0.01820905793001848,1.0,-0.01820905793001848,-0.01820905793001848,0.3226633611546528,16.671835400444586
2022-01-04,-0.010691781178905124,1.0,-0.010691781178905124,-0.010691781178905124,0.3192135151027372,16.49358378449231
2022-01-05,-0.010476490256418058,1.0,-0.010476490256418058,-0.010476490256418058,0.31586927782204643,16.32078891468066
2022-01-06,-0.044132448375965194,1.0,-0.044132448375965194,-0.044132448375965194,0.30192919322501155,15.60051254044849
2022-01-07,0.0074619047532871186,-1.0,-0.0074619047532871186,-0.009461904753287119,0.2990723679564797,15.716922079127778
2022-01-10,-0.024534273435423026,-1.0,0.024534273435423026,0.024534273435423026,0.3064098912089034,15.33131881527522
2022-01-11,0.005932195673553631,-1.0,-0.005932195673553631,-0.005932195673553631,0.3045922077779399,15.422267198421066
2022-01-12,0.003537717139657337,-1.0,-0.003537717139657337,-0.003537717139657337,0.3035146467038778,15.476826817421296
2022-01-13,-0.0022325036683940036,-1.0,0.0022325036683940036,0.0022325036683940036,0.30419224426605546,15.442274744776304
2022-01-14,-0.020023832527133578,-1.0,0.020023832527133578,0.020023832527133578,0.3102833388212919,15.13306122144892
2022-01-18,-0.02343746923009471,-1.0,0.02343746923009471,0.02343746923009471,0.31755559502752695,14.778380564714071
2022-01-19,0.01649229640623484,-1.0,-0.01649229640623484,-0.01649229640623484,0.3123183740288747,15.022109997391476
2022-01-20,0.01113935094463181,-1.0,-0.01113935094463181,-0.01113935094463181,0.3088393500541103,15.189446552581282
2022-01-21,-0.010896849757465188,-1.0,0.010896849757465188,0.010896849757465188,0.3122047260508431,15.023929435598756
2022-01-24,-0.008232581466611988,-1.0,0.008232581466611988,0.008232581466611988,0.3147749768923179,14.900243712571559
2022-01-25,-0.08325193680576759,-1.0,0.08325193680576759,0.08325193680576759,0.34098060337659414,13.659769564622016
2022-01-26,-0.032756434067848894,-1.0,0.032756434067848894,0.032756434067848894,0.35214991202951484,13.212324223496466
2022-01-27,-0.0017894872550376917,-1.0,0.0017894872550376917,0.0017894872550376917,0.3527800798089543,13.188680937689094
2022-01-28,-0.0001378355981660473,-1.0,0.0001378355981660473,0.0001378355981660473,0.35282870546227585,13.186863067963026
2022-01-31,0.07751734214429207,-1.0,-0.07751734214429207,-0.07751734214429207,0.32547836198262897,14.209073644212245
2022-02-01,-0.011392596352254203,-1.0,0.011392596352254203,0.011392596352254203,0.3291864055820899,14.047195403644281
2022-02-02,0.006474040305397999,-1.0,-0.006474040305397999,-0.006474040305397999,0.32705523952436233,14.138137512865276
2022-02-03,-0.025215713992040922,-1.0,0.025215713992040922,0.025215713992040922,0.33530217090380704,13.78163428096072
2022-02-04,0.003167319003879898,-1.0,-0.003167319003879898,-0.003167319003879898,0.3342401619658612,13.82528511312333
2022-02-07,-0.00434105804327245,-1.0,0.00434105804327245,0.00434105804327245,0.3356911179093478,13.765268747982471
2022-02-08,-0.0029073023481637206,-1.0,0.0029073023481637206,0.0029073023481637206,0.33666707348470337,13.725248949828357
2022-02-09,0.015902682562759285,-1.0,-0.015902682562759285,-0.015902682562759285,0.331313163885743,13.943517226972322
2022-02-10,-0.01578400734952934,-1.0,0.01578400734952934,0.01578400734952934,0.3365426132995114,13.723432648583502
2022-02-11,-0.006494310991800201,-1.0,0.006494310991800201,0.006494310991800201,0.3387282256922716,13.634308409088577
2022-02-14,-0.0005338973633224331,-1.0,0.0005338973633224331,0.0005338973633224331,0.3389090717988516,13.62702908777824
2022-02-15,0.0022692112065310077,-1.0,-0.0022692112065310077,-0.0022692112065310077,0.3381400155351306,13.657951694895951
2022-02-16,0.0018645446656979647,-1.0,-0.0018645446656979647,-0.0018645446656979647,0.3375095383729056,13.68341755587303
2022-02-17,0.0019938120071636423,-1.0,-0.0019938120071636423,-0.0019938120071636423,0.3368366078027654,13.710699718094963
2022-02-18,-0.01631720644758161,-1.0,0.01631720644758161,0.01631720644758161,0.3423328402713862,13.48697940025401
2022-02-22,-0.004990375927852786,-1.0,0.004990375927852786,0.004990375927852786,0.34404120983679,13.419674302915535
2022-02-23,-0.01978800445076112,-1.0,0.01978800445076112,0.01978800445076112,0.3508490988282857,13.154125728081677
2022-02-24,0.04314140628008922,-1.0,-0.04314140628008922,-0.04314140628008922,0.3357129753127314,13.721613210376223
2022-02-25,0.022799743585757426,-1.0,-0.022799743585757426,-0.022799743585757426,0.3280588055571894,14.034462473155742
2022-02-28,0.020003679115009776,-1.0,-0.020003679115009776,-0.020003679115009776,0.32149642247997,14.315203357020396
2022-03-01,-0.010604272497469758,-1.0,0.010604272497469758,0.010604272497469758,0.32490565815090927,14.163401039765859
2022-03-02,0.0014204856915993602,-1.0,-0.0014204856915993602,-0.0014204856915993602,0.3244441343123862,14.183519948287229
2022-03-03,0.01598967226767445,-1.0,-0.01598967226767445,-0.01598967226767445,0.3192563789355618,14.410309783862365
2022-03-04,0.018022561045097696,-1.0,-0.018022561045097696,-0.018022561045097696,0.3135025613571588,14.670020471620793
2022-03-07,0.049494868496879674,-1.0,-0.049494868496879674,-0.049494868496879674,0.29798579330935127,15.396111205710197
2022-03-08,-0.026490596515706732,1.0,-0.026490596515706732,-0.028490596515706734,0.28949600030476175,14.988259035848778
2022-03-09,-0.019890212398489426,1.0,-0.019890212398489426,-0.019890212398489426,0.28373786337018686,14.690139380142167
2022-03-10,-0.0019921337516337623,1.0,-0.0019921337516337623,-0.0019921337516337623,0.28317261959595064,14.660874657666781
2022-03-11,-0.01072815659141646,1.0,-0.01072815659141646,-0.01072815659141646,0.28013469939052366,14.503590498572203
2022-03-14,-0.0002525170324630954,-1.0,0.0002525170324630954,-0.0017474829675369046,0.2796451687747226,14.499928094939444
2022-03-15,0.034056763724765515,1.0,0.034056763724765515,0.032056763724765514,0.28860968787690605,14.993748720094885
2022-03-16,0.006464836831912013,1.0,0.006464836831912013,0.006464836831912013,0.2904755024171393,15.090680859068987
2022-03-17,0.002181327372057007,1.0,0.002181327372057007,0.002181327372057007,0.2911091245814738,15.12359857428985
2022-03-18,-0.00386986653347432,1.0,-0.00386986653347432,-0.00386986653347432,0.28998257112266695,15.065072266301506
2022-03-21,-0.006919920594522844,1.0,-0.006919920594522844,-0.006919920594522844,0.28797591475670253,14.960823162467952
2022-03-22,0.012836305909976309,1.0,0.012836305909976309,0.012836305909976309,0.2916724616932248,15.15286486524645
2022-03-23,-0.003379722616597358,1.0,-0.003379722616597358,-0.003379722616597358,0.2906866896778016,15.101652385155132
2022-03-24,0.013685214922289246,1.0,0.013685214922289246,0.013685214922289246,0.2946647995010911,15.308321743727682
2022-03-25,0.002867633234340472,1.0,0.002867633234340472,0.002867633234340472,0.2955097900731307,15.352220395921972
2022-03-28,0.005837482055747412,1.0,0.005837482055747412,0.005837482055747412,0.2972348231699803,15.441838706999045
2022-03-29,0.0022505634788507756,1.0,0.0022505634788507756,0.0022505634788507756,0.2979037690076493,15.476591545239321
2022-03-30,0.010399050515305763,1.0,0.010399050515305763,0.010399050515305763,0.30100168535025984,15.637533402523019
2022-03-31,-0.009239751382592587,1.0,-0.009239751382592587,-0.009239751382592587,0.2982205046118821,15.493046481646719
2022-04-01,0.01180513190368071,1.0,0.01180513190368071,0.01180513190368071,0.3017410370052076,15.675943938952415
2022-04-04,-0.00105009372299103,1.0,-0.00105009372299103,-0.00105009372299103,0.3014241806362796,15.659482728620162
2022-04-05,0.008292491544595437,1.0,0.008292491544595437,0.008292491544595437,0.3039237381055426,15.789338856739983
2022-04-06,0.0018530508982042004,1.0,0.0018530508982042004,0.0018530508982042004,0.30448692426142465,15.818597305290515
2022-04-07,0.006822110129439896,1.0,0.006822110129439896,0.006822110129439896,0.3065641675917105,15.926513518200467
2022-04-08,-0.011369103255739366,1.0,-0.011369103255739366,-0.011369103255739366,0.30307880791585057,15.745443341508118
2022-04-11,-0.017539798156247177,1.0,-0.017539798156247177,-0.017539798156247177,0.29776286679957054,15.469271443417439
2022-04-12,-0.008158108730169977,1.0,-0.008158108730169977,-0.008158108730169977,0.29533368495641255,15.343071445005526
2022-04-13,-0.004052802459998395,1.0,-0.004052802459998395,-0.004052802459998395,0.2941367558715008,15.280889007309277
2022-04-14,-0.008856989625326217,1.0,-0.008856989625326217,-0.008856989625326217,0.2915315896763198,15.145546331905777
2022-04-18,-0.01328340195601041,1.0,-0.01328340195601041,-0.01328340195601041,0.28765905838777456,14.944361952135694
2022-04-19,0.0014686312929401701,1.0,0.0014686312929401701,0.0014686312929401701,0.28808152348262056,14.966309709751625
2022-04-20,-0.003910641808476112,1.0,-0.003910641808476112,-0.003910641808476112,0.2869549398326399,14.907781833282069
2022-04-21,-0.06539056837444024,1.0,-0.06539056837444024,-0.06539056837444024,0.2681907932191303,13.9329535060016
2022-04-22,-0.029272822530368336,-1.0,0.029272822530368336,0.027272822530368335,0.2755051131268743,13.525096630696542
2022-04-25,0.0012170863382146013,-1.0,-0.0012170863382146013,-0.0012170863382146013,0.2751697996175793,13.541557841028794
2022-04-26,-0.006347911658104,-1.0,0.006347911658104,0.006347911658104,0.2769165531965299,13.455597228140839
2022-04-27,-0.004077986716702009,-1.0,0.004077986716702009,0.004077986716702009,0.27804581522210026,13.400725481379189
2022-04-28,0.003003010735672662,-1.0,-0.003003010735672662,-0.003003010735672662,0.27721084065397944,13.440968003865573
2022-04-29,-0.03361034170823307,-1.0,0.03361034170823307,0.03361034170823307,0.2865279917335863,12.989212476366223
2022-05-02,-0.01619262213672934,-1.0,0.01619262213672934,0.01619262213672934,0.2911676312353242,12.778883066882734
2022-05-03,0.012738027548398811,-1.0,-0.012738027548398811,-0.012738027548398811,0.2874587299274466,12.941660831426454
2022-05-04,0.03250435882438629,-1.0,-0.03250435882438629,-0.03250435882438629,0.2781150682226825,13.362321218874644
2022-05-05,-0.016698840769765133,-1.0,0.016698840769765133,0.016698840769765133,0.2827592674626055,13.139185944526202
2022-05-06,0.008769475321272147,-1.0,-0.008769475321272147,-0.008769475321272147,0.2802796170447312,13.25440971140833
2022-05-09,-0.024285442449737182,-1.0,0.024285442449737182,0.024285442449737182,0.2870863315543054,12.932520507156685
2022-05-10,-0.01018277128147893,-1.0,0.01018277128147893,0.01018277128147893,0.29000966600656175,12.800831608739273
2022-05-11,0.0030003831501659306,-1.0,-0.0030003831501659306,-0.0030003831501659306,0.28913952589129044,12.839239008206246
2022-05-12,-0.024074009825333698,-1.0,0.024074009825333698,0.024074009825333698,0.2961002736784897,12.530147042172882
2022-05-13,0.018829439809050497,-1.0,-0.018829439809050497,-0.018829439809050497,0.2905248713978172,12.766082691702028
2022-05-16,0.004584147224954371,-1.0,-0.004584147224954371,-0.004584147224954371,0.28919306261481864,12.824604294246733
2022-05-17,0.027096792341661846,-1.0,-0.027096792341661846,-0.027096792341661846,0.28135685825049567,13.172109933671921
2022-05-18,-0.014162712254329968,-1.0,0.014162712254329968,0.014162712254329968,0.28534163447467975,12.985557130898924
2022-05-19,-0.007605690232271978,-1.0,0.007605690232271978,0.007605690232271978,0.2875118545568644,12.886793005867837
2022-05-20,0.010786204860179005,-1.0,-0.010786204860179005,-0.010786204860179005,0.2844106927938841,13.02579259521985
2022-05-23,0.01867468813205786,-1.0,-0.01867468813205786,-0.01867468813205786,0.2790994118045358,13.269045209608448
2022-05-24,0.029221122709093272,-1.0,-0.029221122709093272,-0.029221122709093272,0.2709438136441597,13.656781607910922
2022-05-25,0.0016070958917011602,-1.0,-0.0016070958917011602,-0.0016070958917011602,0.27050838095437035,13.678729365526856
2022-05-26,0.003342734774887779,-1.0,-0.003342734774887779,-0.003342734774887779,0.26960414318245557,13.72445372985328
2022-05-27,0.037726874552507894,-1.0,-0.037726874552507894,-0.037726874552507894,0.25943282149377467,14.242234474021155
2022-05-31,-0.02247179627127871,1.0,-0.02247179627127871,-0.024471796271278712,0.253084034340096,13.922185882473169
2022-06-01,0.006341324759714828,-1.0,-0.006341324759714828,-0.008341324759714828,0.25097297821816644,14.01047098451905
2022-06-02,0.030852253364900495,-1.0,-0.030852253364900495,-0.030852253364900495,0.2432298963064359,14.442725585095017
2022-06-03,0.0021650512766158148,1.0,0.0021650512766158148,0.00016505127661581472,0.2432700417113324,14.473994826560839
2022-06-06,0.01906224425749725,1.0,0.01906224425749725,0.01906224425749725,0.24790731466696536,14.749901651326493
2022-06-07,-0.005112857495141121,1.0,-0.005112857495141121,-0.005112857495141121,0.24663979989507007,14.674487506115913
2022-06-08,-0.016169548533122247,1.0,-0.016169548533122247,-0.016169548533122247,0.24265174568046718,14.437207668187076
2022-06-09,-0.014651622268831876,1.0,-0.014651622268831876,-0.014651622268831876,0.23909650395988433,14.225679154816117
2022-06-10,-0.018489774100975187,1.0,-0.018489774100975187,-0.018489774100975187,0.23467566361333314,13.962649560810615
2022-06-13,-0.04610718085414112,-1.0,0.04610718085414112,0.044107180854141115,0.24502654555039202,13.318871152307326
2022-06-14,-0.012843440531388084,-1.0,0.012843440531388084,0.012843440531388084,0.24817352941677992,13.147811022717447
2022-06-15,0.037912744761086525,-1.0,-0.037912744761086525,-0.037912744761086525,0.23876458973954354,13.646280626188734
2022-06-16,-0.04475027628310013,-1.0,0.04475027628310013,0.04475027628310013,0.24944937109700913,13.03560579793007
2022-06-17,-0.0008463509118395995,-1.0,0.0008463509118395995,0.0008463509118395995,0.24966049279969493,13.02457310107661
2022-06-21,0.0271147808820138,-1.0,-0.0271147808820138,-0.0271147808820138,0.24289100324253562,13.377731546794074
2022-06-22,0.026948684732115424,-1.0,-0.026948684732115424,-0.026948684732115424,0.23634541017188532,13.738243816679502
2022-06-23,0.033605751924289606,1.0,0.033605751924289606,0.031605751924289605,0.24381528457422239,14.199927830258238
2022-06-24,0.010621654119857826,1.0,0.010621654119857826,0.010621654119857826,0.24640500619610448,14.350754552198184
2022-06-27,-0.0016662187349000268,1.0,-0.0016662187349000268,-0.0016662187349000268,0.24599444155840736,14.32684305610336
2022-06-28,-0.018615942214622927,1.0,-0.018615942214622927,-0.018615942214622927,0.2414150232492376,14.060135373652969
2022-06-29,-0.0057561367631053795,1.0,-0.0057561367631053795,-0.0057561367631053795,0.24002540535874672,13.979203311534446
2022-06-30,0.019210501838245797,1.0,0.019210501838245797,0.019210501838245797,0.24463641384961662,14.247750822447891
2022-07-01,0.04002107931184651,1.0,0.04002107931184651,0.04002107931184651,0.25442702717085786,14.817961188128505
2022-07-05,-0.01799926349568992,1.0,-0.01799926349568992,-0.01799926349568992,0.24984752806838453,14.551248800234474
2022-07-06,0.005814631563584527,1.0,0.005814631563584527,0.005814631563584527,0.25130029939117454,14.63585895079789
2022-07-07,0.01017957975529482,1.0,0.01017957975529482,0.01017957975529482,0.25385843083135645,14.784845844274782
2022-07-08,-0.0016171915395972736,1.0,-0.0016171915395972736,-0.0016171915395972736,0.2534478931247605,14.760935916661172
2022-07-11,0.00535831891576799,1.0,0.00535831891576799,0.00535831891576799,0.2548059477646525,14.840029718797856
2022-07-12,-0.009048342840558221,1.0,-0.009048342840558221,-0.009048342840558221,0.25250037619146454,14.7057520421381
2022-07-13,0.0038776461634011383,1.0,0.0038776461634011383,0.0038776461634011383,0.2534794833064607,14.762775745124225
2022-07-14,-0.0016197154591827134,1.0,-0.0016197154591827134,-0.0016197154591827134,0.2530689186687636,14.7388642490294
2022-07-15,-0.0177211595906821,1.0,-0.0177211595906821,-0.0177211595906821,0.24858424397359308,14.47767448348695
2022-07-18,-0.015245854503466716,1.0,-0.015245854503466716,-0.015245854503466716,0.24479436475811742,14.256949964763155
2022-07-19,0.018319951267666612,1.0,0.018319951267666612,0.018319951267666612,0.24927898559108552,14.518136593343177
2022-07-20,-0.007728138242848681,1.0,-0.007728138242848681,-0.007728138242848681,0.24735252312940054,14.405938426721262
2022-07-21,0.007022483837693327,1.0,0.007022483837693327,0.007022483837693327,0.24908955222528942,14.507103896489717
2022-07-22,0.01749708432383068,1.0,0.01749708432383068,0.01749708432383068,0.2534478931247605,14.76093591666117
2022-07-25,0.009096720488229959,1.0,0.009096720488229959,0.009096720488229959,0.2557534377668472,14.895212024839712
2022-07-26,-0.013213173622554586,1.0,-0.013213173622554586,-0.013213173622554586,0.25237412318906866,14.698399002210742
2022-07-27,0.00588137810458389,1.0,0.00588137810458389,0.00588137810458389,0.2538584308313564,14.784845844274782
2022-07-28,0.05175426666346983,1.0,0.05175426666346983,0.05175426666346983,0.26699668775537244,15.550024698677673
2022-07-29,-0.0005913820415742732,1.0,-0.0005913820415742732,-0.0005913820415742732,0.2668387907090741,15.540828693324839
2022-08-01,0.009705494498396305,1.0,0.009705494498396305,0.009705494498396305,0.26942859312425976,15.691660120708422
2022-08-02,0.004219657697449364,1.0,0.004219657697449364,0.004219657697449364,0.2705654895611495,15.757873555122528
2022-08-03,0.009221346047973977,1.0,0.009221346047973977,0.009221346047973977,0.27306046756903235,15.90318236015453
2022-08-04,0.017580733989110087,1.0,0.017580733989110087,0.017580733989110087,0.2778610710123055,16.182771978808713
2022-08-05,0.0,1.0,0.0,0.0,0.2778610710123055,16.182771978808713
2022-08-08,-0.005228893608603458,1.0,-0.005228893608603458,-0.005228893608603458,0.27640816503400956,16.098153985839232
2022-08-09,0.015996250802599032,1.0,0.015996250802599032,0.015996250802599032,0.28082965936577975,16.355664094455577
2022-08-10,0.009671924069987403,1.0,0.009671924069987403,0.009671924069987403,0.283545822507766,16.51385483569137
2022-08-11,-0.0038985373503926946,1.0,-0.0038985373503926946,-0.0038985373503926946,0.28244040852817165,16.449474955815464
2022-08-12,0.01162925298435713,1.0,0.01162925298435713,0.01162925298435713,0.2857249794919509,16.64077006153649
2022-08-15,0.005858345555107336,1.0,0.005858345555107336,0.005858345555107336,0.2873988551555407,16.738257442860053
2022-08-16,-0.005164813560884829,1.0,-0.005164813560884829,-0.005164813560884829,0.2859144936510506,16.65180746383359
2022-08-17,-0.003645074933709469,1.0,-0.003645074933709469,-0.003645074933709469,0.2848723138970589,16.591110377846213
2022-08-18,0.00044328608761401433,1.0,0.00044328608761401433,0.00044328608761401433,0.28499859383055587,16.598464986254783
2022-08-19,-0.005873087929628817,1.0,-0.005873087929628817,-0.005873087929628817,0.28332477202916845,16.500980741893642
2022-08-22,-0.013042334308838943,1.0,-0.013042334308838943,-0.013042334308838943,0.27962955563438846,16.28576943463415
2022-08-23,-0.006324383765768049,1.0,-0.006324383765768049,-0.006324383765768049,0.2778610710123054,16.18277197880871
2022-08-24,0.008297181898795136,1.0,0.008297181898795136,0.008297181898795136,0.2801665348610885,16.31704338154361
2022-08-25,0.007665226228565913,1.0,0.007665226228565913,0.007665226228565913,0.28231407473247216,16.442117210444465
2022-08-26,-0.014878715445747592,1.0,-0.014878715445747592,-0.014878715445747592,0.2781136039481982,16.197479627144634
2022-08-29,-0.007017624725279448,1.0,-0.007017624725279448,-0.007017624725279448,0.27616190704469473,16.083811793625973
2022-08-30,-0.015168728776154938,1.0,-0.015168728776154938,-0.015168728776154938,0.27197288197842806,15.839840814841738
2022-08-31,-0.007467986422202921,1.0,-0.007467986422202921,-0.007467986422202921,0.26994179218860576,15.721549098706644
2022-09-01,0.014107557279340321,1.0,0.014107557279340321,0.014107557279340321,0.2737500114839943,15.94334175313661
2022-09-02,-0.013331755343031881,1.0,-0.013331755343031881,-0.013331755343031881,0.2701004433057375,15.730789021533447
2022-09-06,0.026554062077831286,1.0,0.026554062077831286,0.026554062077831286,0.2772727072445278,16.148505369744512
2022-09-07,0.03284878480505138,1.0,0.03284878480505138,0.03284878480505138,0.2863807787371173,16.678964147558467
2022-09-08,0.000332147464070065,1.0,0.000332147464070065,0.000332147464070065,0.2864758993865333,16.684504023203395
2022-09-09,-0.004098760190848094,1.0,-0.004098760190848094,-0.004098760190848094,0.28530170337449035,16.616118242309046
2022-09-12,0.010122371059273272,1.0,0.010122371059273272,0.010122371059273272,0.28818963307988965,16.784312756722457
2022-09-13,-0.021473232821203503,1.0,-0.021473232821203503,-0.021473232821203503,0.28200126999210795,16.423899301153458
2022-09-14,0.00022499783215157443,1.0,0.00022499783215157443,0.00022499783215157443,0.2820647196665202,16.427594642891695
2022-09-15,-0.03229081054326477,1.0,-0.03229081054326477,-0.03229081054326477,0.2729566212428295,15.897134296596528
2022-09-16,-0.014184290101750596,1.0,-0.014184290101750596,-0.014184290101750596,0.2690849253419275,15.671644731947113
2022-09-19,0.02417739692471832,-1.0,-0.02417739692471832,-0.02617739692471832,0.2620409824447937,16.05054430709457
2022-09-20,-0.013242516301879337,1.0,-0.013242516301879337,-0.015242516301879337,0.25804681849811845,15.837994712453833
2022-09-21,-0.020072565305457313,1.0,-0.020072565305457313,-0.020072565305457313,0.2528671568819495,15.520085529280616
2022-09-22,-0.005121083151582884,-1.0,0.005121083151582884,0.0031210831515828836,0.2536563763048824,15.440605880765492
2022-09-23,-0.012209395402661305,-1.0,0.012209395402661305,0.012209395402661305,0.25675336729959497,15.25208541831057
2022-09-26,-0.016602237469317216,-1.0,0.016602237469317216,0.016602237469317216,0.2610160476745497,14.998866674293467
2022-09-27,-0.0008626252775244536,-1.0,0.0008626252775244536,0.0008626252775244536,0.26124120671511336,14.985928272766003
2022-09-28,0.01591022793638963,-1.0,-0.01591022793638963,-0.01591022793638963,0.25708479956989844,15.224357807424095
2022-09-29,-0.029136862120204166,-1.0,0.029136862120204166,0.029136862120204166,0.2645754439281669,14.780767793120525
2022-09-30,-0.019507157442077983,-1.0,0.019507157442077983,0.019507157442077983,0.2697365587681813,14.492437028665327
2022-10-03,0.03545470189257549,-1.0,-0.03545470189257549,-0.03545470189257549,0.2601731294875263,15.006262063213578
2022-10-04,0.02007633434594025,-1.0,-0.02007633434594025,-0.02007633434594025,0.2549498067521051,15.307532797677453
2022-10-05,-0.012678362803195453,-1.0,0.012678362803195453,0.012678362803195453,0.2581821528987129,15.113458343246684
2022-10-06,-0.034975976905948336,-1.0,0.034975976905948336,0.034975976905948336,0.2672123259160263,14.584850373264276
2022-10-07,-0.02762620058332832,-1.0,0.02762620058332832,0.02762620058332832,0.27459438723012014,14.181926371374646
2022-10-10,0.0001301728932701085,-1.0,-0.0001301728932701085,-0.0001301728932701085,0.27455864248425865,14.18377247376255
2022-10-11,-0.00925202018180249,-1.0,0.00925202018180249,0.00925202018180249,0.2770988645856113,14.052543924581204
2022-10-12,-0.043140827909937896,-1.0,0.043140827909937896,0.043140827909937896,0.28905313901673835,13.446305545434003
2022-10-13,0.004673375233980703,-1.0,-0.004673375233980703,-0.004673375233980703,0.28770228523555313,13.50914517675857
2022-10-14,-0.01805992256019273,-1.0,0.01805992256019273,0.01805992256019273,0.2928981662272977,13.265171061011909
2022-10-17,0.02619501296803306,-1.0,-0.02619501296803306,-0.02619501296803306,0.28522569496466055,13.612652388978292
2022-10-18,0.019144301536777597,-1.0,-0.019144301536777597,-0.019144301536777597,0.2797652482542201,13.873257111028229
2022-10-19,-0.018917977177229317,-1.0,0.018917977177229317,0.018917977177229317,0.28505784083567537,13.610803149627962
2022-10-20,-0.04073880901105542,-1.0,0.04073880901105542,0.04073880901105542,0.29667075777058377,13.056315239628198
2022-10-21,0.014297749795565418,-1.0,-0.014297749795565418,-0.014297749795565418,0.29242903350431915,13.24299116817643
2022-10-24,0.02274944766163145,-1.0,-0.02274944766163145,-0.02274944766163145,0.2857764345118712,13.544261902640306
2022-10-25,0.03520757655346585,-1.0,-0.03520757655346585,-0.03520757655346585,0.27571493881661796,14.021122540437705
2022-10-26,-0.003427561825597336,-1.0,0.003427561825597336,0.003427561825597336,0.27665996881565275,13.97306427606608
2022-10-27,-0.0017193384548673807,-1.0,0.0017193384548673807,0.0017193384548673807,0.27713564093895987,13.949039849323905
2022-10-28,0.04717090605533891,-1.0,-0.04717090605533891,-0.04717090605533891,0.26406290165564206,14.60702869761854
2022-10-31,-0.019359596617533503,-1.0,0.019359596617533503,0.019359596617533503,0.2691750529133507,14.32424251425191
2022-11-01,0.0027097561734086284,-1.0,-0.0027097561734086284,-0.0027097561734086284,0.2684456541519912,14.363057718834307
2022-11-02,-0.005533506972522417,-1.0,0.005533506972522417,0.005533506972522417,0.2699311000509846,14.283579638800395
2022-11-03,0.011645689827555428,-1.0,-0.011645689827555428,-0.011645689827555428,0.26678756618498,14.449921776901052
2022-11-04,0.007931022056113068,-1.0,-0.007931022056113068,-0.007931022056113068,0.2646716681132702,14.564524425222762
2022-11-07,-0.019163018603774562,-1.0,0.019163018603774562,0.019163018603774562,0.2697435762132168,14.28542417270709
2022-11-08,0.01267978120309321,-1.0,-0.01267978120309321,-0.01267978120309321,0.26632328668589333,14.466560225610396
2022-11-09,-0.0008942577118885575,-1.0,0.0008942577118885575,0.0008942577118885575,0.2665614483388677,14.453623392564143
2022-11-10,0.06393859866539975,-1.0,-0.06393859866539975,-0.06393859866539975,0.24951788287386115,15.377767817922136
2022-11-11,0.0013220809239593567,1.0,0.0013220809239593567,-0.0006779190760406433,0.24934872994124768,15.398098471407287
2022-11-14,-0.019805641179060918,1.0,-0.019805641179060918,-0.019805641179060918,0.24441021846757677,15.09312925824275
2022-11-15,0.01530734351148677,1.0,0.01530734351148677,0.01530734351148677,0.2481514896393775,15.324164972461942
2022-11-16,0.017006538133928606,1.0,0.017006538133928606,0.017006538133928606,0.25237168741092075,15.584775968436729
2022-11-17,-0.023363510131266252,1.0,-0.023363510131266252,-0.023363510131266252,0.24647539893525094,15.220660897204642
2022-11-18,0.010321951312005417,1.0,0.010321951312005417,0.010321951312005417,0.24901950600266773,15.377767817922132
2022-11-21,0.004807511361664796,1.0,0.004807511361664796,0.004807511361664796,0.25021667010705173,15.451696611423836
2022-11-22,0.006100468208752652,1.0,0.006100468208752652,0.006100468208752652,0.25174310894833973,15.545959195373118
2022-11-23,0.014757745897103325,1.0,0.014757745897103325,0.014757745897103325,0.2554582697815461,15.775382510905171
2022-11-25,0.004945940163121998,1.0,0.004945940163121998,0.004945940163121998,0.25672175109806034,15.853406608854469
2022-11-28,-0.01886551645022816,1.0,-0.01886551645022816,-0.01886551645022816,0.2518785626795885,15.554323905682969
2022-11-29,-0.014809808722687556,1.0,-0.014809808722687556,-0.014809808722687556,0.24814828934495836,15.323967343829077
2022-11-30,0.0267912597211446,1.0,0.0267912597211446,0.0267912597211446,0.2547964946141569,15.73451573289594
2022-12-01,0.0015347365732729656,1.0,0.0015347365732729656,0.0015347365732729656,0.25518754011318295,15.758664069653953
2022-12-02,0.004361762640606726,1.0,0.004361762640606726,0.004361762640606726,0.25630060759199697,15.827399621858842
2022-12-05,-0.0005870631265293413,1.0,-0.0005870631265293413,-0.0005870631265293413,0.25615014295597266,15.818107939152004
2022-12-06,0.0003525042776468812,1.0,0.0003525042776468812,0.0003525042776468812,0.2562404369770845,15.823683889864835
2022-12-07,0.001291267248904937,1.0,0.001291267248904937,0.001291267248904937,0.2565713118611981,15.844116494628842
2022-12-08,0.005510828717052441,1.0,0.005510828717052441,0.005510828717052441,0.2579852324145746,15.931430706803768
2022-12-09,-0.014575621670230299,1.0,-0.014575621670230299,-0.014575621670230299,0.25422493727039336,15.699220200155906
2022-12-12,0.024139225707265233,1.0,0.024139225707265233,0.024139225707265233,0.26036173041157873,16.078187219995527
2022-12-13,0.00693233698833251,1.0,0.00693233698833251,0.00693233698833251,0.26216664566565717,16.18964663196604
2022-12-14,-0.0011474673852450712,1.0,-0.0011474673852450712,-0.0011474673852450712,0.2618658179902567,16.171069540477216
2022-12-15,-0.014244785993584141,1.0,-0.014244785993584141,-0.014244785993584141,0.25813559545395065,15.94071611558575
2022-12-16,-0.01946167498790241,1.0,-0.01946167498790241,-0.01946167498790241,0.2531118443924172,15.630483079469803
2022-12-19,-0.007368523090280132,1.0,-0.007368523090280132,-0.007368523090280132,0.25124678392258826,15.515309503986497
2022-12-20,0.0,1.0,0.0,0.0,0.25124678392258826,15.515309503986497
2022-12-21,0.013529712901382718,1.0,0.013529712901382718,0.013529712901382718,0.2546460807764566,15.725227187151528
2022-12-22,-0.015475524216750691,1.0,-0.015475524216750691,-0.015475524216750691,0.2507052991866999,15.481871053002859
2022-12-23,0.009959259875754523,1.0,0.009959259875754523,0.009959259875754523,0.25320213841352907,15.636059030182636
2022-12-27,-0.0020196777643950448,1.0,-0.0020196777643950448,-0.0020196777643950448,0.25269075168467797,15.604479229436608
2022-12-28,-0.009999916572710488,1.0,-0.009999916572710488,-0.009999916572710488,0.2501638652491357,15.448435738981647
2022-12-29,0.01106292266980291,1.0,0.01106292266980291,0.01106292266980291,0.2529314087451659,15.61934058893142
2022-12-30,-0.0057089302165097555,1.0,-0.0057089302165097555,-0.0057089302165097555,0.25148744098307624,15.530170863481313
2023-01-03,0.0027511241584150525,1.0,0.0027511241584150525,0.0027511241584150525,0.2521793141575028,15.57289629172815
2023-01-04,0.007873177483296523,1.0,0.007873177483296523,0.007873177483296523,0.25416476665548077,15.695504468161895
2023-01-05,-0.022014392788436088,1.0,-0.022014392788436088,-0.022014392788436088,0.2485694836493458,15.349977467787125
2023-01-06,0.01234401635800575,1.0,0.01234401635800575,0.01234401635800575,0.2516378294216144,15.53945784074451
2023-01-09,0.005021030897533585,1.0,0.005021030897533585,0.005021030897533585,0.2529013107381286,15.617481938693809
2023-01-10,0.005590498332190608,1.0,0.005590498332190608,0.005590498332190608,0.2543151550940189,15.704791445425093
2023-01-11,0.005441268911660302,1.0,0.005441268911660302,0.005441268911660302,0.2556989522411961,15.790245438881193
2023-01-12,0.0008235640027733915,1.0,0.0008235640027733915,0.0008235640027733915,0.25590953669380884,15.803249716619613
2023-01-13,-0.00458448211708562,1.0,-0.00458448211708562,-0.00458448211708562,0.2547363239992444,15.730800000901931
2023-01-17,0.012517598401486918,1.0,0.012517598401486918,0.012517598401486918,0.25792501100133797,15.927711837847331
2023-01-18,-0.02262620381978564,1.0,-0.02262620381978564,-0.02262620381978564,0.25208914713220126,15.567328183421385
2023-01-19,-0.014439355101516838,1.0,-0.014439355101516838,-0.014439355101516838,0.24844914241952087,15.342546003799113
2023-01-20,-0.009323042777979684,-1.0,0.009323042777979684,0.007323042777979684,0.2502685461176114,15.199506791082571
2023-01-23,0.010388429433959123,-1.0,-0.010388429433959123,-0.010388429433959123,0.24766864898672905,15.357405794812715
2023-01-24,0.014878474770200656,-1.0,-0.014878474770200656,-0.014878474770200656,0.24398371724141033,15.585900569466569
2023-01-25,-0.08712744308156095,-1.0,0.08712744308156095,0.08712744308156095,0.26524139467818897,14.227940904725502
2023-01-26,-0.002480609421641633,-1.0,0.002480609421641633,0.002480609421641633,0.26589935498083705,14.192646940466679
2023-01-27,-0.010733196178526416,-1.0,0.010733196178526416,0.010733196178526416,0.26875330492159,14.040314476562086
2023-01-30,-0.007012316881964908,-1.0,0.007012316881964908,0.007012316881964908,0.27063788825877555,13.941859342329993
2023-01-31,-0.005596278627714724,-1.0,0.005596278627714724,0.005596278627714724,0.27215245328868803,13.863836812861907
2023-02-01,-0.00522591871044531,-1.0,0.00522591871044531,0.00522591871044531,0.27357469988642297,13.791385528663012
2023-02-02,0.018319134640186308,-1.0,-0.018319134640186308,-0.018319134640186308,0.26856304812505505,14.044031777037306
2023-02-03,-0.012301783411818645,-1.0,0.012301783411818645,0.012301783411818645,0.2718668525755073,13.871265139887495
2023-02-06,0.011249405795456191,-1.0,-0.011249405795456191,-0.011249405795456191,0.26880851202855194,14.027308630342455
2023-02-07,0.007548715829369668,-1.0,-0.007548715829369668,-0.007548715829369668,0.2667793529587327,14.133196797043775
2023-02-08,-0.013801288305205994,-1.0,0.013801288305205994,0.013801288305205994,0.27046125172279245,13.93814047337356
2023-02-09,-0.023457211491771712,-1.0,0.023457211491771712,0.023457211491771712,0.2768055185047833,13.611190564487613
2023-02-10,0.02006258856505516,-1.0,-0.02006258856505516,-0.02006258856505516,0.2712520832744851,13.88426628066349
2023-02-13,0.011774567345737674,-1.0,-0.011774567345737674,-0.011774567345737674,0.268058207352298,14.047747509031316
2023-02-14,0.005421785889980546,-1.0,-0.005421785889980546,-0.005421785889980546,0.26660485314598187,14.123911388261792
2023-02-15,0.011968906030794813,-1.0,-0.011968906030794813,-0.011968906030794813,0.26341388471132376,14.29295915645517
2023-02-16,-0.016246386463769857,-1.0,0.016246386463769857,0.016246386463769857,0.26769340848226686,14.060750218288522
2023-02-17,0.005020433787967793,-1.0,-0.005020433787967793,-0.005020433787967793,0.2663494714495062,14.131341283768593
2023-02-21,-0.031681090218512065,-1.0,0.031681090218512065,0.031681090218512065,0.274787713084151,13.683644985648936
2023-02-22,0.00027131623448828357,-1.0,-0.00027131623448828357,-0.00027131623448828357,0.2747131587165534,13.687357580680517
2023-02-23,-0.01099352042925783,-1.0,0.01099352042925783,0.01099352042925783,0.2777332234390898,13.536885335494748
2023-02-24,0.0006862815186345905,-1.0,-0.0006862815186345905,-0.0006862815186345905,0.27754262026073273,13.546175449720375
2023-02-27,-0.008170910133419862,-1.0,0.008170910133419862,0.008170910133419862,0.2798103960690771,13.435490867469172
2023-02-28,-0.01155041767823295,-1.0,0.01155041767823295,0.01155041767823295,0.28304232301438675,13.280305336237818
2023-03-01,-0.016331198925142676,-1.0,0.016331198925142676,0.016331198925142676,0.2876647434957692,13.063422028005085
2023-03-02,0.03349090879401695,-1.0,-0.03349090879401695,-0.03349090879401695,0.27803058980809814,13.500927903682756
2023-03-03,0.022434710357445153,-1.0,-0.022434710357445153,-0.022434710357445153,0.2717930540552438,13.803817310758628
2023-03-06,0.007720247606057384,-1.0,-0.007720247606057384,-0.007720247606057384,0.26969474438033075,13.910386198306465
2023-03-07,-0.008736457143991183,-1.0,0.008736457143991183,0.008736457143991183,0.2720509209565692,13.788858705428595
2023-03-08,0.0067796074195416445,-1.0,-0.0067796074195416445,-0.0067796074195416445,0.2702065225143589,13.88234175421493
2023-03-09,-0.006599390022481555,-1.0,0.006599390022481555,0.006599390022481555,0.27198972074304956,13.790726766553485
2023-03-10,-0.01016820420526432,-1.0,0.01016820420526432,0.01016820420526432,0.27475536776529774,13.650499840652165
2023-03-13,0.003835227027905841,-1.0,-0.003835227027905841,-0.003835227027905841,0.2737016185527821,13.702852606585457
2023-03-14,0.017192126306733613,-1.0,-0.017192126306733613,-0.017192126306733613,0.2689961057562652,13.938433779360428
2023-03-15,0.013011192157162732,-1.0,-0.013011192157162732,-0.013011192157162732,0.26549614573474195,14.119789419633575
2023-03-16,0.009401474416545819,-1.0,-0.009401474416545819,-0.009401474416545819,0.2630000905129253,14.252536258629274
2023-03-17,-0.0073464490787170655,-1.0,0.0073464490787170655,0.0073464490787170655,0.2649322072855764,14.147830726762685
2023-03-20,0.003965041119909918,-1.0,-0.003965041119909918,-0.003965041119909918,0.2638817401897006,14.203927457351824
2023-03-21,-0.008029507562406057,-1.0,0.008029507562406057,0.008029507562406057,0.26600058061813464,14.08987691441715
2023-03-22,-0.016321809292836997,-1.0,0.016321809292836997,0.016321809292836997,0.27034219136676774,13.859904630460488
2023-03-23,-0.0043168611872126395,-1.0,0.0043168611872126395,0.0043168611872126395,0.27150922107994496,13.800073346102783
2023-03-24,0.025470976602817386,-1.0,-0.025470976602817386,-0.025470976602817386,0.26459361606236853,14.151574691418531
2023-03-27,-0.0033028649582652614,1.0,-0.0033028649582652614,-0.005302864958265261,0.2631905118475707,14.104833951265972
2023-03-28,-0.002651159221899624,-1.0,0.002651159221899624,0.0006511592218996238,0.2633618907764767,14.06743979066271
2023-03-29,0.011563047974267215,-1.0,-0.011563047974267215,-0.011563047974267215,0.2603166245988346,14.230102271837259
2023-03-30,0.006306615923045156,1.0,0.006306615923045156,0.004306615923045156,0.2614377083193653,14.319846061411388
2023-03-31,0.006397763444421667,1.0,0.006397763444421667,0.006397763444421667,0.2631103249326443,14.411461049072832
2023-04-03,-0.005319344029921957,1.0,-0.005319344029921957,-0.005319344029921957,0.261710750596503,14.334801529778995
2023-04-04,0.006391088671239942,1.0,0.006391088671239942,0.006391088671239942,0.263383367209782,14.426416517440439
2023-04-05,0.015163359353612238,1.0,0.015163359353612238,0.015163359353612238,0.26737714385454836,14.645169455279275
2023-04-06,0.008170680482707526,1.0,0.008170680482707526,0.008170680482707526,0.2695617970653628,14.76483045551347
2023-04-10,-0.006838295431742081,1.0,-0.006838295431742081,-0.006838295431742081,0.26771845385991855,14.663864182859086
2023-04-11,-0.0011477058984916688,1.0,-0.0011477058984916688,-0.0011477058984916688,0.2674111918112885,14.647034379441738
2023-04-12,0.0031913543659456423,1.0,0.0031913543659456423,0.0031913543659456423,0.26826459568577815,14.693778256556726
2023-04-13,0.003308548308915027,1.0,0.003308548308915027,0.003308548308915027,0.2691521620601761,14.742393331759029
2023-04-14,-0.010526481537908916,1.0,-0.010526481537908916,-0.010526481537908916,0.2663189367953614,14.587207800527676
2023-04-17,0.006665009356775942,1.0,0.006665009356775942,0.006665009356775942,0.2680939550009891,14.684431677007428
2023-04-18,-0.0030555858784443446,1.0,-0.0030555858784443446,-0.0030555858784443446,0.2672747708979918,14.639562134942183
2023-04-19,0.008173595778945053,1.0,0.008173595778945053,0.008173595778945053,0.2694593668372221,14.75921999821395
2023-04-20,-0.002406938239382428,1.0,-0.002406938239382428,-0.002406938239382428,0.26881079478322184,14.72369546721679
2023-04-21,0.0030474375244413654,1.0,0.0030474375244413654,0.0030474375244413654,0.26962997888621915,14.768565009282035
2023-04-24,0.0006330822599114327,1.0,0.0006330822599114327,0.0006330822599114327,0.2698006768425923,14.77791472579376
2023-04-25,-0.01543516264781275,1.0,-0.01543516264781275,-0.01543516264781275,0.26563625951303693,14.549815208405626
2023-04-26,-0.04818812785860682,1.0,-0.04818812785860682,-0.04818812785860682,0.25283574547574067,13.848686852823873
2023-04-27,0.02403129739513421,-1.0,-0.02403129739513421,-0.026031297395134212,0.2462541029931412,14.181488765116168
2023-04-28,0.01028331229341184,1.0,0.01028331229341184,0.00828331229341184,0.2482939026317674,14.327321442873368
2023-05-01,0.0022186170941238537,1.0,0.0022186170941238537,0.0022186170941238537,0.24884477172851296,14.359108283139534
2023-05-02,-0.011197750684478147,1.0,-0.011197750684478147,-0.011197750684478147,0.2460582700155612,14.198318568533512
2023-05-03,-0.007242491166858489,1.0,-0.007242491166858489,-0.007242491166858489,0.244276195168441,14.095487371716665
2023-05-04,0.0015913497162642898,-1.0,-0.0015913497162642898,-0.00359134971626429,0.2433989139242327,14.117918221546253
2023-05-05,0.0,-1.0,-0.0,-0.0,0.2433989139242327,14.117918221546253
2023-05-08,0.007283847638465568,-1.0,-0.007283847638465568,-0.007283847638465568,0.24162603331984062,14.220750986844312
2023-05-09,-0.006310763029122146,1.0,-0.006310763029122146,-0.008310763029122146,0.23961793661525266,14.131007197270183
2023-05-10,0.017332757487576567,-1.0,-0.017332757487576567,-0.01933275748757657,0.23498546115699648,14.375936518075665
2023-05-11,-0.010274491970663102,1.0,-0.010274491970663102,-0.012274491970663102,0.23210113400080234,14.228231073749935
2023-05-12,0.024441695127171315,-1.0,-0.024441695127171315,-0.026441695127171316,0.22596398657688238,14.575993159853477
2023-05-15,-0.005387675235568157,1.0,-0.005387675235568157,-0.007387675235568157,0.2242946380291181,14.497462442472322
2023-05-16,-0.021924064864696446,1.0,-0.021924064864696446,-0.021924064864696446,0.21937718783616408,14.179619135510059
2023-05-17,-0.006592775722178867,-1.0,0.006592775722178867,0.004592775722178867,0.2203847380584579,14.086136086723725
2023-05-18,-0.0031857031078365017,-1.0,0.0031857031078365017,0.0031857031078365017,0.2210868184034105,14.041261839214842
2023-05-19,-0.008255345454309837,-1.0,0.008255345454309837,0.008255345454309837,0.2229119664647249,13.925346372117705
2023-05-22,0.0013424964148283092,-1.0,-0.0013424964148283092,-0.0013424964148283092,0.22261270794892365,13.944041099697515
2023-05-23,-0.005631510361742809,-1.0,0.005631510361742809,0.005631510361742809,0.22386635372039365,13.86551508776
2023-05-24,0.0010786089281895617,-1.0,-0.0010786089281895617,-0.0010786089281895617,0.2236248894725496,13.880470556127605
2023-05-25,-0.011449411698235767,-1.0,0.011449411698235767,0.011449411698235767,0.2261852628980933,13.72154733416526
2023-05-26,0.013685855838081462,-1.0,-0.013685855838081462,-0.013685855838081462,0.22308972399737143,13.909338452856057
2023-05-30,-0.016639434011837984,-1.0,0.016639434011837984,0.016639434011837984,0.22680181073854486,13.677894933521438
2023-05-31,0.010592891140857041,-1.0,-0.010592891140857041,-0.010592891140857041,0.2243993238468422,13.82278338558831
2023-06-01,-0.006806314327970742,-1.0,0.006806314327970742,0.006806314327970742,0.22592665617992794,13.728701176978545
2023-06-02,0.012198294432347545,-1.0,-0.012198294432347545,-0.012198294432347545,0.22317073630772943,13.896167916109045
2023-06-05,-0.0035208004665655546,-1.0,0.0035208004665655546,0.0035208004665655546,0.22395647594024545,13.847242281626535
2023-06-06,-0.0028536185328325026,-1.0,0.0028536185328325026,0.0028536185328325026,0.2245955622905364,13.807727534423064
2023-06-07,0.01076591398605542,-1.0,-0.01076591398605542,-0.01076591398605542,0.22217758578526672,13.956380341401552
2023-06-08,0.009842075013974938,-1.0,-0.009842075013974938,-0.009842075013974938,0.21999089731954427,14.09374008364519
2023-06-09,-0.011081178023007232,-1.0,0.011081178023007232,0.011081178023007232,0.22242865561618327,13.937564840768326
2023-06-12,-0.0012149413022198852,-1.0,0.0012149413022198852,0.0012149413022198852,0.2226988933766886,13.920631517590909
2023-06-13,0.005001222503529412,-1.0,-0.005001222503529412,-0.005001222503529412,0.22158512665962202,13.990251693200026
2023-06-14,-0.012777454457966075,-1.0,0.012777454457966075,0.012777454457966075,0.224416420524078,13.81149188933468
2023-06-15,0.01307899351404851,-1.0,-0.01307899351404851,-0.01307899351404851,0.2214812796155976,13.992132302174623
2023-06-16,0.01654108772112317,-1.0,-0.01654108772112317,-0.01654108772112317,0.21781773834088938,14.223577389990455
2023-06-20,-0.010980246077136657,1.0,-0.010980246077136657,-0.012980246077136657,0.21499041049725928,14.067399010151162
2023-06-21,0.01364362669132091,-1.0,-0.01364362669132091,-0.01564362669132091,0.21162718077322631,14.25932935076352
2023-06-22,-0.008577333830519063,1.0,-0.008577333830519063,-0.010577333830519063,0.2093887294345763,14.137022322722704
2023-06-23,-0.012777937050492238,-1.0,0.012777937050492238,0.010777937050492238,0.21164550797950474,13.95638034140155
2023-06-26,0.001617887660875672,-1.0,-0.001617887660875672,-0.001617887660875672,0.21130308932366493,13.97896019694639
2023-06-27,-0.005114885769496036,-1.0,0.005114885769496036,0.005114885769496036,0.2123838804882971,13.907459412362678
2023-06-28,-0.006359317510470475,-1.0,0.006359317510470475,0.006359317510470475,0.213734497018428,13.819017462195482
2023-06-29,-0.008578227319959386,-1.0,0.008578227319959386,0.008578227319959386,0.21556796011996923,13.70047478906628
2023-06-30,0.01909038798186624,-1.0,-0.01909038798186624,-0.01909038798186624,0.21145268412481955,13.962022168325333
2023-07-03,0.0024260755262610623,-1.0,-0.0024260755262610623,-0.0024260755262610623,0.2109396839429021,13.995895088605021
2023-07-05,0.007663493483010431,-1.0,-0.007663493483010431,-0.007663493483010431,0.2093231490496974,14.103152539405443
2023-07-06,-0.02575048395179591,1.0,-0.02575048395179591,-0.027750483951795912,0.20351433036125438,13.739989536269754
2023-07-07,-0.013283813124567612,-1.0,0.013283813124567612,0.011283813124567612,0.2058107480332223,13.557470082936431
2023-07-10,-0.004719047749613514,-1.0,0.004719047749613514,0.004719047749613514,0.20678197878057475,13.493491734251098
2023-07-11,0.006693438249855799,-1.0,-0.006693438249855799,-0.006693438249855799,0.205397896374424,13.583809587949247
2023-07-12,0.017730991078329872,-1.0,-0.017730991078329872,-0.017730991078329872,0.20175598810630135,13.824663994562908
2023-07-13,0.0032667180619114777,-1.0,-0.0032667180619114777,-0.0032667180619114777,0.2010969081758557,13.869825274133804
2023-07-14,-0.006919271844627262,-1.0,0.006919271844627262,0.006919271844627262,0.20248835235063847,13.773856182624591
2023-07-17,-0.007376971895493023,-1.0,0.007376971895493023,0.007376971895493023,0.20398210323509383,13.672246832672807
2023-07-18,-0.008394871094785206,-1.0,0.008394871094785206,0.008394871094785206,0.2056945066973956,13.557470082936433
2023-07-19,0.0006938006706160849,-1.0,-0.0006938006706160849,-0.0006938006706160849,0.20555179571070692,13.566876264771832
2023-07-20,0.027739144408643446,-1.0,-0.027739144408643446,-0.027739144408643446,0.19984996476603165,13.943209804654535
2023-07-21,0.024291463363190324,1.0,0.024291463363190324,0.022291463363190323,0.20430491293374853,14.281910774789576
2023-07-24,-0.005270072692892147,1.0,-0.005270072692892147,-0.005270072692892147,0.20322821119107268,14.206644066813036
2023-07-25,-0.0007945831005632398,1.0,-0.0007945831005632398,-0.0007945831005632398,0.20306672948890256,14.195355707521829
2023-07-26,-0.014183598638864203,1.0,-0.014183598638864203,-0.014183598638864203,0.20018651250092515,13.99401447963043
2023-07-27,-0.014790939626201038,1.0,-0.014790939626201038,-0.014790939626201038,0.1972255658805442,13.787029856334033
2023-07-28,-0.00573204865364263,-1.0,0.00573204865364263,0.0037320486536426296,0.19796162128815262,13.708001930408303
2023-07-31,0.006177238352129244,-1.0,-0.006177238352129244,-0.006177238352129244,0.19673876516888175,13.792679525663882
2023-08-01,-0.01541657374927119,-1.0,0.01541657374927119,0.01541657374927119,0.19977180285144838,13.580043664556422
2023-08-02,-0.0036021822377581003,-1.0,0.0036021822377581003,0.0036021822377581003,0.20049141729128478,13.531125872479977
2023-08-03,-0.025170348040552737,-1.0,0.025170348040552737,0.025170348040552737,0.2055378560436501,13.190542724889129
2023-08-04,-0.013266973889251243,-1.0,0.013266973889251243,0.013266973889251243,0.2082647214130339,13.015544138972972
2023-08-07,-0.007662099040235626,-1.0,0.007662099040235626,0.007662099040235626,0.20986046633508765,12.915817750717602
2023-08-08,0.0010195393183265455,-1.0,-0.0010195393183265455,-0.0010195393183265455,0.20964650533829668,12.9289859347428
2023-08-09,0.0030564126130339098,-1.0,-0.0030564126130339098,-0.0030564126130339098,0.20900573911510223,12.968502250427486
2023-08-10,-0.009140814478040049,-1.0,0.009140814478040049,0.009140814478040049,0.210916221801199,12.849959577298284
2023-08-11,0.00922513976920425,-1.0,-0.00922513976920425,-0.00922513976920425,0.20897049017549046,12.968502250427486
2023-08-14,-0.005223391670560074,-1.0,0.005223391670560074,0.005223391670560074,0.21006202489326595,12.900762683792964
2023-08-15,-0.01764886894266182,-1.0,0.01764886894266182,0.01764886894266182,0.21376938204043733,12.67307881392632
2023-08-16,0.0031179450189675606,-1.0,-0.0031179450189675606,-0.0031179450189675606,0.21310286086049657,12.712592776889185
2023-08-17,-0.0007399722653830265,-1.0,0.0007399722653830265,0.0007399722653830265,0.21326055106720715,12.703185810813178
2023-08-18,0.004740070299724453,-1.0,-0.004740070299724453,-0.004740070299724453,0.2122496810629906,12.763399804586895
2023-08-21,-0.011057059074945808,-1.0,0.011057059074945808,0.011057059074945808,0.21459653832514253,12.622274138950425
2023-08-22,0.006559282754164286,-1.0,-0.006559282754164286,-0.006559282754164286,0.21318893895220306,12.705067204028376
2023-08-23,0.005480087585107762,-1.0,-0.005480087585107762,-0.005480087585107762,0.2120206448945688,12.774692085081131
2023-08-24,-0.009868962053565244,-1.0,0.009868962053565244,0.009868962053565244,0.2141130685936057,12.648619133647486
2023-08-25,0.011008530059194,-1.0,-0.011008530059194,-0.011008530059194,0.21175599844192675,12.78786183758754
2023-08-28,0.0008828014937283246,-1.0,-0.0008828014937283246,-0.0008828014937283246,0.21156905993019628,12.799150981119354
2023-08-29,-0.0006216131808709502,-1.0,0.0006216131808709502,0.0006216131808709502,0.21170057404651338,12.791194860165533
2023-08-30,-0.006221408393987216,-1.0,0.006221408393987216,0.006221408393987216,0.21301764977489823,12.711615613093372
2023-08-31,-0.004322522902807102,-1.0,0.004322522902807102,0.004322522902807102,0.21393842344475233,12.656669363474096
2023-09-01,0.0010479740758242428,-1.0,-0.0010479740758242428,-0.0010479740758242428,0.21371422152315953,12.669933224853295
2023-09-05,-0.010019453849982485,-1.0,0.010019453849982485,0.010019453849982485,0.21585552130279576,12.542987413624518
2023-09-06,-0.00770386024584524,-1.0,0.00770386024584524,0.00770386024584524,0.21751844207220655,12.44635799152456
2023-09-07,0.00852470097827518,-1.0,-0.00852470097827518,-0.00852470097827518,0.21566416239628072,12.552459471670872
2023-09-08,0.008754721234286444,-1.0,-0.008754721234286444,-0.008754721234286444,0.2137760827742754,12.662352755150028
2023-09-11,0.010474169926244947,-1.0,-0.010474169926244947,-0.010474169926244947,0.21153695575713063,12.794980389573526
2023-09-12,0.002961976193740723,-1.0,-0.002961976193740723,-0.002961976193740723,0.21091038833008163,12.832878816886822
2023-09-13,0.010335231344302365,-1.0,-0.010335231344302365,-0.010335231344302365,0.2087305806737736,12.965509588272745
2023-09-14,0.012421181321762065,-1.0,-0.012421181321762065,-0.012421181321762065,0.20613790028382797,13.126556533797725
2023-09-15,-0.009237587466065067,-1.0,0.009237587466065067,0.009237587466065067,0.20804211716777082,13.005298819688521
2023-09-18,-0.005827789905773928,-1.0,0.005827789905773928,0.005827789905773928,0.209254542918177,12.929506670505567
2023-09-19,-0.009524974679525733,-1.0,0.009524974679525733,0.009524974679525733,0.21124768714104838,12.806353446850244
2023-09-20,-0.0035510923920288873,-1.0,0.0035510923920288873,0.0035510923920288873,0.21199784719568868,12.7608769025555
2023-09-21,-0.006532840737885293,-1.0,0.006532840737885293,0.006532840737885293,0.21338279536819266,12.677512126075346
2023-09-22,0.01180686945244247,-1.0,-0.01180686945244247,-0.01180686945244247,0.21086341255988317,12.827193856729673
2023-09-25,-0.0033974278984290063,-1.0,0.0033974278984290063,0.0033974278984290063,0.21157980580047206,12.783614390462263
2023-09-26,-0.03156951989825174,-1.0,0.03156951989825174,0.03156951989825174,0.2182592786897583,12.380041821590988
2023-09-27,-0.08233858745314293,-1.0,0.08233858745314293,0.08233858745314293,0.2362304393956149,11.36068666539035
2023-09-28,-0.04803204091942237,-1.0,0.04803204091942237,0.04803204091942237,0.2475770695270782,10.815009698605586
2023-09-29,0.003679219992019034,-1.0,-0.003679219992019034,-0.003679219992019034,0.24666617902330867,10.854800498502575
2023-10-02,-0.0897189910586258,-1.0,0.0897189910586258,0.0897189910586258,0.2687968197335663,9.880918749634256
2023-10-03,0.012080388934473163,-1.0,-0.012080388934473163,-0.012080388934473163,0.26554964960683536,10.000284091159767
2023-10-04,-0.04092459027141093,-1.0,0.04092459027141093,0.04092459027141093,0.2764171602137118,9.591026562131344
2023-10-05,-0.02311348791168122,-1.0,0.02311348791168122,0.02311348791168122,0.2828061249048927,9.369344485626907
2023-10-06,0.015975772384562825,-1.0,-0.015975772384562825,-0.015975772384562825,0.2782880786244519,9.519027000521842
2023-10-09,-0.01831199505746095,-1.0,0.01831199505746095,0.01831199505746095,0.28338408854477315,9.344714625136449
2023-10-10,0.045823205872089545,-1.0,-0.045823205872089545,-0.045823205872089545,0.27039852111451157,9.772919407220003
2023-10-11,0.03799919015435704,-1.0,-0.03799919015435704,-0.03799919015435704,0.2601235962932243,10.144282430138162
2023-10-12,-0.01008591617610477,-1.0,0.01008591617610477,0.01008591617610477,0.2627471810808647,10.041968047881056
2023-10-13,0.02811318622540493,-1.0,-0.02811318622540493,-0.02811318622540493,0.25536052064893816,10.324279765680702
2023-10-16,-0.002018658404561835,-1.0,0.002018658404561835,0.002018658404561835,0.2558760063101394,10.303438571560664
2023-10-17,-0.0038617429646838897,-1.0,0.0038617429646838897,0.0038617429646838897,0.256864133677339,10.263649340144887
2023-10-18,-0.017168074907011555,-1.0,0.017168074907011555,0.017168074907011555,0.2612739963652362,10.08744223945398
2023-10-19,-0.0159654809321349,-1.0,0.0159654809321349,0.0159654809321349,0.2654453613722681,9.926391372725965
2023-10-20,-0.008207734823042045,-1.0,0.008207734823042045,0.008207734823042045,0.26762406650841825,9.844918184588897
2023-10-23,-0.008468036771750453,-1.0,0.008468036771750453,0.008468036771750453,0.2698903169446169,9.761551055386924
2023-10-24,0.06987582205644371,-1.0,-0.06987582205644371,-0.06987582205644371,0.2510315091830377,10.443647459928032
2023-10-25,0.024310552342093006,-1.0,-0.024310552342093006,-0.024310552342093006,0.24492879453952884,10.697538298144979
2023-10-26,0.019659864758475587,-1.0,-0.019659864758475587,-0.019659864758475587,0.24011352756342524,10.907850454335122
2023-10-27,-0.02310219870778263,-1.0,0.02310219870778263,0.02310219870778263,0.24566067798962213,10.655855125664296
2023-10-30,0.017069755823779564,-1.0,-0.017069755823779564,-0.017069755823779564,0.24146731020083514,10.837747970752956
2023-10-31,0.019230695477240545,-1.0,-0.019230695477240545,-0.019230695477240545,0.2368237258906545,11.046165401637587
2023-11-01,0.002229791410457649,-1.0,-0.002229791410457649,-0.002229791410457649,0.23629565838087094,11.070796046368653
2023-11-02,0.025329433522182088,-1.0,-0.025329433522182088,-0.025329433522182088,0.23031042321033243,11.351213038862783
2023-11-03,-0.00884653229282062,-1.0,0.00884653229282062,0.00884653229282062,0.23234787180663583,11.250794166151797
2023-11-06,-0.005725946424463779,-1.0,0.005725946424463779,0.005725946424463779,0.23367828327243878,11.186372721523743
2023-11-07,-0.009823712988438316,-1.0,0.009823712988438316,0.009823712988438316,0.23597387165893824,11.076481006525798
2023-11-08,-0.016421608019920986,-1.0,0.016421608019920986,0.016421608019920986,0.23984894208226443,10.894587377196531
2023-11-09,-0.04834769110677062,-1.0,0.04834769110677062,0.04834769110677062,0.25144508464634346,10.367859231948112
2023-11-10,0.007675344791056471,-1.0,-0.007675344791056471,-0.007675344791056471,0.2495151569256664,10.44743612629845
2023-11-13,-0.011606756873716706,-1.0,0.011606756873716706,0.011606756873716706,0.2524112186884098,10.32617527522682
2023-11-14,0.05596334379146928,-1.0,-0.05596334379146928,-0.05596334379146928,0.2382854428801266,10.904062572205309
2023-11-15,-0.009556906599953896,-1.0,0.009556906599953896,0.009556906599953896,0.24056271460186063,10.79985346464269
2023-11-16,-0.0070175963468995795,-1.0,0.0070175963468995795,0.0070175963468995795,0.24225088662905092,10.724064452422162
2023-11-17,0.013604196495699883,-1.0,-0.013604196495699883,-0.013604196495699883,0.2389552579660918,10.869956732465463
2023-11-20,-0.0005230696439454396,-1.0,0.0005230696439454396,0.0005230696439454396,0.23908024820779503,10.864270988067709
2023-11-21,0.011161651244398607,-1.0,-0.011161651244398607,-0.011161651244398607,0.23641171785787538,10.98553419186116
2023-11-22,-0.0007302327792778618,1.0,-0.0007302327792778618,-0.002730232779277862,0.23576625883637442,10.977512194696384
2023-11-24,0.0013919496246257435,1.0,0.0013919496246257435,0.0013919496246257435,0.23609443359186114,10.992792338675116
2023-11-27,0.0005212912184437979,1.0,0.0005212912184437979,0.0005212912184437979,0.23621750754681603,10.998522784787443
2023-11-28,0.010072855755074217,1.0,0.010072855755074217,0.010072855755074217,0.23859689242715826,11.109309318317505
2023-11-29,0.0034390135602289096,1.0,0.0034390135602289096,0.0034390135602289096,0.23941743037564372,11.147514383707977
2023-11-30,0.0025701390547026026,1.0,0.0025701390547026026,0.0025701390547026026,0.2400327664638287,11.176165045788403
2023-12-01,0.011280028635306083,1.0,0.011280028635306083,0.011280028635306083,0.24274034294295244,11.302232507537804
2023-12-04,-0.008450292783150348,1.0,-0.008450292783150348,-0.008450292783150348,0.24068911597480216,11.20672533374587
2023-12-05,-0.0074994189955189805,1.0,-0.0074994189955189805,-0.0074994189955189805,0.23888408744644607,11.122681404900414
2023-12-06,0.03383133062924859,1.0,0.03383133062924859,0.03383133062924859,0.24696585399091311,11.498976516993395
2023-12-07,-0.005813922560054641,1.0,-0.005813922560054641,-0.005813922560054641,0.24553001364083218,11.432122358003708
2023-12-08,-0.002506222853797202,1.0,-0.002506222853797202,-0.002506222853797202,0.2449146607093524,11.403470911682673
2023-12-11,0.0001674600559626871,1.0,0.0001674600559626871,0.0001674600559626871,0.24495567413214087,11.405380537559711
2023-12-12,-0.0031820334649502735,1.0,-0.0031820334649502735,-0.0031820334649502735,0.24417621697962294,11.369088235008704
2023-12-13,0.050235156538907866,1.0,0.050235156538907866,0.050235156538907866,0.25644244746267264,11.940216162199022
2023-12-14,0.004319419225829346,1.0,0.004319419225829346,0.004319419225829346,0.25755012990056164,11.991790961450583
2023-12-15,-0.020388780062780887,1.0,-0.020388780062780887,-0.020388780062780887,0.25229899694687846,11.747292972978723
2023-12-18,-0.008129942897465492,1.0,-0.008129942897465492,-0.008129942897465492,0.2502478205086125,11.651788151908608
2023-12-19,0.009344088456841204,1.0,0.009344088456841204,0.009344088456841204,0.2525861582795767,11.760663491080416
2023-12-20,-0.028098035748151284,1.0,-0.028098035748151284,-0.028098035748151284,0.24548898337474895,11.430211947886061
2023-12-21,-0.0040107365556859564,1.0,-0.0040107365556859564,-0.0040107365556859564,0.24450439173510966,11.384368378987435
2023-12-22,0.0025168045874661704,1.0,0.0025168045874661704,0.0025168045874661704,0.2451197615098842,11.413020609549076
2023-12-26,0.007698778488881786,1.0,0.007698778488881786,0.007698778488881786,0.24700688425699635,11.500886927111036
2023-12-27,0.00614517642620882,1.0,0.00614517642620882,0.00614517642620882,0.24852478513924373,11.571561906336012
2023-12-28,0.007263242982078699,1.0,0.007263242982078699,0.007263242982078699,0.25032988104077897,11.655608972143895
2023-12-29,-0.004588728504570039,1.0,-0.004588728504570039,-0.004588728504570039,0.24918118518010152,11.602124547015297
2024-01-02,0.013664647661957963,1.0,0.013664647661957963,0.013664647661957963,0.2525861582795767,11.760663491080415
2024-01-03,0.0068216414723580865,1.0,0.0068216414723580865,0.0068216414723580865,0.25430921049224026,11.840890520893616
2024-01-04,-0.003064997728588814,1.0,-0.003064997728588814,-0.003064997728588814,0.25352975333972233,11.804598218342608
2024-01-05,0.004530679965395246,1.0,0.004530679965395246,0.004530679965395246,0.2546784155138102,11.858081074989993
2024-01-08,0.01353093486621404,1.0,0.01353093486621404,0.01353093486621404,0.2581244525659582,12.018531997653968
2024-01-09,-0.01446291521134313,1.0,-0.01446291521134313,-0.01446291521134313,0.25439122049452234,11.844708988407085
2024-01-10,0.004354115480661003,1.0,0.004354115480661003,0.004354115480661003,0.25549886924582177,11.896282219177433
2024-01-11,-0.02504796899290629,1.0,-0.02504796899290629,-0.02504796899290629,0.2490991414912298,11.598304511020615
2024-01-12,0.005269920645562198,1.0,0.005269920645562198,0.005269920645562198,0.25041187419976624,11.659426655416759
2024-01-16,-0.011304112992701065,1.0,-0.011304112992701065,-0.011304112992701065,0.24758119007909804,11.527627179073818
2024-01-17,-0.03446552321758589,1.0,-0.03446552321758589,-0.03446552321758589,0.23904817482418933,11.130321476889774
2024-01-18,-0.010639998652807958,-1.0,0.010639998652807958,0.008639998652807958,0.24111355073262655,11.011894871370348
2024-01-19,-0.0067651724622946885,-1.0,0.0067651724622946885,0.0067651724622946885,0.24274472548632903,10.937397503428869
2024-01-22,-0.007160156948540886,-1.0,0.007160156948540886,0.007160156948540886,0.2444828158192416,10.85908402069574
2024-01-23,0.009322850777406133,-1.0,-0.009322850777406133,-0.009322850777406133,0.24220353900971875,10.960321640600002
2024-01-24,-0.006448400879439875,-1.0,0.006448400879439875,0.006448400879439875,0.24376536452367248,10.889645092893813
2024-01-25,0.01701461486121736,-1.0,-0.01701461486121736,-0.01701461486121736,0.23961779072979794,11.074928210124748
2024-01-26,0.008623657665249196,-1.0,-0.008623657665249196,-0.008623657665249196,0.23755140893204085,11.170434599676074
2024-01-29,0.018638925802070716,-1.0,-0.018638925802070716,-0.018638925802070716,0.2331237058467792,11.37863950135632
2024-01-30,-0.004868386899879118,1.0,-0.004868386899879118,-0.006868386899879118,0.2315225220394899,11.32324388186947
2024-01-31,-0.010964795329592159,-1.0,0.010964795329592159,0.008964795329592158,0.2335980740637649,11.199086830237714
2024-02-01,0.019102787803531918,-1.0,-0.019102787803531918,-0.019102787803531918,0.22913569962361108,11.413020609549074
2024-02-02,-0.026778129916955717,1.0,-0.026778129916955717,-0.02877812991695572,0.22254160269123024,11.107401260921675
2024-02-05,-0.037489328902243324,-1.0,0.037489328902243324,0.03548932890224332,0.23043945482357167,10.69099224180179
2024-02-06,0.004645442444502601,-1.0,-0.004645442444502601,-0.004645442444502601,0.22936896159924622,10.740656630935705
2024-02-07,0.002667496324005647,-1.0,-0.002667496324005647,-0.002667496324005647,0.22875712073733923,10.769307293016134
2024-02-08,-0.0015962543948880858,-1.0,0.0015962543948880858,0.0015962543948880858,0.2291222752966781,10.752116738919757
2024-02-09,0.005151847595229464,-1.0,-0.005151847595229464,-0.005151847595229464,0.22794187225367743,10.807510005684787
2024-02-12,0.01714385023866427,-1.0,-0.01714385023866427,-0.01714385023866427,0.22403407093263963,10.992792338675113
2024-02-13,-0.03996527959351415,-1.0,0.03996527959351415,0.03996527959351415,0.23298765521593576,10.553462319346522
2024-02-14,0.01375574899425347,-1.0,-0.01375574899425347,-0.01375574899425347,0.2297827355120257,10.698633098031765
2024-02-15,0.02249592051153093,-1.0,-0.02249592051153093,-0.02249592051153093,0.22461356135902502,10.939308697787121
2024-02-16,-0.004190575628118531,-1.0,0.004190575628118531,0.004190575628118531,0.22555482147500103,10.893466697369709
2024-02-20,-0.0073646202628925295,-1.0,0.0073646202628925295,0.0073646202628925295,0.22721594708362894,10.813240451797116
2024-02-21,0.008655682803957898,-1.0,-0.008655682803957898,-0.008655682803957898,0.22524923791767215,10.906836431230797
2024-02-22,-0.0075306059393940306,-1.0,0.0075306059393940306,0.0075306059393940306,0.22694550116657894,10.824701344021772
2024-02-23,0.0019410581099561508,-1.0,-0.0019410581099561508,-0.0019410581099561508,0.2265049867610215,10.84571271835344
2024-02-26,-0.019816953133694026,-1.0,0.019816953133694026,0.019816953133694026,0.23099362546821264,10.63078373771232
2024-02-27,0.0074343921915753786,-1.0,-0.0074343921915753786,-0.0074343921915753786,0.22927632826272806,10.709817153322296
2024-02-28,-0.009359350160255797,-1.0,0.009359350160255797,0.009359350160255797,0.2314222057023967,10.609580224432039
2024-02-29,0.0027252884951711742,-1.0,-0.0027252884951711742,-0.0027252884951711742,0.23079151342766882,10.638494391356279
2024-03-01,0.00036232030958305295,-1.0,-0.00036232030958305295,-0.00036232030958305295,0.23070789297507457,10.642348933937653
2024-03-04,-0.004346932188476815,-1.0,0.004346932188476815,0.004346932188476815,0.23171076454118358,10.596087364795718
2024-03-05,0.00782243210131739,-1.0,-0.00782243210131739,-0.00782243210131739,0.22989822281841582,10.67897453874646
2024-03-06,0.002346632090182821,-1.0,-0.002346632090182821,-0.002346632090182821,0.22935873627127412,10.704034163089327
2024-03-07,0.012965864834980412,-1.0,-0.012965864834980412,-0.012965864834980412,0.22638490189805885,10.842821223236957
2024-03-08,0.027733484855871016,-1.0,-0.027733484855871016,-0.027733484855871016,0.22010645964967118,11.143530441426515
2024-03-11,0.0010377691383813836,1.0,0.0010377691383813836,-0.0009622308616186164,0.21989466642135466,11.15509485341124
2024-03-12,-0.012441725548070881,1.0,-0.012441725548070881,-0.012441725548070881,0.21715879733225557,11.016306224782399
2024-03-13,0.04181980622334858,-1.0,-0.04181980622334858,-0.04381980622334858,0.2076429409134607,11.477006016399868
2024-03-14,0.0,1.0,0.0,-0.002,0.20722765503163376,11.477006016399868
2024-03-15,0.009069566690379949,1.0,0.009069566690379949,0.009069566690379949,0.2091071200690342,11.581097487871498
2024-03-18,0.0014978388702153733,1.0,0.0014978388702153733,0.0014978388702153733,0.2094203288415124,11.598444105848586
2024-03-19,0.01828174850965847,1.0,0.01828174850965847,0.01828174850965847,0.21324889862620292,11.81048394409504
2024-03-20,0.01517865045889466,1.0,0.01517865045889466,0.01517865045889466,0.2164857291191943,11.989751151632847
2024-03-21,-0.013504785798448715,1.0,-0.013504785798448715,-0.013504785798448715,0.2135621357190186,11.827832130553341
2024-03-22,0.0068446982646475085,1.0,0.0068446982646475085,0.0068446982646475085,0.21502390409876898,11.908790072611882
2024-03-25,0.013434859895438356,1.0,0.013434859895438356,0.013434859895438356,0.2179127201245061,12.06878299876161
2024-03-26,-0.01884680572973152,1.0,-0.01884680572973152,-0.01884680572973152,0.2138057614222822,11.841324990189664
2024-03-27,0.038417661665462566,1.0,0.038417661665462566,0.038417661665462566,0.22201967882673004,12.296241007333558
2024-03-28,0.0018811583700641954,1.0,0.0018811583700641954,0.0018811583700641954,0.22243733300387392,12.31937218402483
2024-04-01,-0.00829287582954219,1.0,-0.00829287582954219,-0.00829287582954219,0.22059268782141828,12.217209160204797
2024-04-02,-0.007888939001029271,1.0,-0.007888939001029271,-0.007888939001029271,0.21885244556312203,12.120828342377125
2024-04-03,-0.00524810040078294,1.0,-0.00524810040078294,-0.00524810040078294,0.21770388595584989,12.057217018295674
2024-04-04,0.0188648846766879,1.0,0.0188648846766879,0.0188648846766879,0.2218108446580738,12.284675026867621
2024-04-05,0.007061161086004963,1.0,0.007061161086004963,0.007061161086004963,0.22337708676282728,12.371419096121556
2024-04-08,0.010595162101117994,1.0,0.010595162101117994,0.010595162101117994,0.22574380320675494,12.502496286865831
2024-04-09,0.008017290495414997,1.0,0.008017290495414997,0.008017290495414997,0.2275536568546033,12.602732431515483
2024-04-10,-0.02095453498329991,1.0,-0.02095453498329991,-0.02095453498329991,0.22278537579146568,12.338648033894122
2024-04-11,-0.0010934808545193242,1.0,-0.0010934808545193242,-0.0010934808545193242,0.22254176424837083,12.325155958498407
2024-04-12,-0.01345008115594526,1.0,-0.01345008115594526,-0.01345008115594526,0.219548559458643,12.15938161059692
2024-04-15,-0.005231460457332249,1.0,-0.005231460457332249,-0.005231460457332249,0.21839999985137085,12.095770286515469
2024-04-16,-0.016733182935570245,1.0,-0.016733182935570245,-0.016733182935570245,0.21474547270072936,11.893369549564571
2024-04-17,0.03387361807686684,1.0,0.03387361807686684,0.03387361807686684,0.2220196788267301,12.29624100733356
2024-04-18,0.0034487797153024413,1.0,0.0034487797153024413,0.0034487797153024413,0.22278537579146568,12.338648033894122
2024-04-19,0.004530661606129138,1.0,0.004530661606129138,0.004530661606129138,0.22379474093997112,12.394550272812827
2024-04-22,0.01570752680007792,1.0,0.01570752680007792,0.01570752680007792,0.22731000283100222,12.589238003397949
2024-04-23,0.01362730119870248,1.0,0.01362730119870248,0.01362730119870248,0.2304076247050582,12.760795341532404
2024-04-24,0.005438148383209995,1.0,0.005438148383209995,0.005438148383209995,0.2316606155568273,12.830190440087431
2024-04-25,0.005108246213421097,1.0,0.005108246213421097,0.005108246213421097,0.23284399501904426,12.89573021182048
2024-04-26,-0.013602565717253046,1.0,-0.013602565717253046,-0.013602565717253046,0.22967671927492997,12.720315194142227
2024-04-29,0.021669843625558016,1.0,0.021669843625558016,0.021669843625558016,0.23465377786604888,12.9959624352671
2024-04-30,-0.0066744523711549375,1.0,-0.0066744523711549375,-0.0066744523711549375,0.23308759240197036,12.90922150297559
2024-05-01,0.024488615128603675,1.0,0.024488615128603675,0.024488615128603675,0.23879558474355506,13.225350459971855
2024-05-02,0.0034978872613882217,1.0,0.0034978872613882217,0.0034978872613882217,0.23963086477750528,13.271611244873185
2024-05-03,0.018736643084789062,1.0,0.018736643084789062,0.018736643084789062,0.24412074276294074,13.520276687928448
2024-05-06,0.015825442750447172,1.0,0.015825442750447172,0.015825442750447172,0.2479840616017323,13.734241052623466
2024-05-07,0.009824476853773634,1.0,0.009824476853773634,0.009824476853773634,0.2504203752750433,13.869172785949113
2024-05-08,0.01250879001251004,1.0,0.01250879001251004,0.01250879001251004,0.2535528311642128,14.042659355975768
2024-05-09,0.023747379378824762,1.0,0.023747379378824762,0.023747379378824762,0.25957404643844445,14.376135715189728
2024-05-10,-0.010592712500958723,1.0,-0.010592712500958723,-0.010592712500958723,0.2568244531918115,14.223853442683959
2024-05-13,0.010706119345183174,1.0,0.010706119345183174,0.010706119345183174,0.25957404643844445,14.376135715189728
2024-05-14,0.011262823843962488,1.0,0.011262823843962488,0.011262823843962488,0.2624975831979452,14.538051599306808
2024-05-15,0.02161255436475984,1.0,0.02161255436475984,0.02161255436475984,0.26817082648542884,14.85225602985451
2024-05-16,-0.00830640742888833,1.0,-0.00830640742888833,-0.00830640742888833,0.26594329034009917,14.728887140032375
2024-05-17,-0.004187831137737463,1.0,-0.004187831137737463,-0.004187831137737463,0.26482956474794056,14.667205047843126
2024-05-20,-0.002891175103983845,1.0,-0.002891175103983845,-0.002891175103983845,0.2640638961035424,14.624799589763775
2024-05-21,0.014234711710275016,1.0,0.014234711710275016,0.014234711710275016,0.26782276953766837,14.83297939574461
2024-05-22,-0.00818713858422615,1.0,-0.00818713858422615,-0.00818713858422615,0.2656300674074522,14.711539737814679
2024-05-23,-0.01310264395226135,1.0,-0.01310264395226135,-0.01310264395226135,0.2621496112111972,14.51877967064055
2024-05-24,0.017126834572361194,1.0,0.017126834572361194,0.017126834572361194,0.26663940423562016,14.76744040825217
2024-05-28,0.012008873810543719,1.0,0.012008873810543719,0.012008873810543719,0.26984144319400427,14.944780736619595
2024-05-29,-0.010963576907503714,1.0,-0.010963576907503714,-0.010963576907503714,0.26688301577871504,14.780932483647886
2024-05-30,0.019692217184227534,1.0,0.019692217184227534,0.019692217184227534,0.2721385340882111,15.072001816301285
2024-05-31,0.023404625749417374,1.0,0.023404625749417374,0.023404625749417374,0.27850783463054074,15.424756378106355
2024-06-03,-0.02257723277716872,1.0,-0.02257723277716872,-0.02257723277716872,0.2722198984178218,15.076508062826731
2024-06-04,-0.0072062812039320745,1.0,-0.0072062812039320745,-0.0072062812039320745,0.27025820528051714,14.967862506152652
2024-06-05,-0.0012960418120190331,1.0,-0.0012960418120190331,-0.0012960418120190331,0.26990793934643237,14.948463530508127
2024-06-06,-0.00454266256224467,1.0,-0.00454266256224467,-0.00454266256224467,0.26868183865511075,14.880557704865007
2024-06-07,-0.017079466736374282,1.0,-0.017079466736374282,-0.017079466736374282,0.2640928961291329,14.626405714526067
2024-06-10,0.02095772070591928,1.0,0.02095772070591928,0.02095772070591928,0.2696276812866246,14.932941840422567
2024-06-11,-0.05495661110106276,1.0,-0.05495661110106276,-0.05495661110106276,0.25480985766407427,14.112277963103676
2024-06-12,-0.006598783472943737,1.0,-0.006598783472943737,-0.006598783472943737,0.2531284225865774,14.019154096515159
2024-06-13,0.012731756523015614,1.0,0.012731756523015614,0.012731756523015614,0.25635119203200474,14.197642553130628
2024-06-14,-0.0016397769249371086,1.0,-0.0016397769249371086,-0.0016397769249371086,0.25593083326263055,14.1743615864835
2024-06-17,-0.01026546647459703,1.0,-0.01026546647459703,-0.01026546647459703,0.25330358387395735,14.028855152818638
2024-06-18,-0.025860809243591576,1.0,-0.025860809243591576,-0.025860809243591576,0.24675294821067484,13.666057605805618
2024-06-20,0.02867694014087574,-1.0,-0.02867694014087574,-0.03067694014087574,0.23918332278883137,14.057958321729064
2024-06-21,0.004830084045314598,1.0,0.004830084045314598,0.0028300840453145976,0.23986023169456136,14.125859441928545
2024-06-24,0.014283691841340485,1.0,0.014283691841340485,0.014283691841340485,0.243286321329079,14.327628865191143
2024-06-25,-0.011780334690244865,1.0,-0.011780334690244865,-0.011780334690244865,0.240420327038264,14.158844601841578
2024-06-26,0.005343684381648339,1.0,0.005343684381648339,0.005343684381648339,0.24170505738488915,14.234504998602624
2024-06-27,0.004770398209742677,1.0,0.004770398209742677,0.004770398209742677,0.24285808675792378,14.30240925576453
2024-06-28,-0.03947377656044171,1.0,-0.03947377656044171,-0.03947377656044171,0.23327156090534512,13.737839148526488
2024-07-01,-0.012851238353137062,-1.0,0.012851238353137062,0.010851238353137062,0.23580284621373737,13.561290903171717
2024-07-02,0.00815451631591424,-1.0,-0.00815451631591424,-0.00815451631591424,0.23387998805694843,13.67187667110649
2024-07-03,0.019298848615187936,-1.0,-0.019298848615187936,-0.019298848615187936,0.2293663735733154,13.935728149267694
2024-07-05,0.0036198677412293545,-1.0,-0.0036198677412293545,-0.0036198677412293545,0.2285360976366946,13.98617364204577
2024-07-08,0.00027733489798209554,-1.0,-0.00027733489798209554,-0.00027733489798209554,0.2284727166013713,13.990052496085948
2024-07-09,0.00013868505934766517,-1.0,-0.00013868505934766517,-0.00013868505934766517,0.22844103084911013,13.991992707346645
2024-07-10,0.010815262029652883,-1.0,-0.010815262029652883,-0.010815262029652883,0.225970381242153,14.143319774793591
2024-07-11,0.02469123754173541,-1.0,-0.02469123754173541,-0.02469123754173541,0.22039089288150648,14.492535842981743
2024-07-12,0.017403198946996268,1.0,0.017403198946996268,0.015403198946996268,0.22378561765066649,14.74475232750363
2024-07-15,-0.06618431734976793,1.0,-0.06618431734976793,-0.06618431734976793,0.20897451931376096,13.7688809602164
2024-07-16,0.013104204828170651,-1.0,-0.013104204828170651,-0.015104204828170651,0.2058181253701774,13.949311196573774
2024-07-17,-0.013908111697118586,-1.0,0.013908111697118586,0.013908111697118586,0.20868066684711736,13.755302618353959
2024-07-18,0.01086008235285929,-1.0,-0.01086008235285929,-0.01086008235285929,0.20641437761970807,13.904686337577784
2024-07-19,0.004604817291787189,-1.0,-0.004604817291787189,-0.004604817291787189,0.20546387712437136,13.96871487766194
2024-07-22,0.012499710865375935,-1.0,-0.012499710865375935,-0.012499710865375935,0.2028956380670376,14.14331977479359
2024-07-23,-0.010836725828740512,-1.0,0.010836725828740512,0.010836725828740512,0.20509436246861745,13.990052496085948
2024-07-24,0.04576349096192711,-1.0,-0.04576349096192711,-0.04576349096192711,0.19570852846544268,14.630286137047463
2024-07-25,-0.02612386771111397,1.0,-0.02612386771111397,-0.02812386771111397,0.19020444770094377,14.24808647742749
2024-07-26,0.011165563371738685,-1.0,-0.011165563371738685,-0.013165563371738685,0.18770029899115045,14.40717438991722
2024-07-29,0.0010773583816978682,1.0,0.0010773583816978682,-0.0009226416183021318,0.18752711888353346,14.42269608000278
2024-07-30,-0.0008072579482227837,1.0,-0.0008072579482227837,-0.0008072579482227837,0.1873757361263074,14.411053243957396
2024-07-31,0.028406155354491647,1.0,0.028406155354491647,0.028406155354491647,0.19269836039637353,14.8204158612271
2024-08-01,0.02618136552672401,1.0,0.02618136552672401,0.02618136552672401,0.1977434666063114,15.208434586147947
2024-08-02,0.010332930739115342,1.0,0.010332930739115342,0.010332930739115342,0.19978673615086698,15.365582287376979
2024-08-05,-0.031818087164440456,1.0,-0.031818087164440456,-0.031818087164440456,0.19342990436571963,14.876678850824836
2024-08-06,0.0037819590085872434,1.0,0.0037819590085872434,0.0037819590085872434,0.19416144833506574,14.932941840422572
2024-08-07,0.00766524260243906,1.0,0.00766524260243906,0.00766524260243906,0.19564974294059495,15.047406462397523
2024-08-08,-0.00025777558743234064,1.0,-0.00025777558743234064,-0.00025777558743234064,0.19559930921317745,15.043527608357346
2024-08-09,-0.001031680999855844,1.0,-0.001031680999855844,-0.001031680999855844,0.1953975131222773,15.028007486752998
2024-08-12,0.0015490675118732256,1.0,0.0015490675118732256,0.0015490675118732256,0.19570019706175584,15.051286884918914
2024-08-13,0.006960751722837166,1.0,0.006960751722837166,0.006960751722837166,0.19706241754561304,15.15605515603403
2024-08-14,-0.0014084818966093593,1.0,-0.0014084818966093593,-0.0014084818966093593,0.19678485869799797,15.134708126722744
2024-08-15,-0.007690939714026235,1.0,-0.007690939714026235,-0.007690939714026235,0.1952713982131185,15.018307998930737
2024-08-16,0.014984965113549187,1.0,0.014984965113549187,0.014984965113549187,0.19819753330301607,15.243356820359251
2024-08-19,0.0099274109522145,1.0,0.0099274109522145,0.0099274109522145,0.20016512166583034,15.394683887806199
2024-08-20,-0.004662748728327393,1.0,-0.004662748728327393,-0.004662748728327393,0.1992318019993275,15.322902345085328
2024-08-21,0.00835651744794208,1.0,0.00835651744794208,0.00835651744794208,0.20089668602891983,15.450948445885146
2024-08-22,-0.00904080013822095,1.0,-0.00904080013822095,-0.00904080013822095,0.19908041924210143,15.311259509039942
2024-08-23,0.009376615346413208,1.0,0.009376615346413208,0.009376615346413208,0.2009471197563373,15.454827299925322
2024-08-26,0.012302287207088813,1.0,0.012302287207088813,0.012302287207088813,0.20341922893701703,15.64495702410496
2024-08-27,-0.012772755571908267,1.0,-0.012772755571908267,-0.012772755571908267,0.20082100484717846,15.445127812103058
2024-08-28,-0.0025120879698943277,1.0,-0.0025120879698943277,-0.0025120879698943277,0.20031652481679976,15.406328292332793
2024-08-29,0.007807420755514105,1.0,0.007807420755514105,0.007807420755514105,0.2018804802103269,15.526611979608615
2024-08-30,0.012513513802919096,1.0,0.012513513802919096,0.012513513802919096,0.20440671438597877,15.720904452928018
2024-09-03,-0.007204222363918378,1.0,-0.007204222363918378,-0.007204222363918378,0.20293412296286423,15.60764756148721
2024-09-04,0.014387482095665982,1.0,0.014387482095665982,0.014387482095665982,0.2058538340235921,15.832202311333573
2024-09-05,-0.009250077026184966,1.0,-0.009250077026184966,-0.009250077026184966,0.20394967020273838,15.685753220459594
2024-09-06,-0.004356938583685022,1.0,-0.004356938583685022,-0.004356938583685022,0.20306107401550225,15.617411357039211
2024-09-09,0.015128610665752884,1.0,0.015128610665752884,0.015128610665752884,0.2061331059456524,15.853681093066765
2024-09-10,0.013671803890592304,1.0,0.013671803890592304,0.013671803890592304,0.20895131734550004,16.070429511915165
2024-09-11,0.013730236640108195,1.0,0.013730236640108195,0.013730236640108195,0.2118202683789161,16.29108031202194
2024-09-12,0.00035960029777015734,1.0,0.00035960029777015734,0.00035960029777015734,0.2118964390104989,16.29693858935314
2024-09-13,0.014258247646571576,1.0,0.014258247646571576,0.014258247646571576,0.21491771091333725,16.529304375641104
2024-09-16,-0.00011804432811235444,1.0,-0.00011804432811235444,-0.00011804432811235444,0.21489234109655303,16.527353185011915
2024-09-17,0.003898769783537759,1.0,0.003898769783537759,0.003898769783537759,0.21573015686273397,16.591789530211496
2024-09-18,-0.008120623331718702,1.0,-0.008120623331718702,-0.008120623331718702,0.21397829351755912,16.457053857037494
2024-09-19,-0.023611678985165363,1.0,-0.023611678985165363,-0.023611678985165363,0.20892590674122902,16.068475184323546
2024-09-20,0.005711589940776696,1.0,0.005711589940776696,0.005711589940776696,0.21011920584853988,16.160251725549948
2024-09-23,0.024891292648120844,1.0,0.024891292648120844,0.024891292648120844,0.21534934449230664,16.56250128051791
2024-09-24,-0.006248544567922676,1.0,-0.006248544567922676,-0.006248544567922676,0.21400372451557353,16.45900975311032
2024-09-25,0.003915054103945437,1.0,0.003915054103945437,0.003915054103945437,0.21484156067549784,16.52344766679111
2024-09-26,-0.013708342351167802,1.0,-0.013708342351167802,-0.013708342351167802,0.21189643901049893,16.296938589353132
2024-09-27,0.01294028344026188,1.0,0.01294028344026188,0.01294028344026188,0.21463843899127694,16.507825593907903
2024-09-30,-0.00011819791880451902,1.0,-0.00011819791880451902,-0.00011819791880451902,0.21461306917449272,16.505874403278714
2024-10-01,0.008754046666709758,1.0,0.008754046666709758,0.008754046666709758,0.21649180199733203,16.650367598079868
2024-10-02,0.001876483842315535,1.0,0.001876483842315535,0.001876483842315535,0.2168980453657738,16.68161174384628
2024-10-03,-0.004447831835945215,1.0,-0.004447831835945215,-0.004447831835945215,0.21593331933444163,16.607414740057123
2024-10-04,-0.014109650598297274,1.0,-0.014109650598297274,-0.014109650598297274,0.2128865756461021,16.373089920733907
2024-10-07,-0.04245672259062283,1.0,-0.04245672259062283,-0.04245672259062283,0.20384810936062792,15.677942184017985
2024-10-08,0.0026155456089766993,-1.0,-0.0026155456089766993,-0.004615545608976699,0.20290723911457026,15.718948556855183
2024-10-09,0.0009937372302919467,-1.0,-0.0009937372302919467,-0.0009937372302919467,0.20270560263676635,15.734569061257174
2024-10-10,0.004467727029544122,-1.0,-0.004467727029544122,-0.004467727029544122,0.20179996933682603,15.804866820750382
2024-10-11,0.011366399306428798,1.0,0.011366399306428798,0.009366399306428798,0.20369010842965984,15.984511248019958
2024-10-14,0.012826712311830413,1.0,0.012826712311830413,0.012826712311830413,0.20630278285125264,16.189539975243527
2024-10-15,-0.0014473259202809619,1.0,-0.0014473259202809619,-0.0014473259202809619,0.20600419548620594,16.16610843439993
2024-10-16,0.01932606988261698,1.0,0.01932606988261698,0.01932606988261698,0.20998544696428464,16.478535775733107
2024-10-17,-0.007228314058400298,1.0,-0.007228314058400298,-0.007228314058400298,0.20846760620593324,16.35942374392352
2024-10-18,0.007161576992753105,1.0,0.007161576992753105,0.007161576992753105,0.20996056301827196,16.476583016622705
2024-10-21,-0.004147722550860267,1.0,-0.004147722550860267,-0.004147722550860267,0.20908970485624975,16.40824272168354
2024-10-22,-0.003927549628485405,1.0,-0.003927549628485405,-0.003927549628485405,0.20826849466362146,16.34379853407789
2024-10-23,0.015053920085357664,1.0,0.015053920085357664,0.015053920085357664,0.21140375193858535,16.589836771101083
2024-10-24,-0.025306024662742455,1.0,-0.025306024662742455,-0.025306024662742455,0.20605396337823123,16.170013952620728
2024-10-25,-0.01666449226405753,1.0,-0.01666449226405753,-0.01666449226405753,0.2026201786995363,15.900548880197578
2024-10-28,0.017683867247938245,-1.0,-0.017683867247938245,-0.019683867247938247,0.1986318300002611,16.181732075764344
2024-10-29,-0.039942265132963506,1.0,-0.039942265132963506,-0.04194226513296351,0.19030076112254443,15.535397042883584
2024-10-30,-0.005907374237726026,-1.0,0.005907374237726026,0.003907374237726026,0.1910443374139743,15.44362363861961
2024-10-31,0.0020231097634546558,-1.0,-0.0020231097634546558,-0.0020231097634546558,0.19065783374969936,15.474867784386019
2024-11-01,-0.02397501030797433,-1.0,0.02397501030797433,0.02397501030797433,0.19522885727914446,15.103857669740824
2024-11-04,0.013186934835450748,-1.0,-0.013186934835450748,-0.013186934835450748,0.19265438706020488,15.30303125659562
2024-11-05,0.0035728664271295063,-1.0,-0.0035728664271295063,-0.0035728664271295063,0.19196605866863825,15.357706943205624
2024-11-06,-0.05251111403202646,-1.0,0.05251111403202646,0.05251111403202646,0.2020464102656658,14.551256642640508
2024-11-07,0.0013418787876762206,-1.0,-0.0013418787876762206,-0.0013418787876762206,0.20177528847360418,14.5707826652633
2024-11-08,0.03149280819484712,-1.0,-0.03149280819484712,-0.03149280819484712,0.19542081801524502,15.02965752898924
2024-11-11,-0.013771432745791734,-1.0,0.013771432745791734,0.013771432745791734,0.1981120426676696,14.822677611136482
2024-11-12,-0.021736365408306035,-1.0,0.021736365408306035,0.021736365408306035,0.20241827841888,14.500486474251304
2024-11-13,-0.0002694452154382576,-1.0,0.0002694452154382576,0.0002694452154382576,0.2024728190555172,14.49657938754929
2024-11-14,0.014008652052690529,-1.0,-0.014008652052690529,-0.014008652052690529,0.19963644778324108,14.699656924143673
2024-11-15,0.014213759102338352,-1.0,-0.014213759102338352,-0.014213759102338352,0.19679886340640354,14.908594306550471
2024-11-18,0.0005239284322178239,-1.0,-0.0005239284322178239,-0.0005239284322178239,0.19669575488643679,14.916405342992073
2024-11-19,0.009032612187365174,-1.0,-0.009032612187365174,-0.009032612187365174,0.19491907841364656,15.051139447684863
2024-11-20,-0.0025950406815509197,-1.0,0.0025950406815509197,0.0025950406815509197,0.19542490135174037,15.012081128514424
2024-11-21,0.0062438003429909905,-1.0,-0.0062438003429909905,-0.0062438003429909905,0.1942047072856514,15.105813565813651
2024-11-22,-0.010996221103549031,-1.0,0.010996221103549031,0.010996221103549031,0.19634022518631444,14.939706699894973
2024-11-25,0.008420935708750577,-1.0,-0.008420935708750577,-0.008420935708750577,0.19468685677297887,15.065513009522379
2024-11-26,0.011090809523214507,-1.0,-0.011090809523214507,-0.011090809523214507,0.1925276219278364,15.232601744680501
2024-11-27,0.013292023663443064,-1.0,-0.013292023663443064,-0.013292023663443064,0.1899685402213052,15.4350738475266
2024-11-29,0.0019105198705346993,-1.0,-0.0019105198705346993,-0.0019105198705346993,0.1896056015504359,15.46456286281547
2024-12-02,-0.020338192973370695,-1.0,0.020338192973370695,0.020338192973370695,0.19346183686360072,15.150041599062707
2024-12-03,-0.010120765474707083,-1.0,0.010120765474707083,0.010120765474707083,0.19541981874280326,14.996711581106537
2024-12-04,-0.0072092744758947,-1.0,0.0072092744758947,0.0072092744758947,0.19682865385414972,14.888596171082511
2024-12-05,0.006073512765259137,-1.0,-0.006073512765259137,-0.006073512765259137,0.19563321251239776,14.97902224998437
2024-12-06,-0.012598616316599198,-1.0,0.012598616316599198,0.012598616316599198,0.19809792029562517,14.790307295859014
2024-12-09,-0.007177004570665058,-1.0,0.007177004570665058,0.007177004570665058,0.19951966997502615,14.684157192795093
2024-12-10,-0.007496456695310405,-1.0,0.007496456695310405,0.007496456695310405,0.20101536054085656,14.574078044292174
2024-12-11,-0.0021581299120378983,-1.0,0.0021581299120378983,0.0021581299120378983,0.20144917780321886,14.542625290524413
2024-12-12,-0.010272991574009294,-1.0,0.010272991574009294,0.010272991574009294,0.2035186635093824,14.39322902345088
2024-12-13,0.005462952862729686,-1.0,-0.005462952862729686,-0.005462952862729686,0.20240685064394492,14.471858555148465
2024-12-16,-0.01127405662064429,-1.0,0.01127405662064429,0.01127405662064429,0.20468879693851108,14.308702002391765
2024-12-17,-0.0071438687538969425,-1.0,0.0071438687538969425,0.0071438687538969425,0.20615106683923287,14.206482513248057
2024-12-18,-0.024214800655855906,-1.0,0.024214800655855906,0.024214800655855906,0.21114297382773695,13.862475371168852
2024-12-19,-0.010635254971853803,-1.0,0.010635254971853803,0.010635254971853803,0.21338853318991038,13.715044411055427
2024-12-20,0.027232130808279242,-1.0,-0.027232130808279242,-0.027232130808279242,0.2075775087410959,14.088534294498647
2024-12-23,0.01144130698248258,-1.0,-0.01144130698248258,-0.01144130698248258,0.20520255074093005,14.24972554029524
2024-12-24,0.005794136232867064,-1.0,-0.005794136232867064,-0.005794136232867064,0.2040135792066053,14.332290391356675
2024-12-26,-0.0074064694927721275,-1.0,0.0074064694927721275,0.0074064694927721275,0.20552459955711028,14.22613871981154
2024-12-27,-0.0035926094450402513,-1.0,0.0035926094450402513,0.0035926094450402513,0.20626296917466727,14.175029759480292
2024-12-30,-0.004853816751322015,-1.0,0.004853816751322015,0.004853816751322015,0.20726413182962466,14.106226762583239
2024-12-31,-0.0009753648111237023,-1.0,0.0009753648111237023,0.0009753648111237023,0.20746628997041938,14.092468045381283
2025-01-02,-0.0011159976431269758,-1.0,0.0011159976431269758,0.0011159976431269758,0.20769782186105468,14.076740884256795
2025-01-03,0.005306437755041582,-1.0,-0.005306437755041582,-0.005306437755041582,0.20659568629749128,14.151438233552952
2025-01-06,-0.010417979374185315,-1.0,0.010417979374185315,0.010417979374185315,0.2087479958961342,14.00400884192074
2025-01-07,-0.011370025585805688,-1.0,0.011370025585805688,0.011370025585805688,0.21112146595045891,13.844782903084251
2025-01-08,0.0032657095288115556,-1.0,-0.0032657095288115556,-0.0032657095288115556,0.21043200456736783,13.889995942535181
2025-01-10,-0.046419378799954614,-1.0,0.046419378799954614,0.046419378799954614,0.22020012749901427,13.245230959348808
2025-01-13,-0.00623343472330673,-1.0,0.00623343472330673,0.00623343472330673,0.22157273061984317,13.162667676768585
2025-01-14,0.015233109981276138,-1.0,-0.015233109981276138,-0.015233109981276138,0.21819748884545942,13.36317604113579
2025-01-15,0.01927024506037034,-1.0,-0.01927024506037034,-0.01927024506037034,0.21399276976384998,13.620687718233345
2025-01-16,0.030018777065586644,-1.0,-0.030018777065586644,-0.030018777065586644,0.20756896851466156,14.029564106326966
2025-01-17,-0.008547090723526107,-1.0,0.008547090723526107,0.008547090723526107,0.2093430793199451,13.909652149098664
2025-01-21,0.0012718434230956088,-1.0,-0.0012718434230956088,-0.0012718434230956088,0.20907682770134145,13.927343048702042
2025-01-22,-0.033309724670587126,-1.0,0.033309724670587126,0.033309724670587126,0.21604111926707292,13.463427086356962
2025-01-23,0.01080462059930798,-1.0,-0.01080462059930798,-0.01080462059930798,0.21370687693954235,13.608894307991495
2025-01-24,0.05200047161988186,-1.0,-0.05200047161988186,-0.05200047161988186,0.2025940185502741,14.316563230232179
2025-01-27,0.013730682343557898,-1.0,-0.013730682343557898,-0.013730682343557898,0.1998122644368554,14.513139412197958
2025-01-28,-0.044561924800731956,1.0,-0.044561924800731956,-0.04656192480073196,0.19050862080588257,13.866405985089054
2025-01-29,0.004961734748702984,-1.0,-0.004961734748702984,-0.006961734748702984,0.18918235032049077,13.935207413504894
2025-01-30,0.005783765768854421,-1.0,-0.005783765768854421,-0.005783765768854421,0.1880881639186357,14.01580538912501
2025-01-31,0.0036464113499812267,-1.0,-0.0036464113499812267,-0.0036464113499812267,0.18740231710292565,14.066912780975043
2025-02-03,-0.007126726864814414,-1.0,0.007126726864814414,0.007126726864814414,0.18873788223075155,13.966661735753867
2025-02-04,-0.01618594572207077,-1.0,0.01618594572207077,0.01618594572207077,0.19179278334823707,13.740598106980432
2025-02-05,-0.010014442183778782,-1.0,0.010014442183778782,0.010014442183778782,0.19371348108834402,13.602993681667536
2025-02-06,0.0010117936512858972,-1.0,-0.0010117936512858972,-0.0010117936512858972,0.19351748301801033,13.61675710431313
2025-02-07,-0.014436228242795113,-1.0,0.014436228242795113,0.014436228242795113,0.19631114557182958,13.420182490828564
2025-02-10,0.020946185697235276,-1.0,-0.020946185697235276,-0.020946185697235276,0.19219917586224505,13.701284125372245
2025-02-11,0.009038756514740065,-1.0,-0.009038756514740065,-0.009038756514740065,0.1904619343092925,13.825126696520758
2025-02-12,-0.014929762182988138,-1.0,0.014929762182988138,0.014929762182988138,0.19330548569344216,13.618720842792023
2025-02-13,-0.009815215097899954,-1.0,0.009815215097899954,0.009815215097899954,0.19520282061512734,13.485050168361765
2025-02-14,-0.007871803976983616,-1.0,0.007871803976983616,0.007871803976983616,0.1967394189547639,13.378898496816632
2025-02-18,0.006464949003164522,-1.0,-0.006464949003164522,-0.006464949003164522,0.19546750864430915,13.465392393317066
2025-02-19,0.00817531719322151,-1.0,-0.00817531719322151,-0.00817531719322151,0.19386949976017315,13.575476247263625
2025-02-20,0.0156385089009774,-1.0,-0.0156385089009774,-0.0156385089009774,0.19083766986254563,13.787776453391464
2025-02-21,0.020530509718017953,-1.0,-0.020530509718017953,-0.020530509718017953,0.18691967522686873,14.070846531857676
2025-02-24,-0.0108968887641413,1.0,-0.0108968887641413,-0.0128968887641413,0.18450899296763837,13.917518082382719
2025-02-25,0.006779368765316374,1.0,0.006779368765316374,0.006779368765316374,0.18575984747148316,14.01187006976115
2025-02-26,-0.0037876956142118834,1.0,-0.0037876956142118834,-0.0037876956142118834,0.18505624571191875,13.95879737095101
2025-02-27,-0.022954610243222096,1.0,-0.022954610243222096,-0.022954610243222096,0.18080835171852772,13.638378617836715
2025-02-28,0.01972024583000631,-1.0,-0.01972024583000631,-0.021720245830006313,0.17688114987108305,13.907330796903157
2025-03-03,0.020664053909267732,1.0,0.020664053909267732,0.01866405390926773,0.18018246918781022,14.194712630224384
2025-03-04,-0.010751302793941986,1.0,-0.010751302793941986,-0.010751302793941986,0.17824527290341197,14.042100976663848
2025-03-05,-0.005222015232543953,1.0,-0.005222015232543953,-0.005222015232543953,0.1773144733731814,13.96877291146679
2025-03-06,-0.006668708004773927,1.0,-0.006668708004773927,-0.006668708004773927,0.1761320149252354,13.875619243735223
2025-03-07,0.04027985203693385,1.0,0.04027985203693385,0.04027985203693385,0.18322658642539089,14.43452713379371
2025-03-10,0.04572313264483063,1.0,0.04572313264483063,0.04572313264483063,0.19160427994057855,15.094518932597566
2025-03-11,-0.02796765427847414,1.0,-0.02796765427847414,-0.02796765427847414,0.18624555768092446,14.672360645590794
2025-03-12,-0.014993850020022403,1.0,-0.014993850020022403,-0.014993850020022403,0.18345301972216124,14.452365470631127
2025-03-13,-0.0026055317409723333,1.0,-0.0026055317409723333,-0.0026055317409723333,0.18297502705629792,14.414709373665266
2025-03-14,0.011274576904135358,1.0,0.011274576904135358,0.011274576904135358,0.1850379930703804,14.577229123049415
2025-03-17,-0.019578538495887088,1.0,-0.019578538495887088,-0.019578538495887088,0.18141521959985027,14.291828281500425
2025-03-18,-0.019553462563749124,1.0,-0.019553462563749124,-0.019553462563749124,0.17786792389491027,14.012373552230576
2025-03-19,-0.0028289444006590614,1.0,-0.0028289444006590614,-0.0028289444006590614,0.1773647454275509,13.97273332653005
2025-03-20,0.009219900031969708,1.0,0.009219900031969708,0.009219900031969708,0.17900003064958867,14.10156053097403
2025-03-21,-0.003794859576959575,1.0,-0.003794859576959575,-0.003794859576959575,0.17832075066900202,14.048047088942988
2025-03-24,-0.011427722879506552,1.0,-0.011427722879506552,-0.011427722879506552,0.17628295054669108,13.88750989981229
2025-03-25,-0.02112170919887746,-1.0,0.02112170919887746,0.019121709198877457,0.17965378186376502,13.594181954211923
2025-03-26,0.016620555505365786,-1.0,-0.016620555505365786,-0.016620555505365786,0.17666783621054943,13.820124809931944
2025-03-27,0.004302275605082784,-1.0,-0.004302275605082784,-0.004302275605082784,0.17590776248861803,13.879582795760912
2025-03-28,0.00599736084932867,-1.0,-0.00599736084932867,-0.00599736084932867,0.1748527801607758,13.962823662225224
2025-03-31,0.006245583922050102,1.0,0.006245583922050102,0.004245583922050102,0.17559513231295215,14.05002964919644
2025-04-01,0.00042298667441276194,1.0,0.00042298667441276194,0.00042298667441276194,0.17566940671401227,14.055972624513153
2025-04-02,-0.006203748070360393,1.0,-0.006203748070360393,-0.006203748070360393,0.17457959797108885,13.968772911466791
2025-04-03,0.023552527907551024,1.0,0.023552527907551024,0.023552527907551024,0.17869138882439195,14.297772825298356
2025-04-04,-0.07249771821740125,1.0,-0.07249771821740125,-0.07249771821740125,0.1657366708695251,13.261216919873458
2025-04-07,-0.027649336815688708,-1.0,0.027649336815688708,0.025649336815688706,0.16998770656336848,12.894553066669967
2025-04-08,-0.01460173428095024,-1.0,0.01460173428095024,0.01460173428095024,0.1724698218856349,12.706270229118841
2025-04-09,0.05412570851570542,-1.0,-0.05412570851570542,-0.05412570851570542,0.1631347705784974,13.394006107861912
2025-04-10,-0.01272560666785727,-1.0,0.01272560666785727,0.01272560666785727,0.1652107595027305,13.223559254426384
2025-04-11,-0.013639266950190354,-1.0,0.013639266950190354,0.013639266950190354,0.16746411315463194,13.043199599723602
2025-04-14,0.02856713382873477,-1.0,-0.02856713382873477,-0.02856713382873477,0.16268014342263318,13.415806428243807
2025-04-15,-0.00044309999773184394,-1.0,0.00044309999773184394,0.00044309999773184394,0.16275222699381475,13.409861884445881
2025-04-16,-0.0298551952937125,-1.0,0.0298551952937125,0.0298551952937125,0.16761122651520172,13.009507839024037
2025-04-17,0.01020702745952673,-1.0,-0.01020702745952673,-0.01020702745952673,0.1659004141236361,13.142296242771884
2025-04-21,-0.024581289283500007,-1.0,0.024581289283500007,0.024581289283500007,0.16997846019546164,12.819241656978853
2025-04-22,0.030303026595343452,-1.0,-0.030303026595343452,-0.030303026595343452,0.16482759839552305,13.207703477842418
2025-04-23,0.009453731615533867,-1.0,-0.009453731615533867,-0.009453731615533867,0.16326936251745877,13.332565561779495
2025-04-24,-0.013676336008257572,-1.0,0.013676336008257572,0.013676336008257572,0.16550228917910154,13.150224915304475
2025-04-25,-0.0039185119363553955,-1.0,0.0039185119363553955,0.0039185119363553955,0.16615081187474398,13.098695602008096
2025-04-28,0.0015129567653595632,-1.0,-0.0015129567653595632,-0.0015129567653595632,0.1658994328798481,13.11851336213654
2025-04-29,0.01601466887426728,-1.0,-0.01601466887426728,-0.01601466887426728,0.1632426083958486,13.328602009753807
2025-04-30,-0.005501910146843092,-1.0,0.005501910146843092,0.005501910146843092,0.16414075455937882,13.255269239113108
2025-05-01,-0.012410215001215197,-1.0,0.012410215001215197,0.012410215001215197,0.16617777661392238,13.09076849795672
2025-05-02,0.01574559649888574,-1.0,-0.01574559649888574,-0.01574559649888574,0.16356120839627758,13.29689045658587
2025-05-05,-0.014756431038277729,-1.0,0.014756431038277729,0.014756431038277729,0.16597478808851462,13.100675809539728
2025-05-06,0.006656781753925367,-1.0,-0.006656781753925367,-0.006656781753925367,0.16486993014755538,13.187884149232763
2025-05-07,0.012323294553083564,-1.0,-0.012323294553083564,-0.012323294553083564,0.16283818943540074,13.3504023301357
2025-05-08,0.014251718962483784,-1.0,-0.014251718962483784,-0.014251718962483784,0.1605174653232077,13.540668512180883
2025-05-09,0.029127597987300025,-1.0,-0.029127597987300025,-0.029127597987300025,0.15584197712333295,13.93507566108298
2025-05-12,-0.008817889345629992,1.0,-0.008817889345629992,-0.010817889345629992,0.15415609585940854,13.812197705880568
2025-05-13,0.0347251455440476,1.0,0.0347251455440476,0.0347251455440476,0.15950918872462866,14.29182828150043
2025-05-14,0.0011094295475471139,1.0,0.0011094295475471139,0.0011094295475471139,0.15968615293170504,14.307684058084396
2025-05-15,0.03269151860244679,1.0,0.03269151860244679,0.03269151860244679,0.16490653577082504,14.775423977627193
2025-05-16,0.006036170527390583,1.0,0.006036170527390583,0.006036170527390583,0.16590193974181897,14.864610956370647
2025-05-19,-0.015200157263745906,1.0,-0.015200157263745906,-0.015200157263745906,0.16338020416738283,14.638666532169413
2025-05-20,0.007446678567066156,1.0,0.007446678567066156,0.007446678567066156,0.16459684403203897,14.747675976484947
2025-05-21,-0.03856997911198279,1.0,-0.03856997911198279,-0.03856997911198279,0.15824834719582495,14.178858422121632
2025-05-22,-0.06429985403543081,1.0,-0.06429985403543081,-0.06429985403543081,0.14807300156978523,13.267159895190172
2025-05-23,0.012249776943072055,-1.0,-0.012249776943072055,-0.014249776943072055,0.14596299432612464,13.429679644574323
2025-05-27,0.004132339992705125,-1.0,-0.004132339992705125,-0.004132339992705125,0.1453598256072158,13.485175646858815
2025-05-28,-0.01219886803307113,-1.0,0.01219886803307113,0.01219886803307113,0.14713305093710846,13.32067176874
2025-05-29,0.02648433010861062,-1.0,-0.02648433010861062,-0.02648433010861062,0.14323633064620306,13.673460837131762
2025-05-30,0.02391655360095002,1.0,0.02391655360095002,0.021916553600950017,0.14637557736441398,14.000482896153514
2025-06-02,0.0010987952239154275,1.0,0.0010987952239154275,0.0010987952239154275,0.14653641414971985,14.015866559892316
2025-06-03,0.011403938339838104,1.0,0.011403938339838104,0.011403938339838104,0.14820750638122424,14.175702637920727
2025-06-04,-0.015080904723721478,1.0,-0.015080904723721478,-0.015080904723721478,0.14597240309814866,13.961920217046437
2025-06-05,0.023182581378487388,1.0,0.023182581378487388,0.023182581378487388,0.14935642021198486,14.285593568678065
2025-06-06,0.009230762474177645,1.0,0.009230762474177645,0.009230762474177645,0.15073509385095515,14.417460489713172
2025-06-09,-0.003603029072709818,1.0,-0.003603029072709818,-0.003603029072709818,0.1501919909255325,14.36551396041409
2025-06-10,0.012656475379219767,1.0,0.012656475379219767,0.012656475379219767,0.15209289216083752,14.547330734163909
2025-06-11,0.002609547517420374,1.0,0.002609547517420374,0.002609547517420374,0.15248978578999312,14.585292684966339
2025-06-12,0.011506839828106186,1.0,0.011506839828106186,0.011506839828106186,0.1542444613305008,14.753123311738294
2025-06-13,0.012730181704366572,1.0,0.012730181704366572,0.012730181704366572,0.1562080213501302,14.94093325220365
2025-06-16,-0.013372514220165499,1.0,-0.013372514220165499,-0.013372514220165499,0.15411912736332167,14.741135409826013
2025-06-17,-0.026023397724068587,1.0,-0.026023397724068587,-0.026023397724068587,0.15010842401505958,14.35752098015176
2025-06-18,-0.004035603679488187,1.0,-0.004035603679488187,-0.004035603679488187,0.14950264590678222,14.29957971565593
2025-06-20,-0.0005588564097703808,1.0,-0.0005588564097703808,-0.0005588564097703808,0.14941909539483958,14.291588303874814
2025-06-23,-0.011184036589291346,1.0,-0.011184036589291346,-0.011184036589291346,0.14774798676480488,14.13175065736519
2025-06-24,0.009472541715821237,1.0,0.009472541715821237,0.009472541715821237,0.1491475357328631,14.265614254984666
2025-06-25,-0.014846000248263436,1.0,-0.014846000248263436,-0.014846000248263436,0.14693329138034514,14.053826942213533
2025-06-26,0.009240805120450002,1.0,0.009240805120450002,0.009240805120450002,0.1482910732916972,14.183695618183059
2025-06-27,-0.0014086112837747855,1.0,-0.0014086112837747855,-0.0014086112837747855,0.14808218881257543,14.16371630448966
2025-06-30,-0.020736392538336035,1.0,-0.020736392538336035,-0.020736392538336035,0.14501149841742186,13.870011923398131
2025-07-01,0.05243449674130507,-1.0,-0.05243449674130507,-0.05443449674130507,0.13711787047936694,14.597279018397414
2025-07-02,-0.0005475664507239575,1.0,-0.0005475664507239575,-0.0025475664507239575,0.13676855359273898,14.589286038135082
2025-07-03,0.011777623418581351,1.0,0.011777623418581351,0.011777623418581351,0.13837936211245833,14.761113155038204
2025-07-07,0.011775897938250957,1.0,0.011775897938250957,0.011775897938250957,0.14000890335745492,14.934938517006907
2025-07-08,-0.03063544702318688,1.0,-0.03063544702318688,-0.03063544702318688,0.13571966801587312,14.477399999274589
2025-07-09,0.016422932410045554,1.0,0.016422932410045554,0.016422932410045554,0.13794858295041162,14.715161360935868
2025-07-10,0.013441997742435152,1.0,0.013441997742435152,0.013441997742435152,0.1398028874910032,14.912962526729137
2025-07-11,-0.0032156417295091666,1.0,-0.0032156417295091666,-0.0032156417295091666,0.13935333149208126,14.86500778211758
2025-07-14,0.008602320950023223,1.0,0.008602320950023223,0.008602320950023223,0.14055209357503112,14.992881349983948
2025-07-15,-0.004530982953707907,1.0,-0.004530982953707907,-0.004530982953707907,0.1399152544349347,14.924948860160205
2025-07-16,0.0009370984858245723,1.0,0.0009370984858245723,0.0009370984858245723,0.1400463688080094,14.93893500713807
2025-07-17,0.00548346105537334,1.0,0.00548346105537334,0.00548346105537334,0.1408143076173146,15.020852075458466
2025-07-18,0.01024195635108005,1.0,0.01024195635108005,0.01024195635108005,0.1422565216095387,15.17469498677134
2025-07-21,0.0028967096892225097,1.0,0.0028967096892225097,0.0028967096892225097,0.14266859745404015,15.218651672770518
2025-07-22,0.0179861575968574,1.0,0.0179861575968574,0.0179861575968574,0.14523465733197113,15.492376740168647
2025-07-23,-0.06087183039999444,1.0,-0.06087183039999444,-0.06087183039999444,0.13639395790265807,14.549327410748282
2025-07-24,-0.011672519186753938,1.0,-0.011672519186753938,-0.011672519186753938,0.134801896812082,14.379500107391957
2025-07-25,-0.001667360036545329,-1.0,0.001667360036545329,-0.0003326399634546711,0.1347570563140528,14.355524303567393
2025-07-28,-0.007098279158699761,-1.0,0.007098279158699761,0.007098279158699761,0.13571359951837456,14.253624784591173
2025-07-29,0.008550615442056708,-1.0,-0.008550615442056708,-0.008550615442056708,0.13455316471863565,14.37550204877958
2025-07-30,-0.013342590049771785,-1.0,0.013342590049771785,0.013342590049771785,0.13634845243537583,14.18369561818306
2025-07-31,0.0009861827153951896,-1.0,-0.0009861827153951896,-0.0009861827153951896,0.1362139879483132,14.19768333364214
2025-08-01,-0.009287918172019127,-1.0,0.009287918172019127,0.009287918172019127,0.13747913232226153,14.065816412607031
2025-08-04,0.0018464964739377532,-1.0,-0.0018464964739377532,-0.0018464964739377532,0.13722527758918845,14.091788893015966
2025-08-05,0.009216022567234416,-1.0,-0.009216022567234416,-0.009216022567234416,0.13596060633413148,14.221659137466705
2025-08-06,-0.008991245653404145,-1.0,0.008991245653404145,0.008991245653404145,0.13718306154486745,14.093788706562762
2025-08-07,0.028919737162499848,-1.0,-0.028919737162499848,-0.028919737162499848,0.13321576346184286,14.501377371580366
2025-08-08,-0.0023423312339313496,1.0,-0.0023423312339313496,-0.00434233123393135,0.13263729649131048,14.467410342427888
2025-08-11,0.0005523733406302966,-1.0,-0.0005523733406302966,-0.0025523733406302967,0.1322987565917728,14.475401754209004
2025-08-12,-0.008143523479268278,-1.0,0.008143523479268278,0.008143523479268278,0.1333761346223559,14.357520980151762
2025-08-13,0.006123048932937358,-1.0,-0.006123048932937358,-0.006123048932937358,0.13255946602357718,14.445432783668906
2025-08-14,-0.0008298748879185247,-1.0,0.0008298748879185247,0.0008298748879185247,0.13266947379558605,14.433444881756625
2025-08-15,0.0438815632688736,-1.0,-0.0438815632688736,-0.0438815632688736,0.1268477298873769,15.066807006523227
2025-08-18,0.00411087462659987,1.0,0.00411087462659987,0.0021108746265998696,0.12711548954183793,15.128744761150221
2025-08-19,0.010433183480666575,1.0,0.010433183480666575,0.010433183480666575,0.1284417087674627,15.286585731075474
2025-08-20,-0.004313311971641642,1.0,-0.004313311971641642,-0.004313311971641642,0.1278876996073779,15.2206499178361
2025-08-21,-0.0013125421923525504,1.0,-0.0013125421923525504,-0.0013125421923525504,0.1277198416057603,15.200672172623912
2025-08-22,0.003154468343464112,1.0,0.003154468343464112,0.003154468343464112,0.12812272980293793,15.248622211791831
2025-08-25,-0.013102681645764225,1.0,-0.013102681645764225,-0.013102681645764225,0.12644397846274377,15.048824369414193
2025-08-26,-0.006372804475888283,1.0,-0.006372804475888283,-0.006372804475888283,0.1256381757108473,14.952921154115934
2025-08-27,-0.012693824307359769,1.0,-0.012693824307359769,-0.012693824307359769,0.1240433467820766,14.763111400103783
2025-08-28,-0.0168159721030674,1.0,-0.0168159721030674,-0.0168159721030674,0.12195743732301809,14.514855330645162
2025-08-29,-0.0005547821431901578,-1.0,0.0005547821431901578,-0.0014452178568098422,0.12178118225682809,14.506802748096732
2025-09-02,0.008327540783282572,-1.0,-0.008327540783282572,-0.008327540783282572,0.12076704449494799,14.627608739616543
2025-09-03,-0.01403993364765277,1.0,-0.01403993364765277,-0.01603993364765277,0.11882994911442589,14.4222380834885
2025-09-04,-0.010610074960027305,-1.0,0.010610074960027305,0.008610074960027305,0.11985308388379733,14.269217056331327
2025-09-05,0.0004233043150219107,-1.0,-0.0004233043150219107,-0.0004233043150219107,0.11980234955622063,14.275257277483256
2025-09-08,-0.015938009026158273,-1.0,0.015938009026158273,0.015938009026158273,0.12171176048480264,14.047738098143997
2025-09-09,0.00429989366106498,-1.0,-0.00429989366106498,-0.00429989366106498,0.12118841285741698,14.108141878144506
2025-09-10,0.01384325284701271,-1.0,-0.01384325284701271,-0.01384325284701271,0.11951077101610359,14.30344445336519
2025-09-11,0.003941532328811448,-1.0,-0.003941532328811448,-0.003941532328811448,0.11903971544850243,14.359821942091488
2025-09-12,0.00448682940043077,-1.0,-0.00448682940043077,-0.00448682940043077,0.11850560455340918,14.424252013366214
2025-09-15,-0.0019543691290362375,-1.0,0.0019543691290362375,0.0019543691290362375,0.11873720824856614,14.396061700521852
2025-09-16,-0.023356498366535527,-1.0,0.023356498366535527,0.023356498366535527,0.12151049365907077,14.059820108929069
2025-09-17,0.006873627770549451,-1.0,-0.006873627770549451,-0.006873627770549451,0.12067527575544261,14.156462078878732
2025-09-18,0.006827035939827031,-1.0,-0.006827035939827031,-0.006827035939827031,0.11985142131081167,14.253108754272036
2025-09-19,0.00409663962644613,-1.0,-0.00409663962644613,-0.00409663962644613,0.1193604332289839,14.311498604394833
2025-09-22,0.01786708672573667,-1.0,-0.01786708672573667,-0.01786708672573667,0.11722781001686014,14.567203391134814
2025-09-23,-0.0004146452129312195,-1.0,0.0004146452129312195,0.0004146452129312195,0.11727641796710604,14.561163169982885
2025-09-24,0.020879599922745573,-1.0,-0.020879599922745573,-0.020879599922745573,0.11482773327958018,14.865194431381946
2025-09-25,0.011106579885190593,1.0,0.011106579885190593,0.009106579885190593,0.11587342120572604,15.03029590084298
2025-09-26,0.016074894077425128,1.0,0.016074894077425128,0.016074894077425128,0.11773607417799695,15.271906315401388
2025-09-29,0.004746245871825039,1.0,0.004746245871825039,0.004746245871825039,0.11829487853402915,15.344390537705761
2025-09-30,-0.009447548651170146,1.0,-0.009447548651170146,-0.009447548651170146,0.11717728191389465,15.199423661578232
2025-10-01,0.04212470806568391,1.0,0.04212470806568391,0.04212470806568391,0.1221133407064478,15.839694946088864
2025-10-02,-0.006228495475725904,1.0,-0.006228495475725904,-0.006228495475725904,0.12135275831633192,15.74103747778027
2025-10-03,0.024046998723675328,1.0,0.024046998723675328,0.024046998723675328,0.12427092794067923,16.11956218591778
2025-10-06,0.025605859351092386,1.0,0.025605859351092386,0.025605859351092386,0.127452991842958,16.532317428051577
2025-10-07,0.013396633029215899,1.0,0.013396633029215899,0.013396633029215899,0.12916043280315376,16.753794817757694
2025-10-08,0.009974778917646754,1.0,0.009974778917646754,0.009974778917646754,0.1304487795652728,16.92091021709644
2025-10-09,-0.003926739182464778,1.0,-0.003926739182464778,-0.003926739182464778,0.12993654123124912,16.854466215944
2025-10-10,-0.004300501297074044,1.0,-0.004300501297074044,-0.004300501297074044,0.12937774896714682,16.781983562120843
2025-10-13,0.011397809544958726,1.0,0.011397809544958726,0.011397809544958726,0.13085237190922985,16.973261414548524
2025-10-14,0.0040331884884696745,1.0,0.0040331884884696745,0.0040331884884696745,0.13138012418930312,17.041717777097467
2025-10-15,0.013586887493433064,1.0,0.013586887493433064,0.013586887493433064,0.13316517115553644,17.27326167922973
2025-10-16,-0.008625653346113649,1.0,-0.008625653346113649,-0.008625653346113649,0.13201653455137288,17.124268511827985
2025-10-17,-0.0061141780363132,1.0,-0.0061141780363132,-0.0061141780363132,0.1312093619553887,17.019567685405036
2025-10-20,0.002839188991673236,1.0,0.002839188991673236,0.002839188991673236,0.1315818901314569,17.067889454620477
2025-10-21,-0.009201240163156932,1.0,-0.009201240163156932,-0.009201240163156932,0.13037117355923525,16.910843704670302
2025-10-22,-0.013692130011794146,1.0,-0.013692130011794146,-0.013692130011794146,0.12858611450107202,16.679298234056827
2025-10-23,0.004949387081716106,1.0,0.004949387081716106,0.004949387081716106,0.1292225369550717,16.761850537268558
2025-10-24,0.013933893008452714,1.0,0.013933893008452714,0.013933893008452714,0.13102310995928448,16.995408369278532
2025-10-27,0.019192045319573525,1.0,0.019192045319573525,0.019192045319573525,0.13353771142353454,17.321585016926385
2025-10-28,-0.02859463541581775,1.0,-0.02859463541581775,-0.02859463541581775,0.1297192492511159,16.826280608543282
2025-10-29,-0.02165849440619161,1.0,-0.02165849440619161,-0.02165849440619161,0.12690972561683522,16.46184870410614
2025-10-30,-0.0014677849081984329,1.0,-0.0014677849081984329,-0.0014677849081984329,0.12672344943687122,16.437686251017205
2025-10-31,-0.002939694095478229,1.0,-0.002939694095478229,-0.002939694095478229,0.12635092126080302,16.389364481801767
2025-11-03,0.004668302646118061,1.0,0.004668302646118061,0.004668302646118061,0.12694076560086429,16.465874995380357
2025-11-04,-0.001100593314481424,1.0,-0.001100593314481424,-0.001100593314481424,0.12680105544290882,16.447752763443354
2025-11-05,0.0055086483280279985,1.0,0.0055086483280279985,0.0055086483280279985,0.12749955786496658,16.538357649203515
2025-11-06,-0.001704351573464269,1.0,-0.001704351573464269,-0.001704351573464269,0.12728225379290342,16.51017047332158
2025-11-07,0.023536570362661324,1.0,0.023536570362661324,0.023536570362661324,0.1302780415152182,16.898763262366447
2025-11-10,0.01000819939472608,1.0,0.01000819939472608,0.01000819939472608,0.1315818901314569,17.06788945462048
2025-11-11,0.011678864716608395,1.0,0.011678864716608395,0.011678864716608395,0.1331186172254578,17.26722302655902
2025-11-12,0.0015156853816478133,1.0,0.0015156853816478133,0.0015156853816478133,0.1333203831676116,17.293394704082026
2025-11-13,-0.022121220613869563,1.0,-0.022121220613869563,-0.022121220613869563,0.13037117355923525,16.910843704670302
2025-11-14,-0.0013098158837760998,1.0,-0.0013098158837760998,-0.0013098158837760998,0.13020041132532084,16.88869361297787
2025-11-17,0.02229384485564312,1.0,0.02229384485564312,0.02229384485564312,0.13310307909554847,17.26520752820009
2025-11-18,-0.012944515768928966,1.0,-0.012944515768928966,-0.012944515768928966,0.13138012418930314,17.041717777097475
2025-11-19,-0.004371516601583747,1.0,-0.004371516601583747,-0.004371516601583747,0.13080579379529148,16.967219624915387
2025-11-20,0.00035608601566461395,1.0,0.00035608601566461395,0.00035608601566461395,0.13085237190922988,16.973261414548528
2025-11-21,-0.003021587746499743,1.0,-0.003021587746499743,-0.003021587746499743,0.13045698998566851,16.92197521584019
2025-11-24,0.00898425352670107,1.0,0.00898425352670107,0.00898425352670107,0.13162904865803007,17.074006531351852
2025-11-25,0.007123294114275147,1.0,0.007123294114275147,0.007123294114275147,0.13256668108560346,17.195629701583727
2025-11-26,0.008369700333003882,1.0,0.008369700333003882,0.008369700333003882,0.13367622448043084,17.339551969223283
2025-11-28,0.008767801342289161,1.0,0.008767801342289161,0.008767801342289161,0.1348482710608625,17.49158171625373
2025-12-01,-0.019005690767412986,1.0,-0.019005690767412986,-0.019005690767412986,0.13228538652055946,17.159142123121676
2025-12-02,-0.0008268758981397895,1.0,-0.0008268758981397895,-0.0008268758981397895,0.13217600292276951,17.14495364206731
2025-12-03,0.004374468880818716,1.0,0.004374468880818716,0.004374468880818716,0.13275420273434618,17.219953708237615
2025-12-04,-0.018363758185817924,1.0,-0.018363758185817924,-0.018363758185817924,0.1303163366571816,16.90373064236856
2025-12-05,-0.003117897867642494,1.0,-0.003117897867642494,-0.003117897867642494,0.12991002362899917,16.851026536643516
2025-12-08,-0.031035699529326055,1.0,-0.031035699529326055,-0.031035699529326055,0.1258781751698019,16.32804314029155
2025-12-09,-0.011297299986993359,-1.0,0.011297299986993359,0.009297299986993359,0.12704850232617085,16.143580338735106
2025-12-10,0.02046705501447077,-1.0,-0.02046705501447077,-0.02046705501447077,0.12444819363955499,16.473991885658524
2025-12-11,-0.0007381595748093828,-1.0,0.0007381595748093828,0.0007381595748093828,0.12454005626525777,16.46183145081279
2025-12-12,0.0054179947092991565,-1.0,-0.0054179947092991565,-0.0054179947092991565,0.12386529889931679,16.55102156651867
2025-12-15,0.0,-1.0,-0.0,-0.0,0.12386529889931679,16.55102156651867
2025-12-16,-0.004041693438182947,-1.0,0.004041693438182947,0.004041693438182947,0.12436592446509671,16.484127411258047
2025-12-17,-0.012666025412358284,-1.0,0.012666025412358284,0.012666025412358284,0.12594114642480306,16.2753390345665
2025-12-18,0.006974705141311599,-1.0,-0.006974705141311599,-0.006974705141311599,0.12506274406333132,16.38885472540748
2025-12-19,-0.016202806255873226,-1.0,0.016202806255873226,0.016202806255873226,0.12708911147521734,16.12330928753605
2025-12-22,0.0062861591070753065,-1.0,-0.0062861591070753065,-0.0062861591070753065,0.12629020909970728,16.224662975050087
2025-12-23,-0.003123396744471041,-1.0,0.003123396744471041,0.003123396744471041,0.12668466352766788,16.173986915533675
2025-12-24,0.008271626177113411,-1.0,-0.008271626177113411,-0.008271626177113411,0.12563677534859363,16.30777208909249
2025-12-26,-0.0004970581429145637,-1.0,0.0004970581429145637,0.0004970581429145637,0.1256992241308302,16.299666178182814
2025-12-29,-0.0017412422587130827,-1.0,0.0017412422587130827,0.0017412422587130827,0.12591809693177425,16.271284510630448
2025-12-30,0.0032390869750087425,-1.0,-0.0032390869750087425,-0.0032390869750087425,0.12551023726408464,16.323988616355493
2025-12-31,-0.0031043919906705852,-1.0,0.0031043919906705852,0.0031043919906705852,0.12589987023939442,16.27331255683908
2026-01-02,0.008096708267133934,-1.0,-0.008096708267133934,-0.008096708267133934,0.12488049571919603,16.405072821151695
2026-01-05,0.0048189112580119264,-1.0,-0.0048189112580119264,-0.0048189112580119264,0.12427870769246868,16.484127411258047
2026-01-06,-0.003320103855413814,-1.0,0.003320103855413814,0.003320103855413814,0.12469132590902429,16.429398396286796
2026-01-07,-0.03306599757625939,-1.0,0.03306599757625939,0.03306599757625939,0.12881436898931267,15.886143948735777
2026-01-08,0.014291058543430601,-1.0,-0.014291058543430601,-0.014291058543430601,0.12697347530085135,16.113173761936526
2026-01-09,0.005032071118510784,-1.0,-0.005032071118510784,-0.005032071118510784,0.126334535742973,16.19425639825151
2026-01-12,0.015396228944267287,-1.0,-0.015396228944267287,-0.015396228944267287,0.12438946030710646,16.443586877341158
2026-01-13,0.006410293097021347,-1.0,-0.006410293097021347,-0.006410293097021347,0.1235920874083576,16.548995088791248
2026-01-14,0.004164641576014594,-1.0,-0.004164641576014594,-0.004164641576014594,0.12307737066267033,16.61791572177929
2026-01-15,0.0025616076551482347,-1.0,-0.0025616076551482347,-0.0025616076551482347,0.12276209472780532,16.66048430190481
2026-01-16,0.017520254331344187,1.0,0.017520254331344187,0.015520254331344187,0.12466739366022943,16.952380224157547
2026-01-20,-0.0014348431507704706,1.0,-0.0014348431507704706,-0.0014348431507704706,0.12448851550431164,16.92805621750366
2026-01-21,0.00407138493058512,1.0,0.00407138493058512,0.00407138493058512,0.1249953561703668,16.996976850491702
2026-01-22,0.01454978935703255,1.0,0.01454978935703255,0.01454978935703255,0.1268140122732529,17.244279283372716
2026-01-23,-0.003056324063126392,1.0,-0.003056324063126392,-0.003056324063126392,0.12642642755600056,17.19157517764767
2026-01-26,0.007782110752363236,1.0,0.007782110752363236,0.007782110752363236,0.12741029201726697,17.325361919687705
2026-01-27,0.019656076599310346,1.0,0.019656076599310346,0.019656076599310346,0.12991467847669888,17.66591056069186
2026-01-28,0.00481920201493935,1.0,0.00481920201493935,0.00481920201493935,0.130540763556984,17.751046152461683
2026-01-29,0.006965855160224299,1.0,0.006965855160224299,0.006965855160224299,0.13145009160842702,17.874697368902186
2026-01-30,-0.003175273964561076,1.0,-0.003175273964561076,-0.003175273964561076,0.13103270155490362,17.817940307722303
2026-02-02,-0.01786118586661478,1.0,-0.01786118586661478,-0.01786118586661478,0.12869230211782684,17.499690764125827
2026-02-03,0.028842728119233163,1.0,0.028842728119233163,0.028842728119233163,0.13240413919884952,18.004429587006165
2026-02-04,0.01294750173666559,1.0,0.01294750173666559,0.01294750173666559,0.13411844202106835,18.2375419703516
2026-02-05,-0.008447203302304307,1.0,-0.008447203302304307,-0.008447203302304307,0.13298551627472807,18.083485745593734
2026-02-06,0.0029144881947269496,1.0,0.0029144881947269496,0.0029144881947269496,0.13337310099198044,18.13618985131878
2026-02-09,0.00011173668471897713,1.0,0.00011173668471897713,0.00011173668471897713,0.13338800366011597,18.138216329046198
2026-02-10,0.015087177304491162,1.0,0.015087177304491162,0.015087177304491162,0.13540045212162824,18.411870814789737
2026-02-11,0.005835162474224109,1.0,0.005835162474224109,0.005835162474224109,0.13619053575884135,18.51930707244846
2026-02-12,0.006239011433656572,1.0,0.006239011433656572,0.006239011433656572,0.13704023006859659,18.634849241016862
2026-02-13,0.02034160256897999,1.0,0.02034160256897999,0.02034160256897999,0.13982784796461356,19.013911938210487
2026-02-17,-0.01162054127618406,1.0,-0.01162054127618406,-0.01162054127618406,0.13820297268578077,18.792959989710784
2026-02-18,-0.01607160428686283,1.0,-0.01607160428686283,-0.01607160428686283,0.1359818291975068,18.490926973377306
2026-02-19,0.004604266750586339,1.0,0.004604266750586339,0.004604266750586339,0.13660792581236478,18.576064133628346
2026-02-20,0.005892591999979713,1.0,0.005892591999979713,0.005892591999979713,0.13741290058314054,18.685525300533275
2026-02-23,0.020394886886598185,1.0,0.020394886886598185,0.020394886886598185,0.14021542114729305,19.06661447545432
2026-02-24,0.01722304028430166,1.0,0.01722304028430166,0.01722304028430166,0.14263035699419319,19.394999544650318
2026-02-25,-0.005957317415883678,1.0,-0.005957317415883678,-0.005957317415883678,0.14178066268443798,19.27945737608192
2026-02-26,-0.03280422720838283,1.0,-0.03280422720838283,-0.03280422720838283,0.1371296576119826,18.647009675862595
2026-02-27,0.02630054042632679,1.0,0.02630054042632679,0.02630054042632679,0.14073624171565488,19.137436107672727
2026-03-02,-0.011304248834115627,1.0,-0.011304248834115627,-0.011304248834115627,0.13914532421932288,18.921101767864606
2026-03-03,-0.001294336131317686,1.0,-0.001294336131317686,-0.001294336131317686,0.1389652233986819,18.89661150220212
2026-03-04,0.00010798730016237101,1.0,0.00010798730016237101,0.00010798730016237101,0.13898022987797318,18.89865209626046
2026-03-05,-0.015874742945771292,1.0,-0.015874742945771292,-0.015874742945771292,0.13677395445411614,18.598640852210764
2026-03-06,-0.0012070597944515704,1.0,-0.0012070597944515704,-0.0012070597944515704,0.13660886011276643,18.576191180606617
2026-03-09,0.010876751372449256,1.0,0.010876751372449256,0.010876751372449256,0.1380947207194867,18.77823979352516
2026-03-10,-0.005108148480769348,1.0,-0.005108148480769348,-0.005108148480769348,0.13738931238164118,18.682317756452342
2026-03-11,0.0013109633645558283,1.0,0.0013109633645558283,0.0013109633645558283,0.13756942473685502,18.70680959059604
2026-03-12,0.0007636645265669539,1.0,0.0007636645265669539,0.0007636645265669539,0.13767448162646678,18.721095317485624
2026-03-13,0.011446645728555804,1.0,0.011446645728555804,0.011446645728555804,0.13925039264350753,18.935389063235405
2026-03-16,0.0004310646169505272,1.0,0.0004310646169505272,0.0004310646169505272,0.1393104185606726,18.94355143946876
2026-03-17,-0.003124285870418353,1.0,-0.003124285870418353,-0.003124285870418353,0.13887517298836144,18.884366369370884
2026-03-18,-0.016967491274433533,1.0,-0.016967491274433533,-0.016967491274433533,0.13651880970244598,18.563946047775378
2026-03-19,0.015941118077558825,1.0,0.015941118077558825,0.015941118077558825,0.13869507216772045,18.859876103708398
2026-03-20,-0.03149008690075061,1.0,-0.03149008690075061,-0.03149008690075061,0.13432755229245305,18.26597696626523
2026-03-23,0.008156438895704055,1.0,0.008156438895704055,0.008156438895704055,0.13542318676473594,18.414962291260913
2026-03-24,0.015405046729592753,1.0,0.015405046729592753,0.015405046729592753,0.13750938728511708,18.698645645881477
2026-03-25,-0.005020677770528503,1.0,-0.005020677770528503,-0.005020677770528503,0.1368189969611357,18.60476577134821
2026-03-26,0.0,1.0,0.0,0.0,0.1368189969611357,18.60476577134821
2026-03-27,0.002632687340810458,1.0,0.002632687340810458,0.002632687340810458,0.13717919860241767,18.65374630267318
2026-03-30,0.007111570695455205,1.0,0.007111570695455205,0.007111570695455205,0.13815475817122466,18.786403738239727
2026-03-31,0.009016778113603241,1.0,0.009016778113603241,0.009016778113603241,0.13940046897099312,18.955796572300002
2026-04-01,-0.0003229504047306264,1.0,-0.0003229504047306264,-0.0003229504047306264,0.1393554495331193,18.949674790124988
2026-04-02,0.0032310439791469747,1.0,0.0032310439791469747,0.0032310439791469747,0.1398057131192946,19.010902022762416
2026-04-06,-0.004508860137056092,1.0,-0.004508860137056092,-0.004508860137056092,0.1391753487124783,18.9251845244625
2026-04-07,0.01013688957254022,1.0,0.01013688957254022,0.01013688957254022,0.14058615385359646,19.117027030126923
2026-04-08,0.0053379318639990014,1.0,0.0053379318639990014,0.0053379318639990014,0.14133659316388864,19.21907241785597
2026-04-09,0.00329192925237054,1.0,0.00329192925237054,0.00329192925237054,0.14180186322935523,19.282340244551737
2026-04-10,-0.004233653211522914,1.0,-0.004233653211522914,-0.004233653211522914,0.14120152331569433,19.20070550284971
2026-04-13,-0.018920089717096467,1.0,-0.018920089717096467,-0.018920089717096467,0.1385299778263707,18.837426432104248
2026-04-14,-0.010725913842147383,1.0,-0.010725913842147383,-0.010725913842147383,0.13704411721965046,18.63537781918571
2026-04-15,-0.0007666759166043979,-1.0,0.0007666759166043979,-0.001233324083395602,0.13687509740939577,18.621090523814917
2026-04-16,0.006466531649288676,-1.0,-0.006466531649288676,-0.006466531649288676,0.13598999025999844,18.741504395031438
2026-04-17,0.0016334663255117565,-1.0,-0.0016334663255117565,-0.0016334663255117565,0.13576785519030207,18.772118011350152
2026-04-20,0.00032611036065910426,1.0,0.00032611036065910426,-0.0016738896393408958,0.1355405947841435,18.77823979352517
2026-04-21,-0.015324445442308043,-1.0,0.015324445442308043,0.013324445442308043,0.13734659804456278,18.490473682306718
2026-04-22,-0.006622485659240618,-1.0,0.006622485659240618,0.006622485659240618,0.13825617392045836,18.368020785513075
2026-04-23,0.06944441005046231,-1.0,-0.06944441005046231,-0.06944441005046231,0.12865505548671802,19.643577152757658
2026-04-24,-0.010077892370680575,1.0,-0.010077892370680575,-0.012077892370680575,0.1271011735736055,19.445611296437008
2026-04-27,-0.004722879578064831,1.0,-0.004722879578064831,-0.004722879578064831,0.12650089003658666,19.35377201596208
2026-04-28,0.017715926017774386,1.0,0.017715926017774386,0.017715926017774386,0.12874197044565744,19.696642009161735
2026-04-29,-0.024246244160990194,1.0,-0.024246244160990194,-0.024246244160990194,0.12562046119646506,19.219072417855983
2026-04-30,0.0393968123365287,1.0,0.0393968123365287,0.0393968123365287,0.13056950693185038,19.97624260718441
2026-05-01,-0.009501460500836889,1.0,-0.009501460500836889,-0.009501460500836889,0.12932890591912366,19.78643912709711
2026-05-04,-0.014852916334490152,1.0,-0.014852916334490152,-0.014852916334490152,0.12740799449987578,19.492552802184857
2026-05-05,0.008061935387519759,1.0,0.008061935387519759,0.008061935387519759,0.12843514951938725,19.64970050341389
2026-05-06,-0.009243883149322007,1.0,-0.009243883149322007,-0.009243883149322007,0.12724791000496433,19.468060968041158
2026-05-07,-0.0217003707527349,1.0,-0.0217003707527349,-0.0217003707527349,0.12448658318034596,19.04559682719782
2026-05-08,-0.002357465802498626,1.0,-0.002357465802498626,-0.002357465802498626,0.12419311031762839,19.000697483989523
2026-05-11,0.018689501153781984,1.0,0.018689501153781984,0.018689501153781984,0.1265142175962015,19.35581104153921
2026-05-12,-0.002635959055077297,1.0,-0.002635959055077297,-0.002635959055077297,0.12618073129873275,19.304789916155897
2026-05-13,0.002748710975531088,1.0,0.002748710975531088,0.002748710975531088,0.12652756565975412,19.357853204078758
2026-05-14,0.008750681222533307,1.0,0.008750681222533307,0.008750681222533307,0.1276347680527058,19.527247606620247
2026-05-15,-0.02424749479528998,1.0,-0.02424749479528998,-0.02424749479528998,0.12453994467864976,19.053760771912383
2026-05-18,-0.0462725054237747,1.0,-0.0462725054237747,-0.0462725054237747,0.11877716941303033,18.17209552325076
2026-05-19,0.011455497514153423,-1.0,-0.011455497514153423,-0.013455497514153423,0.11717896350525513,18.380265918344318
2026-05-20,-0.01987564632779315,-1.0,0.01987564632779315,0.01987564632779315,0.11950797114094296,18.014946253540515
2026-05-21,0.016087101769790113,-1.0,-0.016087101769790113,-0.016087101769790113,0.11758543424689746,18.30475452729852
2026-05-22,-0.012710480705451555,-1.0,0.012710480705451555,0.012710480705451555,0.11908000164013481,18.072092298061264
2026-05-26,-0.010163744540568453,-1.0,0.010163744540568453,0.010163744540568453,0.12029030035669562,17.888412168630193
2026-05-27,0.0,-1.0,-0.0,-0.0,0.12029030035669562,17.888412168630193
2026-05-28,-0.004563642061333861,-1.0,0.004563642061333861,0.004563642061333861,0.12083926223097394,17.806775858446954
2026-05-29,-0.0027506681565678814,-1.0,0.0027506681565678814,0.0027506681565678814,0.12117165094165583,17.757795327121983
2026-06-01,-0.038501366850238306,-1.0,0.038501366850238306,0.038501366850238306,0.12583692512640954,17.074095934781013
2026-06-02,0.024145325389125727,-1.0,-0.024145325389125727,-0.024145325389125727,0.12279855162326533,17.48635553685145
2026-06-03,-0.01283839365889372,-1.0,0.01283839365889372,0.01283839365889372,0.12437508776974682,17.261858820809973
2026-06-04,0.013005361610931132,-1.0,-0.013005361610931132,-0.013005361610931132,0.12275754477790995,17.48635553685145
2026-06-05,0.009205557904133466,-1.0,-0.009205557904133466,-0.009205557904133466,0.12162749309128765,17.647327195278198
2026-06-08,-0.021318665886899346,-1.0,0.021318665886899346,0.021318665886899346,0.12422042897916197,17.27110972300527
2026-06-09,0.009760738887906628,-1.0,-0.009760738887906628,-0.009760738887906628,0.12300794580735262,17.43968851531591
2026-06-10,0.003418612628405926,-1.0,-0.003418612628405926,-0.003418612628405926,0.12258742929042134,17.499308054709836
2026-06-11,-0.003289548868143699,-1.0,0.003289548868143699,0.003289548868143699,0.12299068662969229,17.441743225705167
2026-06-12,0.01355494549173275,-1.0,-0.01355494549173275,-0.01355494549173275,0.12132355457643602,17.6781651044104
2026-06-15,0.0015118605191555279,-1.0,-0.0015118605191555279,-0.0015118605191555279,0.1211401302842283,17.70489202428287
2026-06-16,0.0012772945522918633,-1.0,-0.0012772945522918633,-0.0012772945522918633,0.12098539865575234,17.7275063864144
2026-06-17,-0.005798445790734075,-1.0,0.005798445790734075,0.005798445790734075,0.12168692593132807,17.624714401627884
2026-06-18,0.011897779110303874,-1.0,-0.011897779110303874,-0.011897779110303874,0.12023912176598522,17.834409360460644
2026-06-22,-0.007723321832222574,-1.0,0.007723321832222574,0.007723321832222574,0.12116776720020772,17.696668477282202
2026-06-23,0.004065967317333774,-1.0,-0.004065967317333774,-0.004065967317333774,0.12067510301885737,17.768622552936524
2026-06-24,0.013768395663594557,-1.0,-0.013768395663594557,-0.013768395663594557,0.1190136004537487,18.013267978642425
2026-06-25,0.00091296734937929,-1.0,-0.00091296734937929,-0.00091296734937929,0.11890494492240236,18.029713504162544
2026-06-26,0.00980616465538886,-1.0,-0.00980616465538886,-0.00980616465538886,0.11773894345415334,18.20651584347385
2026-06-29,0.0011292469091301882,-1.0,-0.0011292469091301882,-0.0011292469091301882,0.11760598711617348,18.22707549521612
2026-06-30,-0.010038427501479208,-1.0,0.010038427501479208,0.010038427501479208,0.1187865662915791,18.044104319293403
2026-07-01,-0.01595071151908234,-1.0,0.01595071151908234,0.01595071151908234,0.12068129654283845,17.756288016676127
2026-07-02,0.022808770738247386,-1.0,-0.022808770738247386,-0.022808770738247386,0.1179287045175984,18.161287119210783
2026-07-06,-0.01018784167753417,-1.0,0.01018784167753417,0.01018784167753417,0.11913014348846039,17.976262801380024
2026-07-07,0.011779491657574859,-1.0,-0.011779491657574859,-0.011779491657574859,0.11772685095707237,18.188014039083253
2026-07-08,-0.011642350684808678,-1.0,0.011642350684808678,0.011642350684808678,0.11909746824093281,17.976262801380024
2026-07-09,-0.003888425866787837,-1.0,0.003888425866787837,0.003888425866787837,0.11956056991710981,17.90636343611496
2026-07-10,0.009873715561626417,-1.0,-0.009873715561626417,-0.009873715561626417,0.11838006285736231,18.08316577542627
2026-07-13,0.004774876913561155,-1.0,-0.004774876913561155,-0.004774876913561155,0.11781481262819878,18.16951066621145
2026-07-14,0.01312518327855594,-1.0,-0.01312518327855594,-0.01312518327855594,0.11626847161952494,18.407988823787154
2026-07-15,-0.004914032129856194,1.0,-0.004914032129856194,-0.006914032129856194,0.11546458767105827,18.31753137526103
2026-07-16,0.002805836187220745,1.0,0.002805836187220745,0.002805836187220745,0.11578856238948824,18.36892736765429
2026-07-17,-0.00615551686352378,1.0,-0.00615551686352378,-0.00615551686352378,0.11507582394109657,18.25585712547785
2026-07-20,-0.009009043066040445,1.0,-0.009009043066040445,-0.009009043066040445,0.11403910088735114,18.091389322426938
2026-07-21,-0.0007954510775479706,1.0,-0.0007954510775479706,-0.0007954510775479706,0.1139483883616677,18.076998507296075
2026-07-22,0.016831608686420862,1.0,0.016831608686420862,0.016831608686420862,0.11586632304501959,18.381263472395897
2026-07-23,0.004250052990200315,1.0,0.004250052990200315,0.004250052990200315,0.1163587610577406,18.459384816180414
2026-07-24,-0.00011139476699506545,1.0,-0.00011139476699506545,-0.00011139476699506545,0.11634579930066473,18.457328537309944
2026-07-27,-0.010581387404309694,1.0,-0.010581387404309694,-0.010581387404309694,0.11511469932540033,18.262024393608048
