Date,retorno_mensual_activo,posicion,retorno_estrategia_bruto,retorno_estrategia_neto,equity_estrategia,equity_buy_and_hold
2005-01-04,-0.01217895656054202,0.0,-0.0,-0.0,1.0,0.987821043439458
2005-01-05,-0.0128766119210032,0.0,-0.0,-0.0,1.0,0.9751012552156877
2005-01-06,0.01623651033254858,0.0,0.0,0.0,1.0,0.9909334968212783
2005-01-07,-0.001911664367769239,0.0,-0.0,-0.0,1.0,0.9890391645645761
2005-01-10,0.003419615834642009,0.0,0.0,0.0,1.0,0.9924212985528023
2005-01-11,-0.011453087158519781,0.0,-0.0,-0.0,1.0,0.9810550109225056
2005-01-12,0.004827283474452937,0.0,0.0,0.0,1.0,0.985790841564261
2005-01-13,0.004804788858084663,0.0,0.0,0.0,1.0,0.9905273584162109
2005-01-14,0.0005465975662304334,0.0,0.0,0.0,1.0,0.9910687782596058
2005-01-18,0.011605712409750168,0.0,0.0,0.0,1.0,1.0025708374783693
2005-01-19,-0.0040486229783163186,0.0,-0.0,-0.0,1.0,0.9985118061483645
2005-01-20,0.004200171317351842,0.0,0.0,0.0,1.0,1.002705726796586
2005-01-21,0.006883180100575315,0.0,0.0,0.0,1.0,1.0096075309020052
2005-01-24,0.000535976344023803,0.0,0.0,0.0,1.0,1.0101486566553168
2005-01-25,-0.010984443468385896,0.0,-0.0,-0.0,1.0,0.9990527358416206
2005-01-26,0.017878202500899443,0.0,0.0,0.0,1.0,1.0169140029620747
2005-01-27,0.0003994796353592456,0.0,0.0,0.0,1.0,1.0173202393971696
2005-01-28,0.005055003358663823,0.0,0.0,0.0,1.0,1.022462796624159
2005-01-31,0.01429315429250999,0.0,0.0,0.0,1.0,1.0370770151346593
2005-02-01,0.013700404105158714,0.0,0.0,0.0,1.0,1.051285389330176
2005-02-02,0.006564457154323966,-1.0,-0.006564457154323966,-0.007564457154323966,0.992435542845676,1.0581865072254006
2005-02-03,0.007161415511619973,-1.0,-0.007161415511619973,-0.007161415511619973,0.985328299554858,1.0657646204924316
2005-02-04,0.011934618478712578,-1.0,-0.011934618478712578,-0.011934618478712578,0.9735687822233922,1.0784841146261186
2005-02-07,-0.006022686400457999,-1.0,0.006022686400457999,0.006022686400457999,0.9794322816879995,1.07198874301585
2005-02-08,0.009088631232219369,-1.0,-0.009088631232219369,-0.009088631232219369,0.970530582862806,1.0817316533862114
2005-02-09,-0.0068803882879611145,-1.0,0.0068803882879611145,0.0068803882879611145,0.9772082101182433,1.074288919587536
2005-02-10,-0.0036524158633073345,-1.0,0.0036524158633073345,0.0036524158633073345,0.9807773808866334,1.0703651696958592
2005-02-11,-0.004424957879786251,-1.0,0.004424957879786251,0.004424957879786251,0.9851172794865038,1.0656288489039647
2005-02-14,0.016889299625875154,-1.0,-0.016889299625875154,-0.016889299625875154,0.9684793385866293,1.0836265738230801
2005-02-15,-0.0033718028732877547,-1.0,0.0033718028732877547,0.0033718028732877547,0.9717448600031956,1.0799727986278924
2005-02-16,0.0021299375360530615,-1.0,-0.0021299375360530615,-0.0021299375360530615,0.9696751041504081,1.0822730732296062
2005-02-17,-0.0042510928224256395,-1.0,0.0042510928224256395,0.0042510928224256395,0.9737972830257469,1.0776722299360952
2005-02-18,-0.013058514709931579,-1.0,0.013058514709931579,0.013058514709931579,0.98651362917063,1.06359943126899
2005-02-22,-0.014631146154683417,-1.0,0.014631146154683417,0.014631146154683417,1.0009474542626127,1.0480377525400553
2005-02-23,-0.006456185944291204,-1.0,0.006456185944291204,0.006456185944291204,1.007409757147797,1.0412714259330196
2005-02-24,0.01728380928423401,-1.0,-0.01728380928423401,-0.01728380928423401,0.9899978790341779,1.0592685626719682
2005-02-25,0.0181403967145779,-1.0,-0.0181403967145779,-0.0181403967145779,0.9720389247619072,1.0784841146261184
2005-02-28,-0.004391191838182373,-1.0,0.004391191838182373,0.004391191838182373,0.9763073341547172,1.0737482839843628
2005-03-01,0.014239688845119058,-1.0,-0.014239688845119058,-0.014239688845119058,0.9624050214991463,1.0890381254462806
2005-03-02,-0.005890777308598327,-1.0,0.005890777308598327,0.005890777308598327,0.9680743351614746,1.0826228443687032
2005-03-03,0.007565701188758878,-1.0,-0.007565701188758878,-0.007565701188758878,0.9607501740131364,1.090813645309321
2005-03-04,0.013016136288432678,-1.0,-0.013016136288432678,-0.013016136288432678,0.948244918809046,1.1050118243819491
2005-03-07,0.010625276732258548,-1.0,-0.010625276732258548,-0.010625276732258548,0.9381695541367419,1.1167528808084253
2005-03-08,-0.00342355876480116,-1.0,0.00342355876480116,0.00342355876480116,0.9413814327366764,1.1129296116952165
2005-03-09,-0.021221452123528106,-1.0,0.021221452123528106,0.021221452123528106,0.9613589137414761,1.0893116292237697
2005-03-10,0.006767896386075556,-1.0,-0.006767896386075556,-0.006767896386075556,0.9548525362234436,1.0966839774625032
2005-03-11,-0.006473097662735849,-1.0,0.006473097662735849,0.006473097662735849,0.961033389943929,1.0895850349712308
2005-03-14,0.020298504454732358,-1.0,-0.020298504454732358,-0.020298504454732358,0.9415258493970056,1.111701981657404
2005-03-15,0.002087311910675682,-1.0,-0.002087311910675682,-0.002087311910675682,0.9395605912773501,1.1140224504448393
2005-03-16,-0.01470579176835396,-1.0,0.01470579176835396,0.01470579176835396,0.9533775736864264,1.0976398682633262
2005-03-17,0.007462282673464715,-1.0,-0.007462282673464715,-0.007462282673464715,0.9462632007370363,1.1058307672339718
2005-03-18,-0.0034567521688473324,-1.0,0.0034567521688473324,0.0034567521688473324,0.9495341981084845,1.1020081843309577
2005-03-21,-0.00768062232059552,-1.0,0.00768062232059552,0.00768062232059552,0.9568272116646453,1.0935440756729065
2005-03-22,-0.016229658020321502,-1.0,0.016229658020321502,0.016229658020321502,0.9723561900945003,1.0757962292945866
2005-03-23,-0.00355362374306889,-1.0,0.00355362374306889,0.00355362374306889,0.9758115781383401,1.0719732542714615
2005-03-24,0.005858994918406246,-1.0,-0.005858994918406246,-0.005858994918406246,0.9700943030607055,1.0782539401209055
2005-03-28,-0.0005065813297141508,-1.0,0.0005065813297141508,0.0005065813297141508,0.9705857347226983,1.0777077168061495
2005-03-29,-0.014948085026181945,-1.0,0.014948085026181945,0.014948085026181945,0.9850941328105326,1.0615980502219589
2005-03-30,0.02237648456989194,0.0,0.0,-0.001,0.984109038677722,1.0853528826121779
2005-03-31,0.010062739593070136,0.0,0.0,0.0,0.984109038677722,1.0962745060364922
2005-04-01,-0.0004979858800570058,0.0,-0.0,-0.0,0.984109038677722,1.0957285768118197
2005-04-04,0.007226674279593892,0.0,0.0,0.0,0.984109038677722,1.1036470503352818
2005-04-05,-0.0017322400318700026,0.0,-0.0,-0.0,0.984109038677722,1.1017352687336357
2005-04-06,-0.0009911241932267778,0.0,-0.0,-0.0,0.984109038677722,1.1006433122542625
2005-04-07,0.003969053442699488,0.0,0.0,0.0,0.984109038677722,1.1050118243819493
2005-04-08,-0.0034592253120226957,0.0,-0.0,-0.0,0.984109038677722,1.101189339508963
2005-04-11,0.01487770519916709,0.0,0.0,0.0,0.984109038677722,1.1175725098706428
2005-04-12,0.009039492617217038,-1.0,-0.009039492617217038,-0.010039492617217038,0.9742290832493805,1.1276747983228232
2005-04-13,-0.0070216869660962855,-1.0,0.0070216869660962855,0.0070216869660962855,0.9810698149052247,1.1197566188894446
2005-04-14,-0.012923953836030844,-1.0,0.012923953836030844,0.012923953836030844,0.9937491159029832,1.1052849360393273
2005-04-15,-0.013339733354335581,-1.0,0.013339733354335581,0.013339733354335581,1.0070054641302357,1.090540729711999
2005-04-18,0.015022529434427945,-1.0,-0.015022529434427945,-0.015022529434427945,0.9918776949047095,1.1069234099235399
2005-04-19,0.010112846833999933,-1.0,-0.010112846833999933,-0.010112846833999933,0.9818469876980772,1.1181175568250656
2005-04-20,-0.0029300707320126795,-1.0,0.0029300707320126795,0.0029300707320126795,0.9847238688200463,1.114841393296863
2005-04-21,0.017144505738782012,-1.0,-0.017144505738782012,-0.017144505738782012,0.9678412647999454,1.1339547979620728
2005-04-22,0.0009632223184024014,-1.0,-0.0009632223184024014,-0.0009632223184024014,0.9669090184930192,1.1350470485315294
2005-04-25,0.005292106577974076,-1.0,-0.005292106577974076,-0.005292106577974076,0.9617920329159498,1.141053838483373
2005-04-26,-0.0205786333832767,-1.0,0.0205786333832767,0.0205786333832767,0.9815843985522835,1.117572509870643
2005-04-27,0.0019543331636302508,-1.0,-0.0019543331636302508,-0.0019543331636302508,0.9796660556092908,1.1197566188894448
2005-04-28,-0.0078030477856682046,-1.0,0.0078030477856682046,0.0078030477856682046,0.9873104366552072,1.1110191044839322
2005-04-29,0.003195582777611561,-1.0,-0.003195582777611561,-0.003195582777611561,0.9841554044276757,1.1145694579998184
2005-05-02,0.002448882879139802,-1.0,-0.002448882879139802,-0.002448882879139802,0.9817453231073598,1.1172989080631264
2005-05-03,-0.003910588595744113,-1.0,0.003910588595744113,0.003910588595744113,0.9855845251718285,1.1129296116952174
2005-05-04,0.0,-1.0,-0.0,-0.0,0.9855845251718285,1.1129296116952174
2005-05-05,-0.008340654487390298,-1.0,0.008340654487390298,0.008340654487390298,0.9938049451644053,1.1036470503352822
2005-05-06,-0.0009893185045106723,-1.0,0.0009893185045106723,0.0009893185045106723,0.9947881347865307,1.1025551918859369
2005-05-09,0.00544815173524027,-1.0,-0.00544815173524027,-0.00544815173524027,0.9893683780837971,1.1085620798678084
2005-05-10,0.004186624925398341,-1.0,-0.004186624925398341,-0.004186624925398341,0.9852262637717105,1.1132032135027343
2005-05-11,0.010547355931191493,-1.0,-0.010547355931191493,-0.010547355931191493,0.9748347316949524,1.1249445640192939
2005-05-12,-0.011407771855019955,-1.0,0.011407771855019955,0.011407771855019955,0.9859554239104781,1.1121114530834169
2005-05-13,-0.01718703171552982,-1.0,0.01718703171552982,0.01718703171552982,1.0029010710513262,1.0929975582680682
2005-05-16,0.004746888234755886,-1.0,-0.004746888234755886,-0.004746888234755886,0.9981404117565286,1.098185895518028
2005-05-17,0.001989547733167063,-1.0,-0.001989547733167063,-0.001989547733167063,0.9961545637629359,1.1003707887770517
2005-05-18,-0.0047149917762703275,-1.0,0.0047149917762703275,0.0047149917762703275,1.0008514243389723,1.09518254955712
2005-05-19,0.004737328239963201,-1.0,-0.004737328239963201,-0.004737328239963201,0.996110062622444,1.1003707887770517
2005-05-20,0.0032252592777763933,-1.0,-0.0032252592777763933,-0.0032252592777763933,0.9928973494012845,1.1039197698725491
2005-05-23,-0.0004944482466401334,-1.0,0.0004944482466401334,0.0004944482466401334,0.9933882857547894,1.1033739386779042
2005-05-24,0.0017319580374659527,-1.0,-0.0017319580374659527,-0.0017319580374659527,0.9916677789289519,1.105284936039328
2005-05-25,-0.004199481630227986,-1.0,0.004199481630227986,0.004199481630227986,0.9958322695498529,1.1006433122542632
2005-05-26,-0.00024760380967847606,-1.0,0.00024760380967847606,0.00024760380967847606,0.9960788414135944,1.100370788777052
2005-05-27,0.013150662183512019,-1.0,-0.013150662183512019,-0.013150662183512019,0.9829797450620201,1.1148413932968637
2005-05-31,-0.004408021914015348,-1.0,0.004408021914015348,0.004408021914015348,0.9873127413192866,1.1099271480045598
2005-06-01,0.014269781152587369,-1.0,-0.014269781152587369,-0.014269781152587369,0.9732240045714993,1.1257655655019003
2005-06-02,-0.004893814244917971,-1.0,0.004893814244917971,0.004893814244917971,0.9779867820685674,1.120256277941009
2005-06-03,0.0009836637954230287,-1.0,-0.0009836637954230287,-0.0009836637954230287,0.9770247718786442,1.1213582334832148
2005-06-06,0.00024530274957634823,-1.0,-0.00024530274957634823,-0.00024530274957634823,0.9767851050156982,1.1216333057411483
2005-06-07,0.0017195823149851464,-1.0,-0.0017195823149851464,-0.0017195823149851464,0.9751054426235722,1.123562046537599
2005-06-08,0.007844761118770194,-1.0,-0.007844761118770194,-0.007844761118770194,0.9674559733605776,1.132376122394803
2005-06-09,-0.00827074379990722,-1.0,0.00827074379990722,0.00827074379990722,0.9754575538539328,1.1230105296013433
2005-06-10,0.005396576627992422,-1.0,-0.005396576627992422,-0.005396576627992422,0.9701934224172061,1.1290709419783793
2005-06-13,0.0024394832848466663,-1.0,-0.0024394832848466663,-0.0024394832848466663,0.9678266517801511,1.1318252916687417
2005-06-14,0.0036506231757278407,-1.0,-0.0036506231757278407,-0.0036506231757278407,0.9642934813750754,1.1359571593093825
2005-06-15,-0.01164012406444026,-1.0,0.01164012406444026,0.01164012406444026,0.9755179771328124,1.122734477043132
2005-06-16,0.0031900909502473596,-1.0,-0.0031900909502473596,-0.0031900909502473596,0.9724059860621574,1.126316102137878
2005-06-17,0.014429173207783252,-1.0,-0.014429173207783252,-0.014429173207783252,0.9583749716609813,1.1425679122623407
2005-06-20,-0.005062424470958837,-1.0,0.005062424470958837,0.005062424470958837,0.9632266725698724,1.1367837485035714
2005-06-21,-0.005573338555697305,-1.0,0.005573338555697305,0.005573338555697305,0.9685950609219821,1.1304480678085465
2005-06-22,0.012914109176560995,-1.0,-0.012914109176560995,-0.012914109176560995,0.9560865185573579,1.1450467975746585
2005-06-23,0.004811322596187884,-1.0,-0.004811322596187884,-0.004811322596187884,0.9514864778867123,1.150555987105522
2005-06-24,-0.008858313755972569,-1.0,0.008858313755972569,0.008858313755972569,0.959915043642398,1.1403640011779286
2005-06-27,0.009662245634177724,-1.0,-0.009662245634177724,-0.009662245634177724,0.9506401087027827,1.1513824782696835
2005-06-28,0.013635865947643877,-1.0,-0.013635865947643877,-0.013635865947643877,0.9376773076160579,1.1670825753978349
2005-06-29,0.0007080005489965568,-1.0,-0.0007080005489965568,-0.0007080005489965568,0.9370134315674842,1.167908870501941
2005-06-30,-0.008018609028346724,-1.0,0.008018609028346724,0.008018609028346724,0.9445269759295334,1.1585438658886478
2005-07-01,0.014978438018133922,-1.0,-0.014978438018133922,-0.014978438018133922,0.9303794371641174,1.17589704337515
2005-07-05,0.00702776776920655,-1.0,-0.00702776776920655,-0.00702776776920655,0.9238409465424829,1.1841609747164872
2005-07-06,-0.018841724054176057,-1.0,0.018841724054176057,0.018841724054176057,0.9412477027271853,1.161849340395155
2005-07-07,0.012090812889059555,-1.0,-0.012090812889059555,-0.012090812889059555,0.9298672528712537,1.17589704337515
2005-07-08,0.01522591313879107,-1.0,-0.01522591313879107,-0.01522591313879107,0.9157091748484297,1.1938011496177414
2005-07-11,0.012921507979240854,-1.0,-0.012921507979240854,-0.012921507979240854,0.9038768314389617,1.209226860698154
2005-07-12,-0.0020502996691600384,-1.0,0.0020502996691600384,0.0020502996691600384,0.9057300498074224,1.206747583265725
2005-07-13,0.004337212922946421,-1.0,-0.004337212922946421,-0.004337212922946421,0.9018017057306967,1.2119815044785995
2005-07-14,-0.003864480315642127,-1.0,0.003864480315642127,0.003864480315642127,0.9052867006711054,1.2072978258116196
2005-07-15,-0.008441169535333692,-1.0,0.008441169535333692,0.008441169535333692,0.912928379189553,1.197106820184304
2005-07-18,0.001840785598389294,-1.0,-0.001840785598389294,-0.001840785598389294,0.9112478737767801,1.199310437178633
2005-07-19,-0.004363945306047112,-1.0,0.004363945306047112,0.004363945306047112,0.9152245096581937,1.194076712025814
2005-07-20,0.011765392598994895,-1.0,-0.011765392598994895,-0.011765392598994895,0.9044565339858425,1.2081254933361147
2005-07-21,-0.02485233123729358,-1.0,0.02485233123729358,0.02485233123729358,0.9269343873581932,1.178100758399507
2005-07-22,0.010521599959526506,-1.0,-0.010521599959526506,-0.010521599959526506,0.9171815545456815,1.1904962632914013
2005-07-25,-0.008098104444920207,-1.0,0.008098104444920207,0.008098104444920207,0.9246089865693468,1.1808555002099803
2005-07-26,-0.0030323293780308846,-1.0,0.0030323293780308846,0.0030323293780308846,0.9274127055625122,1.1772747573854843
2005-07-27,-0.0011702569869022073,-1.0,0.0011702569869022073,0.0011702569869022073,0.9284980167609385,1.1758970433751503
2005-07-28,0.011010086138924402,-1.0,-0.011010086138924402,-0.011010086138924402,0.9182751736165801,1.1888437711132172
2005-07-29,-0.0009274084191400744,-1.0,0.0009274084191400744,0.0009274084191400744,0.9191267897436795,1.1877412273908445
2005-08-01,-0.01437847636730516,-1.0,0.01437847636730516,0.01437847636730516,0.932342432568566,1.1706633182223312
2005-08-02,0.018823828901383566,-1.0,-0.018823828901383566,-0.018823828901383566,0.9147921781403956,1.1926996842256743
2005-08-03,0.003926544610332039,-1.0,-0.003926544610332039,-0.003926544610332039,0.9112002058437445,1.1973828727425153
2005-08-04,-0.014032805406710924,-1.0,0.014032805406710924,0.014032805406710924,0.9239869010189047,1.1805802318919911
2005-08-05,-0.017732804663138868,-1.0,0.017732804663138868,0.017732804663138868,0.9403717802459719,1.1596452332506872
2005-08-08,-0.0166268368289757,0.0,-0.0,-0.001,0.9394314084657259,1.1403640011779286
2005-08-09,0.009662245634177724,1.0,0.009662245634177724,0.008662245634177723,0.9475689940823175,1.1513824782696835
2005-08-10,-0.007655636744263727,1.0,-0.007655636744263727,-0.007655636744263727,0.940314750073496,1.1425679122623407
2005-08-11,0.00024083495169779923,1.0,0.00024083495169779923,0.00024083495169779923,0.9405412107309107,1.1428430825503018
2005-08-12,0.003856634516179902,1.0,0.003856634516179902,0.003856634516179902,0.9441685344281051,1.1472506106290428
2005-08-15,0.0040811572843428845,1.0,0.0040811572843428845,0.0040811572843428845,0.9480218347200338,1.1519327208155783
2005-08-16,-0.015064316815471934,1.0,-0.015064316815471934,-0.015064316815471934,0.9337405334538262,1.1345796413591038
2005-08-17,-0.011167553742302494,1.0,-0.011167553742302494,-0.011167553742302494,0.9233129358651144,1.1219091622393038
2005-08-18,0.004173428985300154,1.0,0.004173428985300154,0.004173428985300154,0.9271663168341565,1.1265913704558672
2005-08-19,0.0,1.0,0.0,0.0,0.9271663168341565,1.1265913704558672
2005-08-22,0.03691912565177291,1.0,0.03691912565177291,0.03691912565177291,0.9613964865854482,1.1681841388199303
2005-08-23,0.023343664863998415,1.0,0.023343664863998415,0.023343664863998415,0.9838390039697245,1.1954538378559814
2005-08-24,-0.005459306660263952,1.0,-0.005459306660263952,-0.005459306660263952,0.9784679251427251,1.188927488756936
2005-08-25,0.010044444363824345,1.0,0.010044444363824345,0.010044444363824345,0.9882960917786078,1.2008696047703766
2005-08-26,-0.002775261228187609,0.0,-0.0,-0.001,0.9873077956868291,1.1975368779161484
2005-08-29,0.008813016938985285,0.0,0.0,0.0,0.9873077956868291,1.208090790706283
2005-08-30,-0.00804597262782114,-1.0,0.00804597262782114,0.007045972627821141,0.994264339390473,1.1983705252723376
2005-08-31,-0.0013909742914346435,-1.0,0.0013909742914346435,0.0013909742914346435,0.9956473355254554,1.1967036226800707
2005-09-01,0.022511368196704407,-1.0,-0.022511368196704407,-0.022511368196704407,0.9732339517613742,1.2236430585525517
2005-09-02,0.0011347241368178107,-1.0,-0.0011347241368178107,-0.0011347241368178107,0.9721295997055399,1.2250315558659408
2005-09-06,0.019269566269512595,-1.0,-0.019269566269512595,-0.019269566269512595,0.9533970839614593,1.2486373826139436
2005-09-07,0.0015573950356020383,-1.0,-0.0015573950356020383,-0.0015573950356020383,0.9519122680759402,1.2505820042748936
2005-09-08,-0.007994743646142388,-1.0,0.007994743646142388,0.007994743646142388,0.9595225626328254,1.240583921742237
2005-09-09,0.02529651583522341,-1.0,-0.02529651583522341,-0.02529651583522341,0.93524998493293,1.271966372563513
2005-09-12,-0.009169903400105706,-1.0,0.009169903400105706,0.009169903400105706,0.9438261369497154,1.2603025637989227
2005-09-13,0.0024240272719402434,-1.0,-0.0024240272719402434,-0.0024240272719402434,0.9415382766537793,1.2633575715844676
2005-09-14,0.004615961801612389,-1.0,-0.004615961801612389,-0.004615961801612389,0.9371921719339895,1.2691891818766794
2005-09-15,0.0019693451960050012,-1.0,-0.0019693451960050012,-0.0019693451960050012,0.9353465170324579,1.2716886534948297
2005-09-16,0.004585875903068359,-1.0,-0.004585875903068359,-0.004585875903068359,0.9310571339789798,1.277520459847097
2005-09-19,-0.0030430642276316755,-1.0,0.0030430642276316755,0.0030430642276316755,0.9338904006372725,1.2736328830356687
2005-09-20,-0.009376188446779121,-1.0,0.009376188446779121,0.009376188446779121,0.9426467330222856,1.2616910611123118
2005-09-21,-0.009685360773958651,-1.0,0.009685360773958651,0.009685360773958651,0.951776606714,1.2494711280001602
2005-09-22,-0.008001930047545125,-1.0,0.008001930047545125,0.008001930047545125,0.9593926565418153,1.2394729474374757
2005-09-23,0.013443733609072916,-1.0,-0.013443733609072916,-0.013443733609072916,0.9464948372407663,1.2561360915584776
2005-09-26,-0.004864056993602706,-1.0,0.004864056993602706,0.004864056993602706,0.9510986420732561,1.250026174017416
2005-09-27,0.007332257273714893,-1.0,-0.007332257273714893,-0.007332257273714893,0.9441249421368941,1.259191687524189
2005-09-28,0.032200881295144645,-1.0,-0.032200881295144645,-0.032200881295144645,0.9137232869473587,1.2997387695819884
2005-09-29,0.018162581236087272,-1.0,-0.018162581236087272,-0.018162581236087272,0.8971277135208726,1.3233453805702133
2005-09-30,-0.0010496772149967137,-1.0,0.0010496772149967137,0.0010496772149967137,0.8980694080406975,1.3219562950766577
2005-10-03,0.005042261830694894,-1.0,-0.005042261830694894,-0.005042261830694894,0.8935411069432191,1.3286219448451695
2005-10-04,-0.019648697349573307,-1.0,0.019648697349573307,0.019648697349573307,0.9110980257229491,1.3025162543589053
2005-10-05,-0.021535780588881837,-1.0,0.021535780588881837,0.021535780588881837,0.9307192328998819,1.2744655500915796
2005-10-06,-0.008062524311065689,-1.0,0.008062524311065689,0.008062524311065689,0.9382231793419136,1.2641901406103506
2005-10-07,0.004393938313026702,-1.0,-0.004393938313026702,-0.004393938313026702,0.9341006845680334,1.269744914104129
2005-10-10,-0.012904655833124612,-1.0,0.012904655833124612,0.012904655833124612,0.9461549324158699,1.253359292991755
2005-10-11,0.0050962565845289465,-1.0,-0.0050962565845289465,-0.0050962565845289465,0.941333084111561,1.2597467335414447
2005-10-12,-0.00970030942473521,-1.0,0.00970030942473521,0.00970030942473521,0.9504643062991834,1.2475268004292932
2005-10-13,-0.016251418556359476,-1.0,0.016251418556359476,0.016251418556359476,0.9659106995637312,1.2272527202352408
2005-10-14,0.0013581591914659796,0.0,0.0,-0.001,0.9649447888641675,1.22891952479748
2005-10-17,0.005649818915753668,0.0,0.0,0.0,0.9649447888641675,1.2358626975746199
2005-10-18,-0.021797764270446662,0.0,-0.0,-0.0,0.9649447888641675,1.20892365382225
2005-10-19,-0.002527128827294667,1.0,-0.002527128827294667,-0.003527128827294667,0.9615413042826169,1.2058685480066775
2005-10-20,-0.02556375036460412,1.0,-0.02556375036460412,-0.02556375036460412,0.9369607024146802,1.1750420254729073
2005-10-21,0.004963145364905497,1.0,0.004963145364905497,0.004963145364905497,0.9416109745819682,1.1808739298552022
2005-10-24,0.02257770456240271,1.0,0.02257770456240271,0.02257770456240271,0.962870388978796,1.2075353525689165
2005-10-25,-0.008280067851841433,1.0,-0.008280067851841433,-0.008280067851841433,0.9548977568255226,1.1975368779161486
2005-10-26,-0.012059000226014693,1.0,-0.012059000226014693,-0.012059000226014693,0.9433826445601426,1.1830957804346969
2005-10-27,-0.01150272257809204,1.0,-0.01150272257809204,-0.01150272257809204,0.9325311757147805,1.1694869578890452
2005-10-28,0.019948054821987027,1.0,0.019948054821987027,0.019948054821987027,0.951133358731151,1.1928159478386147
2005-10-31,0.002561172820568336,1.0,0.002561172820568336,0.002561172820568336,0.9535693756382692,1.1958709556241593
2005-11-01,-0.01950786730777787,1.0,-0.01950786730777787,-0.01950786730777787,0.9349672707895572,1.1725420637046178
2005-11-02,0.000947575672704426,1.0,0.000947575672704426,0.000947575672704426,0.9358532230301323,1.173653136039407
2005-11-03,-0.008518938249892472,1.0,-0.008518938249892472,-0.008518938249892472,0.9278807472121757,1.1636548574466945
2005-11-04,0.004535065059350973,1.0,0.004535065059350973,0.004535065059350973,0.9320887467681022,1.168932107931845
2005-11-07,-0.017344187987059945,1.0,-0.017344187987059945,-0.017344187987059945,0.9159224243235331,1.148657929707765
2005-11-08,-0.004352071349562059,1.0,-0.004352071349562059,-0.004352071349562059,0.9119362645822132,1.1436588884414367
2005-11-09,0.012142120106486853,1.0,0.012142120106486853,0.012142120106486853,0.9230091042362314,1.1575453320257438
2005-11-10,0.0007196773663840084,1.0,0.0007196773663840084,0.0007196773663840084,0.9236733729975166,1.1583783912017662
2005-11-11,0.0014385734875450584,1.0,0.0014385734875450584,0.0014385734875450584,0.9250021450230622,1.1600448036438942
2005-11-14,-0.01675843105958086,1.0,-0.01675843105958086,-0.01675843105958086,0.9095005603457288,1.140604272776003
2005-11-15,-0.005844049472405133,1.0,-0.005844049472405133,-0.005844049472405133,0.9041853940758882,1.1339385249774634
2005-11-16,0.017389083686824014,1.0,0.017389083686824014,0.017389083686824014,0.9199083495618777,1.1536566768840102
2005-11-17,0.02383271950029564,1.0,0.02383271950029564,0.02383271950029564,0.9418322672229659,1.18115145286383
2005-11-18,0.015048128148738238,1.0,0.015048128148738238,0.015048128148738238,0.9560050798747537,1.1989255712895934
2005-11-21,-0.004632635625277048,1.0,-0.004632635625277048,-0.004632635625277048,0.9515762566837801,1.1933713859759816
2005-11-22,0.006218328308907006,1.0,0.006218328308907006,0.006218328308907006,0.9574934702588006,1.2007921610484356
2005-11-23,0.005830326613236458,0.0,0.0,-0.001,0.9565359767885419,1.2077931715419619
2005-11-25,0.005796287450859916,-1.0,-0.005796287450859916,-0.006796287450859916,0.9500350833331979,1.2147938879454048
2005-11-28,-0.006454213944591447,-1.0,0.006454213944591447,0.006454213944591447,0.9561668130158982,1.2069533482940231
2005-11-29,0.0018554950675264692,-1.0,-0.0018554950675264692,-0.0018554950675264692,0.9543926502106147,1.2091928442785171
2005-11-30,-0.01829480411024864,-1.0,0.01829480411024864,0.01829480411024864,0.9718530767904789,1.1870708980609272
2005-12-01,0.004717464934680615,-1.0,-0.004717464934680615,-0.004717464934680615,0.9672683939790584,1.1926708633975096
2005-12-02,-0.0028177643265052676,-1.0,0.0028177643265052676,0.0028177643265052676,0.9699939283537686,1.189310197985366
2005-12-05,-0.014833209845516504,-1.0,0.014833209845516504,0.014833209845516504,0.9843820518419168,1.1716689102472362
2005-12-06,-0.00645315237610522,-1.0,0.00645315237610522,0.00645315237610522,0.9907344192187557,1.1641079522350657
2005-12-07,-0.0016840401198684463,-1.0,0.0016840401198684463,0.0016840401198684463,0.9924028557288546,1.162147547739644
2005-12-08,0.0012046377668322172,-1.0,-0.0012046377668322172,-0.0012046377668322172,0.9912073697689314,1.1635475145662826
2005-12-09,0.017087701150287238,-1.0,-0.017087701150287238,-0.017087701150287238,0.9742699144563577,1.1834298667693508
2005-12-12,-0.005442624971463195,-1.0,0.005442624971463195,0.005442624971463195,0.9795725002217232,1.1769889018244966
2005-12-13,0.019985987487352697,-1.0,-0.019985987487352697,-0.019985987487352697,0.959994776489337,1.200512187289114
2005-12-14,0.003032571605696699,-1.0,-0.003032571605696699,-0.003032571605696699,0.9570835235885382,1.2041528264605799
2005-12-15,-0.010697675175906585,-1.0,0.010697675175906585,0.010697675175906585,0.9673220922401006,1.1912711906609548
2005-12-16,0.009637836407766498,-1.0,-0.009637836407766498,-0.009637836407766498,0.9579992001614721,1.2027524675138304
2005-12-19,-0.004423425277472748,-1.0,0.004423425277472748,0.004423425277472748,0.9622368380392652,1.197432181846487
2005-12-20,-0.007249966495982418,-1.0,0.007249966495982418,0.007249966495982418,0.9692130228762499,1.1887508386468888
2005-12-21,-0.01649006155580446,-1.0,0.01649006155580446,0.01649006155580446,0.9851954052841667,1.1691482641430875
2005-12-22,-0.009341521310232803,-1.0,0.009341521310232803,0.009341521310232803,0.9943986291573722,1.1582266407187731
2005-12-23,-0.007253310384012113,0.0,-0.0,-0.001,0.9934042305282148,1.1498256633986081
2005-12-27,0.0019487061527261318,1.0,0.0019487061527261318,0.0009487061527261318,0.9943466792338612,1.1520663357434353
2005-12-28,0.010937972518796135,1.0,0.010937972518796135,0.010937972518796135,1.0052228158854775,1.1646676056636271
2005-12-29,0.0031256515281099517,1.0,0.0031256515281099517,0.0031256515281099517,1.0083647921160408,1.1683079507450098
2005-12-30,-0.0038355046687080785,1.0,-0.0038355046687080785,-0.0038355046687080785,1.0044972042481188,1.1638269001454387
2006-01-03,0.012031269491524998,1.0,0.012031269491524998,0.012031269491524998,1.0165825808159115,1.1778292152225747
2006-01-04,0.0,1.0,0.0,0.0,1.0165825808159115,1.1778292152225747
2006-01-05,0.002615234443924308,1.0,0.002615234443924308,0.002615234443924308,1.0192411825963548,1.180909514755285
2006-01-06,0.001185747848777563,1.0,0.001185747848777563,0.001185747848777563,1.020449745636004,1.1823097756720071
2006-01-09,-0.004263354750018489,1.0,-0.004263354750018489,-0.004263354750018489,1.0160992063657917,1.1772691696739026
2006-01-10,-0.00118941441158249,1.0,-0.00118941441158249,-0.00118941441158249,1.0148906433261426,1.1758689087571808
2006-01-11,-0.006667868835539381,1.0,-0.006667868835539381,-0.006667868835539381,1.0081234856340278,1.168028369105799
2006-01-12,-0.004076204409800499,1.0,-0.004076204409800499,-0.004076204409800499,1.0040141682362629,1.1632672467168779
2006-01-13,0.0036111931819808873,1.0,0.0036111931819808873,0.0036111931819808873,1.00763985735521,1.1674680294670436
2006-01-17,0.0059969150134056015,1.0,0.0059969150134056015,0.0059969150134056015,1.0136825879438893,1.1744692360206257
2006-01-18,0.016213147318743903,1.0,0.016213147318743903,0.016213147318743903,1.0301175730766692,1.1935110787655607
2006-01-19,0.01454715968536724,1.0,0.01454715968536724,0.01454715968536724,1.0451028579069184,1.2108732750146183
2006-01-20,-0.01110033018770551,0.0,-0.0,-0.001,1.0440577550490115,1.1974321818464877
2006-01-23,-0.01660440281677711,0.0,-0.0,-0.0,1.0440577550490115,1.1775495355533363
2006-01-24,-0.0040429962010903875,0.0,-0.0,-0.0,1.0440577550490115,1.1727887072544985
2006-01-25,-0.015043089995073422,0.0,-0.0,-0.0,1.0440577550490115,1.1551463411860632
2006-01-26,-0.010909062826910954,0.0,-0.0,-0.0,1.0440577550490115,1.1425447771757882
2006-01-27,0.02107841846053149,1.0,0.02107841846053149,0.02007841846053149,1.0650207835518486,1.166627814098994
2006-01-30,-0.00047988697153511506,1.0,-0.00047988697153511506,-0.00047988697153511506,1.064509693953408,1.1660679646103775
2006-01-31,0.00360201523193604,1.0,0.00360201523193604,0.00360201523193604,1.0683440740855716,1.1702681591803767
2006-02-01,-0.007178677172630876,1.0,-0.007178677172630876,-0.007178677172630876,1.0606747768684182,1.1618671818602118
2006-02-02,-0.02096926500123686,1.0,-0.02096926500123686,-0.02096926500123686,1.0384332063921364,1.1375036810275447
2006-02-03,-0.006893018345560109,1.0,-0.006893018345560109,-0.006893018345560109,1.0312752672498366,1.1296628472860797
2006-02-06,0.01413051656156239,1.0,0.01413051656156239,0.01413051656156239,1.04584771949324,1.1456255668586373
2006-02-07,0.009044214868537015,1.0,0.009044214868537015,0.009044214868537015,1.0553065909881063,1.1559868506441964
2006-02-08,0.013323500821010859,1.0,0.013323500821010859,0.013323500821010859,1.0693669692195544,1.1713886423978321
2006-02-09,0.008844881417162664,1.0,0.008844881417162664,0.008844881417162664,1.078825393253732,1.181749436033252
2006-02-10,-0.00805675731859734,1.0,-0.00805675731859734,-0.00805675731859734,1.0701335588711463,1.172228367615743
2006-02-13,-0.004777698332057989,1.0,-0.004777698332057989,-0.004777698332057989,1.0650207835518484,1.1666278140989943
2006-02-14,-0.004560732843116422,1.0,-0.004560732843116422,-0.004560732843116422,1.060163508285702,1.16130713631154
2006-02-15,0.0028936956012872717,1.0,0.0028936956012872717,0.0028936956012872717,1.0632312987662735,1.164667605663628
2006-02-16,0.004087545850534502,1.0,0.004087545850534502,0.004087545850534502,1.067577305449704,1.1694282379024104
2006-02-17,0.004788886778303469,1.0,0.004788886778303469,0.004788886778303469,1.072689812292589,1.1750284973290759
2006-02-21,-0.0057194753993979885,1.0,-0.0057194753993979885,-0.0057194753993979885,1.0665545892999966,1.1683079507450107
2006-02-22,0.006232160175091872,1.0,0.006232160175091872,0.006232160175091872,1.0732015283359935,1.1755890330278869
2006-02-23,-0.004526134302057394,1.0,-0.004526134302057394,-0.004526134302057394,1.0683440740855714,1.170268159180377
2006-02-24,-0.00023915521164863396,1.0,-0.00023915521164863396,-0.00023915521164863396,1.06808857403242,1.1699882834510826
2006-02-27,0.011488647799635432,1.0,0.011488647799635432,0.011488647799635432,1.0803594674782933,1.1834298667693521
2006-02-28,-0.007808987256252342,0.0,-0.0,-0.001,1.079279108010815,1.1741884780210818
2006-03-01,-0.007631422847765967,0.0,-0.0,-0.0,1.079279108010815,1.1652277492423282
2006-03-02,-0.006488571806673393,0.0,-0.0,-0.0,1.079279108010815,1.1576670853202409
2006-03-03,-0.010863207853531898,0.0,-0.0,-0.0,1.079279108010815,1.1450911071472147
2006-03-06,-0.021224337866269205,0.0,-0.0,-0.0,1.079279108010815,1.120787306601462
2006-03-07,0.00025259986309933424,1.0,0.00025259986309933424,-0.0007474001369006658,1.0784724546577338,1.121070417321673
2006-03-08,-0.0017648668807860313,1.0,-0.0017648668807860313,-0.0017648668807860313,1.0765690943406683,1.119091877271113
2006-03-09,-0.014646708725892132,1.0,-0.014646708725892132,-0.014646708725892132,1.060800900392563,1.1027008645072112
2006-03-10,0.005125969864880009,1.0,0.005125969864880009,0.005125969864880009,1.0662385338406128,1.1083532759086523
2006-03-13,0.02294719307343196,1.0,0.02294719307343196,0.02294719307343196,1.0907057153389863,1.1337868725244988
2006-03-14,0.006729980260615109,1.0,0.006729980260615109,0.006729980260615109,1.0980461432733577,1.1414172357963333
2006-03-15,0.007427977058880764,1.0,0.007427977058880764,0.007427977058880764,1.1062024048351846,1.1498956568384395
2006-03-16,0.014007801340746306,1.0,0.014007801340746306,0.014007801340746306,1.1216978683647718,1.1660031667620194
2006-03-17,-0.015511149960565351,1.0,-0.015511149960565351,-0.015511149960565351,1.1042990445181193,1.1479171167878797
2006-03-20,0.001969538129089843,1.0,0.001969538129089843,0.001969538129089843,1.1064740035922151,1.1501779833184282
2006-03-21,-0.016707612728806054,1.0,-0.016707612728806054,-0.016707612728806054,1.0879874644457048,1.1309612550039447
2006-03-22,0.0159914902513556,1.0,0.0159914902513556,0.0159914902513556,1.1053860053769855,1.1490470108880013
2006-03-23,-0.003934946897881764,1.0,-0.003934946897881764,-0.003934946897881764,1.1010363701441654,1.1445255719169873
2006-03-24,0.0049386501622448176,1.0,0.0049386501622448176,0.0049386501622448176,1.1064740035922154,1.1501779833184285
2006-03-27,-0.005651536723823569,1.0,-0.005651536723823569,-0.005651536723823569,1.1002207251269578,1.143677710206771
2006-03-28,-0.0012352349946505026,1.0,-0.0012352349946505026,-0.0012352349946505026,1.0988616939854412,1.142264999476522
2006-03-29,0.002474126119585085,1.0,0.002474126119585085,0.002474126119585085,1.1015804164043421,1.1450911071472147
2006-03-30,-0.0064163895220145095,1.0,-0.0064163895220145095,-0.0064163895220145095,1.094512247362869,1.1377437565655633
2006-03-31,-0.0029808529568224884,1.0,-0.0029808529568224884,-0.0029808529568224884,1.091249667294039,1.1343523097246986
2006-04-03,0.002241978077476281,1.0,0.002241978077476281,0.002241978077476281,1.0936962251251656,1.1368955027352359
2006-04-04,0.01044025219055178,1.0,0.01044025219055178,0.01044025219055178,1.1051146895353268,1.1487649784980958
2006-04-05,0.0,1.0,0.0,0.0,1.1051146895353268,1.1487649784980958
2006-04-06,-0.01279216514125825,1.0,-0.01279216514125825,-0.01279216514125825,1.0909778799267604,1.1340697871846541
2006-04-07,-0.0002494684748262088,1.0,-0.0002494684748262088,-0.0002494684748262088,1.0907057153389859,1.1337868725244986
2006-04-10,-0.0024921945993804373,1.0,-0.0024921945993804373,-0.0024921945993804373,1.0879874644457046,1.1309612550039445
2006-04-11,-0.016491625209783645,1.0,-0.016491625209783645,-0.016491625209783645,1.0700447829491233,1.1123098658596329
2006-04-12,-0.00254110826268672,1.0,-0.00254110826268672,-0.00254110826268672,1.0673256833097264,1.109483366068829
2006-04-13,-0.008150530434781866,1.0,-0.008150530434781866,-0.008150530434781866,1.058626412844086,1.1004404881268008
2006-04-17,-0.009501899462342367,1.0,-0.009501899462342367,-0.009501899462342367,1.0485674511010614,1.089984213244329
2006-04-18,0.014778015881274476,1.0,0.014778015881274476,0.014778015881274476,1.0640631975460204,1.106092017257992
2006-04-19,0.003577000700865307,1.0,0.003577000700865307,0.003577000700865307,1.0678693523494076,1.1100485091789454
2006-04-20,0.013493376109059652,1.0,0.013493376109059652,0.013493376109059652,1.0822785151559962,1.1250268112125978
2006-04-21,-0.011806193764236306,1.0,-0.011806193764236306,-0.011806193764236306,1.0695009252991945,1.111744526689461
2006-04-24,-0.0012710679625005383,1.0,-0.0012710679625005383,-0.0012710679625005383,1.068141516937182,1.1103314238391007
2006-04-25,-0.01119883896461038,1.0,-0.01119883896461038,-0.01119883896461038,1.0561795720975877,1.09789700102618
2006-04-26,-0.008751563337223045,1.0,-0.008751563337223045,-0.008751563337223045,1.0469363496768946,1.088288685883952
2006-04-27,0.02337044665243737,1.0,0.02337044665243737,0.02337044665243737,1.071403719785516,1.113722478559854
2006-04-28,0.0048211280768986065,1.0,0.0048211280768986065,0.0048211280768986065,1.0765690943406676,1.119091877271112
2006-05-01,-0.012626001823611732,1.0,-0.012626001823611732,-0.012626001823611732,1.0629763309922784,1.104962221187898
2006-05-02,0.019693442081480272,1.0,0.019693442081480272,0.019693442081480272,1.0839099938006593,1.1267227306930856
2006-05-03,-0.012290613711972598,1.0,-0.012290613711972598,-0.012290613711972598,1.0705880747683088,1.112874616849638
2006-05-04,-0.0020313793092816557,1.0,-0.0020313793092816557,-0.0020313793092816557,1.0684133043044608,1.110613946379145
2006-05-05,0.016539292194309274,1.0,0.016539292194309274,0.016539292194309274,1.0860841041286398,1.1289827149533844
2006-05-08,-0.0022530753810356963,1.0,-0.0022530753810356963,-0.0022530753810356963,1.0836370747718933,1.1264390317927082
2006-05-09,-0.009281722567403117,1.0,-0.009281722567403117,-0.009281722567403117,1.0735790560801084,1.1159837372105141
2006-05-10,0.0017723841346803937,1.0,0.0017723841346803937,0.0017723841346803937,1.0754818505664299,1.1179616890809074
2006-05-11,-0.004802759104960419,1.0,-0.004802759104960419,-0.004802759104960419,1.0703165703164024,1.1125923883996771
2006-05-12,-0.006096036250388348,1.0,-0.006096036250388348,-0.006096036250388348,1.0637918817043623,1.1058099848680865
2006-05-15,-0.002555867436018433,1.0,-0.002555867436018433,-0.002555867436018433,1.0610729706752133,1.1029836811373381
2006-05-16,-0.007686361128412478,1.0,-0.007686361128412478,-0.007686361128412478,1.0529171806390063,1.0945057502453708
2006-05-17,-0.018073525269357238,1.0,-0.018073525269357238,-0.018073525269357238,1.0338872553681868,1.0747241729108543
2006-05-18,0.0007885461325483067,1.0,0.0007885461325483067,0.0007885461325483067,1.0347025231648983,1.0755716425009594
2006-05-19,0.007094148767314623,1.0,0.007094148767314623,0.007094148767314623,1.042042856794146,1.0832019077427661
2006-05-22,0.004174413863912152,1.0,0.004174413863912152,0.004174413863912152,1.046392774942338,1.0877236408038637
2006-05-23,-0.0028580129401871712,1.0,-0.0028580129401871712,-0.0028580129401871712,1.0434021708510346,1.0846149125630988
2006-05-24,0.0023447889025678403,1.0,0.0023447889025678403,0.0023447889025678403,1.0458487286821614,1.0871581055736363
2006-05-25,0.01403690442569605,1.0,0.01403690442569605,0.01403690442569605,1.0605292073304087,1.1024184399971944
2006-05-26,0.007690302143339434,1.0,0.007690302143339434,0.007690302143339434,1.0686849973666157,1.1108963708891617
2006-05-30,-0.006105166646738214,1.0,-0.006105166646738214,-0.006105166646738214,1.0621604973648235,1.1041141634176266
2006-05-31,0.01945250918492558,1.0,0.01945250918492558,0.01945250918492558,1.082822184195678,1.1255919543227144
2006-06-01,0.010545183578563933,1.0,0.010545183578563933,0.010545183578563933,1.094240742910963,1.137461528115602
2006-06-02,0.013663822766057043,0.0,0.0,-0.001,1.0931465021680522,1.153003600838982
2006-06-05,0.0024509981049571916,-1.0,-0.0024509981049571916,-0.0034509981049571916,1.0893740556606297,1.155829610479647
2006-06-06,0.005379554689778798,-1.0,-0.005379554689778798,-0.005379554689778798,1.0835137083505773,1.1620474590812881
2006-06-07,0.00012215291131800754,-1.0,-0.00012215291131800754,-0.00012215291131800754,1.0833813539966493,1.1621894065615046
2006-06-08,0.01251509538698814,-1.0,-0.01251509538698814,-0.01251509538698814,1.069822733010897,1.176734317842369
2006-06-09,0.013088172385195884,-1.0,-0.013088172385195884,-0.013088172385195884,1.055820708659649,1.1921356194458659
2006-06-12,0.0,-1.0,-0.0,-0.0,1.055820708659649,1.1921356194458659
2006-06-13,-0.008851795213241642,-1.0,0.008851795213241642,0.008851795213241642,1.0651666173546037,1.1815830790761201
2006-06-14,-0.013516822022757835,-1.0,0.013516822022757835,0.013516822022757835,1.079564284945969,1.165611830891146
2006-06-15,0.006606362888240014,-1.0,-0.006606362888240014,-0.006606362888240014,1.0724322915184326,1.1733122856328388
2006-06-16,0.002674262570508734,-1.0,-0.002674262570508734,-0.002674262570508734,1.06956432598182,1.1764500307618249
2006-06-19,-0.008485436318814044,-1.0,0.008485436318814044,0.008485436318814044,1.078640045958814,1.1664673389435285
2006-06-20,0.0007333338823953817,-1.0,-0.0007333338823953817,-0.0007333338823953817,1.0778490426662037,1.1673227489658833
2006-06-21,-0.002686892499442428,-1.0,0.002686892499442428,0.002686892499442428,1.080745107174475,1.1641862782272583
2006-06-22,-0.0053896099576509204,-1.0,0.0053896099576509204,0.0053896099576509204,1.086569901765785,1.157911768269564
2006-06-23,-0.002463213291581834,-1.0,0.002463213291581834,0.002463213291581834,1.0892463551900473,1.1550595846114835
2006-06-26,0.0034570139709770853,-1.0,-0.0034570139709770853,-0.0034570139709770853,1.0854808153223194,1.1590526417327964
2006-06-27,-0.005905216288484394,-1.0,0.005905216288484394,0.005905216288484394,1.091890814313798,1.152208185193625
2006-06-28,0.00024715779174511177,-1.0,-0.00024715779174511177,-0.00024715779174511177,1.0916209449913055,1.152492962424308
2006-06-29,0.01732254330146743,-1.0,-0.01732254330146743,-0.01732254330146743,1.0727112939029049,1.1724570716705396
2006-06-30,0.0065672908182090595,-1.0,-0.0065672908182090595,-0.0065672908182090595,1.0656664868718673,1.1801569382320658
2006-07-03,-0.0014498208241086052,-1.0,0.0014498208241086052,0.0014498208241086052,1.0672115123360888,1.1784459221273007
2006-07-05,-0.0019359843277855227,-1.0,0.0019359843277855227,0.0019359843277855227,1.0692776170984037,1.1761644692909194
2006-07-06,-0.010669443128947687,-1.0,0.010669443128947687,0.010669443128947687,1.080686213823092,1.163615449375531
2006-07-07,0.010784507821826272,-1.0,-0.010784507821826272,-0.010784507821826272,1.069031544897177,1.1761644692909194
2006-07-10,0.009456824561289379,-1.0,-0.009456824561289379,-0.009456824561289379,1.0589219011266002,1.1872872503322256
2006-07-11,0.00024026820867661947,-1.0,-0.00024026820867661947,-0.00024026820867661947,1.0586674758582881,1.1875725177130476
2006-07-12,0.00048009080121746983,-1.0,-0.00048009080121746983,-0.00048009080121746983,1.0581592193415805,1.1881426603545804
2006-07-13,-0.004080546255417872,-1.0,0.004080546255417872,0.004080546255417872,1.0624770869817006,1.1832943892709682
2006-07-14,0.002892036225800254,-1.0,-0.002892036225800254,-0.002892036225800254,1.0594043647570668,1.186716519510526
2006-07-17,0.0009614524399901292,-1.0,-0.0009614524399901292,-0.0009614524399901292,1.0583857978456348,1.187857491003786
2006-07-18,-0.0024009509723385003,-1.0,0.0024009509723385003,0.0024009509723385003,1.0609269302560813,1.185005503405761
2006-07-19,0.010830654616667656,-1.0,-0.010830654616667656,-0.010830654616667656,1.0494363971009562,1.1978398887319992
2006-07-20,0.011665986857310129,-1.0,-0.011665986857310129,-0.011665986857310129,1.0371936858847934,1.2118138731311086
2006-07-21,0.009649674881852421,-1.0,-0.009649674881852421,-0.009649674881852421,1.027185104026495,1.2235074830241421
2006-07-24,0.0030299786570664455,-1.0,-0.0030299786570664455,-0.0030299786570664455,1.0240727550844382,1.2272146845844665
2006-07-25,0.004415931510165949,-1.0,-0.004415931510165949,-0.004415931510165949,1.0195505199365584,1.2326339805798614
2006-07-26,-0.00046254009747859204,-1.0,0.00046254009747859204,0.00046254009747859204,1.0200221029334342,1.2320638379383286
2006-07-27,0.0,-1.0,-0.0,-0.0,1.0200221029334342,1.2320638379383286
2006-07-28,-0.004629689672268067,-1.0,0.004629689672268067,0.004629689672268067,1.0247444887288704,1.2263597647122506
2006-07-31,0.003255784433017883,-1.0,-0.003255784433017883,-0.003255784433017883,1.021408141574646,1.2303525277434801
2006-08-01,0.006026720906092464,-1.0,-0.006026720906092464,-0.006026720906092464,1.0152523997741651,1.2377675190442954
2006-08-02,-0.0036864787874814064,-1.0,0.0036864787874814064,0.0036864787874814064,1.018995106209872,1.233204515341505
2006-08-03,0.006244343639617789,-1.0,-0.006244343639617789,-0.006244343639617789,1.0126321505996088,1.2409050681132257
2006-08-04,0.010112243093884254,-1.0,-0.010112243093884254,-0.010112243093884254,1.0023921681280628,1.2534534018184196
2006-08-07,-0.01660964915676577,-1.0,0.01660964915676577,0.01660964915676577,1.0190415503581596,1.2326339805798612
2006-08-08,0.007403902244663474,-1.0,-0.007403902244663474,-0.007403902244663474,1.0114966663360574,1.241760282075525
2006-08-09,0.002526615711736735,-1.0,-0.002526615711736735,-0.002526615711736735,1.0089410029665233,1.2448977331144275
2006-08-10,-0.006414997794733757,-1.0,0.006414997794733757,0.006414997794733757,1.0154133572755701,1.2369117169018293
2006-08-11,0.006225786955163404,-1.0,-0.006225786955163404,-0.006225786955163404,1.0090916100417453,1.2446124657336055
2006-08-14,0.00481213449307849,-1.0,-0.00481213449307849,-0.00481213449307849,1.0042357254983874,1.2506017083104777
2006-08-15,0.006841398590128556,-1.0,-0.006841398590128556,-0.006841398590128556,0.9973653486218059,1.2591575730745252
2006-08-16,-0.009739570937570607,-1.0,0.009739570937570607,0.009739570937570607,1.007079259185383,1.2468939185699868
2006-08-17,-0.014409989064044115,-1.0,0.014409989064044115,0.014409989064044115,1.02159126029687,1.22892619083937
2006-08-18,0.01206830893709454,-1.0,-0.01206830893709454,-0.01206830893709454,1.0092623813601715,1.2437572517713065
2006-08-21,0.004356330511740225,-1.0,-0.004356330511740225,-0.004356330511740225,1.0048657008539006,1.249175469436396
2006-08-22,0.004566427556176089,-1.0,-0.004566427556176089,-0.004566427556176089,1.0002770544272652,1.2548797387225294
2006-08-23,-0.006074460121117342,-1.0,0.006074460121117342,0.006074460121117342,1.0063531975044524,1.2472570217928614
2006-08-24,0.012453771507733746,-1.0,-0.012453771507733746,-0.012453771507733746,0.9938203047266547,1.262790075753686
2006-08-25,0.0036444043806134196,-1.0,-0.0036444043806134196,-0.0036444043806134196,0.9901984216545663,1.267392193437558
2006-08-28,0.0031779126792574885,-1.0,-0.0031779126792574885,-0.0031779126792574885,0.9870516575354095,1.2714198551586753
2006-08-29,0.005655952821723265,-1.0,-0.005655952821723265,-0.005655952821723265,0.9814689399277854,1.278610945876055
2006-08-30,-0.01709844948890038,-1.0,0.01709844948890038,0.01709844948890038,0.9982505370220652,1.256748681202038
2006-08-31,0.0173958922742663,-1.0,-0.0173958922742663,-0.0173958922742663,0.9808850782173009,1.278610945876055
2006-09-01,-0.001124889922252903,-1.0,0.001124889922252903,0.001124889922252903,0.9819884659566758,1.277172649308557
2006-09-05,-0.0022526204712143283,-1.0,0.0022526204712143283,0.0022526204712143283,0.9842005132775862,1.2742956640534493
2006-09-06,-0.0097061058537119,-1.0,0.0097061058537119,0.0097061058537119,0.9937532676407361,1.2619272154492205
2006-09-07,0.0029632877345708852,-1.0,-0.0029632877345708852,-0.0029632877345708852,0.9908084907715466,1.2656666688886824
2006-09-08,0.005681352582021182,-1.0,-0.005681352582021182,-0.005681352582021182,0.9851793583942132,1.2728573674859514
2006-09-11,0.003841929237647479,-1.0,-0.003841929237647479,-0.003841929237647479,0.9813943690128717,1.2777475954214506
2006-09-12,-0.00044996845617550907,-1.0,0.00044996845617550907,0.00044996845617550907,0.9818359655219956,1.277172649308557
2006-09-13,-0.0002253541537238224,-1.0,0.0002253541537238224,0.0002253541537238224,0.9820572263351014,1.2768848331470128
2006-09-14,-0.0027026329846977504,-1.0,0.0027026329846977504,0.0027026329846977504,0.9847113665878554,1.2734338820792894
2006-09-15,0.006323823195609091,-1.0,-0.006323823195609091,-0.006323823195609091,0.9784842260068471,1.281486852800857
2006-09-18,-0.01301873544021137,-1.0,0.01301873544021137,0.01301873544021137,0.9912228532776503,1.2648035144941334
2006-09-19,0.005913097799949751,-1.0,-0.005913097799949751,-0.005913097799949751,0.9853616556046743,1.2722824213730575
2006-09-20,0.004295566736271628,-1.0,-0.004295566736271628,-0.004295566736271628,0.9811289688536613,1.2777475954214508
2006-09-21,0.0027018822030915324,-1.0,-0.0027018822030915324,-0.0027018822030915324,0.9784780739537781,1.281199918909563
2006-09-22,-0.0017963246235652708,-1.0,0.0017963246235652708,0.0017963246235652708,0.98023573821164,1.278898467947516
2006-09-25,0.011695857124493614,-1.0,-0.011695857124493614,-0.011695857124493614,0.9687710410691941,1.2938562817053638
2006-09-26,-0.0006666630804198492,-1.0,0.0006666630804198492,0.0006666630804198492,0.9694168849556547,1.2929937154909816
2006-09-27,0.01646222542739939,-1.0,-0.01646222542739939,-0.01646222542739939,0.9534581256623874,1.3142792695116048
2006-09-28,-0.007222621477514735,-1.0,0.007222621477514735,0.007222621477514735,0.9603445927987077,1.3047867278321779
2006-09-29,-0.007936320705102085,-1.0,0.007936320705102085,0.007936320705102085,0.9679661954745687,1.2944315219083409
2006-10-02,0.010222244201362862,-1.0,-0.010222244201362862,-0.010222244201362862,0.9580714086457636,1.3076635170272297
2006-10-03,0.011658829493160772,-1.0,-0.011658829493160772,-0.011658829493160772,0.9469014174500903,1.3229093430066772
2006-10-04,0.01826536464778661,-1.0,-0.01826536464778661,-0.01826536464778661,0.9296059177748583,1.347072764552658
2006-10-05,-0.009823358995388443,-1.0,0.009823358995388443,0.009823358995388443,0.9387377704293983,1.3338399851935467
2006-10-06,-0.0010782391841864802,-1.0,0.0010782391841864802,0.0010782391841864802,0.939749954277151,1.3324017866560764
2006-10-09,0.0012954896535932736,-1.0,-0.0012954896535932736,-0.0012954896535932736,0.9385325179344203,1.3341278993851187
2006-10-10,0.002586892275768582,-1.0,-0.002586892275768582,-0.002586892275768582,0.9361046354132181,1.3375791445429255
2006-10-11,0.0017203893177850649,-1.0,-0.0017203893177850649,-0.0017203893177850649,0.9344941709981242,1.3398803014148892
2006-10-12,-0.00021451471532907274,-1.0,0.00021451471532907274,0.00021451471532907274,0.9346946337491926,1.3395928773734562
2006-10-13,-0.003006045753834119,-1.0,0.003006045753834119,0.003006045753834119,0.9375043685841059,1.3355659998925613
2006-10-16,0.000646356993698749,-1.0,-0.000646356993698749,-0.000646356993698749,0.9368984060788484,1.3364292523171382
2006-10-17,0.0004302106616544954,-1.0,-0.0004302106616544954,-0.0004302106616544954,0.9364953423956662,1.337004198430032
2006-10-18,0.016996388444341592,-1.0,-0.016996388444341592,-0.016996388444341592,0.9205783037799928,1.3597284411382644
2006-10-19,0.004230984684795658,-1.0,-0.004230984684795658,-0.004230984684795658,0.9166833510755446,1.3654814313482015
2006-10-20,0.009058298758523042,-1.0,-0.009058298758523042,-0.009058298758523042,0.9083797594145382,1.3778503701025693
2006-10-23,0.0037581309548770925,-1.0,-0.0037581309548770925,-0.0037581309548770925,0.9049659493218986,1.3830285122296406
2006-10-24,0.0018715339781161244,-1.0,-0.0018715339781161244,-0.0018715339781161244,0.9032722747987045,1.3856168970829819
2006-10-25,0.03321554450325759,-1.0,-0.03321554450325759,-0.03321554450325759,0.8732695943565695,1.4316409167925073
2006-10-26,-0.00020083392985503767,-1.0,0.00020083392985503767,0.00020083392985503767,0.8734449765210269,1.4313533947210466
2006-10-27,0.003215495083853881,-1.0,-0.003215495083853881,-0.003215495083853881,0.8706364184930067,1.4359559045250296
2006-10-30,0.01702791545374116,-1.0,-0.01702791545374116,-0.01702791545374116,0.8558112951679597,1.4604072402625823
2006-10-31,0.004529738111300086,-1.0,-0.004529738111300086,-0.004529738111300086,0.8519346941281564,1.4670225025968182
2006-11-01,0.011568568647230437,-1.0,-0.011568568647230437,-0.011568568647230437,0.8420790291361775,1.4839938531251413
2006-11-02,-0.0036824828598674975,-1.0,0.0036824828598674975,0.0036824828598674975,0.8451799707276254,1.4785290711968593
2006-11-03,-0.008171240537818591,-1.0,0.008171240537818591,0.008171240537818591,0.8520861395661872,1.4664476545139522
2006-11-06,0.0009800678754325887,-1.0,-0.0009800678754325887,-0.0009800678754325887,0.851251037313697,1.4678848727511449
2006-11-07,-0.001959151530313341,-1.0,0.001959151530313341,0.001959151530313341,0.852918767086131,1.4650090638563706
2006-11-08,0.023365797688820855,-1.0,-0.023365797688820855,-0.023365797688820855,0.832989639729398,1.4992401692547275
2006-11-09,0.0076744104085326725,-1.0,-0.0076744104085326725,-0.0076744104085326725,0.8265969353680588,1.5107459536145462
2006-11-10,0.008948252919511734,-1.0,-0.008948252919511734,-0.008948252919511734,0.8192003369278921,1.524264490504618
2006-11-13,0.006039441235761611,-1.0,-0.006039441235761611,-0.006039441235761611,0.8142528246327,1.5334701963227788
2006-11-14,-0.002063305295412099,-1.0,0.002063305295412099,0.002063305295412099,0.815932876797569,1.5303061791463495
2006-11-15,-0.012594402285730943,-1.0,0.012594402285730943,0.012594402285730943,0.8262090636861114,1.5110328875058405
2006-11-16,-0.0022839655948690973,-1.0,0.0022839655948690973,0.0022839655948690973,0.8280960967617396,1.5075817403780616
2006-11-17,0.005151515644126414,-1.0,-0.005151515644126414,-0.005151515644126414,0.8238301467644314,1.5153480712984184
2006-11-20,0.0009492172952010325,-1.0,-0.0009492172952010325,-0.0009492172952010325,0.8230481529408147,1.5167864658959445
2006-11-21,0.003151427238941018,-1.0,-0.003151427238941018,-0.003151427238941018,0.820454376572677,1.521566508080226
2006-11-22,0.0057123591616830005,-1.0,-0.0057123591616830005,-0.0057123591616830005,0.8157676464979191,1.5302582424627682
2006-11-24,-0.00018987710326212603,-1.0,0.00018987710326212603,0.00018987710326212603,0.8159225420955711,1.5299676814604464
2006-11-27,-0.006059344788053034,-1.0,0.006059344788053034,0.006059344788053034,0.8208664980984729,1.5206970797638995
2006-11-28,-0.004572358251027975,-1.0,0.004572358251027975,0.004572358251027975,0.8246197938040459,1.5137439079239268
2006-11-29,0.016077183536587825,-1.0,-0.016077183536587825,-0.016077183536587825,0.811362230031155,1.5380806465590113
2006-11-30,0.003955030158586892,-1.0,-0.003955030158586892,-0.003955030158586892,0.8081532679418435,1.544163801902491
2006-12-01,-0.0026263420007698324,-1.0,0.0026263420007698324,0.0026263420007698324,0.8102757548124985,1.540108299653486
2006-12-04,0.014860561773129,-1.0,-0.014860561773129,-0.014860561773129,0.7982346019048386,1.5629951741777954
2006-12-05,-0.0009266782676541352,-1.0,0.0009266782676541352,0.0009266782676541352,0.7989743085629135,1.5615467805174366
2006-12-06,-0.0027829900554137144,-1.0,0.0027829900554137144,0.0027829900554137144,0.8011978461181751,1.5572010113561932
2006-12-07,-0.0033487695483124247,-1.0,0.0033487695483124247,0.0033487695483124247,0.8038808730674293,1.5519863040287623
2006-12-08,-0.004293652044904173,-1.0,0.004293652044904173,0.004293652044904173,0.8073324578219346,1.545322614860806
2006-12-11,0.004874532535622089,-1.0,-0.004874532535622089,-0.004874532535622089,0.8033970894892178,1.5528553402249776
2006-12-12,0.011380623055590844,-1.0,-0.011380623055590844,-0.011380623055590844,0.7942539300497823,1.5705278015119393
2006-12-13,-0.0003687686416824487,-1.0,0.0003687686416824487,0.0003687686416824487,0.7945468259927176,1.5699486401078513
2006-12-14,0.010888120538668167,-1.0,-0.010888120538668167,-0.010888120538668167,0.7858957043776927,1.5870424301408637
2006-12-15,0.0029202531293721634,-1.0,-0.0029202531293721634,-0.0029202531293721634,0.7836006899876237,1.591676995763929
2006-12-18,-0.01164927912675462,-1.0,0.01164927912675462,0.01164927912675462,0.792729073149207,1.5731351061606407
2006-12-19,0.007734982971160154,-1.0,-0.007734982971160154,-0.007734982971160154,0.7865973272676543,1.5853032794181274
2006-12-20,0.0069442069740865975,-1.0,-0.0069442069740865975,-0.0069442069740865975,0.7811350326218444,1.596311953507105
2006-12-21,-0.010889155109449211,-1.0,0.010889155109449211,0.010889155109449211,0.7896409331534883,1.5789294650422983
2006-12-22,0.0029357548680384316,-1.0,-0.0029357548680384316,-0.0029357548680384316,0.7873227409399806,1.5835648149055854
2006-12-26,0.004390958825668756,-1.0,-0.004390958825668756,-0.004390958825668756,0.7838656392020005,1.5905181828056136
2006-12-27,-0.0014573980114153118,-1.0,0.0014573980114153118,0.0014573980114153118,0.7850080434257902,1.5882001647688728
2006-12-28,-0.004013292875324925,-1.0,0.004013292875324925,0.004013292875324925,0.7881585106135437,1.581826252363016
2006-12-29,-0.003296203429072886,-1.0,0.003296203429072886,0.003296203429072886,0.790756441398881,1.5766122312457795
2007-01-03,0.012494969828922065,-1.0,-0.012494969828922065,-0.012494969828922065,0.7808759635215762,1.596311953507105
2007-01-04,-0.000725685750619598,-1.0,0.000725685750619598,0.000725685750619598,0.7814426340813051,1.5951535326689013
2007-01-05,-0.013258099404680035,-1.0,0.013258099404680035,0.013258099404680035,0.7918030782030101,1.5740048285670505
2007-01-08,-0.0012888978406928597,-1.0,0.0012888978406928597,0.0012888978406928597,0.79282363148076,1.5719760971422703
2007-01-09,0.000921945272096325,-1.0,-0.000921945272096325,-0.000921945272096325,0.79209269148211,1.573425373072879
2007-01-10,0.0003682764394727922,-1.0,-0.0003682764394727922,-0.0003682764394727922,0.7918009824059585,1.5740048285670505
2007-01-11,-0.0020250550031470915,-1.0,0.0020250550031470915,0.0020250550031470915,0.7934044229468765,1.570817382213983
2007-01-12,-0.006823645694393199,-1.0,0.006823645694393199,0.006823645694393199,0.7988183336214306,1.5600986809471606
2007-01-16,0.005571083674772437,0.0,0.0,-0.001,0.7980195152878092,1.5687901212396194
2007-01-17,0.004616463536980309,0.0,0.0,0.0,0.7980195152878092,1.576032383631497
2007-01-18,0.0014706068039775921,0.0,0.0,0.0,0.7980195152878092,1.5783501075781543
2007-01-19,0.004589060834697678,0.0,0.0,0.0,0.7980195152878092,1.585593252240282
2007-01-22,0.00036520297575814986,0.0,0.0,0.0,0.7980195152878092,1.5861723156143421
2007-01-23,0.008401793420884873,0.0,0.0,0.0,0.7980195152878092,1.5994990077400604
2007-01-24,0.0038037145282920903,-1.0,-0.0038037145282920903,-0.00480371452829209,0.7941860573483606,1.60558304535379
2007-01-25,-0.000180724929208953,-1.0,0.000180724929208953,0.000180724929208953,0.7943295865673535,1.6052928764715795
2007-01-26,0.010648210176139816,-1.0,-0.010648210176139816,-0.010648210176139816,0.7858713981804581,1.622386372414509
2007-01-29,0.0023215257235515985,-1.0,-0.0023215257235515985,-0.0023215257235515985,0.7840469775141787,1.6261527841116088
2007-01-30,0.001603357737462563,-1.0,-0.001603357737462563,-0.001603357737462563,0.7827898697262472,1.6287600887603104
2007-01-31,0.007648491625894982,-1.0,-0.007648491625894982,-0.007648491625894982,0.7768027079628106,1.6412176466597856
2007-02-01,0.014121798789856976,-1.0,-0.014121798789856976,-0.014121798789856976,0.7658328564215438,1.6643945920362777
2007-02-02,0.0034808900901002193,-1.0,-0.0034808900901002193,-0.0034808900901002193,0.7631670764209528,1.6701881666777132
2007-02-05,0.016999543830215735,-1.0,-0.016999543830215735,-0.016999543830215735,0.7501935842555573,1.6985806036218587
2007-02-06,0.007504524980628702,-1.0,-0.007504524980628702,-0.007504524980628702,0.7445637377622041,1.7113276441933503
2007-02-07,-0.0030472279081991127,-1.0,0.0030472279081991127,0.0030472279081991127,0.746832593163346,1.7061128388358917
2007-02-08,0.006112968859655288,-1.0,-0.006112968859655288,-0.006112968859655288,0.7422672287779629,1.7165422534907535
2007-02-09,-0.005063170559711727,-1.0,0.005063170559711727,0.005063170559711727,0.7460254543581503,1.707851107288378
2007-02-12,0.0005083311550171388,-1.0,-0.0005083311550171388,-0.0005083311550171388,0.7456462263772642,1.7087192612143431
2007-02-13,0.007799744930888641,-1.0,-0.007799744930888641,-0.007799744930888641,0.7398303760028418,1.7220468356103116
2007-02-14,0.0035329698692809774,-1.0,-0.0035329698692809774,-0.0035329698692809774,0.737216577576045,1.7281307751940134
2007-02-15,-0.01005832231808046,-1.0,0.01005832231808046,0.01005832231808046,0.744631739531537,1.7107486788493178
2007-02-16,0.0032176451091932012,-1.0,-0.0032176451091932012,-0.0032176451091932012,0.7422357788566833,1.716253260968876
2007-02-20,0.009621746751549587,-1.0,-0.009621746751549587,-0.009621746751549587,0.7350941741625852,1.7327666152074397
2007-02-21,-0.009864744468675801,-1.0,0.009864744468675801,0.009864744468675801,0.7423456903511114,1.715673315324566
2007-02-22,-0.002701595771061549,-1.0,0.002701595771061549,0.002701595771061549,0.7443512083288296,1.711038259551362
2007-02-23,0.009820315148892922,-1.0,-0.009820315148892922,-0.009820315148892922,0.7370414448815813,1.7278411944919696
2007-02-26,0.02565366166728089,-1.0,-0.02565366166728089,-0.02565366166728089,0.7181336330198254,1.7721666479102571
2007-02-27,-0.031387789904011476,-1.0,0.031387789904011476,0.031387789904011476,0.7406742606160562,1.7165422534907537
2007-02-28,0.004418866715110381,-1.0,-0.004418866715110381,-0.004418866715110381,0.737401319779081,1.7241274249197847
2007-03-01,0.005922077118685198,-1.0,-0.005922077118685198,-0.005922077118685198,0.733034372295929,1.7343378404925998
2007-03-02,-0.025231201797160985,-1.0,0.025231201797160985,0.025231201797160985,0.7515297104675829,1.6905784124546785
2007-03-05,-0.014840147433106687,-1.0,0.014840147433106687,0.014840147433106687,0.7626825221712817,1.6654899795666236
2007-03-06,0.013487317822266531,0.0,0.0,-0.001,0.7619198396491105,1.6879529722508388
2007-03-07,-0.002765360101387282,0.0,-0.0,-0.0,0.7619198396491105,1.6832851744483583
2007-03-08,0.004159775735045335,0.0,0.0,0.0,0.7619198396491105,1.6902872632721901
2007-03-09,0.0010355779245130314,0.0,0.0,0.0,0.7619198396491105,1.6920376874481204
2007-03-12,0.013792726264428845,0.0,0.0,0.0,0.7619198396491105,1.7153755001001896
2007-03-13,-0.00833352858849945,0.0,-0.0,-0.0,0.7619198396491105,1.701080369330093
2007-03-14,0.008746908108423268,0.0,0.0,0.0,0.7619198396491105,1.715959563005666
2007-03-15,0.006120508479340092,0.0,0.0,0.0,0.7619198396491105,1.726462108061247
2007-03-16,0.0070961329726308975,0.0,0.0,0.0,0.7619198396491105,1.7387133127522583
2007-03-19,0.0033563483471239497,0.0,0.0,0.0,0.7619198396491105,1.7445490403056367
2007-03-20,0.008193832480298369,0.0,0.0,0.0,0.7619198396491105,1.7588435828955664
2007-03-21,0.010448957261237846,0.0,0.0,0.0,0.7619198396491105,1.7772216643224445
2007-03-22,0.002955426997974575,-1.0,-0.002955426997974575,-0.003955426997974575,0.75890612134507,1.7824741132105684
2007-03-23,0.009656304206030475,-1.0,-0.009656304206030475,-0.009656304206030475,0.7515778929735433,1.799686225487104
2007-03-26,0.006808065138148356,-1.0,-0.006808065138148356,-0.006808065138148356,0.7464611017217871,1.8119386065384486
2007-03-27,-0.005957527754745229,-1.0,0.005957527754745229,0.005957527754745229,0.7509081644531324,1.8011439320001015
2007-03-28,-0.007935933434167541,-1.0,0.007935933434167541,0.007935933434167541,0.7568673216614054,1.786850173650394
2007-03-29,0.0073467788922061406,-1.0,-0.0073467788922061406,-0.0073467788922061406,0.7513067847984227,1.7999777667897034
2007-03-30,-0.00859047744154151,-1.0,0.00859047744154151,0.00859047744154151,0.7577608687849107,1.7845150983888203
2007-04-02,0.022560394116380333,-1.0,-0.022560394116380333,-0.022560394116380333,0.7406654849391523,1.8247744623151032
2007-04-03,0.0003197516938997502,-1.0,-0.0003197516938997502,-0.0003197516938997502,0.7404286558957299,1.8253579370404134
2007-04-04,-0.013105091857337547,-1.0,0.013105091857337547,0.013105091857337547,0.7501320414450485,1.8014364536029785
2007-04-05,-0.005667929919145109,-1.0,0.005667929919145109,0.005667929919145109,0.7543837372860643,1.7912260380301637
2007-04-09,0.005700238471322949,-1.0,-0.005700238471322949,-0.005700238471322949,0.7500835700846459,1.8014364536029785
2007-04-10,0.0019435825587790223,-1.0,-0.0019435825587790223,-0.0019435825587790223,0.7486257207402026,1.80493769407495
2007-04-11,-0.010829514737327517,-1.0,0.010829514737327517,0.010829514737327517,0.7567329740157012,1.7853910947170073
2007-04-12,-0.00686279505241838,-1.0,0.00686279505241838,0.00686279505241838,0.761926277325778,1.7731383215455516
2007-04-13,-0.005100370384171438,-1.0,0.005100370384171438,0.005100370384171438,0.7658123835455724,1.7640946593633013
2007-04-16,0.017198345448616648,-1.0,-0.017198345448616648,-0.017198345448616648,0.752641677624527,1.794434168719091
2007-04-17,0.009267113846401331,-1.0,-0.009267113846401331,-0.009267113846401331,0.7456668615124341,1.8110633944504833
2007-04-18,0.0049936729271975455,-1.0,-0.0049936729271975455,-0.0049936729271975455,0.7419432450933912,1.820107252692789
2007-04-19,-0.011540362778059032,-1.0,0.011540362778059032,0.011540362778059032,0.7505055393024993,1.7991025547017379
2007-04-20,0.009404679432837959,-1.0,-0.009404679432837959,-0.009404679432837959,0.7434472752927901,1.8160225374955075
2007-04-23,0.023132532253692162,-1.0,-0.023132532253692162,-0.023132532253692162,0.72624945721816,1.8580317374175541
2007-04-24,0.009892105499190063,-1.0,-0.009892105499190063,-0.009892105499190063,0.7190653209686285,1.876411583384932
2007-04-25,0.0029535255693584617,-1.0,-0.0029535255693584617,-0.0029535255693584617,0.7169415431571087,1.8819536129750998
2007-04-26,-0.0031002630207348503,-1.0,0.0031002630207348503,0.0031002630207348503,0.7191642505113872,1.8761190617820547
2007-04-27,-0.006375100531878397,-1.0,0.006375100531878397,0.006375100531878397,0.7237489949073302,1.8641586141534208
2007-04-30,0.007355412753336621,-1.0,-0.007355412753336621,-0.007355412753336621,0.7184255223199743,1.877870270198207
2007-05-01,0.0037283217561512316,-1.0,-0.0037283217561512316,-0.0037283217561512316,0.7157470008149344,1.8848715747818166
2007-05-02,-0.0017026661615565652,-1.0,0.0017026661615565652,0.0017026661615565652,0.7169656790134574,1.8816622677325556
2007-05-03,-0.002790449932309591,-1.0,0.002790449932309591,0.002790449932309591,0.7189663358439289,1.8764115833849317
2007-05-04,-0.005597979477976134,-1.0,0.005597979477976134,0.005597979477976134,0.7229910946373389,1.8659074698489062
2007-05-07,-0.001875587106047849,-1.0,0.001875587106047849,0.001875587106047849,0.7243471274122281,1.8624077978573792
2007-05-08,-0.004385962141955524,-1.0,0.004385962141955524,0.004385962141955524,0.7275240864906923,1.854239347763094
2007-05-09,0.0028321417049967934,-1.0,-0.0028321417049967934,-0.0028321417049967934,0.7254636351839524,1.85949081635094
2007-05-10,-0.0020400046729898147,-1.0,0.0020400046729898147,0.0020400046729898147,0.7269435843898119,1.8556974463962024
2007-05-11,0.01540674725597957,-1.0,-0.01540674725597957,-0.01540674725597957,0.7157437483157622,1.8842877079363953
2007-05-14,0.016101626841892314,-1.0,-0.016101626841892314,-0.016101626841892314,0.7042191095659645,1.9146278054723518
2007-05-15,-0.004114067898299711,-1.0,0.004114067898299711,0.004114067898299711,0.7071163147979991,1.9067508966806659
2007-05-16,0.0036715422112190144,-1.0,-0.0036715422112190144,-0.0036715422112190144,0.7045201073999766,1.9137516130841086
2007-05-17,-0.008079050528181031,-1.0,0.008079050528181031,0.008079050528181031,0.7102119609457807,1.898290317103614
2007-05-18,0.0,-1.0,-0.0,-0.0,0.7102119609457807,1.898290317103614
2007-05-21,0.006915792174248203,-1.0,-0.006915792174248203,-0.006915792174248203,0.7053002826242144,1.9114184984230904
2007-05-22,0.008699734581934848,-1.0,-0.008699734581934848,-0.008699734581934848,0.6991643573648201,1.9280473320343718
2007-05-23,-0.0205778687595225,-1.0,0.0205778687595225,0.0205778687595225,0.7135516697520091,1.888372227073621
2007-05-24,-0.029352752465555798,-1.0,0.029352752465555798,0.029352752465555798,0.734496375285624,1.8329433045294987
2007-05-25,-0.003979190250133491,0.0,-0.0,-0.001,0.7337618789103383,1.8256496744030675
2007-05-29,0.004314363693105561,1.0,0.004314363693105561,0.0033143636931055607,0.7361938326411837,1.833526191074642
2007-05-30,0.014320359800082505,1.0,0.014320359800082505,0.014320359800082505,0.7467363932072071,1.8597829458337058
2007-05-31,0.002823383459581885,1.0,0.002823383459581885,0.002823383459581885,0.7488447163884562,1.8650338262413853
2007-06-01,-0.00922916261062734,1.0,-0.00922916261062734,-0.00922916261062734,0.741933506730798,1.847821125784683
2007-06-04,-0.006788812163181501,1.0,-0.006788812163181501,-0.006788812163181501,0.7368966595160321,1.8352766152505722
2007-06-05,-0.02495601865996755,1.0,-0.02495601865996755,-0.02495601865996755,0.7185066527306823,1.7894754177941767
2007-06-06,-0.016412517338323607,1.0,-0.016412517338323607,-0.016412517338323607,0.7067141498350391,1.7601056214731259
2007-06-07,-0.03487342632260193,1.0,-0.03487342632260193,-0.03487342632260193,0.6820686059996266,1.6987247077626852
2007-06-08,0.011583498647554924,1.0,0.011583498647554924,0.011583498647554924,0.689969346774763,1.7184018831176224
2007-06-11,0.03196012719701624,1.0,0.03196012719701624,0.03196012719701624,0.7120208548597265,1.773322225877654
2007-06-12,-0.0228551439165372,1.0,-0.0228551439165372,-0.0228551439165372,0.6957475157503317,1.7327926911948262
2007-06-13,0.02118629732664523,1.0,0.02118629732664523,0.02118629732664523,0.710487829483293,1.7695041523559174
2007-06-14,-0.0006639101983897389,1.0,-0.0006639101983897389,-0.0006639101983897389,0.7100161293674673,1.7683293605030752
2007-06-15,0.01810357205223223,1.0,0.01810357205223223,0.01810357205223223,0.7228699575237183,1.8003424384930204
2007-06-18,-0.011256389389200705,1.0,-0.011256389389200705,-0.011256389389200705,0.7147330518040763,1.7800770829714399
2007-06-19,-0.000989950264581485,1.0,-0.000989950264581485,-0.000989950264581485,0.7140255016303377,1.7783148951921768
2007-06-20,-0.026259126534025068,1.0,-0.026259126534025068,-0.026259126534025068,0.695275815634506,1.731617899341984
2007-06-21,0.005766592441032392,1.0,0.005766592441032392,0.005766592441032392,0.6992851878973766,1.7416034340310858
2007-06-22,-0.02225957192438144,1.0,-0.02225957192438144,-0.02225957192438144,0.6837193989617204,1.702836087127521
2007-06-25,-0.0037944669128610053,1.0,-0.0037944669128610053,-0.0037944669128610053,0.6811250483246789,1.6963747319368898
2007-06-26,-0.019043905208335987,1.0,-0.019043905208335987,-0.019043905208335987,0.6681537674693605,1.6640691323440673
2007-06-27,0.01817804152624536,1.0,0.01817804152624536,0.01817804152624536,0.6802994944003359,1.6943186501343608
2007-06-28,-0.005893424255380975,1.0,-0.005893424255380975,-0.005893424255380975,0.6762902008591135,1.6843333115053145
2007-06-29,-0.010636481255467234,1.0,-0.010636481255467234,-0.010636481255467234,0.6690968528144193,1.6664179318095291
2007-07-02,0.011632057686026709,1.0,0.011632057686026709,0.011632057686026709,0.6768798260038956,1.685801801321367
2007-07-03,-0.010278429869760575,1.0,-0.010278429869760575,-0.010278429869760575,0.6699225641820589,1.6684744057321692
2007-07-05,0.0,1.0,0.0,0.0,0.6699225641820589,1.6684744057321692
2007-07-06,-0.005457450907559891,1.0,-0.005457450907559891,-0.005457450907559891,0.6662664946761686,1.6593687885723658
2007-07-09,-0.009203499609030441,1.0,-0.009203499609030441,-0.009203499609030441,0.6601345112529065,1.6440967885755027
2007-07-10,-0.007859768549465795,1.0,-0.007859768549465795,-0.007859768549465795,0.6549460067829439,1.6311745683443792
2007-07-11,-0.003961107097912531,1.0,-0.003961107097912531,-0.003961107097912531,0.6523516955067266,1.624713311183776
2007-07-12,0.02006506842888789,1.0,0.02006506842888789,0.02006506842888789,0.6654411769167701,1.6573132949500033
2007-07-13,0.018252615315819343,1.0,0.018252615315819343,0.018252615315819343,0.6775872187343379,1.6875635969805187
2007-07-16,0.0005224585736358645,1.0,0.0005224585736358645,0.0005224585736358645,0.6779412299861517,1.688445279050317
2007-07-17,0.008870771276601852,1.0,0.008870771276601852,0.008870771276601852,0.6839550915763369,1.7034230909338306
2007-07-18,0.008620586464143765,1.0,0.008620586464143765,0.008620586464143765,0.6898511855808621,1.7181075969742448
2007-07-19,0.01794864187274703,1.0,0.01794864187274703,0.01794864187274703,0.702233077456343,1.7489452949311814
2007-07-20,-0.015617025002194418,0.0,-0.0,-0.001,0.7015308443788867,1.721631972532771
2007-07-23,0.02098279655070079,0.0,0.0,0.0,0.7015308443788867,1.7577566259476076
2007-07-24,-0.03926484476597192,-1.0,0.03926484476597192,0.03826484476597192,0.728374813237586,1.6887385848934162
2007-07-25,0.013217004161203194,-1.0,-0.013217004161203194,-0.013217004161203194,0.7187478803001093,1.711058649797137
2007-07-26,-0.03347023455472686,-1.0,0.03347023455472686,0.03347023455472686,0.7428045404394666,1.6537891154515325
2007-07-27,-0.024685199905395527,-1.0,0.024685199905395527,0.024685199905395527,0.7611408190108504,1.6129650005352443
2007-07-30,0.05225782395965428,0.0,0.0,-0.001,0.7603796781918396,1.6972550415862988
2007-07-31,-0.0010381419857564689,0.0,-0.0,-0.0,0.7603796781918396,1.6954930498670913
2007-08-01,0.029967419553471597,0.0,0.0,0.0,0.7603796781918396,1.7463026014424534
2007-08-02,0.006726860670364321,0.0,0.0,0.0,0.7603796781918396,1.7580497357306515
2007-08-03,-0.045940656820522285,-1.0,0.045940656820522285,0.044940656820522284,0.7945516403627583,1.6772837761480397
2007-08-06,0.0635615712028208,-1.0,-0.0635615712028208,-0.0635615712028208,0.7440486896995228,1.7838945683130094
2007-08-07,0.03589089228533915,-1.0,-0.03589089228533915,-0.03589089228533915,0.7173441183224695,1.8479201361127333
2007-08-08,-0.005085792713125814,-1.0,0.005085792713125814,0.005085792713125814,0.7209923818122376,1.8385219973500526
2007-08-09,-0.021565175032026707,-1.0,0.021565175032026707,0.021565175032026707,0.7365407087227763,1.7988739486769674
2007-08-10,-0.01714332362192217,-1.0,0.01714332362192217,0.01714332362192217,0.7491674644531308,1.768035270419753
2007-08-13,0.0011633625624805077,-1.0,-0.0011633625624805077,-0.0011633625624805077,0.7482959110719576,1.7700921364625044
2007-08-14,-0.015431006180997686,-1.0,0.015431006180997686,0.015431006180997686,0.7598428699009243,1.742777833763816
2007-08-15,-0.006235347058161755,-1.0,0.006235347058161755,0.006235347058161755,0.7645807539044263,1.7319110091250274
2007-08-16,0.005426455928257301,-1.0,-0.005426455928257301,-0.005426455928257301,0.7604317901397701,1.741309147887708
2007-08-17,0.011975329867931261,-1.0,-0.011975329867931261,-0.011975329867931261,0.7513253686107849,1.7621618993357098
2007-08-20,-0.007333552295160528,-1.0,0.007333552295160528,0.007333552295160528,0.7568352524921729,1.7492389928943919
2007-08-21,0.009570099826775591,-1.0,-0.009570099826775591,-0.009570099826775591,0.7495922635733999,1.7659793846772796
2007-08-22,0.01031203555234228,-1.0,-0.01031203555234228,-0.01031203555234228,0.7418624415016702,1.7841902268767753
2007-08-23,-0.005103391422386028,-1.0,0.005103391422386028,0.005103391422386028,0.7456484559222203,1.7750848057770274
2007-08-24,-0.007280162840254234,-1.0,0.007280162840254234,0.007280162840254234,0.7510768981029182,1.7621618993357095
2007-08-27,-0.033333377837769795,-1.0,0.033333377837769795,0.033333377837769795,0.776112828132603,1.7034230909338304
2007-08-28,-0.012759153949139734,-1.0,0.012759153949139734,0.012759153949139734,0.786015371188649,1.681688853476086
2007-08-29,0.032366154053137475,-1.0,-0.032366154053137475,-0.032366154053137475,0.7605750765966232,1.7361186539771372
2007-08-30,-0.0037483759239799186,-1.0,0.0037483759239799186,0.0037483759239799186,0.7634259979021171,1.7296110286133968
2007-08-31,0.006328496211052581,-1.0,-0.006328496211052581,-0.006328496211052581,0.7585946593669745,1.7405568654545713
2007-09-04,0.026172514596168872,-1.0,-0.026172514596168872,-0.026172514596168872,0.7387403295721165,1.786111615421143
2007-09-05,-0.02136471005616558,-1.0,0.02136471005616558,0.02136471005616558,0.754523302520221,1.7479518586297207
2007-09-06,0.008630581500080226,-1.0,-0.008630581500080226,-0.008630581500080226,0.7480113276641106,1.7630376996038413
2007-09-07,-0.016945987888574043,-1.0,0.016945987888574043,0.016945987888574043,0.7606871185632228,1.7331612840992552
2007-09-10,0.015702123235751042,-1.0,-0.015702123235751042,-0.015702123235751042,0.7487427156836947,1.7603755961696141
2007-09-11,0.012099002122454072,-1.0,-0.012099002122454072,-0.012099002122454072,0.7396836759774656,1.7816743842439866
2007-09-12,0.009131553820012739,-1.0,-0.009131553820012739,-0.009131553820012739,0.7329292146804925,1.7979438397734486
2007-09-13,0.0026320630578493542,-1.0,-0.0026320630578493542,-0.0026320630578493542,0.7310000987705135,1.802676141334204
2007-09-14,0.007384515324905916,-1.0,-0.007384515324905916,-0.007384515324905916,0.7256020173386349,1.8159880309257288
2007-09-17,-0.00211716025866715,-1.0,0.00211716025866715,0.00211716025866715,0.727138233093353,1.8121432932364376
2007-09-18,0.02448576983785311,-1.0,-0.02448576983785311,-0.02448576983785311,0.709333693677526,1.8565150168278342
2007-09-19,0.0060544207198265365,-1.0,-0.0060544207198265365,-0.0060544207198265365,0.7050390890652537,1.8677551398123857
2007-09-20,-0.0080772006847466,-1.0,0.0080772006847466,0.0080772006847466,0.7107338312782248,1.852668906718154
2007-09-21,0.007504420605668249,-1.0,-0.007504420605668249,-0.007504420605668249,0.7054001856696349,1.8665721134372106
2007-09-24,-0.017116069581036952,-1.0,0.017116069581036952,0.017116069581036952,0.7174738643300328,1.834623735265596
2007-09-25,-0.001773451721610697,-1.0,0.001773451721610697,0.001773451721610697,0.7187462695899397,1.8313701186437814
2007-09-26,0.013244921802193277,-1.0,-0.013244921802193277,-0.013244921802193277,0.7092265314536028,1.8556264726560918
2007-09-27,-0.014665623901826796,-1.0,0.014665623901826796,0.014665623901826796,0.7196277810250985,1.8284125527058441
2007-09-28,-0.015046036909735605,-1.0,0.015046036909735605,0.015046036909735605,0.7304553271796733,1.800902189951608
2007-10-01,0.022338451783916913,-1.0,-0.022338451783916913,-0.022338451783916913,0.714138086073165,1.8411315566893924
2007-10-02,-0.0008034586739513738,-1.0,0.0008034586739513738,0.0008034586739513738,0.7147118665128195,1.8396522835702847
2007-10-03,0.0011261729325022785,-1.0,-0.0011261729325022785,-0.0011261729325022785,0.7139069773542146,1.8417240501772576
2007-10-04,0.0036940821763755682,-1.0,-0.0036940821763755682,-0.0036940821763755682,0.7112697463135802,1.8485275301648196
2007-10-05,0.00544070483415271,-1.0,-0.00544070483415271,-0.00544070483415271,0.7073999375664254,1.8585848228342516
2007-10-08,-0.007957554645092624,-1.0,0.007957554645092624,0.007957554645092624,0.7130291112255454,1.8437950325440082
2007-10-09,0.019091715690673805,-1.0,-0.019091715690673805,-0.019091715690673805,0.6994161621548534,1.8789962430972151
2007-10-10,-0.007399064606978145,-1.0,0.007399064606978145,0.007399064606978145,0.7045911875258019,1.8650934284982696
2007-10-11,-0.0014273298021164615,-1.0,0.0014273298021164615,0.0014273298021164615,0.705596871526066,1.8624313250640425
2007-10-12,0.009211846359043596,-1.0,-0.009211846359043596,-0.009211846359043596,0.699097021554146,1.8795877562848025
2007-10-15,-0.006137608435602515,-1.0,0.006137608435602515,0.006137608435602515,0.7033878053309414,1.8680515826163737
2007-10-16,0.0014249645989128368,-1.0,-0.0014249645989128368,-0.0014249645989128368,0.7023855026090378,1.870713489990545
2007-10-17,0.0,-1.0,-0.0,-0.0,0.7023855026090378,1.870713489990545
2007-10-18,-0.01059473357163887,-1.0,0.01059473357163887,0.01059473357163887,0.7098270898737621,1.8508937789752244
2007-10-19,-0.03004594169998165,-1.0,0.03004594169998165,0.03004594169998165,0.7311545132331768,1.7952819323992761
2007-10-22,0.008732202836013725,0.0,0.0,-0.001,0.7304233587199437,1.8109586983808172
2007-10-23,0.008984432303335899,0.0,0.0,0.0,0.7304233587199437,1.8272291342105569
2007-10-24,0.001942435745538873,0.0,0.0,0.0,0.7304233587199437,1.8307784093961375
2007-10-25,0.0424948154526017,0.0,0.0,0.0,0.7304233587199437,1.908577000038034
2007-10-26,0.03270357295661741,-1.0,-0.03270357295661741,-0.03370357295661741,0.7058054817601085,1.9709942872020998
2007-10-29,0.007203710967050414,-1.0,-0.007203710967050414,-0.007203710967050414,0.7007210630705489,1.9851927603648112
2007-10-30,-0.0020863307363083727,-1.0,0.0020863307363083727,0.0020863307363083727,0.7021829989620118,1.9810509916913652
2007-10-31,0.021651658050374056,-1.0,-0.021651658050374056,-0.021651658050374056,0.6869795727797001,2.023944030343821
2007-11-01,-0.02864677428698137,-1.0,0.02864677428698137,0.02864677428698137,0.7066593215408871,1.965964562537078
2007-11-02,0.00195644735567968,-1.0,-0.00195644735567968,-0.00195644735567968,0.705276779779892,1.9698108687068137
2007-11-05,0.01036142513315208,-1.0,-0.01036142513315208,-0.01036142513315208,0.697969107228052,1.9902209165493885
2007-11-06,0.0008918264641450957,-1.0,-0.0008918264641450957,-0.0008918264641450957,0.6973466399070704,1.9919958482322624
2007-11-07,-0.019156347491976256,-1.0,0.019156347491976256,0.019156347491976256,0.7107052544634922,1.9538364835609512
2007-11-08,0.025283829210777098,-1.0,-0.025283829210777098,-0.025283829210777098,0.6927359041904354,2.0032369515170916
2007-11-09,0.017276984332514456,-1.0,-0.017276984332514456,-0.017276984332514456,0.680767516827167,2.0378468449427665
2007-11-12,-0.004064366793396945,-1.0,0.004064366793396945,0.004064366793396945,0.6835344057165826,2.0295642878961524
2007-11-13,-0.014866571326890843,-1.0,0.014866571326890843,0.014866571326890843,0.6936962187135521,1.9993916256476338
2007-11-14,-0.006214249215006351,-1.0,0.006214249215006351,0.006214249215006351,0.6980070198961457,1.9869669078074628
2007-11-15,0.0011913782264725281,-1.0,-0.0011913782264725281,-0.0011913782264725281,0.6971754295307164,1.989334136918146
2007-11-16,0.010706392465225978,-1.0,-0.010706392465225978,-0.010706392465225978,0.6897111957650481,2.0106327289324635
2007-11-19,-0.005737681259475713,-1.0,0.005737681259475713,0.005737681259475713,0.69366853876744,1.9990963592039792
2007-11-20,0.023231065007889518,-1.0,-0.023231065007889518,-0.023231065007889518,0.6775538798494058,2.045537496681682
2007-11-21,-0.010267205164580573,-1.0,0.010267205164580573,0.010267205164580573,0.6845104645438773,2.0245355435314085
2007-11-23,0.0007308665159999617,-1.0,-0.0007308665159999617,-0.0007308665159999617,0.6840101787654906,2.0260152087706276
2007-11-26,-0.010512649649504158,-1.0,0.010512649649504158,0.010512649649504158,0.691200938131547,2.004716420696255
2007-11-27,0.002508261114999133,-1.0,-0.002508261114999133,-0.002508261114999133,0.6894672256957808,2.0097447729408877
2007-11-28,0.018510614780961943,-1.0,-0.018510614780961943,-0.018510614780961943,0.6767047634768276,2.046946384240848
2007-11-29,0.007269545577973213,-1.0,-0.007269545577973213,-0.007269545577973213,0.6717854273559012,2.0618267542767543
2007-11-30,0.00692838604292656,-1.0,-0.00692838604292656,-0.00692838604292656,0.6671310385771672,2.0761118859840177
2007-12-03,0.024082451087021672,-1.0,-0.024082451087021672,-0.024082451087021672,0.6510648879719986,2.1261097489294123
2007-12-04,0.009658271868697055,-1.0,-0.009658271868697055,-0.009658271868697055,0.6447767262798022,2.1466442949072597
2007-12-05,0.005961322915007505,-1.0,-0.005961322915007505,-0.005961322915007505,0.6409330040063669,2.1594411347328606
2007-12-06,-0.022739319179581385,-1.0,0.022739319179581385,0.022739319179581385,0.6555073841571957,2.1103369135206527
2007-12-07,0.004089382794639773,-1.0,-0.004089382794639773,-0.004089382794639773,0.6528267635386639,2.1189668889856974
2007-12-10,0.0004211794801949331,-1.0,-0.0004211794801949331,-0.0004211794801949331,0.6525518063017394,2.119859354358551
2007-12-11,-0.029341409077220937,-1.0,0.029341409077220937,0.029341409077220937,0.6716985957945182,2.0576596938561433
2007-12-12,0.00014473492641475794,-1.0,-0.00014473492641475794,-0.00014473492641475794,0.671601377547683,2.05795750908052
2007-12-13,0.012581542136586243,-1.0,-0.012581542136586243,-0.012581542136586243,0.6631515965170774,2.0838497881963205
2007-12-14,-0.008997678910640405,-1.0,0.008997678910640405,0.008997678910640405,0.6691184216516167,2.065099976904124
2007-12-17,-0.008070067806911885,-1.0,0.008070067806911885,0.008070067806911885,0.6745182526851992,2.0484344800624554
2007-12-18,0.01786993581065066,-1.0,-0.01786993581065066,-0.01786993581065066,0.6624646548066024,2.085039872733495
2007-12-19,-0.007137295833450907,-1.0,0.007137295833450907,0.007137295833450907,0.667192861027162,2.070158326337255
2007-12-20,-0.00618119658896743,-1.0,0.00618119658896743,0.00618119658896743,0.6713169112639266,2.057362270751877
2007-12-21,-0.010849255603285535,-1.0,0.010849255603285535,0.010849255603285535,0.6786002000250371,2.035041421607934
2007-12-24,0.0004389343644757293,-1.0,-0.0004389343644757293,-0.0004389343644757293,0.6783023390775059,2.035934671221009
2007-12-26,0.0024849194548661746,-1.0,-0.0024849194548661746,-0.0024849194548661746,0.676616812398851,2.040993804894363
2007-12-27,-0.0021872145785358788,-1.0,0.0021872145785358788,0.0021872145785358788,0.6780967185550123,2.0365297134895965
2007-12-28,0.002776377827678589,-1.0,-0.002776377827678589,-0.002776377827678589,0.6762140658605945,2.042183889431538
2007-12-31,-0.012241225470458583,-1.0,0.012241225470458583,0.012241225470458583,0.6844917547070897,2.017185055988868
2008-01-02,-0.02109770340166517,0.0,-0.0,-0.001,0.6838072629523826,1.9746270839713438
2008-01-03,0.009344348660810908,1.0,0.009344348660810908,0.008344348660810907,0.6895131891712521,1.9930786879190523
2008-01-04,0.027624390914740893,1.0,0.027624390914740893,0.027624390914740893,0.7085605710497885,2.0481362727179673
2008-01-07,0.04664358519439182,1.0,0.04664358519439182,0.04664358519439182,0.7416103764109363,2.143668691444212
2008-01-08,-0.006663779577609996,0.0,-0.0,-0.001,0.7408687660345253,2.1293837557970043
2008-01-09,-0.0012580017724170833,0.0,-0.0,-0.0,0.7408687660345253,2.1267049872580555
2008-01-10,0.007696632093112887,0.0,0.0,0.0,0.7408687660345253,2.143073453115569
2008-01-11,-0.010415253406941272,0.0,-0.0,-0.0,0.7408687660345253,2.1207528000316813
2008-01-14,0.00042100969662794974,0.0,0.0,0.0,0.7408687660345253,2.1216456575246454
2008-01-15,-0.003927400568151662,0.0,-0.0,-0.0,0.7408687660345253,2.1133131051638667
2008-01-16,-0.04506449494368958,0.0,-0.0,-0.0,0.7408687660345253,2.0180777174217766
2008-01-17,-0.03671981813944225,0.0,-0.0,-0.0,0.7408687660345253,1.9439742706467882
2008-01-18,-0.024801320155179996,1.0,-0.024801320155179996,-0.025801320155179996,0.7217533738090954,1.8957611423870446
2008-01-22,-0.04442715947647846,1.0,-0.04442715947647846,-0.04442715947647846,0.6896879215681924,1.8115378597849043
2008-01-23,0.03187167474646668,1.0,0.03187167474646668,0.03187167474646668,0.7116694306809804,1.8692746052428793
2008-01-24,-0.020856928231164584,1.0,-0.020856928231164584,-0.020856928231164584,0.6968261924409535,1.83028727895699
2008-01-25,-0.00699192530748749,1.0,-0.00699192530748749,-0.00699192530748749,0.6919540357511054,1.8174900470112783
2008-01-28,0.017848628510599873,1.0,0.017848628510599873,0.017848628510599873,0.7043044662816372,1.8499297516820952
2008-01-29,0.006917791334579482,1.0,0.006917791334579482,0.006917791334579482,0.7091766976153859,1.8627271796878624
2008-01-30,0.0006386831254929781,1.0,0.0006386831254929781,0.0006386831254929781,0.7096296368051457,1.8639168721049262
2008-01-31,0.027462885512125057,1.0,0.027462885512125057,0.027462885512125057,0.7291181142767362,1.915105407767662
2008-02-01,0.015228881629549162,1.0,0.015228881629549162,0.015228881629549162,0.7402217677330167,1.9442703213306651
2008-02-04,0.021735842176657805,1.0,0.021735842176657805,0.021735842176657805,0.7563111112521882,1.9865306741838682
2008-02-05,-0.04254639835393026,1.0,-0.04254639835393026,-0.04254639835393026,0.7241327974333489,1.9020109487777397
2008-02-06,0.0012517053364209385,1.0,0.0012517053364209385,0.0012517053364209385,0.7250391983201736,1.904391706032256
2008-02-07,-0.004375440375204875,1.0,-0.004375440375204875,-0.004375440375204875,0.7218668325382374,1.896059153671477
2008-02-08,-0.007534530723803057,1.0,-0.007534530723803057,-0.007534530723803057,0.7164279047099836,1.8817732377239913
2008-02-11,0.00442834469844211,1.0,0.00442834469844211,0.00442834469844211,0.7196004944236221,1.8901063782649365
2008-02-12,0.00928992289360897,1.0,0.00928992289360897,0.00928992289360897,0.7262855275310204,1.9076653207797363
2008-02-13,0.005460223298960232,1.0,0.005460223298960232,0.005460223298960232,0.7302512086901429,1.9180815994108762
2008-02-14,-0.011481495753967619,1.0,-0.011481495753967619,-0.011481495753967619,0.7218668325382374,1.8960591536714768
2008-02-15,0.01538227209143228,1.0,0.01538227209143228,0.01538227209143228,0.7329707845701209,1.9252248514747023
2008-02-19,-0.004328500431841853,1.0,-0.004328500431841853,-0.004328500431841853,0.7297981202125816,1.9168915148737014
2008-02-20,0.005588692637042536,1.0,0.005588692637042536,0.005588692637042536,0.7338767375935411,1.9276044323688852
2008-02-21,-0.014049344854157542,1.0,-0.014049344854157542,-0.014049344854157542,0.7235662502266453,1.9005228529561322
2008-02-22,0.011274478198187943,1.0,0.011274478198187943,0.011274478198187943,0.7317240821397702,1.9219502564269442
2008-02-25,0.0027877564365110796,1.0,0.0027877564365110796,0.0027877564365110796,0.7337639506595055,1.9273081856249525
2008-02-26,0.0013892911359929538,1.0,0.0013892911359929538,0.0013892911359929538,0.7347833624120679,1.929985777803568
2008-02-27,-0.001164381822152949,1.0,-0.001164381822152949,-0.001164381822152949,0.7339277940216549,1.9277385374468798
2008-02-28,-0.01865386109661249,1.0,-0.01865386109661249,-0.01865386109661249,0.7202372068970317,1.8917787705387588
2008-02-29,-0.04498694991053975,1.0,-0.04498694991053975,-0.04498694991053975,0.6878359317466479,1.806673413746709
2008-03-03,0.017582071988208714,1.0,0.017582071988208714,0.017582071988208714,0.699929512614694,1.8384384757663865
2008-03-04,0.013040216318479958,1.0,0.013040216318479958,0.013040216318479958,0.7090567448668779,1.8624121111785967
2008-03-05,0.00032150102871897346,1.0,0.00032150102871897346,0.00032150102871897346,0.7092847073397727,1.8630108785882393
2008-03-06,-0.026218643465976355,1.0,-0.026218643465976355,-0.026218643465976355,0.6906882244821618,1.8141652605892988
2008-03-07,-0.004129638575570804,1.0,-0.004129638575570804,-0.004129638575570804,0.6878359317466478,1.8066734137467089
2008-03-10,-0.008126731299684442,1.0,-0.008126731299684442,-0.008126731299684442,0.6822460739510747,1.7919910643669057
2008-03-11,0.018059825092114234,1.0,0.018059825092114234,0.018059825092114234,0.6945673187164128,1.8243541095560036
2008-03-12,-0.002627919937909118,1.0,-0.002627919937909118,-0.002627919937909118,0.6927420514113378,1.819559853017695
2008-03-13,0.01202225065660989,1.0,0.01202225065660989,0.01202225065660989,0.701070369993779,1.841435057655378
2008-03-14,-0.00016268820539255824,1.0,-0.00016268820539255824,-0.00016268820539255824,0.7009563141134308,1.8411354778905011
2008-03-17,0.011230507383338306,1.0,0.011230507383338306,0.011230507383338306,0.7088284091744793,1.8618123634686765
2008-03-18,0.00048314403347138324,1.0,0.00048314403347138324,0.00048314403347138324,0.709170875391127,1.8627118870035297
2008-03-19,-0.021718035925905044,1.0,-0.021718035925905044,-0.021718035925905044,0.693769076841777,1.8222574433219767
2008-03-20,0.0009864021112104826,1.0,0.0009864021112104826,0.0009864021112104826,0.6944534121238662,1.8240549219112385
2008-03-24,0.02529979947443728,1.0,0.02529979947443728,0.02529979947443728,0.7120229441949388,1.8702031456659531
2008-03-25,0.0030440521106664953,1.0,0.0030440521106664953,0.0030440521106664953,0.7141903791410584,1.8758961414988926
2008-03-26,0.0014382365658243135,1.0,0.0014382365658243135,0.0014382365658243135,0.7152175538592991,1.878594123923285
2008-03-27,0.009251984610709085,1.0,0.009251984610709085,0.009251984610709085,0.7218347356609143,1.8959748478475917
2008-03-28,-0.020705291975143036,1.0,-0.020705291975143036,-0.020705291975143036,0.7068889367012549,1.8567181350453799
2008-03-31,0.01258839617112728,1.0,0.01258839617112728,0.01258839617112728,0.7157875346854372,1.8800912385074477
2008-04-01,0.03426848746173361,1.0,0.03426848746173361,0.03426848746173361,0.7403164908430703,1.9445191215411555
2008-04-02,0.013561737438995802,0.0,0.0,-0.001,0.7395761743522272,1.9708901793126035
2008-04-03,0.00015210173964996798,-1.0,-0.00015210173964996798,-0.001152101739649968,0.7387241073551524,1.971189955137536
2008-04-04,0.0025846401003539743,-1.0,-0.0025846401003539743,-0.0025846401003539743,0.736814771404184,1.9762847717409995
2008-04-07,-0.0028814492702725625,-1.0,0.0028814492702725625,0.0028814492702725625,0.7389378657895727,1.9705902074276156
2008-04-08,0.005931179454443658,-1.0,-0.005931179454443658,-0.005931179454443658,0.7345550927018911,1.982278131579038
2008-04-09,-0.002267825559914227,-1.0,0.002267825559914227,0.002267825559914227,0.7362209355162856,1.977782670565384
2008-04-10,-0.012879131158268331,-1.0,0.012879131158268331,0.012879131158268331,0.7457028215062629,1.9523105481486223
2008-04-11,-0.0047579179042746,-1.0,0.0047579179042746,0.0047579179042746,0.7492508143119755,1.9430216148368817
2008-04-14,-0.004472399985510078,-1.0,0.004472399985510078,0.004472399985510078,0.7526017636430478,1.9343316449948396
2008-04-15,0.007900757509414102,-1.0,-0.007900757509414102,-0.007900757509414102,0.7466556396073466,1.94961433026473
2008-04-16,0.035044371133647445,-1.0,-0.035044371133647445,-0.035044371133647445,0.7204895622639158,2.0179373384220045
2008-04-17,-0.0005941251082711707,-1.0,0.0005941251082711707,0.0005941251082711707,0.7209176232031042,2.01673843118233
2008-04-18,-0.012778415625397943,-1.0,0.012778415625397943,0.012778415625397943,0.7301298082240675,1.9909677093009692
2008-04-21,0.0025588664846787346,-1.0,-0.0025588664846787346,-0.0025588664846787346,0.728261503528338,1.9960623298443771
2008-04-22,-0.0036034241467725048,-1.0,0.0036034241467725048,0.0036034241467725048,0.7308857386153167,1.988869670646553
2008-04-23,0.020189890051306225,-1.0,-0.020189890051306225,-0.020189890051306225,0.7161292359126057,2.0290247306232847
2008-04-24,-0.010633688523988272,-1.0,0.010633688523988272,0.010633688523988272,0.7237443311502222,2.0074487136303674
2008-04-25,-0.00537359892832745,-1.0,0.00537359892832745,0.00537359892832745,0.7276334429124741,1.996661489374131
2008-04-28,-0.0028516501687757545,-1.0,0.0028516501687757545,0.0028516501687757545,0.7297083989427624,1.9909677093009692
2008-04-29,0.007224501858070997,-1.0,-0.007224501858070997,-0.007224501858070997,0.7244366192587504,2.0053514592161736
2008-04-30,-0.00941431726695019,-1.0,0.00941431726695019,0.00941431726695019,0.7312566954322489,1.9864724443473711
2008-05-01,0.01900767660034952,-1.0,-0.01900767660034952,-0.01900767660034952,0.7173572046536324,2.0242306701450317
2008-05-02,0.01332300971355238,-1.0,-0.01332300971355238,-0.01332300971355238,0.7077998476479452,2.0511995150258446
2008-05-05,-0.018991506292523774,-1.0,0.018991506292523774,0.018991506292523774,0.7212420329083985,2.0122441465290097
2008-05-06,-0.006850454240000414,-1.0,0.006850454240000414,0.006850454240000414,0.7261828684508023,1.998459360083504
2008-05-07,-0.027290525412391742,-1.0,0.027290525412391742,0.027290525412391742,0.7460007804763024,1.943920354131513
2008-05-08,0.007707775441120335,-1.0,-0.007707775441120335,-0.007707775441120335,0.7402507739814905,1.958903655696582
2008-05-09,-0.0019887212382316832,-1.0,0.0019887212382316832,0.0019887212382316832,0.741722926417325,1.9550079423928486
2008-05-12,0.0070509127285582895,-1.0,-0.0070509127285582895,-0.0070509127285582895,0.7364931027943855,1.968792532778299
2008-05-13,-0.014916574078527645,-1.0,0.014916574078527645,0.014916574078527645,0.7474790567205427,1.9394248931178593
2008-05-14,0.0037084535231217686,0.0,0.0,-0.001,0.7467315776638221,1.9466171601955722
2008-05-15,-0.010006165976981007,0.0,-0.0,-0.0,0.7467315776638221,1.9271389857970158
2008-05-16,0.0009334308645654321,1.0,0.0009334308645654321,-6.65691354345679e-05,0.7466818683882954,1.928937836806666
2008-05-19,0.025166628466418484,1.0,0.025166628466418484,0.025166628466418484,0.7654733335526348,1.9774826986803964
2008-05-20,-0.004394559764238082,1.0,-0.004394559764238082,-0.004394559764238082,0.7621094152404072,1.9687925327782987
2008-05-21,0.0050227135957827684,1.0,0.0050227135957827684,0.0050227135957827684,0.7659372725618092,1.9786812137999599
2008-05-22,0.008026777061934887,1.0,0.008026777061934887,0.008026777061934887,0.7720852802920893,1.994563646779771
2008-05-23,-0.01622611819965103,1.0,-0.01622611819965103,-0.01622611819965103,0.7595573332738592,1.9621996212903954
2008-05-27,0.004887014151258251,1.0,0.004887014151258251,0.004887014151258251,0.7632693007102606,1.971788918607235
2008-05-28,0.0053196429256803235,1.0,0.0053196429256803235,0.0053196429256803235,0.7673296208461728,1.982278131579039
2008-05-29,0.018896667110426923,1.0,0.018896667110426923,0.018896667110426923,0.7818295932552731,2.019736581551767
2008-05-30,0.0017795255931540854,1.0,0.0017795255931540854,0.0017795255931540854,0.7832208790259562,2.0233307544900683
2008-06-02,-0.015550553810608103,1.0,-0.015550553810608103,-0.015550553810608103,0.7710413606010712,1.991866840715712
2008-06-03,-0.009929648909938527,1.0,-0.009929648909938527,-0.009929648909938527,0.7633851905952612,1.9720883023120566
2008-06-04,0.00038295614505923226,1.0,0.00038295614505923226,0.00038295614505923226,0.7636775336450469,1.9728435256460264
2008-06-05,0.008870011214968221,1.0,0.008870011214968221,0.008870011214968221,0.7704513619330977,1.9903426698438842
2008-06-06,-0.029710593271136232,1.0,-0.029710593271136232,-0.029710593271136232,0.7475607948835105,1.9312084083099652
2008-06-09,0.0029680959130711226,1.0,0.0029680959130711226,0.0029680959130711226,0.7497796270235764,1.9369404200939586
2008-06-10,0.005607571045867399,1.0,0.005607571045867399,0.005607571045867399,0.7539840695508551,1.9478019511112477
2008-06-11,-0.0061960471763625735,1.0,-0.0061960471763625735,-0.0061960471763625735,0.7493123486856921,1.9357332783319512
2008-06-12,0.021041479606590086,1.0,0.021041479606590086,0.021041479606590086,0.7650789891895282,1.9764639706317708
2008-06-13,0.029155698329248247,1.0,0.029155698329248247,0.029155698329248247,0.7873854013963842,2.034089157918139
2008-06-16,-0.00385635346015889,0.0,-0.0,-0.001,0.7865980159949879,2.0262449911557296
2008-06-17,0.005955789448832016,0.0,0.0,0.0,0.7865980159949879,2.0383128796948036
2008-06-18,-0.007253012349502708,-1.0,0.007253012349502708,0.006253012349502708,0.791516623103099,2.0235289712062268
2008-06-19,0.0061135756201091684,-1.0,-0.0061135756201091684,-0.0061135756201091684,0.7866776263731847,2.0358999685911776
2008-06-20,-0.015856413814130388,-1.0,0.015856413814130388,0.015856413814130388,0.7991515123552758,2.0036178962050206
2008-06-23,0.007076436611941128,-1.0,-0.007076436611941128,-0.007076436611941128,0.7934963673347568,2.017796371242066
2008-06-24,-0.012409968940098048,-1.0,0.012409968940098048,0.012409968940098048,0.8033436326074618,1.9927555809475095
2008-06-25,-0.0015142651430941623,-1.0,0.0015142651430941623,0.0015142651430941623,0.8045601078682459,1.9897380206325743
2008-06-26,-0.03229701786894079,-1.0,0.03229701786894079,0.03229701786894079,0.8305450000487036,1.9254754162256933
2008-06-27,-0.00470061384738274,0.0,-0.0,-0.001,0.8297144550486548,1.9164244998213877
2008-06-30,0.032430725872281574,1.0,0.032430725872281574,0.03143072587228157,0.8557929826375587,1.9785755374300196
2008-07-01,0.0019826231130373184,1.0,0.0019826231130373184,0.0019826231130373184,0.857489697584911,1.9824983070214186
2008-07-02,0.0007610004619407196,1.0,0.0007610004619407196,0.0007610004619407196,0.8581422476408825,1.9840069891488585
2008-07-03,-0.013838589384492228,1.0,-0.013838589384492228,-0.013838589384492228,0.8462667694422952,1.9565511310900647
2008-07-07,-0.0029295506940033578,1.0,-0.0029295506940033578,-0.0029295506940033578,0.8437875880405635,1.9508193153661268
2008-07-08,0.020723889411886853,1.0,0.020723889411886853,0.020723889411886853,0.861274148702239,1.9912478791203472
2008-07-09,0.01606015409524475,1.0,0.01606015409524475,0.01606015409524475,0.8751063442486476,2.0232276269008493
2008-07-10,0.015061203004662627,1.0,0.015061203004662627,0.015061203004662627,0.8882864985500447,2.053699868914245
2008-07-11,-0.002350677828257375,0.0,-0.0,-0.001,0.8873982120514947,2.048872282166493
2008-07-14,-0.0063314408068417816,0.0,-0.0,-0.0,0.8873982120514947,2.035899968591177
2008-07-15,-0.009781238807969439,0.0,-0.0,-0.0,0.8873982120514947,2.0159863448092494
2008-07-16,-0.0094283546384758,0.0,-0.0,-0.0,0.8873982120514947,1.9969789106040632
2008-07-17,-0.026892026515610845,0.0,-0.0,-0.0,0.8873982120514947,1.9432761007889832
2008-07-18,0.012420551721173734,0.0,0.0,0.0,0.8873982120514947,1.9674126621073535
2008-07-21,0.0032203110293285153,0.0,0.0,0.0,0.8873982120514947,1.9737483428023785
2008-07-22,0.004891298949246448,0.0,0.0,0.0,0.8873982120514947,1.9834025359976046
2008-07-23,-0.030118617466997066,0.0,-0.0,-0.0,0.8873982120514947,1.9236651937328209
2008-07-24,-0.008782858514992276,0.0,-0.0,-0.0,0.8873982120514947,1.9067699145060504
2008-07-25,-0.0020568739423355575,1.0,-0.0020568739423355575,-0.0030568739423355576,0.8846855475805994,1.9028479291548734
2008-07-28,0.0058665073607218066,1.0,0.0058665073607218066,0.0058665073607218066,0.8898755618574051,1.9140110005375948
2008-07-29,0.004886312966388973,1.0,0.004886312966388973,0.004886312966388973,0.8942237723537816,1.9233634573073328
2008-07-30,0.006588534050663952,1.0,0.006588534050663952,0.006588534050663952,0.9001153961268477,1.936035602937605
2008-07-31,0.00560988796933426,1.0,0.00560988796933426,0.00560988796933426,0.9051649426585922,1.9468965457747274
2008-08-01,-0.05098416401118899,1.0,-0.05098416401118899,-0.05098416401118899,0.859015864764908,1.8476356529721314
2008-08-04,-0.02612665239433032,1.0,-0.02612665239433032,-0.02612665239433032,0.8365726558649802,1.799363118515557
2008-08-05,-0.010730569128439948,1.0,-0.010730569128439948,-0.010730569128439948,0.8275957551502584,1.7800549281851605
2008-08-06,-0.03033935736801241,1.0,-0.03033935736801241,-0.03033935736801241,0.8024870317785047,1.7260492055842593
2008-08-07,0.032861159361157855,1.0,0.032861159361157855,0.032861159361157855,0.8288576860150406,1.7827691835941637
2008-08-08,0.01624671793334964,1.0,0.01624671793334964,0.01624671793334964,0.8423239030466159,1.8117333316602862
2008-08-11,0.010657843675580647,1.0,0.010657843675580647,0.010657843675580647,0.8513012595294916,1.8310425022909604
2008-08-12,-0.02718736267548627,1.0,-0.02718736267548627,-0.02718736267548627,0.8281566234405651,1.7812612857069463
2008-08-13,0.017784364253225382,1.0,0.017784364253225382,0.017784364253225382,0.8428848624905533,1.8129398852421272
2008-08-14,-0.015642931762782197,1.0,-0.015642931762782197,-0.015642931762782197,0.8296996721027315,1.7845801903272585
2008-08-15,0.00980508913657463,1.0,0.00980508913657463,0.00980508913657463,0.8378349513442855,1.8020781581647825
2008-08-18,0.007366947144414437,1.0,0.007366947144414437,0.007366947144414437,0.8440072371465819,1.8153539727060861
2008-08-19,0.005816718188546677,1.0,0.005816718188546677,0.005816718188546677,0.8489165893941575,1.825913375177776
2008-08-20,0.004626850270336158,1.0,0.004626850270336158,0.004626850270336158,0.8528443993452887,1.8343616029713279
2008-08-21,0.004933989203431688,1.0,0.004933989203431688,0.004933989203431688,0.8570523244038655,1.8434123233155781
2008-08-22,0.005073554468254748,1.0,0.005073554468254748,0.005073554468254748,0.8614006260538728,1.8527649761453717
2008-08-25,-0.014492718349771283,1.0,-0.014492718349771283,-0.014492718349771283,0.8489165893941574,1.825913375177776
2008-08-26,0.005122607237106891,1.0,0.005122607237106891,0.005122607237106891,0.8532652556586879,1.835266812247792
2008-08-27,0.005713011089510278,1.0,0.005713011089510278,0.005713011089510278,0.8581399695265598,1.8457517118983737
2008-08-28,0.0069159237476599245,1.0,0.0069159237476599245,0.0069159237476599245,0.8640748001206247,1.8585167899949757
2008-08-29,-0.01782500524298991,1.0,-0.01782500524298991,-0.01782500524298991,0.8486726622781391,1.8253887184691304
2008-09-02,-0.017648521458096922,1.0,-0.017648521458096922,-0.017648521458096922,0.8336948445870231,1.79317330650186
2008-09-03,-0.03644112244849984,1.0,-0.03644112244849984,-0.03644112244849984,0.8033140686707444,1.7278280584682444
2008-09-04,-0.007915804705206031,1.0,-0.007915804705206031,-0.007915804705206031,0.7969551913862023,1.7141509089932345
2008-09-05,-0.023758922720822362,1.0,-0.023758922720822362,-0.023758922720822362,0.7780203945820994,1.6734245300146369
2008-09-08,0.01561978450581214,1.0,0.01561978450581214,0.01561978450581214,0.7901729054865987,1.6995630605602055
2008-09-09,-0.03165303583607193,1.0,-0.03165303583607193,-0.03165303583607193,0.7651615341925383,1.6457667300986292
2008-09-10,0.011634346918472316,1.0,0.011634346918472316,0.011634346918472316,0.7740636889300048,1.6649141511834764
2008-09-11,0.011866307703214174,1.0,0.011866307703214174,0.011866307703214174,0.7832489668447332,1.6846705348008553
2008-09-12,0.009921997061433485,1.0,0.009921997061433485,0.009921997061433485,0.7910203607921374,1.701385830896633
2008-09-15,-0.04519444320566279,1.0,-0.04519444320566279,-0.04519444320566279,0.7552706360217943,1.6244926455912556
2008-09-16,-0.0089801825774537,1.0,-0.0089801825774537,-0.0089801825774537,0.748488167814929,1.6099044050381153
2008-09-17,-0.0556920344472398,1.0,-0.0556920344472398,-0.0556920344472398,0.7068033389896285,1.5202455534559696
2008-09-18,0.052379043069371134,1.0,0.052379043069371134,0.052379043069371134,0.7438250215241416,1.5998745607764597
2008-09-19,0.06325981526018287,1.0,0.06325981526018287,0.06325981526018287,0.7908792549716605,1.7010823299306448
2008-09-22,-0.04234432910770025,1.0,-0.04234432910770025,-0.04234432910770025,0.7573900035146877,1.629051139912768
2008-09-23,-0.006529894699558225,1.0,-0.006529894699558225,-0.006529894699558225,0.7524443265452387,1.6184136075089424
2008-09-24,0.009389639795980065,1.0,0.009389639795980065,0.009389639795980065,0.7595095077380273,1.633609928324364
2008-09-25,0.0316276336183583,1.0,0.0316276336183583,0.0316276336183583,0.7835309961784253,1.6852771446127195
2008-09-26,-0.002344190171875038,1.0,-0.002344190171875038,-0.002344190171875038,0.7816942505178244,1.6813265344934327
2008-09-29,-0.06706423795319005,1.0,-0.06706423795319005,-0.06706423795319005,0.7292705212944565,1.5685696517071528
2008-09-30,-0.02538268135999766,1.0,-0.02538268135999766,-0.02538268135999766,0.7107596800271999,1.5287551480469077
2008-10-01,-0.0021868237313498184,1.0,-0.0021868237313498184,-0.0021868237313498184,0.7092053738916299,1.5254120300097356
2008-10-02,-0.03685980949009815,1.0,-0.03685980949009815,-0.03685980949009815,0.6830641989206305,1.4691856331896729
2008-10-03,0.0012416012759774997,1.0,0.0012416012759774997,0.0012416012759774997,0.6839122923015849,1.471009775946489
2008-10-06,-0.07231455820872412,1.0,-0.07231455820872412,-0.07231455820872412,0.63445547703028,1.3646343538782044
2008-10-07,-0.03162563328023449,1.0,-0.03162563328023449,-0.03162563328023449,0.6143904207810842,1.3214769282408425
2008-10-08,-0.05128814373062729,1.0,-0.05128814373062729,-0.05128814373062729,0.5828794765733434,1.2537008296085184
2008-10-09,-0.052120944750181586,1.0,-0.052120944750181586,-0.052120944750181586,0.5524992475788494,1.1883567579352359
2008-10-10,-0.05166281359882041,1.0,-0.05166281359882041,-0.05166281359882041,0.5239555819376948,1.1269629042611293
2008-10-13,0.13942816602397046,1.0,0.13942816602397046,0.13942816602397046,0.5970097478052897,1.284093275179306
2008-10-14,0.0054435540357764545,1.0,0.0054435540357764545,0.0054435540357764545,0.6002596026273531,1.2910833063097216
2008-10-15,-0.11746679114892278,1.0,-0.11746679114892278,-0.11746679114892278,0.5297490332503905,1.1394238932115768
2008-10-16,0.08215542466614001,1.0,0.08215542466614001,0.08215542466614001,0.5732707900435534,1.2330337470331205
2008-10-17,0.03081103595504664,1.0,0.03081103595504664,0.03081103595504664,0.5909338569675633,1.2710247941467439
2008-10-20,0.11262528085710666,1.0,0.11262528085710666,0.11262528085710666,0.6574879485765084,1.414174318563867
2008-10-21,-0.06146605452820031,1.0,-0.06146605452820031,-0.06146605452820031,0.6170747584776701,1.32725060278664
2008-10-22,-0.05472816944839898,1.0,-0.05472816944839898,-0.05472816944839898,0.5833033865333743,1.254612606896843
2008-10-23,0.08769379996387006,1.0,0.08769379996387006,0.08769379996387006,0.63445547703028,1.3646343538782044
2008-10-24,-0.037861798093828725,1.0,-0.037861798093828725,-0.037861798093828725,0.6104338518594358,1.3129668434997654
2008-10-27,-0.05833322196104285,1.0,-0.05833322196104285,-0.05833322196104285,0.574825278486385,1.236377257190404
2008-10-28,0.10963564730424369,1.0,0.10963564730424369,0.10963564730424369,0.637846619980082,1.3719282780947193
2008-10-29,0.001329262349785365,1.0,0.001329262349785365,0.001329262349785365,0.6386944854769594,1.3737519307013966
2008-10-30,0.04646035207412691,1.0,0.04646035207412691,0.04646035207412691,0.6683684561400223,1.437576929064295
2008-10-31,-0.0012684918210508211,1.0,-0.0012684918210508211,-0.0012684918210508211,0.6675206362199603,1.4357533744876456
2008-11-03,-0.01397126885413591,1.0,-0.01397126885413591,-0.01397126885413591,0.6581945259456473,1.4156940780844458
2008-11-04,0.016101726192961685,1.0,0.016101726192961685,0.016101726192961685,0.6687925939841304,1.4384891965027589
2008-11-05,-0.028523987892842828,0.0,-0.0,-0.001,0.6681238013901463,1.397457748077729
2008-11-06,-0.05089150395937536,0.0,-0.0,-0.0,0.6681238013901463,1.3263390215583715
2008-11-07,0.07516072149988107,0.0,0.0,0.0,0.6681238013901463,1.426027619372145
2008-11-10,-0.03047733030770594,0.0,-0.0,-0.0,0.6681238013901463,1.3825661045886286
2008-11-11,-0.02440125483780764,0.0,-0.0,-0.0,0.6681238013901463,1.3488297567404464
2008-11-12,-0.02456031181117313,0.0,-0.0,-0.0,0.6681238013901463,1.3157020773347121
2008-11-13,0.10972483609967032,0.0,0.0,0.0,0.6681238013901463,1.460067272126259
2008-11-14,-0.015403634812806821,-1.0,0.015403634812806821,0.01440363481280682,0.6777472126351143,1.4375769290642952
2008-11-17,-0.035306651180910475,-1.0,0.035306651180910475,0.035306651180910475,0.7016761970604566,1.3868209018840978
2008-11-18,0.02191533282311542,-1.0,-0.02191533282311542,-0.02191533282311542,0.6862987296678188,1.4172135435149409
2008-11-19,-0.04203291251332497,-1.0,0.04203291251332497,0.04203291251332497,0.7151458641299523,1.3576439306276782
2008-11-20,-0.037385591409681895,-1.0,0.037385591409681895,0.037385591409681895,0.7418820152046386,1.3068876093573973
2008-11-21,0.12488374341587738,-1.0,-0.12488374341587738,-0.12488374341587738,0.6492330119729685,1.470096626237776
2008-11-24,-0.00020644967179106466,-1.0,0.00020644967179106466,0.00020644967179106466,0.6493670459152062,1.469793125271788
2008-11-25,0.0011475129382834126,-1.0,-0.0011475129382834126,-0.0011475129382834126,0.6486218888283236,1.4714797318996373
2008-11-26,0.010215382565537556,-1.0,-0.010215382565537556,-0.010215382565537556,0.6419959680935607,1.4865114602984268
2008-11-28,0.00619025341737367,-1.0,-0.00619025341737367,-0.00619025341737367,0.6380218503581294,1.4957133429455043
2008-12-01,-0.07095948761891202,-1.0,0.07095948761891202,0.07095948761891202,0.6832955539492125,1.3895782905053213
2008-12-02,0.010816769520086256,-1.0,-0.010816769520086256,-0.010816769520086256,0.6759045034280442,1.4046090386038328
2008-12-03,0.02467812948520609,-1.0,-0.02467812948520609,-0.02467812948520609,0.659224444572813,1.439272162334589
2008-12-04,-0.04987225131917061,-1.0,0.04987225131917061,0.04987225131917061,0.692101451748289,1.3674924193379523
2008-12-05,0.039703205725128754,-1.0,-0.039703205725128754,-0.039703205725128754,0.6646228054268664,1.4217862521904812
2008-12-08,-0.011434694843252102,-1.0,0.011434694843252102,0.011434694843252102,0.6722225643927887,1.405528560264352
2008-12-09,-0.008511246720629195,-1.0,0.008511246720629195,0.008511246720629195,0.6779440164895097,1.3935657599150513
2008-12-10,-0.0022010167207348053,-1.0,0.0022010167207348053,0.0022010167207348053,0.6794361826055253,1.3904984983760347
2008-12-11,0.00750027459717395,-1.0,-0.00750027459717395,-0.00750027459717395,0.6743402246647282,1.400927618940813
2008-12-12,0.013575586141042706,-1.0,-0.013575586141042706,-0.013575586141042706,0.6651856608564221,1.41994603250911
2008-12-15,-0.019874410477129567,-1.0,0.019874410477129567,0.019874410477129567,0.6784058337237833,1.3917254422036525
2008-12-16,0.05774720309249948,-1.0,-0.05774720309249948,-0.05774720309249948,0.6392297942645995,1.4720936939635854
2008-12-17,-0.013544330425937945,-1.0,0.013544330425937945,0.013544330425937945,0.6478877338162236,1.452155170554603
2008-12-18,0.0627374417342279,-1.0,-0.0627374417342279,-0.0627374417342279,0.6072409148656073,1.5432596709563302
2008-12-19,0.0015903855012640022,-1.0,-0.0015903855012640022,-0.0015903855012640022,0.6062751677188307,1.5457140487617047
2008-12-22,0.010716359792617425,-1.0,-0.010716359792617425,-0.010716359792617425,0.5997781048882262,1.5622784766447386
2008-12-23,-0.025721581347847078,-1.0,0.025721581347847078,0.025721581347847078,0.6152053462037663,1.5220942037197305
2008-12-24,0.010882527364270977,-1.0,-0.010882527364270977,-0.010882527364270977,0.608510357189058,1.5386584355427086
2008-12-26,-0.0029906751410426757,-1.0,0.0029906751410426757,0.0029906751410426757,0.6103302139873703,1.5340568080089754
2008-12-29,-0.017796008728055757,-1.0,0.017796008728055757,0.017796008728055757,0.6211916558024857,1.5067567196643143
2008-12-30,0.009365363554618256,-1.0,-0.009365363554618256,-0.009365363554618256,0.6153739701088001,1.5208680441323348
2008-12-31,0.015126166117109374,-1.0,-0.015126166117109374,-0.015126166117109374,0.6060657212127893,1.5438729468100838
2009-01-02,0.026426346341159812,-1.0,-0.026426346341159812,-0.026426346341159812,0.5900496185585153,1.584671868009234
2009-01-05,0.0054198013902484465,-1.0,-0.0054198013902484465,-0.0054198013902484465,0.5868516668155364,1.593260474802558
2009-01-06,-0.014054887840726282,-1.0,0.014054887840726282,0.014054887840726282,0.595099801171772,1.5708673775281459
2009-01-07,-0.010935296029810582,-1.0,0.010935296029810582,0.010935296029810582,0.6016073936648667,1.5536894777313033
2009-01-08,0.008884153679719065,-1.0,-0.008884153679719065,-0.008884153679719065,0.5962626211246927,1.5674926938220306
2009-01-09,-0.02113499726452739,-1.0,0.02113499726452739,0.02113499726452739,0.608864629991103,1.5343637400259353
2009-01-12,-0.005997453229071303,-1.0,0.005997453229071303,0.005997453229071303,0.6125162671323106,1.5251614652587469
2009-01-13,-0.009452179426736151,-1.0,0.009452179426736151,0.009452179426736151,0.6183058807910398,1.5107453654343774
2009-01-14,-0.018680560769167687,-1.0,0.018680560769167687,0.018680560769167687,0.6298561813710906,1.482523794828642
2009-01-15,0.0022761777300510655,-1.0,-0.0022761777300510655,-0.0022761777300510655,0.6284225167579187,1.4858982824747018
2009-01-16,0.028694614438198984,-1.0,-0.028694614438198984,-0.028694614438198984,0.6103901749352676,1.5285355607846955
2009-01-20,-0.000602147541988729,-1.0,0.000602147541988729,0.000602147541988729,0.6107577198787588,1.5276151568539267
2009-01-21,-0.015863303500868065,-1.0,0.015863303500868065,0.015863303500868065,0.6204463549546937,1.5033821339882267
2009-01-22,-0.007345036347637057,-1.0,0.007345036347637057,0.007345036347637057,0.6250035559835948,1.492339737569695
2009-01-23,-0.014388346489051074,-1.0,0.014388346489051074,0.014388346489051074,0.6339963237039759,1.4708674363461627
2009-01-26,0.020645944810051775,0.0,0.0,-0.001,0.6333623273802719,1.501234884259868
2009-01-27,0.037597351082807595,0.0,0.0,0.0,0.6333623273802719,1.5576773392611443
2009-01-28,0.013785071402418136,0.0,0.0,0.0,0.6333623273802719,1.5791500326047878
2009-01-29,-0.006022283417055463,0.0,-0.0,-0.0,0.6333623273802719,1.5696399435503894
2009-01-30,0.007426322591024492,0.0,0.0,0.0,0.6333623273802719,1.5812965961229521
2009-02-02,-0.01338494329180373,0.0,-0.0,-0.0,0.6333623273802719,1.560131030856324
2009-02-03,0.02634706451115898,0.0,0.0,0.0,0.6333623273802719,1.6012359037721566
2009-02-04,0.014367762435199438,-1.0,-0.014367762435199438,-0.015367762435199439,0.6236289655976869,1.6242420808402669
2009-02-05,-0.0045327905629017895,-1.0,0.0045327905629017895,0.0045327905629017895,0.6264557450877003,1.6168797316643662
2009-02-06,-0.006639860907051931,-1.0,0.006639860907051931,0.006639860907051931,0.6306153240995062,1.6061438751426833
2009-02-09,-0.00572984843998825,-1.0,0.00572984843998825,0.00572984843998825,0.6342286543305303,1.5969409141653004
2009-02-10,-0.02977344097023482,-1.0,0.02977344097023482,0.02977344097023482,0.6531118237318718,1.549394488124447
2009-02-11,0.0061376227791871685,-1.0,-0.0061376227791871685,-0.0061376227791871685,0.6491032697251786,1.5589040870287068
2009-02-12,-0.003935339716639952,-1.0,0.003935339716639952,0.003935339716639952,0.651657711602729,1.5527692698605904
2009-02-13,0.005728695771411774,-1.0,-0.005728695771411774,-0.005728695771411774,0.6479245628258625,1.561664612610819
2009-02-17,-0.04124899751871758,-1.0,0.04124899751871758,0.04124899751871758,0.6746508015101828,1.497247512880166
2009-02-18,-0.00839998753384652,-1.0,0.00839998753384652,0.00839998753384652,0.6803178598325679,1.48467065243689
2009-02-19,0.030784889594362763,-1.0,-0.030784889594362763,-0.030784889594362763,0.6593743496285491,1.53037607455615
2009-02-20,-0.01803956224270642,-1.0,0.01803956224270642,0.01803956224270642,0.6712691742499175,1.5027687601044457
2009-02-23,-0.022861341249307388,-1.0,0.022861341249307388,0.022861341249307388,0.6866152879125855,1.4684134506608995
2009-02-24,0.025694393586956243,0.0,0.0,-0.001,0.6859286726246729,1.5061434438105612
2009-02-25,-0.024822145490693504,0.0,-0.0,-0.0,0.6859286726246729,1.4687577321184413
2009-02-26,-0.03057733191935008,0.0,-0.0,-0.0,0.6859286726246729,1.4238470394343439
2009-02-27,-0.013922379003733054,1.0,-0.013922379003733054,-0.014922379003733055,0.6756929850022401,1.4040237013079957
2009-03-02,-0.02007480039635856,1.0,-0.02007480039635856,-0.02007480039635856,0.6621285831991004,1.3758382057524812
2009-03-03,-0.025214065115695794,1.0,-0.025214065115695794,-0.025214065115695794,0.6454336299873549,1.341147731643976
2009-03-04,0.03048536914984723,1.0,0.03048536914984723,0.03048536914984723,0.6651099124592453,1.3820331153276229
2009-03-05,-0.03922064732457142,1.0,-0.03922064732457142,-0.03922064732457142,0.6390238711506047,1.3278288819204793
2009-03-06,-0.0011658807996146603,1.0,-0.0011658807996146603,-0.0011658807996146603,0.6382788454887347,1.3262807917218744
2009-03-09,-0.024287747539937676,1.0,-0.024287747539937676,-0.024287747539937676,0.6227764900294215,1.294068418685465
2009-03-10,0.03877488639837101,1.0,0.03877488639837101,0.03877488639837101,0.6469245776818885,1.3442457746117136
2009-03-11,0.008294784822592272,1.0,0.008294784822592272,0.008294784822592272,0.6522906778502061,1.3553960040607966
2009-03-12,0.01782431859202016,1.0,0.01782431859202016,0.01782431859202016,0.6639173147068129,1.3795550142555273
2009-03-13,0.015042869994414731,1.0,0.015042869994414731,0.015042869994414731,0.6739045365589884,1.4003074809851161
2009-03-16,0.031850873063238305,1.0,0.031850873063238305,0.031850873063238305,0.6953689844096692,1.444908496811476
2009-03-17,0.03301202324537522,1.0,0.03301202324537522,0.03301202324537522,0.7183245214871141,1.4926078496956567
2009-03-18,0.0361069896959989,1.0,0.0361069896959989,0.0361069896959989,0.7442610575828327,1.546501425944785
2009-03-19,-0.0004006137758019168,0.0,-0.0,-0.001,0.7435167965252498,1.545881876169254
2009-03-20,-0.011220476423023151,0.0,-0.0,-0.0,0.7435167965252498,1.528536345024918
2009-03-23,0.031408753882948615,0.0,0.0,0.0,0.7435167965252498,1.5765457668869476
2009-03-24,0.003928797631479242,-1.0,-0.003928797631479242,-0.004928797631479242,0.7398521526995712,1.5827396961618116
2009-03-25,0.012133443349826356,-1.0,-0.012133443349826356,-0.012133443349826356,0.7308751985175438,1.6019437786027124
2009-03-26,0.0009669942975363277,-1.0,-0.0009669942975363277,-0.0009669942975363277,0.7301684463683666,1.603492849101595
2009-03-27,-0.02472495225332516,-1.0,0.02472495225332516,0.02472495225332516,0.7482218263417091,1.5638465649690096
2009-03-30,-0.01980545022701441,-1.0,0.01980545022701441,0.01980545022701441,0.7630406964820856,1.5328738796638284
2009-03-31,0.0250554797762379,-1.0,-0.0250554797762379,-0.0250554797762379,0.7439223457429323,1.5712807701552687
2009-04-01,0.00867314019232901,-1.0,-0.00867314019232901,-0.00867314019232901,0.7374702029460976,1.584908708556336
2009-04-02,0.0050807838697481955,-1.0,-0.0050807838697481955,-0.0050807838697481955,0.7337232762345491,1.5929612871577925
2009-04-03,0.027999422513410588,-1.0,-0.027999422513410588,-0.027999422513410588,0.7131794482153341,1.63756328328443
2009-04-06,-0.02477762111538473,-1.0,0.02477762111538473,0.02477762111538473,0.7308503383704927,1.596988360698743
2009-04-07,0.003879058669158608,-1.0,-0.003879058669158608,-0.003879058669158608,0.7280153270295792,1.6031831722438568
2009-04-08,0.016615383599401845,-1.0,-0.016615383599401845,-0.016615383599401845,0.7159190731047387,1.6298206756307945
2009-04-09,-0.0057020056082954795,-1.0,0.0057020056082954795,0.0057020056082954795,0.7200012476746676,1.6205274289978318
2009-04-13,-0.03325650966137472,-1.0,0.03325650966137472,0.03325650966137472,0.7439459761241619,1.5666343428988425
2009-04-14,-0.007512842615758797,-1.0,0.007512842615758797,0.007512842615758797,0.7495351251574097,1.5548644656442008
2009-04-15,0.006773235961380797,-1.0,-0.006773235961380797,-0.006773235961380797,0.7444583468933755,1.5653959295579751
2009-04-16,0.0017803762211123786,-1.0,-0.0017803762211123786,-0.0017803762211123786,0.7431329309549579,1.5681829232475863
2009-04-17,0.006912686250173161,-1.0,-0.006912686250173161,-0.006912686250173161,0.7379958861610947,1.5790232797788764
2009-04-20,-0.008630240222176622,-1.0,0.008630240222176622,0.008630240222176622,0.744364967941643,1.5653959295579754
2009-04-21,0.007122694724343903,-1.0,-0.007122694724343903,-0.007122694724343903,0.7390630835114986,1.5765457668869474
2009-04-22,-0.010805747993100967,-1.0,0.010805747993100967,0.010805747993100967,0.747049212942928,1.559510010630377
2009-04-23,0.00496546090192207,-1.0,-0.00496546090192207,-0.00496546090192207,0.7433397692842483,1.5672536966143182
2009-04-24,-0.0015809239801679587,-1.0,0.0015809239801679587,0.0015809239801679587,0.7445149329509223,1.5647759876623337
2009-04-27,0.015043529997191385,-1.0,-0.015043529997191385,-0.015043529997191385,0.7333148002237182,1.5883157421716168
2009-04-28,0.05830732217120005,-1.0,-0.05830732217120005,-0.05830732217120005,0.6905571779141647,1.680926179860006
2009-04-29,-0.007554533857536128,-1.0,0.007554533857536128,0.007554533857536128,0.695774015495282,1.6682275661222346
2009-04-30,-0.0012997196535616817,-1.0,0.0012997196535616817,0.0012997196535616817,0.6966783266576586,1.666059337967932
2009-05-01,0.04201455005643284,-1.0,-0.04201455005643284,-0.04201455005643284,0.6674077002290686,1.7360580714199731
2009-05-04,0.027654045986290177,-1.0,-0.027654045986290177,-0.027654045986290177,0.6489511769953298,1.7840671011618914
2009-05-05,0.006250607856723267,-1.0,-0.006250607856723267,-0.006250607856723267,0.644894837669773,1.7952186050013355
2009-05-06,-0.01984170105672789,-1.0,0.01984170105672789,0.01984170105672789,0.6576906482518435,1.759598414109423
2009-05-07,-0.008272837044820958,-1.0,0.008272837044820958,0.008272837044820958,0.6631316158107337,1.7450415431651702
2009-05-08,0.014554163306385925,-1.0,-0.014554163306385925,-0.014554163306385925,0.6534802899805967,1.7704391627608238
2009-05-11,-0.0008747424996838893,-1.0,0.0008747424996838893,0.0008747424996838893,0.6540519169629485,1.768890484382052
2009-05-12,0.013132514322746758,-1.0,-0.013132514322746758,-0.013132514322746758,0.6454625707956126,1.79212046400357
2009-05-13,-0.04061496141804033,-1.0,0.04061496141804033,0.04061496141804033,0.6716780082052657,1.7193335605015845
2009-05-14,-0.008467147724542379,-1.0,0.008467147724542379,0.008467147724542379,0.6773652051240661,1.7047757092570541
2009-05-15,-0.010901108212822974,-1.0,0.010901108212822974,0.010901108212822974,0.6847492365247245,1.686191764771851
2009-05-18,-0.001102392637352012,-1.0,0.001102392637352012,0.001102392637352012,0.6855040990415017,1.6843329193852028
2009-05-19,0.023721953326675926,-1.0,-0.023721953326675926,-0.023721953326675926,0.6692426027987941,1.7242885862854425
2009-05-20,-0.03143542426025869,-1.0,0.03143542426025869,0.03143542426025869,0.690280527950814,1.6700848430284378
2009-05-21,-0.01594896874714946,-1.0,0.01594896874714946,0.01594896874714946,0.7012897905178673,1.6434487120618892
2009-05-22,0.00848089097432303,-1.0,-0.00848089097432303,-0.00848089097432303,0.6953422282630795,1.6573866214107777
2009-05-26,0.02747122363092802,-1.0,-0.02747122363092802,-0.02747122363092802,0.6762403264104366,1.7029170599304615
2009-05-27,-0.011458270850298491,-1.0,0.011458270850298491,0.011458270850298491,0.6839888712303416,1.6834045750221842
2009-05-28,0.020790299001836487,-1.0,-0.020790299001836487,-0.020790299001836487,0.6697685380835341,1.718403059477955
2009-05-29,0.018926310690057457,-1.0,-0.018926310690057457,-0.018926310690057457,0.6570922906413396,1.75092608967238
2009-06-01,0.029541372545506706,-1.0,-0.029541372545506706,-0.029541372545506706,0.6376808824867234,1.802650849587039
2009-06-02,-0.008762525720872327,-1.0,0.008762525720872327,0.008762525720872327,0.6432685776212219,1.7868550751517802
2009-06-03,-0.024765260212106566,-1.0,0.024765260212106566,0.024765260212106566,0.659199291332283,1.742603144254323
2009-06-04,-0.003942795931057952,-1.0,0.003942795931057952,0.003942795931057952,0.6617983796159042,1.7357324156677083
2009-06-05,-0.008996206398574902,-1.0,0.008996206398574902,0.008996206398574902,0.6677520544331712,1.7201174086036646
2009-06-08,0.005265334924654752,-1.0,-0.005265334924654752,-0.005265334924654752,0.6642361162199543,1.729174402869692
2009-06-09,-0.0057792765580724215,-1.0,0.0057792765580724215,0.0057792765580724215,0.6680749204354494,1.7191810257783684
2009-06-10,0.003088162424182972,-1.0,-0.003088162424182972,-0.003088162424182972,0.6660117965696216,1.7244901360225455
2009-06-11,0.023542234840474796,-1.0,-0.023542234840474796,-0.023542234840474796,0.6503323904482531,1.7650884877848707
2009-06-12,0.015392330937225696,-1.0,-0.015392330937225696,-0.015392330937225696,0.6403222590752765,1.7922573139223428
2009-06-15,-0.015682005616445394,-1.0,0.015682005616445394,0.015682005616445394,0.6503637963384301,1.7641511246592974
2009-06-16,0.004602793460868115,-1.0,-0.004602793460868115,-0.004602793460868115,0.6473703061094582,1.7722711479198623
2009-06-17,-0.0007048010770590585,-1.0,0.0007048010770590585,0.0007048010770590585,0.6478265733984603,1.7710220493059676
2009-06-18,0.018338748811449035,-1.0,-0.018338748811449035,-0.018338748811449035,0.6359462445955242,1.8035003778077274
2009-06-19,-0.012121150847825057,-1.0,0.012121150847825057,0.012121150847825057,0.6436546449573743,1.7816398776742104
2009-06-22,0.0024535570028880738,-1.0,-0.0024535570028880738,-0.0024535570028880738,0.6420754015957978,1.7860112326727027
2009-06-23,-0.004545688566598094,-1.0,0.004545688566598094,0.004545688566598094,0.6449940764077258,1.7778925818325266
2009-06-24,0.009133995184438914,-1.0,-0.009133995184438914,-0.009133995184438914,0.639102703619826,1.7941318441134346
2009-06-25,0.0008702940575437967,-1.0,-0.0008702940575437967,-0.0008702940575437967,0.6385464963347055,1.7956932663958167
2009-06-26,-0.014087072085341323,-1.0,0.014087072085341323,0.014087072085341323,0.6475417468584146,1.7703972059089368
2009-06-29,0.01640510518864491,-1.0,-0.01640510518864491,-0.01640510518864491,0.6369187563871634,1.799440758297556
2009-06-30,-0.01319011707115536,-1.0,0.01319011707115536,0.01319011707115536,0.6453197893487247,1.7757059240330026
2009-07-01,0.0017588704540569822,-1.0,-0.0017588704540569822,-0.0017588704540569822,0.6441847554378209,1.7788291607178783
2009-07-02,-0.02914345049680478,-1.0,0.02914345049680478,0.02914345049680478,0.6629585219687193,1.726987941130224
2009-07-06,0.007414005438405535,-1.0,-0.007414005438405535,-0.007414005438405535,0.658043343881406,1.7397918391178242
2009-07-07,-0.022616880987449517,-1.0,0.022616880987449517,0.022616880987449517,0.6729262318745549,1.7004431741495605
2009-07-08,-0.005693368428929424,0.0,-0.0,-0.001,0.6722533056426804,1.6907619246666687
2009-07-09,0.006095067844475999,1.0,0.006095067844475999,0.005095067844475999,0.6756784818436031,1.701067233306369
2009-07-10,-0.003120585653535346,1.0,-0.003120585653535346,-0.003120585653535346,0.6735699692667595,1.6957589073024142
2009-07-13,0.017494951256078473,1.0,0.017494951256078473,0.017494951256078473,0.6853540430466397,1.7254261267277309
2009-07-14,0.018281124545451943,1.0,0.018281124545451943,0.018281124545451943,0.6978830856653043,1.7569688566444173
2009-07-15,0.020440599501349244,1.0,0.020440599501349244,0.020440599501349244,0.7121482343181547,1.7928823533794294
2009-07-16,-0.0006969173028283926,1.0,-0.0006969173028283926,-0.0006969173028283926,0.7116519258914796,1.7916328626454237
2009-07-17,-0.009587025168239172,1.0,-0.009587025168239172,-0.009587025168239172,0.7048293009669322,1.7744564332989976
2009-07-20,0.021647351505583723,1.0,0.021647351505583723,0.021647351505583723,0.7200869885963982,1.8128687154419654
2009-07-21,0.011542208903544848,0.0,0.0,-0.001,0.7193669016078018,1.8337932248702975
2009-07-22,-0.0044280997500112385,-1.0,0.0044280997500112385,0.0034280997500112384,0.72183296310337,1.825673005549677
2009-07-23,0.023605842261516408,-1.0,-0.023605842261516408,-0.023605842261516408,0.7047934880371888,1.8687695545397913
2009-07-24,0.00350958252838085,-1.0,-0.00350958252838085,-0.00350958252838085,0.7023199571254568,1.8753281555179742
2009-07-27,-0.000166543475374481,-1.0,0.000166543475374481,0.000166543475374481,0.7024369239319415,1.8750158318494865
2009-07-28,-0.04913432635431658,-1.0,0.04913432635431658,0.04913432635431658,0.7369506889957357,1.7828881920478834
2009-07-29,0.0028030758396415667,-1.0,-0.0028030758396415667,-0.0028030758396415667,0.7348849603244045,1.787885762863795
2009-07-30,0.005065208389625653,-1.0,-0.005065208389625653,-0.005065208389625653,0.7311626148579596,1.796941776829545
2009-07-31,-0.015119807813459119,-1.0,0.015119807813459119,0.015119807813459119,0.7422176530749982,1.7697723625119066
2009-08-03,0.00599987703126903,-1.0,-0.00599987703126903,-0.00599987703126903,0.7377644384261112,1.7803907790603166
2009-08-04,-0.01052457238556237,-1.0,0.01052457238556237,0.01052457238556237,0.7455290936618205,1.7616529274315085
2009-08-05,0.0010636294594086326,-1.0,-0.0010636294594086326,-0.0010636294594086326,0.7447361269549556,1.763526673382378
2009-08-06,0.009208290674564301,-1.0,-0.009208290674564301,-0.009208290674564301,0.7378783802221052,1.7797657396032303
2009-08-07,-0.002983148953870862,-1.0,0.002983148953870862,0.002983148953870862,0.7400795813401487,1.7744564332989976
2009-08-10,0.007391463261564812,-1.0,-0.007391463261564812,-0.007391463261564812,0.7346093103040388,1.7875722628349744
2009-08-11,0.004193267147596602,-1.0,-0.004193267147596602,-0.004193267147596602,0.7315288972168222,1.7950680308786753
2009-08-12,0.00678527759467995,-1.0,-0.00678527759467995,-0.00678527759467995,0.726565270580676,1.8072480657695227
2009-08-13,-0.01416971393155586,-1.0,0.01416971393155586,0.01416971393155586,0.7368604926174077,1.7816398776742108
2009-08-14,-0.004031928374094829,-1.0,0.004031928374094829,0.004031928374094829,0.7398314613453413,1.7744564332989974
2009-08-17,-0.007039441467592833,-1.0,0.007039441467592833,0.007039441467592833,0.7450394616133655,1.7619652510999955
2009-08-18,0.009748449542749338,-1.0,-0.009748449542749338,-0.009748449542749338,0.7377764820144705,1.7791416804464215
2009-08-19,0.003510396691907003,-1.0,-0.003510396691907003,-0.003510396691907003,0.7351865938926402,1.7853871735158946
2009-08-20,0.002973756271463124,-1.0,-0.002973756271463124,-0.002973756271463124,0.7330003281483564,1.7906964798201273
2009-08-21,0.01203340527435115,-1.0,-0.01203340527435115,-0.01203340527435115,0.7241798381335148,1.8122446562851569
2009-08-24,0.002412554631380015,-1.0,-0.002412554631380015,-0.002412554631380015,0.7224327147110738,1.8166167955238712
2009-08-25,-0.006017086401397642,-1.0,0.006017086401397642,0.006017086401397642,0.7267796547746865,1.805686055306974
2009-08-26,-0.015118358993869818,-1.0,0.015118358993869818,0.015118358993869818,0.7377673705050111,1.7783870452926185
2009-08-27,-0.0019476058096995486,-1.0,0.0019476058096995486,0.0019476058096995486,0.7392042505220134,1.774923448351312
2009-08-28,0.0005325331234278252,-1.0,-0.0005325331234278252,-0.0005325331234278252,0.7388105997736318,1.775868653879108
2009-08-31,-0.0039007354893512147,-1.0,0.0039007354893512147,0.0039007354893512147,0.7416925045000777,1.7689414599964954
2009-09-01,-0.0035601206634963134,-1.0,0.0035601206634963134,0.0035601206634963134,0.7443330193113088,1.7626438149522465
2009-09-02,-0.009110348167574833,-1.0,0.009110348167574833,0.009110348167574833,0.7511141522698571,1.7465855161026091
2009-09-03,-0.0009018433233004552,0.0,-0.0,-0.001,0.7503630381175873,1.7450103696163388
2009-09-04,-0.0052324691049950856,1.0,-0.0052324691049950856,-0.006232469104995086,0.7456864236649892,1.7358796567694252
2009-09-08,-0.011427727885919503,1.0,-0.011427727885919503,-0.011427727885919503,0.7371649221271211,1.716042496409161
2009-09-09,-0.008073452606340292,1.0,-0.008073452606340292,-0.008073452606340292,0.7312134560652713,1.7021881086439357
2009-09-10,0.001110116329548605,1.0,0.001110116329548605,0.001110116329548605,0.732025188063235,1.7040777354593049
2009-09-11,-0.012933850813157677,1.0,-0.012933850813157677,-0.012933850813157677,0.7225572834893514,1.6820374482548506
2009-09-14,0.028453485437736292,1.0,0.028453485437736292,0.028453485437736292,0.743116556633046,1.729897276294497
2009-09-15,-0.010374799550689762,1.0,-0.010374799550689762,-0.010374799550689762,0.7354068713151793,1.7119499388096575
2009-09-16,0.014345671086125389,1.0,0.014345671086125389,0.014345671086125389,0.7459567764055435,1.7365090095477334
2009-09-17,-0.0036261607451530953,1.0,-0.0036261607451530953,-0.0036261607451530953,0.7432518172253607,1.7302121487437068
2009-09-18,0.0014555390882784458,1.0,0.0014555390882784458,0.0014555390882784458,0.7443336492977662,1.7327305401572175
2009-09-21,-0.0010899828169012027,1.0,-0.0010899828169012027,-0.0010899828169012027,0.7435223384099903,1.7308418936421262
2009-09-22,-0.012188324106568116,1.0,-0.012188324106568116,-0.012188324106568116,0.7344600471689758,1.70974583166519
2009-09-23,-0.007919022269426312,1.0,-0.007919022269426312,-0.007919022269426312,0.7286438416994409,1.6962063163491745
2009-09-24,0.001299202227415197,1.0,0.001299202227415197,0.001299202227415197,0.7295904974015691,1.698410031373531
2009-09-25,0.008342892512879674,1.0,0.008342892512879674,0.008342892512879674,0.7356773924998088,1.7125796837080771
2009-09-28,0.010479594961634087,1.0,0.010479594961634087,0.010479594961634087,0.7433869935956379,1.7305268251328612
2009-09-29,0.003275358765646219,1.0,0.003275358765646219,0.003275358765646219,0.7458218527013787,1.736194921338746
2009-09-30,0.0016316553560846714,1.0,0.0016316553560846714,0.0016316553560846714,0.7470387769220239,1.7390277930813554
2009-10-01,-0.026796437784396665,1.0,-0.026796437784396665,-0.026796437784396665,0.7270207988137011,1.6924280430187142
2009-10-02,-0.009674599452838883,1.0,-0.009674599452838883,-0.009674599452838883,0.7199871637912956,1.676054479599756
2009-10-05,0.004132685295587857,1.0,0.004132685295587857,0.004132685295587857,0.7229626441561079,1.682981085302202
2009-10-06,0.008232284965251635,1.0,0.008232284965251635,0.008232284965251635,0.7289142786620327,1.6968358651875382
2009-10-07,-0.01855621598225421,1.0,-0.01855621598225421,-0.01855621598225421,0.715388387874631,1.665349012386683
2009-10-08,0.002079449253809429,1.0,0.002079449253809429,0.002079449253809429,0.7168760017239808,1.6688120211478228
2009-10-09,0.0018864535202500754,1.0,0.0018864535202500754,0.0018864535202500754,0.7182283549810158,1.6719601574597527
2009-10-12,0.0037668584004588723,1.0,0.0037668584004588723,0.0037668584004588723,0.7209338194934238,1.6782581946241124
2009-10-13,-0.005440822512456034,1.0,-0.005440822512456034,-0.005440822512456034,0.7170113465383331,1.6691270896570878
2009-10-14,-0.00037728996331176656,1.0,-0.00037728996331176656,-0.00037728996331176656,0.7167408253537035,1.6684973447586684
2009-10-15,0.014342664874607225,1.0,0.014342664874607225,0.014342664874607225,0.7270207988137011,1.692428043018714
2009-10-16,-0.0046516574237459585,1.0,-0.0046516574237459585,-0.0046516574237459585,0.7236389471176816,1.68455544754825
2009-10-19,0.0224301847827022,1.0,0.0224301847827022,0.0224301847827022,0.7398703024174913,1.722340337513465
2009-10-20,-0.022303628363623873,1.0,-0.022303628363623873,-0.022303628363623873,0.7233685101550895,1.6839258987098862
2009-10-21,0.00785380820920012,1.0,0.00785380820920012,0.00785380820920012,0.7290497076984224,1.6971511297568587
2009-10-22,-0.006308713140352862,1.0,-0.006308713140352862,-0.006308713140352862,0.7244503422274949,1.686444290123397
2009-10-23,-0.0173633684241854,1.0,-0.0173633684241854,-0.0173633684241854,0.7118714440303717,1.6571619365871206
2009-10-26,-0.009500352447695426,1.0,-0.009500352447695426,-0.009500352447695426,0.7051084144146333,1.6414183141266374
2009-10-27,-0.02532113523883972,1.0,-0.02532113523883972,-0.02532113523883972,0.6872542688951966,1.5998557390111285
2009-10-28,-0.013580405167677667,1.0,-0.013580405167677667,-0.013580405167677667,0.6779210774703838,1.578129049865523
2009-10-29,-0.0005981951650549933,1.0,-0.0005981951650549933,-0.0005981951650549933,0.6775155483595521,1.5771850206980607
2009-10-30,-0.01976437638741746,1.0,-0.01976437638741746,-0.01976437638741746,0.6641248760534464,1.5460129423163873
2009-11-02,-0.0012216874085732021,1.0,-0.0012216874085732021,-0.0012216874085732021,0.6633135230546516,1.544124197771268
2009-11-03,0.0034660096474357083,1.0,0.0034660096474357083,0.0034660096474357083,0.6656125741248337,1.5494761471375822
2009-11-04,0.013411751814390138,1.0,0.013411751814390138,0.013411751814390138,0.6745396047735333,1.570257336665309
2009-11-05,0.007219321411256141,1.0,0.007219321411256141,0.007219321411256141,0.6794093229850151,1.5815935290770788
2009-11-06,-0.009356959807152232,1.0,-0.009356959807152232,-0.009356959807152232,0.6730521172572398,1.5667946219942526
2009-11-09,0.021703952679639427,1.0,0.021703952679639427,0.021703952679639427,0.6876600085611221,1.6008002583287293
2009-11-10,-0.004523783760049915,1.0,-0.004523783760049915,-0.004523783760049915,0.6845491833819575,1.5935585841170181
2009-11-11,0.013040497923789918,1.0,0.013040497923789918,0.013040497923789918,0.6934760455865819,1.6143393815246336
2009-11-12,-0.009362085596714365,1.0,-0.009362085596714365,-0.009362085596714365,0.6869836634885294,1.5992257980526532
2009-11-13,0.006891169299393374,1.0,0.006891169299393374,0.006891169299393374,0.6917177842195463,1.6102463337749915
2009-11-16,0.01662103590077524,1.0,0.01662103590077524,0.01662103590077524,0.7032148503442641,1.6370102958977573
2009-11-17,-0.008655511953659656,1.0,-0.008655511953659656,-0.008655511953659656,0.6971281658011184,1.6228411337133504
2009-11-18,0.0007762225338789897,1.0,0.0007762225338789897,0.0007762225338789897,0.6976692923924149,1.6241008195702444
2009-11-19,-0.013959056051164653,1.0,-0.013959056051164653,-0.013959056051164653,0.6879304876347329,1.601429905197121
2009-11-20,0.004915305449594065,1.0,0.004915305449594065,0.004915305449594065,0.6913118761095458,1.6093014223372792
2009-11-23,0.01760951067690608,1.0,0.01760951067690608,0.01760951067690608,0.7034855399729688,1.6376404329162877
2009-11-24,0.010924068231907835,1.0,0.010924068231907835,0.010924068231907835,0.7111704640117941,1.6555301287447963
2009-11-25,0.0072942961240503035,0.0,0.0,-0.001,0.7104592935477823,1.667606055746148
2009-11-27,-0.01714984313841672,-1.0,0.01714984313841672,0.01614984313841672,0.7219330996948093,1.6390068734734278
2009-11-30,0.007560601472406114,-1.0,-0.007560601472406114,-0.007560601472406114,0.716474851238278,1.6513987512542947
2009-12-01,0.017702524408688136,-1.0,-0.017702524408688136,-0.017702524408688136,0.7037914376960213,1.680632677956851
2009-12-02,0.008130396183867683,-1.0,-0.008130396183867683,-0.008130396183867683,0.6980693344767388,1.6942968874681947
2009-12-03,-0.006001695957889908,-1.0,0.006001695957889908,0.006001695957889908,0.7022589343797947,1.6841282326872113
2009-12-04,-0.004716841102979652,-1.0,0.004716841102979652,0.004716841102979652,0.705571378186412,1.6761844674165838
2009-12-07,0.003980774192914538,-1.0,-0.003980774192914538,-0.003980774192914538,0.7027626578528684,1.6828569792870398
2009-12-08,0.006231231887223743,-1.0,-0.006231231887223743,-0.006231231887223743,0.6983835807701055,1.6933432513580102
2009-12-09,0.007506315952788389,-1.0,-0.007506315952788389,-0.007506315952788389,0.6931412929566054,1.7060540208192254
2009-12-10,0.024957677766310082,-1.0,-0.024957677766310082,-0.024957677766310082,0.675842095920471,1.7486331673227493
2009-12-11,0.022170309787175935,-1.0,-0.022170309787175935,-0.022170309787175935,0.6608584672866998,1.7874009063464253
2009-12-14,-0.008533226041860575,-1.0,0.008533226041860575,0.008533226041860575,0.6664977219697349,1.772148610385145
2009-12-15,-0.006634615969699498,-1.0,0.006634615969699498,0.006634615969699498,0.6709196783996836,1.760391084914003
2009-12-16,-0.009747365916918382,-1.0,0.009747365916918382,0.009747365916918382,0.6774593780059066,1.7432319088524653
2009-12-17,-0.01093730106994284,-1.0,0.01093730106994284,0.01093730106994284,0.6848689551858135,1.7241656566306147
2009-12-18,0.006634698909003367,-1.0,-0.006634698909003367,-0.006634698909003367,0.6803250558760319,1.7356049766316028
2009-12-21,-0.0021970275907761128,-1.0,0.0021970275907761128,0.0021970275907761128,0.6818197487944878,1.7317918046112548
2009-12-22,-0.012476556572277087,-1.0,0.012476556572277087,0.012476556572277087,0.690326511462418,1.7101850061896167
2009-12-23,-0.016164950524266364,-1.0,0.016164950524266364,0.016164950524266364,0.7014856053657973,1.6825399501772194
2009-12-24,-0.0007557891984369958,-1.0,0.0007557891984369958,0.0007557891984369958,0.7020157806091919,1.6812683046569368
2009-12-28,0.009639460999021354,-1.0,-0.009639460999021354,-0.009639460999021354,0.695248726871312,1.697474824908568
2009-12-29,-0.0005620279112809046,-1.0,0.0005620279112809046,0.0005620279112809046,0.6956394760610961,1.6965207966782727
2009-12-30,0.005806842822319469,-1.0,-0.005806842822319469,-0.005806842822319469,0.6916000069626087,1.7063722262893797
2009-12-31,-0.016387435866383804,-1.0,0.016387435866383804,0.016387435866383804,0.702933557721899,1.6784091608668839
2010-01-04,0.008140816702954634,-1.0,-0.008140816702954634,-0.008140816702954634,0.6972111044741293,1.692072782198061
2010-01-05,-0.00976585040287914,-1.0,0.00976585040287914,0.00976585040287914,0.7040199638196497,1.6755482525363312
2010-01-06,0.009862162809525898,0.0,0.0,-0.001,0.7033159438558301,1.6920727821980612
2010-01-07,-0.0028170254380456283,0.0,-0.0,-0.0,0.7033159438558301,1.6873061701275847
2010-01-08,-0.008663073542993116,0.0,-0.0,-0.0,0.7033159438558301,1.6726889126862234
2010-01-11,-0.0007595370246754607,1.0,-0.0007595370246754607,-0.0017595370246754607,0.7020784334125711,1.6714184435262742
2010-01-12,-0.024334803161465746,1.0,-0.024334803161465746,-0.024334803161465746,0.684993492931566,1.630744804702619
2010-01-13,0.003507872123351241,1.0,0.003507872123351241,0.003507872123351241,0.6873963625100976,1.6364652489433351
2010-01-14,-0.028932800830981598,1.0,-0.028932800830981598,-0.028932800830981598,0.6675080604616518,1.589117725828835
2010-01-15,0.010798173038249148,1.0,0.010798173038249148,0.010798173038249148,0.6747159280029428,1.6062772940104837
2010-01-19,0.0067259204504648284,1.0,0.0067259204504648284,0.0067259204504648284,0.6792540136613521,1.617080987311386
2010-01-20,-0.017881187979562285,1.0,-0.017881187979562285,-0.017881187979562285,0.6671081449572013,1.588165658199095
2010-01-21,-0.019007879113189907,1.0,-0.019007879113189907,-0.019007879113189907,0.6544278339824304,1.557977997356327
2010-01-22,-0.01815280001434605,1.0,-0.01815280001434605,-0.01815280001434605,0.6425481363883258,1.5296963343435663
2010-01-25,-0.008101130677217516,1.0,-0.008101130677217516,-0.008101130677217516,0.6373427699690414,1.5173040644425886
2010-01-26,0.030785920514548648,1.0,0.030785920514548648,0.030785920514548648,0.6569639538258305,1.5640156667669196
2010-01-27,0.010971042257476027,1.0,0.010971042257476027,0.010971042257476027,0.6641715331248922,1.581174548738374
2010-01-28,-0.01507282436421431,1.0,-0.01507282436421431,-0.01507282436421431,0.6541605922583897,1.5573417824760747
2010-01-29,-0.00510097489200656,1.0,-0.00510097489200656,-0.00510097489200656,0.6508237355019395,1.5493978211453916
2010-02-01,0.009639211155167304,1.0,0.009639211155167304,0.009639211155167304,0.6570971629132375,1.5643327939067682
2010-02-02,0.007109550317119906,1.0,0.007109550317119906,0.007109550317119906,0.6617688282562059,1.575454496617769
2010-02-03,-0.0036304202899831717,1.0,-0.0036304202899831717,-0.0036304202899831717,0.6593663292748262,1.5697349346473026
2010-02-04,-0.027935094662100535,1.0,-0.027935094662100535,-0.027935094662100535,0.6409468684495322,1.525884240653524
2010-02-05,-0.012911457007616423,1.0,-0.012911457007616423,-0.012911457007616423,0.6326713105133797,1.5061828518817266
2010-02-08,-0.010759669771333358,1.0,-0.010759669771333358,-0.010759669771333358,0.625863976138459,1.489976821780234
2010-02-09,-0.009170292518258183,1.0,-0.009170292518258183,-0.009170292518258183,0.6201246204006292,1.4763132984790848
2010-02-10,-0.011622990918807918,1.0,-0.011622990918807918,-0.011622990918807918,0.6129169175691835,1.459154122417547
2010-02-11,0.0008710919022112407,1.0,0.0008710919022112407,0.0008710919022112407,0.6134508245328063,1.460425179757663
2010-02-12,-0.00848565348835284,1.0,-0.00848565348835284,-0.00848565348835284,0.6082452934036766,1.448032517736574
2010-02-16,0.017775396586194425,1.0,0.017775396586194425,0.017775396586194425,0.6190570947156131,1.4737718700090472
2010-02-17,-0.01315249115298367,1.0,-0.01315249115298367,-0.01315249115298367,0.6109149517541742,1.454388098527237
2010-02-18,-0.0006556283574665756,1.0,-0.0006556283574665756,-0.0006556283574665756,0.6105144185878039,1.4534345604470806
2010-02-19,0.02492354527612939,1.0,0.02492354527612939,0.02492354527612939,0.6257306023412068,1.4896593025202747
2010-02-22,-0.0012798147716868158,1.0,-0.0012798147716868158,-0.0012798147716868158,0.624929783073234,1.4877528145401286
2010-02-23,-0.0004272394539426294,1.0,-0.0004272394539426294,-0.0004272394539426294,0.6246627884139613,1.4871171878400429
2010-02-24,0.016414681671088394,1.0,0.016414681671088394,0.016414681671088394,0.6349164292375509,1.5115277430860414
2010-02-25,-0.0038246250023022954,1.0,-0.0038246250023022954,-0.0038246250023022954,0.6324881119879164,1.505746716288161
2010-02-26,-0.010878996795324225,1.0,-0.010878996795324225,-0.010878996795324225,0.6256072758445193,1.489365702587092
2010-03-01,0.02178147844059808,1.0,0.02178147844059808,0.02178147844059808,0.6392339272356079,1.521806289528159
2010-03-02,-0.004010209046334312,1.0,-0.004010209046334312,-0.004010209046334312,0.6366704655578839,1.5157035281791247
2010-03-03,-0.005509899509268945,1.0,-0.005509899509268945,-0.005509899509268945,0.6331624752721404,1.5073521540530133
2010-03-04,0.006818811619053733,1.0,0.006818811619053733,0.006818811619053733,0.6374798909152749,1.5176305044350755
2010-03-05,0.008465190415108959,1.0,0.008465190415108959,0.008465190415108959,0.6428762795776756,1.5304775356348963
2010-03-08,0.002099045536689159,0.0,0.0,-0.001,0.6422334032980979,1.5336900776750737
2010-03-09,-0.015287912736923093,-1.0,0.015287912736923093,0.014287912736923092,0.6514095781211582,1.5102431576020923
2010-03-10,-0.0010638115571646178,-1.0,0.0010638115571646178,0.0010638115571646178,0.6521025551588112,1.5086365434769065
2010-03-11,0.008516176739583159,-1.0,-0.008516176739583159,-0.008516176739583159,0.646549134546745,1.5214843589169496
2010-03-12,-0.006332875769260116,-1.0,0.006332875769260116,0.006332875769260116,0.6506436498945523,1.5118489874870562
2010-03-15,0.0050987838718012934,-1.0,-0.0050987838718012934,-0.0050987838718012934,0.64732615854618,1.5195575787210542
2010-03-16,0.011414081984705504,-1.0,-0.011414081984705504,-0.011414081984705504,0.6399375247016894,1.5369019335050569
2010-03-17,0.0035526511925823012,-1.0,-0.0035526511925823012,-0.0035526511925823012,0.6376640498913798,1.5423620099920057
2010-03-18,-0.001041276908154365,-1.0,0.001041276908154365,0.001041276908154365,0.638328034741692,1.5407559840469864
2010-03-19,0.0039610148993611816,-1.0,-0.0039610148993611816,-0.0039610148993611816,0.6357996078854002,1.5468589414560765
2010-03-22,-0.006644405631632044,-1.0,0.006644405631632044,0.006644405631632044,0.6400241183806233,1.5365809831941253
2010-03-23,-0.0004185116106668607,-1.0,0.0004185116106668607,0.0004185116106668607,0.6402919759052725,1.5359379062119287
2010-03-24,-0.011500804025520783,-1.0,0.011500804025520783,0.011500804025520783,0.6476558484392725,1.5182733853572166
2010-03-25,0.0038076968770337505,-1.0,-0.0038076968770337505,-0.0038076968770337505,0.6451897712877777,1.5240545101851246
2010-03-26,0.0075866352801696735,-1.0,-0.0075866352801696735,-0.0075866352801696735,0.6402949518065212,1.535616955900997
2010-03-29,0.01610557607613683,-1.0,-0.01610557607613683,-0.01610557607613683,0.6299826327490349,1.560348951608066
2010-03-30,-0.018938244276530902,-1.0,0.018938244276530902,0.018938244276530902,0.6419133977380082,1.5307986820058834
2010-03-31,0.014057984286236724,-1.0,-0.014057984286236724,-0.014057984286236724,0.6328893892794825,1.552318625822914
2010-04-01,0.010552547266098333,-1.0,-0.010552547266098333,-0.010552547266098333,0.6262107940848987,1.568699541493955
2010-04-05,0.002661628203810329,-1.0,-0.002661628203810329,-0.002661628203810329,0.6245440537738318,1.5728748364368996
2010-04-06,0.0044926629623367464,-1.0,-0.0044926629623367464,-0.0044926629623367464,0.6217381878350945,1.579941232958951
2010-04-07,-0.0018295069073720471,-1.0,0.0018295069073720471,0.0018295069073720471,0.6228756621443157,1.5770507195600107
2010-04-08,-0.001221699557262923,-1.0,0.001221699557262923,0.001221699557262923,0.6236366290649872,1.575124037394143
2010-04-09,0.013661758062148088,-1.0,-0.013661758062148088,-0.013661758062148088,0.6151166563200078,1.5966430009108958
2010-04-12,0.0006040294622462472,-1.0,-0.0006040294622462472,-0.0006040294622462472,0.6147451077368721,1.5976074203241353
2010-04-13,-0.0050257950437019305,-1.0,0.0050257950437019305,0.0050257950437019305,0.617834690652476,1.5895781728692888
2010-04-14,-0.017984218157549137,-1.0,0.017984218157549137,0.017984218157549137,0.628945964514472,1.5609908522299292
2010-04-15,0.004733100852388983,-1.0,-0.004733100852388983,-0.004733100852388983,0.625969099833722,1.56837917936319
2010-04-16,-0.008192153905936528,-1.0,0.008192153905936528,0.008192153905936528,0.6310971350399204,1.5555307757429804
2010-04-19,-0.0004124679124226649,-1.0,0.0004124679124226649,0.0004124679124226649,0.6313574423577463,1.5548891692112004
2010-04-20,0.03387717922729938,-1.0,-0.03387717922729938,-0.03387717922729938,0.6099688331265035,1.6075644282751549
2010-04-21,0.006393557926015259,-1.0,-0.006393557926015259,-0.006393557926015259,0.6060689620588453,1.6178424845671338
2010-04-22,0.01052204557325287,-1.0,-0.01052204557325287,-0.01052204557325287,0.5996918768195281,1.6348654969200938
2010-04-23,0.007858337774029112,-1.0,-0.007858337774029112,-0.007858337774029112,0.5949792954911387,1.6477128222099977
2010-04-26,-0.004678477456838692,-1.0,0.004678477456838692,0.004678477456838692,0.5977628927123798,1.6400040349159442
2010-04-27,-0.020368019360165524,-1.0,0.020368019360165524,0.020368019360165524,0.609938138883934,1.6066004009820267
2010-04-28,0.01459381555520034,-1.0,-0.01459381555520034,-0.01459381555520034,0.6010368141849797,1.6300468309048692
2010-04-29,-0.0011822201972619961,-1.0,0.0011822201972619961,0.0011822201972619961,0.6017473720460071,1.6281197566188905
2010-04-30,0.026829952930984557,-1.0,-0.026829952930984557,-0.026829952930984557,0.5856025183776691,1.6718021330549815
2010-05-03,0.01171961031970259,-1.0,-0.01171961031970259,-0.01171961031970259,0.5787394850600464,1.6913950025860334
2010-05-04,-0.022977369799174086,-1.0,0.022977369799174086,0.022977369799174086,0.5920373962256545,1.652531194135139
2010-05-05,-0.009913036400991393,-1.0,0.009913036400991393,0.009913036400991393,0.5979062844851876,1.6361495922539036
2010-05-06,0.002552262423241247,-1.0,-0.002552262423241247,-0.002552262423241247,0.5963802707426762,1.6403254753770147
2010-05-07,0.0029373291687604386,-1.0,-0.0029373291687604386,-0.0029373291687604386,0.5946285055777505,1.6451436512421005
2010-05-10,0.02733339061680118,-1.0,-0.02733339061680118,-0.02733339061680118,0.5783752923629091,1.6901110052822514
2010-05-11,0.0007597118176079221,-1.0,-0.0007597118176079221,-0.0007597118176079221,0.5779358938182886,1.6913950025860336
2010-05-12,0.003987632670420238,-1.0,-0.003987632670420238,-0.003987632670420238,0.5756312977666902,1.698139664556931
2010-05-13,-0.0003780022546207018,-1.0,0.0003780022546207018,0.0003780022546207018,0.5758488876950763,1.6974977639350677
2010-05-14,-0.002649326349466685,-1.0,0.002649326349466685,0.002649326349466685,0.5773744993265579,1.6930005383809137
2010-05-17,-0.00170675261652653,-1.0,0.00170675261652653,0.00170675261652653,0.5783599347639992,1.6901110052822512
2010-05-18,-0.005511477808271437,-1.0,0.005511477808271437,0.005511477808271437,0.5815475527096443,1.6807959959831227
2010-05-19,-0.005924158592059636,-1.0,0.005924158592059636,0.005924158592059636,0.5849927326407205,1.67083869394202
2010-05-20,-0.035947754983644775,-1.0,0.035947754983644775,0.035947754983644775,0.6060219080609018,1.6107757939549991
2010-05-21,0.00877396539429598,-1.0,-0.00877396539429598,-0.00877396539429598,0.6007046928113903,1.6249086850291299
2010-05-24,-0.005732876871830217,-1.0,0.005732876871830217,0.005732876871830217,0.6041484588516086,1.6155932836098903
2010-05-25,-0.015307759500930662,-1.0,0.015307759500930662,0.015307759500930662,0.6133966181625669,1.5908621701730712
2010-05-26,-0.02180565265093759,0.0,-0.0,-0.001,0.6127832215444042,1.5561723822747604
2010-05-27,0.02745154067108868,1.0,0.02745154067108868,0.02645154067108868,0.6289922818516467,1.598891711718001
2010-05-28,0.003013447270865166,1.0,0.003013447270865166,0.003013447270865166,0.6308877169267878,1.6037098875830866
2010-06-01,-0.019827347916857918,1.0,-0.019827347916857918,-0.019827347916857918,0.6183788866668082,1.5719125736842716
2010-06-02,0.025185264918121897,1.0,0.025185264918121897,0.025185264918121897,0.633952922747285,1.6115016082806368
2010-06-03,0.010672274842466134,1.0,0.010672274842466134,0.010672274842466134,0.6407186425760287,1.628699996353284
2010-06-04,-0.03108148361618912,1.0,-0.03108148361618912,-0.03108148361618912,0.620804156584215,1.578077584100942
2010-06-07,0.008225482826952568,1.0,0.008225482826952568,0.008225482826952568,0.6259105705130992,1.5910580341685632
2010-06-08,-0.0020396402706466255,1.0,-0.0020396402706466255,-0.0020396402706466255,0.6246339381076572,1.5878128481291371
2010-06-09,-0.01083174267863063,1.0,-0.01083174267863063,-0.01083174267863063,0.6178680640217353,1.5706140679363787
2010-06-10,0.039256037022138424,1.0,0.039256037022138424,0.039256037022138424,0.6421231156177696,1.6322701519347806
2010-06-11,-0.005963887679064417,1.0,-0.005963887679064417,-0.005963887679064417,0.6382935654800943,1.6225354760867523
2010-06-14,0.009999387967661644,1.0,0.009999387967661644,0.009999387967661644,0.6446761104785919,1.6387598378034383
2010-06-15,0.01603973986351659,1.0,0.01603973986351659,0.01603973986351659,0.6550165475868922,1.665045119300584
2010-06-16,0.0072112820143264145,1.0,0.0072112820143264145,0.0072112820143264145,0.6597400566355918,1.6770522292224384
2010-06-17,0.013351192129597234,1.0,0.013351192129597234,0.013351192129597234,0.6685483728873249,1.6994428757461564
2010-06-18,0.0026734053448032036,0.0,0.0,-0.001,0.6678798245144376,1.7039861754133638
2010-06-21,-0.01104584160612232,-1.0,0.01104584160612232,0.010045841606122319,0.6745892394434345,1.6851642140207257
2010-06-22,-0.023492686509113292,-1.0,0.023492686509113292,0.023492686509113292,0.6904371529681003,1.6455751794243605
2010-06-23,-0.010056986472414597,-1.0,0.010056986472414597,0.010056986472414597,0.6973808700755528,1.6290256521055484
2010-06-24,-0.012350565986619433,-1.0,0.012350565986619433,0.012350565986619433,0.705993918529227,1.608906263295323
2010-06-25,-0.007261346951344394,-1.0,0.007261346951344394,0.007261346951344394,0.7111203853172068,1.5972234367053446
2010-06-28,-0.0006098247330820206,-1.0,0.0006098247330820206,0.0006098247330820206,0.7115540441163721,1.5962494103493834
2010-06-29,-0.01667017742750687,-1.0,0.01667017742750687,0.01667017742750687,0.7234157762810521,1.569639649460306
2010-06-30,0.008063165816513784,0.0,0.0,-0.001,0.722692360504771,1.582295914226079
2010-07-01,0.003896429518222888,0.0,0.0,0.0,0.722692360504771,1.588461218732833
2010-07-02,0.0002049516339446278,0.0,0.0,0.0,0.722692360504771,1.58878677645507
2010-07-06,0.008986592579173669,0.0,0.0,0.0,0.722692360504771,1.6030645559102505
2010-07-07,0.02833981061703783,0.0,0.0,0.0,0.722692360504771,1.648495101831633
2010-07-08,0.003937268683234851,0.0,0.0,0.0,0.722692360504771,1.6549856699705408
2010-07-09,0.00843112925172651,0.0,0.0,0.0,0.722692360504771,1.6689390680638176
2010-07-12,0.00933357470707108,0.0,0.0,0.0,0.722692360504771,1.6845162355371408
2010-07-13,0.007127112964653293,0.0,0.0,0.0,0.722692360504771,1.6965219730386065
2010-07-14,-0.003442707579145554,0.0,-0.0,-0.0,0.722692360504771,1.6906813439838395
2010-07-15,0.016123325652190656,0.0,0.0,0.0,0.722692360504771,1.7179407498669743
2010-07-16,-0.006233852020224306,-1.0,0.006233852020224306,0.005233852020224306,0.7264748253757997,1.7072313614527903
2010-07-19,0.0030412177917098493,-1.0,-0.0030412177917098493,-0.0030412177917098493,0.7242654572116375,1.7124234238438056
2010-07-20,-0.001326741909771001,-1.0,0.001326741909771001,0.001326741909771001,0.7252263705475197,1.7101514799201185
2010-07-21,-0.011005561421550292,-1.0,0.011005561421550292,0.011005561421550292,0.7332078939131085,1.6913303027677025
2010-07-22,0.01381449200165119,-1.0,-0.01381449200165119,-0.01381449200165119,0.7230789993270983,1.7146951717074372
2010-07-23,-0.0005678176809004176,-1.0,0.0005678176809004176,0.0005678176809004176,0.723489576367604,1.7137215374715873
2010-07-26,0.0003787983226704039,-1.0,-0.0003787983226704039,-0.0003787983226704039,0.7232155197296064,1.7143706923155058
2010-07-27,0.018360244781916002,-1.0,-0.018360244781916002,-0.018360244781916002,0.7099371057572902,1.7458469578733613
2010-07-28,-0.013568971910643546,-1.0,0.013568971910643546,0.013568971910643546,0.7195702224036344,1.7221576095416953
2010-07-29,-0.010739965620907621,-1.0,0.010739965620907621,0.010739965620907621,0.7272983818540784,1.703661696021433
2010-07-30,-0.0038096601537789265,-1.0,0.0038096601537789265,0.0038096601537789265,0.7300691415193358,1.6971713239425807
2010-08-02,0.0326959810590679,-1.0,-0.0326959810590679,-0.0326959810590679,0.7061988146964097,1.7526620054042006
2010-08-03,-0.00499876166379587,-1.0,0.00499876166379587,0.00499876166379587,0.7097289342583322,1.7439008657619945
2010-08-04,-0.0026053635366927175,-1.0,0.0026053635366927175,0.0026053635366927175,0.7115780361445846,1.7393573700347313
2010-08-05,-0.006343533500444254,-1.0,0.006343533500444254,0.006343533500444254,0.7160919552550481,1.7283236982886714
2010-08-06,0.008449535958994892,-1.0,-0.008449535958994892,-0.008449535958994892,0.7100413105291736,1.7429272315261446
2010-08-09,-0.0042827918227732464,-1.0,0.0042827918227732464,0.0042827918227732464,0.7130822696477391,1.7354626370312756
2010-08-10,0.005048753972264564,-1.0,-0.005048753972264564,-0.005048753972264564,0.7094820927063037,1.744224560913704
2010-08-11,-0.01990686323053459,-1.0,0.01990686323053459,0.01990686323053459,0.7236056556903215,1.7095025211362556
2010-08-12,-0.011769435090970837,-1.0,0.011769435090970837,0.011769435090970837,0.7321220854864282,1.6893826421758913
2010-08-13,-0.0007679310507703319,0.0,-0.0,-0.001,0.7313899634009418,1.688085312788332
2010-08-16,0.00269139221388226,1.0,0.00269139221388226,0.0016913922138822599,0.7326270306903498,1.6926286124555394
2010-08-17,0.005942398052174003,1.0,0.005942398052174003,0.005942398052174003,0.7369805921304942,1.7026868854252493
2010-08-18,0.0015251279950283525,1.0,0.0015251279950283525,0.0015251279950283525,0.7381045818633449,1.705283700860979
2010-08-19,-0.013510831866864192,1.0,-0.013510831866864192,-0.013510831866864192,0.7281321749576272,1.6822438994933422
2010-08-20,0.027970869839659684,1.0,0.027970869839659684,0.027970869839659684,0.7484986652494353,1.729297724644632
2010-08-23,0.008068936860597509,1.0,0.008068936860597509,0.008068936860597509,0.7545382537195745,1.7432513187979644
2010-08-24,0.010610347171962964,1.0,0.010610347171962964,0.010610347171962964,0.7625441665460658,1.761747820498393
2010-08-25,-0.009667077539163071,0.0,-0.0,-0.001,0.7617816223795197,1.7447168677131835
2010-08-26,-0.004129728539177369,0.0,-0.0,-0.0,0.7617816223795197,1.7375116606718042
2010-08-27,0.015834098761698723,0.0,0.0,0.0,0.7617816223795197,1.7650235919064847
2010-08-30,-0.011690577157542625,-1.0,0.011690577157542625,0.010690577157542624,0.769925507590766,1.744389447420419
2010-08-31,0.008824554186588562,-1.0,-0.008824554186588562,-0.008824554186588562,0.7631312582293945,1.7597829066216937
2010-09-01,0.016564327775310694,-1.0,-0.016564327775310694,-0.016564327775310694,0.7504905019324976,1.7889325275003645
2010-09-02,0.0003662702173323762,-1.0,-0.0003662702173323762,-0.0003662702173323762,0.7502156196132489,1.789587760206005
2010-09-03,0.0,-1.0,-0.0,-0.0,0.7502156196132489,1.789587760206005
2010-09-07,-0.006405738630306912,-1.0,0.006405738630306912,0.006405738630306912,0.7550213047888651,1.778124128758129
2010-09-08,-0.00036827608092060427,-1.0,0.00036827608092060427,0.00036827608092060427,0.7552993610760044,1.7774692881725997
2010-09-09,0.006265095644214735,-1.0,-0.006265095644214735,-0.006265095644214735,0.7505673383388489,1.7886053032676554
2010-09-10,0.010071423701338844,-1.0,-0.010071423701338844,-0.010071423701338844,0.7430080566580523,1.8066191051113256
2010-09-13,0.005257297071686429,-1.0,-0.005257297071686429,-0.005257297071686429,0.7391018425775444,1.8161170384422802
2010-09-14,-0.00775445276482456,-1.0,0.00775445276482456,0.00775445276482456,0.7448331729042068,1.8020340446522864
2010-09-15,-0.023082752209033885,-1.0,0.023082752209033885,0.023082752209033885,0.762025972471423,1.7604381393273345
2010-09-16,0.0022325237028844036,-1.0,-0.0022325237028844036,-0.0022325237028844036,0.760324731425667,1.7643683592008446
2010-09-17,-0.002041643618121869,-1.0,0.002041643618121869,0.002041643618121869,0.7618770435612825,1.760766147800266
2010-09-20,0.013764664840315577,-1.0,-0.013764664840315577,-0.013764664840315577,0.7513900614071309,1.7850025036869104
2010-09-21,-0.007522874190251105,-1.0,0.007522874190251105,0.007522874190251105,0.7570426743069019,1.7715741544223904
2010-09-22,0.004067342675723173,-1.0,-0.004067342675723173,-0.004067342675723173,0.7539635223303498,1.7787797535838807
2010-09-23,-0.013994072499618926,-1.0,0.013994072499618926,0.013994072499618926,0.7645145425239088,1.7538873807513735
2010-09-24,0.017740661844665828,-1.0,-0.017740661844665828,-0.017740661844665828,0.7509515485496627,1.7850025036869104
2010-09-27,0.003119272665444317,-1.0,-0.003119272665444317,-0.003119272665444317,0.7486091259111987,1.7905704132044107
2010-09-28,0.0062191461183989105,-1.0,-0.0062191461183989105,-0.0062191461183989105,0.7439534163715901,1.8017062322394108
2010-09-29,-0.006180707395988305,-1.0,0.006180707395988305,0.006180707395988305,0.7485515747544287,1.7905704132044105
2010-09-30,-0.0051214500756342485,-1.0,0.0051214500756342485,0.0051214500756342485,0.7523852442735709,1.7814000962262764
2010-10-01,0.0003672686482665277,-1.0,-0.0003672686482665277,-0.0003672686482665277,0.7521089167619308,1.7820543486316394
2010-10-04,-0.007718831610122101,-1.0,0.007718831610122101,0.007718831610122101,0.7579143188428876,1.7682989711944659
2010-10-05,0.007593714277477792,-1.0,-0.007593714277477792,-0.007593714277477792,0.7521589340587855,1.7817269283388746
2010-10-06,0.006985737471003173,-1.0,-0.006985737471003173,-0.006985737471003173,0.7469045492089813,1.7941736049052668
2010-10-07,0.0021899996535952315,-1.0,-0.0021899996535952315,-0.0021899996535952315,0.7452688285049449,1.798102844478499
2010-10-08,0.0003647293522843764,-1.0,-0.0003647293522843764,-0.0003647293522843764,0.7449970070878466,1.7987586653643064
2010-10-11,0.0012747248387356969,-1.0,-0.0012747248387356969,-0.0012747248387356969,0.744047340898128,1.8010515877139373
2010-10-12,0.004546372916663044,-1.0,-0.004546372916663044,-0.004546372916663044,0.7406646242187536,1.809239839873833
2010-10-13,0.004163529471429728,-1.0,-0.004163529471429728,-0.004163529471429728,0.7375808452273733,1.8167726632680326
2010-10-14,-0.0023442738173978794,-1.0,0.0023442738173978794,0.0023442738173978794,0.7393099366910542,1.812513650681369
2010-10-15,-0.00036107229601956004,-1.0,0.00036107229601956004,0.00036107229601956004,0.7395768810273654,1.8118592022159508
2010-10-18,0.009038291816302113,-1.0,-0.009038291816302113,-0.009038291816302113,0.7328923693560495,1.828235314415631
2010-10-19,-0.005553426244687021,-1.0,0.005553426244687021,0.005553426244687021,0.7369624330745622,1.8180823444390914
2010-10-20,0.009368183568603694,-1.0,-0.009368183568603694,-0.009368183568603694,0.7300584337183549,1.8351144735846343
2010-10-21,-0.007853665202237514,-1.0,0.007853665202237514,0.007853665202237514,0.7357920682348489,1.8207020989013203
2010-10-22,-0.0025182925102388287,-1.0,0.0025182925102388287,0.0025182925102388287,0.7376450078893779,1.816117038442281
2010-10-25,-0.01082060851348876,-1.0,0.01082060851348876,0.01082060851348876,0.7456267757416782,1.7964655469546205
2010-10-26,0.007110792044338288,-1.0,-0.007110792044338288,-0.007110792044338288,0.7403247787966887,1.8092398398738332
2010-10-27,-0.009775695417029162,-1.0,0.009775695417029162,0.009775695417029162,0.7475619683438846,1.791553262262872
2010-10-28,0.006398382626498389,-1.0,-0.006398382626498389,-0.006398382626498389,0.7427787808334021,1.8030163055305812
2010-10-29,-0.00018159585787458354,-1.0,0.00018159585787458354,0.00018159585787458354,0.7429136663833186,1.8026888852378165
2010-11-01,-0.020348847010329463,-1.0,0.020348847010329463,0.020348847010329463,0.7580311029224357,1.7660062449048908
2010-11-02,0.008901827770620763,0.0,0.0,-0.001,0.7572730718195133,1.7817269283388748
2010-11-03,0.004228151606480823,0.0,0.0,0.0,0.7572730718195133,1.789260339913241
2010-11-04,0.006955886769822284,0.0,0.0,0.0,0.7572730718195133,1.8017062322394113
2010-11-05,-0.005089795891273563,0.0,-0.0,-0.0,0.7572730718195133,1.7925359152612772
2010-11-08,-0.00511638132342529,0.0,-0.0,-0.0,0.7572730718195133,1.7833646179828653
2010-11-09,-0.0003675237015958732,0.0,-0.0,-0.0,0.7572730718195133,1.7827091892171691
2010-11-10,-0.005511033119098507,0.0,-0.0,-0.0,0.7572730718195133,1.772884619833672
2010-11-11,-0.0044340324459039016,0.0,-0.0,-0.0,0.7572730718195133,1.7650235919064856
2010-11-12,-0.004824234787276005,1.0,-0.004824234787276005,-0.005824234787276005,0.7528625356511547,1.7565087036940474
2010-11-15,-0.0011193171049468376,1.0,-0.0011193171049468376,-0.0011193171049468376,0.7520198437373267,1.7545426134570148
2010-11-16,-0.018853825776851685,1.0,-0.018853825776851685,-0.018853825776851685,0.7378413926227679,1.7214627727048342
2010-11-17,-0.00665878309389345,1.0,-0.00665878309389345,-0.00665878309389345,0.7329282668315966,1.7099999254971803
2010-11-18,0.0024897335039246737,1.0,0.0024897335039246737,0.0024897335039246737,0.7347530628935007,1.7142573696033994
2010-11-19,-0.007068882460772197,1.0,-0.007068882460772197,-0.007068882460772197,0.7295591798542143,1.7021394857501604
2010-11-22,0.002308527395189275,1.0,0.002308527395189275,0.002308527395189275,0.7312433872073195,1.7060689213834481
2010-11-23,-0.008141105134164106,1.0,-0.008141105134164106,-0.008141105134164106,0.7252902579134024,1.6921796349283356
2010-11-24,0.006254022598968234,1.0,0.006254022598968234,0.006254022598968234,0.7298262395772043,1.7027625646066913
2010-11-26,-0.01378910046548587,1.0,-0.01378910046548587,-0.01378910046548587,0.7197625922373264,1.6792830005344612
2010-11-29,-0.001575454755820882,1.0,-0.001575454755820882,-0.001575454755820882,0.7186286388383242,1.6766373661449
2010-11-30,-0.0015781746029890353,1.0,-0.0015781746029890353,-0.0015781746029890353,0.7174945173715289,1.6739913396352277
2010-12-01,0.006124273203722108,1.0,0.006124273203722108,0.006124273203722108,0.7218886498180849,1.6842433199398186
2010-12-02,0.005890613828432256,1.0,0.005890613828432256,0.005890613828432256,0.7261410170812915,1.6941645469307007
2010-12-03,-0.0025378863144972508,1.0,-0.0025378863144972508,-0.0025378863144972508,0.7242981537316459,1.6898649499125389
2010-12-06,-0.003718361470586462,1.0,-0.003718361470586462,-0.003718361470586462,0.7216049513835932,1.6835814211922895
2010-12-07,-0.0013743919637315694,1.0,-0.0013743919637315694,-0.0013743919637315694,0.7206131833374226,1.6812675204167151
2010-12-08,0.0007866809527119489,1.0,0.0007866809527119489,0.0007866809527119489,0.7211800760030274,1.6825901415514402
2010-12-09,0.003930895475118046,1.0,0.003930895475118046,0.003930895475118046,0.724014959500533,1.689204227525343
2010-12-10,0.018010390042699775,1.0,0.018010390042699775,0.018010390042699775,0.737054751317887,1.7196274545248518
2010-12-13,0.0017309468719479693,1.0,0.0017309468719479693,0.0017309468719479693,0.738330553934135,1.7226040382881773
2010-12-14,-0.01267046235737701,1.0,-0.01267046235737701,-0.01267046235737701,0.7289755644432113,1.7007778486643814
2010-12-15,-0.011471414837033289,1.0,-0.011471414837033289,-0.011471414837033289,0.7206131833374227,1.6812675204167153
2010-12-16,0.007474518580643741,1.0,0.007474518580643741,0.007474518580643741,0.7259994199657351,1.6938341857371029
2010-12-17,0.008785253173728913,1.0,0.008785253173728913,0.008785253173728913,0.7323775086741144,1.7087149478931203
2010-12-20,-0.002709614156222284,1.0,-0.002709614156222284,-0.002709614156222284,0.7303930482089123,1.7040849896813606
2010-12-21,-0.007956143645025615,1.0,-0.007956143645025615,-0.007956143645025615,0.7245819362000341,1.6905270447201237
2010-12-22,0.01858359806719534,1.0,0.01858359806719534,0.01858359806719534,0.7380472756691256,1.721943119840926
2010-12-23,0.0019207005382038123,1.0,0.0019207005382038123,0.0019207005382038123,0.7394648434687232,1.725250456917961
2010-12-27,-0.0003836537152476227,0.0,-0.0,-0.001,0.7387253786252544,1.7245885581704317
2010-12-28,0.002684560401244873,0.0,0.0,0.0,0.7387253786252544,1.729218320322136
2010-12-29,-0.004207219178579247,-1.0,0.004207219178579247,0.0032072191785792467,0.7410946328272846,1.7219431198409263
2010-12-30,-0.001920472818654484,-1.0,0.001920472818654484,0.001920472818654484,0.7425178849256802,1.7186361748840027
2010-12-31,0.00038467391584595667,-1.0,-0.00038467391584595667,-0.00038467391584595667,0.7422322576633001,1.7192972893913099
2011-01-03,0.004616364614576485,-1.0,-0.004616364614576485,-0.004616364614576485,0.738805842933226,1.7272341925599932
2011-01-04,0.009955821524407105,-1.0,-0.009955821524407105,-0.009955821524407105,0.7314504238197937,1.7444302279119739
2011-01-05,-0.007772583267883659,-1.0,0.007772583267883659,0.007772583267883659,0.7371356831452619,1.7308714987105147
2011-01-06,-0.004394178158534268,-1.0,0.004394178158534268,0.004394178158534268,0.740374788664015,1.7232657409756515
2011-01-07,0.002110705310292005,-1.0,-0.002110705310292005,-0.002110705310292005,0.7388120756659755,1.726903047126173
2011-01-10,0.01340492557303663,-1.0,-0.01340492557303663,-0.01340492557303663,0.7289083547792125,1.7500520539447495
2011-01-11,-0.003023492225385782,-1.0,0.003023492225385782,0.003023492225385782,0.7311122035229062,1.744760785165627
2011-01-12,0.016490518044830038,-1.0,-0.016490518044830038,-0.016490518044830038,0.7190557845379163,1.7735327943773127
2011-01-13,0.0024235382685902085,-1.0,-0.0024235382685902085,-0.0024235382685902085,0.7173131253268376,1.7778310189750859
2011-01-14,0.00725402931784469,-1.0,-0.00725402931784469,-0.00725402931784469,0.7121097148856419,1.790727457308905
2011-01-18,0.0027705498597152545,-1.0,-0.0027705498597152545,-0.0027705498597152545,0.7101367794149636,1.7956887570145403
2011-01-19,-0.004419867907299979,-1.0,0.004419867907299979,0.004419867907299979,0.7132754901760932,1.7877520499059123
2011-01-20,0.003514545879261588,-1.0,-0.003514545879261588,-0.003514545879261588,0.7107686507413165,1.7940351865060506
2011-01-21,0.0031336208314423075,-1.0,-0.0031336208314423075,-0.0031336208314423075,0.7085413712910174,1.7996570125388265
2011-01-24,-0.005145160571650154,-1.0,0.005145160571650154,0.005145160571650154,0.7121869304179669,1.790397488235418
2011-01-25,0.007942283097582381,-1.0,-0.007942283097582381,-0.007942283097582381,0.7065305401981892,1.8046173319441843
2011-01-26,-0.006597054390552581,-1.0,0.006597054390552581,0.006597054390552581,0.7111915606004632,1.7927121732512146
2011-01-27,0.003689101849373877,-1.0,-0.003689101849373877,-0.003689101849373877,0.7085679024989929,1.7993256710449508
2011-01-28,-0.006983988203221769,-1.0,0.006983988203221769,0.006983988203221769,0.7135165323712276,1.7867592017846188
2011-01-31,-0.010549386689338247,-1.0,0.010549386689338247,0.010549386689338247,0.7210436941804474,1.7679099880442595
2011-02-01,0.020015002463074305,-1.0,-0.020015002463074305,-0.020015002463074305,0.7066120028654416,1.803294710809459
2011-02-02,0.006051753352617206,-1.0,-0.006051753352617206,-0.006051753352617206,0.702335761308101,1.814207805621357
2011-02-03,0.002369742255947438,-1.0,-0.002369742255947438,-0.002369742255947438,0.7006714065766663,1.8185070105194077
2011-02-04,-0.004546290101997141,-1.0,0.004546290101997141,0.004546290101997141,0.7038568620571382,1.810239550097071
2011-02-07,0.0082204359170448,-1.0,-0.0082204359170448,-0.0082204359170448,0.6980708518278252,1.8251205083131439
2011-02-08,0.004348378615202764,-1.0,-0.004348378615202764,-0.004348378615202764,0.6950353754638408,1.8330568233016606
2011-02-09,-0.00342714760393803,-1.0,0.00342714760393803,0.00342714760393803,0.6974173642855138,1.8267746670018001
2011-02-10,-0.00036211725472623524,-1.0,0.00036211725472623524,0.00036211725472623524,0.6976699111468674,1.826113160374382
2011-02-11,-0.0028973432609874505,-1.0,0.0028973432609874505,0.0028973432609874505,0.6996913003623225,1.820822283715371
2011-02-14,-0.0065385572878575715,-1.0,0.0065385572878575715,0.0065385572878575715,0.7042662720135571,1.8089167329022904
2011-02-15,0.0012793805561035487,-1.0,-0.0012793805561035487,-0.0012793805561035487,0.7033652474388233,1.811231025797976
2011-02-16,-0.0074855945090269715,-1.0,0.0074855945090269715,0.0074855945090269715,0.7086303544728917,1.7976728847766834
2011-02-17,-0.002207222146907939,-1.0,0.002207222146907939,0.002207222146907939,0.7101944590852554,1.7937050213725085
2011-02-18,0.006452026849998127,-1.0,-0.006452026849998127,-0.006452026849998127,0.7056122653665174,1.8052780543313804
2011-02-22,0.0010996134682177416,-1.0,-0.0010996134682177416,-0.0010996134682177416,0.7048363646161808,1.8072631623938011
2011-02-23,-0.005123614842676871,-1.0,0.005123614842676871,0.005123614842676871,0.7084476746755868,1.798003442030337
2011-02-24,0.0007353873656219534,-1.0,-0.0007353873656219534,-0.0007353873656219534,0.7079266912064262,1.799325671044951
2011-02-25,0.005146325966739473,-1.0,-0.005146325966739473,-0.005146325966739473,0.7042834696929225,1.8085855874684706
2011-02-28,0.014262436595162242,-1.0,-0.014262436595162242,-0.014262436595162242,0.6942386713614064,1.834380424736664
2011-03-01,-0.02415709255140197,-1.0,0.02415709255140197,0.02415709255140197,0.7110094591982461,1.7900671270418202
2011-03-02,0.004105496945411291,-1.0,-0.004105496945411291,-0.004105496945411291,0.7080904120353492,1.7974162421639717
2011-03-03,0.011895918728420218,-1.0,-0.011895918728420218,-0.011895918728420218,0.6996670260414031,1.8187981597018967
2011-03-04,0.005694888506091678,-1.0,-0.005694888506091678,-0.005694888506091678,0.6956825003367085,1.8291560124364838
2011-03-07,-0.002375029074223156,-1.0,0.002375029074223156,0.002375029074223156,0.6973347665014366,1.8248117137256572
2011-03-08,0.012449755098409732,-1.0,-0.012449755098409732,-0.012449755098409732,0.6886531194368869,1.847530172662251
2011-03-09,0.008499157459599838,-1.0,-0.008499157459599838,-0.008499157459599838,0.6828001481397482,1.8632326225110691
2011-03-10,-0.007531007135674006,-1.0,0.007531007135674006,0.007531007135674006,0.687942320927628,1.8492006043355176
2011-03-11,0.006143043427415451,-1.0,-0.006143043427415451,-0.006143043427415451,0.6837162613746126,1.8605603239539537
2011-03-14,-0.010953611302809252,-1.0,0.010953611302809252,0.010953611302809252,0.6912054235431201,1.8401804693599333
2011-03-15,-0.0237838010611775,-1.0,0.0237838010611775,0.0237838010611775,0.7076449158290766,1.7964139831600123
2011-03-16,-0.021758960640955505,-1.0,0.021758960640955505,0.021758960640955505,0.7230425337003737,1.7573258820055715
2011-03-17,0.004182545478725208,0.0,0.0,-0.001,0.7223194911666734,1.7646759774280008
2011-03-18,-0.0011360238897213382,0.0,-0.0,-0.0,0.7223194911666734,1.7626712633600252
2011-03-21,0.01895352254265803,0.0,0.0,0.0,0.7223194911666734,1.796080092885415
2011-03-22,0.0024181117354939996,0.0,0.0,0.0,0.7223194911666734,1.8004232152359083
2011-03-23,-0.0037110889131340974,0.0,-0.0,-0.0,0.7223194911666734,1.793741684602897
2011-03-24,0.006146285799229156,0.0,0.0,0.0,0.7223194911666734,1.8047665336464573
2011-03-25,0.0014809066033747431,0.0,0.0,0.0,0.7223194911666734,1.807439224323684
2011-03-28,-0.0060999235909560134,0.0,-0.0,-0.0,0.7223194911666734,1.7964139831600128
2011-03-29,0.016924072612815033,0.0,0.0,0.0,0.7223194911666734,1.8268166238536891
2011-03-30,0.005486583617006824,0.0,0.0,0.0,0.7223194911666734,1.8368396060134005
2011-03-31,0.0025467617913148555,0.0,0.0,0.0,0.7223194911666734,1.8415175989387693
2011-04-01,0.01469536721383391,0.0,0.0,0.0,0.7223194911666734,1.8685793762859122
2011-04-04,0.004648162433446235,-1.0,-0.004648162433446235,-0.005648162433446235,0.7182397133517198,1.8772648367466769
2011-04-05,0.0021358862732205885,-1.0,-0.0021358862732205885,-0.0021358862732205885,0.71670563500709,1.8812744609426837
2011-04-06,0.00461710867885734,-1.0,-0.00461710867885734,-0.00461710867885734,0.7133965271995127,1.8899605095836147
2011-04-07,-0.009192400345985785,-1.0,0.009192400345985785,0.009192400345985785,0.7199543536829666,1.8725872359414188
2011-04-08,-0.000892044782323298,-1.0,0.000892044782323298,0.000892044782323298,0.7205965852076804,1.870916804268152
2011-04-11,-0.014820954941907716,-1.0,0.014820954941907716,0.014820954941907716,0.731276514728336,1.8431880306120358
2011-04-12,-0.0009062730690108101,-1.0,0.0009062730690108101,0.0009062730690108101,0.7319392509396344,1.841517598938769
2011-04-13,-0.002721498367867503,-1.0,0.002721498367867503,0.002721498367867503,0.7339312224164448,1.836505911798858
2011-04-14,0.003456047779356153,-1.0,-0.003456047779356153,-0.003456047779356153,0.7313947210450124,1.842852963977105
2011-04-15,-0.0007246183306202081,-1.0,0.0007246183306202081,0.0007246183306202081,0.7319247030668005,1.8415175989387693
2011-04-18,-0.0034477068166284264,-1.0,0.0034477068166284264,0.0034477068166284264,0.7344481648548226,1.835168586159967
2011-04-19,-0.0007278661854395185,-1.0,0.0007278661854395185,0.0007278661854395185,0.7349827448389785,1.8338328290015202
2011-04-20,0.01439226961164164,-1.0,-0.01439226961164164,-0.01439226961164164,0.7244046750153516,1.8602258454991896
2011-04-21,-0.003053106536955341,-1.0,0.003053106536955341,0.003053106536955341,0.7266163596640418,1.8545463778100828
2011-04-25,-0.0009006167940558418,-1.0,0.0009006167940558418,0.0009006167940558418,0.727270762560391,1.8528761421968716
2011-04-26,0.010457693802924162,-1.0,-0.010457693802924162,-0.010457693802924162,0.7196651876137153,1.8722529535467098
2011-04-27,0.002855262406950887,-1.0,-0.002855262406950887,-0.002855262406950887,0.7176103546579307,1.8775987270212746
2011-04-28,0.011210077510394711,-1.0,-0.011210077510394711,-0.011210077510394711,0.7095658869599534,1.8986467542846015
2011-04-29,-0.004574966186514096,-1.0,0.004574966186514096,0.004574966186514096,0.7128121268998991,1.8899605095836147
2011-05-02,0.0005306180626745149,-1.0,-0.0005306180626745149,-0.0005306180626745149,0.7124338959100727,1.8909633567677413
2011-05-03,0.013603886937408882,-1.0,-0.013603886937408882,-0.013603886937408882,0.7027420257397343,1.9166878084759928
2011-05-04,0.0010457216553478865,-1.0,-0.0010457216553478865,-0.0010457216553478865,0.7020071531852953,1.9186921304238576
2011-05-05,-0.00661622376790616,-1.0,0.00661622376790616,0.00661622376790616,0.70665178959744,1.9059976339472526
2011-05-06,0.005959266158439114,-1.0,-0.005959266158439114,-0.005959266158439114,0.7024406635018916,1.9173559811452996
2011-05-09,0.004530528971416814,-1.0,-0.004530528971416814,-0.004530528971416814,0.6992582357251951,1.9260426179663976
2011-05-10,0.01214211942541632,-1.0,-0.01214211942541632,-0.01214211942541632,0.6907677587178138,1.9494288574521872
2011-05-11,-0.002227894767172778,-1.0,0.002227894767172778,0.002227894767172778,0.6923067165927929,1.945085735101694
2011-05-12,0.011336408400596465,-1.0,-0.011336408400596465,-0.011336408400596465,0.684458444915021,1.967136021368981
2011-05-13,-0.004076511357042456,-1.0,0.004076511357042456,0.004076511357042456,0.6872486475391406,1.9591169690370231
2011-05-16,-0.009720155241471184,-1.0,0.009720155241471184,0.009720155241471184,0.6939288110827122,1.9400740479617828
2011-05-17,0.009126954651726304,-1.0,-0.009126954651726304,-0.009126954651726304,0.6875953542924339,1.9577810158185212
2011-05-18,-0.0017063539075544698,-1.0,0.0017063539075544698,0.0017063539075544698,0.688768635312047,1.9544403485320432
2011-05-19,-0.0018805085578889047,-1.0,0.0018805085578889047,0.0018805085578889047,0.6900638706251568,1.9507650067307454
2011-05-20,-0.01044670695008576,-1.0,0.01044670695008576,0.01044670695008576,0.6972727656584198,1.930385936376947
2011-05-23,-0.0032890878032267867,-1.0,0.0032890878032267867,0.0032890878032267867,0.699566157007469,1.9240367275380892
2011-05-24,-0.0036458933590203246,-1.0,0.0036458933590203246,0.0036458933590203246,0.7021167006134978,1.9170218948106468
2011-05-25,-0.006448123735902644,-1.0,0.006448123735902644,0.006448123735902644,0.7066440359760974,1.9046607004284732
2011-05-26,0.0015783329970724402,-1.0,-0.0015783329970724402,-0.0015783329970724402,0.7055287163769318,1.9076668892601867
2011-05-27,0.004378205866734097,-1.0,-0.004378205866734097,-0.004378205866734097,0.702439766411741,1.91601904762652
2011-05-31,0.010461992099758843,-1.0,-0.010461992099758843,-0.010461992099758843,0.6950908471249849,1.936064423765776
2011-06-01,-0.011149633199640241,-1.0,0.011149633199640241,0.011149633199640241,0.7028408551108558,1.9144780155899148
2011-06-02,-0.009689441197334947,-1.0,0.009689441197334947,0.009689441197334947,0.7096509902475371,1.8959277934342658
2011-06-03,-0.009429441441270003,0.0,-0.0,-0.001,0.7089413392572895,1.8780502533292012
2011-06-06,-0.004848754884927975,1.0,-0.004848754884927975,-0.005848754884927975,0.7047949151361811,1.868944047989231
2011-06-07,0.0,1.0,0.0,0.0,0.7047949151361811,1.868944047989231
2011-06-08,0.0016238119076323887,1.0,0.0016238119076323887,0.0016238119076323887,0.705939369511818,1.8719788615890545
2011-06-09,0.0023427974922882733,1.0,0.0023427974922882733,0.0023427974922882733,0.7075932424964179,1.876364528971602
2011-06-10,-0.00251672978518247,1.0,-0.00251672978518247,-0.00251672978518247,0.7058124215072333,1.8716422264736794
2011-06-13,0.007388540236134222,1.0,0.007388540236134222,0.007388540236134222,0.7110273449827028,1.885470930371628
2011-06-14,-0.0001789576016062444,1.0,-0.0001789576016062444,-0.0001789576016062444,0.7109001012343682,1.8851335110160303
2011-06-15,-0.007514652501143471,1.0,-0.007514652501143471,-0.007514652501143471,0.7055579340105642,1.8709673877624844
2011-06-16,0.012258944623124268,1.0,0.012258944623124268,0.012258944623124268,0.7142073296520057,1.893903473360736
2011-06-17,0.008548819733880997,1.0,0.008548819733880997,0.008548819733880997,0.7203129593658173,1.9100941127478681
2011-06-20,0.007416453021346969,1.0,0.007416453021346969,0.007416453021346969,0.7256551265896213,1.924260236001414
2011-06-21,-0.0014026994552122085,1.0,-0.0014026994552122085,-0.0014026994552122085,0.7246372505388821,1.9215610772166885
2011-06-22,-0.004387973324844308,1.0,-0.004387973324844308,-0.004387973324844308,0.721457561613329,1.9131293184678024
2011-06-23,-0.005994441002210138,1.0,-0.005994441002210138,-0.005994441002210138,0.7171328268246395,1.9016611776386487
2011-06-24,0.00407953868396338,1.0,0.00407953868396338,0.00407953868396338,0.7200583979332107,1.909419077976617
2011-06-27,0.006535612155314396,1.0,0.006535612155314396,0.006535612155314396,0.7247644203512792,1.92189830051223
2011-06-28,0.001930814273764181,1.0,0.001930814273764181,0.001930814273764181,0.7261638058392099,1.9256091291835822
2011-06-29,0.0024523681500849825,1.0,0.0024523681500849825,0.0024523681500849825,0.7279446268283944,1.9303314316815048
2011-06-30,0.004019048890099519,0.0,0.0,-0.001,0.7272166822015661,1.9380895280795285
2011-07-01,0.012530268787133148,-1.0,-0.012530268787133148,-0.013530268787133148,0.7173772450248918,1.962374310799893
2011-07-05,-0.008422380272567365,-1.0,0.008422380272567365,0.008422380272567365,0.7234192689813781,1.945846448117219
2011-07-06,0.001213834468525965,-1.0,-0.001213834468525965,-0.001213834468525965,0.7225411577374926,1.9482083836064026
2011-07-07,0.005020432143405529,-1.0,-0.005020432143405529,-0.005020432143405529,0.7189136888842539,1.9579892315975123
2011-07-08,-0.006029130198511368,-1.0,0.006029130198511368,0.006029130198511368,0.7232481131160291,1.9461842595929277
2011-07-11,-0.009359016850904678,-1.0,0.009359016850904678,0.009359016850904678,0.7300170043940669,1.927969888312432
2011-07-12,0.002274250811099332,-1.0,-0.002274250811099332,-0.002274250811099332,0.7283567626297074,1.9323545753947018
2011-07-13,-0.0015706277194282858,-1.0,0.0015706277194282858,0.0015706277194282858,0.7295007399507266,1.9293195657348228
2011-07-14,-0.0036715793136331554,-1.0,0.0036715793136331554,0.0036715793136331554,0.7321791597768099,1.922235915927883
2011-07-15,-0.0033341418203114426,-1.0,0.0033341418203114426,0.0033341418203114426,0.7346203489333822,1.9158269087720832
2011-07-18,-0.007746095253475027,-1.0,0.007746095253475027,0.007746095253475027,0.7403107881313612,1.900986731047564
2011-07-19,0.00727459047038348,0.0,0.0,-0.001,0.7395704773432298,1.9148156310055682
2011-07-20,0.0029945297561300155,0.0,0.0,0.0,0.7395704773432298,1.9205496033901173
2011-07-21,0.016684325737738037,0.0,0.0,0.0,0.7395704773432298,1.9525926785685617
2011-07-22,-0.007427637442369628,0.0,-0.0,-0.0,0.7395704773432298,1.938089528079529
2011-07-25,0.0013921846464552967,0.0,0.0,0.0,0.7395704773432298,1.9407877065639771
2011-07-26,-0.003128515210459315,0.0,-0.0,-0.0,0.7395704773432298,1.9347159227037194
2011-07-27,-0.012378222241318793,0.0,-0.0,-0.0,0.7395704773432298,1.9107675790386747
2011-07-28,-0.007236840215115614,0.0,-0.0,-0.0,0.7395704773432298,1.8969396593809484
2011-07-29,-0.017603590338655217,1.0,-0.017603590338655217,-0.018603590338655218,0.7258118111561727,1.863546710720058
2011-08-01,0.0028962715225357982,1.0,0.0028962715225357982,0.0028962715225357982,0.7279139592355444,1.8689440479892319
2011-08-02,-0.021115639242054618,1.0,-0.021115639242054618,-0.021115639242054618,0.7125435906730709,1.829480099708306
2011-08-03,-0.003872054070511388,1.0,-0.003872054070511388,-0.003872054070511388,0.7097845833623885,1.822396253841311
2011-08-04,-0.028502138547956246,1.0,-0.028502138547956246,-0.028502138547956246,0.6895542048281903,1.7704540633250494
2011-08-05,0.006096679107196579,1.0,0.006096679107196579,0.006096679107196579,0.6937581955420459,1.7812479536231745
2011-08-08,-0.04999121649942062,1.0,-0.04999121649942062,-0.04999121649942062,0.659076379390456,1.6922012015344483
2011-08-09,0.035280357454233524,1.0,0.035280357454233524,0.035280357454233524,0.6823288296449934,1.7519026648090672
2011-08-10,-0.03369241996651351,1.0,-0.03369241996651351,-0.03369241996651351,0.6593395201613347,1.6928768244858658
2011-08-11,0.04502864735008383,1.0,0.04502864735008383,0.04502864735008383,0.6890286868986529,1.7691047780227696
2011-08-12,0.004575608869501924,1.0,0.004575608869501924,0.004575608869501924,0.6921814126697676,1.7771995095361688
2011-08-15,0.038907319014796826,1.0,0.038907319014796826,0.038907319014796826,0.719112335708623,1.8463455778066329
2011-08-16,-0.0009136430028102716,1.0,-0.0009136430028102716,-0.0009136430028102716,0.7184553237548682,1.8446586770887001
2011-08-17,0.0065823533919511235,1.0,0.0065823533919511235,0.0065823533919511235,0.7231844505921514,1.856800872388827
2011-08-18,-0.008356200660319169,1.0,-0.008356200660319169,-0.008356200660319169,0.7171413762085808,1.8412850717128901
2011-08-19,-0.005495220431725345,1.0,-0.005495220431725345,-0.005495220431725345,0.7132005262656037,1.8311668043661826
2011-08-22,-0.002946949975299318,1.0,-0.002946949975299318,-0.002946949975299318,0.7110987599923418,1.8257704473972867
2011-08-23,0.018289462691394753,1.0,0.018289462691394753,0.018289462691394753,0.7241043742331189,1.8591628078780105
2011-08-24,0.026937389343598017,1.0,0.026937389343598017,0.026937389343598017,0.7436098556872388,1.9092438002869574
2011-08-25,-0.014810861633985262,1.0,-0.014810861633985262,-0.014810861633985262,0.7325963530049874,1.8809662545353631
2011-08-26,0.003622537700544326,1.0,0.003622537700544326,0.003622537700544326,0.7352502109130292,1.887780125705869
2011-08-29,0.015881883322163448,1.0,0.015881883322163448,0.015881883322163448,0.7469273689753461,1.9177616294002287
2011-08-30,0.0026648261856743183,0.0,0.0,-0.001,0.7461804416063708,1.9228721308081358
2011-08-31,0.004960965344412038,-1.0,-0.004960965344412038,-0.005960965344412038,0.7417324858532771,1.9324114328108106
2011-09-01,0.0,-1.0,-0.0,-0.0,0.7417324858532771,1.9324114328108106
2011-09-02,-0.019217099614842303,-1.0,0.019217099614842303,0.019217099614842303,0.7559864329214843,1.895276089809625
2011-09-06,-0.010426496258229445,-1.0,0.010426496258229445,0.010426496258229445,0.7638687226356123,1.8755150007509132
2011-09-07,-0.0009075871968946547,-1.0,0.0009075871968946547,0.0009075871968946547,0.7645620001083847,1.8738128073486477
2011-09-08,-0.006182054192688136,-1.0,0.006182054192688136,0.006182054192688136,0.7692885638267247,1.8622287950266654
2011-09-09,-0.0193928212302531,-1.0,0.0193928212302531,0.0193928212302531,0.7842072394194944,1.8261149249148836
2011-09-12,0.009701463132239185,-1.0,-0.009701463132239185,-0.009701463132239185,0.7765992817982311,1.843830911534177
2011-09-13,-0.009793055796429306,-1.0,0.009793055796429306,0.009793055796429306,0.7842045618963482,1.8257741725383418
2011-09-14,0.004851636879785293,-1.0,-0.004851636879785293,-0.004851636879785293,0.7803998861225561,1.8346321658479883
2011-09-15,0.009099331114151177,-1.0,-0.009099331114151177,-0.009099331114151177,0.773298769157281,1.8513260913977114
2011-09-16,0.01729821973666712,-1.0,-0.01729821973666712,-0.01729821973666712,0.7599220771263041,1.8833507369309341
2011-09-19,-0.00958714402025651,-1.0,0.00958714402025651,0.00958714402025651,0.7672075595238864,1.865294782175321
2011-09-20,0.016803422783202793,-1.0,-0.016803422783202793,-0.016803422783202793,0.7543158465387373,1.896638119015515
2011-09-21,-0.015448076503027153,-1.0,0.015448076503027153,0.015448076503027153,0.7659685754435134,1.867338708254406
2011-09-22,-0.026636862264182604,-1.0,0.026636862264182604,0.026636862264182604,0.7863715748862944,1.8175986642820567
2011-09-23,0.008621535858111873,0.0,0.0,-0.001,0.7855852033114081,1.8332691563418206
2011-09-26,0.01059296090529016,0.0,0.0,0.0,0.7855852033114081,1.8526889048438238
2011-09-27,0.0033099817251505126,0.0,0.0,0.0,0.7855852033114081,1.858821271261246
2011-09-28,-0.01319635303780442,0.0,-0.0,-0.0,0.7855852033114081,1.834291609531502
2011-09-29,0.01262964734894978,0.0,0.0,0.0,0.7855852033114081,1.8574580656950224
2011-09-30,-0.009170645658546528,0.0,-0.0,-0.0,0.7855852033114081,1.840423975948924
2011-10-03,-0.02128870841315078,0.0,-0.0,-0.0,0.7855852033114081,1.8012437265683758
2011-10-04,0.0026484662798387237,1.0,0.0026484662798387237,0.0016484662798387237,0.7868802140290073,1.8060142598399633
2011-10-05,0.0001884593405485635,1.0,0.0001884593405485635,0.0001884593405485635,0.7870285089552339,1.806354620096394
2011-10-06,0.013956930827614844,1.0,0.013956930827614844,0.013956930827614844,0.798013011414083,1.8315657865792219
2011-10-07,0.008184450614283412,1.0,0.008184450614283412,0.008184450614283412,0.8045443094955571,1.8465561463062907
2011-10-10,0.016605511025906017,1.0,0.016605511025906017,0.016605511025906017,0.8179041788977155,1.8772191547537345
2011-10-11,-0.005988794444534373,1.0,-0.005988794444534373,-0.005988794444534373,0.8130059188949714,1.8659768751085717
2011-10-12,-0.0016438357891578326,1.0,-0.0016438357891578326,-0.0016438357891578326,0.8116694706686948,1.8629095155395272
2011-10-13,-0.0016460162145226498,1.0,-0.0016460162145226498,-0.0016460162145226498,0.8103334495591411,1.8598431362707606
2011-10-14,0.004946295570281922,1.0,0.004946295570281922,0.004946295570281922,0.8143415983111467,1.869042470137116
2011-10-17,-0.00309881139325352,1.0,-0.00309881139325352,-0.00309881139325352,0.8118181072882998,1.8632506600361805
2011-10-18,0.0025601177843586065,1.0,0.0025601177843586065,0.0025601177843586065,0.813896457262433,1.868020801187657
2011-10-19,-0.0014593087028809126,1.0,-0.0014593087028809126,-0.0014593087028809126,0.812708731079106,1.8652947821753212
2011-10-20,0.006027499777956358,1.0,0.006027499777956358,0.006027499777956358,0.8176073327752286,1.876537846060706
2011-10-21,0.014342342267041674,1.0,0.014342342267041674,0.014342342267041674,0.8293337369819339,1.9034517941259659
2011-10-24,-0.0005364363691497953,0.0,-0.0,-0.001,0.828504403244952,1.9024307133566734
2011-10-25,-0.011461660592791745,0.0,-0.0,-0.0,0.828504403244952,1.8806256982188765
2011-10-26,0.015036660414987857,0.0,0.0,0.0,0.828504403244952,1.9089040282106933
2011-10-27,0.03158964631719807,-1.0,-0.03158964631719807,-0.03258964631719807,0.8015037377709577,1.9692056313153439
2011-10-28,-0.01314839170879012,-1.0,0.01314839170879012,0.01314839170879012,0.8120422228712296,1.9433137443196544
2011-10-31,-0.011220431668060415,-1.0,0.011220431668060415,0.011220431668060415,0.8211536871445362,1.921508925241913
2011-11-01,-0.01861699685346241,-1.0,0.01861699685346241,0.01861699685346241,0.836441102754315,1.8857361996267845
2011-11-02,0.015356893774648661,-1.0,-0.015356893774648661,-0.015356893774648661,0.823595965590567,1.9146952501314627
2011-11-03,0.025088929690889605,-1.0,-0.025088929690889605,-0.025088929690889605,0.802932824316165,1.9627329046414912
2011-11-04,-0.02030881213592095,-1.0,0.02030881213592095,0.02030881213592095,0.8192394362029664,1.9228721308081367
2011-11-07,-0.007264186928317651,-1.0,0.007264186928317651,0.007264186928317651,0.8251905446065942,1.908904028210694
2011-11-08,0.0074958482786571246,-1.0,-0.0074958482786571246,-0.0074958482786571246,0.8190050414832408,1.9232128831846786
2011-11-09,-0.027812469894656133,-1.0,0.027812469894656133,0.027812469894656133,0.841783594543065,1.86972358277009
2011-11-10,0.007470887593372888,-1.0,-0.007470887593372888,-0.007470887593372888,0.8354947239302883,1.8836920774876438
2011-11-11,0.009585718999180814,-1.0,-0.009585718999180814,-0.009585718999180814,0.8274859062813944,1.9017486204234235
2011-11-14,-0.009852959233190406,-1.0,0.009852959233190406,0.009852959233190406,0.8356390911820246,1.8830107687946154
2011-11-15,0.006875494247081004,-1.0,-0.006875494247081004,-0.006875494247081004,0.8298936594179666,1.8959573985026543
2011-11-16,-0.0008984219602951038,-1.0,0.0008984219602951038,0.0008984219602951038,0.8306392541062972,1.8942540287400556
2011-11-17,-0.00395679763633372,-1.0,0.00395679763633372,0.00395679763633372,0.833925925543591,1.8867588488765212
2011-11-18,0.002708094418463647,-1.0,-0.002708094418463647,-0.002708094418463647,0.8316675753992143,1.8918683699841505
2011-11-21,-0.014946577690108875,-1.0,0.014946577690108875,0.014946577690108875,0.8440981594272631,1.8635914124127229
2011-11-22,-0.012742384253178307,0.0,-0.0,-0.001,0.8432540612678359,1.8398448145448367
2011-11-23,-0.020201963152945757,1.0,-0.020201963152945757,-0.021201963152945758,0.8253754197322634,1.8026763373942636
2011-11-25,0.003627381597564039,1.0,0.003627381597564039,0.003627381597564039,0.8283693713408818,1.8092153323668916
2011-11-28,0.01864201928442144,1.0,0.01864201928442144,0.01864201928442144,0.8438118491360427,1.842942759482546
2011-11-29,0.015872527856445995,1.0,0.015872527856445995,0.015872527856445995,0.8572052762170537,1.8721949197702683
2011-11-30,0.019117949366688203,1.0,0.019117949366688203,0.019117949366688203,0.8735932832846293,1.9079874474510072
2011-12-01,0.0025248549885898974,1.0,0.0025248549885898974,0.0025248549885898974,0.875798979643929,1.9128048390758707
2011-12-02,0.0032385496881528475,1.0,0.0032385496881528475,0.0032385496881528475,0.8786352981563395,1.9189995525909571
2011-12-05,0.013450499421985507,1.0,0.013450499421985507,0.013450499421985507,0.8904533817263274,1.9448110549638722
2011-12-06,0.00477807978776279,0.0,0.0,-0.001,0.889562928344601,1.9541035173566126
2011-12-07,0.005283709155399219,-1.0,-0.005283709155399219,-0.006283709155399219,0.8839731736274583,1.9644284320018675
2011-12-08,-0.008058865870274823,-1.0,0.008058865870274823,0.008058865870274823,0.8910969948666431,1.94859736675661
2011-12-09,0.015188386338843562,-1.0,-0.015188386338843562,-0.015188386338843562,0.877562669443226,1.9781934163817627
2011-12-12,-0.008524408775178571,-1.0,0.008524408775178571,0.008524408775178571,0.885043372363397,1.9613304870641575
2011-12-13,0.006843552145536114,-1.0,-0.006843552145536114,-0.006843552145536114,0.878986531893567,1.9747529545270108
2011-12-14,-0.003659782227965702,-1.0,0.003659782227965702,0.003659782227965702,0.8822034311816124,1.9675257887594102
2011-12-15,0.012943580684306788,-1.0,-0.012943580684306788,-0.012943580684306788,0.8707845598901409,1.992992617554672
2011-12-16,-0.000690393661127664,-1.0,0.000690393661127664,0.000690393661127664,0.8713857440304971,1.991616668084838
2011-12-19,-0.005530016793334536,-1.0,0.005530016793334536,0.005530016793334536,0.876204521828458,1.9806029944644439
2011-12-20,0.02067784053529076,-1.0,-0.02067784053529076,-0.02067784053529076,0.8580865044497884,2.021557587347699
2011-12-21,0.016002758243452764,-1.0,-0.016002758243452764,-0.016002758243452764,0.844354753567109,2.053908084693242
2011-12-22,0.0006698222866112769,-1.0,-0.0006698222866112769,-0.0006698222866112769,0.8437891859353636,2.0552838381030205
2011-12-23,0.008875095035452807,-1.0,-0.008875095035452807,-0.008875095035452807,0.8363004767202998,2.073524677491015
2011-12-27,0.008630511044521949,-1.0,-0.008630511044521949,-0.008630511044521949,0.8290827762194263,2.0914202551211902
2011-12-28,-0.0016449423717074252,-1.0,0.0016449423717074252,0.0016449423717074252,0.8304465696076825,2.0879799893264943
2011-12-29,0.0067573759851924375,-1.0,-0.0067573759851924375,-0.0067573759851924375,0.8248349299012301,2.1020892551639316
2011-12-30,-0.0032743064040456904,-1.0,0.0032743064040456904,0.0032743064040456904,0.8275356921944863,2.0952063708538726
2012-01-03,-0.031701425922706195,-1.0,0.031701425922706195,0.031701425922706195,0.8537697536389852,2.0287853412954666
2012-01-04,-0.0025447016387580845,-1.0,0.0025447016387580845,0.0025447016387580845,0.8559423429301924,2.0236226879127837
2012-01-05,0.012755290127552943,-1.0,-0.012755290127552943,-0.012755290127552943,0.8450245500136604,2.0494345824058096
2012-01-06,-0.010579449380355821,-1.0,0.010579449380355821,0.010579449380355821,0.853964444465688,2.027752692982897
2012-01-09,0.0011877196517517952,-1.0,-0.0011877196517517952,-0.0011877196517517952,0.8529501741130988,2.030161094705245
2012-01-10,0.00440762112845916,-1.0,-0.00440762112845916,-0.00440762112845916,0.849190692904155,2.0391092756404436
2012-01-11,-0.0006748758128508614,-1.0,0.0006748758128508614,0.0006748758128508614,0.849763791163294,2.037733130110554
2012-01-12,0.0030399061405526062,-1.0,-0.0030399061405526062,-0.0030399061405526062,0.8471805889965175,2.0439276475655848
2012-01-13,-0.004546471331244972,-1.0,0.004546471331244972,0.004546471331244972,0.8510322712567775,2.034634989112789
2012-01-17,0.0005079203681850331,-1.0,-0.0005079203681850331,-0.0005079203681850331,0.8506000146322235,2.0356684216655814
2012-01-18,0.005916757986847987,-1.0,-0.005916757986847987,-0.005916757986847987,0.8455672202020352,2.0477129790580455
2012-01-19,-0.01193232873577632,-1.0,0.01193232873577632,0.01193232873577632,0.8556568062416824,2.023278994635409
2012-01-20,0.008845033135685298,-1.0,-0.008845033135685298,-0.008845033135685298,0.8480884934377001,2.041174964385695
2012-01-23,0.0008427650531632747,-1.0,-0.0008427650531632747,-0.0008427650531632747,0.847373754093441,2.042895195313071
2012-01-24,-0.0028638904878834914,-1.0,0.0028638904878834914,0.0028638904878834914,0.8498005397274713,2.0370445671954713
2012-01-25,0.014529397344594575,-1.0,-0.014529397344594575,-0.014529397344594575,0.8374534500221199,2.0666415971209022
2012-01-26,-0.0063281364139169405,-1.0,0.0063281364139169405,0.0063281364139169405,0.8427529696941652,2.053563607175646
2012-01-27,0.004189931866586782,-1.0,-0.004189931866586782,-0.004189931866586782,0.839221892170783,2.062167898773414
2012-01-30,0.0001666660011434562,-1.0,-0.0001666660011434562,-0.0001666660011434562,0.8390820224139429,2.062511592050789
2012-01-31,-0.0013346267679170687,-1.0,0.0013346267679170687,0.0013346267679170687,0.8402018837415346,2.059758908870899
2012-02-01,0.0016706081571482567,-1.0,-0.0016706081571482567,-0.0016706081571482567,0.8387982356209046,2.0631999589058174
2012-02-02,0.0026691231823914308,-1.0,-0.0026691231823914308,-0.0026691231823914308,0.8365593798048598,2.0687068937460418
2012-02-03,0.001663382108563205,-1.0,-0.001663382108563205,-0.001663382108563205,0.8351678618997417,2.0721479437809602
2012-02-06,-0.003985733675404668,-1.0,0.003985733675404668,0.003985733675404668,0.8384966185715311,2.0638889139410117
2012-02-07,0.0035012472902546943,-1.0,-0.0035012472902546943,-0.0035012472902546943,0.8355608345578698,2.0711150994083343
2012-02-08,0.0028251526433455965,-1.0,-0.0028251526433455965,-0.0028251526433455965,0.8332002476574426,2.076966315706101
2012-02-09,-0.0009940981851076502,-1.0,0.0009940981851076502,0.0009940981851076502,0.83402853051147,2.0749016072611277
2012-02-10,0.0011610140423452542,-1.0,-0.0011610140423452542,-0.0011610140423452542,0.8330602116758296,2.0773105971636427
2012-02-13,-0.0053017018809418115,-1.0,0.0053017018809418115,0.0053017018809418115,0.8374768485670091,2.06629731566336
2012-02-14,0.005662910243603214,-1.0,-0.005662910243603214,-0.005662910243603214,0.8327342923424784,2.0779985718985596
2012-02-15,-0.006790022932815165,-1.0,0.006790022932815165,0.006790022932815165,0.8383885772844255,2.0638889139410113
2012-02-16,0.0076705975783759595,-1.0,-0.0076705975783759595,-0.0076705975783759595,0.8319576358937695,2.079720175246324
2012-02-17,-0.003475443520648991,-1.0,0.003475443520648991,0.003475443520648991,0.834849057668891,2.072492225238501
2012-02-21,0.0031551360690269536,-1.0,-0.0031551360690269536,-0.0031551360690269536,0.8322149952948467,2.079031220211129
2012-02-22,-0.003807600735303729,-1.0,0.003807600735303729,0.003807600735303729,0.8353837377228622,2.071115099408334
2012-02-23,0.000498689992130652,-1.0,-0.000498689992130652,-0.000498689992130652,0.8349671402132711,2.0721479437809593
2012-02-24,0.009300644482491016,-1.0,-0.009300644482491016,-0.009300644482491016,0.8272014076875852,2.0914202551211907
2012-02-27,0.000823174272865046,-1.0,-0.000823174272865046,-0.000823174272865046,0.826520476770299,2.093141858468955
2012-02-28,-0.005590470759526234,-1.0,0.005590470759526234,0.005590470759526234,0.8311411153278331,2.081440210113644
2012-02-29,-0.006179248215486655,-1.0,0.006179248215486655,0.006179248215486655,0.8362769425815403,2.068578474409657
2012-03-01,0.005041542587680414,-1.0,-0.005041542587680414,-0.005041542587680414,0.8320608167604203,2.0790073008843524
2012-03-02,-0.0001672021441859739,-1.0,0.0001672021441859739,0.0001672021441859739,0.8321999391130759,2.0786596864058664
2012-03-05,0.0006689204216725475,-1.0,-0.0006689204216725475,-0.0006689204216725475,0.8316432635788885,2.0800501443198107
2012-03-06,-0.005180385041355429,-1.0,0.005180385041355429,0.005180385041355429,0.8359514959012766,2.069274683666907
2012-03-07,0.003695464119329639,-1.0,-0.003695464119329639,-0.003695464119329639,0.8328622671426735,2.0769216140134352
2012-03-08,0.00016699245456530676,-1.0,-0.00016699245456530676,-0.00016699245456530676,0.8327231854283685,2.077268444251699
2012-03-09,0.004183552677653024,-1.0,-0.004183552677653024,-0.004183552677653024,0.829239444116226,2.0859588062138523
2012-03-12,0.012664921390677764,-1.0,-0.012664921390677764,-0.012664921390677764,0.8187371917424446,2.1123773105187427
2012-03-13,0.0023035726119611244,-1.0,-0.0023035726119611244,-0.0023035726119611244,0.8168511711711528,2.1172433250373817
2012-03-14,-0.013954686162630736,-1.0,0.013954686162630736,0.013954686162630736,0.8282500729064236,2.08769785890656
2012-03-15,0.003163334618989655,-1.0,-0.003163334618989655,-0.003163334618989655,0.825630040777618,2.0943019458176297
2012-03-16,-0.0014936424007584437,-1.0,0.0014936424007584437,0.0014936424007584437,0.8268632368138633,2.0911738076313657
2012-03-19,-0.002161169159606957,-1.0,0.002161169159606957,0.002161169159606957,0.8286502281404782,2.086654427290935
2012-03-20,0.0028317376738653532,-1.0,-0.0028317376738653532,-0.0028317376738653532,0.8263037080709956,2.0925632852450327
2012-03-21,0.0018274961672237744,-1.0,-0.0018274961672237744,-0.0018274961672237744,0.8247936412115331,2.096387436628491
2012-03-22,-0.0003317254267399816,-1.0,0.0003317254267399816,0.0003317254267399816,0.8250672462341365,2.095692011611463
2012-03-23,0.0018244871775561222,-1.0,-0.0018244871775561222,-0.0018244871775561222,0.8235619216227608,2.0995155748147547
2012-03-26,0.0087746846370087,-1.0,-0.0087746846370087,-0.0087746846370087,0.8163354254814722,2.117938161874242
2012-03-27,0.0004926638720659238,-1.0,-0.0004926638720659238,-0.0004926638720659238,0.8159332465098499,2.1189815934898673
2012-03-28,-0.008366257799098942,-1.0,0.008366257799098942,0.008366257799098942,0.8227595543970071,2.1012536472071854
2012-03-29,0.002481385873698061,-1.0,-0.002481385873698061,-0.002481385873698061,0.8207179704612763,2.106467668324422
2012-03-30,0.00792089197385848,-1.0,-0.00792089197385848,-0.00792089197385848,0.8142171520762481,2.1231527711716454
2012-04-02,0.01227914357378368,-1.0,-0.01227914357378368,-0.01227914357378368,0.8042192627656666,2.1492232688779387
2012-04-03,0.0021021584799798543,-1.0,-0.0021021584799798543,-0.0021021584799798543,0.8025286664226806,2.1537412767979807
2012-04-04,0.007746667989669609,-1.0,-0.007746667989669609,-0.007746667989669609,0.7963117432917118,2.1704255954049816
2012-04-05,0.0070472027264527615,-1.0,-0.0070472027264527615,-0.0070472027264527615,0.7906999730032801,2.1857210245784824
2012-04-09,-0.003975880638186102,-1.0,0.003975880638186102,0.003975880638186102,0.793843701716558,2.1770308586763845
2012-04-10,-0.00606705861311041,-1.0,0.00606705861311041,0.00606705861311041,0.7986599979845209,2.1638226848542446
2012-04-11,0.002409271754799658,-1.0,-0.002409271754799658,-0.002409271754799658,0.7967358090096884,2.1690359217312585
2012-04-12,0.0019229656733361633,-1.0,-0.0019229656733361633,-0.0019229656733361633,0.7952037133982451,2.173206903352981
2012-04-13,-0.007037552075467524,-1.0,0.007037552075467524,0.007037552075467524,0.8008000009418904,2.157912846599869
2012-04-16,0.010309195924148362,-1.0,-0.010309195924148362,-0.010309195924148362,0.7925443968361223,2.1801591929227038
2012-04-17,0.004783246254851825,-1.0,-0.004783246254851825,-0.004783246254851825,0.7887534618181521,2.190587431217232
2012-04-18,-0.0034909916662810847,-1.0,0.0034909916662810847,0.0034909916662810847,0.7915069935801096,2.1829401087505924
2012-04-19,-0.0012739313445849776,-1.0,0.0012739313445849776,0.0012739313445849776,0.7925153191486894,2.1801591929227033
2012-04-20,0.011798266416087833,-1.0,-0.011798266416087833,-0.011798266416087833,0.7831650122745424,2.2058812919102886
2012-04-23,-0.001891023672548231,-1.0,0.001891023672548231,0.001891023672548231,0.784645995852265,2.2017099181684547
2012-04-24,0.008841674715953651,-1.0,-0.008841674715953651,-0.008841674715953651,0.7777084111897637,2.221176721083789
2012-04-25,0.007981066042266782,-1.0,-0.007981066042266782,-0.007981066042266782,0.7715014689984319,2.2389040791863044
2012-04-26,0.0003106971323827423,-1.0,-0.0003106971323827423,-0.0003106971323827423,0.771261765704385,2.239599700263388
2012-04-27,0.0017072529536605874,-1.0,-0.0017072529536605874,-0.0017072529536605874,0.7699450267768407,2.24342326346668
2012-04-30,-0.0029441912807577353,-1.0,0.0029441912807577353,0.0029441912807577353,0.7722118922113399,2.2368181962553324
2012-05-01,-0.008702460775598442,-1.0,0.008702460775598442,0.008702460775598442,0.7789320359137598,2.2173523736402756
2012-05-02,0.0,-1.0,-0.0,-0.0,0.7789320359137598,2.2173523736402756
2012-05-03,-0.002978277575328536,-1.0,0.002978277575328536,0.002978277575328536,0.7812519117290269,2.210748482789261
2012-05-04,-0.00047162641228515323,-1.0,0.00047162641228515323,0.00047162641228515323,0.7816203707652466,2.2097058354138586
2012-05-07,0.0089663722002713,-1.0,-0.0089663722002713,-0.0089663722002713,0.7746120716016514,2.2295188803872907
2012-05-08,0.0009353994842595803,-1.0,-0.0009353994842595803,-0.0009353994842595803,0.7738874998693739,2.231604371198152
2012-05-09,-0.000778844321539629,-1.0,0.000778844321539629,0.000778844321539629,0.7744902377541577,2.2298662988057214
2012-05-10,0.014653070713166905,-1.0,-0.014653070713166905,-0.014653070713166905,0.7631415775336886,2.2625406873630296
2012-05-11,0.0012291119640064352,-1.0,-0.0012291119640064352,-0.0012291119640064352,0.7622035910905112,2.2653216031909187
2012-05-14,0.008132524359275362,-1.0,-0.008132524359275362,-0.008132524359275362,0.7560049518192404,2.2837443863104614
2012-05-15,-0.0009130175440162924,-1.0,0.0009130175440162924,0.0009130175440162924,0.7566951976036145,2.281659287619711
2012-05-16,-0.0012190707101398246,-1.0,0.0012190707101398246,0.0012190707101398246,0.7576176625555165,2.278877783611655
2012-05-17,-0.007778727779887529,-1.0,0.007778727779887529,0.007778727779887529,0.7635109641137706,2.2611510136893065
2012-05-18,-0.0007688405161870859,-1.0,0.0007688405161870859,0.0007688405161870859,0.7640979822775344,2.2594125491767647
2012-05-21,0.003076687049486937,-1.0,-0.003076687049486937,-0.003076687049486937,0.761747091910922,2.266364054506265
2012-05-22,0.006288658545236192,-1.0,-0.006288658545236192,-0.006288658545236192,0.7569567245520676,2.2806164441842522
2012-05-23,-0.010211538041617785,-1.0,0.010211538041617785,0.010211538041617785,0.7646864169406895,2.257327842606126
2012-05-24,0.0013855098701509583,-1.0,-0.0013855098701509583,-0.0013855098701509583,0.7636269363624478,2.260455392612223
2012-05-25,0.004613248404969461,-1.0,-0.004613248404969461,-0.004613248404969461,0.7601041356162821,2.270883434846696
2012-05-29,0.004745224967366957,-1.0,-0.004745224967366957,-0.004745224967366957,0.7564972704941568,2.2816592876197106
2012-05-30,-0.007160439999714718,-1.0,0.007160439999714718,0.007160439999714718,0.7619141238094782,2.265321603190918
2012-05-31,0.011925163639303182,-1.0,-0.011925163639303182,-0.011925163639303182,0.7528281732039539,2.292335934004618
2012-06-01,-0.011478694551124602,-1.0,0.011478694551124602,0.011478694551124602,0.7614696578536432,2.266022910009612
2012-06-04,0.0021678866220213866,-1.0,-0.0021678866220213866,-0.0021678866220213866,0.759818877969307,2.270935390761416
2012-06-05,0.006488641488765712,-1.0,-0.006488641488765712,-0.006488641488765712,0.754888685673768,2.285670676356217
2012-06-06,0.007827834811987344,-1.0,-0.007827834811987344,-0.007827834811987344,0.7489795417408754,2.3035625288453367
2012-06-07,0.00898574975296329,-1.0,-0.00898574975296329,-0.00898574975296329,0.7422493990087028,2.3242617652698443
2012-06-08,0.01041489699655318,-1.0,-0.01041489699655318,-0.01041489699655318,0.7345189479722737,2.3484687121481564
2012-06-11,-0.003883852425629497,-1.0,0.003883852425629497,0.003883852425629497,0.7373717111700266,2.339347606243965
2012-06-12,0.0032990856108692235,-1.0,-0.0032990856108692235,-0.0032990856108692235,0.7349390587678436,2.3470653142705458
2012-06-13,0.0014945926270271137,-1.0,-0.0014945926270271137,-0.0014945926270271137,0.733840624269295,2.3505732207844057
2012-06-14,0.007612198033755346,-1.0,-0.007612198033755346,-0.007612198033755346,0.7282544841121424,2.3684662496338587
2012-06-15,0.0038508117755255977,-1.0,-0.0038508117755255977,-0.0038508117755255977,0.7254501131691441,2.377586767357884
2012-06-18,0.0063453521114216205,-1.0,-0.0063453521114216205,-0.0063453521114216205,0.7208468767618152,2.3926733925722266
2012-06-19,-0.0052781196118120155,-1.0,0.0052781196118120155,0.0052781196118120155,0.7246515927991654,2.3800445762142304
2012-06-20,-0.009434266125122659,-1.0,0.009434266125122659,0.009434266125122659,0.7314881487736267,2.3575906022925706
2012-06-21,-0.008780075974405999,-1.0,0.008780075974405999,0.008780075974405999,0.7379106702942367,2.336890777687896
2012-06-22,0.00015034490396215183,-1.0,-0.00015034490396215183,-0.00015034490396215183,0.7377997291853787,2.337242117307438
2012-06-25,0.004353055418263363,-1.0,-0.004353055418263363,-0.004353055418263363,0.7345880460766551,2.3474162617699763
2012-06-26,0.0016438729151433407,-1.0,-0.0016438729151433407,-0.0016438729151433407,0.7333804766839216,2.351275115783267
2012-06-27,0.011041867640843028,-1.0,-0.011041867640843028,-0.011041867640843028,0.7252825865299993,2.3772375843989537
2012-06-28,0.0025086910996146017,-1.0,-0.0025086910996146017,-0.0025086910996146017,0.723463076560466,2.383201339168605
2012-06-29,0.012954665826879763,-1.0,-0.012954665826879763,-0.012954665826879763,0.7140908541655389,2.4140749161157067
2012-07-02,0.00043572061123353656,-1.0,-0.00043572061123353656,-0.00043572061123353656,0.7137797100620856,2.41512677831372
2012-07-03,-0.0039219694339340805,-1.0,0.0039219694339340805,0.0039219694339340805,0.7165791322675115,2.405654724910098
2012-07-05,-0.002333335425158123,-1.0,0.002333335425158123,0.002333335425158123,0.7182511517417602,2.4000415255197662
2012-07-06,-0.0016080730905776441,-1.0,0.0016080730905776441,0.0016080730905776441,0.7194061520911526,2.396182083326309
2012-07-09,-0.006442161687506998,-1.0,0.006442161687506998,0.006442161687506998,0.724040682841911,2.3807454909128136
2012-07-10,0.009873638509290128,-1.0,-0.009873638509290128,-0.009873638509290128,0.7168917668735104,2.4042521112727093
2012-07-11,-0.002335349044490953,-1.0,0.002335349044490953,0.002335349044490953,0.718565959376282,2.3986373434019335
2012-07-12,0.0007314742438755406,-1.0,-0.0007314742438755406,-0.0007314742438755406,0.7180403468844725,2.40039188483903
2012-07-13,0.0133005029916331,-1.0,-0.0133005029916331,-0.0133005029916331,0.7084900491026223,2.4323183042844234
2012-07-16,0.0028844946302535313,-1.0,-0.0028844946302535313,-0.0028844946302535313,0.7064464133603977,2.4393343133721994
2012-07-17,-0.0010066894817466476,-1.0,0.0010066894817466476,0.0010066894817466476,0.7071575855341453,2.436878661176464
2012-07-18,0.014972348282429992,-1.0,-0.014972348282429992,-0.014972348282429992,0.6965697758729659,2.4733644572136195
2012-07-19,-0.002836625660772918,-1.0,0.002836625660772918,0.002836625660772918,0.6985456835737259,2.4663484481258435
2012-07-20,0.0027025596133918306,-1.0,-0.0027025596133918306,-0.0027025596133918306,0.6966578222211904,2.4730139018343
2012-07-23,-0.007660490267888842,-1.0,0.007660490267888842,0.007660490267888842,0.7019945626883646,2.4540694029069448
2012-07-24,-0.010007088800629726,-1.0,0.010007088800629726,0.010007088800629726,0.7090194846147464,2.4295113124691468
2012-07-25,-0.006209655858302909,-1.0,0.006209655858302909,0.006209655858302909,0.7134222516110352,2.4144248833148594
2012-07-26,0.027608339644885183,-1.0,-0.027608339644885183,-0.027608339644885183,0.693725847778339,2.4810831455404783
2012-07-27,0.0052322020812805015,-1.0,-0.0052322020812805015,-0.0052322020812805015,0.6900961339537551,2.494064673938405
2012-07-30,0.004641801907125931,-1.0,-0.004641801907125931,-0.004641801907125931,0.6868928444030683,2.5056416280983878
2012-07-31,-0.007280846512159211,-1.0,0.007280846512159211,0.007280846512159211,0.6918940057734675,2.4873984359897268
2012-08-01,-0.00451323059393216,-1.0,0.00451323059393216,0.00451323059393216,0.6950166829680826,2.4761722332691187
2012-08-02,-0.005383833708297203,-1.0,0.005383833708297203,0.005383833708297203,0.6987585372136751,2.4628409337320947
2012-08-03,0.009543797773320817,-1.0,-0.009543797773320817,-0.009543797773320817,0.6920897270421263,2.4863457895514904
2012-08-06,-0.006772909183355491,-1.0,0.006772909183355491,0.006772909183355491,0.696777187910116,2.4695059953204397
2012-08-07,-0.007671213126488552,-1.0,0.007671213126488552,0.007671213126488552,0.70212231422025,2.4505618885131955
2012-08-08,-0.0007162951833808995,-1.0,0.0007162951833808995,0.0007162951833808995,0.7026252410520702,2.448806562835877
2012-08-09,-0.007879450610580374,-1.0,0.007879450610580374,0.007879450610580374,0.7081615419366871,2.4295113124691463
2012-08-10,0.007942029439295117,-1.0,-0.007942029439295117,-0.007942029439295117,0.7025373021228494,2.448806562835877
2012-08-13,-0.007306436049589471,-1.0,0.007306436049589471,0.007306436049589471,0.7076703459932612,2.4309145142867017
2012-08-14,0.0043297647696645125,-1.0,-0.0043297647696645125,-0.0043297647696645125,0.7046062998606433,2.4414398023087265
2012-08-15,-0.005173013312175567,-1.0,0.005173013312175567,0.005173013312175567,0.708251237629665,2.428810201710508
2012-08-16,0.005055418941398049,-1.0,-0.005055418941398049,-0.005055418941398049,0.7046707309076834,2.4410888548092964
2012-08-17,0.0002872926224346539,-1.0,-0.0002872926224346539,-0.0002872926224346539,0.7044682842054479,2.4417901616279907
2012-08-20,-0.008189542934458727,-1.0,0.008189542934458727,0.008189542934458727,0.7102375574649129,2.4217930162623995
2012-08-21,-0.006808690396332584,-1.0,0.006808690396332584,0.006808690396332584,0.7150733451015389,2.4053037774106683
2012-08-22,-0.005104905781199043,0.0,-0.0,-0.001,0.7143582717564373,2.393024928251825
2012-08-23,-0.011728496765944008,1.0,-0.011728496765944008,-0.012728496765944008,0.7052655648046601,2.3649583431199996
2012-08-24,0.006379069271186033,1.0,0.006379069271186033,0.006379069271186033,0.7097645026971311,2.3800445762142313
2012-08-27,0.006780338180786272,1.0,0.006780338180786272,0.006780338180786272,0.7145769460541352,2.39618208332631
2012-08-28,0.001317740924851929,1.0,0.001317740924851929,0.001317740924851929,0.7155185733399065,2.399339630520906
2012-08-29,-0.0005901397631057348,1.0,-0.0005901397631057348,-0.0005901397631057348,0.715096317378538,2.39792368479974
2012-08-30,-0.005461321181038592,1.0,-0.005461321181038592,-0.005461321181038592,0.7111909467139559,2.384827853389429
2012-08-31,-0.0010388233508679123,1.0,-0.0010388233508679123,-0.0010388233508679123,0.7104521449515836,2.382350438527528
2012-09-04,-0.0017826331485658597,1.0,-0.0017826331485658597,-0.0017826331485658597,0.7091856694075231,2.378103581664308
2012-09-05,-0.0005953271640587454,1.0,-0.0005953271640587454,-0.0005953271640587454,0.7087634719141637,2.376687832003198
2012-09-06,0.003872055371926253,1.0,0.003872055371926253,0.003872055371926253,0.711507843323014,2.3858904988904976
2012-09-07,0.0035602228646098855,1.0,0.0035602228646098855,0.0035602228646098855,0.7140409698151619,2.394384800797103
2012-09-10,0.0042865891499590525,1.0,0.0042865891499590525,0.0042865891499590525,0.7171017700889978,2.4046485447050268
2012-09-11,-0.002943532077055555,1.0,-0.002943532077055555,-0.002943532077055555,0.7149909580262275,2.3975703845796423
2012-09-12,-0.009300374404426326,1.0,-0.009300374404426326,-0.009300374404426326,0.7083412744208041,2.375272082342087
2012-09-13,0.02369223731560388,1.0,0.02369223731560388,0.02369223731560388,0.7251234639948191,2.4315475922060643
2012-09-14,-0.013245788701953032,1.0,-0.013245788701953032,-0.013245788701953032,0.7155186318079154,2.39933982658096
2012-09-17,-0.0035405931467962226,1.0,-0.0035405931467962226,-0.0035405931467962226,0.7129852714437312,2.390844740434132
2012-09-18,-0.002072172006759465,1.0,-0.002072172006759465,-0.002072172006759465,0.7115078433230138,2.3858904988904963
2012-09-19,0.001483172821312051,1.0,0.001483172821312051,0.001483172821312051,0.7125631324183808,2.3894291868330773
2012-09-20,0.007999273994232059,1.0,0.007999273994232059,0.007999273994232059,0.7182631201527836,2.40854288558837
2012-09-21,0.008522782774047721,1.0,0.008522782774047721,0.008522782774047721,0.7243847207004556,2.4290703734042176
2012-09-24,0.012531095079511445,1.0,0.012531095079511445,0.012531095079511445,0.7334620545096984,2.45950928520817
2012-09-25,0.001439017182831348,0.0,0.0,-0.001,0.7327285924551886,2.463048561330918
2012-09-26,0.0051730814771475675,-1.0,-0.0051730814771475675,-0.0061730814771475675,0.728205399153327,2.475790112220854
2012-09-27,0.0027164063674871564,-1.0,-0.0027164063674871564,-0.0027164063674871564,0.7262272973702284,2.4825153642462525
2012-09-28,0.0027089685172541067,-1.0,-0.0027089685172541067,-0.0027089685172541067,0.7242599704852819,2.4892404202115954
2012-10-01,-0.0025595613719758825,-1.0,0.0025595613719758825,0.0025595613719758825,0.7261137583290044,2.482869056586461
2012-10-02,0.005987056511151945,-1.0,-0.005987056511151945,-0.005987056511151945,0.7217664742243637,2.4977341339380343
2012-10-03,0.002125727591317794,-1.0,-0.002125727591317794,-0.002125727591317794,0.7202321953156168,2.5030436363023227
2012-10-04,0.005090579654803973,-1.0,-0.005090579654803973,-0.005090579654803973,0.7165657959554083,2.51578557931237
2012-10-05,-0.0035176140606056894,-1.0,0.0035176140606056894,0.0035176140606056894,0.7190863978746102,2.5069360165851116
2012-10-08,-0.0021172210972573158,-1.0,0.0021172210972573158,0.0021172210972573158,0.720608862766941,2.5016282787613235
2012-10-09,-0.005235001371527104,-1.0,0.005235001371527104,0.005235001371527104,0.7243812511518606,2.488532251290957
2012-10-10,-0.005973746807614866,-1.0,0.005973746807614866,0.005973746807614866,0.7287085213384251,2.473666389699161
2012-10-11,-0.0005720906775612544,-1.0,0.0005720906775612544,0.0005720906775612544,0.7291254086901423,2.4722512282182176
2012-10-12,-0.006872190002222944,-1.0,0.006872190002222944,0.006872190002222944,0.7341360970341093,2.455261448044673
2012-10-15,0.004180545455256812,-1.0,-0.004180545455256812,-0.004180545455256812,0.7310670077101133,2.4655257801327637
2012-10-16,0.011914967046668945,-1.0,-0.011914967046668945,-0.011914967046668945,0.7223563684043405,2.494902438555758
2012-10-17,0.018300544706780553,-1.0,-0.018300544706780553,-0.018300544706780553,0.7091368533901292,2.5405605121716035
2012-10-18,0.0037617475993536598,-1.0,-0.0037617475993536598,-0.0037617475993536598,0.7064692595342756,2.550117459579278
2012-10-19,-0.004580059473423881,-1.0,0.004580059473423881,0.004580059473423881,0.7097049307590882,2.538437769950188
2012-10-22,-0.0008370119792271424,-1.0,0.0008370119792271424,0.0008370119792271424,0.7102989622878502,2.536313067128217
2012-10-23,-0.012559204026403314,-1.0,0.012559204026403314,0.012559204026403314,0.7192197518749658,2.504458993843321
2012-10-24,-0.01738281491580751,-1.0,0.01738281491580751,0.01738281491580751,0.7317218157056014,2.460924446689113
2012-10-25,0.003020501054382896,-1.0,-0.003020501054382896,-0.003020501054382896,0.7295116491897476,2.4683576715750943
2012-10-26,-0.0031548545156064867,-1.0,0.0031548545156064867,0.0031548545156064867,0.7318131523103816,2.4605703622287938
2012-10-31,0.00776783583537477,-1.0,-0.00776783583537477,-0.00776783583537477,0.7261285478810664,2.479683668863976
2012-11-01,-0.0027117457801386635,-1.0,0.0027117457801386635,0.0027117457801386635,0.7280976239066211,2.472959397138855
2012-11-02,-0.002004158317328364,-1.0,0.002004158317328364,0.002004158317328364,0.7295568468154007,2.468003194994664
2012-11-05,-0.0017206869147400328,-1.0,0.0017206869147400328,0.0017206869147400328,0.7308121857352748,2.4637565341915
2012-11-06,-0.006608529327880475,-1.0,0.006608529327880475,0.006608529327880475,0.7356417794978789,2.4474747268785384
2012-11-07,-0.015906943129019413,0.0,-0.0,-0.001,0.734906137718381,2.408542885588369
2012-11-08,-0.006466325646819815,1.0,-0.006466325646819815,-0.007466325646819815,0.729419089174329,2.3929684629558237
2012-11-09,-0.0034018875269012927,1.0,-0.0034018875269012927,-0.0034018875269012927,0.7269376874729832,2.3848278533894263
2012-11-12,-0.008756172638037518,1.0,-0.008756172638037518,-0.008756172638037518,0.720572495584374,2.363945888993148
2012-11-13,0.004641438257832142,1.0,0.004641438257832142,0.004641438257832142,0.7239169883329208,2.374917997881766
2012-11-14,-0.006110020154018514,1.0,-0.006110020154018514,-0.006110020154018514,0.7194938409443703,2.3604072010505672
2012-11-15,-0.0029991182972629593,1.0,-0.0029991182972629593,-0.0029991182972629593,0.717335993801226,2.3533280606249054
2012-11-16,0.012934327454462213,1.0,0.012934327454462213,0.012934327454462213,0.7266142524399232,2.3837667763688026
2012-11-19,0.0053449686840731925,1.0,0.0053449686840731925,0.0053449686840731925,0.7304979828646158,2.396507935138628
2012-11-20,0.0,1.0,0.0,0.0,0.7304979828646158,2.396507935138628
2012-11-21,-0.006793644550063926,1.0,-0.006793644550063926,-0.006793644550063926,0.7255352392244949,2.3802269120658885
2012-11-23,-0.0007435568905038714,1.0,-0.0007435568905038714,-0.0007435568905038714,0.7249957624980662,2.3784570779444594
2012-11-26,0.011309534996671422,1.0,0.011309534996671422,0.011309534996671422,0.7331951274464765,2.405356321505553
2012-11-27,-0.002059670535854208,1.0,-0.002059670535854208,-0.002059670535854208,0.7316849870454432,2.4004020799619177
2012-11-28,0.002826304042456984,1.0,0.002826304042456984,0.002826304042456984,0.7337529512821348,2.4071863460640364
2012-11-29,0.010384188504114045,1.0,0.010384188504114045,0.010384188504114045,0.7413723802436984,2.432183022846095
2012-11-30,0.00880922148089014,1.0,0.00880922148089014,0.00880922148089014,0.7479032937410799,2.453608661776407
2012-12-03,-0.0061123919729767495,1.0,-0.0061123919729767495,-0.0061123919729767495,0.743331815651854,2.4386112438873386
2012-12-04,-0.005564362289590785,1.0,-0.005564362289590785,-0.005564362289590785,0.7391956481281878,2.42504192744288
2012-12-05,0.01870113792905781,1.0,0.01870113792905781,0.01870113792905781,0.7530194479003923,2.4703929710117376
2012-12-06,-0.00028951955864142676,0.0,-0.0,-0.001,0.7522664284524919,2.4696777439290996
2012-12-07,0.003036548854657539,0.0,0.0,0.0,0.7522664284524919,2.4771770410538005
2012-12-10,-0.003315449639158974,-1.0,0.003315449639158974,0.002315449639158974,0.7540082634828037,2.4689640853269057
2012-12-11,0.00245852880397579,-1.0,-0.00245852880397579,-0.00245852880397579,0.7521545124485954,2.4750341046466637
2012-12-12,-0.001153926252491666,-1.0,0.001153926252491666,0.001153926252491666,0.7530224432864399,2.4721780978175
2012-12-13,0.011844679597344587,-1.0,-0.011844679597344587,-0.011844679597344587,0.7441031337161024,2.501460255293721
2012-12-14,-0.00827995579153673,-1.0,0.00827995579153673,0.00827995579153673,0.7502642747676156,2.480748274965603
2012-12-17,0.015114357841720105,-1.0,-0.015114357841720105,-0.015114357841720105,0.7389245120429192,2.5182431921086628
2012-12-18,0.005246786031159134,-1.0,-0.005246786031159134,-0.005246786031159134,0.7350475332350513,2.53145587531208
2012-12-19,-0.004514068125376802,-1.0,0.004514068125376802,0.004514068125376802,0.7383655878754646,2.5200287110345356
2012-12-20,0.0002831946315011713,-1.0,-0.0002831946315011713,-0.0002831946315011713,0.7381564867048931,2.5207423696367295
2012-12-21,-0.00892471652192961,-1.0,0.00892471652192961,0.00892471652192961,0.7447443240975579,2.4982454585629044
2012-12-24,-0.000571484807309508,-1.0,0.000571484807309508,0.000571484807309508,0.7451699341641096,2.4968177492384056
2012-12-26,-0.011584563568456052,-1.0,0.011584563568456052,0.011584563568456052,0.7538024026357358,2.467893205303504
2012-12-27,0.0014466013131348987,-1.0,-0.0014466013131348987,-0.0014466013131348987,0.7527119510902387,2.471463262854973
2012-12-28,-0.013870612243214175,-1.0,0.013870612243214175,0.013870612243214175,0.7631525266946446,2.4371825542625625
2012-12-31,0.013772569351150121,-1.0,-0.013772569351150121,-0.013772569351150121,0.7526419555952372,2.470748820012557
2013-01-02,0.019222663069354162,-1.0,-0.019222663069354162,-0.019222663069354162,0.7381741728709701,2.5182431921086628
2013-01-03,0.0001421648483164173,-1.0,-0.0001421648483164173,-0.0001421648483164173,0.7380692304516528,2.5186011977700926
2013-01-04,0.0049616731031358885,-1.0,-0.0049616731031358885,-0.0049616731031358885,0.7344071722026687,2.5310976735905943
2013-01-07,-0.004655297739517117,-1.0,0.004655297739517117,0.004655297739517117,0.7378260562513089,2.519314660312231
2013-01-08,0.010630746579552985,-1.0,-0.010630746579552985,-0.010630746579552985,0.7299824144275102,2.546096856020163
2013-01-09,-0.007012692057043801,-1.0,0.007012692057043801,0.007012692057043801,0.7351015563069476,2.528241862821486
2013-01-10,0.00974592023941856,-1.0,-0.00974592023941856,-0.00974592023941856,0.7279373151713077,2.5528819063625035
2013-01-11,0.004056165625188735,-1.0,-0.004056165625188735,-0.004056165625188735,0.7249846808562176,2.5632368181962573
2013-01-14,-0.0012535057890504797,-1.0,0.0012535057890504797,0.0012535057890504797,0.7258934533506437,2.560023786005941
2013-01-15,0.0026506154199035237,-1.0,-0.0026506154199035237,-0.0026506154199035237,0.7239693889699854,2.566809424528448
2013-01-16,-0.007930595545126762,-1.0,0.007930595545126762,0.007930595545126762,0.729710897380959,2.5464530971410935
2013-01-17,-0.0032252530926705214,-1.0,0.0032252530926705214,0.0032252530926705214,0.7320643997094922,2.5382401414141986
2013-01-18,0.006612500094621998,-1.0,-0.006612500094621998,-0.006612500094621998,0.7272236237971438,2.5550242545894735
2013-01-22,0.0060098167220374865,-1.0,-0.0060098167220374865,-0.0060098167220374865,0.722853143102187,2.570379482079917
2013-01-23,-0.0026398601878664385,-1.0,0.0026398601878664385,0.0026398601878664385,0.7247613743363366,2.5635940396174655
2013-01-24,0.004318363541738757,-1.0,-0.004318363541738757,-0.004318363541738757,0.7216315912409421,2.5746645706539684
2013-01-25,0.005547661365121304,-1.0,-0.005547661365121304,-0.005547661365121304,0.7176282235423638,2.588947937820732
2013-01-28,-0.0013791121943476092,-1.0,0.0013791121943476092,0.0013791121943476092,0.7186179133764591,2.585377488149152
2013-01-29,0.0029005068075989016,-1.0,-0.0029005068075989016,-0.0029005068075989016,0.7165335572266481,2.5928763931537415
2013-01-30,-0.008400965178663955,-1.0,0.008400965178663955,0.008400965178663955,0.7225531306902535,2.571093728862277
2013-01-31,0.0006942301346970492,-1.0,-0.0006942301346970492,-0.0006942301346970492,0.7220515125330086,2.572878659607984
2013-02-01,0.0031922795178600527,-1.0,-0.0031922795178600527,-0.0031922795178600527,0.7197465222787096,2.58109200745499
2013-02-04,-0.004012213475583337,-1.0,0.004012213475583337,0.004012213475583337,0.7226342989744005,2.5707361153209587
2013-02-05,0.00236142771081993,-1.0,-0.00236142771081993,-0.00236142771081993,0.7209278503160134,2.576806722820883
2013-02-06,-0.002078453339152464,-1.0,0.002078453339152464,0.002078453339152464,0.7224262652137907,2.5714509502834857
2013-02-07,0.0033326651737404234,-1.0,-0.0033326651737404234,-0.0033326651737404234,0.7200186603591173,2.5800207353114772
2013-02-08,-0.0020760161281656586,-1.0,0.0020760161281656586,0.0020760161281656586,0.721513430710603,2.574664570653969
2013-02-11,0.0011098064121133344,-1.0,-0.0011098064121133344,-0.0011098064121133344,0.7207126904787745,2.5775219499035216
2013-02-12,0.00429449635396062,-1.0,-0.00429449635396062,-0.00429449635396062,0.7176175924572603,2.5885911085196356
2013-02-13,0.0008276874165156212,-1.0,-0.0008276874165156212,-0.0008276874165156212,0.7170236294061132,2.5907336528066613
2013-02-14,-0.004824284583448746,-1.0,0.004824284583448746,0.004824284583448746,0.7204827554474256,2.5782352163856044
2013-02-15,0.004155059773850445,-1.0,-0.004155059773850445,-0.004155059773850445,0.7174891065325131,2.5889479378207327
2013-02-19,0.0055174332625109734,-1.0,-0.0055174332625109734,-0.0055174332625109734,0.7135304082706413,2.603232285287774
2013-02-20,0.0005485877893727231,-1.0,-0.0005485877893727231,-0.0005485877893727231,0.7131389742013179,2.604660386732384
2013-02-21,-0.005621221447054681,-1.0,0.005621221447054681,0.005621221447054681,0.7171476862978289,2.59001901390419
2013-02-22,0.003033306876774944,-1.0,-0.003033306876774944,-0.003033306876774944,0.7149723572893184,2.5978753363900435
2013-02-25,-0.007697424516652562,-1.0,0.007697424516652562,0.007697424516652562,0.7204758030410461,2.5778783870845077
2013-02-26,0.0011084228270303864,-1.0,-0.0011084228270303864,-0.0011084228270303864,0.7196772112146324,2.5807357663340604
2013-02-27,0.004608224911885506,-1.0,-0.004608224911885506,-0.004608224911885506,0.7163607767613968,2.592628377183475
2013-02-28,-0.0009728785802158857,-1.0,0.0009728785802158857,0.0009728785802158857,0.7170577088168147,2.5901060645688534
2013-03-01,0.006817690311827995,-1.0,-0.006817690311827995,-0.006817690311827995,0.7121690314223927,2.6077646055918713
2013-03-04,0.016998091700332507,-1.0,-0.016998091700332507,-0.016998091700332507,0.7000635169201379,2.6520916274906035
2013-03-05,0.003940656179688862,-1.0,-0.003940656179688862,-0.003940656179688862,0.6973048072960119,2.6625426087515756
2013-03-06,0.003925409271117397,-1.0,-0.003925409271117397,-0.003925409271117397,0.6945676005406574,2.672994178192714
2013-03-07,-0.0031011003151930616,-1.0,0.0031011003151930616,0.0031011003151930616,0.6967215243456168,2.6647049551042112
2013-03-08,0.002975807483466042,-1.0,-0.002975807483466042,-0.002975807483466042,0.6946482152195773,2.6726346040508395
2013-03-11,0.0002695185653103227,-1.0,-0.0002695185653103227,-0.0002695185653103227,0.694460994629216,2.673354928694922
2013-03-12,-0.014559028316612599,-1.0,0.014559028316612599,0.014559028316612599,0.7045716719148056,2.634433478587697
2013-03-13,0.00889135639475569,-1.0,-0.00889135639475569,-0.00889135639475569,0.6983070740741623,2.657857165544096
2013-03-14,0.003525508577461478,-1.0,-0.003525508577461478,-0.003525508577461478,0.6958451864948118,2.667227463778889
2013-03-15,0.006216051222661445,-1.0,-0.006216051222661445,-0.006216051222661445,0.6915197771725176,2.683807086316228
2013-03-18,-0.004700373643981792,-1.0,0.004700373643981792,0.004700373643981792,0.6947701785074314,2.671192190222176
2013-03-19,0.013491645880976177,-1.0,-0.013491645880976177,-0.013491645880976177,0.6853965852903465,2.7072309693326826
2013-03-20,0.007721369635314446,-1.0,-0.007721369635314446,-0.007721369635314446,0.6801043849085374,2.728134500335071
2013-03-21,-0.0014537050145924102,-1.0,0.0014537050145924102,0.0014537050145924102,0.6810930560633253,2.724168597531451
2013-03-22,0.00767357761979115,-1.0,-0.00767357761979115,-0.00767357761979115,0.6758666356313225,2.7450727167140063
2013-03-25,0.00013113177650780905,-1.0,-0.00013113177650780905,-0.00013113177650780905,0.6757780080387098,2.7454326829759923
2013-03-26,0.012995126265271884,-1.0,-0.012995126265271884,-0.012995126265271884,0.6669961874969529,2.7811099273440694
2013-03-27,-0.003757281464421225,-1.0,0.003757281464421225,0.003757281464421225,0.6695022799090748,2.7706605145635415
2013-03-28,0.01040512272662597,-1.0,-0.01040512272662597,-0.01040512272662597,0.6625360265208651,2.799489577251392
2013-04-01,-0.002574667853980084,-1.0,0.002574667853980084,0.002574667853980084,0.6642418367304521,2.7922818214292904
2013-04-02,0.008777014868446509,-1.0,-0.008777014868446509,-0.008777014868446509,0.6584117762532247,2.816789720492868
2013-04-03,0.0020467775608141725,-1.0,-0.0020467775608141725,-0.0020467775608141725,0.6570641538038138,2.822555062486305
2013-04-04,0.011618893082844473,-1.0,-0.011618893082844473,-0.011618893082844473,0.6494297956521976,2.855350027977775
2013-04-05,0.0039124807311354814,-1.0,-0.0039124807311354814,-0.0039124807311354814,0.6468889140904831,2.8665215299428852
2013-04-08,0.005029195048366519,-1.0,-0.005029195048366519,-0.005029195048366519,0.6436355835668961,2.88093782582731
2013-04-09,-0.009381958546796798,-1.0,0.009381958546796798,0.009381958546796798,0.6496741459311641,2.853908986569499
2013-04-10,0.008460529117976456,-1.0,-0.008460529117976456,-0.008460529117976456,0.644177558902317,2.878054566650425
2013-04-11,-0.0002504180332593142,-1.0,0.0002504180332593142,0.0002504180332593142,0.6443388725796871,2.8773338498862313
2013-04-12,-0.004383617686230967,-1.0,0.004383617686230967,0.004383617686230967,0.6471634078574535,2.864720718332679
2013-04-15,-0.006793441716407944,-1.0,0.006793441716407944,0.006793441716407944,0.6515598747497251,2.8452594050988993
2013-04-16,0.009626532410733857,-1.0,-0.009626532410733857,-0.009626532410733857,0.6452876124979132,2.8726493869790293
2013-04-17,-0.00865642884857476,-1.0,0.00865642884857476,0.00865642884857476,0.650873498802368,2.8477825019537435
2013-04-18,-0.0021513864459831167,-1.0,0.0021513864459831167,0.0021513864459831167,0.6522737792257411,2.841655821277932
2013-04-19,0.015599287502389814,-1.0,-0.015599287502389814,-0.015599287502389814,0.6420987730133285,2.8859836274168864
2013-04-22,-0.002122909020552899,-1.0,0.002122909020552899,0.002122909020552899,0.6434618902906445,2.879856946741075
2013-04-23,0.0025028853916906346,-1.0,-0.0025028853916906346,-0.0025028853916906346,0.6418513789253264,2.887064898623232
2013-04-24,0.0056170927928598235,-1.0,-0.0056170927928598235,-0.0056170927928598235,0.6382460401706778,2.903281810057807
2013-04-25,-0.0014891149284599337,-1.0,0.0014891149284599337,0.0014891149284599337,0.6391964618771263,2.8989584897729235
2013-04-26,0.0012424528647698718,-1.0,-0.0012424528647698718,-0.0012424528647698718,0.6384022904019163,2.9025603090533907
2013-04-29,0.008939950129842833,-1.0,-0.008939950129842833,-0.008939950129842833,0.6326950057629458,2.928509053465189
2013-04-30,0.009475459127914698,-1.0,-0.009475459127914698,-0.009475459127914698,0.6266999300954033,2.956258021307027
2013-05-01,-0.008533239989656716,-1.0,0.008533239989656716,0.008533239989656716,0.6320477110004085,2.931031562139866
2013-05-02,0.004918505849831334,-1.0,-0.004918505849831334,-0.004918505849831334,0.6289389806364805,2.9454478580242913
2013-05-03,0.00024455521835831107,-1.0,-0.00024455521835831107,-0.00024455521835831107,0.6287851703267369,2.9461681826683734
2013-05-06,-0.014067470888474043,-1.0,0.014067470888474043,0.014067470888474043,0.6376305874054125,2.9047230475261374
2013-05-07,0.013896077318069189,-1.0,-0.013896077318069189,-0.013896077318069189,0.6287700234624609,2.945087303582138
2013-05-08,-0.009544812641045008,-1.0,0.009544812641045008,0.009544812641045008,0.6347715155307156,2.916976997057926
2013-05-09,-0.013590490158709057,-1.0,0.013590490158709057,0.013590490158709057,0.6433983715655646,2.8773338498862295
2013-05-10,0.002003914204752988,-1.0,-0.002003914204752988,-0.002003914204752988,0.6421090564294694,2.8830997800598333
2013-05-13,-0.004749548577654972,-1.0,0.004749548577654972,0.004749548577654972,0.6451587845851333,2.8694063576002127
2013-05-14,0.00715869746553266,-1.0,-0.00715869746553266,-0.00715869746553266,0.6405402880290576,2.889947569619949
2013-05-15,0.01209637863045021,-1.0,-0.01209637863045021,-0.01209637863045021,0.6327920701770005,2.924905469644221
2013-05-16,-0.008994386535406962,-1.0,0.008994386535406962,0.008994386535406962,0.6384836466527127,2.898597739270715
2013-05-17,0.008329819454968135,-1.0,-0.008329819454968135,-0.008329819454968135,0.6331651931511459,2.9227425351114187
2013-05-20,-0.010604006712378267,-1.0,0.010604006712378267,0.010604006712378267,0.639879281109365,2.8917497536505437
2013-05-21,0.003115739818537966,-1.0,-0.003115739818537966,-0.003115739818537966,0.637885583754155,2.90075969350324
2013-05-22,-0.01652387206957684,-1.0,0.01652387206957684,0.01652387206957684,0.6484259235351361,2.8528279114232076
2013-05-23,-0.011874753707462937,0.0,-0.0,-0.001,0.647777497611601,2.818951282605281
2013-05-24,-0.011761859212815362,1.0,-0.011761859212815362,-0.012761859212815363,0.6395106523858519,2.7857951744914926
2013-05-28,-0.0036218881887088994,1.0,-0.0036218881887088994,-0.0036218881887088994,0.6371944163074221,2.7757053358528396
2013-05-29,-0.016878918085662997,1.0,-0.016878918085662997,-0.016878918085662997,0.6264392639499273,2.728854432859042
2013-05-30,0.008660008555543053,1.0,0.008660008555543053,0.008660008555543053,0.6318642333352618,2.752486335594433
2013-05-31,-0.0011888314520497323,1.0,-0.0011888314520497323,-0.0011888314520497323,0.6311130532612476,2.7492140932673412
2013-06-03,0.00872773707833785,1.0,0.00872773707833785,0.00872773707833785,0.6366212420568188,2.7732085110454396
2013-06-04,0.002752481867929424,1.0,0.002752481867929424,0.002752481867929424,0.6383735304823189,2.7808417171880797
2013-06-05,-0.006536694223802653,1.0,-0.006536694223802653,-0.006536694223802653,0.6342006779129866,2.762664205198027
2013-06-06,0.018423794974745444,1.0,0.018423794974745444,0.018423794974745444,0.6458850611757001,2.8135629640986637
2013-06-07,0.018219275181463823,1.0,0.018219275181463823,0.018219275181463823,0.6576526188408568,2.864824041981952
2013-06-10,-0.0015229292801820504,1.0,-0.0015229292801820504,-0.0015229292801820504,0.6566510604114356,2.8604611175658485
2013-06-11,0.002414851170197352,1.0,0.002414851170197352,0.002414851170197352,0.6582367749930815,2.8673687054429062
2013-06-12,-0.014199979199930324,1.0,-0.014199979199930324,-0.014199979199930324,0.6488898264795505,2.8266521294670857
2013-06-13,0.017749052057472348,1.0,0.017749052057472348,0.017749052057472348,0.6604070057893002,2.876822525261362
2013-06-14,0.007582342465874747,1.0,0.007582342465874747,0.007582342465874747,0.6654144378740576,2.8986355788614366
2013-06-17,0.011664435828321329,1.0,0.011664435828321329,0.011664435828321329,0.6731761218838781,2.9324465275607547
2013-06-18,0.011529544365505684,0.0,0.0,-0.001,0.6725029457619942,2.9662562998997397
2013-06-19,-0.01715872981775457,-1.0,0.01715872981775457,0.01615872981775457,0.6833697391642063,2.9153591094795477
2013-06-20,-0.0356652863452418,-1.0,0.0356652863452418,0.0356652863452418,0.7077423165911709,2.8113819920407503
2013-06-21,0.012931998790464805,-1.0,-0.012931998790464805,-0.012931998790464805,0.6985897938090532,2.8477387805613557
2013-06-24,0.0006376667153877857,-1.0,-0.0006376667153877857,-0.0006376667153877857,0.6981443263498315,2.8495546887958385
2013-06-25,0.007910367425111087,-1.0,-0.007910367425111087,-0.007910367425111087,0.6926217482126477,2.8720957133821616
2013-06-26,0.010632831687983346,-1.0,-0.010632831687983346,-0.010632831687983346,0.6852572177404658,2.9026342236943328
2013-06-27,0.007264592576661899,-1.0,-0.007264592576661899,-0.007264592576661899,0.6802791032433644,2.9237206787285475
2013-06-28,0.013181067828708315,-1.0,-0.013181067828708315,-0.013181067828708315,0.6713122982410608,2.9622584393070657
2013-07-01,-0.0153415191303371,-1.0,0.0153415191303371,0.0153415191303371,0.6816112487069567,2.916812894791434
2013-07-02,0.0013708952123863138,-1.0,-0.0013708952123863138,-0.0013708952123863138,0.6806768311093956,2.92081153962433
2013-07-03,-0.0027383053639410404,-1.0,0.0027383053639410404,0.0027383053639410404,0.682540732127133,2.912813465718316
2013-07-05,-0.0023710449014356927,-1.0,0.0023710449014356927,0.0023710449014356927,0.6841590668500651,2.9059070542015912
2013-07-08,0.009132939513943006,-1.0,-0.009132939513943006,-0.009132939513943006,0.6779106834746078,2.9324465275607547
2013-07-09,0.008554124159191323,-1.0,-0.008554124159191323,-0.008554124159191323,0.6721117513193238,2.957531039247699
2013-07-10,0.003441936537269097,-1.0,-0.003441936537269097,-0.003441936537269097,0.6697983853253299,2.967710673391793
2013-07-11,0.019600782017637375,-1.0,-0.019600782017637375,-0.019600782017637375,0.6566698131788026,3.025880123392361
2013-07-12,0.009371990098121286,-1.0,-0.009371990098121286,-0.009371990098121286,0.6505155101919556,3.0542386419468963
2013-07-15,0.017022062479213673,-1.0,-0.017022062479213673,-0.017022062479213673,0.6394423945337706,3.106228082936545
2013-07-16,-0.005618734239342893,-1.0,0.005618734239342893,0.005618734239342893,0.6430352514100248,3.088775012851741
2013-07-17,-0.0017651768296627068,-1.0,0.0017651768296627068,0.0017651768296627068,0.6441703223364701,3.083322778767014
2013-07-18,0.007310118895463846,-1.0,-0.007310118895463846,-0.007310118895463846,0.6394613606912612,3.105862234872893
2013-07-19,-0.005501603332335514,-1.0,0.005501603332335514,0.005501603332335514,0.64297942344414,3.088775012851741
2013-07-22,-0.0009413980208108352,-1.0,0.0009413980208108352,0.0009413980208108352,0.6435847230007925,3.0858672461679126
2013-07-23,-0.0009427298299464759,-1.0,0.0009427298299464759,0.0009427298299464759,0.6441914495172631,3.0829581070636953
2013-07-24,-0.012263936161011846,-1.0,0.012263936161011846,0.012263936161011846,0.6520917723296125,3.045148905651592
2013-07-25,0.003820569718154143,-1.0,-0.003820569718154143,-0.003820569718154143,0.6496004102507925,3.0567831093477946
2013-07-26,-0.0015463995220336146,-1.0,0.0015463995220336146,0.0015463995220336146,0.6506049520147171,3.052056101408539
2013-07-29,0.010005816812483026,-1.0,-0.010005816812483026,-0.010005816812483026,0.6440951180475636,3.0825944156606537
2013-07-30,0.01993143037409917,-1.0,-0.01993143037409917,-0.01993143037409917,0.6312573810479014,3.144034931627981
2013-07-31,0.001503858704629879,-1.0,-0.001503858704629879,-0.001503858704629879,0.6303080591405507,3.14876311592757
2013-08-01,0.01939727140333325,-1.0,-0.01939727140333325,-0.01939727140333325,0.6180818026496931,3.2098405286720224
2013-08-02,-0.003964274739350904,-1.0,0.003964274739350904,0.003964274739350904,0.6205320487267898,3.1971158389468632
2013-08-05,-0.009779957697451547,-1.0,0.009779957697451547,0.009779957697451547,0.6266008259132507,3.1658481812881107
2013-08-06,-0.0029855693250757653,-1.0,0.0029855693250757653,0.0029855693250757653,0.6284715861181644,3.15639632207021
2013-08-07,-0.0006914038212002538,-1.0,0.0006914038212002538,0.0006914038212002538,0.6289061137743224,3.1542139775919082
2013-08-08,-0.001497948874810362,-1.0,0.001497948874810362,0.001497948874810362,0.6298481829798119,3.1494891263132634
2013-08-09,-0.004271316430007666,-1.0,0.004271316430007666,0.004271316430007666,0.632538463872184,3.136036661661911
2013-08-12,-0.007766663253160999,-1.0,0.007766663253160999,0.007766663253160999,0.637451177115751,3.1116801209612155
2013-08-13,-0.005725201902129218,-1.0,0.005725201902129218,0.005725201902129218,0.6411007138074887,3.093865124013871
2013-08-14,-0.007990904546085642,-1.0,0.007990904546085642,0.007990904546085642,0.6462236884159516,3.0691423431294127
2013-08-15,-0.016820393235174924,-1.0,0.016820393235174924,0.016820393235174924,0.6570934249729931,3.01751816202325
2013-08-16,-0.01024073820796012,0.0,-0.0,-0.001,0.6564363315480201,2.986616548488205
2013-08-19,-0.007425505337955829,1.0,-0.007425505337955829,-0.00842550533795583,0.6509055237325341,2.9644394113649786
2013-08-20,0.007971397993314477,1.0,0.007971397993314477,0.007971397993314477,0.6560941507182529,2.988070137740036
2013-08-21,-0.01715544271066738,1.0,-0.01715544271066738,-0.01715544271066738,0.644838565102802,2.9368084716765805
2013-08-22,0.0023522065070948894,1.0,0.0023522065070948894,0.0023522065070948894,0.6463553585716626,2.9437164516737497
2013-08-23,0.005434197299505561,1.0,0.005434197299505561,0.005434197299505561,0.6498677811157336,2.9597131876659453
2013-08-26,-0.010441342155830924,1.0,-0.010441342155830924,-0.010441342155830924,0.6430822892570536,2.9288098095904003
2013-08-27,0.0065789817201789,1.0,0.0065789817201789,0.0065789817201789,0.6473131158826465,2.948078395789576
2013-08-28,0.00808214139238439,1.0,0.00808214139238439,0.00808214139238439,0.652544792010355,2.971905182220181
2013-08-29,-0.006413848878658368,1.0,-0.006413848878658368,-0.006413848878658368,0.648359468327845,2.9528438314997194
2013-08-30,-0.0024828504775440408,1.0,-0.0024828504775440408,-0.0024828504775440408,0.646749688712287,2.9455123617825674
2013-09-03,-0.0073418208687563435,1.0,-0.0073418208687563435,-0.0073418208687563435,0.6420013683508374,2.923886937655652
2013-09-04,0.004137067371294156,1.0,0.004137067371294156,0.004137067371294156,0.6446573712641679,2.9359832549027804
2013-09-05,-0.0017478559815820027,1.0,-0.0017478559815820027,-0.0017478559815820027,0.6435306030217329,2.930851579008874
2013-09-06,0.000625403712847028,1.0,0.000625403712847028,0.000625403712847028,0.6439330694501934,2.9326845444681897
2013-09-09,0.002749615208302192,1.0,0.002749615208302192,0.002749615208302192,0.6457036376110823,2.9407482984928124
2013-09-10,0.004736512333773035,1.0,0.004736512333773035,0.004736512333773035,0.6487620208545893,2.9546771890791454
2013-09-11,-0.012405355021603448,1.0,-0.012405355021603448,-0.012405355021603448,0.6407138976613552,2.918023369574385
2013-09-12,-0.00427122615299258,1.0,-0.00427122615299258,-0.00427122615299258,0.6379772637050782,2.9055598318432154
2013-09-13,-0.0006303077839940885,1.0,-0.0006303077839940885,-0.0006303077839940885,0.6375751416697537,2.903728434864344
2013-09-16,-0.0006316506039707459,1.0,-0.0006316506039707459,-0.0006316506039707459,0.6371724169464412,2.901894293044695
2013-09-17,-0.0021471452562007443,1.0,-0.0021471452562007443,-0.0021471452562007443,0.6358043152140127,2.8956635044793884
2013-09-18,0.04493648568094244,1.0,0.04493648568094244,0.04493648568094244,0.6643751267205086,3.025784446085254
2013-09-19,0.0018175400978179823,0.0,0.0,-0.001,0.6637107515937881,3.031283930643368
2013-09-20,-0.02430503026421904,-1.0,0.02430503026421904,0.02330503026421904,0.6791785507463689,2.95760848296964
2013-09-23,0.006568748729302243,-1.0,-0.006568748729302243,-0.006568748729302243,0.6747171975041844,2.97703626993392
2013-09-24,0.0,-1.0,-0.0,-0.0,0.6747171975041844,2.97703626993392
2013-09-25,-0.01095795738600669,-1.0,0.01095795738600669,0.01095795738600669,0.6821107198020412,2.944414033351388
2013-09-26,0.0013693641575773796,-1.0,-0.0013693641575773796,-0.0013693641575773796,0.681176661830845,2.948446008393727
2013-09-27,-0.0045995992681177045,-1.0,0.0045995992681177045,0.0045995992681177045,0.6843098015060609,2.9348843382914347
2013-09-30,0.001123832469799968,-1.0,-0.001123832469799968,-0.001123832469799968,0.683540751931726,2.938182656605914
2013-10-01,-0.0011225708881862362,-1.0,0.0011225708881862362,0.0011225708881862362,0.6843080748807334,2.9348843382914342
2013-10-02,0.004245953037390615,-1.0,-0.004245953037390615,-0.004245953037390615,0.6814025349316827,2.947345719361993
2013-10-03,-0.011938769917019143,-1.0,0.011938769917019143,0.011938769917019143,0.6895376430171057,2.912158036952619
2013-10-04,0.002517538411076048,-1.0,-0.002517538411076048,-0.002517538411076048,0.6878017055149274,2.919489506669771
2013-10-07,-0.003766824491269527,-1.0,0.003766824491269527,0.003766824491269527,0.690392533824398,2.908492302094043
2013-10-08,0.00428475100374448,-1.0,-0.00428475100374448,-0.00428475100374448,0.6874343737221162,2.9209544674048233
2013-10-09,0.003890251911229381,-1.0,-0.003890251911229381,-0.003890251911229381,0.684760080835899,2.932317716104259
2013-10-10,0.01749994082730244,-1.0,-0.01749994082730244,-0.01749994082730244,0.672776819940372,2.983633102622934
2013-10-11,0.004299986430502667,-1.0,-0.004299986430502667,-0.004299986430502667,0.6698838887438716,2.996462684477811
2013-10-14,-0.008440534666649957,-1.0,0.008440534666649957,0.008440534666649957,0.6755380669294445,2.971170937312153
2013-10-15,-0.010486200964050507,-1.0,0.010486200964050507,0.010486200964050507,0.6826218948581328,2.9400146417649515
2013-10-16,0.01620775060218138,-1.0,-0.01620775060218138,-0.01620775060218138,0.6715581294306837,2.9876656658454395
2013-10-17,0.018279724353862825,-1.0,-0.018279724353862825,-0.018279724353862825,0.6592822319370951,3.042279370678594
2013-10-18,0.006506250306517192,-1.0,-0.006506250306517192,-0.006506250306517192,0.654992776713473,3.062073201766583
2013-10-21,0.002992373497386458,-1.0,-0.002992373497386458,-0.002992373497386458,0.653032793687456,3.0712360684626065
2013-10-22,0.014560314060108936,-1.0,-0.014560314060108936,-0.014560314060108936,0.6435244311198164,3.1159542301721563
2013-10-23,0.0009409888317115644,-1.0,-0.0009409888317115644,-0.0009409888317115644,0.6429188818171991,3.118886308302873
2013-10-24,0.0009401670663549133,-1.0,-0.0009401670663549133,-0.0009401670663549133,0.6423144306581768,3.1218185824936446
2013-10-25,0.009158081632419712,-1.0,-0.009158081632419712,-0.009158081632419712,0.636432062668528,3.150408451913726
2013-10-28,-0.009191348412732392,-1.0,0.009191348412732392,0.009191348412732392,0.6422817314975484,3.12145195018977
2013-10-29,0.009628728833557476,-1.0,-0.009628728833557476,-0.009628728833557476,0.6360973748702108,3.1515075645851263
2013-10-30,-0.004651617079424519,-1.0,0.004651617079424519,0.004651617079424519,0.6390562562833341,3.1368479581717663
2013-10-31,-0.009699036665319904,-1.0,0.009699036665319904,0.009699036665319904,0.6452544863442282,3.1064235548119243
2013-11-01,0.040000328194874646,-1.0,-0.040000328194874646,-0.040000328194874646,0.6194440951212439,3.2306815165166904
2013-11-04,-0.0005673011684655949,-1.0,0.0005673011684655949,0.0005673011684655949,0.6197955064802052,3.2288487471174303
2013-11-05,-0.009422010469332331,-1.0,0.009422010469332331,0.009422010469332331,0.6256352262311068,3.1984265004181993
2013-11-06,0.012490940021224084,-1.0,-0.012490940021224084,-0.012490940021224084,0.6178204541450891,3.238377853997217
2013-11-07,-0.015280123385970179,-1.0,0.015280123385970179,0.015280123385970179,0.6272608269148021,3.188895040817746
2013-11-08,0.001379290076925832,-1.0,-0.001379290076925832,-0.001379290076925832,0.6263956522805942,3.193293452103904
2013-11-11,-0.006542388825959922,-1.0,0.006542388825959922,0.006542388825959922,0.6304937761967047,3.172401684704848
2013-11-12,-0.010398272269574349,-1.0,0.010398272269574349,0.010398272269574349,0.63704982214587,3.1394141882388307
2013-11-13,0.005252954361379736,-1.0,-0.005252954361379736,-0.005252954361379736,0.6337034285042127,3.155905387691117
2013-11-14,0.01626061262776446,-1.0,-0.01626061262776446,-0.01626061262776446,0.6233990225324194,3.2072223426902373
2013-11-15,0.012228665611915934,-1.0,-0.012228665611915934,-0.012228665611915934,0.6157756843430752,3.246442392262062
2013-11-18,0.0055319931722905835,-1.0,-0.0055319931722905835,-0.0055319931722905835,0.6123692174616268,3.2644016894102905
2013-11-19,-0.019761550879642154,-1.0,0.019761550879642154,0.019761550879642154,0.6244705829096214,3.1998920493334193
2013-11-20,-0.012256617694318406,-1.0,0.012256617694318406,0.012256617694318406,0.6321244801056928,3.1606721958216504
2013-11-21,0.004174880880077669,-1.0,-0.004174880880077669,-0.004174880880077669,0.6294854356998705,3.173867625740179
2013-11-22,0.0,-1.0,-0.0,-0.0,0.6294854356998705,3.173867625740179
2013-11-25,-0.005659416260270889,-1.0,0.005659416260270889,0.005659416260270889,0.633047955810274,3.155905387691118
2013-11-26,-0.003627344016069012,-1.0,0.003627344016069012,0.003627344016069012,0.635344238524667,3.1444578331677966
2013-11-27,-0.002232352456672637,-1.0,0.002232352456672637,0.002232352456672637,0.6367625507963703,3.137438294999021
2013-11-29,-0.00412062289270354,-1.0,0.00412062289270354,0.00412062289270354,0.6393864091403981,3.1245100949362032
2013-12-02,-0.007802029241687047,-1.0,0.007802029241687047,0.007802029241687047,0.6443749206012489,3.100132575809565
2013-12-03,0.0014293431674539114,0.0,0.0,-0.001,0.6437305456806477,3.1045637291249997
2013-12-04,0.001903975930419799,0.0,0.0,0.0,0.6437305456806477,3.110474743739708
2013-12-05,-0.007362979980722217,0.0,-0.0,-0.0,0.6437305456806477,3.0875723804710105
2013-12-06,0.012441885828095467,1.0,0.012441885828095467,0.011441885828095466,0.6510960370883832,3.1259876035148118
2013-12-09,-0.0061443056652360495,1.0,-0.0061443056652360495,-0.0061443056652360495,0.6470955040190882,3.106780580173078
2013-12-10,-0.015099583707400943,1.0,-0.015099583707400943,-0.015099583707400943,0.6373246312894691,3.059869486742227
2013-12-11,-0.005311147444283404,1.0,-0.005311147444283404,-0.005311147444283404,0.6339397062028173,3.0436180687378753
2013-12-12,0.004369325325126017,1.0,0.004369325325126017,0.004369325325126017,0.6367095950157322,3.0569166262456227
2013-12-13,-0.0006043586166415427,1.0,-0.0006043586166415427,-0.0006043586166415427,0.6363247940856861,3.0550691523421962
2013-12-16,0.0018134663319879785,1.0,0.0018134663319879785,0.0018134663319879785,0.6374787476759697,3.0606094173918637
2013-12-17,-0.002775619162169063,1.0,-0.002775619162169063,-0.002775619162169063,0.6357093494484447,3.052114331245036
2013-12-18,0.012707067828713559,1.0,0.012707067828713559,0.012707067828713559,0.6437873512712334,3.090897755073155
2013-12-19,0.0005977777687564689,1.0,0.0005977777687564689,0.0005977777687564689,0.64417219303763,3.0927454250366373
2013-12-20,0.013017925155060617,1.0,0.013017925155060617,0.013017925155060617,0.6525579784335651,3.1330065535034204
2013-12-23,-0.0014148460018131859,1.0,-0.0014148460018131859,-0.0014148460018131859,0.6516347093868271,3.1285738317075418
2013-12-24,0.0003539463197290704,1.0,0.0003539463197290704,0.0003539463197290704,0.6518653530940223,3.1296811789012753
2013-12-26,-0.0016522718032534467,1.0,-0.0016522718032534467,-0.0016522718032534467,0.6507882943515871,3.1245100949362037
2013-12-27,0.0013005996613433268,1.0,0.0013005996613433268,0.0013005996613433268,0.651634709386827,3.1285738317075413
2013-12-30,0.004132110213168616,1.0,0.004132110213168616,0.004132110213168616,0.6543273358247395,3.141501443590192
2013-12-31,0.006701986792991388,0.0,0.0,-0.001,0.6536730084889147,3.1625557447752968
2014-01-02,-0.016001008273371475,-1.0,0.016001008273371475,0.015001008273371474,0.6634787626973366,3.111951664138149
2014-01-03,0.0013054702802171025,-1.0,-0.0013054702802171025,-0.0013054702802171025,0.66261261089108,3.1160142245491533
2014-01-06,0.00047429202571525053,-1.0,-0.00047429202571525053,-0.00047429202571525053,0.662298339013596,3.1174921252478724
2014-01-07,0.007345965900872331,-1.0,-0.007345965900872331,-0.007345965900872331,0.6574331179989977,3.1403931160961815
2014-01-08,0.003175837736536513,-1.0,-0.003175837736536513,-0.003175837736536513,0.6553452170936076,3.150366495061839
2014-01-09,0.0085589239733328,-1.0,-0.0085589239733328,-0.0085589239733328,0.6497361672042161,3.1773302423812084
2014-01-10,0.014298987227061577,-1.0,-0.014298987227061577,-0.014298987227061577,0.6404455980484031,3.2227628469331737
2014-01-13,-0.006532997364401272,-1.0,0.006532997364401272,0.006532997364401272,0.6446296274524956,3.201708545748069
2014-01-14,0.0004613525676653296,-1.0,-0.0004613525676653296,-0.0004613525676653296,0.6443322259186772,3.203185662206566
2014-01-15,0.0009231365489235088,-1.0,-0.0009231365489235088,-0.0009231365489235088,0.6437374192912825,3.2061426399643365
2014-01-16,0.00864014001220581,-1.0,-0.00864014001220581,-0.00864014001220581,0.6381754378575097,3.2338441612727316
2014-01-17,0.0012564453908538997,-1.0,-0.0012564453908538997,-0.0012564453908538997,0.6373736052700575,3.2379073098639024
2014-01-21,0.01585667466450702,-1.0,-0.01585667466450702,-0.01585667466450702,0.6272669793715463,3.2892497526702433
2014-01-22,-0.0021338464562794535,-1.0,0.0021338464562794535,0.0021338464562794535,0.6286054707926194,3.28223099874169
2014-01-23,-0.0006748722160102583,-1.0,0.0006748722160102583,0.0006748722160102583,0.6290296991596893,3.2800159122341115
2014-01-24,-0.019594792455000065,-1.0,0.019594792455000065,0.019594792455000065,0.6413554055627545,3.2157446811847863
2014-01-27,-0.0019524034963160908,-1.0,0.0019524034963160908,0.0019524034963160908,0.6426075900989564,3.209466250025981
2014-01-28,0.021751685358390116,-1.0,-0.021751685358390116,-0.021751685358390116,0.6286297919902106,3.2792775500649185
2014-01-29,-0.00011269958064397123,-1.0,0.00011269958064397123,0.00011269958064397123,0.6287006383041482,3.278907976860211
2014-01-30,0.024670416726909394,-1.0,-0.024670416726909394,-0.024670416726909394,0.613190331560711,3.35980000305854
2014-01-31,0.010663851014431902,-1.0,-0.010663851014431902,-0.010663851014431902,0.6066513612214575,3.395628409729444
2014-02-03,-0.007723047915022985,-1.0,0.007723047915022985,0.007723047915022985,0.6113365587518848,3.36940380881949
2014-02-04,-0.011839002139585664,-1.0,0.011839002139585664,0.011839002139585664,0.6185741735789552,3.329513429917748
2014-02-05,-0.008653577205659402,-1.0,0.008653577205659402,0.008653577205659402,0.6239270529474477,3.300701228394675
2014-02-06,0.004700046105904354,-1.0,-0.004700046105904354,-0.004700046105904354,0.6209945670318736,3.316214676349945
2014-02-07,0.009244732852950355,-1.0,-0.009244732852950355,-0.009244732852950355,0.6152536381565303,3.3468721951158336
2014-02-10,0.008056519002676454,-1.0,-0.008056519002676454,-0.008056519002676454,0.6102968355292564,3.3738363345553135
2014-02-11,0.007006552349702488,-1.0,-0.007006552349702488,-0.007006552349702488,0.6060207588022629,3.3974752954527037
2014-02-12,0.0023917480939765756,-1.0,-0.0023917480939765756,-0.0023917480939765756,0.6045713098074874,3.405601200514935
2014-02-13,0.007050007616495213,-1.0,-0.007050007616495213,-0.007050007616495213,0.6003090774686302,3.429610714917311
2014-02-14,0.00452349883556824,-1.0,-0.00452349883556824,-0.00452349883556824,0.5975935800557197,3.4451245549926917
2014-02-18,0.0008578526640041773,-1.0,-0.0008578526640041773,-0.0008578526640041773,0.5970809328110771,3.4480799642700184
2014-02-19,-0.009748757822319098,-1.0,0.009748757822319098,0.009748757822319098,0.6029017302253767,3.4144654677463593
2014-02-20,0.0001081800791782328,-1.0,-0.0001081800791782328,-0.0001081800791782328,0.6028365082684642,3.4148348448910113
2014-02-21,0.001190311466364724,-1.0,-0.001190311466364724,-0.001190311466364724,0.602118945060329,3.418899561962627
2014-02-24,-0.008427102569316669,-1.0,0.008427102569316669,0.008427102569316669,0.6071930631692812,3.3900881446797757
2014-02-25,-0.0015252960053946385,-1.0,0.0015252960053946385,0.0015252960053946385,0.6081192123230367,3.38491725677476
2014-02-26,-0.005004663852754776,-1.0,0.005004663852754776,0.005004663852754776,0.6111626445631155,3.3679768837352135
2014-02-27,0.0013266743864872588,-1.0,-0.0013266743864872588,-0.0013266743864872588,0.6103518307365958,3.372445092401146
2014-02-28,0.008942576984401374,-1.0,-0.008942576984401374,-0.008942576984401374,0.6048937125026635,3.40260344226561
2014-03-03,-0.012146192223247088,-1.0,0.012146192223247088,0.012146192223247088,0.6122408678093545,3.36127476679637
2014-03-04,0.015285601327289733,-1.0,-0.015285601327289733,-0.015285601327289733,0.6028823979877468,3.412653872833098
2014-03-05,-0.0110191985989333,-1.0,0.0110191985989333,0.0110191985989333,0.6095256788629749,3.3750491620589314
2014-03-06,0.0009932402963013232,-1.0,-0.0009932402963013232,-0.0009932402963013232,0.6089202733970978,3.378401396888686
2014-03-07,0.011681423201351127,-1.0,-0.011681423201351127,-0.011681423201351127,0.6018072179876638,3.4178659333497787
2014-03-10,-0.006753839755632374,-1.0,0.006753839755632374,0.006753839755632374,0.6058717275017353,3.3947822145296995
2014-03-11,-0.0024128195810664277,-1.0,0.0024128195810664277,0.0024128195810664277,0.6073335866694661,3.386591217529026
2014-03-12,0.01352323484994189,-1.0,-0.01352323484994189,-0.01352323484994189,0.5991204719446774,3.432388885904422
2014-03-13,0.01724641773973401,-1.0,-0.01724641773973401,-0.01724641773973401,0.588787790009093,3.49158529847595
2014-03-14,0.005118943189400094,-1.0,-0.005118943189400094,-0.005118943189400094,0.585773818761424,3.509458525259793
2014-03-17,0.0058347759844237235,-1.0,-0.0058347759844237235,-0.0058347759844237235,0.5823559597514106,3.5299354295813097
2014-03-18,-0.0035862428418719228,-1.0,0.0035862428418719228,0.0035862428418719228,0.5844444296434905,3.5172762239147035
2014-03-19,-0.012384760356726532,-1.0,0.012384760356726532,0.012384760356726532,0.5916826338464488,3.473715600773108
2014-03-20,0.002572130213950974,-1.0,-0.002572130213950974,-0.002572130213950974,0.5901607490668622,3.482650449624529
2014-03-21,0.011011428020047287,-1.0,-0.011011428020047287,-0.011011428020047287,0.5836622364582553,3.520999404369555
2014-03-24,-0.005181643741946851,-1.0,0.005181643741946851,0.005181643741946851,0.5866865662332099,3.502754839840505
2014-03-25,0.005208633022652842,-1.0,-0.005208633022652842,-0.005208633022652842,0.5836307312103808,3.5209994043695554
2014-03-26,-0.007296598098534557,-1.0,0.007296598098534557,0.007296598098534557,0.5878892500939767,3.495308086810691
2014-03-27,0.0077758585467526675,-1.0,-0.0077758585467526675,-0.0077758585467526675,0.5833179064440894,3.5224871080710516
2014-03-28,0.0011630620056317653,-1.0,-0.0011630620056317653,-0.0011630620056317653,0.5826394715498996,3.5265839789917766
2014-03-31,0.009501500617325576,-1.0,-0.009501500617325576,-0.009501500617325576,0.57710352225129,3.5600918188452173
2014-04-01,-0.007948267914663187,-1.0,0.007948267914663187,0.007948267914663187,0.581690495660639,3.531795255268235
2014-04-02,-0.008643907430307518,-1.0,0.008643907430307518,0.008643907430307518,0.5867185744582193,3.501266744018897
2014-04-03,0.005954709489804477,-1.0,-0.005954709489804477,-0.005954709489804477,0.5832248357950484,3.522115770325843
2014-04-04,0.004333998312447074,-1.0,-0.004333998312447074,-0.004333998312447074,0.5806971403409354,3.5373806141306785
2014-04-07,-0.011683079548696962,-1.0,0.011683079548696962,0.011683079548696962,0.5874814712252395,3.496053115021771
2014-04-08,0.027689360796727458,-1.0,-0.027689360796727458,-0.027689360796727458,0.5712144848070916,3.5928565910881316
2014-04-09,-0.0007254457038214923,-1.0,0.0007254457038214923,0.0007254457038214923,0.5716288699010555,3.59025016870968
2014-04-10,-0.006844694995498002,-1.0,0.006844694995498002,0.006844694995498002,0.5755414951661495,3.565676001347327
2014-04-11,-0.006473428974172912,-1.0,0.006473428974172912,0.006473428974172912,0.5792672221567968,3.542593851007692
2014-04-14,0.01008958918523195,-1.0,-0.01008958918523195,-0.01008958918523195,0.5734226538567643,3.5783371676144884
2014-04-15,0.011756796665211011,-1.0,-0.011756796665211011,-0.011756796665211011,0.5666810403121446,3.620406950093699
2014-04-16,0.006890573853099102,-1.0,-0.006890573853099102,-0.006890573853099102,0.5627762827527227,3.645353631561593
2014-04-17,-0.01348192221973743,-1.0,0.01348192221973743,0.01348192221973743,0.5703635888239079,3.596207257437442
2014-04-21,0.0009316132217549455,-1.0,-0.0009316132217549455,-0.0009316132217549455,0.569832230563352,3.599557531666642
2014-04-22,-0.003413498346139132,-1.0,0.003413498346139132,0.003413498346139132,0.5717773519399567,3.5872704479854653
2014-04-23,0.0012452454785247813,-1.0,-0.0012452454785247813,-0.0012452454785247813,0.5710653487777306,3.591737480291065
2014-04-24,0.0022809477379883702,-1.0,-0.0022809477379883702,-0.0022809477379883702,0.5697627785621925,3.599930045772183
2014-04-25,0.010135630446626909,-1.0,-0.010135630446626909,-0.010135630446626909,0.5639878735964428,3.6364176063498386
2014-04-28,-0.00409554554831959,-1.0,0.00409554554831959,0.00409554554831959,0.5662977116214569,3.6215244924103214
2014-04-29,0.00719638128044342,-1.0,-0.00719638128044342,-0.00719638128044342,0.5622224173703864,3.6475863634741703
2014-04-30,0.019189618990827606,-1.0,-0.019189618990827606,-0.019189618990827606,0.5514335833929466,3.717582156025378
2014-05-01,0.0012020180317471318,-1.0,-0.0012020180317471318,-0.0012020180317471318,0.5507707502823973,3.722050756811422
2014-05-02,-0.019806641699287586,-1.0,0.019806641699287586,0.019806641699287586,0.5616796691916884,3.648329431084696
2014-05-05,-0.00040809912864336884,-1.0,0.00040809912864336884,0.00040809912864336884,0.5619088901752622,3.646840551022866
2014-05-06,-0.0009185710376476974,-1.0,0.0009185710376476974,0.0009185710376476974,0.562425043407574,3.643490668913777
2014-05-07,0.014306097911141125,-1.0,-0.014306097911141125,-0.014306097911141125,0.5543789356689075,3.6956148031615865
2014-05-08,-0.007757275270589448,-1.0,0.007757275270589448,0.007757275270589448,0.5586794056771076,3.6669469018393968
2014-05-09,-0.01594060304818723,-1.0,0.01594060304818723,0.01594060304818723,0.5675850923142035,3.608493556878395
2014-05-12,-0.0114528399337529,-1.0,0.0114528399337529,0.0114528399337529,0.5740855535252625,3.567166057769488
2014-05-13,0.002818362634528837,-1.0,-0.002818362634528837,-0.002818362634528837,0.572467572252184,3.5772196252978654
2014-05-14,0.005516200406346039,-1.0,-0.005516200406346039,-0.005516200406346039,0.5693097263975067,3.5969522856485225
2014-05-15,-0.00351942551951967,-1.0,0.00351942551951967,0.00351942551951967,0.5713133695771008,3.5842930799819164
2014-05-16,0.0034275978349387337,-1.0,-0.0034275978349387337,-0.0034275978349387337,0.5693551371084667,3.596578595182648
2014-05-19,-0.019668376010601674,-1.0,0.019668376010601674,0.019668376010601674,0.5805534280286837,3.5258397350209143
2014-05-20,0.017212364155790194,0.0,0.0,-0.001,0.579972874600655,3.586527772495049
2014-05-21,-0.0005193241613762334,0.0,-0.0,-0.0,0.579972874600655,3.5846652019673453
2014-05-22,0.00373899841748071,0.0,0.0,0.0,0.579972874600655,3.5980682594846995
2014-05-23,-0.0018625896829684851,0.0,-0.0,-0.0,0.579972874600655,3.591366534665967
2014-05-27,0.0007256375068336318,0.0,0.0,0.0,0.579972874600655,3.5939725649243077
2014-05-28,0.008598668330735082,0.0,0.0,0.0,0.579972874600655,3.624875942999853
2014-05-29,-0.0008796772064948444,0.0,-0.0,-0.0,0.579972874600655,3.6216872222564245
2014-05-30,0.008389518250425887,0.0,0.0,0.0,0.579972874600655,3.652071433304879
2014-06-02,-0.0018493276807011183,0.0,-0.0,-0.0,0.579972874600655,3.6453175565113702
2014-06-03,-0.0002055627584391928,0.0,-0.0,-0.0,0.579972874600655,3.644568214979067
2014-06-04,0.0016469919909796182,0.0,0.0,0.0,0.579972874600655,3.6505707896397164
2014-06-05,0.004623715926867833,0.0,0.0,0.0,0.579972874600655,3.667449991941932
2014-06-06,-0.003375219210693947,0.0,-0.0,-0.0,0.579972874600655,3.6550715442748705
2014-06-09,-0.01087873308740217,0.0,-0.0,-0.0,0.579972874600655,3.6153089965293455
2014-06-10,-0.0062253373192036054,0.0,-0.0,-0.0,0.579972874600655,3.592802478512799
2014-06-11,-0.009187225545852384,0.0,-0.0,-0.0,0.579972874600655,3.5597945918010043
2014-06-12,0.007586860442458265,0.0,0.0,0.0,0.579972874600655,3.5868022565728164
2014-06-13,0.012131467947087193,0.0,0.0,0.0,0.579972874600655,3.6303154331809697
2014-06-16,0.003926045011909407,0.0,0.0,0.0,0.579972874600655,3.6445682149790675
2014-06-17,0.006072180166377672,0.0,0.0,0.0,0.579972874600655,3.6666986898090737
2014-06-18,0.019846843499885303,0.0,0.0,0.0,0.579972874600655,3.739471084866949
2014-06-19,0.004714915097658423,-1.0,-0.004714915097658423,-0.005714915097658423,0.5766583788633675,3.7571023735422453
2014-06-20,-0.001697331808590885,-1.0,0.001697331808590885,0.001697331808590885,0.5776371594725027,3.7507253241755
2014-06-23,-0.0036002210502479315,-1.0,0.0036002210502479315,0.0036002210502479315,0.579716780933441,3.7372218839097053
2014-06-24,0.011040615754654093,-1.0,-0.011040615754654093,-0.011040615754654093,0.57331635070863,3.7784831147198368
2014-06-25,0.010125949106660537,-1.0,-0.010125949106660537,-0.010125949106660537,0.5675109785193381,3.816743842439866
2014-06-26,-0.0034397313473347735,-1.0,0.0034397313473347735,0.0034397313473347735,0.5694630638221078,3.8036152690002787
2014-06-27,0.001972345107198681,-1.0,-0.001972345107198681,-0.001972345107198681,0.5683398861344479,3.8111173109657575
2014-06-30,0.008661770546317227,-1.0,-0.008661770546317227,-0.008661770546317227,0.5634170564484312,3.8441283346384405
2014-07-01,-0.010051159561648038,-1.0,0.010051159561648038,0.010051159561648038,0.5690800511825486,3.8054903873715373
2014-07-02,-0.017249825088537674,-1.0,0.017249825088537674,0.017249825088537674,0.5788965825268235,3.7398463438132667
2014-07-03,-0.014844662680018272,-1.0,0.014844662680018272,0.014844662680018272,0.5874901070210495,3.6843295863642593
2014-07-07,0.0026473189802256325,-1.0,-0.0026473189802256325,-0.0026473189802256325,0.5859348333100379,3.6940831820076485
2014-07-08,0.004264820537969394,-1.0,-0.004264820537969394,-0.004264820537969394,0.5834359263990256,3.709837783831242
2014-07-09,-0.0007074325230608247,-1.0,0.0007074325230608247,0.0007074325230608247,0.5838486679484823,3.7072133239276797
2014-07-10,0.0056663225544408835,-1.0,-0.0056663225544408835,-0.0056663225544408835,0.5805403930729056,3.7282195903991746
2014-07-11,-0.004225981244342147,-1.0,0.004225981244342147,0.004225981244342147,0.5829937458856147,3.7124642043353586
2014-07-14,-0.015661190592702212,-1.0,0.015661190592702212,0.015661190592702212,0.5921241220542827,3.654322594862678
2014-07-15,0.00923804504068726,-1.0,-0.00923804504068726,-0.00923804504068726,0.5866540527450678,3.6880813915872204
2014-07-16,0.004068475333924626,-1.0,-0.004068475333924626,-0.004068475333924626,0.5842672652019275,3.7030862597583996
2014-07-17,-0.01154794888262134,-1.0,0.01154794888262134,0.01154794888262134,0.5910143537142684,3.660323208922772
2014-07-18,0.012297343492275514,-1.0,-0.012297343492275514,-0.012297343492275514,0.5837464471977788,3.7053354607156432
2014-07-21,-0.0010122238330085853,-1.0,0.0010122238330085853,0.0010122238330085853,0.5843373292640665,3.701584831853015
2014-07-22,-0.0033440940109064066,-1.0,0.0033440940109064066,0.0033440940109064066,0.5862914082272075,3.6892063841859533
2014-07-23,0.0014237340883500593,-1.0,-0.0014237340883500593,-0.0014237340883500593,0.5854566851636076,3.6944588330740773
2014-07-24,0.002335234218090898,-1.0,-0.002335234218090898,-0.002335234218090898,0.5840895066792035,3.7030862597584
2014-07-25,-0.0027354585120007435,-1.0,0.0027354585120007435,0.0027354585120007435,0.5856872592920194,3.692956620928471
2014-07-28,0.011478115873119421,-1.0,-0.011478115873119421,-0.011478115873119421,0.5789646730644559,3.7353448049378914
2014-07-29,-0.01184985715968323,-1.0,0.01184985715968323,0.01184985715968323,0.5858253217407724,3.691081502557213
2014-07-30,-0.020934778405505505,-1.0,0.020934778405505505,0.020934778405505505,0.5980894450357493,3.6138095292245174
2014-07-31,-0.025430774348915053,0.0,-0.0,-0.001,0.5974913555907136,3.52190755454685
2014-08-01,-0.0007457380591170404,1.0,-0.0007457380591170404,-0.0017457380591170404,0.5964482921912655,3.5192811340427324
2014-08-04,0.0024516969789887266,1.0,0.0024516969789887266,0.0024516969789887266,0.5979106026673539,3.527909344967277
2014-08-05,-0.015523487131060887,1.0,-0.015523487131060887,-0.015523487131060887,0.5886289451213224,3.473143889651128
2014-08-06,-0.002592424119773118,1.0,-0.002592424119773118,-0.002592424119773118,0.5871029692463933,3.464140027660154
2014-08-07,0.017542024713661508,1.0,0.017542024713661508,0.017542024713661508,0.5974019440423776,3.5249080576369525
2014-08-08,0.01574995678223079,1.0,0.01574995678223079,0.01574995678223079,0.6068109988426656,3.5804252072060714
2014-08-11,-0.005867084878446227,1.0,-0.005867084878446227,-0.005867084878446227,0.603250787207281,3.559418548614465
2014-08-12,0.00010564736386142748,1.0,0.00010564736386142748,0.00010564736386142748,0.6033145190626967,3.5597945918010057
2014-08-13,0.00895638590678649,1.0,0.00895638590678649,0.00895638590678649,0.6087180367185895,3.591677485914067
2014-08-14,0.004595488292329586,1.0,0.004595488292329586,0.004595488292329586,0.6115153933296597,3.6081829977504087
2014-08-15,0.001974954924232275,1.0,0.001974954924232275,0.001974954924232275,0.6127231086669599,3.6153089965293472
2014-08-18,-0.0024896143147725702,1.0,-0.0024896143147725702,-0.0024896143147725702,0.6111976644446306,3.6063082714992616
2014-08-19,0.012273636863011417,1.0,0.012273636863011417,0.012273636863011417,0.6186992826295448,3.6505707896397177
2014-08-20,0.0043155469682145675,1.0,0.0043155469682145675,0.0043155469682145675,0.6213693084429333,3.6663249993432
2014-08-21,0.0027623514639831814,1.0,0.0027623514639831814,0.0027623514639831814,0.6230857488617848,3.676452677572574
2014-08-22,-0.003774811262103328,1.0,-0.003774811262103328,-0.003774811262103328,0.6207337177597253,3.662574762600683
2014-08-25,0.005427688050275048,1.0,0.005427688050275048,0.005427688050275048,0.6241028667420125,3.6824540758728896
2014-08-26,-0.014770414405581134,1.0,-0.014770414405581134,-0.014770414405581134,0.6148846087685218,3.6280627031427257
2014-08-27,0.009323715820724665,1.0,0.009323715820724665,0.009323715820724665,0.6206176181232169,3.6618897287665986
2014-08-28,0.00660531333396297,1.0,0.00660531333396297,0.00660531333396297,0.6247169919514985,3.6860776578195225
2014-08-29,0.009433023923822725,0.0,0.0,-0.001,0.624092274959547,3.7208485165508023
2014-09-02,-0.012392279819703811,-1.0,0.012392279819703811,0.01139227981970381,0.6312021087892016,3.674738720566975
2014-09-03,0.003805596181257531,-1.0,-0.003805596181257531,-0.003805596181257531,0.6288000084543917,3.688723292209084
2014-09-04,-0.003791168524797106,-1.0,0.003791168524797106,0.003791168524797106,0.6311838952548361,3.674738720566975
2014-09-05,0.007096651514993058,-1.0,-0.007096651514993058,-0.007096651514993058,0.6267046031083366,3.70081706067549
2014-09-08,-0.006944291398317981,-1.0,0.006944291398317981,0.006944291398317981,0.6310566224929881,3.675117508594293
2014-09-09,-0.01583687812805812,-1.0,0.01583687812805812,0.01583687812805812,0.6410505893153134,3.616915120504393
2014-09-10,-0.0008361883859905328,-1.0,0.0008361883859905328,0.0008361883859905328,0.6415866283729312,3.6138906980875136
2014-09-11,0.005542797341879124,-1.0,-0.005542797341879124,-0.005542797341879124,0.6380304437146006,3.6339217618427146
2014-09-12,-0.02132093801379875,-1.0,0.02132093801379875,0.02132093801379875,0.6516338512559562,3.5564431412114716
2014-09-15,0.0008505167710792794,0.0,0.0,-0.001,0.6509822174047002,3.559467955748462
2014-09-16,0.01008648422130598,0.0,0.0,0.0,0.6509822174047002,3.595370473120363
2014-09-17,0.0016822891434602472,0.0,0.0,0.0,0.6509822174047002,3.6014189258340106
2014-09-18,-0.007451048665906956,0.0,-0.0,-0.0,0.6509822174047002,3.574584578151303
2014-09-19,0.005920879065428153,0.0,0.0,0.0,0.6509822174047002,3.5957492611476813
2014-09-22,-0.005465200730205622,0.0,-0.0,-0.0,0.6509822174047002,3.576097769660021
2014-09-23,-0.0007400297196110683,0.0,-0.0,-0.0,0.6509822174047002,3.5734513510302377
2014-09-24,-0.003913134364553206,0.0,-0.0,-0.0,0.6509822174047002,3.5594679557484623
2014-09-25,-0.011043246076505309,0.0,-0.0,-0.0,0.6509822174047002,3.520159875211697
2014-09-26,0.0032211426908177465,1.0,0.0032211426908177465,0.0022211426908177465,0.6524281417987411,3.531498812464245
2014-09-29,0.0017124934183980756,1.0,0.0017124934183980756,0.0017124934183980756,0.6535454206975492,3.5375464809376704
2014-09-30,0.0029912690547087006,1.0,0.0029912690547087006,0.0029912690547087006,0.6555003508903283,3.548128234255693
2014-10-01,0.004367538535073212,1.0,0.004367538535073212,0.004367538535073212,0.6583632739325959,3.5636248210461856
2014-10-02,-0.005515127207627146,1.0,-0.005515127207627146,-0.005515127207627146,0.6547323167280277,3.5439709768378584
2014-10-03,0.0049059673004112625,1.0,0.0049059673004112625,0.0049059673004112625,0.6579444120644179,3.5613575825638315
2014-10-06,-0.006048679449827343,1.0,-0.006048679449827343,-0.006048679449827343,0.6539647172200351,3.539816072140691
2014-10-07,-0.00683376799262958,1.0,-0.00683376799262958,-0.00683376799262958,0.6494956740671878,3.5156257903671
2014-10-08,0.024725603818826603,1.0,0.024725603818826603,0.024725603818826603,0.6655548467862148,3.602551760834966
2014-10-09,-0.018149485249747244,1.0,-0.018149485249747244,-0.018149485249747244,0.6534753689115707,3.537167300790241
2014-10-10,0.00042735412258720906,1.0,0.00042735412258720906,0.00042735412258720906,0.6537546343044842,3.538678923818514
2014-10-13,-0.008971378618395254,1.0,-0.008971378618395254,-0.008971378618395254,0.6478895539566082,3.506932095384003
2014-10-14,0.0059279824543259085,1.0,0.0059279824543259085,0.0059279824543259085,0.651730231864804,3.5277211273139515
2014-10-15,-0.016284719489687793,1.0,-0.016284719489687793,-0.016284719489687793,0.6411169878559365,3.4702731783177985
2014-10-16,0.016881080349368416,1.0,0.016881080349368416,0.016881080349368416,0.6519397352412777,3.5288551386752394
2014-10-17,0.009424380938157784,1.0,0.009424380938157784,0.009424380938157784,0.6580838636549132,3.5621124137776903
2014-10-20,0.00933661139217179,1.0,0.00933661139217179,0.00933661139217179,0.6642281369533181,3.5953704731203637
2014-10-21,0.004100095822317185,1.0,0.004100095822317185,0.004100095822317185,0.6669515359627058,3.610111836576887
2014-10-22,0.010573663726472393,0.0,0.0,-0.001,0.6662845844267431,3.648283945151809
2014-10-23,0.013156604968445729,-1.0,-0.013156604968445729,-0.01415660496844573,0.6568522567684487,3.696282975830894
2014-10-24,0.005725936876253446,-1.0,-0.005725936876253446,-0.005725936876253446,0.653091162209168,3.717447658827272
2014-10-27,-0.0027452486081781524,-1.0,0.0027452486081781524,0.0027452486081781524,0.654884059813236,3.707242340815901
2014-10-28,0.010602733936131425,-1.0,-0.010602733936131425,-0.010602733936131425,0.6479404983680227,3.7465492449923334
2014-10-29,-0.00534674621511988,-1.0,0.00534674621511988,0.00534674621511988,0.6514048717752947,3.7265173969969103
2014-10-30,0.01328603852681809,-1.0,-0.01328603852681809,-0.01328603852681809,0.6427502815523312,3.776028050704269
2014-10-31,0.003103499625224826,-1.0,-0.003103499625224826,-0.003103499625224826,0.6407555062944204,3.787746952344468
2014-11-03,0.005886439067213534,-1.0,-0.005886439067213534,-0.005886439067213534,0.6369837380496367,3.8100432939814675
2014-11-04,0.0014879811405748011,-1.0,-0.0014879811405748011,-0.0014879811405748011,0.636035918260566,3.815712566547685
2014-11-05,0.038827439664601116,-1.0,-0.038827439664601116,-0.038827439664601116,0.6113402720197848,3.9638669160027757
2014-11-06,-0.008867712197125566,-1.0,0.008867712197125566,0.008867712197125566,0.6167614616065688,3.9287164850039553
2014-11-07,0.007504117608192029,-1.0,-0.007504117608192029,-0.007504117608192029,0.6121332110624726,3.9581980355566677
2014-11-10,0.008402323239998344,-1.0,-0.008402323239998344,-0.008402323239998344,0.6069898699571876,3.991456094899341
2014-11-11,-0.007669586322731514,-1.0,0.007669586322731514,0.007669586322731514,0.6116452311618479,3.960843277826118
2014-11-12,-0.01631713862365647,-1.0,0.01631713862365647,0.01631713862365647,0.6216255311872142,3.8962136489952512
2014-11-13,-0.00795428790424102,-1.0,0.00795428790424102,0.00795428790424102,0.6265701196309041,3.8652220438947094
2014-11-14,-0.004106321850741224,-1.0,0.004106321850741224,0.004106321850741224,0.6291430182041662,3.849350198157898
2014-11-17,0.01335256845866617,-1.0,-0.01335256845866617,-0.01335256845866617,0.6207423429833032,3.9007489102001816
2014-11-18,0.0012599717607095773,-1.0,-0.0012599717607095773,-0.0012599717607095773,0.6199602251604676,3.9056637436726525
2014-11-19,0.0035801861295197135,-1.0,-0.0035801861295197135,-0.0035801861295197135,0.6177406521614941,3.9196467468343172
2014-11-20,-0.006267384391172692,-1.0,0.006267384391172692,0.006267384391172692,0.6216122702826439,3.895080813994297
2014-11-21,0.006597850259936422,-1.0,-0.006597850259936422,-0.006597850259936422,0.6175109656035799,3.9207799739553826
2014-11-24,-0.005012338325136145,-1.0,0.005012338325136145,0.005012338325136145,0.6206061394826665,3.9011276982274996
2014-11-25,0.003463530505362966,-1.0,-0.003463530505362966,-0.003463530505362966,0.6184566511867527,3.914639373015627
2014-11-26,0.00340309473873579,-1.0,-0.00340309473873579,-0.00340309473873579,0.616351984610963,3.9279612616699846
2014-11-28,0.011530920692725655,-1.0,-0.011530920692725655,-0.011530920692725655,0.6092448787576099,3.9732542714624
2014-12-01,0.004023390298465879,-1.0,-0.004023390298465879,-0.004023390298465879,0.6067936488230266,3.9892402241515397
2014-12-02,0.0028624322210728526,-1.0,-0.0028624322210728526,-0.0028624322210728526,0.6050567431310931,4.000659153906751
2014-12-03,-0.006850091794895818,-1.0,0.006850091794895818,0.006850091794895818,0.6092014373626617,3.9732542714623995
2014-12-04,-0.008621649329480952,-1.0,0.008621649329480952,0.008621649329480952,0.6144537585266184,3.9389982664369882
2014-12-05,-0.005411240004989382,-1.0,0.005411240004989382,0.005411240004989382,0.6177787152859737,3.9176834014380604
2014-12-08,0.0071894496552857845,-1.0,-0.0071894496552857845,-0.0071894496552857845,0.6133372263143181,3.945849389018048
2014-12-09,0.008874118180528967,-1.0,-0.008874118180528967,-0.008874118180528967,0.607894399283487,3.980865322818762
2014-12-10,-0.030117439070589724,-1.0,0.030117439070589724,0.030117439070589724,0.6262026218152602,3.8609718540105447
2014-12-11,0.01025278170165933,-1.0,-0.01025278170165933,-0.01025278170165933,0.6197823030327816,3.9005575555859657
2014-12-12,-0.01629619293733786,-1.0,0.01629619293733786,0.01629619293733786,0.6298823950221514,3.8369933170969457
2014-12-15,-0.001487851613397706,0.0,-0.0,-0.001,0.6292525126271292,3.8312844403995068
2014-12-16,0.004172376344723228,1.0,0.004172376344723228,0.0031723763447232276,0.6312487384130453,3.847270000968536
2014-12-17,0.02018181191826951,1.0,0.02018181191826951,0.02018181191826951,0.6439884817253423,3.9249148805268836
2014-12-18,0.02259520008599858,1.0,0.02259520008599858,0.02259520008599858,0.6585395303230048,4.013599117572902
2014-12-19,0.003983044728921081,0.0,0.0,-0.001,0.6578809907926818,4.029585462382153
2014-12-22,0.0006613206990848663,-1.0,-0.0006613206990848663,-0.0016613206990848664,0.6567880394851434,4.032250310657158
2014-12-23,0.003586917771332354,-1.0,-0.003586917771332354,-0.003586917771332354,0.6544321947943156,4.046713660954914
2014-12-24,0.015613143571367116,-1.0,-0.015613143571367116,-0.015613143571367116,0.644214450979267,4.109895582335616
2014-12-26,0.012132084674144616,-1.0,-0.012132084674144616,-0.012132084674144616,0.6363987867116789,4.159757183542404
2014-12-29,0.011071252665936004,-1.0,-0.011071252665936004,-0.011071252665936004,0.6293530549476988,4.205810906350345
2014-12-30,-0.02416299429889901,-1.0,0.02416299429889901,0.02416299429889901,0.6445601092263947,4.104185921397954
2014-12-31,-0.014281544581339456,-1.0,0.014281544581339456,0.014281544581339456,0.6537654231616646,4.045571807191403
2015-01-02,0.0037632394526603274,-1.0,-0.0037632394526603274,-0.0037632394526603274,0.6513051473284375,4.060796262624796
2015-01-05,-0.010591636675199245,-1.0,0.010591636675199245,0.010591636675199245,0.6582035348136274,4.017785783999067
2015-01-06,0.003884226073883834,-1.0,-0.003884226073883834,-0.003884226073883834,0.6556469234817818,4.033391772300557
2015-01-07,0.009153506285610513,-1.0,-0.009153506285610513,-0.009153506285610513,0.64964545524655,4.07031144924064
2015-01-08,0.006078071016863085,-1.0,-0.006078071016863085,-0.006078071016863085,0.6456968640337791,4.095051091289875
2015-01-09,-0.008829630389992293,-1.0,0.008829630389992293,0.008829630389992293,0.6513981286871744,4.058893303725651
2015-01-12,-0.002531699865560788,-1.0,0.002531699865560788,0.002531699865560788,0.6530472732419983,4.0486174040942835
2015-01-13,0.003948012492467345,-1.0,-0.003948012492467345,-0.003948012492467345,0.6504690344490671,4.064601396182868
2015-01-14,0.0061805733425752685,-1.0,-0.0061805733425752685,-0.0061805733425752685,0.6464487628745805,4.089722963220311
2015-01-15,-0.0038157117735374557,-1.0,0.0038157117735374557,0.0038157117735374557,0.6489154250300697,4.074117759159044
2015-01-16,0.011023800444543985,-1.0,-0.011023800444543985,-0.011023800444543985,0.6417619108791518,4.119030020323586
2015-01-20,0.006560895599995176,-1.0,-0.006560895599995176,-0.006560895599995176,0.6375513779818203,4.146054546260175
2015-01-21,0.008813128757650057,-1.0,-0.008813128757650057,-0.008813128757650057,0.6319325555980493,4.182594258812607
2015-01-22,-0.0030940462367864408,-1.0,0.0030940462367864408,0.0030940462367864408,0.6338877841436001,4.169653118786123
2015-01-23,-0.0006391055080813279,-1.0,0.0006391055080813279,0.0006391055080813279,0.6342929053179519,4.166988270511118
2015-01-26,0.0024661196730986212,-1.0,-0.0024661196730986212,-0.0024661196730986212,0.6327286631056405,4.177264562262597
2015-01-27,0.013394226221045358,-1.0,-0.013394226221045358,-0.013394226221045358,0.6242537522554639,4.2332157887946975
2015-01-28,-0.011688529668075653,-1.0,0.011688529668075653,0.011688529668075653,0.6315503607591093,4.183735720456005
2015-01-29,0.015829288011482312,-1.0,-0.015829288011482312,-0.015829288011482312,0.6215533682048978,4.249961278139029
2015-01-30,-0.021672722132761613,-1.0,0.021672722132761613,0.021672722132761613,0.6350241216446847,4.1578530482829255
2015-02-02,0.007597666397353597,-1.0,-0.007597666397353597,-0.007597666397353597,0.6301994202141559,4.189443028672999
2015-02-03,0.0015449152809681177,-1.0,-0.0015449152809681177,-0.0015449152809681177,0.6292258154998098,4.195915363226741
2015-02-04,-0.00725698506072614,-1.0,0.00725698506072614,0.00725698506072614,0.6337920978427153,4.165465668119734
2015-02-05,0.0024671152496207327,-1.0,-0.0024671152496207327,-0.0024671152496207327,0.6322284596930384,4.175742351991324
2015-02-06,-0.03563958820716151,-1.0,0.03563958820716151,0.03563958820716151,0.6547608216493462,4.026920614107149
2015-02-09,-0.01209821989345261,0.0,-0.0,-0.001,0.6541060608276968,3.9782020430242033
2015-02-10,0.031668546999684466,1.0,0.031668546999684466,0.030668546999684465,0.6741665432969696,4.104185921397956
2015-02-11,-0.02568853181842723,1.0,-0.02568853181842723,-0.02568853181842723,0.6568481945985662,3.9987554107673837
2015-02-12,0.002664991269670125,1.0,0.002664991269670125,0.002664991269670125,0.65859868930267,4.009412059026625
2015-02-13,-0.016327987232026997,1.0,-0.016327987232026997,-0.016327987232026997,0.6478450983127062,3.9439464301189027
2015-02-17,-0.0019300048140754589,1.0,-0.0019300048140754589,-0.0019300048140754589,0.6465947541541875,3.9363345945223176
2015-02-18,0.029684834350308442,1.0,0.029684834350308442,0.029684834350308442,0.665788812323033,4.053184034908101
2015-02-19,-0.009953864853663563,1.0,-0.009953864853663563,-0.009953864853663563,0.6591616404640883,4.012839188797599
2015-02-20,0.001612222520908535,1.0,0.001612222520908535,0.001612222520908535,0.6602243557057635,4.019308778510563
2015-02-23,0.003693001832745013,1.0,0.003693001832745013,0.003693001832745013,0.6626625654614078,4.034152093195971
2015-02-24,0.0008492375427340271,1.0,0.0008492375427340271,0.0008492375427340271,0.663225323390162,4.037578046606612
2015-02-25,-0.01452841269253935,1.0,-0.01452841269253935,-0.01452841269253935,0.6535897121838069,3.978918446467174
2015-02-26,-0.002890750180862822,1.0,-0.002890750180862822,-0.002890750180862822,0.6517003476051015,3.9674163872484107
2015-02-27,-0.00019351918291021786,1.0,-0.00019351918291021786,-0.00019351918291021786,0.6515742310863307,3.9666486160708856
2015-03-02,-0.018557811255980883,1.0,-0.018557811255980883,-0.018557811255980883,0.6394824394865697,3.8930362997350443
2015-03-03,0.003939596942962309,1.0,0.003939596942962309,0.003939596942962309,0.6420017425502491,3.908373293640322
2015-03-04,-0.005395450677345814,1.0,-0.005395450677345814,-0.005395450677345814,0.6385378538135492,3.88728585830583
2015-03-05,0.007298425542199505,1.0,0.007298425542199505,0.007298425542199505,0.6431981747954832,3.91565692470392
2015-03-06,-0.033584685386668256,1.0,-0.033584685386668256,-0.033584685386668256,0.6215965664536977,3.78415081880561
2015-03-09,0.002330451855859339,1.0,0.002330451855859339,0.002330451855859339,0.6230451673255855,3.792969600104147
2015-03-10,-0.009501933168675314,1.0,-0.009501933168675314,-0.009501933168675314,0.6171250337845916,3.7569290564531403
2015-03-11,-0.00010197194112093744,1.0,-0.00010197194112093744,-0.00010197194112093744,0.6170621043469823,3.7565459551046003
2015-03-12,0.025924077957514058,1.0,0.025924077957514058,0.025924077957514058,0.6330588704447011,3.853930945295716
2015-03-13,0.0008948516270885776,1.0,0.0008948516270885776,0.0008948516270885776,0.6336253642049614,3.857379641672801
2015-03-16,0.023457290866137237,1.0,0.023457290866137237,0.023457290866137237,0.6484884986732793,3.947863317908636
2015-03-17,0.0030105299019318466,1.0,0.0030105299019318466,0.0030105299019318466,0.6504407926895941,3.95974847847594
2015-03-18,0.03505033765567589,1.0,0.03505033765567589,0.03505033765567589,0.6732389620983898,4.098538999678071
2015-03-19,-0.013283259285509108,0.0,-0.0,-0.001,0.6725657231362915,4.044097043453576
2015-03-20,0.004835062376047361,0.0,0.0,0.0,0.6725657231362915,4.063650504913462
2015-03-23,-0.0023590986637435085,0.0,-0.0,-0.0,0.6725657231362915,4.0540639524374
2015-03-24,-0.008511406317464054,0.0,-0.0,-0.0,0.6725657231362915,4.019558166901222
2015-03-25,-0.013544068706994983,0.0,-0.0,-0.0,0.6725657231362915,3.965116994916949
2015-03-26,-0.0067687922344905616,0.0,-0.0,-0.0,0.6725657231362915,3.9382779417929084
2015-03-27,0.007982834754643564,0.0,0.0,0.0,0.6725657231362915,3.969716563820099
2015-03-30,0.01158970521327829,0.0,0.0,0.0,0.6725657231362915,4.015724408575042
2015-03-31,-0.006587601260299558,0.0,-0.0,-0.0,0.6725657231362915,3.989270417400097
2015-04-01,0.00682384286456128,0.0,0.0,0.0,0.6725657231362915,4.0164925718726785
2015-04-02,-9.567494573858859e-05,0.0,-0.0,-0.0,0.6725657231362915,4.016108294163805
2015-04-06,0.007541469293800507,0.0,0.0,0.0,0.6725657231362915,4.046395651544819
2015-04-07,-0.011843563443792005,0.0,-0.0,-0.0,0.6725657231362915,3.998471907927064
2015-04-08,-0.002397357904862618,0.0,-0.0,-0.0,0.6725657231362915,3.988886139691224
2015-04-09,-0.00028822486415236437,0.0,-0.0,-0.0,0.6725657231362915,3.9877364435254923
2015-04-10,0.008557003902089022,0.0,0.0,0.0,0.6725657231362915,4.021859519833242
2015-04-13,-0.010962879592009256,0.0,-0.0,-0.0,0.6725657231362915,3.977768358181334
2015-04-14,0.005879482584239648,0.0,0.0,0.0,0.6725657231362915,4.001155577967401
2015-04-15,-0.0017247321931618265,0.0,-0.0,-0.0,0.6725657231362915,3.9942546561322314
2015-04-16,-0.004031688039155323,0.0,-0.0,-0.0,0.6725657231362915,3.9781510674097627
2015-04-17,-0.005879114098479299,0.0,-0.0,-0.0,0.6725657231362915,3.9547630633834734
2015-04-20,0.01308797868166578,0.0,0.0,0.0,0.6725657231362915,4.006522918048075
2015-04-21,-0.010526258097432128,0.0,-0.0,-0.0,0.6725657231362915,3.964349223739424
2015-04-22,-0.0010637942211493279,0.0,-0.0,-0.0,0.6725657231362915,3.9601319719445924
2015-04-23,0.00958473982756991,0.0,0.0,0.0,0.6725657231362915,3.9980888065785227
2015-04-24,0.007383718569544673,0.0,0.0,0.0,0.6725657231362915,4.027609569142346
2015-04-27,-0.01170876281608868,0.0,-0.0,-0.0,0.6725657231362915,3.980451243981449
2015-04-28,0.00269704707922358,0.0,0.0,0.0,0.6725657231362915,3.991186708383021
2015-04-29,-0.013448668170493061,0.0,-0.0,-0.0,0.6725657231362915,3.937510562735495
2015-04-30,-0.017234416889830184,1.0,-0.017234416889830184,-0.018234416889830185,0.6603018793548142,3.869649864189202
2015-05-01,0.009412139515786233,1.0,0.009412139515786233,0.009412139515786233,0.6665167327658376,3.906071548588194
2015-05-04,0.008638129358316204,1.0,0.008638129358316204,0.008638129358316204,0.6722741905229511,3.939812699907737
2015-05-05,-0.025399145495818676,1.0,-0.025399145495818676,-0.025399145495818676,0.655199000544775,3.839744823916506
2015-05-06,-0.0011985988535647696,1.0,-0.0011985988535647696,-0.0011985988535647696,0.6544136797738652,3.8351425101725787
2015-05-07,0.005698668681554109,1.0,0.005698668681554109,0.005698668681554109,0.6581429665155731,3.856997716684596
2015-05-08,0.006063581444422095,1.0,0.006063581444422095,0.006063581444422095,0.6621336699951139,3.880384936470663
2015-05-11,-0.011856616708985523,1.0,-0.011856616708985523,-0.011856616708985523,0.6542830048598679,3.8343766995956092
2015-05-12,-0.0010000432578277652,1.0,-0.0010000432578277652,-0.0010000432578277652,0.6536286935521465,3.830542157029207
2015-05-13,0.0029025065315098075,1.0,0.0029025065315098075,0.0029025065315098075,0.6555258551043638,3.8416603306592076
2015-05-14,0.008782756458203256,1.0,0.008782756458203256,0.008782756458203256,0.6612831790418009,3.8754006977385282
2015-05-15,0.010486787778611673,1.0,0.010486787778611673,0.010486787778611673,0.668217915401978,3.9160412024127957
2015-05-18,0.0015664613064332311,1.0,0.0015664613064332311,0.0015664613064332311,0.6692646529107206,3.9221755294307736
2015-05-19,0.002052789881714423,1.0,0.002052789881714423,0.002052789881714423,0.6706385126184048,3.930226931671897
2015-05-20,9.717631954764272e-05,1.0,9.717631954764272e-05,9.717631954764272e-05,0.6707036828008079,3.930608856660104
2015-05-21,-0.003511275747227205,1.0,-0.003511275747227205,-0.003511275747227205,0.6683486572258135,3.916807405109877
2015-05-22,0.0006852678426176873,1.0,0.0006852678426176873,0.0006852678426176873,0.6688066550682671,3.919491467270326
2015-05-26,-0.011738117819369287,1.0,-0.011738117819369287,-0.011738117819369287,0.6609561237526975,3.873484014635494
2015-05-27,0.005685081759936761,1.0,0.005685081759936761,0.005685081759936761,0.6647137133559625,3.895505087954505
2015-05-28,0.014281890657668717,1.0,0.014281890657668717,0.014281890657668717,0.6742070819287653,3.9511402656770636
2015-05-29,0.0006839776935145814,0.0,0.0,-0.001,0.6735328748468365,3.9538427574827337
2015-06-01,0.011628103019226677,-1.0,-0.011628103019226677,-0.012628103019226677,0.6650274323164348,3.999818448388566
2015-06-02,-0.012653604095409943,-1.0,0.012653604095409943,0.012653604095409943,0.673442426157554,3.94920632928914
2015-06-03,-0.01956526487823962,-1.0,0.01956526487823962,0.01956526487823962,0.6866185056055709,3.8719390613977778
2015-06-04,0.0014963992639529522,-1.0,-0.0014963992639529522,-0.0014963992639529522,0.6855910501791662,3.8777330281593243
2015-06-05,-0.015940911379000777,-1.0,0.015940911379000777,0.015940911379000777,0.6965199963523084,3.815918429606012
2015-06-08,-0.006580791622754267,0.0,-0.0,-0.001,0.6958234763559561,3.7908066655713473
2015-06-09,0.000712906788471912,1.0,0.000712906788471912,-0.000287093211528088,0.6956237101594724,3.7935091573770174
2015-06-10,0.009471535828486699,1.0,0.009471535828486699,0.009471535828486699,0.7022123350533928,3.8294395152768064
2015-06-11,0.005548646086529274,1.0,0.005548646086529274,0.005548646086529274,0.7061086627781994,3.8506877198568477
2015-06-12,-0.004313772851682662,1.0,-0.004313772851682662,-0.004313772851682662,0.7030626703983689,3.8340767277106216
2015-06-15,-0.0012094730395716402,1.0,-0.0012094730395716402,-0.0012094730395716402,0.7022123350533929,3.8294395152768064
2015-06-16,0.00413660228470536,1.0,0.00413660228470536,0.00413660228470536,0.7051171082029231,3.8452803835248415
2015-06-17,0.011755301444446697,1.0,0.011755301444446697,0.011755301444446697,0.7134059723634849,3.8904828135715936
2015-06-18,0.01549166011618408,1.0,0.01549166011618408,0.01549166011618408,0.7244578152121959,3.9507528510073002
2015-06-19,-0.012712791319499761,1.0,-0.012712791319499761,-0.012712791319499761,0.7152479341876226,3.9005277544575256
2015-06-22,-0.001980943932601509,1.0,-0.001980943932601509,-0.001980943932601509,0.7138310681320879,3.8928010276683893
2015-06-23,-0.014589064215392855,1.0,-0.014589064215392855,-0.014589064215392855,0.7034169408401664,3.836008703497988
2015-06-24,-0.007654502486471371,1.0,-0.007654502486471371,-0.007654502486471371,0.6980326341174792,3.806645965338937
2015-06-25,-0.005480715259814861,1.0,-0.005480715259814861,-0.005480715259814861,0.6942069160078227,3.7857828227079913
2015-06-26,0.007245834158065456,1.0,0.007245834158065456,0.007245834158065456,0.6992370241925975,3.813213977199786
2015-06-29,-0.0053698828137733745,1.0,-0.0053698828137733745,-0.0053698828137733745,0.6954822033136316,3.7927374649983805
2015-06-30,-0.001425914823300567,1.0,-0.001425914823300567,-0.001425914823300567,0.694490504930585,3.7873293444261518
2015-07-01,0.004080303605234592,1.0,0.004080303605234592,0.004080303605234592,0.6973242370416544,3.8027827980044244
2015-07-02,0.01818569901747824,1.0,0.01818569901747824,0.01818569901747824,0.7100055657340866,3.8719390613977764
2015-07-06,0.0023945831480893798,1.0,0.0023945831480893798,0.0023945831480893798,0.711705733096843,3.8812107414246286
2015-07-07,0.02408897137456356,1.0,0.02408897137456356,0.02408897137456356,0.7288499921285256,3.974705115873455
2015-07-08,-0.009039754359712604,0.0,-0.0,-0.001,0.7281211421363971,3.938774757973666
2015-07-09,-0.007552452175086932,0.0,-0.0,-0.0,0.7281211421363971,3.9090273499856303
2015-07-10,0.004546214176532448,0.0,0.0,0.0,0.7281211421363971,3.926798625540588
2015-07-13,0.0032468651000696624,0.0,0.0,0.0,0.7281211421363971,3.9395484109528573
2015-07-14,0.00019588346128474043,0.0,0.0,0.0,0.7281211421363971,3.9403201033314934
2015-07-15,0.007648109348438847,0.0,0.0,0.0,0.7281211421363971,3.9704561023496243
2015-07-16,0.01615260391174389,0.0,0.0,0.0,0.7281211421363971,4.034589307119845
2015-07-17,-0.007469117762400002,-1.0,0.007469117762400002,0.0064691177624000016,0.7328314435501707,4.004454484462046
2015-07-20,-0.004823783361188605,-1.0,0.004823783361188605,0.004823783361188605,0.7363664636741238,3.9851378635492614
2015-07-21,-0.009888858211321128,-1.0,0.009888858211321128,0.009888858211321128,0.7436482872249692,3.9457294002640557
2015-07-22,0.006560561718283564,-1.0,-0.006560561718283564,-0.006560561718283564,0.738769536739934,3.971615601518134
2015-07-23,-0.007101200574335831,-1.0,0.007101200574335831,0.007101200574335831,0.7440156873985334,3.9434123625275923
2015-07-24,0.0020572469304869223,-1.0,-0.0020572469304869223,-0.0020572469304869223,0.7424850634093987,3.9515249355060464
2015-07-27,0.011927858293459215,-1.0,-0.011927858293459215,-0.011927858293459215,0.7336288067880413,3.998658164979833
2015-07-28,0.00570088807745095,-1.0,-0.00570088807745095,-0.00570088807745095,0.7294464710701488,4.021454067638369
2015-07-29,0.004803197139065185,-1.0,-0.004803197139065185,-0.004803197139065185,0.7259427958672034,4.040769904310932
2015-07-30,0.002868336113718062,-1.0,-0.002868336113718062,-0.002868336113718062,0.7238605479293241,4.052360190554692
2015-07-31,0.002955734522671616,-1.0,-0.002955734522671616,-0.002955734522671616,0.7217210083182094,4.064337891468215
2015-08-03,0.02385916185698589,-1.0,-0.02385916185698589,-0.02385916185698589,0.7045013499651582,4.161309587062235
2015-08-04,-0.0108623607210252,-1.0,0.0108623607210252,0.0108623607210252,0.7121538977569289,4.116107941255705
2015-08-05,-0.005444001029240697,-1.0,0.005444001029240697,0.005444001029240697,0.7160308643092954,4.093699845387043
2015-08-06,-0.0019818172814275448,-1.0,0.0019818172814275448,0.0019818172814275448,0.7174499066502191,4.085586880288478
2015-08-07,0.011820171235417565,-1.0,-0.011820171235417565,-0.011820171235417565,0.7089695259007792,4.133879216810663
2015-08-10,-0.004392651374736989,-1.0,0.004392651374736989,0.004392651374736989,0.712083781863374,4.115720526585943
2015-08-11,0.0009388274907820016,-1.0,-0.0009388274907820016,-0.0009388274907820016,0.7114152580332206,4.119584478160678
2015-08-12,0.016599585472007572,-1.0,-0.016599585472007572,-0.016599585472007572,0.6996060596514079,4.1879678728150616
2015-08-13,0.0047967668381441175,-1.0,-0.0047967668381441175,-0.0047967668381441175,0.6962502125047073,4.208056578226594
2015-08-14,0.001101797969538465,-1.0,-0.001101797969538465,-0.001101797969538465,0.695483085434279,4.212693006420187
2015-08-17,0.004494025806045743,-1.0,-0.004494025806045743,-0.004494025806045743,0.6923575665006689,4.231624957503987
2015-08-18,-0.00018273378828359554,-1.0,0.00018273378828359554,0.00018273378828359554,0.6924840836216424,4.2308516966449075
2015-08-19,-0.004017912296403914,-1.0,0.004017912296403914,0.004017912296403914,0.6952664239362898,4.213852505588696
2015-08-20,-0.007518193884033519,-1.0,0.007518193884033519,0.007518193884033519,0.7004935717125014,4.18217194545296
2015-08-21,-0.011916417155890313,-1.0,0.011916417155890313,0.011916417155890313,0.7088409453280471,4.132335439933281
2015-08-24,-0.03664972140571432,-1.0,0.03664972140571432,0.03664972140571432,0.7348197684952833,3.9808864973047666
2015-08-25,-0.024553368270875398,0.0,-0.0,-0.001,0.734084948726788,3.8831423250918875
2015-08-26,0.019250038953074755,1.0,0.019250038953074755,0.018250038953074754,0.7474820276359176,3.9578929661102396
2015-08-27,0.005902072536652758,1.0,0.005902072536652758,0.005902072536652758,0.7518937207828691,3.98125273748853
2015-08-28,-0.0043029027653104235,1.0,-0.0043029027653104235,-0.0043029027653104235,0.7486583952124929,3.9641217940749907
2015-08-31,-0.0334905194719638,1.0,-0.0334905194719638,-0.0334905194719638,0.7235854366497797,3.831361295941286
2015-09-01,-0.031094515779376053,1.0,-0.031094515779376053,-0.031094515779376053,0.7010858978721464,3.712226971668149
2015-09-02,-0.003250848784618121,1.0,-0.003250848784618121,-0.003250848784618121,0.6988067736331358,3.700159083129075
2015-09-03,0.0013675925602116834,1.0,0.0013675925602116834,0.0013675925602116834,0.699762456577782,3.705219393162762
2015-09-04,-0.005778799146382352,1.0,-0.005778799146382352,-0.005778799146382352,0.6957186698910399,3.6838076744963937
2015-09-08,0.026104385609164504,1.0,0.026104385609164504,0.026104385609164504,0.7138799783253706,3.779971210541447
2015-09-09,-0.018436528445003653,1.0,-0.018436528445003653,-0.018436528445003653,0.7007185097986564,3.7102816637970046
2015-09-10,0.0005243019391563131,1.0,0.0005243019391563131,0.0005243019391563131,0.7010858978721465,3.7122269716681493
2015-09-11,0.005244180192680581,1.0,0.005244180192680581,0.005244180192680581,0.7047625186511353,3.731694558823706
2015-09-14,0.002920861436086275,1.0,0.002920861436086275,0.002920861436086275,0.7068210323134624,3.7425943215518274
2015-09-15,0.0010407029800376666,1.0,0.0010407029800376666,0.0010407029800376666,0.7075566230681443,3.746489250615338
2015-09-16,0.013301141678274675,1.0,0.013301141678274675,0.013301141678274675,0.7169679339569752,3.796321834933906
2015-09-17,0.012204065308699219,1.0,0.012204065308699219,0.012204065308699219,0.7257178574472293,3.84265239454028
2015-09-18,-0.014285667636970256,1.0,-0.014285667636970256,-0.014285667636970256,0.715350493337524,3.78775753958747
2015-09-21,0.007811536750621517,1.0,0.007811536750621517,0.007811536750621517,0.7209384800058053,3.817345746810401
2015-09-22,-0.010198616476551403,1.0,-0.010198616476551403,-0.010198616476551403,0.7135859049450382,3.778414101580287
2015-09-23,-0.0007216793022811752,1.0,-0.0007216793022811752,-0.0007216793022811752,0.7130709247670397,3.775687298327729
2015-09-24,0.005568130540284599,1.0,0.005568130540284599,0.005568130540284599,0.7170413967606241,3.7967108180841125
2015-09-25,0.01117735878676207,1.0,0.01117735878676207,0.01117735878676207,0.7250560257171785,3.8391480171074197
2015-09-28,-0.010749233076747466,1.0,-0.010749233076747466,-0.010749233076747466,0.7172622295030444,3.797880120255399
2015-09-29,-0.007790613227894649,1.0,-0.007790613227894649,-0.007790613227894649,0.7116743168900088,3.7682923051525794
2015-09-30,0.00785178343579207,1.0,0.00785178343579207,0.00785178343579207,0.7172622295030444,3.797880120255399
2015-10-01,-0.010250785142577046,1.0,-0.010250785142577046,-0.010250785142577046,0.7099097284975229,3.7589488671453966
2015-10-02,0.020610422170662,1.0,0.020610422170662,0.020610422170662,0.7245412677049169,3.836422390215195
2015-10-05,0.02212321723045263,1.0,0.02212321723045263,0.02212321723045263,0.7405704515627803,3.921296396141698
2015-10-06,-0.0086375901065604,0.0,-0.0,-0.001,0.7398298811112176,3.8874258451854935
2015-10-07,0.0008009994084043903,0.0,0.0,0.0,0.7398298811112176,3.890539670987703
2015-10-08,0.009206489221821101,0.0,0.0,0.0,0.7398298811112176,3.926357882535719
2015-10-09,0.00198319190432672,-1.0,-0.00198319190432672,-0.00298319190432672,0.7376228265993077,3.9341446037018533
2015-10-12,0.003958333935512259,-1.0,-0.003958333935512259,-0.003958333935512259,0.7347030691331712,3.9497172617938987
2015-10-13,-0.0020699467264214677,-1.0,0.0020699467264214677,0.0020699467264214677,0.7362238653460151,3.941541557477558
2015-10-14,-0.0030622153702101196,-1.0,0.0030622153702101196,0.0030622153702101196,0.7384783413823931,3.9294717083379282
2015-10-15,0.02249086227329311,-1.0,-0.02249086227329311,-0.02249086227329311,0.7218693267145517,4.017848915336958
2015-10-16,0.00445753295645579,-1.0,-0.00445753295645579,-0.00445753295645579,0.718651570400467,4.035758609291133
2015-10-19,0.0010609057447574788,-1.0,-0.0010609057447574788,-0.0010609057447574788,0.7178891488209501,4.040040168784184
2015-10-20,0.0016387351806277373,-1.0,-0.0016387351806277373,-0.0016387351806277373,0.7167127186169864,4.04666072473992
2015-10-21,0.0025009806247160427,-1.0,-0.0025009806247160427,-0.0025009806247160427,0.7149202339942378,4.056781344807294
2015-10-22,0.014491537694371948,-1.0,-0.014491537694371948,-0.014491537694371948,0.704559940474841,4.115570344583394
2015-10-23,-0.010879134364512377,-1.0,0.010879134364512377,0.010879134364512377,0.7122249427351197,4.0707965018180685
2015-10-26,-0.006790056623780183,-1.0,0.006790056623780183,0.006790056623780183,0.7170609904251598,4.043155563066837
2015-10-27,0.0024071349730623304,-1.0,-0.0024071349730623304,-0.0024071349730623304,0.7153349278372887,4.052887984224227
2015-10-28,-0.011047005113182462,-1.0,0.011047005113182462,0.011047005113182462,0.7232372364427452,4.008115709939346
2015-10-29,-0.011364502395062703,-1.0,0.011364502395062703,0.011364502395062703,0.7314564677484974,3.9625654693540513
2015-10-30,0.008645796358790703,-1.0,-0.008645796358790703,-0.008645796358790703,0.7251324440830235,3.9968250034604624
2015-11-02,-0.00418852061036068,-1.0,0.00418852061036068,0.00418852061036068,0.7281696762703064,3.9800842195574635
2015-11-03,0.0007823517369076605,-1.0,-0.0007823517369076605,-0.0007823517369076605,0.7275999914593129,3.983198045359673
2015-11-04,0.008894669055957038,-1.0,-0.008894669055957038,-0.008894669055957038,0.7211282303301652,4.018627273757482
2015-11-05,-0.010850313120215116,-1.0,0.010850313120215116,0.010850313120215116,0.7289526974290741,3.975023909523777
2015-11-06,-0.03192963069610222,-1.0,0.03192963069610222,0.03192963069610222,0.7522278878529121,3.848102864084506
2015-11-09,0.0007081002634918843,0.0,0.0,-0.001,0.7514756599650592,3.850827706736508
2015-11-10,0.0009099304304420741,0.0,0.0,0.0,0.7514756599650592,3.854331692049257
2015-11-11,0.007272927413052965,0.0,0.0,0.0,0.7514756599650592,3.882363966671361
2015-11-12,0.010128314881916456,0.0,0.0,0.0,0.7514756599650592,3.921685771412015
2015-11-13,-0.0029784318658213627,0.0,-0.0,-0.0,0.7514756599650592,3.910005297542703
2015-11-16,0.016827846868378682,0.0,0.0,0.0,0.7514756599650592,3.975802267944301
2015-11-17,-0.013415593230502565,0.0,-0.0,-0.0,0.7514756599650592,3.9224645219526506
2015-11-18,-0.010421742114690602,0.0,-0.0,-0.0,0.7514756599650592,3.881585608250837
2015-11-19,0.012938819600542217,0.0,0.0,0.0,0.7514756599650592,3.9318087442000555
2015-11-20,0.0002968968346828138,0.0,0.0,0.0,0.7514756599650592,3.932976085770787
2015-11-23,-0.005246844251397431,0.0,-0.0,-0.0,0.7514756599650592,3.9123403728042767
2015-11-24,-0.003108023200025123,0.0,-0.0,-0.0,0.7514756599650592,3.900180728159206
2015-11-25,-0.005331782084218917,0.0,-0.0,-0.0,0.7514756599650592,3.879385814427591
2015-11-27,0.004955545441028608,0.0,0.0,0.0,0.7514756599650592,3.8986102871142685
2015-11-30,0.0049312096852385245,0.0,0.0,0.0,0.7514756599650592,3.917835151921057
2015-12-01,0.007109702969028575,0.0,0.0,0.0,0.7514756599650592,3.9456897961328345
2015-12-02,-0.02565408510768552,0.0,-0.0,-0.0,0.7514756599650592,3.8444667342943166
2015-12-03,-0.0160217308532401,1.0,-0.0160217308532401,-0.017021730853240102,0.7386842435383729,3.7828717230032183
2015-12-04,0.01783870121434905,1.0,0.01783870121434905,0.01783870121434905,0.7518614110506014,3.8503532414020825
2015-12-07,0.004381463850708256,1.0,0.004381463850708256,0.004381463850708256,0.7551556646438622,3.867223424941743
2015-12-08,0.007811935986008933,1.0,0.007811935986008933,0.007811935986008933,0.761054892355532,3.897433926780982
2015-12-09,-0.005838488244950257,1.0,-0.005838488244950257,-0.005838488244950257,0.7566114823127523,3.874678804614001
2015-12-10,-0.011745856363655327,1.0,-0.011745856363655327,-0.011745856363655327,0.7477244325184144,3.8291673839197053
2015-12-11,-0.0019466903805845925,1.0,-0.0019466903805845925,-0.0019466903805845925,0.7462688445583027,3.8217131806077806
2015-12-14,0.005851872539702763,1.0,0.005851872539702763,0.005851872539702763,0.7506359147170091,3.8440773590239994
2015-12-15,0.007552138480489745,1.0,0.007552138480489745,0.007552138480489745,0.756304821093381,3.873108363569064
2015-12-16,0.04993939671280323,1.0,0.04993939671280323,0.04993939671280323,0.7940742275897691,4.0665290586490155
2015-12-17,-0.0023158690304081464,0.0,-0.0,-0.001,0.7932801533621793,4.057111509940835
2015-12-18,-0.012571177943990097,0.0,-0.0,-0.0,0.7932801533621793,4.006108839210759
2015-12-21,0.0018610027763816817,0.0,0.0,0.0,0.7932801533621793,4.013564218883017
2015-12-22,0.005962846346868833,0.0,0.0,0.0,0.7932801533621793,4.037496485623508
2015-12-23,0.01039704344578074,0.0,0.0,0.0,0.7932801533621793,4.079474511996723
2015-12-24,-0.0004806012513894897,-1.0,0.0004806012513894897,-0.0005193987486105103,0.7928681246432254,4.077513911441246
2015-12-28,0.0005772873074205709,-1.0,-0.0005772873074205709,-0.0005772873074205709,0.7924104119384106,4.079867808468151
2015-12-29,0.0063466888516447995,-1.0,-0.0063466888516447995,-0.0063466888516447995,0.7873812296110337,4.105761460004341
2015-12-30,0.0024844630330829176,-1.0,-0.0024844630330829176,-0.0024844630330829176,0.7854250100531217,4.115962072574378
2015-12-31,-0.009722686786792778,-1.0,0.009722686786792778,0.009722686786792778,0.7930614514203818,4.075943862516419
2016-01-04,-0.003079763004574243,-1.0,0.003079763004574243,0.003079763004574243,0.7955038927388202,4.063390921399919
2016-01-05,0.009751782802376763,-1.0,-0.009751782802376763,-0.009751782802376763,0.7877463115583859,4.10301622710656
2016-01-06,-0.003251439838710568,-1.0,0.003251439838710568,0.003251439838710568,0.7903076212985841,4.08967551668687
2016-01-07,0.004412995642231632,-1.0,-0.004412995642231632,-0.004412995642231632,0.786819997209771,4.10772323692015
2016-01-08,0.004489161367724703,-1.0,-0.004489161367724703,-0.004489161367724703,0.7832878352749436,4.126163469384637
2016-01-11,0.0038982379337324513,-1.0,-0.0038982379337324513,-0.0038982379337324513,0.7802343929224437,4.142248236341773
2016-01-12,-0.0018940292167827222,-1.0,0.0018940292167827222,0.0018940292167827222,0.7817121796585776,4.134402697158976
2016-01-13,-0.007212543207019584,-1.0,0.007212543207019584,0.007212543207019584,0.7873503125298186,4.104583139070498
2016-01-14,0.010227970547021625,-1.0,-0.010227970547021625,-0.010227970547021625,0.7792973167230753,4.146564694524713
2016-01-15,-0.0040683777204356675,-1.0,0.0040683777204356675,0.0040683777204356675,0.7824677925640268,4.129694903105164
2016-01-19,0.024225412988528205,-1.0,-0.024225412988528205,-0.024225412988528205,0.7635121871389412,4.229738467649506
2016-01-20,-0.023188895658452058,-1.0,0.023188895658452058,0.023188895658452058,0.7812171915804627,4.131655503660641
2016-01-21,-0.002563798620612956,-1.0,0.002563798620612956,0.002563798620612956,0.7832200751386359,4.121062770979507
2016-01-22,0.014851239736262567,-1.0,-0.014851239736262567,-0.014851239736262567,0.7715882860364984,4.1822656621595105
2016-01-25,-0.0016882033067070479,-1.0,0.0016882033067070479,0.0016882033067070479,0.7728908839324018,4.175205147439126
2016-01-26,0.0013152987606515065,-1.0,-0.0013152987606515065,-0.0013152987606515065,0.7718743015106466,4.180696789595018
2016-01-27,0.0015957003786235546,-1.0,-0.0015957003786235546,-0.0015957003786235546,0.7706426213954762,4.187367929045085
2016-01-28,0.01470962671890974,-1.0,-0.01470962671890974,-0.01470962671890974,0.7593067561010667,4.248962548216073
2016-01-29,0.03148681185728508,-1.0,-0.03148681185728508,-0.03148681185728508,0.7353986071297469,4.382748832560403
2016-02-01,0.011368824548358303,-1.0,-0.011368824548358303,-0.011368824548358303,0.7270379893921818,4.432575535077304
2016-02-02,0.008231153100102251,-1.0,-0.008231153100102251,-0.008231153100102251,0.7210536283919042,4.4690607429342935
2016-02-03,0.007374372574672661,-1.0,-0.007374372574672661,-0.007374372574672661,0.7157363102898228,4.502017261911535
2016-02-04,-0.010719244122140315,-1.0,0.010719244122140315,0.010719244122140315,0.7234084625268993,4.453759039839015
2016-02-05,0.0007935271148911127,-1.0,-0.0007935271148911127,-0.0007935271148911127,0.7228344182967424,4.457293218400319
2016-02-08,0.004928846362104666,-1.0,-0.004928846362104666,-0.004928846362104666,0.7192716785037165,4.4792625318646655
2016-02-09,0.01033555425410948,-1.0,-0.01033555425410948,-0.01033555425410948,0.711837607047097,4.525558192781152
2016-02-10,-0.013957840806740673,-1.0,0.013957840806740673,0.013957840806740673,0.7217733230465115,4.462391171964672
2016-02-11,-0.016177095514616435,-1.0,0.016177095514616435,0.016177095514616435,0.7334495190333371,4.390202643752218
2016-02-12,-0.002055454121117184,-1.0,0.002055454121117184,0.002055454121117184,0.7349570908698655,4.381178783635578
2016-02-16,0.006089383089832312,-1.0,-0.006089383089832312,-0.006089383089832312,0.7304816555889702,4.40785745963418
2016-02-17,-0.008188351841325048,-1.0,0.008188351841325048,0.008188351841325048,0.7364630963985662,4.371764371888286
2016-02-18,0.026025101345012125,-1.0,-0.026025101345012125,-0.026025101345012125,0.7172965696779321,4.485539982723192
2016-02-19,0.0036734215393927627,-1.0,-0.0036734215393927627,-0.0036734215393927627,0.7146616370087446,4.502017261911535
2016-02-22,0.008278649829896123,-1.0,-0.008278649829896123,-0.008278649829896123,0.7087452035690889,4.5392878863510475
2016-02-23,0.0036306170839672802,-1.0,-0.0036306170839672802,-0.0036306170839672802,0.7061720211248311,4.5557683025002795
2016-02-24,0.00650740753938317,-1.0,-0.00650740753938317,-0.00650740753938317,0.7015766719904619,4.5854145434996525
2016-02-25,-0.0013794367885555658,-1.0,0.0013794367885555658,0.0013794367885555658,0.702544452661798,4.579089253987571
2016-02-26,-0.02866017593081971,-1.0,0.02866017593081971,0.02866017593081971,0.7226795002743065,4.447851750365361
2016-02-29,0.0026662058866702143,-1.0,-0.0026662058866702143,-0.0026662058866702143,0.7207526879364993,4.4597106388852215
2016-03-01,-0.0019500888394320404,-1.0,0.0019500888394320404,0.0019500888394320404,0.722158219709235,4.451013806941235
2016-03-02,-0.0021315022822799845,-1.0,0.0021315022822799845,0.0021315022822799845,0.7236975016027125,4.4415264608532805
2016-03-03,-0.006585353838286956,-1.0,0.006585353838286956,0.006585353838286956,0.7284633057226506,4.4122774375264475
2016-03-04,0.023920400001350872,-1.0,-0.023920400001350872,-0.023920400001350872,0.7110381720634584,4.517820878749015
2016-03-07,0.0013995545554177369,-1.0,-0.0013995545554177369,-0.0013995545554177369,0.7100430353506711,4.524143815540429
2016-03-08,0.008737222699115144,-1.0,-0.008737222699115144,-0.008737222699115144,0.7038392312248567,4.563672267579631
2016-03-09,0.007016481139463959,-1.0,-0.007016481139463959,-0.007016481139463959,0.6989007565337527,4.595693187971798
2016-03-10,-0.004902937820751907,-1.0,0.004902937820751907,0.004902937820751907,0.7023274234859141,4.573160790027919
2016-03-11,0.0011233293145220813,-1.0,-0.0011233293145220813,-0.0011233293145220813,0.7015384785027197,4.5782979556033805
2016-03-14,0.00017283680351609654,-1.0,-0.00017283680351609654,-0.00017283680351609654,0.7014172268345517,4.579089253987571
2016-03-15,-0.0020717993124030887,-1.0,0.0020717993124030887,0.0020717993124030887,0.7028704225628152,4.569602300019727
2016-03-16,0.013148837206907515,-1.0,-0.013148837206907515,-0.013148837206907515,0.6936284937989864,4.629687256762996
2016-03-17,0.010331411306814475,-1.0,-0.010331411306814475,-0.010331411306814475,0.6864623325354229,4.677518460034532
2016-03-18,0.0014364407454570127,-1.0,-0.0014364407454570127,-0.0014364407454570127,0.6854762700707475,4.684237438138153
2016-03-21,-0.007847948149682815,-1.0,0.007847948149682815,0.007847948149682815,0.6908558522961007,4.6474757856028415
2016-03-22,-0.004508118088715207,-1.0,0.004508118088715207,0.004508118088715207,0.6939703120605315,4.626524415946899
2016-03-23,0.005553727206364378,-1.0,-0.005553727206364378,-0.005553727206364378,0.6901161902580317,4.652218870466652
2016-03-24,0.006712591672306756,-1.0,-0.006712591672306756,-0.006712591672306756,0.6854837220663816,4.683447316114295
2016-03-28,-0.007596172442692506,-1.0,0.007596172442692506,0.007596172442692506,0.6906907746258566,4.647871042674825
2016-03-29,0.012161797566256904,-1.0,-0.012161797566256904,-0.012161797566256904,0.6822907332439757,4.704397509409904
2016-03-30,-0.004285367303980214,-1.0,0.004285367303980214,0.004285367303980214,0.6852145996440281,4.684237438138153
2016-03-31,-0.0013502512363002817,-1.0,0.0013502512363002817,0.0013502512363002817,0.6861398115043283,4.677912540746183
2016-04-01,0.0031268768658641033,-1.0,-0.0031268768658641033,-0.0031268768658641033,0.6839943368009871,4.692539797250378
2016-04-04,8.414738477124928e-05,-1.0,-8.414738477124928e-05,-8.414738477124928e-05,0.683936780466347,4.692934662202251
2016-04-05,-0.01996297659487445,-1.0,0.01996297659487445,0.01996297659487445,0.6975901944071704,4.599249717379433
2016-04-06,0.0030942471199622013,-1.0,-0.0030942471199622013,-0.0030942471199622013,0.6954316779572122,4.613480932571421
2016-04-07,-0.004455577201744165,-1.0,0.004455577201744165,0.004455577201744165,0.6985302274868891,4.592925212107574
2016-04-08,0.005336010914998468,-1.0,-0.005336010914998468,-0.005336010914998468,0.6948028625685627,4.617433111171152
2016-04-11,-0.004965284872275322,-1.0,0.004965284872275322,0.004965284872275322,0.6982527567112881,4.5945062403955115
2016-04-12,0.0070550799776292195,-1.0,-0.0070550799776292195,-0.0070550799776292195,0.6933265276680899,4.626920849379219
2016-04-13,-0.004869932034176294,-1.0,0.004869932034176294,0.004869932034176294,0.6967029807353249,4.604388059315228
2016-04-14,-0.0028326672224924243,-1.0,0.0028326672224924243,0.0028326672224924243,0.6986765084326667,4.591345360179971
2016-04-15,0.011019958274931074,0.0,0.0,-0.001,0.697977831924234,4.641941794474953
2016-04-18,0.002895153184292676,0.0,0.0,0.0,0.697977831924234,4.655380927042528
2016-04-19,0.0028022291151850176,0.0,0.0,0.0,0.697977831924234,4.668426371018564
2016-04-20,-0.021930514565284942,0.0,-0.0,-0.0,0.697977831924234,4.566045378491981
2016-04-21,-0.022508982132090294,1.0,-0.022508982132090294,-0.023508982132090295,0.6815690835449321,4.4632683446531916
2016-04-22,0.013550568109487626,1.0,0.013550568109487626,0.013550568109487626,0.6908047318328288,4.5237481663483345
2016-04-25,0.0002621214029492336,1.0,0.0002621214029492336,0.0002621214029492336,0.6909858065383008,4.5249339375642865
2016-04-26,0.009172711542789314,1.0,0.009172711542789314,0.009172711542789314,0.6973240200218382,4.566439851323741
2016-04-27,0.011859503312563469,1.0,0.011859503312563469,0.011859503312563469,0.7055939365472174,4.620595559867137
2016-04-28,-0.0035929526937513723,1.0,-0.0035929526937513723,-0.0035929526937513723,0.7030587709122054,4.603993978603577
2016-04-29,0.009530217518781026,1.0,0.009530217518781026,0.009530217518781026,0.7097590739274855,4.647871042674827
2016-05-02,0.0040821106096236015,1.0,0.0040821106096236015,0.0040821106096236015,0.7126563889734415,4.666844166370292
2016-05-03,0.003049346102967254,1.0,0.003049346102967254,0.003049346102967254,0.7148295249559125,4.681074989442169
2016-05-04,0.008782562368799818,0.0,0.0,-0.001,0.7141146954309565,4.722186822489974
2016-05-05,-0.0051064939313882896,-1.0,0.0051064939313882896,0.0041064939313882895,0.717047203094059,4.698073004138047
2016-05-06,-0.0030288262227960994,-1.0,0.0030288262227960994,0.0030288262227960994,0.7192190144657729,4.683843357426503
2016-05-09,0.003375828385623336,-1.0,-0.003375828385623336,-0.003375828385623336,0.7167910545012592,4.699655208786317
2016-05-10,0.0059720102486022775,-1.0,-0.0059720102486022775,-0.0059720102486022775,0.7125103709776713,4.727721597858086
2016-05-11,0.000752188387982855,-1.0,-0.000752188387982855,-0.000752188387982855,0.7119744289503046,4.7312777351456115
2016-05-12,0.012198106579631274,-1.0,-0.012198106579631274,-0.012198106579631274,0.7032896889839967,4.788990365216754
2016-05-13,-0.0032190923330497334,-1.0,0.0032190923330497334,0.0032190923330497334,0.705553643429718,4.773574163049036
2016-05-16,0.005962170258888788,-1.0,-0.005962170258888788,-0.005962170258888788,0.7013470124808108,4.802035024952566
2016-05-17,-0.01399406206116982,-1.0,0.01399406206116982,0.01399406206116982,0.7111617060998833,4.734835048793469
2016-05-18,-0.014693380790215427,-1.0,0.014693380790215427,0.014693380790215427,0.7216110758510281,4.665264314442688
2016-05-19,0.0033045489491565494,-1.0,-0.0033045489491565494,-0.0033045489491565494,0.7192264767286248,4.680680908730517
2016-05-20,0.007769466915699352,-1.0,-0.007769466915699352,-0.007769466915699352,0.7136384704127867,4.717047304193844
2016-05-23,-0.01122938605263446,-1.0,0.01122938605263446,0.01122938605263446,0.7216521922990634,4.664077758986513
2016-05-24,0.016103139321467008,-1.0,-0.016103139321467008,-0.016103139321467008,0.7100313265048295,4.739184052945628
2016-05-25,-0.006589496719027865,-1.0,0.006589496719027865,0.006589496719027865,0.71471007560124,4.707955215177874
2016-05-26,0.01344848181525693,-1.0,-0.01344848181525693,-0.01344848181525693,0.7050983101463358,4.771270065276237
2016-05-27,0.00016699705840261814,-1.0,-0.00016699705840261814,-0.00016699705840261814,0.7049805608026567,4.7720668533419826
2016-05-31,0.0023362537326689914,-1.0,-0.0023362537326689914,-0.0023362537326689914,0.7033335473360224,4.783215612340649
2016-06-01,0.0002497880244882733,-1.0,-0.0002497880244882733,-0.0002497880244882733,0.703157863038677,4.784410402319157
2016-06-02,-0.0028297595601812775,-1.0,0.0028297595601812775,0.0028297595601812775,0.7051476307239273,4.770871671243364
2016-06-03,0.016609704572164485,-1.0,-0.016609704572164485,-0.016609704572164485,0.6934353368978411,4.8501144402544245
2016-06-06,-0.00041038241642321616,-1.0,0.00041038241642321616,0.00041038241642321616,0.6937199105670305,4.848124038570504
2016-06-07,-0.005256766183740935,-1.0,0.005256766183740935,0.005256766183740935,0.6973666339338872,4.822638584069964
2016-06-08,0.014945018168726065,-1.0,-0.014945018168726065,-0.014945018168726065,0.6869444769194819,4.89471300533009
2016-06-09,0.00862346315152629,-1.0,-0.00862346315152629,-0.00862346315152629,0.6810206365356223,4.93692238256885
2016-06-10,-0.0012099760355802625,-1.0,0.0012099760355802625,0.0012099760355802625,0.6818446551855659,4.930948824796422
2016-06-13,-0.0019379570640324362,-1.0,0.0019379570640324362,0.0019379570640324362,0.6831660408516554,4.921392857689026
2016-06-14,0.01124659860368249,-1.0,-0.01124659860368249,-0.01124659860368249,0.6754827466105299,4.976741787730484
2016-06-15,-0.009120949053966099,-1.0,0.009120949053966099,0.009120949053966099,0.6816437903291976,4.9313491794298505
2016-06-16,0.00815529814881688,-1.0,-0.00815529814881688,-0.00815529814881688,0.6760847819877734,4.971565802264024
2016-06-17,0.0020024164974259406,-1.0,-0.0020024164974259406,-0.0020024164974259406,0.6747309786666625,4.981520947644516
2016-06-20,-0.006874332940099759,-1.0,0.006874332940099759,0.006874332940099759,0.6793693040590165,4.947276314102327
2016-06-21,0.00024142533842153036,-1.0,-0.00024142533842153036,-0.00024142533842153036,0.6792052870948708,4.948470711960724
2016-06-22,-0.0050696592801952045,-1.0,0.0050696592801952045,0.0050696592801952045,0.682648626481749,4.923383651493058
2016-06-23,0.0013750611768819088,-1.0,-0.0013750611768819088,-0.0013750611768819088,0.6817099428580221,4.930153605211121
2016-06-24,-8.072809584291907e-05,-1.0,8.072809584291907e-05,8.072809584291907e-05,0.6817649760036262,4.929755603298359
2016-06-27,0.03295610781212788,-1.0,-0.03295610781212788,-0.03295610781212788,0.6592966559519179,5.092221160448101
2016-06-28,0.0045358287270333975,-1.0,-0.0045358287270333975,-0.0045358287270333975,0.6563061992402142,5.115318603472069
2016-06-29,-0.005527054410846555,-1.0,0.005527054410846555,0.005527054410846555,0.6599336393135907,5.0870459592218635
2016-06-30,0.02074340583956924,-1.0,-0.02074340583956924,-0.02074340583956924,0.6462443680061251,5.1925686180785435
2016-07-01,-0.005137932703638715,-1.0,0.005137932703638715,0.005137932703638715,0.6495647280790461,5.16588954995983
2016-07-05,0.008787291393295593,-1.0,-0.008787291393295593,-0.008787291393295593,0.6438568135346087,5.211283726740907
2016-07-06,0.0001526709630739198,-1.0,-0.0001526709630739198,-0.0001526709630739198,0.6437585152948047,5.21207933844632
2016-07-07,-0.01955808465332054,-1.0,0.01955808465332054,0.01955808465332054,0.6563491988332364,5.110141049525164
2016-07-08,0.012467847613899963,-1.0,-0.012467847613899963,-0.012467847613899963,0.6481659370406783,5.173853509416179
2016-07-11,-0.0018470486669395214,-1.0,0.0018470486669395214,0.0018470486669395214,0.6493631310706448,5.164297150188672
2016-07-12,-0.018197304944377435,-1.0,0.018197304944377435,0.018197304944377435,0.6611797899863732,5.070320860123309
2016-07-13,0.00659679069612773,-1.0,-0.00659679069612773,-0.00659679069612773,0.6568181252993234,5.103768705599753
2016-07-14,-0.007255933736073694,-1.0,0.007255933736073694,0.007255933736073694,0.6615839540931473,5.0667360980676746
2016-07-15,0.002672313531642212,-1.0,-0.002672313531642212,-0.002672313531642212,0.6598159943403068,5.0802760055038005
2016-07-18,0.005251654108956227,-1.0,-0.005251654108956227,-0.005251654108956227,0.6563508689624745,5.1069558578627365
2016-07-19,-0.0012475470206522177,-1.0,0.0012475470206522177,0.0012475470206522177,0.657169697533551,5.100584690297658
2016-07-20,-0.006870386870555967,-1.0,0.006870386870555967,0.006870386870555967,0.6616847075952128,5.065541700209278
2016-07-21,0.008254232625208413,-1.0,-0.008254232625208413,-0.008254232625208413,0.6562230080941789,5.107353859775499
2016-07-22,0.012084631576587457,-1.0,-0.012084631576587457,-0.012084631576587457,0.6482927948092808,5.169074349502147
2016-07-25,-0.002465033804606498,-1.0,0.002465033804606498,0.002465033804606498,0.6498908584637686,5.1563324064921
2016-07-26,-0.008186006260133216,-1.0,0.008186006260133216,0.008186006260133216,0.6552108690995563,5.114122637133228
2016-07-27,-0.009810818467846927,-1.0,0.009810818467846927,0.009810818467846927,0.6616390239944523,5.063948908318007
2016-07-28,0.0019657309582881144,0.0,0.0,-0.001,0.6609773849704579,5.0739032694582775
2016-07-29,0.006827996951389581,0.0,0.0,0.0,0.6609773849704579,5.108547865513784
2016-08-01,0.0016371638418062329,0.0,0.0,0.0,0.6609773849704579,5.116911395363339
2016-08-02,-0.006770530356806415,0.0,-0.0,-0.0,0.6609773849704579,5.082267191427944
2016-08-03,0.003604198319326679,0.0,0.0,0.0,0.6609773849704579,5.100584690297658
2016-08-04,-0.004996728863112754,0.0,-0.0,-0.0,0.6609773849704579,5.075098451556896
2016-08-05,-0.011455402630391132,0.0,-0.0,-0.0,0.6609773849704579,5.016961155405437
2016-08-08,0.0,1.0,0.0,-0.001,0.6603164075854874,5.016961155405437
2016-08-09,0.0006351191336868567,1.0,0.0006351191336868567,0.0006351191336868567,0.6607357871702323,5.020147523428199
2016-08-10,0.002379521121374406,1.0,0.002379521121374406,0.002379521121374406,0.6623080219314518,5.032093070492612
2016-08-11,0.005143520163577664,1.0,0.005143520163577664,0.005143520163577664,0.6657146165967555,5.057975742665691
2016-08-12,-0.0018106764011325271,1.0,-0.0018106764011325271,-0.0018106764011325271,0.6645092228505948,5.0488173853509455
2016-08-15,-0.011593940861115759,1.0,-0.011593940861115759,-0.011593940861115759,0.6568049422191989,4.990281695166614
2016-08-16,-0.010612575690035486,1.0,-0.010612575690035486,-0.010612575690035486,0.6498345500563083,4.937321952962059
2016-08-17,0.014597798123489714,1.0,0.014597798123489714,0.014597798123489714,0.659320703631699,5.009395982102073
2016-08-18,0.00922078687565242,1.0,0.00922078687565242,0.00922078687565242,0.6654001593225921,5.0555865548287855
2016-08-19,-0.0148078555155009,1.0,-0.0148078555155009,-0.0148078555155009,0.6555470099033519,4.980724159578772
2016-08-22,-0.00031986995471666724,1.0,-0.00031986995471666724,-0.00031986995471666724,0.6553373201109794,4.979130975567391
2016-08-23,-0.006157753985005843,1.0,-0.006157753985005843,-0.006157753985005843,0.651301914116543,4.9484707119607245
2016-08-24,-0.0009654682651832891,1.0,-0.0009654682651832891,-0.0009654682651832891,0.6506731027874104,4.943693120527137
2016-08-25,0.0028995211538691557,1.0,0.0028995211538691557,0.0028995211538691557,0.6525597432131962,4.958027463308343
2016-08-26,-0.016337825659365923,1.0,-0.016337825659365923,-0.016337825659365923,0.6418983358962584,4.877024074998463
2016-08-29,0.005919963349774626,1.0,0.005919963349774626,0.005919963349774626,0.6456983505190456,4.905895878778423
2016-08-30,-0.009154672287014387,1.0,-0.009154672287014387,-0.009154672287014387,0.6397871937237779,4.860984009733992
2016-08-31,-0.0023098136588444174,1.0,-0.0023098136588444174,-0.0023098136588444174,0.638309404524961,4.849756042472884
2016-09-01,0.0004957941183389991,1.0,0.0004957941183389991,0.0004957941183389991,0.6386258745734049,4.852160522994121
2016-09-02,0.01760352553775535,1.0,0.01760352553775535,0.01760352553775535,0.6498679414655292,4.937575654673937
2016-09-06,0.017542490079810902,1.0,0.017542490079810902,0.017542490079810902,0.6612682433818754,5.024193026614371
2016-09-07,-0.0018359631973825508,1.0,-0.0018359631973825508,-0.0018359631973825508,0.6600541792234285,5.0149687931209606
2016-09-08,0.0025590003697602004,1.0,0.0025590003697602004,0.0025590003697602004,0.661743258112123,5.027802100116893
2016-09-09,-0.03605049938399307,1.0,-0.03605049938399307,-0.03605049938399307,0.6378870831931903,4.84654732360379
2016-09-12,0.020105820020204224,1.0,0.020105820020204224,0.020105820020204224,0.6507123260810856,4.94399113181157
2016-09-13,-0.014193837596153447,1.0,-0.014193837596153447,-0.014193837596153447,0.6414762210028755,4.873816924609814
2016-09-14,0.004607463692127389,1.0,0.004607463692127389,0.004607463692127389,0.6444317994005093,4.89627285913203
2016-09-15,0.0051599041729792905,1.0,0.0051599041729792905,0.0051599041729792905,0.6477570057314366,4.921537157889911
2016-09-16,0.004807070235141264,1.0,0.004807070235141264,0.004807070235141264,0.6508708191532924,4.945195332672745
2016-09-19,0.01151447536084338,1.0,0.01151447536084338,0.01151447536084338,0.658365255163525,5.002136662485364
2016-09-20,0.0026457585553065766,1.0,0.0026457585553065766,0.0026457585553065766,0.6601071306698905,5.015371108354947
2016-09-21,0.022147400451667076,1.0,0.022147400451667076,0.022147400451667076,0.6747267876338374,5.126448540705406
2016-09-22,0.0014862698451367784,0.0,0.0,-0.001,0.6740520608462036,5.1340678265841015
2016-09-23,-0.009997555964592064,-1.0,0.009997555964592064,0.008997555964592063,0.6801168819867159,5.082739696161815
2016-09-26,-0.004102544004679465,-1.0,0.004102544004679465,0.004102544004679465,0.6829070914233919,5.06188753289398
2016-09-27,0.004436431788834794,-1.0,-0.004436431788834794,-0.004436431788834794,0.6798774206941804,5.084344251656417
2016-09-28,-0.002444954776203212,-1.0,0.002444954776203212,0.002444954776203212,0.6815396902411394,5.071913259894469
2016-09-29,-0.021979976019342207,-1.0,0.021979976019342207,0.021979976019342207,0.6965199162888696,4.960432728069804
2016-09-30,-0.011155792567268619,-1.0,0.011155792567268619,0.011155792567268619,0.7042901479939596,4.905095169511568
2016-10-03,-0.00972862697070509,-1.0,0.00972862697070509,0.00972862697070509,0.7111419241229355,4.857375328351583
2016-10-04,-0.018410219102079628,-1.0,0.018410219102079628,0.018410219102079628,0.7242342027587133,4.767949984295594
2016-10-05,-0.003027531265492156,0.0,-0.0,-0.001,0.7235099685559546,4.753514866645836
2016-10-06,-0.004302212751572498,1.0,-0.004302212751572498,-0.005302212751572498,0.7196737647747874,4.733064234371763
2016-10-07,0.031432229714811744,1.0,0.031432229714811744,0.031432229714811744,0.7422947158689119,4.881834996641495
2016-10-10,0.0085430775609594,1.0,0.0085430775609594,0.0085430775609594,0.7486361971996703,4.923540891657609
2016-10-11,-0.013275745874191669,1.0,-0.013275745874191669,-0.013275745874191669,0.7386974932934263,4.858177213978772
2016-10-12,0.015105436347659484,1.0,0.015105436347659484,0.015105436347659484,0.7498558412585458,4.931562100650178
2016-10-13,0.01341643752531474,1.0,0.01341643752531474,0.01341643752531474,0.7599162353057833,4.997726095475762
2016-10-14,-0.004814052070253427,1.0,-0.004814052070253427,-0.004814052070253427,0.7562579589799904,4.973666781819277
2016-10-17,0.00024187878955594933,1.0,0.00024187878955594933,0.00024187878955594933,0.7564408817397005,4.974869806320117
2016-10-18,0.008463631622244616,1.0,0.008463631622244616,0.008463631622244616,0.7628431187067513,5.0169752717294385
2016-10-19,-0.004236356192816149,1.0,-0.004236356192816149,-0.004236356192816149,0.7596114435366708,4.995721577467842
2016-10-20,-0.0036120858844277404,1.0,-0.0036120858844277404,-0.0036120858844277404,0.7568676617638221,4.97767660207534
2016-10-21,-0.0033834176299297747,1.0,-0.0033834176299297747,-0.0033834176299297747,0.7543068623734867,4.960835043303789
2016-10-24,0.005415721606805368,1.0,0.005415721606805368,0.005415721606805368,0.7583919783462043,4.987701544835607
2016-10-25,0.009165373344976135,1.0,0.009165373344976135,0.009165373344976135,0.7653429239695824,5.03341569162734
2016-10-26,0.005417634973259311,1.0,0.005417634973259311,0.005417634973259311,0.7694892725610165,5.060684900513253
2016-10-27,-0.00855775426477512,1.0,-0.00855775426477512,-0.00855775426477512,0.7629041724570588,5.017376802723202
2016-10-28,0.0048750694579582365,1.0,0.0048750694579582365,0.0048750694579582365,0.7666233832875531,5.041836863133226
2016-10-31,0.018054363356224234,1.0,0.018054363356224234,0.018054363356224234,0.7804642804068045,5.13286401784304
2016-11-01,-0.016483995834998044,0.0,-0.0,-0.001,0.7796838161263977,5.048253908751303
2016-11-02,-0.01755511426137779,0.0,-0.0,-0.0,0.7796838161263977,4.959631234562727
2016-11-03,0.0012938553925860852,0.0,0.0,0.0,0.7796838161263977,4.966048280180805
2016-11-04,-0.0053294969209474186,0.0,-0.0,-0.0,0.7796838161263977,4.939581741162304
2016-11-07,0.01201465669041335,0.0,0.0,0.0,0.7796838161263977,4.998929119976604
2016-11-08,0.004091316412706769,0.0,0.0,0.0,0.7796838161263977,5.019381320731123
2016-11-09,-0.061356784068774206,0.0,-0.0,-0.0,0.7796838161263977,4.711408224876185
2016-11-10,-0.020682356381911404,1.0,-0.020682356381911404,-0.021682356381911405,0.7627784337599365,4.613965200908627
2016-11-11,-0.013210825044273178,1.0,-0.013210825044273178,-0.013210825044273178,0.7527015013239893,4.553010913879058
2016-11-14,0.007927128704139585,1.0,0.007927128704139585,0.007927128704139585,0.7586682630007836,4.5891032173847295
2016-11-15,0.005155464565153034,1.0,0.005155464565153034,0.005155464565153034,0.7625795503473903,4.612762176407786
2016-11-16,-0.006432954544874914,1.0,-0.006432954544874914,-0.006432954544874914,0.7576739107631544,4.583088487000636
2016-11-17,0.004287057180412335,1.0,0.004287057180412335,0.004287057180412335,0.7609221021427026,4.602736449407297
2016-11-18,-0.006011631546493423,1.0,-0.006011631546493423,-0.006011631546493423,0.7563477188290375,4.575066493767845
2016-11-21,0.002279148949737575,1.0,0.002279148949737575,0.002279148949737575,0.7580715479380431,4.585493751762096
2016-11-22,0.003084289049910094,1.0,0.003084289049910094,0.003084289049910094,0.7604096597123968,4.599636739929086
2016-11-23,-0.0036018224113147923,1.0,-0.0036018224113147923,-0.0036018224113147923,0.7576707991582644,4.5830696652353025
2016-11-25,0.011814246209527646,1.0,0.011814246209527646,0.011814246209527646,0.7666221085252897,4.63721517865581
2016-11-28,0.013419576024265911,1.0,0.013419576024265911,0.013419576024265911,0.7769098521925278,4.699444640286661
2016-11-29,0.008340462557824724,1.0,0.008340462557824724,0.008340462557824724,0.7833896397255448,4.738640182351542
2016-11-30,-0.02592310171610057,1.0,-0.02592310171610057,-0.02592310171610057,0.7630817504116001,4.615799930908442
2016-12-01,-0.011205470754395819,1.0,-0.011205470754395819,-0.011205470754395819,0.7545310601741497,4.564077719774505
2016-12-02,0.012926082923399917,1.0,0.012926082923399917,0.012926082923399917,0.7642841912262417,4.623073366849153
2016-12-05,0.005156768370870646,1.0,0.005156768370870646,0.005156768370870646,0.7682254277699136,4.646913485363535
2016-12-06,-0.002173872686431433,1.0,-0.002173872686431433,-0.002173872686431433,0.7665554034954626,4.636811687061493
2016-12-07,0.02553366272647617,1.0,0.02553366272647617,0.02553366272647617,0.7861283706294736,4.755206472805104
2016-12-08,-0.00688295529126004,1.0,-0.00688295529126004,-0.00688295529126004,0.7807174842012399,4.722476599252076
2016-12-09,-0.0032513955310458087,1.0,-0.0032513955310458087,-0.0032513955310458087,0.7781790628620986,4.707121959941799
2016-12-12,0.008240973265715157,1.0,0.008240973265715157,0.008240973265715157,0.7845920157150844,4.7459132261721395
2016-12-13,0.013367194314435338,1.0,0.013367194314435338,0.013367194314435338,0.7950798096467024,4.809352770465831
2016-12-14,-0.025121404412670523,0.0,-0.0,-0.001,0.7942847298370558,4.6885350745557615
2016-12-15,0.008618381794254892,0.0,0.0,0.0,0.7942847298370558,4.728942659884038
2016-12-16,0.015978611491572092,0.0,0.0,0.0,0.7942847298370558,4.8045045974122464
2016-12-19,0.002691176224542735,0.0,0.0,0.0,0.7942847298370558,4.817434365955508
2016-12-20,0.0006711917984691951,-1.0,-0.0006711917984691951,-0.001671191798469195,0.7929573277109028,4.820667788391601
2016-12-21,-0.0058675655439242025,-1.0,0.0058675655439242025,0.0058675655439242025,0.7976100568047815,4.792382204177729
2016-12-22,0.0025295130308991,-1.0,-0.0025295130308991,-0.0025295130308991,0.7955924917725176,4.804504597412246
2016-12-23,0.0027757294655395004,-1.0,-0.0027757294655395004,-0.0027757294655395004,0.7933841422505425,4.817840602390603
2016-12-27,0.00016741754970528433,-1.0,-0.00016741754970528433,-0.00016741754970528433,0.7932513158214719,4.8186471934591255
2016-12-28,-0.0050314508399667,-1.0,0.0050314508399667,0.0050314508399667,0.7972425208207665,4.794402406990092
2016-12-29,0.012895039712528256,-1.0,-0.012895039712528256,-0.012895039712528256,0.7869620468542666,4.85622641642607
2016-12-30,-0.0059907765634859,-1.0,0.0059907765634859,0.0059907765634859,0.7916765606409141,4.827133849023563
2017-01-03,-0.006194383666745296,-1.0,0.006194383666745296,0.006194383666745296,0.7965805089974932,4.797232729951978
2017-01-04,0.0029478285675517135,-1.0,-0.0029478285675517135,-0.0029478285675517135,0.7942323262167156,4.8113741496385245
2017-01-05,-0.0005881751769374333,-1.0,0.0005881751769374333,0.0005881751769374333,0.7946994739557175,4.808544218796749
2017-01-06,-0.002940975722210748,-1.0,0.002940975722210748,0.002940975722210748,0.7970366658150749,4.794402406990091
2017-01-09,-0.0025282836035250833,-1.0,0.0025282836035250833,0.0025282836035250833,0.7990518005486634,4.782280797995797
2017-01-10,0.0019432666180658753,-1.0,-0.0019432666180658753,-0.0019432666180658753,0.7974990298585518,4.791574044628759
2017-01-11,0.006999540658213066,-1.0,-0.006999540658213066,-0.006999540658213066,0.7919169029741714,4.825112861970976
2017-01-12,0.0007536656684159482,-1.0,-0.0007536656684159482,-0.0007536656684159482,0.7913200623921615,4.828749383881276
2017-01-13,-0.0037658152424810964,-1.0,0.0037658152424810964,0.0037658152424810964,0.794300027544799,4.810565205849335
2017-01-17,0.009828016437113174,-1.0,-0.009828016437113174,-0.009828016437113174,0.7864936338180892,4.857843519764227
2017-01-18,-0.0015805580941670172,-1.0,0.0015805580941670172,0.0015805580941670172,0.7877367326970313,4.850165415868867
2017-01-19,-0.00624848361814434,-1.0,0.00624848361814434,0.00624848361814434,0.7926588927666993,4.81985923672252
2017-01-20,-0.00016767285293528555,-1.0,0.00016767285293528555,0.00016767285293528555,0.7927918001446541,4.819051077173552
2017-01-23,-0.0040249860615348965,-1.0,0.0040249860615348965,0.0040249860615348965,0.7959827760899355,4.799654463758103
2017-01-24,0.00025269058695287505,-1.0,-0.00025269058695287505,-0.00025269058695287505,0.7957816387350409,4.800867291261722
2017-01-25,0.0017674888076057993,-1.0,-0.0017674888076057993,-0.0017674888076057993,0.7943751035952785,4.809352770465828
2017-01-26,-0.0022684877512015866,-1.0,0.0022684877512015866,0.0022684877512015866,0.7961771337876439,4.798442812614819
2017-01-27,0.022063342065195446,-1.0,-0.022063342065195446,-0.022063342065195446,0.7786108053404002,4.904312497769818
2017-01-30,0.008898256671833638,-1.0,-0.008898256671833638,-0.008898256671833638,0.7716825265470182,4.947952329173856
2017-01-31,0.010371708562557647,-1.0,-0.010371708562557647,-0.010371708562557647,0.7636788602788543,4.999271048713475
2017-02-01,-0.008890972831840038,-1.0,0.008890972831840038,0.008890972831840038,0.7704687082778442,4.954822665640359
2017-02-02,0.006850120552561734,-1.0,-0.006850120552561734,-0.006850120552561734,0.7651909047441644,4.988763798216561
2017-02-03,0.006075044763073967,-1.0,-0.006075044763073967,-0.006075044763073967,0.7605423357455465,5.019070761603129
2017-02-06,-0.0028177717985317097,-1.0,0.0028177717985317097,0.0028177717985317097,0.7626853704907997,5.004928165556249
2017-02-07,0.003794570613697479,-1.0,-0.003794570613697479,-0.003794570613697479,0.7597913069964383,5.023919718896936
2017-02-08,0.015845058879836005,-1.0,-0.015845058879836005,-0.015845058879836005,0.7477523690006922,5.1035240226504275
2017-02-09,-0.013064334133474298,-1.0,0.013064334133474298,0.013064334133474298,0.7575212557984141,5.036849879560309
2017-02-10,0.0065782697637890575,-1.0,-0.0065782697637890575,-0.0065782697637890575,0.7525380766259679,5.069983636827765
2017-02-13,0.004224237741566439,-1.0,-0.004224237741566439,-0.004224237741566439,0.7493591768807187,5.091400453055577
2017-02-14,0.0,-1.0,-0.0,-0.0,0.7493591768807187,5.091400453055577
2017-02-15,-0.005634656286120587,-1.0,0.005634656286120587,0.005634656286120587,0.7535815582772919,5.06271216148761
2017-02-16,0.00718310703497127,-1.0,-0.00718310703497127,-0.00718310703497127,0.7481685012846057,5.099078164830827
2017-02-17,0.005309574043661502,-1.0,-0.005309574043661502,-0.005309574043661502,0.7441960452298998,5.1261520979014135
2017-02-21,0.011035872418029502,-1.0,-0.011035872418029502,-0.011035872418029502,0.7359831926207405,5.182723658449268
2017-02-22,0.0014032489825366312,-1.0,-0.0014032489825366312,-0.0014032489825366312,0.7349504249545314,5.1899963101497555
2017-02-23,0.00568340350827623,-1.0,-0.00568340350827623,-0.00568340350827623,0.7307734051309358,5.219493153386801
2017-02-24,0.02163270779594706,-1.0,-0.02163270779594706,-0.02163270779594706,0.714964797592689,5.332404923616964
2017-02-27,-0.0083231689135016,-1.0,0.0083231689135016,0.0083231689135016,0.7209155703702605,5.288022416722512
2017-02-28,0.008700906684929954,-1.0,-0.008700906684929954,-0.008700906684929954,0.7146429512647559,5.334033006318233
2017-03-01,-0.01213734351957163,-1.0,0.01213734351957163,0.01213734351957163,0.7233168182580966,5.269292015375815
2017-03-02,0.011822856366378476,-1.0,-0.011822856366378476,-0.011822856366378476,0.7147651474084452,5.331590098026108
2017-03-03,-0.0010691463428715853,-1.0,0.0010691463428715853,0.0010691463428715853,0.715529335951809,5.325889847971114
2017-03-06,-0.001223357589426044,-1.0,0.001223357589426044,0.001223357589426044,0.7164046841954026,5.319374380205152
2017-03-07,7.666407483131188e-05,-1.0,-7.666407483131188e-05,-7.666407483131188e-05,0.716349761693084,5.319782185120691
2017-03-08,-0.009261268533962141,-1.0,0.009261268533962141,0.009261268533962141,0.7229840692003634,5.270514253762101
2017-03-09,-0.005330602003367102,-1.0,0.005330602003367102,0.005330602003367102,0.7268380095280452,5.242419239922222
2017-03-10,0.010174635821952549,-1.0,-0.010174635821952549,-0.010174635821952549,0.7194426974795445,5.295758946514428
2017-03-13,0.0030755729667968357,-1.0,-0.0030755729667968357,-0.0030755729667968357,0.717229998968017,5.312046439569
2017-03-14,0.0008432132662994363,-1.0,-0.0008432132662994363,-0.0008432132662994363,0.7166252211178992,5.316525627598043
2017-03-15,0.010185928129778699,-1.0,-0.010185928129778699,-0.010185928129778699,0.7093257281196055,5.370679375540884
2017-03-16,-0.015162980133049841,-1.0,0.015162980133049841,0.015162980133049841,0.7200812200429443,5.289243870868577
2017-03-17,0.0025403971106179313,-1.0,-0.0025403971106179313,-0.0025403971106179313,0.718251927792137,5.3026806507154856
2017-03-20,-0.002610939220088815,-1.0,0.002610939220088815,0.002610939220088815,0.7201272399203139,5.288835673832926
2017-03-21,0.015089864577568113,-1.0,-0.015089864577568113,-0.015089864577568113,0.7092606173912984,5.368643487924076
2017-03-22,0.00424721524375582,-1.0,-0.00424721524375582,-0.00424721524375582,0.7062482348853184,5.391445272384278
2017-03-23,-0.0024167469970124422,-1.0,0.0024167469970124422,0.0024167469970124422,0.7079550581861228,5.378415513212686
2017-03-24,0.005375377882211874,-1.0,-0.005375377882211874,-0.005375377882211874,0.7041495322247491,5.407326529003755
2017-03-27,-0.012801328501320652,-1.0,0.012801328501320652,0.012801328501320652,0.7131635817008094,5.3381055657920715
2017-03-28,0.0012202642314271817,-1.0,-0.0012202642314271817,-0.0012202642314271817,0.7122933336909034,5.34461946507759
2017-03-29,-0.005408928223851195,-1.0,0.005408928223851195,0.005408928223851195,0.7161460772071652,5.315710802007187
2017-03-30,-0.018536945057339604,-1.0,0.018536945057339604,0.018536945057339604,0.7294212376933836,5.217173762929673
2017-03-31,0.0018729744517866909,0.0,0.0,-0.001,0.7286918164556903,5.226945396098172
2017-04-03,0.002726714858859225,0.0,0.0,0.0,0.7286918164556903,5.2411977857761585
2017-04-04,0.006370196345183432,0.0,0.0,0.0,0.7286918164556903,5.274585244755493
2017-04-05,0.008491499022447613,0.0,0.0,0.0,0.7286918164556903,5.319374380205151
2017-04-06,-0.006735897274857461,0.0,-0.0,-0.0,0.7286918164556903,5.28354362081358
2017-04-07,-0.006396399545534837,0.0,-0.0,-0.0,0.7286918164556903,5.249747964798594
2017-04-10,0.0038780673481071393,0.0,0.0,0.0,0.7286918164556903,5.270106840966672
2017-04-11,-0.0008497747624410801,0.0,-0.0,-0.0,0.7286918164556903,5.26562843717785
2017-04-12,0.009201770756483985,0.0,0.0,0.0,0.7286918164556903,5.314081542945583
2017-04-13,0.0019921521101626816,0.0,0.0,0.0,0.7286918164556903,5.324668001704939
2017-04-17,0.0010706098808941356,0.0,0.0,0.0,0.7286918164556903,5.330368643880045
2017-04-18,0.007868121986382759,0.0,0.0,0.0,0.7286918164556903,5.372308634602483
2017-04-19,-0.0033348001714660347,0.0,-0.0,-0.0,0.7286918164556903,5.354393058846642
2017-04-20,-0.0047911450926848564,0.0,-0.0,-0.0,0.7286918164556903,5.3287393848184434
2017-04-21,0.016428936362099744,0.0,0.0,0.0,0.7286918164556903,5.41628490506184
2017-04-24,-0.0020298532790659074,-1.0,0.0020298532790659074,0.0010298532790659074,0.7294422621122957,5.405290641386945
2017-04-25,0.0012807600961146637,-1.0,-0.0012807600961146637,-0.0012807600961146637,0.7285080215705626,5.412213521948336
2017-04-26,-0.0006774165549593425,-1.0,0.0006774165549593425,0.0006774165549593425,0.7290015249647953,5.408547198909593
2017-04-27,0.0051945583179053845,-1.0,-0.0051945583179053845,-0.0051945583179053845,0.7252146840295237,5.436642212749473
2017-04-28,0.0002993926246130929,-1.0,-0.0002993926246130929,-0.0002993926246130929,0.7249975601018641,5.438269903330631
2017-05-01,-0.003892958108826061,-1.0,0.003892958108826061,0.003892958108826061,0.7278199452323417,5.417098946412475
2017-05-02,0.0073659615413708135,-1.0,-0.0073659615413708135,-0.0073659615413708135,0.7224588515067177,5.45700108891755
2017-05-03,-0.0049246022230770015,-1.0,0.0049246022230770015,0.0049246022230770015,0.7260166739729295,5.430127529223733
2017-05-04,0.0073484327081727585,-1.0,-0.0073484327081727585,-0.0073484327081727585,0.720681589299228,5.47003045596903
2017-05-05,-7.455258591737568e-05,-1.0,7.455258591737568e-05,7.455258591737568e-05,0.7207353179753333,5.46962265105349
2017-05-08,0.004615794354299485,-1.0,-0.004615794354299485,-0.004615794354299485,0.7174085519636785,5.494869304406372
2017-05-09,-0.008744093974051625,-1.0,0.008744093974051625,0.008744093974051625,0.7236816397598372,5.4468216508335106
2017-05-10,0.002990058742192714,-1.0,-0.002990058742192714,-0.002990058742192714,0.7215177891463089,5.463107967527749
2017-05-11,0.003503243665712974,-1.0,-0.003503243665712974,-0.003503243665712974,0.7189901365217829,5.482246565910097
2017-05-12,0.006758796681705759,-1.0,-0.006758796681705759,-0.006758796681705759,0.7141306283728803,5.519299955808063
2017-05-15,0.004278487764656003,-1.0,-0.004278487764656003,-0.004278487764656003,0.7110752292170208,5.542914213138454
2017-05-16,-0.0016892623217321656,-1.0,0.0016892623217321656,0.0016892623217321656,0.7122764218096542,5.533550777005606
2017-05-17,0.004047087428554086,-1.0,-0.004047087428554086,-0.004047087428554086,0.7093937768572929,5.555945540790491
2017-05-18,0.003591152480956872,-1.0,-0.003591152480956872,-0.003591152480956872,0.7068462356355565,5.575897788403362
2017-05-19,0.0025556488834779234,-1.0,-0.0025556488834779234,-0.0025556488834779234,0.7050397848426639,5.590147825360682
2017-05-22,0.007721054672794159,-1.0,-0.007721054672794159,-0.007721054672794159,0.6995961341173987,5.633309662349293
2017-05-23,0.004409420778620277,-1.0,-0.004409420778620277,-0.004409420778620277,0.696511320386979,5.658149295026859
2017-05-24,0.00856321155222739,-1.0,-0.00856321155222739,-0.00856321155222739,0.6905469466019841,5.70660122443426
2017-05-25,0.01101538033189553,-1.0,-0.01101538033189553,-0.01101538033189553,0.6829403093481341,5.769461607323864
2017-05-26,7.115911054778046e-05,-1.0,-7.115911054778046e-05,-7.115911054778046e-05,0.6828917119231637,5.76987215708018
2017-05-30,-0.0004259728447069122,-1.0,0.0004259728447069122,0.0004259728447069122,0.6831826052483183,5.767414348223833
2017-05-31,0.005616630354932539,-1.0,-0.005616630354932539,-0.005616630354932539,0.6793454210897187,5.79980778272154
2017-06-01,0.003251932810561353,-1.0,-0.003251932810561353,-0.003251932810561353,0.6771362354251724,5.818668367945122
2017-06-02,0.005708405454682097,-1.0,-0.005708405454682097,-0.005708405454682097,0.6732708672453085,5.851883686195686
2017-06-05,-0.006026051712906044,-1.0,0.006026051712906044,0.006026051712906044,0.6773280323081218,5.81661993248476
2017-06-06,0.000493468585971879,-1.0,-0.000493468585971879,-0.000493468585971879,0.6769937922017796,5.819490251697979
2017-06-07,0.004650197212590301,-1.0,-0.004650197212590301,-0.004650197212590301,0.673845637556342,5.846552029045121
2017-06-08,-0.007925430437947911,-1.0,0.007925430437947911,0.007925430437947911,0.6791861542827095,5.800215587637081
2017-06-09,-0.008554187903463073,-1.0,0.008554187903463073,0.008554187903463073,0.6849960402678743,5.750599453619838
2017-06-12,-0.005846753750987976,-1.0,0.005846753750987976,0.005846753750987976,0.6890010434357223,5.7169771146939565
2017-06-13,0.0038012551460397948,-1.0,-0.0038012551460397948,-0.0038012551460397948,0.6863819746737355,5.7387088033709786
2017-06-14,0.008574398539290318,-1.0,-0.008574398539290318,-0.008574398539290318,0.6804966620726979,5.787914779752015
2017-06-15,0.005100888407666648,-1.0,-0.005100888407666648,-0.005100888407666648,0.6770255245376754,5.817438287156614
2017-06-16,0.006837420525324545,-1.0,-0.006837420525324545,-0.006837420525324545,0.6723964163200329,5.857214559106028
2017-06-19,-0.0031505700127674174,-1.0,0.0031505700127674174,0.0031505700127674174,0.6745148483059831,5.838760994557764
2017-06-20,-0.0030198984085947345,-1.0,0.0030198984085947345,0.0030198984085947345,0.6765518146229559,5.8211285295221336
2017-06-21,-0.006339528101511616,-1.0,0.006339528101511616,0.006339528101511616,0.6808408338638867,5.784225321626717
2017-06-22,0.003757264599651311,-1.0,-0.003757264599651311,-0.003757264599651311,0.6782827347008129,5.805958186664072
2017-06-23,0.010946821551849117,-1.0,-0.010946821551849117,-0.010946821551849117,0.6708576946423429,5.869514974870981
2017-06-26,0.007615307870454169,-1.0,-0.007615307870454169,-0.007615307870454169,0.6657489067603783,5.914213138454865
2017-06-27,-0.01358938282558575,-1.0,0.01358938282558575,0.01358938282558575,0.6747960235200603,5.833842632004292
2017-06-28,-0.008786375683380476,-1.0,0.008786375683380476,0.008786375683380476,0.6807250348923589,5.7825842989617815
2017-06-29,-0.007445799720783408,-1.0,0.007445799720783408,0.007445799720783408,0.6857935771670908,5.739528334403166
2017-06-30,0.0011430489051538206,-1.0,-0.0011430489051538206,-0.0011430489051538206,0.6850096815695484,5.746088895981904
2017-07-03,-0.0036394406949685765,-1.0,0.0036394406949685765,0.0036394406949685765,0.6875027336811002,5.72517634621696
2017-07-05,-0.005729640107152045,-1.0,0.005729640107152045,0.005729640107152045,0.691441876917776,5.692373146203157
2017-07-06,0.005402870803377535,0.0,0.0,-0.001,0.6907504350408582,5.723128302876709
2017-07-07,0.006519749961374721,0.0,0.0,0.0,0.6907504350408582,5.7604416684083315
2017-07-10,0.003915182482179036,0.0,0.0,0.0,0.6907504350408582,5.782994848718098
2017-07-11,-0.0019854869999827995,0.0,-0.0,-0.0,0.6907504350408582,5.771512787625
2017-07-12,0.00021326558114331817,0.0,0.0,0.0,0.6907504350408582,5.7727436526537295
2017-07-13,-0.0014208107716706664,0.0,-0.0,-0.0,0.6907504350408582,5.764541676289945
2017-07-14,0.007682696074453377,0.0,0.0,0.0,0.6907504350408582,5.808828897997401
2017-07-17,-0.004871032628675387,0.0,-0.0,-0.0,0.6907504350408582,5.7805339029008636
2017-07-18,0.0036887089945876195,0.0,0.0,0.0,0.6907504350408582,5.801856610302012
2017-07-19,0.002191385161016246,0.0,0.0,0.0,0.6907504350408582,5.814570712784172
2017-07-20,0.011847622271773828,0.0,0.0,0.0,0.6907504350408582,5.883459550261757
2017-07-21,0.006202718327127599,0.0,0.0,0.0,0.6907504350408582,5.91995299264108
2017-07-24,-0.00845045420388224,-1.0,0.00845045420388224,0.0074504542038822405,0.6958968395234418,5.869926700987631
2017-07-25,-0.0002795644219302229,-1.0,0.0002795644219302229,0.0002795644219302229,0.6960913875211062,5.868285678322697
2017-07-26,0.016630281945892778,-1.0,-0.016630281945892778,-0.016630281945892778,0.6845151914865225,5.965876923692248
2017-07-27,-0.005773276022760565,-1.0,0.005773276022760565,0.005773276022760565,0.6884670866287471,5.931434269493955
2017-07-28,0.003249050098915296,-1.0,-0.003249050098915296,-0.003249050098915296,0.6862302225728361,5.950705796593963
2017-07-31,0.006684097138837997,-1.0,-0.006684097138837997,-0.006684097138837997,0.6816433931055528,5.990480892183044
2017-08-01,0.003286147855510846,-1.0,-0.003286147855510846,-0.003286147855510846,0.6794034121310758,6.01016649812037
2017-08-02,0.0011591036447826664,-1.0,-0.0011591036447826664,-0.0011591036447826664,0.6786159131597969,6.017132904014092
2017-08-03,0.005452284624297921,-1.0,-0.005452284624297921,-0.005452284624297921,0.6749159060506718,6.049940025229005
2017-08-04,-0.005354404586282335,-1.0,0.005354404586282335,0.005354404586282335,0.6785296788733843,6.017546198611186
2017-08-07,0.002316732742823735,-1.0,-0.002316732742823735,-0.002316732742823735,0.6769577069493606,6.031487244920963
2017-08-08,0.0017678110933396773,-1.0,-0.0017678110933396773,-0.0017678110933396773,0.6757609736052937,6.042149774981871
2017-08-09,-0.0007465802613368933,-1.0,0.0007465802613368933,0.0007465802613368933,0.6762654834095693,6.037638825223828
2017-08-10,0.0032598314185323662,-1.0,-0.0032598314185323662,-0.0032598314185323662,0.6740609719394818,6.057320509960044
2017-08-11,-0.0036554510194616308,-1.0,0.0036554510194616308,0.0036554510194616308,0.6765249688065372,6.035178271526704
2017-08-14,0.005979021576494548,-1.0,-0.005979021576494548,-0.005979021576494548,0.6724800114210057,6.071262732630154
2017-08-15,0.006686421018020194,-1.0,-0.006686421018020194,-0.006686421018020194,0.6679835269384418,6.111857751371534
2017-08-16,0.006239551186530967,-1.0,-0.006239551186530967,-0.006239551186530967,0.6638156095303499,6.149993000656013
2017-08-17,-0.009134942519589462,-1.0,0.009134942519589462,0.009134942519589462,0.6698795269670159,6.093813168099143
2017-08-18,0.008882622896810188,-1.0,-0.008882622896810188,-0.008882622896810188,0.6639292397426744,6.147942212474985
2017-08-21,0.003468267375363876,-1.0,-0.003468267375363876,-0.003468267375363876,0.6616265556209248,6.1692649198761345
2017-08-22,0.0025923689546243356,-1.0,-0.0025923689546243356,-0.0025923689546243356,0.659911375478578,6.185257930727274
2017-08-23,-0.0014482163748362753,-1.0,0.0014482163748362753,0.0014482163748362753,0.6608670699384868,6.176300338909408
2017-08-24,-0.0022051874409324546,-1.0,0.0022051874409324546,0.0022051874409324546,0.6623244057012411,6.162680438970619
2017-08-25,0.005291000914464217,-1.0,-0.005291000914464217,-0.005291000914464217,0.6588200466650038,6.195287186808764
2017-08-28,0.005196442436049775,-1.0,-0.005196442436049775,-0.005196442436049775,0.6553965262167935,6.227480640049812
2017-08-29,-0.0010605378664216847,-1.0,0.0010605378664216847,0.0010605378664216847,0.6560915990503676,6.220876161018632
2017-08-30,-0.0006631065242180822,-1.0,0.0006631065242180822,0.0006631065242180822,0.6565266576701827,6.216751057449907
2017-08-31,-0.0007306580760518822,-1.0,0.0007306580760518822,0.0007306580760518822,0.6570063541747527,6.212208738082977
2017-09-01,-0.0023252471482457793,-1.0,0.0023252471482457793,0.0023252471482457793,0.6585340563261769,6.197763817430443
2017-09-05,0.0006655793428467227,-1.0,-0.0006655793428467227,-0.0006655793428467227,0.6580957496617251,6.201888920999167
2017-09-06,-0.013376391025485823,-1.0,0.013376391025485823,0.013376391025485823,0.6668986957414106,6.118930029695254
2017-09-07,0.008364064392254233,-1.0,-0.008364064392254233,-0.008364064392254233,0.6613207121071191,6.170109154475323
2017-09-08,-0.00822783084580847,-1.0,0.00822783084580847,0.00822783084580847,0.666761947061166,6.119342540052126
2017-09-11,0.021179003736178315,-1.0,-0.021179003736178315,-0.021179003736178315,0.652640593293216,6.248944118570845
2017-09-12,-0.014993504452507467,-1.0,0.014993504452507467,0.014993504452507467,0.6624259629346448,6.155250547105583
2017-09-13,-0.006370561674064912,-1.0,0.006370561674064912,0.006370561674064912,0.666645988386022,6.116038143875925
2017-09-14,0.00924566780824887,-1.0,-0.00924566780824887,-0.00924566780824887,0.6604824010317031,6.172585000856781
2017-09-15,0.003611012804506597,-1.0,-0.003611012804506597,-0.003611012804506597,0.6580973906244263,6.19487428433178
2017-09-18,-0.011926136870735737,-1.0,0.011926136870735737,0.011926136870735737,0.6659459501792873,6.120993365719838
2017-09-19,-0.0025622043721215126,-1.0,0.0025622043721215126,0.0025622043721215126,0.6676522398044333,6.105310129756464
2017-09-20,-0.00797777777777775,0.0,-0.0,-0.001,0.6669845875646289,6.056603322276851
2017-09-21,0.0002730194500946137,1.0,0.0002730194500946137,-0.0007269805499053863,0.6664997027423827,6.058256892785341
2017-09-22,-0.002861423392603868,1.0,-0.002861423392603868,-0.002861423392603868,0.6645925649017921,6.040921654793921
2017-09-25,0.0031429084408112207,1.0,0.0031429084408112207,0.0031429084408112207,0.6666813184837223,6.0599077184530525
2017-09-26,0.005993446576671335,1.0,0.005993446576671335,0.005993446576671335,0.6706770373497193,6.096227451623159
2017-09-27,-0.009816980778791229,1.0,-0.009816980778791229,-0.009816980778791229,0.6640930137652804,6.036380903907435
2017-09-28,0.005059693206811433,1.0,0.005059693206811433,0.005059693206811433,0.6674531206757195,6.066923139360662
2017-09-29,-0.0029931934273451644,1.0,-0.0029931934273451644,-0.0029931934273451644,0.665455304381852,6.048763664895719
2017-10-02,0.0012960759942779454,1.0,0.0012960759942779454,0.0012960759942779454,0.6663177850271262,6.056603322276851
2017-10-03,0.001022673757101078,1.0,0.001022673757101078,0.001022673757101078,0.6669992107397632,6.062797251551715
2017-10-04,0.011437057346395774,1.0,0.011437057346395774,0.011437057346395774,0.6746277189629946,6.132137811397283
2017-10-05,-0.005452022413777513,1.0,-0.005452022413777513,-0.005452022413777513,0.6709496335182528,6.098705258605173
2017-10-06,-0.0019625598817372136,1.0,-0.0019625598817372136,-0.0019625598817372136,0.6696328546848436,6.086736184334095
2017-10-09,0.00291542052919902,1.0,0.00291542052919902,0.00291542052919902,0.6715851160564179,6.104481579961721
2017-10-10,0.007640535931433767,1.0,0.007640535931433767,0.007640535931433767,0.6767163862666631,6.151123090816195
2017-10-11,0.005636446462045752,1.0,0.005636446462045752,0.005636446462045752,0.6805306619478442,6.185793566799034
2017-10-12,0.005538231655507042,1.0,0.005538231655507042,0.005538231655507042,0.6842995984023869,6.220051924545112
2017-10-13,-0.0009952959218146873,0.0,-0.0,-0.001,0.6836152988039844,6.213861132231137
2017-10-16,0.00644318097416452,0.0,0.0,0.0,0.6836152988039844,6.253898164054429
2017-10-17,0.007589848475775929,-1.0,-0.007589848475775929,-0.00858984847577593,0.6777431469715359,6.3013643035025355
2017-10-18,-0.0008518365138486805,-1.0,0.0008518365138486805,0.0008518365138486805,0.6783204733311371,6.29599657130175
2017-10-19,0.008719196507089855,-1.0,-0.008719196507089855,-0.008719196507089855,0.6724060638293807,6.350892602614894
2017-10-20,0.0018846286687559388,-1.0,-0.0018846286687559388,-0.0018846286687559388,0.6711388280844426,6.362861676885972
2017-10-23,0.001427205259835862,-1.0,-0.001427205259835862,-0.001427205259835862,0.6701809752189204,6.371942786538831
2017-10-24,-0.0010363091590837037,-1.0,0.0010363091590837037,0.0010363091590837037,0.6708754899017834,6.3653394838679835
2017-10-25,-0.0023344224840829986,-1.0,0.0023344224840829986,0.0023344224840829986,0.6724415967294304,6.350480092258021
2017-10-26,-0.0030550330769988365,-1.0,0.0030550330769988365,0.0030550330769988365,0.6744959280497886,6.33107916552135
2017-10-27,0.0159724856641974,-1.0,-0.0159724856641974,-0.0159724856641974,0.6637225515084538,6.432202236731539
2017-10-30,-0.0030800456459302294,-1.0,0.0030800456459302294,0.0030800456459302294,0.6657668472633332,6.412390760238551
2017-10-31,-0.001866309499545915,-1.0,0.001866309499545915,0.001866309499545915,0.6670093742548635,6.400423254447917
2017-11-01,-0.010898380277319597,-1.0,0.010898380277319597,0.010898380277319597,0.6742786960640299,6.330669007885144
2017-11-02,-0.02294979553375942,-1.0,0.02294979553375942,0.02294979553375942,0.6897532542714693,6.185381448562273
2017-11-03,0.018617234559138662,-1.0,-0.018617234559138662,-0.018617234559138662,0.6769119561487681,6.300536145827902
2017-11-06,-0.005175358306603539,-1.0,0.005175358306603539,0.005175358306603539,0.6804152180638617,6.267928613749536
2017-11-07,0.02390402181684048,-1.0,-0.02390402181684048,-0.02390402181684048,0.6641505578467529,6.417757316079004
2017-11-08,-0.003666015654236965,-1.0,0.003666015654236965,0.003666015654236965,0.6665853441885893,6.394229717293165
2017-11-09,0.00213033643481797,-1.0,-0.00213033643481797,-0.00213033643481797,0.6651652931429487,6.40785157783251
2017-11-10,-0.0005797490605696787,-1.0,0.0005797490605696787,0.0005797490605696787,0.6655509220967719,6.404136631899991
2017-11-13,0.010440373206619835,-1.0,-0.010440373206619835,-0.010440373206619835,0.6586023220820717,6.470998208403213
2017-11-14,0.01033298284293771,-1.0,-0.01033298284293771,-0.01033298284293771,0.6517969955876787,6.537862921867323
2017-11-15,-0.006565720510620876,-1.0,0.006565720510620876,0.006565720510620876,0.6560765124903698,6.494937141185591
2017-11-16,-0.0004441052275822033,-1.0,0.0004441052275822033,0.0004441052275822033,0.6563678794992606,6.492052705648373
2017-11-17,-0.007947494987704418,-1.0,0.007947494987704418,0.007947494987704418,0.6615843599316711,6.440457149310319
2017-11-20,-0.0007689026987089953,-1.0,0.0007689026987089953,0.0007689026987089953,0.6620930539314462,6.435505064427295
2017-11-21,0.0018598500275042174,-1.0,-0.0018598500275042174,-0.0018598500275042174,0.6608616601468815,6.447474138698373
2017-11-22,-0.0003029934438592008,-1.0,0.0003029934438592008,0.0003029934438592008,0.661061896897204,6.445520596304896
2017-11-24,0.005477496800327053,-1.0,-0.005477496800327053,-0.005477496800327053,0.6574409324721314,6.480825914747599
2017-11-27,0.006216913409676117,-1.0,-0.006216913409676117,-0.006216913409676117,0.6533536791229755,6.52111664828277
2017-11-28,0.005031747270631826,-1.0,-0.005031747270631826,-0.005031747270631826,0.6500661685312912,6.553929259179238
2017-11-29,-0.0001264801437541596,-1.0,0.0001264801437541596,0.0001264801437541596,0.6501483889937367,6.5531003172643825
2017-11-30,0.001711108659109728,-1.0,-0.001711108659109728,-0.001711108659109728,0.6490359144556233,6.564313383961268
2017-12-01,-0.0036065084529987024,-1.0,0.0036065084529987024,0.0036065084529987024,0.6513766679674072,6.5406391322538795
2017-12-04,-0.009525429352046477,-1.0,0.009525429352046477,0.009525429352046477,0.6575813103997021,6.4783367362823645
2017-12-05,-0.0021162974575801297,-1.0,0.0021162974575801297,0.0021162974575801297,0.6589729480550532,6.464626648718022
2017-12-06,0.013750229508145084,-1.0,-0.013750229508145084,-0.013750229508145084,0.6499119187796373,6.553516748822366
2017-12-07,0.0025346086174420357,-1.0,-0.0025346086174420357,-0.0025346086174420357,0.6482646464297201,6.570127348848482
2017-12-08,0.005373731863677289,-1.0,-0.005373731863677289,-0.005373731863677289,0.6447810460431053,6.605433451531407
2017-12-11,0.0013831641262551653,-1.0,-0.0013831641262551653,-0.0013831641262551653,0.6438892080309292,6.61456985011993
2017-12-12,-0.013688816244301405,-1.0,0.013688816244301405,0.013688816244301405,0.6527032890813533,6.5240242189065425
2017-12-13,-0.003819971377261533,-1.0,0.003819971377261533,0.003819971377261533,0.6551965969634885,6.499102633125759
2017-12-14,0.009650141348651164,-1.0,-0.009650141348651164,-0.009650141348651164,0.6488738571916356,6.561819892174813
2017-12-15,0.0028488349822808345,-1.0,-0.0028488349822808345,-0.0028488349822808345,0.6470253226481806,6.580513434231067
2017-12-18,-0.013128980408752766,-1.0,0.013128980408752766,0.013128980408752766,0.6555201054331955,6.494118002273513
2017-12-19,-0.014390619043999076,-1.0,0.014390619043999076,0.014390619043999076,0.6649534455461668,6.400663624076019
2017-12-20,-0.0029847048579012547,0.0,-0.0,-0.001,0.6642884921006206,6.381559532263448
2017-12-21,0.0054670182841847215,1.0,0.0054670182841847215,0.0044670182841847214,0.6672558809408076,6.416447634907946
2017-12-22,0.0003883038291072616,1.0,0.0003883038291072616,0.0003883038291072616,0.6675149789543712,6.418939166093846
2017-12-26,-0.0034940499378459666,1.0,-0.0034940499378459666,-0.0034940499378459666,0.6651826482836444,6.396511072099519
2017-12-27,0.008376391988736076,1.0,0.008376391988736076,0.008376391988736076,0.6707544788897737,6.450090756199715
2017-12-28,0.006825833579392926,1.0,0.006825833579392926,0.006825833579392926,0.6753329373353077,6.494118002273515
2017-12-29,-0.0010231528407994572,1.0,-0.0010231528407994572,-0.0010231528407994572,0.6746419685219877,6.4874735269910015
2018-01-02,-0.007042898810295184,1.0,-0.007042898810295184,-0.007042898810295184,0.669890533404509,6.441782907405935
2018-01-03,-0.02121324419655457,1.0,-0.02121324419655457,-0.02121324419655457,0.655679981934439,6.305131793529942
2018-01-04,-0.00513818975393221,1.0,-0.00513818975393221,-0.00513818975393221,0.6523109737694051,6.272734829951234
2018-01-05,0.004568551812896171,1.0,0.004568551812896171,0.004568551812896171,0.6552910902511914,6.301392144030425
2018-01-08,0.008239672593549185,1.0,0.008239672593549185,0.008239672593549185,0.660690474288331,6.353313552180799
2018-01-09,-0.007322402982064213,1.0,-0.007322402982064213,-0.007322402982064213,0.6558526323891808,6.306792030080321
2018-01-10,-0.008232182552075473,1.0,-0.008232182552075473,-0.008232182552075473,0.6504535337920938,6.254873366770725
2018-01-11,-0.0005975015895134383,1.0,-0.0005975015895134383,-0.0005975015895134383,0.6500648867717485,6.251136069991874
2018-01-12,-0.0011963449003634663,1.0,-0.0011963449003634663,-0.0011963449003634663,0.6492871849595537,6.243657555233061
2018-01-16,0.0014636227416766623,1.0,0.0014636227416766623,0.0014636227416766623,0.6502374964493397,6.252795914422141
2018-01-17,0.008901222641941153,1.0,0.008901222641941153,0.008901222641941153,0.6560254051753737,6.308453442991033
2018-01-18,-0.007242512212780827,1.0,-0.007242512212780827,-0.007242512212780827,0.6512741331664965,6.262764391886411
2018-01-19,-0.0041119375669707026,1.0,-0.0041119375669707026,-0.0041119375669707026,0.6485961345919329,6.237012295710327
2018-01-22,-0.0009324858140440373,1.0,-0.0009324858140440373,-0.0009324858140440373,0.6479913278973821,6.231196370222559
2018-01-23,0.017997752192430383,1.0,0.017997752192430383,0.017997752192430383,0.659653715239723,6.3433438983561965
2018-01-24,-0.012244512176916356,1.0,-0.012244512176916356,-0.012244512176916356,0.6515765772909221,6.265672746750406
2018-01-25,0.014848961099665825,1.0,0.014848961099665825,0.014848961099665825,0.6612518125405684,6.3587114776301386
2018-01-26,0.03004779038092331,1.0,0.03004779038092331,0.03004779038092331,0.681120968392793,6.54977670720274
2018-01-29,-0.012746433441238936,0.0,-0.0,-0.001,0.6804398474244002,6.4662904143494035
2018-01-30,-0.00372576208025599,0.0,-0.0,-0.0,0.6804398474244002,6.4421985547236975
2018-01-31,0.02140549484434562,0.0,0.0,0.0,0.6804398474244002,6.580097002673086
2018-02-01,-0.013129572929094002,-1.0,0.013129572929094002,0.012129572929094001,0.6886932921775961,6.4937031391959765
2018-02-02,-0.0026863327454885733,-1.0,0.0026863327454885733,0.0026863327454885733,0.6905433515199711,6.476258891813672
2018-02-05,-0.010454100046451864,-1.0,0.010454100046451864,0.010454100046451864,0.697762360803173,6.408555433431928
2018-02-06,-0.030656815237612323,-1.0,0.030656815237612323,0.030656815237612323,0.719153532578076,6.212089533569209
2018-02-07,-0.009828362815455072,0.0,-0.0,-0.001,0.7184343790454979,6.1510348637912
2018-02-08,-0.01890797431108282,1.0,-0.01890797431108282,-0.01990797431108282,0.7041318058832614,6.034731254600061
2018-02-09,0.01934125176161383,1.0,0.01934125176161383,0.01934125176161383,0.7177505964142094,6.15145051110896
2018-02-12,0.012828738291201791,1.0,0.012828738291201791,0.012828738291201791,0.7269584309739613,6.230365859827256
2018-02-13,0.00713320891121505,1.0,0.00713320891121505,0.00713320891121505,0.7321439773318676,6.274808361098707
2018-02-14,-0.006552824004057878,1.0,-0.006552824004057878,-0.006552824004057878,0.727346366702781,6.233690646249236
2018-02-15,0.02898417168944789,1.0,0.02898417168944789,0.02898417168944789,0.7484278986729905,6.414369006199029
2018-02-16,0.010490351795988895,1.0,0.010490351795988895,0.010490351795988895,0.756279170624003,6.481657993623344
2018-02-20,-0.014354337629600256,1.0,-0.014354337629600256,-0.014354337629600256,0.7454232840666319,6.388618086383277
2018-02-21,-0.01332858431881212,1.0,-0.01332858431881212,-0.01332858431881212,0.735487846971744,6.303466851538229
2018-02-22,0.003624680698961047,1.0,0.003624680698961047,0.003624680698961047,0.7381537555749829,6.32631490617154
2018-02-23,0.025933617481264992,1.0,0.025933617481264992,0.025933617481264992,0.7572967527144236,6.490379137014217
2018-02-26,-0.003222507370400418,1.0,-0.003222507370400418,-0.003222507370400418,0.7548563583472211,6.469463842408495
2018-02-27,-0.019204931497848965,1.0,-0.019204931497848965,-0.019204931497848965,0.740359393694447,6.3452182324872295
2018-02-28,0.0030990945828539562,1.0,0.0030990945828539562,0.0030990945828539562,0.7426538374808105,6.364882663938557
2018-03-01,0.007098459755844777,1.0,0.007098459755844777,0.007098459755844777,0.7479255358586917,6.410063527379199
2018-03-02,-0.002479875139427601,1.0,-0.002479875139427601,-0.002479875139427601,0.7460707739161727,6.3941673701954995
2018-03-05,0.014196535095640339,1.0,0.014196535095640339,0.014196535095640339,0.7566623938419053,6.484942391673878
2018-03-06,-0.011353383899641023,1.0,-0.011353383899641023,-0.011353383899641023,0.7480717152021967,6.411316351134149
2018-03-07,-0.0013703649497268655,1.0,-0.0013703649497268655,-0.0013703649497268655,0.7470465839438016,6.4025305079249435
2018-03-08,0.008232982604158723,1.0,0.008232982604158723,0.008232982604158723,0.7531970054739071,6.455242430219285
2018-03-09,0.0032399871440458305,1.0,0.0032399871440458305,0.0032399871440458305,0.7556373540885764,6.4761573327048945
2018-03-12,-0.0027127440602300323,1.0,-0.0027127440602300323,-0.0027127440602300323,0.7535875033445846,6.458589175367484
2018-03-13,0.0018131927577200724,1.0,0.0018131927577200724,0.0018131927577200724,0.7549539027479574,6.47029984248535
2018-03-14,0.021594393148312463,1.0,0.021594393148312463,0.021594393148312463,0.7712566741327496,6.610022041071443
2018-03-15,0.0008227969448666439,0.0,0.0,-0.001,0.7704854174586168,6.615460747012338
2018-03-16,0.01833796988750991,-1.0,-0.01833796988750991,-0.01933796988750991,0.7555857936570365,6.736774866983054
2018-03-19,-0.006892278206089175,-1.0,0.006892278206089175,0.006892278206089175,0.7607935011554895,6.690343140388017
2018-03-20,0.003063537665688676,-1.0,-0.003063537665688676,-0.003063537665688676,0.7584627816088885,6.710839258594977
2018-03-21,-0.0021194041641570127,-1.0,0.0021194041641570127,0.0021194041641570127,0.7600702707865885,6.696616277925322
2018-03-22,0.011306846035348928,-1.0,-0.011306846035348928,-0.011306846035348928,0.7514762732587585,6.772333887137635
2018-03-23,-0.014824559219550393,-1.0,0.014824559219550393,0.014824559219550393,0.76261657777377,6.6719370223731955
2018-03-26,0.012163243399925028,-1.0,-0.012163243399925028,-0.012163243399925028,0.7533406867174898,6.753089416325292
2018-03-27,0.0071862767094537094,-1.0,-0.0071862767094537094,-0.0071862767094537094,0.747926972086248,6.801618985514689
2018-03-28,-0.0019683203163148866,-1.0,0.0019683203163148866,0.0019683203163148866,0.7493991319405253,6.788231220681667
2018-03-29,0.006532493912178694,-1.0,-0.006532493912178694,-0.006532493912178694,0.7445036866733319,6.832575299805232
2018-04-02,-0.005877633474320909,-1.0,0.005877633474320909,0.005877633474320909,0.7488796064638784,6.792415926507278
2018-04-03,-0.002279145175081987,-1.0,0.002279145175081987,0.002279145175081987,0.7505864118056678,6.776935024521229
2018-04-04,0.0020372851534971037,-1.0,-0.0020372851534971037,-0.0020372851534971037,0.7490572532524794,6.790741573632901
2018-04-05,0.010287784730974359,-1.0,-0.010287784730974359,-0.010287784730974359,0.741351113479843,6.860603261106114
2018-04-06,-0.007622121814261362,-1.0,0.007622121814261362,0.007622121814261362,0.7470017819739246,6.808310907330644
2018-04-09,-0.0038092890440608596,-1.0,0.0038092890440608596,0.0038092890440608596,0.7498473276778919,6.78237608318279
2018-04-10,-0.0020356507722869566,-1.0,0.0020356507722869566,0.0020356507722869566,0.7513737549695767,6.768569534071118
2018-04-11,-0.004697398309645662,-1.0,0.004697398309645662,0.004697398309645662,0.7549032567760829,6.736774866983054
2018-04-12,-0.012232903265386508,-1.0,0.012232903265386508,0.012232903265386508,0.76413791529095,6.654364551714563
2018-04-13,0.007229841451672492,-1.0,-0.007229841451672492,-0.007229841451672492,0.7586133193161849,6.702474552385089
2018-04-16,0.011858365619620503,-1.0,-0.011858365619620503,-0.011858365619620503,0.7496174052118196,6.781954946183474
2018-04-17,0.006785191568309257,-1.0,-0.006785191568309257,-0.006785191568309257,0.7445311075145186,6.827971809700971
2018-04-18,-0.0022053688746772604,-1.0,0.0022053688746772604,0.0022053688746772604,0.74617307324526,6.812913613194683
2018-04-19,-0.0019649420721954414,-1.0,0.0019649420721954414,0.0019649420721954414,0.747639260110019,6.799526632601883
2018-04-20,-0.010766983817806497,-1.0,0.010766983817806497,0.010766983817806497,0.7556890799251805,6.726316239379914
2018-04-23,0.0021148772796375503,-1.0,-0.0021148772796375503,-0.0021148772796375503,0.7540908902595765,6.740541572770235
2018-04-24,0.006454802305899898,-1.0,-0.006454802305899898,-0.006454802305899898,0.749223382642271,6.784050436057167
2018-04-25,-0.011346428953323384,-1.0,0.011346428953323384,0.011346428953323384,0.7577243925235901,6.707075689768682
2018-04-26,0.01796260501386593,-1.0,-0.01796260501386593,-0.01796260501386593,0.7441136885513174,6.827552241182099
2018-04-27,0.0045955953087228885,-1.0,-0.0045955953087228885,-0.0045955953087228885,0.7406940431750545,6.858928908231736
2018-04-30,-0.00030471232755169275,-1.0,0.00030471232755169275,0.00030471232755169275,0.740919741780954,6.856838908039597
2018-05-01,-0.004209971785217204,-1.0,0.004209971785217204,0.004209971785217204,0.7440389929889621,6.827971809700971
2018-05-02,0.0014094100026647016,-1.0,-0.0014094100026647016,-0.0014094100026647016,0.7429903369898709,6.837595221467476
2018-05-03,-0.002386121590122303,-1.0,0.002386121590122303,0.002386121590122303,0.7447632022742148,6.821279887885015
2018-05-04,0.006316892940368524,-1.0,-0.006316892940368524,-0.006316892940368524,0.7400586128595226,6.864369182653074
2018-05-07,-0.004510052735719028,-1.0,0.004510052735719028,0.004510052735719028,0.7433963162310422,6.833410515641864
2018-05-08,-0.021058907443292862,-1.0,0.021058907443292862,0.021058907443292862,0.7590514304482366,6.689506356070938
2018-05-09,-0.010130692902160843,-1.0,0.010130692902160843,0.010130692902160843,0.7667411473870536,6.62173702151053
2018-05-10,0.012255454073224925,0.0,0.0,-0.001,0.7659744062396665,6.702889415462625
2018-05-11,0.003183227769792518,0.0,0.0,0.0,0.7659744062396665,6.724226239187774
2018-05-14,-0.0033590337141972126,0.0,-0.0,-0.0,0.7659744062396665,6.701639336548453
2018-05-15,-0.008427466923397686,0.0,-0.0,-0.0,0.7659744062396665,6.6451614927071505
2018-05-16,-0.01057565609925204,0.0,-0.0,-0.0,0.7659744062396665,6.574884550036288
2018-05-17,-0.0047720811781010175,1.0,-0.0047720811781010175,-0.0057720811781010175,0.7615531397865034,6.543508667226872
2018-05-18,0.00019164032311347334,1.0,0.00019164032311347334,0.00019164032311347334,0.7616990840762802,6.544762667342155
2018-05-21,0.024097418509902768,1.0,0.024097418509902768,0.024097418509902768,0.7800540656838759,6.702474552385087
2018-05-22,-0.004931049782506358,1.0,-0.004931049782506358,-0.004931049782506358,0.7762075802529422,6.669424316701294
2018-05-23,0.005331530013065189,1.0,0.005331530013065189,0.005331530013065189,0.7803459542634295,6.704982552615654
2018-05-24,0.005740115330983064,1.0,0.005740115330983064,0.005740115330983064,0.7848252300389675,6.743469925759897
2018-05-25,0.0075682106543639716,1.0,0.0075682106543639716,0.0075682106543639716,0.7907649527067621,6.794505926699417
2018-05-29,0.008065276615695671,1.0,0.008065276615695671,0.008065276615695671,0.7971426907883395,6.849305496465231
2018-05-30,0.009405768448431218,1.0,0.009405768448431218,0.009405768448431218,0.804640430358254,6.91372847799755
2018-05-31,0.003267871544709866,0.0,0.0,-0.001,0.8038357899278958,6.936321654558649
2018-06-01,-0.016464889070090916,-1.0,0.016464889070090916,0.015464889070090915,0.8162670212496997,6.822115887961871
2018-06-04,-0.004939410942367828,-1.0,0.004939410942367828,0.004939410942367828,0.8202988995063546,6.788418654094771
2018-06-05,-0.011602411956037617,-1.0,0.011602411956037617,0.011602411956037617,0.8298163452655116,6.709656624339913
2018-06-06,-0.01989962380256982,-1.0,0.01989962380256982,0.01989962380256982,0.8463293783615186,6.576136981671128
2018-06-07,0.0016009448848381957,-1.0,-0.0016009448848381957,-0.0016009448848381957,0.8449744516723424,6.5866650145339305
2018-06-08,0.0026862218761403156,-1.0,-0.0026862218761403156,-0.0026862218761403156,0.8427046628154805,6.60435825818678
2018-06-11,-0.008928738945056969,-1.0,0.008928738945056969,0.008928738945056969,0.8502289527575422,6.545389667399799
2018-06-12,0.012934580406735785,-1.0,-0.012934580406735785,-0.012934580406735785,0.839231598003965,6.630051536346199
2018-06-13,-0.0017156156509947618,-1.0,0.0017156156509947618,0.0017156156509947618,0.8406713968683099,6.618676916163542
2018-06-14,0.010691259921673968,-1.0,-0.010691259921673968,-0.010691259921673968,0.8316835604556742,6.6894389114118304
2018-06-15,0.004533148007335175,-1.0,-0.004533148007335175,-0.004533148007335175,0.8279134157808611,6.7197631280832875
2018-06-18,0.005453579336689218,-1.0,-0.005453579336689218,-0.005453579336689218,0.8233983242839908,6.756409889426049
2018-06-19,0.016145941547700993,-1.0,-0.016145941547700993,-0.016145941547700993,0.8101037830696266,6.865498488573031
2018-06-20,-0.0018405746824057267,-1.0,0.0018405746824057267,0.0018405746824057267,0.8115948395828657,6.852862025872868
2018-06-21,0.004118230971120296,-1.0,-0.004118230971120296,-0.004118230971120296,0.8082525045784942,6.881083694508632
2018-06-22,0.005692596160289831,-1.0,-0.005692596160289831,-0.005692596160289831,0.803651449474386,6.920254925126625
2018-06-25,0.012781511469883933,-1.0,-0.012781511469883933,-0.012781511469883933,0.7933795692551403,7.008706242826651
2018-06-26,0.002223356590366876,-1.0,-0.002223356590366876,-0.002223356590366876,0.7916156035611744,7.024289096041586
2018-06-27,0.007855253791305916,-1.0,-0.007855253791305916,-0.007855253791305916,0.7853972620900436,7.079466669594495
2018-06-28,-0.00755574894712252,-1.0,0.00755574894712252,0.00755574894712252,0.7913315266261534,7.0259759967595175
2018-06-29,0.001318903234181601,-1.0,-0.001318903234181601,-0.001318903234181601,0.7902878369163763,7.035242579224926
2018-07-02,0.011853936811479393,-1.0,-0.011853936811479393,-0.011853936811479393,0.7809198148346889,7.118637900212487
2018-07-03,-0.0026627406023544964,-1.0,0.0026627406023544964,0.0026627406023544964,0.7829992017328323,7.099682814042132
2018-07-05,-0.00011852497927744565,-1.0,0.00011852497927744565,0.00011852497927744565,0.783092006696992,7.098841324283721
2018-07-06,0.0105020277023391,-1.0,-0.0105020277023391,-0.0105020277023391,0.7748679527491799,7.173393552525858
2018-07-09,-0.0292991072199712,-1.0,0.0292991072199712,0.0292991072199712,0.7975708919780976,6.963219525699353
2018-07-10,0.01282326927198607,-1.0,-0.01282326927198607,-0.01282326927198607,0.7873434256667643,7.052510764677347
2018-07-11,0.005793082772717728,-1.0,-0.005793082772717728,-0.005793082772717728,0.7827822800313216,7.093366543292606
2018-07-12,0.00047518543619662346,-1.0,-0.00047518543619662346,-0.00047518543619662346,0.7824103132921378,7.096737207767583
2018-07-13,0.0061130346722821916,-1.0,-0.0061130346722821916,-0.0061130346722821916,0.7776274119190318,7.140119808378741
2018-07-16,-0.00011851274522745037,-1.0,0.00011851274522745037,0.00011851274522745037,0.7777195706783825,7.139273613178998
2018-07-17,0.004189191608830356,-1.0,-0.004189191608830356,-0.004189191608830356,0.7744615543788734,7.169181398292471
2018-07-18,-0.004641328840593206,-1.0,0.004641328840593206,0.004641328840593206,0.7780560851271429,7.135906869905132
2018-07-19,0.0048993673463870735,-1.0,-0.0048993673463870735,-0.0048993673463870735,0.7742441025500132,7.1708682990104045
2018-07-20,-0.0016450645766041827,-1.0,0.0016450645766041827,0.0016450645766041827,0.7755177840967629,7.159071757588208
2018-07-23,-0.00670710920493145,-1.0,0.00670710920493145,0.00670710920493145,0.7807192665650662,7.111055081504124
2018-07-24,0.008174077703255955,-1.0,-0.008174077703255955,-0.008174077703255955,0.7743376066157344,7.169181398292472
2018-07-25,-0.014452561339893366,-1.0,0.014452561339893366,0.014452561339893366,0.7855287683731345,7.065568364376827
2018-07-26,0.0024441019889795967,-1.0,-0.0024441019889795967,-0.0024441019889795967,0.7836088559479529,7.082837334069472
2018-07-27,-0.0070175776596130834,-1.0,0.0070175776596130834,0.0070175776596130834,0.7891078919493283,7.033132973027232
2018-07-30,-0.004491259839753958,-1.0,0.004491259839753958,0.004491259839753958,0.7926519805336733,7.001545345357826
2018-07-31,0.007880546700886448,-1.0,-0.007880546700886448,-0.007880546700886448,0.7864054495835275,7.056721350430292
2018-08-01,0.0021486607877629904,-1.0,-0.0021486607877629904,-0.0021486607877629904,0.7847157310307243,7.071883850886132
2018-08-02,0.009231940969872232,-1.0,-0.009231940969872232,-0.009231940969872232,0.7774712817237186,7.137171065143305
2018-08-03,0.010032144617595051,-1.0,-0.010032144617595051,-0.010032144617595051,0.7696715773894393,7.2087721974293375
2018-08-06,-0.0008177722348212679,-1.0,0.0008177722348212679,0.0008177722348212679,0.7703009934353594,7.202877063679129
2018-08-07,-0.0022221063268459407,-1.0,0.0022221063268459407,0.0022221063268459407,0.7720126841464479,7.186871504984434
2018-08-08,-0.003223331863834167,-1.0,0.003223331863834167,0.003223331863834167,0.7745011372305413,7.163705833061136
2018-08-09,0.004527410726337555,-1.0,-0.004527410726337555,-0.004527410726337555,0.7709946524742831,7.196138871690064
2018-08-10,0.000468290050378517,-1.0,-0.000468290050378517,-0.000468290050378517,0.7706336033496344,7.199508751924818
2018-08-13,0.0021641060565558146,-1.0,-0.0021641060565558146,-0.0021641060565558146,0.76896587050124,7.2150892524190855
2018-08-14,0.003736263330152534,-1.0,-0.003736263330152534,-0.003736263330152534,0.7660928115171474,7.242046725816676
2018-08-15,0.004827670224891056,-1.0,-0.004827670224891056,-0.004827670224891056,0.762394368061483,7.2770089391621715
2018-08-16,0.011691598800567693,-1.0,-0.011691598800567693,-0.011691598800567693,0.7534807589822958,7.362088808147
2018-08-17,0.0021741578174394594,-1.0,-0.0021741578174394594,-0.0021741578174394594,0.7518425728998642,7.378095151081916
2018-08-20,-0.0049663300826439105,-1.0,0.0049663300826439105,0.0049663300826439105,0.7555764712870692,7.341453095180489
2018-08-21,-0.009581219561959231,-1.0,0.009581219561959231,0.009581219561959231,0.7628158153543209,7.27111302117174
2018-08-22,-0.005329428623384813,-1.0,0.005329428623384813,0.005329428623384813,0.7668811877950409,7.232362143312841
2018-08-23,-0.0004659446205788065,-1.0,0.0004659446205788065,0.0004659446205788065,0.7672385119591171,7.228992263078086
2018-08-24,0.006234005859731218,-1.0,-0.006234005859731218,-0.006234005859731218,0.7624555425797525,7.274057843206067
2018-08-27,-0.007179719282183306,-1.0,0.007179719282183306,0.007179719282183306,0.7679297593406199,7.221832149849483
2018-08-28,-0.005249384304992444,-1.0,0.005249384304992444,0.005249384304992444,0.7719609177666391,7.183921977508773
2018-08-29,0.006373767665655894,-1.0,-0.006373767665655894,-0.006373767665655894,0.767040618229828,7.229710627121613
2018-08-30,0.0017592416321310367,-1.0,-0.0017592416321310367,-0.0017592416321310367,0.7656912084407026,7.242429435045105
2018-08-31,-0.0042735417564748746,-1.0,0.0042735417564748746,0.0042735417564748746,0.7689634217925395,7.211478610436117
2018-09-04,-0.00041117951536495667,-1.0,0.00041117951536495667,0.00041117951536495667,0.7692796037996456,7.208513398156013
2018-09-05,0.009351355067976463,-1.0,-0.009351355067976463,-0.009351355067976463,0.7620857970779628,7.2759227664544355
2018-09-06,0.012818842142602316,-1.0,-0.012818842142602316,-0.012818842142602316,0.7523167395461011,7.369191671839381
2018-09-07,-0.009895281271949385,-1.0,0.009895281271949385,0.009895281271949385,0.7597611252895058,7.296271447499624
2018-09-10,-0.0004066160068051383,-1.0,0.0004066160068051383,0.0004066160068051383,0.7600700563243967,7.2933046667390755
2018-09-11,0.000697216671048384,-1.0,-0.000697216671048384,-0.000697216671048384,0.7595401228099626,7.298389680339761
2018-09-12,0.0020335645060092222,-1.0,-0.0020335645060092222,-0.0020335645060092222,0.7579955489753264,7.313231426544724
2018-09-13,0.012173729716884685,-1.0,-0.012173729716884685,-0.012173729716884685,0.7487679160354992,7.402260729288506
2018-09-14,-0.0054408589596501855,-1.0,0.0054408589596501855,0.0054408589596501855,0.7528418566601596,7.36198607267789
2018-09-17,0.0012092789791264824,-1.0,-0.0012092789791264824,-0.0012092789791264824,0.7519314608282939,7.370888767680202
2018-09-18,-0.00241584957341201,-1.0,0.00241584957341201,0.00241584957341201,0.7537480141271711,7.353081809195134
2018-09-19,-0.02461951493900738,-1.0,0.02461951493900738,0.02461951493900738,0.7723049246212221,7.172052501745911
2018-09-20,0.0005913469150673478,0.0,0.0,-0.001,0.7715326196966009,7.17629367286752
2018-09-21,0.008802124268575184,0.0,0.0,0.0,0.7715326196966009,7.23946030156389
2018-09-24,-0.011419237221862444,0.0,-0.0,-0.0,0.7715326196966009,7.156791187022076
2018-09-25,-0.01161064432523129,1.0,-0.01161064432523129,-0.01261064432523129,0.7618030962442931,7.073696230039613
2018-09-26,-0.014384341662261546,1.0,-0.014384341662261546,-0.014384341662261546,0.7508450602285465,6.971945766651672
2018-09-27,0.006932233558723633,1.0,0.006932233558723633,0.006932233558723633,0.7560500935524647,7.020276923064856
2018-09-28,0.012138599049207777,1.0,0.012138599049207777,0.012138599049207777,0.765227482499214,7.105493249848346
2018-10-01,-0.003639924404711392,1.0,-0.003639924404711392,-0.003639924404711392,0.7624421123105093,7.079629791560711
2018-10-02,0.014072863271201497,1.0,0.014072863271201497,0.014072863271201497,0.7731718559092612,7.1792604536280695
2018-10-03,-0.006495772804706812,1.0,-0.006495772804706812,-0.006495772804706812,0.7681495071942811,7.132625608815485
2018-10-04,0.0060032215680130285,1.0,0.0060032215680130285,0.0060032215680130285,0.7727608788833283,7.175444340706888
2018-10-05,0.0184343512450722,1.0,0.0184343512450722,0.0184343512450722,0.7870062243531143,7.307719002022944
2018-10-08,0.00551103403387887,1.0,0.00551103403387887,0.00551103403387887,0.7913434424403988,7.347992090153116
2018-10-09,0.002365744076994858,1.0,0.002365744076994858,0.002365744076994858,0.7932155585022209,7.365375558918201
2018-10-10,-0.005640917853934058,1.0,-0.005640917853934058,-0.005640917853934058,0.7887410946962474,7.32382808042697
2018-10-11,-0.021186547758609398,1.0,-0.021186547758609398,-0.021186547758609398,0.7720303938242875,7.168661447025159
2018-10-12,0.0015966699121530148,1.0,0.0015966699121530148,0.0015966699121530148,0.7732630715253744,7.180107433068035
2018-10-15,0.001653324042009796,1.0,0.001653324042009796,0.001653324042009796,0.7745415259523257,7.1919784773113395
2018-10-16,0.009726374365474522,1.0,0.009726374365474522,0.009726374365474522,0.7820750067953439,7.261930352410105
2018-10-17,-0.0027437871692879146,1.0,-0.0027437871692879146,-0.0027437871692879146,0.779929159426278,7.2420051610849
2018-10-18,0.004390745842024479,1.0,0.004390745842024479,0.004390745842024479,0.7833536301401026,7.273802965133854
2018-10-19,0.011015994879982394,1.0,0.011015994879982394,0.011015994879982394,0.7919830497189416,7.353931141355769
2018-10-22,-0.004612386653885192,1.0,-0.004612386653885192,-0.004612386653885192,0.7883301176703147,7.320011967505789
2018-10-23,-0.011757155912486605,1.0,-0.011757155912486605,-0.011757155912486605,0.7790615975663558,7.233949445522556
2018-10-24,0.029127670300244546,1.0,0.029127670300244546,0.029127670300244546,0.8017538469238504,7.444657539940374
2018-10-25,-0.013667581462552536,0.0,-0.0,-0.001,0.8009520930769266,7.342907076552432
2018-10-26,-0.019110690451992096,0.0,-0.0,-0.0,0.8009520930769266,7.202579052394697
2018-10-29,0.01701093917356955,0.0,0.0,0.0,0.8009520930769266,7.325101686547809
2018-10-30,0.004456242679633959,0.0,0.0,0.0,0.8009520930769266,7.357744117316062
2018-10-31,-0.006049774232645189,0.0,-0.0,-0.0,0.8009520930769266,7.313231426544727
2018-11-01,-0.011768163921501706,0.0,-0.0,-0.0,0.8009520930769266,7.227168120321271
2018-11-02,-0.01360967491410936,0.0,-0.0,-0.0,0.8009520930769266,7.1288087116540835
2018-11-05,0.015224393440631978,1.0,0.015224393440631978,0.014224393440631977,0.8123451507759506,7.23734050024331
2018-11-06,0.004393900876786372,1.0,0.004393900876786372,0.004393900876786372,0.8159145148461983,7.269140657012931
2018-11-07,0.012130512568584662,1.0,0.012130512568584662,0.012130512568584662,0.8258119761234307,7.357319059115636
2018-11-08,0.002420518509856917,1.0,0.002420518509856917,0.002420518509856917,0.827810869297299,7.375127586081149
2018-11-09,0.014946243522420799,1.0,0.014946243522420799,0.014946243522420799,0.8401835321403233,7.485358038991642
2018-11-12,0.010931167641690331,0.0,0.0,-0.001,0.8393433486081829,7.567181742573934
2018-11-13,0.0009523206455011035,-1.0,-0.0009523206455011035,-0.0019523206455011035,0.8377046812600312,7.574388125975646
2018-11-14,-0.010298760127352313,-1.0,0.010298760127352313,0.010298760127352313,0.8463320008298884,7.496381319554757
2018-11-15,0.013346470292972423,-1.0,-0.013346470292972423,-0.013346470292972423,0.8350364559228204,7.596431550140989
2018-11-16,0.006753105759667255,-1.0,-0.006753105759667255,-0.006753105759667255,0.8293973664227958,7.647731055795163
2018-11-19,0.00898031752386319,-1.0,-0.00898031752386319,-0.00898031752386319,0.8219491147188632,7.716410109013314
2018-11-20,-0.017801083303817467,-1.0,0.017801083303817467,0.017801083303817467,0.8365806993814728,7.579049649856349
2018-11-21,-0.0144878093299865,-1.0,0.0144878093299865,0.0144878093299865,0.8487009210432583,7.4692458236267285
2018-11-23,0.0065274903952370344,-1.0,-0.0065274903952370344,-0.0065274903952370344,0.8431610339327197,7.518001254000116
2018-11-26,-0.0016915718704199056,-1.0,0.0016915718704199056,0.0016915718704199056,0.8445873014199545,7.505284014557068
2018-11-27,0.005479233624106072,-1.0,-0.005479233624106072,-0.005479233624106072,0.8399596102795213,7.546407219088095
2018-11-28,0.000280694213635746,-1.0,-0.000280694213635746,-0.000280694213635746,0.8397238384772281,7.548525451928231
2018-11-29,0.001017321900097956,-1.0,-0.001017321900097956,-0.001017321900097956,0.8388695690263109,7.556204732183925
2018-11-30,0.02591472147979501,-1.0,-0.02591472147979501,-0.02591472147979501,0.8171304977871184,7.752021673262781
2018-12-03,0.004292671319893193,-1.0,-0.004292671319893193,-0.004292671319893193,0.8136228251346577,7.785298554370787
2018-12-04,-0.001753467699708633,-1.0,0.001753467699708633,0.001753467699708633,0.815049486478277,7.771647284823109
2018-12-06,0.002689363708312742,-1.0,-0.002689363708312742,-0.002689363708312742,0.8128575219688634,7.7925480709847195
2018-12-07,0.0010949606649470756,-1.0,-0.0010949606649470756,-0.0010949606649470756,0.8119674749561011,7.801080604602157
2018-12-10,-0.0013670027374235172,-1.0,0.0013670027374235172,0.0013670027374235172,0.813077436717065,7.7904165060608035
2018-12-11,0.00202613081595282,-1.0,-0.00202613081595282,-0.00202613081595282,0.8114300354667766,7.806200909012841
2018-12-12,-0.00912683036163231,-1.0,0.00912683036163231,0.00912683036163231,0.8188358197508152,7.7349550375474605
2018-12-13,0.004909159411261799,-1.0,-0.004909159411261799,-0.004909159411261799,0.8148160241800072,7.772927164865724
2018-12-14,-0.005269380918619948,-1.0,0.005269380918619948,0.005269380918619948,0.8191096001900071,7.731968650781358
2018-12-17,-0.030843019057155252,-1.0,0.030843019057155252,0.030843019057155252,0.8443734131985664,7.493491394335981
2018-12-18,0.0019926537637451336,-1.0,-0.0019926537637451336,-0.0019926537637451336,0.8426908693387499,7.508423328166496
2018-12-19,-0.008409008561293785,-1.0,0.008409008561293785,0.008409008561293785,0.8497770640735436,7.445284932118126
2018-12-20,0.002234762095165266,0.0,0.0,-0.001,0.8489272870094701,7.461923372672128
2018-12-21,-0.004573905783426424,0.0,-0.0,-0.0,0.8489272870094701,7.427793238202378
2018-12-24,-0.03463317272220867,1.0,-0.03463317272220867,-0.03563317272220867,0.8186773143628656,7.170545192038862
2018-12-26,0.013445908272525564,1.0,0.013445908272525564,0.013445908272525564,0.8296851744365863,7.266959684955015
2018-12-27,0.01068437452853055,1.0,0.01068437452853055,0.01068437452853055,0.838549841581036,7.344602603912807
2018-12-28,0.0032530912695727388,1.0,0.0032530912695727388,0.0032530912695727388,0.8412777207497848,7.368495266522077
2018-12-31,0.0063684370061576345,1.0,0.0063684370061576345,0.0063684370061576345,0.8466353449190637,7.415421064457093
2019-01-02,-0.02295488320719219,1.0,-0.02295488320719219,-0.02295488320719219,0.8272009294573657,7.245200939990328
2019-01-03,-0.0024728048296167593,1.0,-0.0024728048296167593,-0.0024728048296167593,0.8251554230039401,7.227284972114376
2019-01-04,0.01841692806976658,1.0,0.01841692806976658,0.01841692806976658,0.8403522510757815,7.360389359585511
2019-01-07,-0.001448956333768625,1.0,-0.001448956333768625,-0.001448956333768625,0.8391346173589885,7.349724476803937
2019-01-08,0.007313020785705948,1.0,0.007313020785705948,0.007313020785705948,0.8452712262577402,7.4034731646720155
2019-01-09,-0.004321149097492816,1.0,-0.004321149097492816,-0.004321149097492816,0.8416186832612599,7.371481653288181
2019-01-10,0.015047044955487143,1.0,0.015047044955487143,0.015047044955487143,0.85428255742367,7.4824006691137575
2019-01-11,0.0018244504873987655,1.0,0.0018244504873987655,0.0018244504873987655,0.8558411536519379,7.496051938661435
2019-01-14,-0.025496732599162963,1.0,-0.025496732599162963,-0.025496732599162963,0.8340200006099153,7.304927106831948
2019-01-15,0.02038239741568537,1.0,0.02038239741568537,0.02038239741568537,0.8510193277149768,7.45381903421601
2019-01-16,-0.0002292595830821753,1.0,-0.0002292595830821753,-0.0002292595830821753,0.85082422337871,7.452110174771855
2019-01-17,0.004637177972436346,1.0,0.004637177972436346,0.004637177972436346,0.854769646725777,7.486666935922476
2019-01-18,0.003418986957903991,1.0,0.003418986957903991,0.003418986957903991,0.8576920929999446,7.512263752534566
2019-01-22,0.0073257908887263135,0.0,0.0,-0.001,0.8568344009069447,7.567297025886592
2019-01-23,0.01127522590455099,-1.0,-0.01127522590455099,-0.01227522590455099,0.8463165650730213,7.652620009340301
2019-01-24,0.005017214071933784,-1.0,-0.005017214071933784,-0.005017214071933784,0.8420704136934263,7.691014842138325
2019-01-25,-0.033725323527783235,-1.0,0.033725323527783235,0.033725323527783235,0.8704695108284114,7.431632878330228
2019-01-28,-0.009931175088801258,-1.0,0.009931175088801258,0.009931175088801258,0.8791142959499114,7.357828031019838
2019-01-29,0.0022612184252797096,-1.0,-0.0022612184252797096,-0.0022612184252797096,0.8771264265059827,7.374465687333619
2019-01-30,0.004223293356339308,-1.0,-0.004223293356339308,-0.004223293356339308,0.8734220642962504,7.405610219277487
2019-01-31,0.031049859166086158,-1.0,-0.031049859166086158,-0.031049859166086158,0.8463024322072995,7.635553373624981
2019-02-01,-0.0064810420200070995,-1.0,0.0064810420200070995,0.0064810420200070995,0.8517873538320692,7.586067031364511
2019-02-04,0.0015746693266778244,-1.0,-0.0015746693266778244,-0.0015746693266778244,0.8504460704131377,7.598012578428922
2019-02-05,0.0003929451938993189,-1.0,-0.0003929451938993189,-0.0003929451938993189,0.8501118917170983,7.600998180954803
2019-02-06,-0.00039279084862320346,-1.0,0.00039279084862320346,0.00039279084862320346,0.8504458078884706,7.598012578428922
2019-02-07,0.018248160114380463,-1.0,-0.018248160114380463,-0.018248160114380463,0.8349267366175182,7.73666232851117
2019-02-08,0.009153517795792432,-1.0,-0.009153517795792432,-0.009153517795792432,0.8272842198757068,7.807480004815234
2019-02-11,0.0,-1.0,-0.0,-0.0,0.8272842198757068,7.807480004815234
2019-02-12,0.0014208269423743314,-1.0,-0.0014208269423743314,-0.0014208269423743314,0.8261087921671062,7.818573082758125
2019-02-13,-0.0022917635234660505,-1.0,0.0022917635234660505,0.0022917635234660505,0.8280020381634093,7.800654762161506
2019-02-14,-0.0013124867607736679,-1.0,0.0013124867607736679,0.0013124867607736679,0.8290887798763924,7.7904165060608035
2019-02-15,0.00783090953311305,-1.0,-0.00783090953311305,-0.00783090953311305,0.8225962606462613,7.851422552945036
2019-02-19,0.007226687863619352,-1.0,-0.007226687863619352,-0.007226687863619352,0.8166516142327903,7.908162333020551
2019-02-20,0.0014562887277600467,-1.0,-0.0014562887277600467,-0.0014562887277600467,0.815462333692476,7.919678900683425
2019-02-21,0.004955965403701468,-1.0,-0.004955965403701468,-0.004955965403701468,0.8114209305786745,7.958928555323636
2019-02-22,0.008415655975685388,-1.0,-0.008415655975685388,-0.008415655975685388,0.8045922911754538,8.025908159980299
2019-02-25,-0.0013287092661397049,-1.0,0.0013287092661397049,0.0013287092661397049,0.8056613604082031,8.015244061438947
2019-02-26,0.0018625505044129742,-1.0,-0.0018625505044129742,-0.0018625505044129742,0.8041607754349888,8.030172858308573
2019-02-27,-0.0009091326372659969,-1.0,0.0009091326372659969,0.0009091326372659969,0.8048918642415459,8.022872366080197
2019-02-28,0.004871301131237793,-1.0,-0.004871301131237793,-0.004871301131237793,0.8009709935927419,8.06195419331286
2019-03-01,-0.0008523383614033042,-1.0,0.0008523383614033042,0.0008523383614033042,0.8016536918969525,8.055082680486022
2019-03-04,0.00362567425225091,-1.0,-0.00362567425225091,-0.00362567425225091,0.7987471567470198,8.084287786360413
2019-03-05,0.0004247978329974256,-1.0,-0.0004247978329974256,-0.0004247978329974256,0.7984078506857208,8.087721974293386
2019-03-06,-0.003982424968088205,-1.0,0.003982424968088205,0.003982424968088205,0.8015874500450093,8.055513228368005
2019-03-07,0.001919246024676191,-1.0,-0.001919246024676191,-0.001919246024676191,0.8000490065180801,8.070973740108277
2019-03-08,0.004097087914479713,-1.0,-0.004097087914479713,-0.004097087914479713,0.7967711354024833,8.104041229076959
2019-03-11,0.004239849709990251,-1.0,-0.004239849709990251,-0.004239849709990251,0.7933929455351185,8.13840114593181
2019-03-12,0.007334664812129965,-1.0,-0.007334664812129965,-0.007334664812129965,0.78757367421531,8.198093590443875
2019-03-13,0.00041937910273337486,-1.0,-0.00041937910273337486,-0.00041937910273337486,0.7872433822744811,8.20153169957796
2019-03-14,5.220916982362489e-05,-1.0,-5.220916982362489e-05,-5.220916982362489e-05,0.7872022809510434,8.201959894739277
2019-03-15,0.001361383428699403,-1.0,-0.001361383428699403,-0.001361383428699403,0.7861305968107223,8.213125907022832
2019-03-18,-0.0019345505087170478,-1.0,0.0019345505087170478,0.0019345505087170478,0.7876514061567006,8.197237200121243
2019-03-19,-0.01241688915821415,-1.0,0.01241688915821415,0.01241688915821415,0.7974315863622599,8.095453014403748
2019-03-20,0.007267693339029435,-1.0,-0.007267693339029435,-0.007267693339029435,0.7916360981337232,8.154288284352956
2019-03-21,0.010744307486699967,-1.0,-0.010744307486699967,-0.010744307486699967,0.7831305164778031,8.24190046501524
2019-03-22,0.010525616666514415,-1.0,-0.010525616666514415,-0.010525616666514415,0.7748875848615082,8.328651549913557
2019-03-25,-0.00164980763700584,-1.0,0.00164980763700584,0.00164980763700584,0.7761660003168337,8.31491087698055
2019-03-26,0.007179341108539905,-1.0,-0.007179341108539905,-0.007179341108539905,0.7705936398437081,8.374606458453501
2019-03-27,-0.005538447650184186,-1.0,0.005538447650184186,0.005538447650184186,0.7748615323775473,8.328224138992462
2019-03-28,-0.010313592538091054,-1.0,0.010313592538091054,0.010313592538091054,0.7828531384959302,8.242330228657
2019-03-29,0.007294511984636376,-1.0,-0.007294511984636376,-0.007294511984636376,0.7771426068949614,8.302454005291269
2019-04-01,-0.014638759619334585,-1.0,0.014638759619334585,0.014638759619334585,0.7885190107072398,8.180916376857228
2019-04-02,-0.005302231306545502,-1.0,0.005302231306545502,0.005302231306545502,0.792699920891618,8.137539265927625
2019-04-03,-0.0008972339462826051,-1.0,0.0008972339462826051,0.0008972339462826051,0.7934111581698574,8.130237989459028
2019-04-04,-0.004806779186893095,-1.0,0.004806779186893095,0.004806779186893095,0.797224910411597,8.091157730706808
2019-04-05,0.008917154113526893,-1.0,-0.008917154113526893,-0.008917154113526893,0.7901159330223142,8.163307831148375
2019-04-08,-0.007575611288982764,-1.0,0.007575611288982764,0.007575611288982764,0.7961015442041232,8.101465784187285
2019-04-09,0.005672419012080709,-1.0,-0.005672419012080709,-0.005672419012080709,0.7915857226692329,8.14742069272723
2019-04-10,-0.005745921020778311,-1.0,0.005745921020778311,0.005745921020778311,0.7961341117128661,8.100606256903765
2019-04-11,0.007528433115269628,-1.0,-0.007528433115269628,-0.007528433115269628,0.7901404693020512,8.161591129302
2019-04-12,0.004262225708763001,-1.0,-0.004262225708763001,-0.004262225708763001,0.7867727122802579,8.196377672837723
2019-04-15,0.001624190380563828,-1.0,-0.001624190380563828,-0.001624190380563828,0.7854948436092822,8.209690150609415
2019-04-16,-0.008579204947185448,-1.0,0.008579204947185448,0.008579204947185448,0.7922337648575637,8.139257536254448
2019-04-17,0.0006859355557813362,-1.0,-0.0006859355557813362,-0.0006859355557813362,0.7916903435497574,8.144840542396226
2019-04-18,-0.0015290335843368696,-1.0,0.0015290335843368696,0.0015290335843368696,0.7929008646734401,8.132386807667833
2019-04-22,0.005386525152691446,-1.0,-0.005386525152691446,-0.005386525152691446,0.7886298842222859,8.176192113758752
2019-04-23,-0.0030989997527245405,-1.0,0.0030989997527245405,0.0030989997527245405,0.791073848038482,8.150854096419986
2019-04-24,0.001422453071508567,-1.0,-0.001422453071508567,-0.001422453071508567,0.7899485826135496,8.162448303864856
2019-04-25,0.0022101062278723216,-1.0,-0.0022101062278723216,-0.0022101062278723216,0.7882027123314165,8.180488181695914
2019-04-26,0.006457132996519954,-1.0,-0.006457132996519954,-0.006457132996519954,0.7831131825896748,8.233310681861584
2019-04-29,0.0003129984364365068,-1.0,-0.0003129984364365068,-0.0003129984364365068,0.7828680693879714,8.235887695231701
2019-04-30,0.013922929540920892,-1.0,-0.013922929540920892,-0.013922929540920892,0.7719682524180459,8.35055537931935
2019-05-01,-0.0060171172758415326,-1.0,0.0060171172758415326,0.0060171172758415326,0.7766132759260717,8.300309108283574
2019-05-02,-0.00801983316902699,-1.0,0.00801983316902699,0.00801983316902699,0.7828415848358503,8.233742013983784
2019-05-03,0.0035986267270089467,-1.0,-0.0035986267270089467,-0.0035986267270089467,0.7800244301856459,8.263372178058603
2019-05-06,-0.007847553528414264,-1.0,0.007847553528414264,0.007847553528414264,0.7861457136549985,8.19852492256608
2019-05-07,-0.006023952901153873,-1.0,0.006023952901153873,0.006023952901153873,0.7908814184075003,8.149137394573605
2019-05-08,-0.00985543046161319,-1.0,0.00985543046161319,0.00985543046161319,0.7986758952299974,8.068824137659254
2019-05-09,0.0038857136192420594,0.0,0.0,-0.001,0.7978772193347674,8.100177277502226
2019-05-10,0.01670094980062342,0.0,0.0,0.0,0.7978772193347674,8.235457931589941
2019-05-13,0.016531359817879787,0.0,0.0,0.0,0.7978772193347674,8.371601249922067
2019-05-14,-0.00015391400600595073,-1.0,0.00015391400600595073,-0.0008460859939940493,0.7972021465945613,8.370312743237006
2019-05-15,-0.0002055625757684254,-1.0,0.0002055625757684254,0.0002055625757684254,0.7973660215212235,8.36859212018952
2019-05-16,0.011546857802324118,-1.0,-0.011546857802324118,-0.011546857802324118,0.788158949454313,8.465223063406999
2019-05-17,0.009486972181559805,-1.0,-0.009486972181559805,-0.009486972181559805,0.7806817074261925,8.545532399120239
2019-05-20,0.0018598504575979558,-1.0,-0.0018598504575979558,-0.0018598504575979558,0.7792297561953975,8.561425811463161
2019-05-21,-0.002257521200501156,-1.0,0.002257521200501156,0.002257521200501156,0.7809888838900699,8.542098211187266
2019-05-22,0.015233475416711162,-1.0,-0.015233475416711162,-0.015233475416711162,0.7690917089266058,8.672224054294519
2019-05-23,0.007923768610981208,-1.0,-0.007923768610981208,-0.007923768610981208,0.7629976041844473,8.740940751043334
2019-05-24,-0.0007861296652784677,-1.0,0.0007861296652784677,0.0007861296652784677,0.7635974192356331,8.734069238216497
2019-05-28,-0.010817742185450285,-1.0,0.010817742185450285,0.010817742185450285,0.7718578192503993,8.6395863289676
2019-05-29,-0.012178544828872706,-1.0,0.012178544828872706,0.012178544828872706,0.7812579243036563,8.534368739557351
2019-05-30,0.0011069310460800619,-1.0,-0.0011069310460800619,-0.0011069310460800619,0.7803931256522485,8.543815697273862
2019-05-31,0.002630437364712357,-1.0,-0.002630437364712357,-0.002630437364712357,0.7783403504153682,8.566289669321188
2019-06-03,0.006911718648365595,-1.0,-0.006911718648365595,-0.006911718648365595,0.7729606809006269,8.625497453375937
2019-06-04,-0.0010017693257469151,-1.0,0.0010017693257469151,0.0010017693257469151,0.7737350092007615,8.616856694607836
2019-06-05,0.0264317104439018,-1.0,-0.0264317104439018,-0.0264317104439018,0.7532838694772573,8.844614955696308
2019-06-06,0.005424039724981622,-1.0,-0.005424039724981622,-0.005424039724981622,0.7491980278450249,8.892588498568172
2019-06-07,-0.00665836913345863,-1.0,0.00665836913345863,0.00665836913345863,0.7541864648684764,8.833378361792755
2019-06-10,-0.004745812911008174,-1.0,0.004745812911008174,0.004745812911008174,0.7577656927307568,8.791456800715538
2019-06-11,-0.007127999444789257,-1.0,0.007127999444789257,0.007127999444789257,0.7631670461678219,8.728791301521149
2019-06-12,0.012774194151219609,-1.0,-0.012774194151219609,-0.012774194151219609,0.7534182021502615,8.840294576312257
2019-06-13,0.0010755443013539256,-1.0,-0.0010755443013539256,-0.0010755443013539256,0.7526078674964024,8.8498027047661
2019-06-14,0.010694882457050081,-1.0,-0.010694882457050081,-0.010694882457050081,0.7445588148172773,8.944450304461657
2019-06-17,-0.0028509695058667184,-1.0,0.0028509695058667184,0.0028509695058667184,0.7466815292936456,8.918949949396897
2019-06-18,-0.0046036451943319845,-1.0,0.0046036451943319845,0.0046036451943319845,0.7501189861276748,8.877890268323869
2019-06-19,0.003991918639415726,-1.0,-0.003991918639415726,-0.003991918639415726,0.7471245721651721,8.913330083964679
2019-06-20,0.00067915697254195,-1.0,-0.00067915697254195,-0.00067915697254195,0.7466171573026288,8.919383634239772
2019-06-21,0.005669164919882341,-1.0,-0.005669164919882341,-0.005669164919882341,0.7423844615058665,8.969949091045976
2019-06-24,0.003131645479091727,-1.0,-0.003131645479091727,-0.003131645479091727,0.7400595765632436,8.998039791564633
2019-06-25,-0.00951019978426948,-1.0,0.00951019978426948,0.00951019978426948,0.7470976909886219,8.912466635480047
2019-06-26,-0.015274724887940128,-1.0,0.015274724887940128,0.015274724887940128,0.7585094026828884,8.776331159550145
2019-06-27,0.007288172654300151,-1.0,-0.007288172654300151,-0.007288172654300151,0.7529812551962254,8.84029457631226
2019-06-28,0.0015152896908139368,-1.0,-0.0015152896908139368,-0.0015152896908139368,0.7518402704628504,8.853690183547505
2019-07-01,-0.00410026544103359,-1.0,0.00410026544103359,0.00410026544103359,0.7549230151410066,8.817387703662286
2019-07-02,0.01784141433466191,-1.0,-0.01784141433466191,-0.01784141433466191,0.7414541208371036,8.974702371032677
2019-07-03,0.005152388826875853,-1.0,-0.005152388826875853,-0.005152388826875853,0.7376338609092614,9.020943527253722
2019-07-05,-0.0029699774341526153,-1.0,0.0029699774341526153,0.0029699774341526153,0.7398246168308287,8.994151528543014
2019-07-08,0.004901200824720009,-1.0,-0.004901200824720009,-0.004901200824720009,0.7361985878086692,9.038233671432366
2019-07-09,-0.004638247095748449,-1.0,0.004638247095748449,0.004638247095748449,0.7396132587704669,8.996312110355149
2019-07-10,0.006341002075340052,-1.0,-0.006341002075340052,-0.006341002075340052,0.7349233695616544,9.053357744117317
2019-07-11,0.004392022150164321,-1.0,-0.004392022150164321,-0.004392022150164321,0.7316955698438662,9.093120291862842
2019-07-12,-0.00793751344889937,-1.0,0.00793751344889937,0.00793751344889937,0.737503413270002,9.02094352725372
2019-07-15,0.00057507832236392,-1.0,-0.00057507832236392,-0.00057507832236392,0.737079291044361,9.026131276323513
2019-07-16,-0.004644379253263997,-1.0,0.004644379253263997,0.004644379253263997,0.7405025668116979,8.984210499486519
2019-07-17,0.009765150696468217,-1.0,-0.009765150696468217,-0.009765150696468217,0.7332714476556601,9.071942668902796
2019-07-18,0.01167195764176987,-1.0,-0.01167195764176987,-0.01167195764176987,0.724712734378704,9.177829999462794
2019-07-19,-0.0123847821424391,-1.0,0.0123847821424391,0.0123847821424391,0.7336881437098356,9.064164574379106
2019-07-22,-0.0017645084618796991,-1.0,0.0017645084618796991,0.0017645084618796991,0.7349827426477925,9.048170779287744
2019-07-23,-0.009839480809489154,-1.0,0.009839480809489154,0.009839480809489154,0.742214591239381,8.959141476543962
2019-07-24,0.013314191136255982,-1.0,-0.013314191136255982,-0.013314191136255982,0.7323326043075018,9.078425198579428
2019-07-25,-0.011567908541036842,-1.0,0.011567908541036842,0.011567908541036842,0.7408041608957504,8.973406806185617
2019-07-26,0.007416777557675669,-1.0,-0.007416777557675669,-0.007416777557675669,0.7353097812205861,9.039960568401629
2019-07-29,0.01056594803691846,-1.0,-0.01056594803691846,-0.01056594803691846,0.7275405362811715,9.135476322023152
2019-07-30,-0.009414512572256228,-1.0,0.009414512572256228,0.009414512572256228,0.7343899758068166,9.049470265335916
2019-07-31,-0.010602161891216322,-1.0,0.010602161891216322,0.010602161891216322,0.742176097221607,8.953526316553077
2019-08-01,0.014915191766250668,0.0,0.0,-0.001,0.7414339211243854,9.087069878548638
2019-08-02,0.005469530771288866,0.0,0.0,0.0,0.7414339211243854,9.136771886870212
2019-08-05,-0.015893513707079476,0.0,-0.0,-0.0,0.7414339211243854,8.991556477647782
2019-08-06,0.016102139070128807,0.0,0.0,0.0,0.7414339211243854,9.136339770507783
2019-08-07,0.0069534353225448875,0.0,0.0,0.0,0.7414339211243854,9.199868718186805
2019-08-08,0.011039702557307463,-1.0,-0.011039702557307463,-0.012039702557307463,0.7325072772481497,9.301432532401865
2019-08-09,0.0058543369140329204,-1.0,-0.0058543369140329204,-0.0058543369140329204,0.728218932855158,9.355886252229691
2019-08-12,-0.004757720388138265,-1.0,0.004757720388138265,0.004757720388138265,0.7316835949190312,9.311373561458355
2019-08-13,0.0007890095218490156,-1.0,-0.0007890095218490156,-0.0007890095218490156,0.7311062895956594,9.31872032385984
2019-08-14,-0.003061060812042493,-1.0,0.003061060812042493,0.003061060812042493,0.7333442504081784,9.290195154258088
2019-08-15,0.010187817788946507,-1.0,-0.010187817788946507,-0.010187817788946507,0.7258730728084484,9.384841969713422
2019-08-16,0.0017501762167730917,-1.0,-0.0017501762167730917,-0.0017501762167730917,0.7246026670200231,9.401267096926988
2019-08-19,0.006573633276466984,-1.0,-0.006573633276466984,-0.006573633276466984,0.7198393948158835,9.463067579156302
2019-08-20,0.0007763616121336803,-1.0,-0.0007763616121336803,-0.0007763616121336803,0.719280539142847,9.470414341557786
2019-08-21,0.009720426866381082,-1.0,-0.009720426866381082,-0.009720426866381082,0.7122888252656977,9.562470811559225
2019-08-22,0.0016269600016993735,-1.0,-0.0016269600016993735,-0.0016269600016993735,0.711129959837333,9.57802856908705
2019-08-23,0.0012633942925854846,-1.0,-0.0012633942925854846,-0.0012633942925854846,0.7102315223047879,9.590129395715454
2019-08-26,0.0077511981990359136,-1.0,-0.0077511981990359136,-0.0077511981990359136,0.7047263770082005,9.664464389416045
2019-08-27,0.0017440878683363525,-1.0,-0.0017440878683363525,-0.0017440878683363525,0.7034972722835638,9.681320064511594
2019-08-28,-0.0070480459852051425,-1.0,0.0070480459852051425,0.0070480459852051425,0.7084555534090848,9.613085675499427
2019-08-29,-0.0003162875526204756,-1.0,0.0003162875526204756,0.0003162875526204756,0.708679629082213,9.610045176157993
2019-08-30,-0.009225755339745012,-1.0,0.009225755339745012,0.009225755339745012,0.7152177339543868,9.521385250558863
2019-09-03,0.029578357591823368,-1.0,-0.029578357591823368,-0.029578357591823368,0.6940627680634703,9.803012188269406
2019-09-04,-0.006384393870981886,-1.0,0.006384393870981886,0.006384393870981886,0.6984939381459714,9.740425897337458
2019-09-05,-0.019230597364440105,-1.0,0.019230597364440105,0.019230597364440105,0.7119263938319587,9.553111688747595
2019-09-06,0.0015008998585461786,-1.0,-0.0015008998585461786,-0.0015008998585461786,0.710857863608161,9.567449952729913
2019-09-09,-0.0011352792155704394,-1.0,0.0011352792155704394,0.0011352792155704394,0.71166488576594,9.556588225652568
2019-09-10,-0.0080492921592622,-1.0,0.0080492921592622,0.0080492921592622,0.7173932843509581,9.479664454978526
2019-09-11,0.008893996006686056,-1.0,-0.008893996006686056,-0.008893996006686056,0.7110127913447173,9.563976552785828
2019-09-12,0.0030899009307996383,-1.0,-0.0030899009307996383,-0.0030899009307996383,0.7088158322589307,9.593528292838426
2019-09-13,-0.010192926531291224,-1.0,0.010192926531291224,0.010192926531291224,0.7160407399613621,9.495742163773661
2019-09-16,-0.0008236562873146225,-1.0,0.0008236562873146225,0.0008236562873146225,0.7166305114188047,9.487920936037751
2019-09-17,0.017910136133103105,-1.0,-0.017910136133103105,-0.017910136133103105,0.7037955614021586,9.657850891622306
2019-09-18,0.0075601015159343365,-1.0,-0.0075601015159343365,-0.0075601015159343365,0.6984747955114943,9.730865224788728
2019-09-19,0.004466386890539242,-1.0,-0.004466386890539242,-0.004466386890539242,0.6953551368414497,9.774327033662328
2019-09-20,0.0036461055880661064,-1.0,-0.0036461055880661064,-0.0036461055880661064,0.6928197985913216,9.80996526207935
2019-09-23,-0.0019492555607305562,-1.0,0.0019492555607305562,0.0019492555607305562,0.69417028143631,9.790843132741669
2019-09-24,0.014337464190582017,-1.0,-0.014337464190582017,-0.014337464190582017,0.6842176398840506,9.931218995552959
2019-09-25,0.0037636541140195767,-1.0,-0.0037636541140195767,-0.0037636541140195767,0.6816424813488162,9.968596668782801
2019-09-26,0.010245176833696856,-1.0,-0.010245176833696856,-0.010245176833696856,0.6746589335900377,10.070726704438282
2019-09-27,-0.0019849112790057966,-1.0,0.0019849112790057966,0.0019849112790057966,0.6759980717168026,10.050737205414858
2019-09-30,0.007480712811930079,-1.0,-0.007480712811930079,-0.007480712811930079,0.6709411242808707,10.125923883996748
2019-10-01,-0.004120351341640904,-1.0,0.004120351341640904,0.004120351341640904,0.6737056374424635,10.084201519935968
2019-10-02,-0.012584533169416656,-1.0,0.012584533169416656,0.012584533169416656,0.682183908383281,9.957296551421253
2019-10-03,0.004626383317359428,-1.0,-0.004626383317359428,-0.004626383317359428,0.6790278641301656,10.003362822072749
2019-10-04,0.014858708211990201,-1.0,-0.014858708211990201,-0.014858708211990201,0.6689383872292445,10.151999871384598
2019-10-07,-0.004451984714113455,-1.0,0.004451984714113455,0.004451984714113455,0.6719164907038727,10.106803323139513
2019-10-08,-0.01109465056595671,-1.0,0.01109465056595671,0.01109465056595671,0.679371169377736,9.99467187193043
2019-10-09,0.014741218516272303,-1.0,-0.014741218516272303,-0.014741218516272303,0.6693564105162834,10.142005513992997
2019-10-10,-0.005827824954770078,-1.0,0.005827824954770078,0.005827824954770078,0.6732573025091255,10.082899681167133
2019-10-11,-0.010603798644494566,-1.0,0.010603798644494566,0.010603798644494566,0.6803963873808679,9.975982643195398
2019-10-14,-0.0027879253838467566,-1.0,0.0027879253838467566,0.0027879253838467566,0.6822932817403247,9.94817034795562
2019-10-15,-0.0059416137318836215,-1.0,0.0059416137318836215,0.0059416137318836215,0.6863472048722848,9.889062162409088
2019-10-16,0.01041584058540157,-1.0,-0.01041584058540157,-0.01041584058540157,0.6791983218000992,9.992065057431867
2019-10-17,0.005132297685666698,-1.0,-0.005132297685666698,-0.005132297685666698,0.6757124738250159,10.043347309801156
2019-10-18,0.006015241673192007,-1.0,-0.006015241673192007,-0.006015241673192007,0.6716478999933679,10.103760471077413
2019-10-21,0.0013763338570522698,-1.0,-0.0013763338570522698,-0.0013763338570522698,0.670723488248589,10.117666618697303
2019-10-22,0.014776726009310348,-1.0,-0.014776726009310348,-0.014776726009310348,0.6608123910347307,10.267172606175338
2019-10-23,-0.0010160502638583147,-1.0,0.0010160502638583147,0.0010160502638583147,0.6614838096390023,10.256740642739755
2019-10-24,0.006567766965348554,-1.0,-0.006567766965348554,-0.006567766965348554,0.6571393381259424,10.32410452510529
2019-10-25,-0.002820623121315924,-1.0,0.002820623121315924,0.002820623121315924,0.6589928805369867,10.294984117174895
2019-10-28,-0.015408306407964756,-1.0,0.015408306407964756,0.015408306407964756,0.6691468447609679,10.136355847432334
2019-10-29,-0.0027011856420063873,-1.0,0.0027011856420063873,0.0027011856420063873,0.67095433461043,10.108975668554983
2019-10-30,0.01229551055720668,-1.0,-0.01229551055720668,-0.01229551055720668,0.6627046085058238,10.233270685610247
2019-10-31,0.012231616728268113,-1.0,-0.012231616728268113,-0.012231616728268113,0.6545986597305236,10.358440130513253
2019-11-01,-0.01103454364011458,-1.0,0.01103454364011458,0.01103454364011458,0.6618218572080806,10.244139470849591
2019-11-04,-0.025922063016717622,-1.0,0.025922063016717622,0.025922063016717622,0.6789776450964696,9.978590241934183
2019-11-05,-0.010844871008445112,-1.0,0.010844871008445112,0.010844871008445112,0.6863410700751585,9.870373717914278
2019-11-06,0.0016733797312644683,0.0,0.0,-0.001,0.6856547290050834,9.88689060123384
2019-11-07,-0.019341686227940524,0.0,-0.0,-0.0,0.6856547290050834,9.695661465454801
2019-11-08,-0.004527090921253141,1.0,-0.004527090921253141,-0.005527090921253141,0.6818650529772852,9.651768324458997
2019-11-11,0.0006302023586599592,1.0,0.0006302023586599592,0.0006302023586599592,0.6822947659419593,9.65785089162231
2019-11-12,0.0045001532288411195,1.0,0.0045001532288411195,0.0045001532288411195,0.6853651969359343,9.70131270049591
2019-11-13,0.021010428741085718,1.0,0.021010428741085718,0.021010428741085718,0.699765013567777,9.90514143968467
2019-11-14,0.008599837263570498,1.0,0.008599837263570498,0.008599837263570498,0.7057828788072,9.990324044138607
2019-11-15,0.006743148149005895,1.0,0.006743148149005895,0.006743148149005895,0.7105420773200288,10.05769027922481
2019-11-18,0.0031977993813059324,1.0,0.0031977993813059324,0.0031977993813059324,0.7128142483352746,10.08985275497708
2019-11-19,0.002153699647001295,1.0,0.002153699647001295,0.002153699647001295,0.7143494361302918,10.111583267293769
2019-11-20,0.01100308318694787,1.0,0.01100308318694787,0.01100308318694787,0.7222094824005827,10.222841859135553
2019-11-21,-0.0003401521018431275,1.0,-0.0003401521018431275,-0.0003401521018431275,0.7219638213271731,10.219364537990359
2019-11-22,-0.007484818214167799,1.0,-0.007484818214167799,-0.007484818214167799,0.7165600533673333,10.142874452159187
2019-11-25,-0.0035136994769424668,1.0,-0.0035136994769424668,-0.0035136994769424668,0.7140422766826187,10.107235439501942
2019-11-26,0.01014778708114017,1.0,0.01014778708114017,0.01014778708114017,0.7212882256733264,10.209801512720961
2019-11-27,-0.0025676877375858664,1.0,-0.0025676877375858664,-0.0025676877375858664,0.719436182741,10.183585930573562
2019-11-29,0.0032183342242133595,1.0,0.0032183342242133595,0.0032183342242133595,0.7217515688300528,10.216360113699144
2019-12-02,-0.010991795552034667,1.0,-0.010991795552034667,-0.010991795552034667,0.7138182231461125,10.104063972043402
2019-12-03,0.004237850853884284,1.0,0.004237850853884284,0.004237850853884284,0.7168432783125904,10.146883488175028
2019-12-04,0.008741669912151195,1.0,0.008741669912151195,0.008741669912151195,0.7231096856303434,10.235584194265712
2019-12-05,0.001280380103792611,0.0,0.0,-0.001,0.722386575944713,10.248689632618744
2019-12-06,-0.0007246540943645075,-1.0,0.0007246540943645075,-0.00027534590563549257,0.7221876697587406,10.241262877714595
2019-12-09,-0.0005120671569911472,-1.0,0.0005120671569911472,0.0005120671569911472,0.722557478345608,10.236018663348805
2019-12-10,0.0007685325640294227,-1.0,-0.0007685325640294227,-0.0007685325640294227,0.7220021693941164,10.243885377017602
2019-12-11,0.005672867112973101,-1.0,-0.005672867112973101,-0.005672867112973101,0.7179063470318653,10.30199757748195
2019-12-12,-0.007973795926060623,-1.0,0.007973795926060623,0.007973795926060623,0.723630785737121,10.219851551168338
2019-12-13,0.013039832922176808,-1.0,-0.013039832922176808,-0.013039832922176808,0.7141947611937655,10.353116707885022
2019-12-16,0.010635186514583506,-1.0,-0.010635186514583506,-0.010635186514583506,0.7065991667007313,10.46322403508063
2019-12-17,0.0014617900756124236,-1.0,-0.0014617900756124236,-0.0014617900756124236,0.7055662670514121,10.47851907213402
2019-12-18,0.0019595304790738233,-1.0,-0.0019595304790738233,-0.0019595304790738233,0.7041836884461186,10.499052049631423
2019-12-19,0.00149825815724558,-1.0,-0.00149825815724558,-0.00149825815724558,0.7031286394907049,10.514782340008129
2019-12-20,0.008560067854032738,-1.0,-0.008560067854032738,-0.008560067854032738,0.6971098106265508,10.604789590308984
2019-12-23,-0.016192053259287187,-1.0,0.016192053259287187,0.016192053259287187,0.7083974498077875,10.433076272459166
2019-12-24,0.007245054823876496,-1.0,-0.007245054823876496,-0.007245054823876496,0.7032650714468358,10.508664482034817
2019-12-26,0.006029043859823835,-1.0,-0.006029043859823835,-0.006029043859823835,0.6990250554860007,10.572021681105177
2019-12-27,0.0022728973826147136,-1.0,-0.0022728973826147136,-0.0022728973826147136,0.6974362432670045,10.596050801513107
2019-12-30,-0.005030851741044118,-1.0,0.005030851741044118,0.005030851741044118,0.7009449416057115,10.542743640890123
2019-12-31,0.003605747951872962,-1.0,-0.003605747951872962,-0.003605747951872962,0.698417510818141,10.580758117180384
2020-01-02,-0.014618213185543016,-1.0,0.014618213185543016,0.014618213185543016,0.7086271268837968,10.426086339358775
2020-01-03,0.007124296307061018,-1.0,-0.007124296307061018,-0.007124296307061018,0.7035786572606553,10.500364867763368
2020-01-06,0.004993121331937189,-1.0,-0.004993121331937189,-0.004993121331937189,0.7000656036583913,10.55279446357772
2020-01-07,-0.0008692728651760184,-1.0,0.0008692728651760184,0.0008692728651760184,0.7006741516914946,10.543621205698752
2020-01-08,-0.0004559527005230102,-1.0,0.0004559527005230102,0.0004559527005230102,0.700993625963145,10.538813813136722
2020-01-09,0.00783576905529415,-1.0,-0.00783576905529415,-0.00783576905529415,0.6955008018008645,10.621393524293206
2020-01-10,0.0018923404550035272,-1.0,-0.0018923404550035272,-0.0018923404550035272,0.6941846774971293,10.641492816947737
2020-01-13,0.01170189049813275,-1.0,-0.01170189049813275,-0.01170189049813275,0.6860614044155763,10.766018400628326
2020-01-14,0.00539781584445187,-1.0,-0.00539781584445187,-0.00539781584445187,0.682358171296555,10.824131385332898
2020-01-15,0.015541012316928615,-1.0,-0.015541012316928615,-0.015541012316928615,0.6717536345518783,10.99234934451241
2020-01-16,0.0027428985958679597,-1.0,-0.0027428985958679597,-0.0027428985958679597,0.6699110824508968,11.022500244094763
2020-01-17,0.004479045009233351,-1.0,-0.004479045009233351,-0.004479045009233351,0.666910520560415,11.07187051880235
2020-01-21,0.01377274248867999,-1.0,-0.01377274248867999,-0.01377274248867999,0.6577253336977449,11.224360540325822
2020-01-22,0.011717041745825885,-1.0,-0.011717041745825885,-0.011717041745825885,0.6500187385055212,11.35587684134702
2020-01-23,0.0006925366537524624,-1.0,-0.0006925366537524624,-0.0006925366537524624,0.6495685767034801,11.363741202295152
2020-01-24,0.013995873604429221,-1.0,-0.013995873604429221,-0.013995873604429221,0.6404772970065292,11.52278668783592
2020-01-27,0.01145128983803767,-1.0,-0.01145128983803767,-0.01145128983803767,0.6331430058438245,11.654737457940211
2020-01-28,-0.0034863980882275936,-1.0,0.0034863980882275936,0.0034863980882275936,0.6353503944089731,11.614104403548053
2020-01-29,-0.0001881241276215917,-1.0,0.0001881241276215917,0.0001881241276215917,0.6354699191476554,11.61191951028903
2020-01-30,0.015690653854349312,-1.0,-0.015690653854349312,-0.015690653854349312,0.6254989806114581,11.79411811990954
2020-01-31,-0.006409041612723265,-1.0,0.006409041612723265,0.006409041612723265,0.6295078296069129,11.718529126093665
2020-02-03,-0.0051826582187415315,-1.0,0.0051826582187415315,0.0051826582187415315,0.6327703535337873,11.657795994806754
2020-02-04,-0.008507856969248051,-1.0,0.008507856969248051,0.008507856969248051,0.6381538731960333,11.558613133906265
2020-02-05,0.008202807143385948,-1.0,-0.008202807143385948,-0.008202807143385948,0.6329192200464016,11.653426208288707
2020-02-06,0.006074156814446896,-1.0,-0.006074156814446896,-0.006074156814446896,0.6290747694529623,11.724210946503439
2020-02-07,0.004509233252417921,-1.0,-0.004509233252417921,-0.004509233252417921,0.6262381245842878,11.777078148361774
2020-02-10,0.008162583366173592,-1.0,-0.008162583366173592,-0.008162583366173592,0.6211264036852924,11.873209530557718
2020-02-11,0.0015084782381966644,-1.0,-0.0015084782381966644,-0.0015084782381966644,0.6201894480221638,11.891120008752113
2020-02-12,-0.006944653749663909,-1.0,0.006944653749663909,0.006944653749663909,0.6244964489978729,11.808540297595629
2020-02-13,0.019277426895924155,-1.0,-0.019277426895924155,-0.019277426895924155,0.6124577643555522,12.036178569930103
2020-02-14,0.01107230944633164,-1.0,-0.01107230944633164,-0.01107230944633164,0.6056764424657991,12.169446863607675
2020-02-18,0.012638376841525911,-1.0,-0.012638376841525911,-0.012638376841525911,0.5980216753418816,12.323248919022875
2020-02-19,-0.026131033501838985,-1.0,0.026131033501838985,0.026131033501838985,0.6136485997750661,12.001229688668387
2020-02-20,0.008592039653396055,-1.0,-0.008592039653396055,-0.008592039653396055,0.6083761066725478,12.10434473004294
2020-02-21,0.0020211233467704037,-1.0,-0.0020211233467704037,-0.0020211233467704037,0.6071465035197346,12.128809103774186
2020-02-24,-0.013148919856810659,-1.0,0.013148919856810659,0.013148919856810659,0.6151298242358585,11.969328364910103
2020-02-25,-0.01317780961798476,-1.0,0.01317780961798476,0.01317780961798476,0.6232358879499831,11.811598834462172
2020-02-26,-0.0031812870156427975,-1.0,0.0031812870156427975,0.0031812870156427975,0.625218580188001,11.774022748456115
2020-02-27,-0.04558515704023758,-1.0,0.04558515704023758,0.04558515704023758,0.6537192673503455,11.237302072472414
2020-02-28,-0.012077477250002966,0.0,-0.0,-0.001,0.6530655480829951,11.101583812340717
2020-03-02,0.061679252515179916,1.0,0.061679252515179916,0.060679252515179916,0.6926930773840875,11.786321203620513
2020-03-03,-0.011924903958808075,1.0,-0.011924903958808075,-0.011924903958808075,0.684432778963351,11.645770455239676
2020-03-04,0.06437859656752454,1.0,0.06437859656752454,0.06437859656752454,0.7284956007178223,12.395508813095548
2020-03-05,-0.021472495303134886,0.0,-0.0,-0.001,0.7277671051171044,12.129346308326387
2020-03-06,-0.015715391708692295,0.0,-0.0,-0.0,0.7277671051171044,11.938728879920657
2020-03-09,-0.03877554586369081,0.0,-0.0,-0.0,0.7277671051171044,11.475798150683124
2020-03-10,-0.021241830288688313,0.0,-0.0,-0.0,0.7277671051171044,11.23203119393907
2020-03-11,-0.05658313796040293,0.0,-0.0,-0.0,0.7277671051171044,10.596487623316866
2020-03-12,-0.13417054796892902,1.0,-0.13417054796892902,-0.13517054796892902,0.6293944267246643,9.174751072350467
2020-03-13,0.06065371593783486,1.0,0.06065371593783486,0.06065371593783486,0.6675695374960785,9.731233817693159
2020-03-16,-0.09112650810098832,1.0,-0.09112650810098832,-0.09112650810098832,0.6067362566294691,8.844460460372531
2020-03-17,0.10125651016728177,1.0,0.10125651016728177,0.10125651016728177,0.6681722525677294,9.740019660902364
2020-03-18,-0.05014433131135565,1.0,-0.05014433131135565,-0.05014433131135565,0.6346672017619184,9.251612888046958
2020-03-19,-0.016805838680495344,1.0,-0.016805838680495344,-0.016805838680495344,0.6240010871533062,9.09613177431605
2020-03-20,-0.07411885257385442,1.0,-0.07411885257385442,-0.07411885257385442,0.5777508425686654,8.421936924343164
2020-03-23,-0.052620473311421834,1.0,-0.052620473311421834,-0.052620473311421834,0.5473493197766295,7.978770617185287
2020-03-24,0.13690412886482117,1.0,0.13690412886482117,0.13690412886482117,0.6222837015854014,9.07109725794327
2020-03-25,0.018108656956117075,1.0,0.018108656956117075,0.018108656956117075,0.6335524236667941,9.235362646402939
2020-03-26,0.09906301621636393,1.0,0.09906301621636393,0.09906301621636393,0.6963140376864144,10.150245526007554
2020-03-27,0.0036779590406261775,1.0,0.0036779590406261775,0.0036779590406261775,0.6988750521964381,10.187577713304508
2020-03-30,0.06061663019993491,1.0,0.06061663019993491,0.06061663019993491,0.7412385027913898,10.805114344184986
2020-03-31,-0.021909574611701732,1.0,-0.021909574611701732,-0.021909574611701732,0.7249982825094158,10.568378885273097
2020-04-01,-0.0930514265937249,1.0,-0.0930514265937249,-0.0930514265937249,0.6575361580439143,9.584976153215434
2020-04-02,0.03766669748543405,1.0,0.03766669748543405,0.03766669748543405,0.682303373594689,9.946010550383699
2020-04-03,-0.02124077615887021,1.0,-0.02124077615887021,-0.02124077615887021,0.6678107203637221,9.734749566609237
2020-04-06,0.058067090959463386,1.0,0.058067090959463386,0.058067090959463386,0.7065885462067871,10.300018155161132
2020-04-07,-0.025670421419496714,1.0,-0.025670421419496714,-0.025670421419496714,0.6884501204554694,10.035612348489678
2020-04-08,0.021926284354326864,1.0,0.021926284354326864,0.021926284354326864,0.7035452735603466,10.255656038512457
2020-04-09,0.050449993565129914,1.0,0.050449993565129914,0.050449993565129914,0.7390391280842437,10.773053819661596
2020-04-13,-0.03697820131731022,1.0,-0.03697820131731022,-0.03697820131731022,0.7117107904245751,10.374685666715932
2020-04-14,0.02612086630517707,1.0,0.02612086630517707,0.02612086630517707,0.7303012928292073,10.645681443974455
2020-04-15,-0.021289083161418088,1.0,-0.021289083161418088,-0.021289083161418088,0.7147538478732751,10.419044646403718
2020-04-16,0.0010961552371990813,1.0,0.0010961552371990813,0.0010961552371990813,0.7155373290469296,10.430465536759485
2020-04-17,0.036971629515289095,1.0,0.036971629515289095,0.036971629515289095,0.7419919100808121,10.816096844256547
2020-04-20,-0.03512568613154354,0.0,-0.0,-0.001,0.7412499181707313,10.436174021336813
2020-04-21,-0.009216697906250237,0.0,-0.0,-0.0,0.7412499181707313,10.339986958085094
2020-04-22,0.049910733782039696,0.0,0.0,0.0,0.7412499181707313,10.85606329445984
2020-04-23,-0.024396259190171188,-1.0,0.024396259190171188,0.023396259190171187,0.7585923933809468,10.591215960543295
2020-04-24,-0.005971314764400271,-1.0,0.005971314764400271,0.005971314764400271,0.7631221873397042,10.52797247630515
2020-04-27,0.01627027098296896,-1.0,-0.01627027098296896,-0.01627027098296896,0.7507059825585711,10.699265441395873
2020-04-28,-0.01765204053524916,-1.0,0.01765204053524916,0.01765204053524916,0.763957474992749,10.510401574126963
2020-04-29,-0.017425883176697687,-1.0,0.017425883176697687,0.017425883176697687,0.7772701087039376,10.327248544156047
2020-04-30,-0.017054365288739604,-1.0,0.017054365288739604,0.017054365288739604,0.790525957065793,10.151123875056406
2020-05-01,-0.01761007659517655,-1.0,0.01761007659517655,0.01761007659517655,0.8044471797201969,9.972361806089538
2020-05-04,0.013389322845090756,-1.0,-0.013389322845090756,-0.013389322845090756,0.7936761767191004,10.105884977839322
2020-05-05,4.3612509526669285e-05,-1.0,-4.3612509526669285e-05,-4.3612509526669285e-05,0.7936415625092822,10.106325720844193
2020-05-06,-0.032333773552153056,-1.0,0.032333773552153056,0.032333773552153056,0.8193029890730341,9.779550073542117
2020-05-07,0.008173875178978163,0.0,0.0,-0.001,0.818483686083961,9.859486895149816
2020-05-08,0.023387165026092838,0.0,0.0,0.0,0.818483686083961,10.090072342239285
2020-05-11,-0.010229326052568766,0.0,-0.0,-0.0,0.818483686083961,9.986857702356513
2020-05-12,0.00241895263999492,0.0,0.0,0.0,0.818483686083961,10.011015438160882
2020-05-13,0.009608279232644401,0.0,0.0,0.0,0.818483686083961,10.107204069893045
2020-05-14,0.009168837761145188,0.0,0.0,0.0,0.818483686083961,10.199875384228681
2020-05-15,-0.018860362015860277,0.0,-0.0,-0.0,0.818483686083961,10.007502041965466
2020-05-18,0.03335498564701589,0.0,0.0,0.0,0.818483686083961,10.341302128937707
2020-05-19,-0.02102340927725821,0.0,-0.0,-0.0,0.818483686083961,10.12389270182127
2020-05-20,0.009935105835207292,0.0,0.0,0.0,0.818483686083961,10.224474647278146
2020-05-21,-0.01671050583830691,0.0,-0.0,-0.0,0.818483686083961,10.053618503991183
2020-05-22,0.021625538776081754,0.0,0.0,0.0,0.818483686083961,10.271033420789177
2020-05-26,0.001966740717862736,0.0,0.0,0.0,0.818483686083961,10.291233880432372
2020-05-27,0.02910645512348098,0.0,0.0,0.0,0.818483686083961,10.590775217538424
2020-05-28,0.04242562333277844,-1.0,-0.04242562333277844,-0.04342562333277844,0.7829405218280548,11.040095457719833
2020-05-29,0.01670893168722931,-1.0,-0.01670893168722931,-0.01670893168722931,0.7698584221336662,11.224563658543364
2020-06-01,0.005862362412018429,-1.0,-0.005862362412018429,-0.005862362412018429,0.765345233057174,11.290366118626517
2020-06-02,0.0037163029016780147,-1.0,-0.0037163029016780147,-0.0037163029016780147,0.7625009783467781,11.332324538994175
2020-06-03,0.01161316334289908,-1.0,-0.01161316334289908,-0.01161316334289908,0.7536459299361166,11.463928674920258
2020-06-04,-0.02962474925397862,-1.0,0.02962474925397862,0.02962474925397862,0.7759725016367555,11.12431266246025
2020-06-05,0.00988520974663909,-1.0,-0.00988520974663909,-0.00988520974663909,0.7683018507004519,11.234278826415864
2020-06-08,0.023979884744539826,-1.0,-0.023979884744539826,-0.023979884744539826,0.7498780608716384,11.50367553786134
2020-06-09,-0.006948466178788748,-1.0,0.006948466178788748,0.006948466178788748,0.7550885632158207,11.423742637454751
2020-06-10,-0.007267978188788549,-1.0,0.007267978188788549,0.007267978188788549,0.760576530423877,11.340715125131396
2020-06-11,-0.03294527876702524,-1.0,0.03294527876702524,0.03294527876702524,0.7856339362423485,10.967092103916523
2020-06-12,-0.00571831961049607,-1.0,0.00571831961049607,0.00571831961049607,0.7901264421866344,10.90437876606858
2020-06-15,0.0067232023046541745,-1.0,-0.0067232023046541745,-0.0067232023046541745,0.7848142622695571,10.977691110519435
2020-06-16,-0.0016092450650342371,-1.0,0.0016092450650342371,0.0016092450650342371,0.7860772207480828,10.960025315274361
2020-06-17,0.0033443904270822333,-1.0,-0.0033443904270822333,-0.0033443904270822333,0.7834482716160656,10.996679919019344
2020-06-18,-0.00028105671333666926,-1.0,0.00028105671333666926,0.00028105671333666926,0.7836684650123553,10.993589228303689
2020-06-19,-0.026995521517119925,-1.0,0.026995521517119925,0.026995521517119925,0.8048240039218848,10.69681155374064
2020-06-22,0.019941475308168144,-1.0,-0.019941475308168144,-0.019941475308168144,0.7887746259202555,10.910121757215686
2020-06-23,-0.015503487026647833,-1.0,0.015503487026647833,0.015503487026647833,0.8010033831001591,10.740976826093544
2020-06-24,-0.006332054349476035,-1.0,0.006332054349476035,0.006332054349476035,0.8060753800560635,10.672964377064257
2020-06-25,-0.010385982237888003,-1.0,0.010385982237888003,0.010385982237888003,0.8144472646357246,10.562115158618457
2020-06-26,-0.01229302821607936,0.0,-0.0,-0.001,0.8136328173710888,10.432274778952081
2020-06-29,0.008551240802691318,1.0,0.008551240802691318,0.007551240802691318,0.8197767547000302,10.521483672706744
2020-06-30,0.008101132448663284,1.0,0.008101132448663284,0.008101132448663284,0.8264178747681905,10.606719605495789
2020-07-01,0.02535705611196004,1.0,0.02535705611196004,0.02535705611196004,0.8473733991906143,10.875674789696172
2020-07-02,0.0005683676232361989,1.0,0.0005683676232361989,0.0005683676232361989,0.8478550187955058,10.881856171127481
2020-07-06,0.0022727556087933642,1.0,0.0022727556087933642,0.0022727556087933642,0.849781986044917,10.906587970774494
2020-07-07,-0.000971654760486329,1.0,-0.000971654760486329,-0.000971654760486329,0.8489562913328009,10.895990532652029
2020-07-08,0.02654809485457066,1.0,0.02654809485457066,0.02654809485457066,0.8714944634824886,11.185258322847378
2020-07-09,-0.005053938144682579,1.0,-0.005053938144682579,-0.005053938144682579,0.8670899843706148,11.128728719151411
2020-07-10,0.03019944597986579,1.0,0.03019944597986579,0.03019944597986579,0.8932756215132979,11.464810160930005
2020-07-13,-0.012942879894066617,0.0,-0.0,-0.001,0.8923823458917846,11.316422500008814
2020-07-14,0.024625373991903343,0.0,0.0,0.0,0.8923823458917846,11.595093636321922
2020-07-15,-0.013521017400590973,-1.0,0.013521017400590973,0.012521017400590972,0.9035558807726758,11.43831617350373
2020-07-16,0.036216183232066435,-1.0,-0.036216183232066435,-0.036216183232066435,0.8708325354342014,11.852568327909651
2020-07-17,0.02608241233746833,-1.0,-0.02608241233746833,-0.02608241233746833,0.8481191221681236,12.161711902296208
2020-07-20,-0.0038129602732486223,-1.0,0.0038129602732486223,0.0038129602732486223,0.8513529666879331,12.115339777958058
2020-07-21,0.007290413713792132,-1.0,-0.007290413713792132,-0.007290413713792132,0.8451462513443139,12.203665617222534
2020-07-22,0.01480136535054144,-1.0,-0.01480136535054144,-0.01480136535054144,0.8326369329035261,12.384296530638885
2020-07-23,0.0019611868644426877,-1.0,-0.0019611868644426877,-0.0019611868644426877,0.8310039762878659,12.408584450320136
2020-07-24,-0.0025626913897158765,-1.0,0.0025626913897158765,0.0025626913897158765,0.8331335830227184,12.376785077790739
2020-07-27,-0.009348822827191738,-1.0,0.009348822827191738,0.009348822827191738,0.8409224012817814,12.261076706928243
2020-07-28,0.008681019944688506,-1.0,-0.008681019944688506,-0.008681019944688506,0.8336223371443189,12.367515358364443
2020-07-29,0.004999156629714729,-1.0,-0.004999156629714729,-0.004999156629714729,0.8294549285109055,12.42934250476131
2020-07-30,0.00319776196412902,-1.0,-0.00319776196412902,-0.00319776196412902,0.826802529089554,12.469088583462169
2020-07-31,-0.005808707627334542,-1.0,0.005808707627334542,0.005808707627334542,0.831605183246576,12.396659293501502
2020-08-03,-0.011079302865487639,-1.0,0.011079302865487639,0.011079302865487639,0.8408187889362742,12.259312950668537
2020-08-04,0.026874143308677434,-1.0,-0.026874143308677434,-0.026874143308677434,0.8182225043057721,12.588771483770728
2020-08-05,-0.004455342785668837,-1.0,0.004455342785668837,0.004455342785668837,0.8218679660374028,12.532684191560076
2020-08-06,-0.0034180669521365337,-1.0,0.0034180669521365337,0.0034180669521365337,0.8246771657711349,12.48984663790334
2020-08-07,0.0175736012834824,-1.0,-0.0175736012834824,-0.0175736012834824,0.8101846180722807,12.709338222809697
2020-08-10,-0.014386034737295161,-1.0,0.014386034737295161,0.014386034737295161,0.8218399621314908,12.526501241648324
2020-08-11,-0.020624767651679532,-1.0,0.020624767651679532,0.020624767651679532,0.8387902203973179,12.268145064050852
2020-08-12,0.024478962339974375,-1.0,-0.024478962339974375,-0.024478962339974375,0.8182575061810732,12.568456525055096
2020-08-13,-0.0006679028026709277,-1.0,0.0006679028026709277,0.0006679028026709277,0.818804022662758,12.560062017716763
2020-08-14,-0.013712772188081868,-1.0,0.013712772188081868,0.013712772188081868,0.8300320956922174,12.387828748599633
2020-08-17,0.008876762301656571,-1.0,-0.008876762301656571,-0.008876762301656571,0.8226640980760117,12.49779255983458
2020-08-18,0.00021228426211838958,-1.0,-0.00021228426211838958,-0.00021228426211838958,0.8224894594349803,12.500445644506252
2020-08-19,-0.0025084754524622443,-1.0,0.0025084754524622443,0.0025084754524622443,0.8245526540538819,12.46908858346217
2020-08-20,-0.0008146128155099852,-1.0,0.0008146128155099852,0.0008146128155099852,0.825224345212937,12.458931104104353
2020-08-21,0.001063221353609034,-1.0,-0.001063221353609034,-0.001063221353609034,0.8243469490675885,12.472177705697382
2020-08-24,0.0007791358351740829,-1.0,-0.0007791358351740829,-0.0007791358351740829,0.8237046708189536,12.48189522629055
2020-08-25,-0.004670358737936864,-1.0,0.004670358737936864,0.004670358737936864,0.8275516671257923,12.423600297854431
2020-08-26,-0.008211809747452503,-1.0,0.008211809747452503,0.008211809747452503,0.8343473639724164,12.321580055830056
2020-08-27,0.004611084870579152,-1.0,-0.004611084870579152,-0.004611084870579152,0.8305001174655956,12.378395907207123
2020-08-28,0.0024025062446408896,-1.0,-0.0024025062446408896,-0.0024025062446408896,0.8285048357472096,12.408135080672825
2020-08-31,-0.001359195871786234,-1.0,0.001359195871786234,0.001359195871786234,0.8296309360997121,12.391269994694609
2020-09-01,-0.007307369773454364,-1.0,0.007307369773454364,0.007307369773454364,0.8356933561252898,12.300722402880666
2020-09-02,0.04016183472362034,-1.0,-0.04016183472362034,-0.04016183472362034,0.8021303776769584,12.794741983006293
2020-09-03,-0.026608130948385877,-1.0,0.026608130948385877,0.026608130948385877,0.8234735678038652,12.454297812871651
2020-09-04,-0.011654133018418888,-1.0,0.011654133018418888,0.011654133018418888,0.8330704383002034,12.309153769509441
2020-09-08,0.0021278517947849185,-1.0,-0.0021278517947849185,-0.0021278517947849185,0.8312977878728841,12.335345824450176
2020-09-09,0.016048150427489638,-1.0,-0.016048150427489638,-0.016048150427489638,0.8179569959230607,12.53330530981606
2020-09-10,-0.019336591358162347,-1.0,0.019336591358162347,0.019336591358162347,0.8337734961017751,12.29095390667306
2020-09-11,0.004478117152822758,0.0,0.0,-0.001,0.8329397226056733,12.345994238187087
2020-09-14,0.013554225860018976,0.0,0.0,0.0,0.8329397226056733,12.513334632557967
2020-09-15,0.048878863539520534,0.0,0.0,0.0,0.8329397226056733,13.124972208487124
2020-09-16,-0.05191071796044766,-1.0,0.05191071796044766,0.05091071796044766,0.8753452819013041,12.443645477933636
2020-09-17,-0.0029604588351961336,-1.0,0.0029604588351961336,0.0029604588351961336,0.8779367055749561,12.40680657773644
2020-09-18,-0.009302054511328928,-1.0,0.009302054511328928,0.009302054511328928,0.8861033206677108,12.291397786638822
2020-09-21,-0.002599757378947354,-1.0,0.002599757378947354,0.002599757378947354,0.8884069743141264,12.25944313454543
2020-09-22,0.0067340252573924175,0.0,0.0,-0.001,0.8875185673398123,12.341998534255024
2020-09-23,-0.017082484962849587,0.0,-0.0,-0.0,0.8875185673398123,12.131166529882101
2020-09-24,0.01547687919472418,1.0,0.01547687919472418,0.01447687919472418,0.9003670664222655,12.318919128756168
2020-09-25,0.015421285357727132,1.0,0.015421285357727132,0.015421285357727132,0.9142518838802629,12.50889269593948
2020-09-28,0.00823199114400941,1.0,0.00823199114400941,0.00823199114400941,0.9217779972917591,12.611865789833818
2020-09-29,-0.0035896845320960713,1.0,-0.0035896845320960713,-0.0035896845320960713,0.9184691050728544,12.56659317028718
2020-09-30,-0.01963828049936378,1.0,-0.01963828049936378,-0.01963828049936378,0.900431951157434,12.31980688868769
2020-10-01,0.018734659492453565,1.0,0.018734659492453565,0.018734659492453565,0.9173012371584941,12.550614275760038
2020-10-02,-0.005622883397059852,1.0,-0.005622883397059852,-0.005622883397059852,0.9121433592619731,12.480043635125964
2020-10-05,0.023971085767365397,1.0,0.023971085767365397,0.023971085767365397,0.9340084259589746,12.77920383148403
2020-10-06,0.008231782830230516,1.0,0.008231782830230516,0.008231782830230516,0.9416969804830743,12.884399462168057
2020-10-07,0.023563423765893265,1.0,0.023563423765893265,0.023563423765893265,0.9638865854932591,13.18800002666417
2020-10-08,0.013193289643913975,0.0,0.0,-0.001,0.9629226989077658,13.361993130839895
2020-10-09,0.006212063783026078,-1.0,-0.006212063783026078,-0.007212063783026078,0.9559780389851193,13.44499868443703
2020-10-12,0.00911130320963971,-1.0,-0.00911130320963971,-0.00911130320963971,0.9472678332101692,13.567500144104143
2020-10-13,-0.013740200682258674,-1.0,0.013740200682258674,0.013740200682258674,0.9602834833383252,13.381079969367578
2020-10-14,-0.002753293250053468,-1.0,0.002753293250053468,0.002753293250053468,0.9629274253711384,13.344237932209493
2020-10-15,-0.007251271752375388,-1.0,0.007251271752375388,0.007251271752375388,0.9699098738103197,13.247475236634687
2020-10-16,0.023922879042848066,-1.0,-0.023922879042848066,-0.023922879042848066,0.9467068372166914,13.564392984343824
2020-10-19,-0.019797040070369087,-1.0,0.019797040070369087,0.019797040070369087,0.9654488304079626,13.295858152902536
2020-10-20,0.00480717960236432,-1.0,-0.00480717960236432,-0.00480717960236432,0.960807744483299,13.359773731011098
2020-10-21,-0.01099680733685593,-1.0,0.01099680733685593,0.01099680733685593,0.971373562137141,13.21285887322718
2020-10-22,0.015419064630560309,-1.0,-0.015419064630560309,-0.015419064630560309,0.9563958904021308,13.416588798147941
2020-10-23,0.002646519233325373,-1.0,-0.002646519233325373,-0.002646519233325373,0.9538647702835082,13.452096058447857
2020-10-26,-0.001385760999660146,-1.0,0.001385760999660146,0.001385760999660146,0.9551865988811169,13.433454668366378
2020-10-27,0.001553015133169744,-1.0,-0.001553015133169744,-0.001553015133169744,0.9537031796380536,13.454317026757101
2020-10-28,-0.017419002321189092,-1.0,0.017419002321189092,0.017419002321189092,0.9703157375378942,13.219956247238006
2020-10-29,-0.006043474815008887,-1.0,0.006043474815008887,0.006043474815008887,0.9761798162603113,13.140061774602303
2020-10-30,-0.010809095162328863,-1.0,0.010809095162328863,0.010809095162328863,0.9867314367898136,12.998029596441746
2020-11-02,0.026225529428821837,-1.0,-0.026225529428821837,-0.026225529428821837,0.9608538824559386,13.338909804139927
2020-11-03,0.011846287641903874,-1.0,-0.011846287641903874,-0.011846287641903874,0.9494713309825255,13.49692636650918
2020-11-04,-0.0355170894645348,-1.0,0.0355170894645348,0.0355170894645348,0.9831937891890429,13.017554825253635
2020-11-05,0.01950389838193267,-1.0,-0.01950389838193267,-0.01950389838193267,0.9640176774349525,13.27144789174662
2020-11-06,0.012976430095418712,-1.0,-0.012976430095418712,-0.012976430095418712,0.9515081694329699,13.443663907578863
2020-11-09,-0.0027736103684702362,-1.0,0.0027736103684702362,0.0027736103684702362,0.9541472823573934,13.406376421974572
2020-11-10,0.006357163130723542,-1.0,-0.006357163130723542,-0.006357163130723542,0.9480816124327109,13.49160294388095
2020-11-11,0.020397239941904566,-1.0,-0.020397239941904566,-0.020397239941904566,0.9287433642994132,13.766794406328197
2020-11-12,-0.011220265703438703,-1.0,0.011220265703438703,0.011220265703438703,0.9391641116171581,13.612327315204581
2020-11-13,0.0067823740775085906,-1.0,-0.0067823740775085906,-0.0067823740775085906,0.9327943492919994,13.704651211121787
2020-11-16,0.007255136289026076,-1.0,-0.007255136289026076,-0.007255136289026076,0.9260267991582526,13.804080323452041
2020-11-17,-0.01466243438474546,-1.0,0.01466243438474546,0.01466243438474546,0.9396046063394263,13.60167890146767
2020-11-18,-0.010703557693294563,-1.0,0.010703557693294563,0.010703557693294563,0.9496617184522657,13.456092546620143
2020-11-19,-0.008708526793660298,-1.0,0.008708526793660298,0.008708526793660298,0.9579318729723206,13.338909804139929
2020-11-20,0.005590784577120145,-1.0,-0.005590784577120145,-0.005590784577120145,0.9525762822309751,13.413484775348511
2020-11-23,-0.012971974174621814,-1.0,0.012971974174621814,0.012971974174621814,0.9649330771634325,13.239485397251007
2020-11-24,0.005498543234936593,-1.0,-0.005498543234936593,-0.005498543234936593,0.9596273509198289,13.312283280116104
2020-11-25,0.017954901491344266,-1.0,-0.017954901491344266,-0.017954901491344266,0.9423973363656637,13.551304015035457
2020-11-27,-0.011056780935965183,-1.0,0.011056780935965183,0.011056780935965183,0.9528172172684959,13.401470215144546
2020-11-30,-0.020497965997669954,-1.0,0.020497965997669954,0.020497965997669954,0.9723480321900602,13.126767334355726
2020-12-01,0.0076096009623976,-1.0,-0.0076096009623976,-0.0076096009623976,0.9649488516685213,13.226656795696409
2020-12-02,0.002157887596788921,-1.0,-0.002157887596788921,-0.002157887596788921,0.9628666005099701,13.255198434342825
2020-12-03,-0.012918796054564585,-1.0,0.012918796054564585,0.012918796054564585,0.9753056777497102,13.083957229106765
2020-12-04,-0.011315537303709267,-1.0,0.011315537303709267,0.011315537303709267,0.9863417855288065,12.935905223000672
2020-12-07,0.010342213391169697,0.0,0.0,-0.001,0.9853554437432777,13.069691115224892
2020-12-08,0.005595479213302612,0.0,0.0,0.0,0.9853554437432777,13.142822300184418
2020-12-09,-0.0001355119550364714,0.0,-0.0,-0.0,0.9853554437432777,13.141041290639823
2020-12-10,-0.005293858501093096,0.0,-0.0,-0.0,0.9853554437432777,13.071474477490154
2020-12-11,0.0070961234464854694,0.0,0.0,0.0,0.9853554437432777,13.164231274010008
2020-12-14,-0.0033877104972438454,0.0,-0.0,-0.0,0.9853554437432777,13.119634669534898
2020-12-15,0.01849101045591084,0.0,0.0,0.0,0.9853554437432777,13.362229971386999
2020-12-16,-0.0062744007080460795,0.0,-0.0,-0.0,0.9853554437432777,13.278389986193453
2020-12-17,0.00832883777689597,0.0,0.0,0.0,0.9853554437432777,13.388983542326818
2020-12-18,-0.007327550406342254,0.0,-0.0,-0.0,0.9853554437432777,13.290875090530731
2020-12-21,-0.0014759739132497174,0.0,-0.0,-0.0,0.9853554437432777,13.271258105612848
2020-12-22,0.004166420445278485,0.0,0.0,0.0,0.9853554437432777,13.326551746718641
2020-12-23,-0.005086581220230979,0.0,-0.0,-0.0,0.9853554437432777,13.258765158873345
2020-12-24,0.008745152015407154,0.0,0.0,0.0,0.9853554437432777,13.374715075724277
2020-12-28,0.0068016624487814425,0.0,0.0,0.0,0.9853554437432777,13.465685373017982
2020-12-29,-0.002119466583049734,-1.0,0.002119466583049734,0.0011194665830497339,0.9864585162349745,13.437145302852008
2020-12-30,0.007699910225104967,-1.0,-0.007699910225104967,-0.007699910225104967,0.978862874219175,13.54061011536566
2020-12-31,0.016334512845438187,-1.0,-0.016334512845438187,-0.016334512845438187,0.9628736260263193,13.76178938523017
2021-01-04,-0.037977821424594604,-1.0,0.037977821424594604,0.037977821424594604,0.9994414686499988,13.239146605475018
2021-01-05,0.007410126141679241,-1.0,-0.007410126141679241,-0.007410126141679241,0.9920354812960772,13.337250351829772
2021-01-06,0.048950559630185575,-1.0,-0.048950559630185575,-0.048950559630185575,0.9434747893136337,13.99011622047973
2021-01-07,0.010964921377627945,-1.0,-0.010964921377627945,-0.010964921377627945,0.9331296624270357,14.143516744901167
2021-01-08,0.02320596424421084,-1.0,-0.02320596424421084,-0.02320596424421084,0.9114754888455413,14.47173068877074
2021-01-11,-0.017749238532576483,-1.0,0.017749238532576483,0.017749238532576483,0.9276534847136577,14.214868488796542
2021-01-12,0.0007529658512772652,-1.0,-0.0007529658512772652,-0.0007529658512772652,0.92695499331785,14.225571799349003
2021-01-13,0.026206848950764527,-1.0,-0.026206848950764527,-0.026206848950764527,0.9026624238238122,14.598379210732798
2021-01-14,0.008431196070112001,-1.0,-0.008431196070112001,-0.008431196070112001,0.8950518999434312,14.721461008164333
2021-01-15,-0.005937153432985176,-1.0,0.005937153432985176,0.005937153432985176,0.9003659604038803,14.634057435401152
2021-01-19,0.009385658395860474,-1.0,-0.009385658395860474,-0.009385658395860474,0.8919154330682686,14.77140769943523
2021-01-20,0.014973897429880312,-1.0,-0.014973897429880312,-0.014973897429880312,0.878559982857377,14.992593243221517
2021-01-21,-0.004044912505646758,-1.0,0.004044912505646758,0.004044912505646758,0.8821136811189976,14.931949515319936
2021-01-22,0.005972787843710359,-1.0,-0.005972787843710359,-0.005972787843710359,0.8768450032476395,15.021134881867935
2021-01-25,0.03158766574176464,-1.0,-0.03158766574176464,-0.03158766574176464,0.8491475163777165,15.49561746957834
2021-01-26,-0.018878711239225243,-1.0,0.018878711239225243,0.018878711239225243,0.8651783271389166,15.203080181896677
2021-01-27,-0.0591341761244758,-1.0,0.0591341761244758,0.0591341761244758,0.9163399347150286,14.304058560785872
2021-01-28,0.028307754253104056,-1.0,-0.028307754253104056,-0.028307754253104056,0.8904004090308102,14.708974335346609
2021-01-29,-0.01928213822997804,-1.0,0.01928213822997804,0.01928213822997804,0.9075692327977714,14.425353858991256
2021-02-01,0.010263318844952574,-1.0,-0.010263318844952574,-0.010263318844952574,0.8982545603876988,14.573405865097351
2021-02-02,0.015055292427408995,-1.0,-0.015055292427408995,-0.015055292427408995,0.8847310753068083,14.792812752059708
2021-02-03,0.0014470960637247288,-1.0,-0.0014470960637247288,-0.0014470960637247288,0.8834507844502768,14.814219373164631
2021-02-04,-0.0006022265866945098,-1.0,0.0006022265866945098,0.0006022265866945098,0.8839828220007089,14.805297856396987
2021-02-05,0.007228637154048645,-1.0,-0.007228637154048645,-0.007228637154048645,0.8775928309300538,14.912319982558495
2021-02-08,-0.0023921127489417993,-1.0,0.0023921127489417993,0.0023921127489417993,0.8796921319293014,14.876648031811918
2021-02-09,0.005155959797367382,-1.0,-0.005155959797367382,-0.005155959797367382,0.8751564746630135,14.953351430983524
2021-02-10,0.0009543034649355242,-1.0,-0.0009543034649355242,-0.0009543034649355242,0.8743213098068818,14.967621466066511
2021-02-11,0.000476696819041722,-1.0,-0.000476696819041722,-0.000476696819041722,0.8739045236196765,14.974756483608006
2021-02-12,-0.009767576222057262,-1.0,0.009767576222057262,0.009767576222057262,0.8824404526649323,14.828489408247618
2021-02-16,-0.023337199049550006,-1.0,0.023337199049550006,0.023337199049550006,0.9030341411581487,14.482433999323199
2021-02-17,-0.006281531528360529,-1.0,0.006281531528360529,0.006281531528360529,0.9087065785870195,14.39146213354905
2021-02-18,0.0006200263159701347,-1.0,-0.0006200263159701347,-0.0006200263159701347,0.9081431565948004,14.400385218797139
2021-02-19,-0.03257810115687587,-1.0,0.03257810115687587,0.03257810115687587,0.9377287362152703,13.931248012441186
2021-02-22,-0.0384122815540594,0.0,-0.0,-0.001,0.9367910074790551,13.396116991387865
2021-02-23,-0.005192940962963188,1.0,-0.005192940962963188,-0.006192940962963188,0.9309895160751025,13.32655174671864
2021-02-24,-0.012715864571099078,1.0,-0.012715864571099078,-0.012715864571099078,0.9191511794715784,13.157093119507621
2021-02-25,0.00933535500611371,1.0,0.00933535500611371,0.00933535500611371,0.9277317820362337,13.279919254626721
2021-02-26,-0.007830993314783874,1.0,-0.007830993314783874,-0.007830993314783874,0.9204667206531955,13.17592429572287
2021-03-01,0.03307017645149268,1.0,0.03307017645149268,0.03307017645149268,0.9509067175229234,13.611654437093936
2021-03-02,-0.0048744889950650405,1.0,-0.0048744889950650405,-0.0048744889950650405,0.9462715331930245,13.545304577335694
2021-03-03,-0.039978677482859104,1.0,-0.039978677482859104,-0.039978677482859104,0.9084408487562899,13.003781214231294
2021-03-04,-0.016960897392405583,1.0,-0.016960897392405583,-0.016960897392405583,0.8930328767334647,12.783225415343425
2021-03-05,-0.008276125235734177,1.0,-0.008276125235734177,-0.008276125235734177,0.8856420248059905,12.677429840889422
2021-03-08,0.0022631278302243096,1.0,0.0022631278302243096,0.0022631278302243096,0.8876463459199452,12.706120485178054
2021-03-09,0.04459498444063881,1.0,0.04459498444063881,0.04459498444063881,0.927230920905035,13.272749730515452
2021-03-10,0.005944219278953389,1.0,0.005944219278953389,0.005944219278953389,0.9327425848211204,13.351645865348305
2021-03-11,0.005372352472936104,1.0,0.005372352472936104,0.005372352472936104,0.9377536067532969,13.423375613030776
2021-03-12,0.010819910345675421,1.0,0.010819910345675421,0.010819910345675421,0.9479000167047014,13.568615333700095
2021-03-15,-0.001981781344460143,1.0,-0.001981781344460143,-0.001981781344460143,0.9460214861351826,13.541725304961611
2021-03-16,-0.0018543702038730236,1.0,-0.0018543702038730236,-0.0018543702038730236,0.9442672120790698,13.516613933047058
2021-03-17,-0.03210382553292668,1.0,-0.03210382553292668,-0.03210382553292668,0.9139526222460203,13.08267891754459
2021-03-18,-0.02508203613012583,1.0,-0.02508203613012583,-0.02508203613012583,0.8910288295536223,12.7545386922559
2021-03-19,-0.0040775202921427,1.0,-0.0040775202921427,-0.0040775202921427,0.8873956414202332,12.702531801921308
2021-03-22,0.011999076880106596,1.0,0.011999076880106596,0.011999076880106596,0.8980435699447061,12.854950457584561
2021-03-23,0.03250104108214469,1.0,0.03250104108214469,0.03250104108214469,0.9272309209050349,13.272749730515452
2021-03-24,-0.016076725464422736,1.0,-0.016076725464422736,-0.016076725464422736,0.9123240839475207,13.059367376939964
2021-03-25,0.008512961668732721,1.0,0.008512961668732721,0.008512961668732721,0.9200906639036277,13.170541270837752
2021-03-26,0.008304744773941497,1.0,0.008304744773941497,0.008304744773941497,0.9277317820362337,13.279919254626723
2021-03-29,0.009992273297095844,1.0,0.009992273297095844,0.009992273297095844,0.9370019315487416,13.412615837182319
2021-03-30,-0.007754102746889813,1.0,-0.007754102746889813,-0.007754102746889813,0.9297363222974784,13.308613035876245
2021-03-31,0.018728146822240888,1.0,0.018728146822240888,0.018728146822240888,0.9471485606474358,13.557858694812525
2021-04-01,0.002116047707383606,1.0,0.002116047707383606,0.002116047707383606,0.9491527721877455,13.586547770620713
2021-04-05,0.013329814611377389,0.0,0.0,-0.001,0.9482036194155578,13.76765393361171
2021-04-06,0.010158923144121257,-1.0,-0.010158923144121257,-0.011158923144121258,0.9376226881015219,13.907518471798129
2021-04-07,-0.0019341652988414948,-1.0,0.0019341652988414948,0.0019341652988414948,0.9394362053682545,13.88061903217698
2021-04-08,0.004521496941599645,-1.0,-0.004521496941599645,-0.004521496941599645,0.9351885474388539,13.943380208678478
2021-04-09,0.0023149163676139395,-1.0,-0.0023149163676139395,-0.0023149163676139395,0.9330236641635826,13.975657967743413
2021-04-12,-0.003849021308669487,-1.0,0.003849021308669487,0.003849021308669487,0.9366148921284412,13.921865362422892
2021-04-13,0.018031615743135276,-1.0,-0.018031615743135276,-0.018031615743135276,0.9197262122942831,14.172899089065766
2021-04-14,0.0011389907338035243,-1.0,-0.0011389907338035243,-0.0011389907338035243,0.9186786526608437,14.189041889799343
2021-04-15,0.013269090934012961,-1.0,-0.013269090934012961,-0.013269090934012961,0.9064886220795505,14.377317576901609
2021-04-16,0.009478531318569017,-1.0,-0.009478531318569017,-0.009478531318569017,0.897896441285243,14.513593431831284
2021-04-19,-0.01420793030970735,-1.0,0.01420793030970735,0.01420793030970735,0.910653691348358,14.3073853078084
2021-04-20,0.009274362454042784,-1.0,-0.009274362454042784,-0.009274362454042784,0.9022079589446814,14.44007718492266
2021-04-21,-0.03178936593322135,-1.0,0.03178936593322135,0.03178936593322135,0.9308885778994387,13.981036287187193
2021-04-22,0.004488685228410061,-1.0,-0.004488685228410061,-0.004488685228410061,0.9267101120905258,14.043792758247355
2021-04-23,-0.0010211355970459746,-1.0,0.0010211355970459746,0.0010211355970459746,0.9276564087741239,14.029452141544372
2021-04-26,-0.003962272715178128,-1.0,0.003962272715178128,0.003962272715178128,0.9313320364516696,13.973863626115033
2021-04-27,-0.00834095375631383,-1.0,0.00834095375631383,0.00834095375631383,0.9391002338994867,13.857308275812573
2021-04-28,-0.0024583292868637363,-1.0,0.0024583292868637363,0.0024583292868637363,0.9414088515077825,13.823242449041043
2021-04-29,0.0016862315748196188,-1.0,-0.0016862315748196188,-0.0016862315748196188,0.9398214181775554,13.846551636925003
2021-04-30,0.003755435543527197,-1.0,-0.003755435543527197,-0.003755435543527197,0.9362919794191632,13.898551469097596
2021-05-03,-0.010450215474119284,-1.0,0.010450215474119284,0.010450215474119284,0.9460764323507831,13.75330861146739
2021-05-04,-0.013168074652200379,0.0,-0.0,-0.001,0.9451303559184323,13.572204016956837
2021-05-05,-0.025234335337511182,1.0,-0.025234335337511182,-0.026234335337511183,0.9203354892236069,13.229718469523831
2021-05-06,0.0031171100079481207,1.0,0.0031171100079481207,0.0031171100079481207,0.9232042761877356,13.27095695736752
2021-05-07,0.007026096592518183,1.0,0.007026096592518183,0.007026096592518183,0.9296907986068564,13.364199982825136
2021-05-10,0.003622802294144023,1.0,0.003622802294144023,0.003622802294144023,0.9330588845648939,13.412615837182315
2021-05-11,-0.009759752385122167,1.0,-0.009759752385122167,-0.009759752385122167,0.9239524608908023,13.281712027774647
2021-05-12,-0.034156521965047926,1.0,-0.034156521965047926,-0.034156521965047926,0.8923934583657255,12.828054939164522
2021-05-13,0.015236008038733484,1.0,0.015236008038733484,0.015236008038733484,0.9059899722710989,13.023503287338947
2021-05-14,0.006746505574947825,1.0,0.006746505574947825,0.006746505574947825,0.9121022386698727,13.111366424872331
2021-05-17,-0.016684571917950586,1.0,-0.016684571917950586,-0.016684571917950586,0.8968842032722615,12.892608888813946
2021-05-18,0.0054239706435983415,1.0,0.0054239706435983415,0.0054239706435983415,0.9017488768615173,12.962538020946267
2021-05-19,0.0051184645453370425,1.0,0.0051184645453370425,0.0051184645453370425,0.9063644465165305,13.028886312224063
2021-05-20,0.02243305353688574,1.0,0.02243305353688574,0.02243305353688574,0.9266969686691656,13.321164016392183
2021-05-21,0.0020191832416149857,1.0,0.0020191832416149857,0.0020191832416149857,0.9285681396583578,13.348061887532888
2021-05-24,-0.005507869568553536,1.0,-0.005507869568553536,-0.005507869568553536,0.9234537074596052,13.274542503663376
2021-05-25,-0.008915301972726053,1.0,-0.008915301972726053,-0.008915301972726053,0.9152208387997693,13.15619594869343
2021-05-26,0.0013629219654449631,1.0,0.0013629219654449631,0.0013629219654449631,0.9164682133842025,13.174126817133603
2021-05-27,-0.006397086040456079,1.0,-0.006397086040456079,-0.006397086040456079,0.9106054873698407,13.089850794376519
2021-05-28,0.0030139372279542886,1.0,0.0030139372279542886,0.0030139372279542886,0.9133499951482041,13.129302782994056
2021-06-01,-0.009816903335019722,1.0,-0.009816903335019722,-0.009816903335019722,0.9043837265347935,13.000413686717199
2021-06-02,0.008180752691019588,1.0,0.008180752691019588,0.008180752691019588,0.9117822661393573,13.106766855969179
2021-06-03,-0.004675966663423625,1.0,-0.004675966663423625,-0.004675966663423625,0.9075188026585889,13.0454800510854
2021-06-04,-0.00041467918631499234,1.0,-0.00041467918631499234,-0.00041467918631499234,0.9071424734999368,13.040070362032727
2021-06-07,0.0017970070090489454,1.0,0.0017970070090489454,0.0017970070090489454,0.9087726148830222,13.063503459871791
2021-06-08,-0.00455319660876452,1.0,-0.00455319660876452,-0.00455319660876452,0.9046347944947988,13.00402276021972
2021-06-09,0.004296910030182177,1.0,0.004296910030182177,0.004296910030182177,0.9085219288169153,13.059899876050824
2021-06-10,0.014630876134552384,1.0,0.014630876134552384,0.014630876134552384,0.9218144006229602,13.25097765346698
2021-06-11,-0.00027212607521753807,1.0,-0.00027212607521753807,-0.00027212607521753807,0.9215635508880397,13.247371716925347
2021-06-14,-0.002449209334937752,1.0,-0.002449209334937752,-0.002449209334937752,0.9193064488364663,13.214926130452863
2021-06-15,0.0016367359994682307,1.0,0.0016367359994682307,0.0016367359994682307,0.9208111107958202,13.236555475780888
2021-06-16,-0.0017703320083491958,1.0,-0.0017703320083491958,-0.0017703320083491958,0.9191809694127349,13.213122377941822
2021-06-17,0.01746240424113754,1.0,0.01746240424113754,0.01746240424113754,0.9352320790713807,13.443855262193063
2021-06-18,-0.017431040776847206,0.0,-0.0,-0.001,0.9342968469923093,13.209514872919744
2021-06-21,0.014328790984883932,0.0,0.0,0.0,0.9342968469923093,13.398791250545527
2021-06-22,-0.002959778894542908,0.0,-0.0,-0.0,0.9342968469923093,13.359133790989777
2021-06-23,-0.010255310225864123,0.0,-0.0,-0.0,0.9342968469923093,13.222131729614352
2021-06-24,-0.006407431453211987,0.0,-0.0,-0.0,0.9342968469923093,13.137411826891508
2021-06-25,0.013446817858650206,0.0,0.0,0.0,0.9342968469923093,13.314068210861796
2021-06-28,0.01746536555161482,0.0,0.0,0.0,0.9342968469923093,13.546603279143632
2021-06-29,-0.014238194861990627,-1.0,0.014238194861990627,0.013238194861990626,0.9466652507117369,13.353724101937104
2021-06-30,-0.010799176912486885,-1.0,0.010799176912486885,0.010799176912486885,0.9568884562310767,13.209514872919746
2021-07-01,0.01241828552023283,-1.0,-0.01241828552023283,-0.01241828552023283,0.9450055421705843,13.373554400195426
2021-07-02,0.0012130502296385792,-1.0,-0.0012130502296385792,-0.0012130502296385792,0.9438592029806445,13.389777193431666
2021-07-06,0.01144318650245646,-1.0,-0.01144318650245646,-0.01144318650245646,0.9330584460888771,13.542998911082442
2021-07-07,0.002662236053604161,-1.0,-0.002662236053604161,-0.002662236053604161,0.9305744242535794,13.579053571057448
2021-07-08,-0.0026551673713000046,-1.0,0.0026551673713000046,0.0026551673713000046,0.9330452551014238,13.542998911082442
2021-07-09,-0.0018634610041541322,-1.0,0.0018634610041541322,0.0018634610041541322,0.9347839485494164,13.517762060732338
2021-07-12,0.0013336611597931647,-1.0,-0.0013336611597931647,-0.0013336611597931647,0.9335372635044379,13.535790174960063
2021-07-13,-0.0030630802879532126,-1.0,0.0030630802879532126,0.0030630802879532126,0.9363967630943482,13.494328962893272
2021-07-14,0.011220859188782795,-1.0,-0.011220859188782795,-0.011220859188782795,0.9258895868708344,13.645746928033011
2021-07-15,0.014795208126364479,-1.0,-0.014795208126364479,-0.014795208126364479,0.9121908577310468,13.847638593872958
2021-07-16,0.014319213809240505,-1.0,-0.014319213809240505,-0.014319213809240505,0.8991290018043615,14.045925891651715
2021-07-19,-0.011935522450460478,-1.0,0.011935522450460478,0.011935522450460478,0.9098605761912576,13.878280427834401
2021-07-20,0.002338206961774114,-1.0,-0.002338206961774114,-0.002338206961774114,0.9077331338577634,13.910730719748218
2021-07-21,-0.01671657502456325,-1.0,0.01671657502456325,0.01671657502456325,0.9229073228921787,13.67819094602505
2021-07-22,0.0031631765654542843,-1.0,-0.0031631765654542843,-0.0031631765654542843,0.91998800407632,13.721457479083325
2021-07-23,0.0141880963836305,-1.0,-0.0141880963836305,-0.0141880963836305,0.9069351256027013,13.916138840320446
2021-07-26,-0.003756493473558886,-1.0,0.003756493473558886,0.003756493473558886,0.9103420214829693,13.863862955589644
2021-07-27,0.012351905596998503,-1.0,-0.012351905596998503,-0.012351905596998503,0.8990975627726309,14.035108082026811
2021-07-28,-0.00012840542588354875,-1.0,0.00012840542588354875,0.00012840542588354875,0.8992130117780897,14.033305897996216
2021-07-29,0.0039821970787981,-1.0,-0.0039821970787981,-0.0039821970787981,0.8956321683493697,14.089189287749097
2021-07-30,-0.0033266167188039653,-1.0,0.0033266167188039653,0.0033266167188039653,0.8986115932944994,14.042319955110077
2021-08-02,0.011681573332553041,-1.0,-0.011681573332553041,-0.011681573332553041,0.8881143960699474,14.206356345424869
2021-08-03,0.0077401894870283705,-1.0,-0.0077401894870283705,-0.0077401894870283705,0.8812402223582082,14.316316235458705
2021-08-04,0.005666388423476443,-1.0,-0.005666388423476443,-0.005666388423476443,0.8762467729639358,14.397438044042136
2021-08-05,0.007762200455441404,-1.0,-0.007762200455441404,-0.007762200455441404,0.8694451698637561,14.50919384418479
2021-08-06,0.0014910580837010912,-1.0,-0.0014910580837010912,-0.0014910580837010912,0.8681487766148959,14.530827894954147
2021-08-09,-0.0006202322881099231,-1.0,0.0006202322881099231,0.0006202322881099231,0.8686872305170356,14.521815406320728
2021-08-10,-0.00037262954952332894,-1.0,0.00037262954952332894,0.00037262954952332894,0.8690109290484197,14.51640414878761
2021-08-11,0.022848761355256375,-1.0,-0.022848761355256375,-0.022848761355256375,0.8491551057154827,14.848086002919711
2021-08-12,0.007648621851569448,-1.0,-0.007648621851569448,-0.007648621851569448,0.8426602394185355,14.961653397975626
2021-08-13,0.00542145737664157,-1.0,-0.00542145737664157,-0.00542145737664157,0.8380917928475373,15.042767364156836
2021-08-16,0.005991765115717307,-1.0,-0.005991765115717307,-0.005991765115717307,0.8330701436793845,15.132900092893241
2021-08-17,0.00011919410687744048,-1.0,-0.00011919410687744048,-0.00011919410687744048,0.8329708466276423,15.134703845404278
2021-08-18,0.005478648247050133,-1.0,-0.005478648247050133,-0.005478648247050133,0.828407292358922,15.217621564096525
2021-08-19,0.0015399690563209223,-1.0,-0.0015399690563209223,-0.0015399690563209223,0.8271315707626586,15.241056230416037
2021-08-20,0.02046128241764711,-1.0,-0.02046128241764711,-0.02046128241764711,0.8102073980967318,15.55290778628982
2021-08-23,-0.021789532537010214,-1.0,0.021789532537010214,0.021789532537010214,0.8278614385592868,15.21401719603534
2021-08-24,-0.0030805646894357386,-1.0,0.0030805646894357386,0.0030805646894357386,0.8304117192746582,15.167149431876764
2021-08-25,0.004634970719642695,-1.0,-0.004634970719642695,-0.004634970719642695,0.826562785270572,15.237448725393959
2021-08-26,-0.0039812516675614695,-1.0,0.0039812516675614695,0.0039812516675614695,0.8298535397377748,15.176784607246601
2021-08-27,-0.004772373848284217,-1.0,0.004772373848284217,0.004772373848284217,0.8338139110687255,15.104355317285934
2021-08-30,0.006473879506276647,-1.0,-0.006473879506276647,-0.006473879506276647,0.8284159002778093,15.202139093630032
2021-08-31,0.00047635889706776346,-1.0,-0.00047635889706776346,-0.00047635889706776346,0.8280212769932396,15.209380767841745
2021-09-01,0.016073402510846435,-1.0,-0.016073402510846435,-0.016073402510846435,0.8147121577205821,15.453847266863992
2021-09-02,0.013358604109654282,-1.0,-0.013358604109654282,-0.013358604109654282,0.8038287405422707,15.660289094473091
2021-09-03,-0.009134977970567948,-1.0,0.009134977970567948,0.009134977970567948,0.8111716983792339,15.517232698582355
2021-09-07,-0.00770269326402484,-1.0,0.00770269326402484,0.00770269326402484,0.8174199051563072,15.397708214798678
2021-09-08,0.016582731984517762,-1.0,-0.016582731984517762,-0.016582731984517762,0.8038648499502903,15.653044283300492
2021-09-09,-0.006941355550854955,-1.0,0.006941355550854955,0.006941355550854955,0.8094447616886298,15.544390937476825
2021-09-10,-0.010601204099338069,-1.0,0.010601204099338069,0.010601204099338069,0.8180258508144311,15.379601676548733
2021-09-13,-0.004120784280930434,-1.0,0.004120784280930434,0.004120784280930434,0.8213967588818619,15.316225655713039
2021-09-14,0.0007091647329766637,-1.0,-0.0007091647329766637,-0.0007091647329766637,0.8208142532686815,15.327087382790383
2021-09-15,-0.00035448458820941386,-1.0,0.00035448458820941386,0.00035448458820941386,0.8211052192712478,15.321654166531046
2021-09-16,-0.007209317324002651,-1.0,0.007209317324002651,0.007209317324002651,0.827024827353369,15.211195499715895
2021-09-17,-0.028095556568818125,-1.0,0.028095556568818125,0.028095556568818125,0.8502605501740926,14.783828496074277
2021-09-20,0.0006124825925721833,0.0,0.0,-0.001,0.8494102896239185,14.792883333679695
2021-09-21,0.002815716567315274,0.0,0.0,0.0,0.8494102896239185,14.834535900360699
2021-09-22,-0.00024413445559756664,0.0,-0.0,-0.0,0.8494102896239185,14.830914279014621
2021-09-23,-0.007692483412464646,0.0,-0.0,-0.0,0.8494102896239185,14.716827716931617
2021-09-24,-0.007013642006906906,1.0,-0.007013642006906906,-0.008013642006906907,0.8426034196458894,14.613609155847733
2021-09-27,-0.024039371264442222,1.0,-0.024039371264442222,-0.024039371264442222,0.8223477632123333,14.262307179836858
2021-09-28,-0.018918466837338666,1.0,-0.018918466837338666,-0.018918466837338666,0.8067902043252411,13.992486194431178
2021-09-29,0.013976948443041426,1.0,0.013976948443041426,0.013976948443041426,0.8180666694154458,14.188058452560712
2021-09-30,0.0021697518222676404,1.0,0.0021697518222676404,0.0021697518222676404,0.8198416710621464,14.218843018242596
2021-10-01,0.008787845427463248,1.0,0.008787845427463248,0.008787845427463248,0.8270463129424338,14.343796012844278
2021-10-04,0.001893597471062769,1.0,0.001893597471062769,0.001893597471062769,0.8286124057490734,14.37095738869964
2021-10-05,0.001511840201590342,1.0,0.001511840201590342,0.001511840201590342,0.8298651352956213,14.392683979815217
2021-10-06,0.021388928484090686,1.0,0.021388928484090686,0.021388928484090686,0.8476150613258996,14.700528068153602
2021-10-07,-0.0032023592512748777,1.0,-0.0032023592512748777,-0.0032023592512748777,0.8449006933927427,14.653451696095924
2021-10-08,-0.00877424992649145,1.0,-0.00877424992649145,-0.00877424992649145,0.8374873235458488,14.524878648628608
2021-10-11,-0.02967211843708284,1.0,-0.02967211843708284,-0.02967211843708284,0.8126373004920409,14.093894729082244
2021-10-12,0.01336245367639699,1.0,0.01336245367639699,0.01336245367639699,0.8234961287755781,14.282223744519621
2021-10-13,0.01673630931417014,1.0,0.01673630931417014,0.01673630931417014,0.8372784147057879,14.521255458802086
2021-10-14,0.01583758255412948,1.0,0.01583758255412948,0.01583758255412948,0.8505388807194815,14.751237040920467
2021-10-15,0.0025778339666095995,1.0,0.0025778339666095995,0.0025778339666095995,0.8527314287361223,14.789263280814062
2021-10-18,-0.008326193157118134,1.0,-0.008326193157118134,-0.008326193157118134,0.84563142214932,14.666125018086529
2021-10-19,0.012841088917837862,1.0,0.012841088917837862,0.012841088917837862,0.8564902504328571,14.854454033523904
2021-10-20,0.02304014042613134,0.0,0.0,-0.001,0.8556337601824242,15.196702740409808
2021-10-21,-0.0013106878184989679,-1.0,0.0013106878184989679,0.00031068781849896785,0.8558995951688094,15.176784607246603
2021-10-22,0.007278547043764627,-1.0,-0.007278547043764627,-0.007278547043764627,0.8496698897006342,15.28724954798353
2021-10-25,-0.0015399318834847797,-1.0,0.0015399318834847797,0.0015399318834847797,0.8509783234542212,15.2637082249938
2021-10-26,0.013999346042953498,-1.0,-0.013999346042953498,-0.013999346042953498,0.8390651834291332,15.477390158334165
2021-10-27,-0.00538197064156698,-1.0,0.00538197064156698,0.00538197064156698,0.8435810076127098,15.394091298893933
2021-10-28,0.016586220623388215,-1.0,-0.016586220623388215,-0.016586220623388215,0.8295891869067453,15.649421093473968
2021-10-29,-0.012612953561940365,-1.0,0.012612953561940365,0.012612953561940365,0.840052756796688,15.452035671950732
2021-11-01,0.003047018980477878,-1.0,-0.003047018980477878,-0.003047018980477878,0.8374931001021257,15.499118317930186
2021-11-02,-0.0019860115968909353,-1.0,0.0019860115968909353,0.0019860115968909353,0.8391563711112447,15.468336889209192
2021-11-03,-0.002107384220363606,-1.0,0.002107384220363606,0.002107384220363606,0.8409247960061421,15.435739160133604
2021-11-04,-0.005631322014801876,-1.0,0.005631322014801876,0.005631322014801876,0.8456603143226843,15.348815542386404
2021-11-05,0.009084501839249137,-1.0,-0.009084501839249137,-0.009084501839249137,0.8379779116418399,15.48825188541151
2021-11-08,-0.010990020340899909,-1.0,0.010990020340899909,0.010990020340899909,0.8471873059360086,15.318035682145856
2021-11-09,0.004137448862977289,-1.0,-0.004137448862977289,-0.004137448862977289,0.8436821117803348,15.381413271461996
2021-11-10,0.0030610090990019767,-1.0,-0.0030610090990019767,-0.0030610090990019767,0.84109959315951,15.42849591744145
2021-11-11,0.001995204028063302,-1.0,-0.001995204028063302,-0.001995204028063302,0.8394214278632357,15.459278914642889
2021-11-12,0.011010921637862214,-1.0,-0.011010921637862214,-0.011010921637862214,0.8301786242998912,15.629499823349878
2021-11-15,0.011933878856849267,-1.0,-0.011933878856849267,-0.011933878856849267,0.8202713731679505,15.816020380834882
2021-11-16,-0.004122016038227372,-1.0,0.004122016038227372,0.004122016038227372,0.8236525449238475,15.75082649116415
2021-11-17,0.009197584607113285,-1.0,-0.009197584607113285,-0.009197584607113285,0.8160769309550463,15.895696050448592
2021-11-18,-0.0020504307285955647,-1.0,0.0020504307285955647,0.0020504307285955647,0.8177502401711745,15.863103026814336
2021-11-19,0.008104669360576633,-1.0,-0.008104669360576633,-0.008104669360576633,0.811122644855055,15.991668231879428
2021-11-22,-0.01075743719572786,-1.0,0.01075743719572786,0.01075743719572786,0.8198482457651161,15.81963886522007
2021-11-23,-0.0005722803916135,-1.0,0.0005722803916135,0.0005722803916135,0.8203174288402661,15.810585596095097
2021-11-24,0.0032787070644382244,-1.0,-0.0032787070644382244,-0.0032787070644382244,0.8176278482912458,15.86242387478192
2021-11-26,-0.012842665799684627,-1.0,0.012842665799684627,0.012842665799684627,0.8281283694953656,15.658708066185158
2021-11-29,0.029852769037123972,-1.0,-0.029852769037123972,-0.029852769037123972,0.8034064445477304,16.126163861504732
2021-11-30,-0.021204714186103035,-1.0,0.021204714186103035,0.021204714186103035,0.8204424485796383,15.78421316590326
2021-12-01,0.012214783920987182,-1.0,-0.012214783920987182,-0.012214783920987182,0.8104209213506324,15.97701391908757
2021-12-02,0.008879769015268657,-1.0,-0.008879769015268657,-0.008879769015268657,0.8032245707638975,16.1188861122428
2021-12-03,-0.00665764760523091,-1.0,0.00665764760523091,0.00665764760523091,0.8085721569039064,16.01157224871864
2021-12-06,0.012722839985447099,-1.0,-0.012722839985447099,-0.012722839985447099,0.7982848227349302,16.215284920354513
2021-12-07,0.014133293635950395,-1.0,-0.014133293635950395,-0.014133293635950395,0.7870024289300948,16.444460303524483
2021-12-08,-0.0009951045017104754,-1.0,0.0009951045017104754,0.0009951045017104754,0.7877855785899802,16.428096347048246
2021-12-09,-0.004539572821681492,-1.0,0.004539572821681492,0.004539572821681492,0.7913617885918599,16.35351980735922
2021-12-10,0.004115248045672093,-1.0,-0.004115248045672093,-0.004115248045672093,0.7881051385379377,16.420818597786315
2021-12-13,0.016171927452703683,-1.0,-0.016171927452703683,-0.016171927452703683,0.7753599594123992,16.686374884863724
2021-12-14,-0.018639644967021418,-1.0,0.018639644967021418,0.018639644967021418,0.7898123937774905,16.375346781223243
2021-12-15,0.021881826337308397,-1.0,-0.021881826337308397,-0.021881826337308397,0.7725298561377976,16.73366927570317
2021-12-16,0.002500020152381932,-1.0,-0.002500020152381932,-0.002500020152381932,0.7705985159291363,16.775503786115724
2021-12-17,-0.013986872470053924,-1.0,0.013986872470053924,0.013986872470053924,0.7813767790970501,16.540866954038417
2021-12-20,-0.010996235370111185,-1.0,0.010996235370111185,0.010996235370111185,0.7899689820727406,16.358979687786118
2021-12-21,0.005670276218388004,-1.0,-0.005670276218388004,-0.005670276218388004,0.7854896397404293,16.451739621266864
2021-12-22,0.003869685165374337,-1.0,-0.003869685165374337,-0.003869685165374337,0.7824500421339705,16.515402674023882
2021-12-23,-0.0011014709452136229,-1.0,0.0011014709452136229,0.0011014709452136229,0.7833118881214624,16.497211437829943
2021-12-27,0.006835927658201291,-1.0,-0.006835927658201291,-0.006835927658201291,0.7779572247204549,16.609985181781
2021-12-28,0.006132187985901316,-1.0,-0.006132187985901316,-0.006132187985901316,0.773186644773479,16.711840733358716
2021-12-29,0.0011973010841970222,-1.0,-0.0011973010841970222,-0.0011973010841970222,0.772260907565405,16.731849838387696
2021-12-30,0.008478982154672021,-1.0,-0.008478982154672021,-0.008478982154672021,0.7657129211114071,16.873718894582037
2021-12-31,0.006359729927596147,-1.0,-0.006359729927596147,-0.006359729927596147,0.7608431937310678,16.981031189625757
2022-01-03,-0.01820906297574587,-1.0,0.01820906297574587,0.01820906297574587,0.7746974353603844,16.671822523300758
2022-01-04,-0.010691784196544596,-1.0,0.010691784196544596,0.010691784196544596,0.7829803331568742,16.493570994718535
2022-01-05,-0.010476112859354125,-1.0,0.010476112859354125,0.010476112859354125,0.7911829234936802,16.320782483524095
2022-01-06,-0.04413263634121811,0.0,-0.0,-0.001,0.7903917405701866,15.600503325374603
2022-01-07,0.00746200604388414,1.0,0.00746200604388414,0.0064620060438841396,0.7954992567747873,15.716914375476183
2022-01-10,-0.024534273435423026,1.0,-0.024534273435423026,-0.024534273435423026,0.7759822604913988,15.331311300627119
2022-01-11,0.005931991062165354,1.0,0.005931991062165354,0.005931991062165354,0.7805853803250327,15.422256502233713
2022-01-12,0.003538022966435239,1.0,0.003538022966435239,0.003538022966435239,0.7833471093278862,15.476820799932872
2022-01-13,-0.002232908817501822,1.0,-0.002232908817501822,-0.002232908817501822,0.7815979666603035,15.442262470301806
2022-01-14,-0.02002353391672118,1.0,-0.02002353391672118,-0.02002353391672118,0.7659476132656405,15.133053803976807
2022-01-18,-0.023437365584098035,1.0,-0.023437365584098035,-0.023437365584098035,0.7479958190352664,14.778374889569177
2022-01-19,0.016492400789335893,1.0,0.016492400789335893,0.016492400789335893,0.7603320658715436,15.022105771263009
2022-01-20,0.01113913979549963,1.0,0.01113913979549963,0.01113913979549963,0.7688015110442877,15.18943910747189
2022-01-21,-0.010896849757465188,1.0,-0.010896849757465188,-0.010896849757465188,0.7604239964851259,15.023922071617601
2022-01-24,-0.008232372668877663,1.0,-0.008232372668877663,-0.008232372668877663,0.754163902759703,14.900239546175868
2022-01-25,-0.08325212980956531,1.0,-0.08325212980956531,-0.08325212980956531,0.6913781516294638,13.659762869284016
2022-01-26,-0.032756548892715065,1.0,-0.032756548892715065,-0.032756548892715065,0.6687309894022583,13.21231617899342
2022-01-27,-0.0017892500404516065,1.0,-0.0017892500404516065,-0.0017892500404516065,0.6675344624524191,13.188676041735697
2022-01-28,-0.00013795450807385645,1.0,-0.00013795450807385645,-0.00013795450807385645,0.6674423730640291,13.186856604420214
2022-01-31,0.07751746108700086,1.0,0.07751746108700086,0.07751746108700086,0.7191808112458354,14.20906824811322
2022-02-01,-0.011393036638176035,1.0,-0.011393036638176035,-0.011393036638176035,0.7109871579138385,14.047183812968122
2022-02-02,0.0064743774480318095,1.0,0.0064743774480318095,0.0064743774480318095,0.7155903571348761,14.13813058305516
2022-02-03,-0.02521560305230708,1.0,-0.02521560305230708,-0.02521560305230708,0.6975463147413044,13.781629094371159
2022-02-04,0.003167546262427434,1.0,0.003167546262427434,0.003167546262427434,0.6997558249634332,13.825283042099196
2022-02-07,-0.004341396916243356,1.0,-0.004341396916243356,-0.004341396916243356,0.6967179071828137,13.765262000934035
2022-02-08,-0.0029071884033332607,1.0,-0.0029071884033332607,-0.0029071884033332607,0.6946924169626572,13.725243790876075
2022-02-09,0.015902337914281528,1.0,0.015902337914281528,0.015902337914281528,0.7057396505236863,13.943507255594481
2022-02-10,-0.015783785924100346,1.0,-0.015783785924100346,-0.015783785924100346,0.694600406961671,13.723425922041038
2022-02-11,-0.006494425283993244,1.0,-0.006494425283993244,-0.006494425283993244,0.6900893765164271,13.634300157749927
2022-02-14,-0.0005336673461271424,1.0,-0.0005336673461271424,-0.0005336673461271424,0.6897210983502711,13.62702397696844
2022-02-15,0.002269095844610325,1.0,0.002269095844610325,0.002269095844610325,0.6912861416284778,13.657945000448985
2022-02-16,0.0018645446656979647,1.0,0.0018645446656979647,0.0018645446656979647,0.6925750755163221,13.683410848943968
2022-02-17,0.0019938120071636423,1.0,0.0019938120071636423,0.0019938120071636423,0.6939559400177489,13.710692997793545
2022-02-18,-0.016317320845916194,1.0,-0.016317320845916194,-0.016317320845916194,0.6826324382915498,13.486971221128691
2022-02-22,-0.004989795028347177,1.0,-0.004989795028347177,-0.004989795028347177,0.6792262423447741,13.419673999182042
2022-02-23,-0.0197886964745968,1.0,-0.0197886964745968,-0.0197886964745968,0.6657852403974325,13.15411614362419
2022-02-24,0.04314177428461208,1.0,0.04314177428461208,0.04314177428461208,0.6945083969606847,13.721608053205996
2022-02-25,0.02279951236491007,1.0,0.02279951236491007,0.02279951236491007,0.7103428497447237,14.034454025681516
2022-02-28,0.020003904869161815,1.0,0.020003904869161815,0.020003904869161815,0.7245524805355065,14.315197908901874
2022-03-01,-0.01060460003808561,0.0,-0.0,-0.001,0.723827928054971,14.163390960611931
2022-03-02,0.001420596748087144,0.0,0.0,0.0,0.723827928054971,14.183511427752464
2022-03-03,0.01598978462066536,0.0,0.0,0.0,0.723827928054971,14.410302720646971
2022-03-04,0.018022452200719075,-1.0,-0.018022452200719075,-0.019022452200719075,0.7100589458919998,14.670011712627723
2022-03-07,0.04949498070620906,-1.0,-0.04949498070620906,-0.04949498070620906,0.6749145920648041,15.396103659304092
2022-03-08,-0.026490800266016357,-1.0,0.026490800266016357,0.026490800266016357,0.6927936197198128,14.988248552390584
2022-03-09,-0.01989000726671175,-1.0,0.01989000726671175,0.01989000726671175,0.7065732898503715,14.690132179768254
2022-03-10,-0.0019919202095872723,-1.0,0.0019919202095872723,0.0019919202095872723,0.707980727465979,14.660870608597865
2022-03-11,-0.010728796200694113,-1.0,0.010728796200694113,0.010728796200694113,0.7155765084049805,14.503577115713473
2022-03-14,-0.00025197641976548724,-1.0,0.00025197641976548724,0.00025197641976548724,0.7157568168116367,14.499922556278062
2022-03-15,0.03405632735421782,-1.0,-0.03405632735421782,-0.03405632735421782,0.6913807683522867,14.993736665465475
2022-03-16,0.006465257296925264,-1.0,-0.006465257296925264,-0.006465257296925264,0.6869108137947433,15.09067503085005
2022-03-17,0.002181431082399543,-1.0,-0.002181431082399543,-0.002181431082399543,0.6854123651946951,15.123594298416737
2022-03-18,-0.0038699694416053365,-1.0,0.0038699694416053365,0.0038699694416053365,0.688064890102897,15.065066450634628
2022-03-21,-0.006919815760321857,-1.0,0.006919815760321857,0.006919815760321857,0.6928261723735551,14.96081896637923
2022-03-22,0.012835883861639141,-1.0,-0.012835883861639141,-0.012835883861639141,0.6839331360886642,15.152854301106682
2022-03-23,-0.003379516295149987,-1.0,0.003379516295149987,0.003379516295149987,0.6862444992668689,15.101644983078058
2022-03-24,0.013685318783851708,-1.0,-0.013685318783851708,-0.013685318783851708,0.6768530245307371,15.308315808832036
2022-03-25,0.0028674280217779735,-1.0,-0.0028674280217779735,-0.0028674280217779735,0.6749121972015726,15.352211302548508
2022-03-28,0.005837482652142123,-1.0,-0.005837482652142123,-0.005837482652142123,0.6709724089586893,15.441829569699156
2022-03-29,0.002250258986993492,-1.0,-0.002250258986993492,-0.002250258986993492,0.6694625472654053,15.476577685463994
2022-03-30,0.010399662803480147,-1.0,-0.010399662803480147,-0.010399662803480147,0.6625003625142862,15.637528874744685
2022-03-31,-0.009239749529055485,-1.0,0.009239749529055485,0.009239749529055485,0.6686216999268267,15.493042024688672
2022-04-01,0.011804825800233676,-1.0,-0.011804825800233676,-0.011804825800233676,0.6607287372329345,15.675934686905821
2022-04-04,-0.0010499937714777419,-1.0,0.0010499937714777419,0.0010499937714777419,0.6614224982916653,15.659475053122478
2022-04-05,0.008292291221092984,-1.0,-0.008292291221092984,-0.008292291221092984,0.6559377903156479,15.78932798063241
2022-04-06,0.001853448618406972,-1.0,-0.001853448618406972,-0.001853448618406972,0.6547220433244264,15.818592688763687
2022-04-07,0.006821712159620796,-1.0,-0.006821712159620796,-0.006821712159620796,0.6502557180003083,15.926502574856714
2022-04-08,-0.011369105495052878,-1.0,0.011369105495052878,0.011369105495052878,0.6576485438570152,15.745432486915938
2022-04-11,-0.017539303575957454,-1.0,0.017539303575957454,0.017539303575957454,0.6691832413140097,15.469268566593177
2022-04-12,-0.008158207641953408,-1.0,0.008158207641953408,0.008158207641953408,0.6746425771471648,15.343067061557766
2022-04-13,-0.0040529038586923916,-1.0,0.0040529038586923916,0.0040529038586923916,0.6773768386513228,15.280883085859802
2022-04-14,-0.00885698871621543,-1.0,0.00885698871621543,0.00885698871621543,0.6833763576678832,15.145540476794535
2022-04-18,-0.013283504140920166,-1.0,0.013283504140920166,0.013283504140920166,0.6924539903447714,14.94435462715456
2022-04-19,0.0014684213835152171,0.0,0.0,-0.001,0.6917615363544266,14.966299237051908
2022-04-20,-0.003910118624049108,0.0,-0.0,-0.0,0.6917615363544266,14.90777923167202
2022-04-21,-0.06539096858363314,1.0,-0.06539096858363314,-0.06639096858363314,0.6458348179269541,13.932945108282016
2022-04-22,-0.029272825825712556,1.0,-0.029272825825712556,-0.029272825825712556,0.6269294077895976,13.525088432888063
2022-04-25,0.0012174343840207769,1.0,0.0012174343840207769,0.0012174343840207769,0.6276926532069944,13.541554340593184
2022-04-26,-0.006348141842000055,1.0,-0.006348141842000055,-0.006348141842000055,0.6237079712112551,13.455590632877946
2022-04-27,-0.004077986716702009,1.0,-0.004077986716702009,-0.004077986716702009,0.6211644983895545,13.40071891301169
2022-04-28,0.0030027766466727,1.0,0.0030027766466727,0.0030027766466727,0.6230297166390608,13.440958278812307
2022-04-29,-0.03361017451134929,1.0,-0.03361017451134929,-0.03361017451134929,0.6020895791370655,12.98920532546166
2022-05-02,-0.016192623114380078,1.0,-0.016192623114380078,-0.016192623114380078,0.5923401695010033,12.778876019071161
2022-05-03,0.012737905590038068,1.0,0.012737905590038068,0.012737905590038068,0.5998853426572942,12.94165213534889
2022-05-04,0.03250442533165221,1.0,0.03250442533165221,0.03250442533165221,0.6193842709852508,13.362313100850557
2022-05-05,-0.016698549277620267,1.0,-0.016698549277620267,-0.016698549277620267,0.6090414522144207,13.139181857073012
2022-05-06,0.008769175315283873,1.0,0.008769175315283873,0.008769175315283873,0.6143822434831641,13.254401646277083
2022-05-09,-0.024285741165021135,1.0,-0.024285741165021135,-0.024285741165021135,0.5994615153415469,12.932508678598367
2022-05-10,-0.0101822298349582,1.0,-0.0101822298349582,-0.0101822298349582,0.5933576604151269,12.800826902890288
2022-05-11,0.0030001989881014435,1.0,0.0030001989881014435,0.0030001989881014435,0.5951378514674867,12.8392319308112
2022-05-12,-0.024073950214258844,1.0,-0.024073950214258844,-0.024073950214258844,0.5808105324606374,12.530140900519529
2022-05-13,0.01882950239735104,1.0,0.01882950239735104,0.01882950239735104,0.5917469057740117,12.766077218645007
2022-05-16,0.0045843312380662304,1.0,0.0045843312380662304,0.0045843312380662304,0.5944596695991805,12.824601145226007
2022-05-17,0.027096541108704963,1.0,0.027096541108704963,0.027096541108704963,0.6105674704739419,13.172103477360368
2022-05-18,-0.014162831330257974,1.0,-0.014162831330257974,-0.014162831330257974,0.6019201063738772,12.985549197545808
2022-05-19,-0.0076059327241541075,1.0,-0.0076059327241541075,-0.0076059327241541075,0.5973419425394818,12.88678198396308
2022-05-20,0.010786513079482418,1.0,0.010786513079482418,0.010786513079482418,0.6037851792156074,13.025785426385537
2022-05-23,0.0186748698766539,1.0,0.0186748698766539,0.0186748698766539,0.615060788870911,13.269040274264501
2022-05-24,0.0292211192549805,1.0,0.0292211192549805,0.0292211192549805,0.6330335535315702,13.656776482517923
2022-05-25,0.0016069808571506083,0.0,0.0,-0.001,0.6324005199780386,13.678722660895714
2022-05-26,0.003342734774887779,-1.0,-0.003342734774887779,-0.004342734774887779,0.6296541722482728,13.724447002810335
2022-05-27,0.037726874552507894,-1.0,-0.037726874552507894,-0.037726874552507894,0.6058992882803991,14.242227493187903
2022-05-31,-0.0224719064001504,-1.0,0.0224719064001504,0.0224719064001504,0.619515000374554,13.922177490031336
2022-06-01,0.006341663455840418,-1.0,-0.006341663455840418,-0.006341663455840418,0.6155862447363337,14.010467254245592
2022-06-02,0.03085202255581021,-1.0,-0.03085202255581021,-0.03085202255581021,0.5965941640286818,14.442718505991017
2022-06-03,0.0021650512766158148,-1.0,-0.0021650512766158148,-0.0021650512766158148,0.59530250707223,14.473987732130215
2022-06-06,0.01906224425749725,-1.0,-0.01906224425749725,-0.01906224425749725,0.5839547052753187,14.7498944216601
2022-06-07,-0.005112857495141121,-1.0,0.005112857495141121,0.005112857495141121,0.5869403824670085,14.674480313413776
2022-06-08,-0.01616965541802795,-1.0,0.01616965541802795,0.01616965541802795,0.5964310062024256,14.43719902330724
2022-06-09,-0.014651623860607588,-1.0,0.014651623860607588,0.014651623860607588,0.6051696889641073,14.22567061361701
2022-06-10,-0.01848955562550758,-1.0,0.01848955562550758,0.01848955562550758,0.6163590075910803,13.96264428549639
2022-06-13,-0.04610706334067993,-1.0,0.04610706334067993,0.04610706334067993,0.6447775113946809,13.318867761021625
2022-06-14,-0.012843614152099447,-1.0,0.012843614152099447,0.012843614152099447,0.6530587849649852,13.147805362556227
2022-06-15,0.037912802147661795,-1.0,-0.037912802147661795,-0.037912802147661795,0.6282994964598153,13.646275505942787
2022-06-16,-0.04475004126286908,-1.0,0.04475004126286908,0.04475004126286908,0.656415924851832,13.035604113967368
2022-06-17,-0.0008465310905403367,-1.0,0.0008465310905403367,0.0008465310905403367,0.6569716013405449,13.024569069800918
2022-06-21,0.02711447492220853,-1.0,-0.02711447492220853,-0.02711447492220853,0.6391581613313935,13.377723421216608
2022-06-22,0.026949391365886477,-1.0,-0.026949391365886477,-0.026949391365886477,0.6219332378969733,13.73824492527956
2022-06-23,0.03360504772717099,-1.0,-0.03360504772717099,-0.03360504772717099,0.6010331417543315,14.199919301681144
2022-06-24,0.01062198666408487,-1.0,-0.01062198666408487,-0.01062198666408487,0.594648975737944,14.350750655134682
2022-06-27,-0.0016661090746219465,-1.0,0.0016661090746219465,0.0016661090746219465,0.5956397257926356,14.326840739240525
2022-06-28,-0.018616045578947804,-1.0,0.018616045578947804,0.018616045578947804,0.6067281820766233,14.060131619036497
2022-06-29,-0.0057562470340267735,-1.0,0.0057562470340267735,0.0057562470340267735,0.6102206593751623,13.979198028106392
2022-06-30,0.019210275280743705,-1.0,-0.019210275280743705,-0.019210275280743705,0.5984981525265686,14.247742270430345
2022-07-01,0.04002086354512713,-1.0,-0.04002086354512713,-0.04002086354512713,0.574545739632292,14.817949219661378
2022-07-05,-0.01799884581121769,-1.0,0.01799884581121769,0.01799884581121769,0.5848868998114257,14.55124323641824
2022-07-06,0.005814415356558467,-1.0,-0.005814415356558467,-0.005814415356558467,0.5814861244393122,14.635850208549087
2022-07-07,0.010179902347268621,-1.0,-0.010179902347268621,-0.010179902347268621,0.5755666524762284,14.784841734441368
2022-07-08,-0.0016171911964710795,-1.0,0.0016171911964710795,0.0016171911964710795,0.5764974537995953,14.760931818547212
2022-07-11,0.005358105259220647,-1.0,-0.005358105259220647,-0.005358105259220647,0.5734085197604644,14.840022444955167
2022-07-12,-0.009048025762780743,-1.0,0.009048025762780743,0.009048025762780743,0.578596734819855,14.705749539552968
2022-07-13,0.003877431607392401,-1.0,-0.003877431607392401,-0.003877431607392401,0.5763532655523305,14.762770077628028
2022-07-14,-0.0016198215327680732,-1.0,0.0016198215327680732,0.0016198215327680732,0.5772868549823533,14.738857024772981
2022-07-15,-0.0177211595906821,-1.0,0.0177211595906821,0.0177211595906821,0.5875170474690986,14.477667387252733
2022-07-18,-0.015245962841391791,-1.0,0.015245962841391791,0.015245962841391791,0.5964743105434966,14.256941408236647
2022-07-19,0.018320283328778775,-1.0,-0.018320283328778775,-0.018320283328778775,0.5855467321760018,14.518132614237341
2022-07-20,-0.007728460680905269,-1.0,0.007728460680905269,0.007728460680905269,0.5900721070724566,14.40592979716804
2022-07-21,0.007022702357119881,-1.0,-0.007022702357119881,-0.007022702357119881,0.5859282062952482,14.507098354311116
2022-07-22,0.017497190550215258,-1.0,-0.017497190550215258,-0.017497190550215258,0.5756761088209544,14.760931818547212
2022-07-25,0.009096293519397003,-1.0,-0.009096293519397003,-0.009096293519397003,0.5704395899630147,14.895201586988524
2022-07-26,-0.013212965803166443,-1.0,0.013212965803166443,0.013212965803166443,0.5779767887579683,14.698391797788373
2022-07-27,0.005881591526632368,-1.0,-0.005881591526632368,-0.005881591526632368,0.5745773653746192,14.784841734441368
2022-07-28,0.05175414959549007,-1.0,-0.05175414959549007,-0.05175414959549007,0.5448406024528386,15.550018645311292
2022-07-29,-0.0005915837155008319,-1.0,0.0005915837155008319,0.0005915837155008319,0.5451629212807934,15.540819507504992
2022-08-01,0.009705495477937864,-1.0,-0.009705495477937864,-0.009705495477937864,0.5398718450135632,15.69165086095853
2022-08-02,0.0042199579883381855,-1.0,-0.0042199579883381855,-0.0042199579883381855,0.5375936085085193,15.757868968359446
2022-08-03,0.009221145139596265,-1.0,-0.009221145139596265,-0.009221145139596265,0.532636379818343,15.90317456520743
2022-08-04,0.017580635362232755,-1.0,-0.017580635362232755,-0.017580635362232755,0.523272293844097,16.182762478340276
2022-08-05,0.0,-1.0,-0.0,-0.0,0.523272293844097,16.182762478340276
2022-08-08,-0.005228603346670524,-1.0,0.005228603346670524,0.005228603346670524,0.5260082771109102,16.098149232287653
2022-08-09,0.015996345117840427,-1.0,-0.015996345117840427,-0.015996345117840427,0.5175940671754035,16.355660783165824
2022-08-10,0.009671825389100164,-1.0,-0.009671825389100164,-0.009671825389100164,0.5125879877352488,16.513849878383958
2022-08-11,-0.0038987265692213002,-1.0,0.0038987265692213002,0.0038987265692213002,0.5145864281420959,16.449466893102972
2022-08-12,0.01162925298435713,-1.0,-0.01162925298435713,-0.01162925298435713,0.5086021723869147,16.640761905060675
2022-08-15,0.005858345555107336,-1.0,-0.005858345555107336,-0.005858345555107336,0.5056226051109939,16.738249238600787
2022-08-16,-0.005164813560884829,-1.0,0.005164813560884829,0.005164813560884829,0.508234051598561,16.65179930194779
2022-08-17,-0.0036451691265600994,-1.0,0.0036451691265600994,0.0036451691265600994,0.5100866506725146,16.591100677230656
2022-08-18,0.0004435697418880835,-1.0,-0.0004435697418880835,-0.0004435697418880835,0.5098603916685353,16.598459987475696
2022-08-19,-0.005873275810748146,-1.0,0.005873275810748146,0.005873275810748146,0.5128549423737807,16.500972653935584
2022-08-22,-0.013042144201203865,-1.0,0.013042144201203865,0.013042144201203865,0.5195436704865196,16.285764589122834
2022-08-23,-0.006324671477282218,-1.0,0.006324671477282218,0.006324671477282218,0.5228296135204482,16.182762478340276
2022-08-24,0.00829708578007149,-1.0,-0.00829708578007149,-0.00829708578007149,0.5184916513687075,16.317032246781586
2022-08-25,0.007665419952912034,-1.0,-0.007665419952912034,-0.007665419952912034,0.5145171951188875,16.442109151338375
2022-08-26,-0.014878620051632985,-1.0,0.014878620051632985,0.014878620051632985,0.5221725009750934,16.197473256428133
2022-08-29,-0.007017430375960476,-1.0,0.007017430375960476,0.007017430375960476,0.5258368101449272,16.083808615584665
2022-08-30,-0.015169114415300555,-1.0,0.015169114415300555,0.015169114415300555,0.5338132888817922,15.839831482461065
2022-08-31,-0.007467987161692502,-1.0,0.007467987161692502,0.007467987161692502,0.5377997996699023,15.721539824306673
2022-09-01,0.014107957752148792,0.0,0.0,-0.001,0.5372619998702324,15.943338643946715
2022-09-02,-0.01333204654361686,0.0,-0.0,-0.0,0.5372619998702324,15.730781311084973
2022-09-06,0.026553962370104545,0.0,0.0,0.0,0.5372619998702324,16.148495886071867
2022-09-07,0.032848787995606976,0.0,0.0,0.0,0.5372619998702324,16.678954403881374
2022-09-08,0.0003324296137892091,0.0,0.0,0.0,0.5372619998702324,16.684498982252265
2022-09-09,-0.004098665411970015,0.0,-0.0,-0.0,0.5372619998702324,16.616114803357657
2022-09-12,0.010122273797627868,0.0,0.0,0.0,0.5372619998702324,16.78430766685006
2022-09-13,-0.02147322880788982,-1.0,0.02147322880788982,0.02047322880788982,0.5482614877233601,16.42389438793777
2022-09-14,0.00022471128944556717,-1.0,-0.00022471128944556717,-0.00022471128944556717,0.5481382871775005,16.427585022423404
2022-09-15,-0.03229043171251966,-1.0,0.03229043171251966,0.03229043171251966,0.5658379091086231,15.89713121005523
2022-09-16,-0.01418448323203958,-1.0,0.01418448323203958,0.01418448323203958,0.5738640274424266,15.671638618968668
2022-09-19,0.02417709425291581,0.0,0.0,-0.001,0.5732901634149842,16.05053330295711
2022-09-20,-0.013242421168642271,0.0,-0.0,-0.0,0.5732901634149842,15.837985380978033
2022-09-21,-0.020072468260474596,0.0,-0.0,-0.0,0.5732901634149842,15.520077922108491
2022-09-22,-0.005120881028829016,1.0,-0.005120881028829016,-0.006120881028829016,0.5697811225297231,15.440601449511218
2022-09-23,-0.012209697666854313,1.0,-0.012209697666854313,-0.012209697666854313,0.5628242672873544,15.252076374018294
2022-09-26,-0.016602033502294833,1.0,-0.016602033502294833,-0.016602033502294833,0.5534802399459452,14.998860891077284
2022-09-27,-0.0008626251873169455,1.0,-0.0008626251873169455,-0.0008626251873169455,0.5530027939502856,14.985922495891577
2022-09-28,0.01591012160757832,1.0,0.01591012160757832,0.01591012160757832,0.5618011356513652,15.224350345202955
2022-09-29,-0.029136862120204166,1.0,-0.029136862120204166,-0.029136862120204166,0.5454320134229173,14.780760548325095
2022-09-30,-0.019507157442077983,1.0,-0.019507157442077983,-0.019507157442077983,0.5347921852631268,14.492429925195262
2022-10-03,0.03545470189257549,1.0,0.03545470189257549,0.03545470189257549,0.5537530827661099,15.0062547078921
2022-10-04,0.020076125302381564,1.0,0.020076125302381564,0.020076125302381564,0.5648702990423023,15.307522157727195
2022-10-05,-0.012678058007307813,1.0,-0.012678058007307813,-0.012678058007307813,0.5577088406244387,15.11345250386338
2022-10-06,-0.0349761808369663,1.0,-0.0349761808369663,-0.0349761808369663,0.5382023153603835,14.584841656017353
2022-10-07,-0.027626311096122125,1.0,-0.027626311096122125,-0.027626311096122125,0.5233337707635843,14.181916283140536
2022-10-10,0.00013028351927868442,1.0,0.00013028351927868442,0.00013028351927868442,0.5234019525289968,14.18376395310402
2022-10-11,-0.00925202120491686,1.0,-0.00925202120491686,-0.00925202120491686,0.5185594265655036,14.052535468244367
2022-10-12,-0.0431407211096454,1.0,-0.0431407211096454,-0.0431407211096454,0.49618839896526357,13.446298954725437
2022-10-13,0.004673375233980703,1.0,0.004673375233980703,0.004673375233980703,0.4985072735403764,13.509138555249152
2022-10-14,-0.01805992256019273,1.0,-0.01805992256019273,-0.01805992256019273,0.4895042707845444,13.265164559086438
2022-10-17,0.02619501296803306,1.0,0.02619501296803306,0.02619501296803306,0.5023268415056531,13.6126457167348
2022-10-18,0.019144301536777597,1.0,0.019144301536777597,0.019144301536777597,0.5119435380294544,13.873250311049295
2022-10-19,-0.018917977177229317,1.0,-0.018917977177229317,-0.018917977177229317,0.5022586018609831,13.610796478290876
2022-10-20,-0.04073886663003634,1.0,-0.04073886663003634,-0.04073886663003634,0.48179715566598,13.056308055833215
2022-10-21,0.014297930852379181,1.0,0.014297930852379181,0.014297930852379181,0.48868585808256515,13.24298624560288
2022-10-24,0.02274968184437287,1.0,0.02274968184437287,0.02274968184437287,0.49980330587578786,13.544259969359752
2022-10-25,0.035207101105639405,1.0,0.035207101105639405,0.035207101105639405,0.5173999313986896,14.021114099502064
2022-10-26,-0.00342733847780885,1.0,-0.00342733847780885,-0.00342733847780885,0.5156266267053912,13.973058995647092
2022-10-27,-0.0017194505121982395,1.0,-0.0017194505121982395,-0.0017194505121982395,0.5147400322379996,13.94903301220005
2022-10-28,0.04717101849900751,1.0,0.04717101849900751,0.04717101849900751,0.539020843820878,14.607023106461806
2022-10-31,-0.01935980929575798,1.0,-0.01935980929575798,-0.01935980929575798,0.5285855030780673,14.324233924741975
2022-11-01,0.002709756470122615,1.0,0.002709756470122615,0.002709756470122615,0.5300178410650461,14.363049110299094
2022-11-02,-0.005533179969383961,1.0,-0.005533179969383961,-0.005533179969383961,0.5270851569634489,14.28357577466271
2022-11-03,0.011645577459858059,1.0,0.011645577459858059,0.011645577459858059,0.5332233679868082,14.449916262750296
2022-11-04,0.007930695557266887,1.0,0.007930695557266887,0.007930695557266887,0.5374522001823321,14.56451414945817
2022-11-07,-0.01916259196351222,1.0,-0.01916259196351222,-0.01916259196351222,0.5271532229703462,14.285420307665301
2022-11-08,0.012679558826936388,1.0,0.012679558826936388,0.012679558826936388,0.5338372932718077,14.466553134823855
2022-11-09,-0.000894149290730506,1.0,-0.000894149290730506,-0.000894149290730506,0.5333599630346633,14.453617876599036
2022-11-10,0.06393848320870932,1.0,0.06393848320870932,0.06393848320870932,0.5674621900753529,15.377760280507065
2022-11-11,0.0013220809239593567,0.0,0.0,-0.001,0.5668947278852776,15.398090924027143
2022-11-14,-0.019805641179060918,-1.0,0.019805641179060918,0.018805641179060917,0.5775555467241895,15.093121860343306
2022-11-15,0.015307447431700316,-1.0,-0.015307447431700316,-0.015307447431700316,0.568714645553822,15.324159029800757
2022-11-16,0.017006434039807505,-1.0,-0.017006434039807505,-0.017006434039807505,0.5590428374467384,15.584768329556585
2022-11-17,-0.023363409489382314,-1.0,0.023363409489382314,0.023363409489382314,0.5721039841801128,15.220655005275997
2022-11-18,0.010321847198862866,-1.0,-0.010321847198862866,-0.010321847198862866,0.566198814273545,15.377760280507063
2022-11-21,0.004807613358341456,-1.0,-0.004807613358341456,-0.004807613358341456,0.5634767492905665,15.451690606253
2022-11-22,0.006100670606826952,-1.0,-0.006100670606826952,-0.006100670606826952,0.5600391632485391,15.545956280960352
2022-11-23,0.014757539643944106,-1.0,-0.014757539643944106,-0.014757539643944106,0.5517743630947375,15.775376347079646
2022-11-25,0.004945939671367583,-1.0,-0.004945939671367583,-0.004945939671367583,0.5490453203826636,15.853400406785422
2022-11-28,-0.018865712456801798,-1.0,0.018865712456801798,0.018865712456801798,0.5594034515227556,15.554314713248463
2022-11-29,-0.014809709377163305,-1.0,0.014809709377163305,0.014809709377163305,0.5676880540643897,15.323959832784318
2022-11-30,0.02679136207591859,-1.0,-0.02679136207591859,-0.02679136207591859,0.552478917861777,15.734509589101275
2022-12-01,0.0015347364202840108,-1.0,-0.0015347364202840108,-0.0015347364202840108,0.5516310083450955,15.758657914022978
2022-12-02,0.004361662675127942,-1.0,-0.004361662675127942,-0.004361662675127942,0.5492249799655535,15.82739186405668
2022-12-05,-0.00058676582919992,-1.0,0.00058676582919992,0.00058676582919992,0.5495472464163402,15.818104891345495
2022-12-06,0.00035220670091096196,-1.0,-0.00035220670091096196,-0.00035220670091096196,0.5493536921936852,15.82367613388394
2022-12-07,0.0012914654936655445,-1.0,-0.0012914654936655445,-0.0012914654936655445,0.5486442208563993,15.84411186559379
2022-12-08,0.005510530642371503,-1.0,-0.005510530642371503,-0.005510530642371503,0.54562090006561,15.931421329530307
2022-12-09,-0.01457542620121055,-1.0,0.01457542620121055,0.01457542620121055,0.5535735572283544,15.699214073661347
2022-12-12,0.024139023479129662,-1.0,-0.024139023479129662,-0.024139023479129662,0.5402108321329938,16.078177770789342
2022-12-13,0.006932532771347866,-1.0,-0.006932532771347866,-0.006932532771347866,0.5364658028357947,16.189640265088897
2022-12-14,-0.0011475641558117422,-1.0,0.0011475641558117422,0.0011475641558117422,0.5370814317619479,16.171061614225195
2022-12-15,-0.014244689000542987,-1.0,0.014244689000542987,0.014244689000542987,0.5447319897253632,15.940709870721939
2022-12-16,-0.019461574678335647,-1.0,0.019461574678335647,0.019461574678335647,0.5553333320230818,15.630478555147201
2022-12-19,-0.007368621959017219,-1.0,0.007368621959017219,0.007368621959017219,0.5594253734080012,15.515303467635796
2022-12-20,0.0,-1.0,-0.0,-0.0,0.5594253734080012,15.515303467635796
2022-12-21,0.01352950934867847,-1.0,-0.01352950934867847,-0.01352950934867847,0.5518566225885897,15.725217910948759
2022-12-22,-0.015475525760325959,-1.0,0.015475525760325959,0.015475525760325959,0.5603968939674658,15.481861896081131
2022-12-23,0.009959362195576027,-1.0,-0.009959362195576027,-0.009959362195576027,0.554815698327168,15.636051366166091
2022-12-27,-0.002019778076194245,-1.0,0.002019778076194245,0.002019778076194245,0.5559363029109777,15.604470012418462
2022-12-28,-0.009999917577850237,-1.0,0.009999917577850237,0.009999917577850237,0.5614956201186223,15.448426598448242
2022-12-29,0.01106292379302265,-1.0,-0.01106292379302265,-0.01106292379302265,0.555283836863134,15.619331364628978
2022-12-30,-0.00570903120897559,-1.0,0.00570903120897559,0.00570903120897559,0.5584539696176253,15.53016011440498
2023-01-03,0.0027517306887254733,-1.0,-0.0027517306887254733,-0.0027517306887254733,0.5569172546911879,15.57289493259261
2023-01-04,0.007872670718308106,-1.0,-0.007872670718308106,-0.007872670718308106,0.5525328285276601,15.69549520652772
2023-01-05,-0.022014394988375874,-1.0,0.022014394988375874,0.022014394988375874,0.5646965044589125,15.34996837551306
2023-01-06,0.012344221982028003,0.0,0.0,-0.001,0.5641318079544536,15.539451792557502
2023-01-09,0.005020929455355816,0.0,0.0,0.0,0.5641318079544536,15.617474283782835
2023-01-10,0.005590498332190608,0.0,0.0,0.0,0.5641318079544536,15.704783747719352
2023-01-11,0.005441268911660302,0.0,0.0,0.0,0.5641318079544536,15.790237699290165
2023-01-12,0.0008236633350617861,0.0,0.0,0.0,0.5641318079544536,15.80324353913498
2023-01-13,-0.004584680163152055,0.0,-0.0,-0.0,0.5641318079544536,15.730790721967647
2023-01-17,0.012517799064921453,0.0,0.0,0.0,0.5641318079544536,15.92770559935757
2023-01-18,-0.022626497016602132,0.0,-0.0,-0.0,0.5641318079544536,15.567317416132388
2023-01-19,-0.014439156501776518,0.0,-0.0,-0.0,0.5641318079544536,15.34253848364802
2023-01-20,-0.009323247239639842,1.0,-0.009323247239639842,-0.010323247239639843,0.5583081358251948,15.199496204081282
2023-01-23,0.010388637963830272,1.0,0.010388637963830272,0.010388637963830272,0.5641081969205437,15.357398267378095
2023-01-24,0.014878474770200656,1.0,0.014878474770200656,0.014878474770200656,0.5725012664960893,15.585892930035202
2023-01-25,-0.08712734244693887,1.0,-0.08712734244693887,-0.08712734244693887,0.5226207525987784,14.227935499378702
2023-01-26,-0.0024810501061661716,1.0,-0.0024810501061661716,-0.0024810501061661716,0.5213241043250585,14.192635278497443
2023-01-27,-0.010732757682275995,1.0,-0.010732757682275995,-0.010732757682275995,0.515728859039408,14.040309163180408
2023-01-30,-0.00701242781127176,1.0,-0.00701242781127176,-0.00701242781127176,0.5121123476452046,13.941852508725669
2023-01-31,-0.005596278627714724,1.0,-0.005596278627714724,-0.005596278627714724,0.509246424259089,13.863830017500336
2023-02-01,-0.00522591871044531,1.0,-0.00522591871044531,-0.00522591871044531,0.506585143842326,13.791378768813447
2023-02-02,0.018318793453027782,1.0,0.018318793453027782,0.018318793453027782,0.515865172458746,14.044020187911812
2023-02-03,-0.012301452484067887,1.0,-0.012301452484067887,-0.012301452484067887,0.5095192815515592,13.871258340884925
2023-02-06,0.011249745017840818,1.0,0.011249745017840818,0.011249745017840818,0.5152512435506877,14.027306460296478
2023-02-07,0.007548713297163001,1.0,0.007548713297163001,0.007548713297163001,0.5191407274642585,14.133194575096699
2023-02-08,-0.013801505667227043,1.0,-0.013801505667227043,-0.013801505667227043,0.5119758037720722,13.93813521007248
2023-02-09,-0.02345720885209457,1.0,-0.02345720885209457,-0.02345720885209457,0.4999662804157717,13.611185461441076
2023-02-10,0.020062701487817858,1.0,0.020062701487817858,0.020062701487817858,0.509996954653728,13.884262612249294
2023-02-13,0.011774338748992141,1.0,0.011774338748992141,0.011774338748992141,0.5160018315587753,14.047740623525884
2023-02-14,0.005421785889980546,1.0,0.005421785889980546,0.005421785889980546,0.5187994830083248,14.123904465424623
2023-02-15,0.011968906030794813,1.0,0.011968906030794813,0.011968906030794813,0.5250089452692763,14.292952150759213
2023-02-16,-0.016246386463769857,1.0,-0.016246386463769857,-0.016246386463769857,0.5164794470474955,14.060743326409808
2023-02-17,0.005020433787967793,1.0,0.005020433787967793,0.005020433787967793,0.5190723979142436,14.131334357289658
2023-02-21,-0.03168131220468906,1.0,-0.03168131220468906,-0.03168131220468906,0.5026275032190859,13.683635141647516
2023-02-22,0.00027166017032054235,1.0,0.00027166017032054235,0.00027166017032054235,0.5027640470922182,13.6873524403007
2023-02-23,-0.010993519169472776,1.0,-0.010993519169472776,-0.010993519169472776,0.4972369009027882,13.536880268868924
2023-02-24,0.0006859338375102553,1.0,0.0006859338375102553,0.0006859338375102553,0.49757797251837615,13.546165673099665
2023-02-27,-0.008170796237823463,1.0,-0.008170796237823463,-0.008170796237823463,0.4935123642924992,13.435482713580969
2023-02-28,-0.011550185543344194,1.0,-0.011550185543344194,-0.011550185543344194,0.48781220491698635,13.280300395374715
2023-03-01,-0.016331137943435547,1.0,-0.016331137943435547,-0.016331137943435547,0.4798456765079956,13.063417977687589
2023-03-02,0.0334906025957562,1.0,0.0334906025957562,0.0334906025957562,0.49591599736721664,13.500919717720581
2023-03-03,0.022434829139637902,1.0,0.022434829139637902,0.022434829139637902,0.5070417880357633,13.803810544815612
2023-03-06,0.007720361232685269,1.0,0.007720361232685269,0.007720361232685269,0.510956333799466,13.910380948609138
2023-03-07,-0.008736568915012177,1.0,-0.008736568915012177,-0.008736568915012177,0.506492328576665,13.788851946817541
2023-03-08,0.0067793799197539695,1.0,0.0067793799197539695,0.0067793799197539695,0.5099260324985271,13.882331812822256
2023-03-09,-0.006599052561933272,1.0,-0.006599052561933272,-0.006599052561933272,0.5065610038073712,13.790721575507243
2023-03-10,-0.010168430517734084,1.0,-0.010168430517734084,-0.010168430517734084,0.5014100734371624,13.650491581377281
2023-03-13,0.003835342371438566,1.0,0.003835342371438566,0.003835342371438566,0.5033331527372821,13.702845890130304
2023-03-14,0.017191897379041254,1.0,0.017191897379041254,0.017191897379041254,0.5119864046466107,13.93842381047424
2023-03-15,0.013011420143951957,1.0,0.013011420143951957,0.013011420143951957,0.5186480748654592,14.119782498816784
2023-03-16,0.009401807668232287,1.0,0.009401807668232287,0.009401807668232287,0.5235243043128431,14.252533978187932
2023-03-17,-0.007346666751771425,1.0,-0.007346666751771425,-0.007346666751771425,0.5196781457126037,14.147825360681887
2023-03-20,0.003964818952905569,1.0,0.003964818952905569,0.003964818952905569,0.5217385754741359,14.203918926814318
2023-03-21,-0.008029398023177703,1.0,-0.008029398023177703,-0.008029398023177703,0.5175493287876084,14.089870008261979
2023-03-22,-0.016321809292836997,1.0,-0.016321809292836997,-0.016321809292836997,0.5091019873435012,13.859897837026264
2023-03-23,-0.004316974354024006,1.0,-0.004316974354024006,-0.004316974354024006,0.5069042071205566,13.800065013514429
2023-03-24,0.025471206812719638,1.0,0.025471206812719638,0.025471206812719638,0.5198156690143619,14.151569323502631
2023-03-27,-0.0033033079297234424,1.0,-0.0033033079297234424,-0.0033033079297234424,0.5180985577929123,14.104822332338275
2023-03-28,-0.0026509377029083625,1.0,-0.0026509377029083625,-0.0026509377029083625,0.5167251107922366,14.067431327024655
2023-03-29,0.011563049263515923,1.0,0.011563049263515923,0.011563049263515923,0.522700028704023,14.230093728470168
2023-03-30,0.006306837063731363,1.0,0.006306837063731363,0.006306837063731363,0.525996612618267,14.319840611017256
2023-03-31,0.006397543679709239,0.0,0.0,-0.001,0.5254706160056487,14.411452416812713
2023-04-03,-0.005319344608856524,-1.0,0.005319344608856524,0.004319344608856524,0.5277403046780053,14.334792935093548
2023-04-04,0.00639152704144208,-1.0,-0.00639152704144208,-0.00639152704144208,0.5243672382497969,14.42641415177167
2023-04-05,0.015162702070876222,-1.0,-0.015162702070876222,-0.015162702070876222,0.5164164140404871,14.645157571506056
2023-04-06,0.008170790206832645,-1.0,-0.008170790206832645,-0.008170790206832645,0.5121968838619975,14.764820081568839
2023-04-10,-0.006837978191854055,-1.0,0.006837978191854055,0.006837978191854055,0.5156992749837814,14.663858563844423
2023-04-11,-0.0011477057757304232,-1.0,0.0011477057757304232,0.0011477057757304232,0.5162911460202203,14.647028768676204
2023-04-12,0.0031913540241987892,-1.0,-0.0031913540241987892,-0.0031913540241987892,0.5146434781937105,14.693772622879674
2023-04-13,0.003308227722034651,-1.0,-0.003308227722034651,-0.003308227722034651,0.5129409203721857,14.742382968811958
2023-04-14,-0.01052616459999045,-1.0,0.01052616459999045,0.01052616459999045,0.518340220930094,14.587202219086148
2023-04-17,0.006664793591286466,-1.0,-0.006664793591286466,-0.006664793591286466,0.5148855903475331,14.684422910950714
2023-04-18,-0.0030555862048192717,-1.0,0.0030555862048192717,0.0030555862048192717,0.5164588676544593,14.63955339087828
2023-04-19,0.008173489514752719,-1.0,-0.008173489514752719,-0.008173489514752719,0.5122375965148844,14.759209627019287
2023-04-20,-0.0024066199370491592,-1.0,0.0024066199370491592,0.0024066199370491592,0.5134703577271633,14.723689818875814
2023-04-21,0.0030476502551550766,-1.0,-0.0030476502551550766,-0.0030476502551550766,0.5119054796604215,14.768562475909135
2023-04-24,0.0006327634461966714,-1.0,-0.0006327634461966714,-0.0006327634461966714,0.5115815645849846,14.777907482396763
2023-04-25,-0.01543505651096988,-1.0,0.01543505651096988,0.01543505651096988,0.5194778549443242,14.549809645292084
2023-04-26,-0.04818823046464393,-1.0,0.04818823046464393,0.04818823046464393,0.5445105735396601,13.84868006488805
2023-04-27,0.02403118413665495,0.0,0.0,-0.001,0.5439660629661205,14.181480245576997
2023-04-28,0.010283755833214725,0.0,0.0,0.0,0.5439660629661205,14.32731912577607
2023-05-01,0.002218287941065711,0.0,0.0,0.0,0.5439660629661205,14.359101245020579
2023-05-02,-0.011197859916972419,0.0,-0.0,-0.0,0.5439660629661205,14.198310040745215
2023-05-03,-0.00724249196693294,0.0,-0.0,-0.0,0.5439660629661205,14.095478894331094
2023-05-04,0.0015916837196259248,0.0,0.0,0.0,0.5439660629661205,14.117914438607531
2023-05-05,0.0,0.0,0.0,0.0,0.5439660629661205,14.117914438607531
2023-05-08,0.007283846020015083,0.0,0.0,0.0,0.5439660629661205,14.220747153502096
2023-05-09,-0.006310871932248774,0.0,-0.0,-0.0,0.5439660629661205,14.131001839435452
2023-05-10,0.01733242257661427,0.0,0.0,0.0,0.5439660629661205,14.375926334747462
2023-05-11,-0.010274385108000494,0.0,-0.0,-0.0,0.5439660629661205,14.22822253130002
2023-05-12,0.02444158758428472,0.0,0.0,0.0,0.5439660629661205,14.575982878467482
2023-05-15,-0.005387245966344767,0.0,-0.0,-0.0,0.5439660629661205,14.497458473499947
2023-05-16,-0.02192438469085134,0.0,-0.0,-0.0,0.5439660629661205,14.179610616887292
2023-05-17,-0.006592776451440074,0.0,-0.0,-0.0,0.5439660629661205,14.086127613921688
2023-05-18,-0.0031855921132627474,0.0,-0.0,-0.0,0.5439660629661205,14.041254956888366
2023-05-19,-0.008255457159456525,0.0,-0.0,-0.0,0.5439660629661205,13.925337978126768
2023-05-22,0.0013427218360406723,0.0,0.0,0.0,0.5439660629661205,13.944035833504245
2023-05-23,-0.005631622212253662,0.0,-0.0,-0.0,0.5439660629661205,13.865508291575821
2023-05-24,0.0010786089281895617,0.0,0.0,0.0,0.5439660629661205,13.880463752613002
2023-05-25,-0.011449185699959008,0.0,-0.0,-0.0,0.5439660629661205,13.721543745507786
2023-05-26,0.013685624093538573,1.0,0.013685624093538573,0.012685624093538572,0.5508666119605508,13.909331635191851
2023-05-30,-0.016639321247221783,1.0,-0.016639321247221783,-0.016639321247221783,0.5417005654397705,13.677889797779748
2023-05-31,0.010592775253449593,1.0,0.010592775253449593,0.010592775253449593,0.5474386777841406,13.82277661034908
2023-06-01,-0.006806427798693004,1.0,-0.006806427798693004,-0.006806427798693004,0.5437125759495909,13.728692879373277
2023-06-02,0.012198410074327759,1.0,0.012198410074327759,0.012198410074327759,0.5503450049135931,13.896161104900376
2023-06-05,-0.0035206875950730687,1.0,-0.0035206875950730687,-0.0035206875950730687,0.5484074120817833,13.847237062879216
2023-06-06,-0.002853731479884214,1.0,-0.002853731479884214,-0.002853731479884214,0.5468424045861238,13.807720766563458
2023-06-07,0.010766027580505266,1.0,0.010766027580505266,0.010766027580505266,0.5527297249960877,13.956375069160195
2023-06-08,0.009842186292393196,1.0,0.009842186292393196,0.009842186292393196,0.5581697939188425,14.093736312557382
2023-06-09,-0.011081620713321416,1.0,-0.011081620713321416,-0.011081620713321416,0.5519843679690011,13.937554872308056
2023-06-12,-0.0012149415756698145,1.0,-0.0012149415756698145,-0.0012149415756698145,0.5513137392112357,13.92062155743051
2023-06-13,0.005001336303698256,1.0,0.005001336303698256,0.005001336303698256,0.5540710446298805,13.990243267395732
2023-06-14,-0.012777119553128768,1.0,-0.012777119553128768,-0.012777119553128768,0.5469916126517176,13.811488256590861
2023-06-15,0.01307876341652947,1.0,0.01307876341652947,0.01307876341652947,0.5541455865444154,13.992125443928987
2023-06-16,0.016541199818491892,1.0,0.016541199818491892,0.016541199818491892,0.563311819419982,14.22357198678242
2023-06-20,-0.01098013459299274,0.0,-0.0,-0.001,0.562748507600562,14.067395251974428
2023-06-21,0.013643512151284343,0.0,0.0,0.0,0.562748507600562,14.25932393003166
2023-06-22,-0.0085775528807015,-1.0,0.0085775528807015,0.0075775528807015,0.5670127641754412,14.137013824978762
2023-06-23,-0.012777716571189979,-1.0,0.012777716571189979,0.012777716571189979,0.5742578925683219,13.95637506916019
2023-06-26,0.001617999863565256,-1.0,-0.001617999863565256,-0.001617999863565256,0.5733287433764951,13.978956482117956
2023-06-27,-0.005115333433567959,-1.0,0.005115333433567959,0.005115333433567959,0.5762615110659143,13.907449458658586
2023-06-28,-0.006358867825367098,-1.0,0.006358867825367098,0.006358867825367098,0.5799258818476288,13.819013825763003
2023-06-29,-0.008578565877531474,-1.0,0.008578565877531474,0.008578565877531474,0.5849008142291443,13.700466505296177
2023-06-30,0.0190909625860316,0.0,0.0,-0.001,0.5843159134149152,13.962021598759966
2023-07-03,0.0024257374188954017,0.0,0.0,0.0,0.5843159134149152,13.995889796995504
2023-07-05,0.007663380556965027,0.0,0.0,0.0,0.5843159134149152,14.103145626743224
2023-07-06,-0.025750595166732282,0.0,-0.0,-0.0,0.5843159134149152,13.739981233131488
2023-07-07,-0.013283928795456701,0.0,-0.0,-0.0,0.5843159134149152,13.557460300779658
2023-07-10,-0.004718933150201665,1.0,-0.004718933150201665,-0.005718933150201665,0.5809742497674962,13.493483551933766
2023-07-11,0.006693555267745621,1.0,0.006693555267745621,0.006693555267745621,0.584863033017452,13.583802929843051
2023-07-12,0.017730991078329872,1.0,0.017730991078329872,0.017730991078329872,0.5952332342379294,13.824657218401889
2023-07-13,0.0032668315171977547,1.0,0.0032668315171977547,0.0032668315171977547,0.5971777609276214,13.86982004431742
2023-07-14,-0.006919271062155508,1.0,-0.006919271062155508,-0.006919271062155508,0.5930457261274721,13.77385099984747
2023-07-17,-0.007376857181671803,1.0,-0.007376857181671803,-0.007376857181671803,0.5886709125036289,13.672243268179967
2023-07-18,-0.008395328048868889,1.0,-0.008395328048868889,-0.008395328048868889,0.5837288270803339,13.557460300779656
2023-07-19,0.0006941479051021382,1.0,0.0006941479051021382,0.0006941479051021382,0.5841340212227994,13.566871183445947
2023-07-20,0.027738909979558857,1.0,0.027738909979558857,0.027738909979558857,0.6003372622534964,13.943201401907826
2023-07-21,0.024291578586450813,1.0,0.024291578586450813,0.024291578586450813,0.6149204020379019,14.281903774508981
2023-07-24,-0.005270182515817012,0.0,-0.0,-0.001,0.614305481635864,14.206635534943983
2023-07-25,-0.0007945831882890664,0.0,-0.0,-0.0,0.614305481635864,14.195347181185767
2023-07-26,-0.014183268728325538,0.0,-0.0,-0.0,0.614305481635864,13.99401075742313
2023-07-27,-0.014791272557396762,0.0,-0.0,-0.0,0.614305481635864,13.787021530138942
2023-07-28,-0.005732163070744756,0.0,-0.0,-0.0,0.614305481635864,13.707992074468317
2023-07-31,0.00617746860748869,0.0,0.0,0.0,0.614305481635864,13.792672765180049
2023-08-01,-0.015416346312505214,0.0,-0.0,-0.0,0.614305481635864,13.580040145256975
2023-08-02,-0.003602643401481198,0.0,-0.0,-0.0,0.614305481635864,13.531116103235815
2023-08-03,-0.02517023795931217,0.0,-0.0,-0.0,0.614305481635864,13.19053469106229
2023-08-04,-0.013266856557278661,1.0,-0.013266856557278661,-0.014266856557278662,0.6055412734470151,13.015537759402159
2023-08-07,-0.007662219548544513,1.0,-0.007662219548544513,-0.007662219548544513,0.6009014832641589,12.915809851547248
2023-08-08,0.0010199037585369997,1.0,0.0010199037585369997,0.0010199037585369997,0.6015143449454505,12.92898273455939
2023-08-09,0.0030560479262462525,1.0,0.0030560479262462525,0.0030560479262462525,0.6033526016119285,12.968494325433815
2023-08-10,-0.009140876056307312,1.0,-0.009140876056307312,-0.009140876056307312,0.5978374302623433,12.8499509261681
2023-08-11,0.009225202488852391,1.0,0.009225202488852391,0.009225202488852391,0.6033526016119285,12.968494325433817
2023-08-14,-0.005223392302305618,1.0,-0.005223392302305618,-0.005223392302305618,0.6002010542770927,12.900754792001852
2023-08-15,-0.017648810298161677,1.0,-0.017648810298161677,-0.017648810298161677,0.5896082197293997,12.67307181797471
2023-08-16,0.003118068976732946,1.0,0.003118068976732946,0.003118068976732946,0.5914466588277647,12.712587330050246
2023-08-17,-0.000739910529678256,1.0,-0.000739910529678256,-0.000739910529678256,0.591009041217155,12.703181152825287
2023-08-18,0.00473988450725682,1.0,0.00473988450725682,0.00473988450725682,0.593810355815269,12.763392764364442
2023-08-21,-0.011056752531866443,1.0,-0.011056752531866443,-0.011056752531866443,0.5872447416601599,12.622271089101849
2023-08-22,0.006558908335209779,1.0,0.006558908335209779,0.006558908335209779,0.5910964260910428,12.705059408157437
2023-08-23,0.005479903081818227,1.0,0.005479903081818227,0.005479903081818227,0.5943355772180309,12.774681902362882
2023-08-24,-0.009868842302461434,1.0,-0.009868842302461434,-0.009868842302461434,0.5884701731317238,12.648610581204355
2023-08-25,0.011008718113102889,1.0,0.011008718113102889,0.011008718113102889,0.5949484753856998,12.787855569615244
2023-08-28,0.0008827401667750312,1.0,0.0008827401667750312,0.0008827401667750312,0.5954736603020844,12.799143923373462
2023-08-29,-0.0006215519460935903,1.0,-0.0006215519460935903,-0.0006215519460935903,0.5951035424896761,12.791188590559557
2023-08-30,-0.006221347083013917,1.0,-0.006221347083013917,-0.006221347083013917,0.5914011968015167,12.711610166733399
2023-08-31,-0.004322522636129866,1.0,-0.004322522636129866,-0.004322522636129866,0.5888448517413079,12.656663944046036
2023-09-01,0.001047788122990223,1.0,0.001047788122990223,0.001047788122990223,0.5894618363832463,12.669925446203287
2023-09-05,-0.01001939319256917,1.0,-0.01001939319256917,-0.01001939319256917,0.5835557864725087,12.542980481437239
2023-09-06,-0.00770386072752316,1.0,-0.00770386072752316,-0.00770386072752316,0.5790601539667842,12.446351106700204
2023-09-07,0.008524890544362451,1.0,0.008524890544362451,0.008524890544362451,0.5839965783979527,12.552454887561527
2023-09-08,0.00875465766330863,1.0,0.00875465766330863,0.00875465766330863,0.5891092685183704,12.662347332936253
2023-09-11,0.010474478951636668,1.0,0.010474478951636668,0.010474478951636668,0.5952798811516802,12.794978823553407
2023-09-12,0.002961484761963451,1.0,0.002961484761963451,0.002961484761963451,0.5970427934488143,12.832870958369005
2023-09-13,0.010335171495682749,1.0,0.010335171495682749,0.010335171495682749,0.6032133331093693,12.965500880505715
2023-09-14,0.012421304549089074,0.0,0.0,-0.001,0.6026101197762599,13.126549315573959
2023-09-15,-0.009237767251711548,-1.0,0.009237767251711548,0.008237767251711547,0.6075742816865027,13.005289308178574
2023-09-18,-0.0058274898032948386,-1.0,0.0058274898032948386,0.0058274898032948386,0.611114914617775,12.929501117346264
2023-09-19,-0.009524974101787431,-1.0,0.009524974101787431,0.009524974101787431,0.6169357683527255,12.806347954054509
2023-09-20,-0.0035510921745657287,-1.0,0.0035510921745657287,0.0035510921745657287,0.6191265641319325,12.7608714320501
2023-09-21,-0.006532901793034229,-1.0,0.006532901793034229,0.006532901793034229,0.623171257172865,12.67750591219098
2023-09-22,0.011806807591676849,-1.0,-0.011806807591676849,-0.011806807591676849,0.6158135940427616,12.827186785238565
2023-09-25,-0.003397244689413159,-1.0,0.003397244689413159,0.003397244689413159,0.6179056635047918,12.783609693052302
2023-09-26,-0.03156970006680726,-1.0,0.03156970006680726,0.03156970006680726,0.6374127599712197,12.380034969271511
2023-09-27,-0.08233846597471284,0.0,-0.0,-0.001,0.6367753472112485,11.360681881188393
2023-09-28,-0.048032037603718325,1.0,-0.048032037603718325,-0.049032037603718326,0.6055529544416658,10.81500518186727
2023-09-29,0.003679147211137268,1.0,0.003679147211137268,0.003679147211137268,0.6077808729051958,10.854795178020574
2023-10-02,-0.08971913555517486,1.0,-0.08971913555517486,-0.08971913555517486,0.553251298381172,9.880912338020087
2023-10-03,0.012080549590518297,1.0,0.012080549590518297,0.012080549590518297,0.5599348781272844,10.000279189519103
2023-10-04,-0.04092451184957813,1.0,-0.04092451184957813,-0.04092451184957813,0.5370198165723722,9.59102264532854
2023-10-05,-0.02311340425357944,1.0,-0.02311340425357944,-0.02311340425357944,0.5246074604597518,9.369341461721826
2023-10-06,0.015975769710128818,1.0,0.015975769710128818,0.015975769710128818,0.5329884684362723,9.519023903249856
2023-10-09,-0.01831223919999958,1.0,-0.01831223919999958,-0.01831223919999958,0.5232282561114259,9.34470926058303
2023-10-10,0.045823377564627066,1.0,0.045823377564627066,0.045823377564627066,0.5472043420437012,9.772915401262393
2023-10-11,0.03799910685877084,1.0,0.03799910685877084,0.03799910685877084,0.5679976183106031,10.14427745791669
2023-10-12,-0.01008591617610477,1.0,-0.01008591617610477,-0.01008591617610477,0.5622688419440952,10.041963125808993
2023-10-13,0.02811318622540493,1.0,0.02811318622540493,0.02811318622540493,0.5780760106064123,10.32427470523351
2023-10-16,-0.0020187343653672585,1.0,-0.0020187343653672585,-0.0020187343653672585,0.5769090286980068,10.303432737088563
2023-10-17,-0.003861667144158032,1.0,-0.003861667144158032,-0.003861667144158032,0.5746811980567156,10.263644309415707
2023-10-18,-0.017168074907011555,1.0,-0.017168074907011555,-0.017168074907011555,0.5648150282008267,10.087437295092736
2023-10-19,-0.015965558676382385,1.0,-0.015965558676382385,-0.015965558676382385,0.5557974407267838,9.926385723063605
2023-10-20,-0.00820765646588284,1.0,-0.00820765646588284,-0.00820765646588284,0.5512356462686815,9.844913359100856
2023-10-23,-0.008468196090617663,1.0,-0.008468196090617663,-0.008468196090617663,0.54656767472394,9.761544702280847
2023-10-24,0.06987599396359134,1.0,0.06987599396359134,0.06987599396359134,0.5847596342636442,10.443642340972751
2023-10-25,0.024310627434689813,1.0,0.024310627434689813,0.024310627434689813,0.5989755078710731,10.697533838985292
2023-10-26,0.01965979000682805,1.0,0.01965979000682805,0.01965979000682805,0.6107512405750516,10.90784510785068
2023-10-27,-0.023102126810885082,0.0,-0.0,-0.001,0.6101404893344765,10.65585068693562
2023-10-30,0.017069607373197737,0.0,0.0,0.0,0.6101404893344765,10.837741874389032
2023-10-31,0.019230769230769162,0.0,0.0,0.0,0.6101404893344765,11.04615998735805
2023-11-01,0.002229791410457649,-1.0,-0.002229791410457649,-0.003229791410457649,0.6081698628228516,11.070790620016403
2023-11-02,0.025329504360864785,-1.0,-0.025329504360864785,-0.025329504360864785,0.5927652216303336,11.351208259304329
2023-11-03,-0.008846531681625192,-1.0,0.008846531681625192,0.008846531681625192,0.5980091379432518,11.250789435813667
2023-11-06,-0.005725946025334716,-1.0,0.005725946025334716,0.005725946025334716,0.6014333059897718,11.186368022761792
2023-11-07,-0.00982378240650772,-1.0,0.00982378240650772,0.00982378240650772,0.6073416559198419,11.076475577387065
2023-11-08,-0.01642139561294631,-1.0,0.01642139561294631,0.01642139561294631,0.6173150535239235,10.894584389933653
2023-11-09,-0.048347896619158615,-1.0,0.048347896619158615,0.048347896619158615,0.6471609379131484,10.367854150140442
2023-11-10,0.007675269149538977,-1.0,-0.007675269149538977,-0.007675269149538977,0.6421938035315969,10.447430221245934
2023-11-13,-0.011606607614240816,-1.0,0.011606607614240816,0.011606607614240816,0.649647495021485,10.326170998090772
2023-11-14,0.05596318764751729,-1.0,-0.05596318764751729,-0.05596318764751729,0.6132911503528581,10.904056443337277
2023-11-15,-0.009556835365426064,-1.0,0.009556835365426064,0.009556835365426064,0.6191522729078531,10.79984817109299
2023-11-16,-0.0070176689627557964,-1.0,0.0070176689627557964,0.0070176689627557964,0.6234972785966582,10.724058411780236
2023-11-17,0.013604197490562076,-1.0,-0.013604197490562076,-0.013604197490562076,0.6150150984838012,10.869950620314418
2023-11-20,-0.0005228532390566532,-1.0,0.0005228532390566532,0.0005228532390566532,0.6153366611201122,10.8642672314242
2023-11-21,0.011161577447700077,-1.0,-0.011161577447700077,-0.011161577447700077,0.6084685333206109,10.985529591540251
2023-11-22,-0.0007303041156242474,-1.0,0.0007303041156242474,0.0007303041156242474,0.6089129003947227,10.977506814067237
2023-11-24,0.0013919496246257435,-1.0,-0.0013919496246257435,-0.0013919496246257435,0.6080653243115884,10.992786950556404
2023-11-27,0.0005213625597901839,-1.0,-0.0005213625597901839,-0.0005213625597901839,0.6077483018175857,10.998518178100174
2023-11-28,0.010072926341008648,-1.0,-0.010072926341008648,-0.010072926341008648,0.6016264979395041,11.109305441568422
2023-11-29,0.0034387307023193703,-1.0,-0.0034387307023193703,-0.0034387307023193703,0.5995576664297106,11.147507351271786
2023-11-30,0.0025702801186739954,-1.0,-0.0025702801186739954,-0.0025702801186739954,0.5980166352796877,11.176159567789533
2023-12-01,0.011280028635306083,-1.0,-0.011280028635306083,-0.011280028635306083,0.5912709905093435,11.302226967746948
2023-12-04,-0.00845008461880603,-1.0,0.00845008461880603,0.00845008461880603,0.5962672804117927,11.206722193488535
2023-12-05,-0.007499627359444538,-1.0,0.007499627359444538,0.007499627359444538,0.6007390628215106,11.122675953116554
2023-12-06,0.03383133062924859,-1.0,-0.03383133062924859,-0.03383133062924859,0.5804152609652911,11.498970880768432
2023-12-07,-0.005813854359149495,-1.0,0.005813854359149495,0.005813854359149495,0.583789710760371,11.432117538787544
2023-12-08,-0.0025062912816049554,-1.0,0.0025062912816049554,0.0025062912816049554,0.5852528578227404,11.403465322269797
2023-12-11,0.00016739128386578095,-1.0,-0.00016739128386578095,-0.00016739128386578095,0.5851548915954833,11.405374162970611
2023-12-12,-0.0031820336837486973,-1.0,0.0031820336837486973,0.0031820336837486973,0.5870168741707504,11.369081878208283
2023-12-13,0.05023522898421717,-1.0,-0.05023522898421717,-0.05023522898421717,0.5575279470791834,11.94021030970039
2023-12-14,0.004319419225829346,-1.0,-0.004319419225829346,-0.004319419225829346,0.5551197501456324,11.991785083672555
2023-12-15,-0.02038871466465908,-1.0,0.02038871466465908,0.02038871466465908,0.5664379283360685,11.74728799928164
2023-12-18,-0.008130142632488457,-1.0,0.008130142632488457,0.008130142632488457,0.5710431494858921,11.651780872302561
2023-12-19,0.009344291634082014,-1.0,-0.009344291634082014,-0.009344291634082014,0.5657071557614513,11.760658510829774
2023-12-20,-0.028098033874479955,-1.0,0.028098033874479955,0.028098033874479955,0.5816024145870723,11.430207129606288
2023-12-21,-0.004010736280504523,-1.0,0.004010736280504523,0.004010736280504523,0.5839350684920858,11.384363583177894
2023-12-22,0.002516804414089968,-1.0,-0.002516804414089968,-0.002516804414089968,0.582465418134163,11.413015799695641
2023-12-26,0.007698640530767742,-1.0,-0.007698640530767742,-0.007698640530767742,0.5779812262583447,11.500880505709471
2023-12-27,0.0061452450348267185,-1.0,-0.0061452450348267185,-0.0061452450348267185,0.5744293899974575,11.571556234533318
2023-12-28,0.007263107435881322,-1.0,-0.007263107435881322,-0.007263107435881322,0.5702572476235782,11.655601690665076
2023-12-29,-0.004588594553260106,-1.0,0.004588594553260106,0.004588594553260106,0.5728739269239808,11.602118860232322
2024-01-02,0.013664715256526794,-1.0,-0.013664715256526794,-0.013664715256526794,0.5650457678346762,11.760658510829776
2024-01-03,0.006821507650748515,-1.0,-0.006821507650748515,-0.006821507650748515,0.5611913038063688,11.840883932839242
2024-01-04,-0.003064931700027751,-1.0,0.003064931700027751,0.003064931700027751,0.5629113168231848,11.804592432317135
2024-01-05,0.004530679965395246,-1.0,-0.004530679965395246,-0.004530679965395246,0.5603609457977597,11.85807526274989
2024-01-08,0.01353093486621404,-1.0,-0.01353093486621404,-0.01353093486621404,0.5527787383386001,12.018526106768823
2024-01-09,-0.014462784706118836,-1.0,0.014462784706118836,0.014462784706118836,0.5607734582213113,11.844704751201757
2024-01-10,0.004354114904087325,-1.0,-0.004354114904087325,-0.004354114904087325,0.5583317861490533,11.896277956693478
2024-01-11,-0.025048097536741643,-1.0,0.025048097536741643,0.025048097536741643,0.572316935186378,11.59829882611003
2024-01-12,0.00526998826239411,-1.0,-0.00526998826239411,-0.00526998826239411,0.5693008316555764,11.65942172478737
2024-01-16,-0.011304044969999594,-1.0,0.011304044969999594,0.011304044969999594,0.5757362338580693,11.527623097286183
2024-01-17,-0.03446551852811097,-1.0,0.03446551852811097,0.03446551852811097,0.5955792816934095,11.130317589841585
2024-01-18,-0.010640208532896156,0.0,-0.0,-0.001,0.594983702411716,11.011888689648309
2024-01-19,-0.006764959291310824,1.0,-0.006764959291310824,-0.007764959291310824,0.5903636781834957,10.937393710942391
2024-01-22,-0.007160371029716117,1.0,-0.007160371029716117,-0.007160371029716117,0.5861364552052339,10.85907791387396
2024-01-23,0.009322779230920064,1.0,0.009322779230920064,0.009322779230920064,0.5916008759763064,10.960314699916367
2024-01-24,-0.006448187144110218,1.0,-0.006448187144110218,-0.006448187144110218,0.5877861228133916,10.889640539572964
2024-01-25,0.01701454161878435,1.0,0.01701454161878435,0.01701454161878435,0.597787034262944,11.07492278174713
2024-01-26,0.008623728477501258,1.0,0.008623728477501258,0.008623728477501258,0.6029421873337983,11.170429908726211
2024-01-29,0.01863878407987629,1.0,0.01863878407987629,0.01863878407987629,0.6141802965761614,11.378633139874351
2024-01-30,-0.004868180468873495,1.0,-0.004868180468873495,-0.004868180468873495,0.6111903560520023,11.323239900260338
2024-01-31,-0.010964932329460608,1.0,-0.010964932329460608,-0.010964932329460608,0.6044886951574732,11.199081341003735
2024-02-01,0.019102857830724185,1.0,0.019102857830724185,0.019102857830724185,0.6160361567613464,11.413015799695646
2024-02-02,-0.026778334220552646,1.0,-0.026778334220552646,-0.026778334220552646,0.5995397346636463,11.107394248146948
2024-02-05,-0.03748919298565201,1.0,-0.03748919298565201,-0.03748919298565201,0.5770634738482743,10.690987001610445
2024-02-06,0.004645369089234297,1.0,0.004645369089234297,0.004645369089234297,0.5797441466722152,10.740650582161132
2024-02-07,0.0026677155670213892,1.0,0.0026677155670213892,0.0026677155670213892,0.5812907391571822,10.7693035829191
2024-02-08,-0.0015963998060317675,1.0,-0.0015963998060317675,-0.0015963998060317675,0.5803627667339436,10.75211146876823
2024-02-09,0.005151920533482013,1.0,0.005151920533482013,0.005151920533482013,0.5833527495887486,10.807505492622465
2024-02-12,0.017143776430224467,1.0,0.017143776430224467,0.017143776430224467,0.5933536187076548,10.992786950556408
2024-02-13,-0.03996520825216765,1.0,-0.03996520825216765,-0.03996520825216765,0.5696401177688261,10.55345793080571
2024-02-14,0.013755599349628334,1.0,0.013755599349628334,0.013755599349628334,0.5774758590023291,10.69862706985503
2024-02-15,0.022495995463431173,1.0,0.022495995463431173,0.022495995463431173,0.5904667533066865,10.93930333588343
2024-02-16,-0.004190719008404842,1.0,-0.004190719008404842,-0.004190719008404842,0.5879922730597731,10.893459789455036
2024-02-20,-0.007364405347755509,1.0,-0.007364405347755509,-0.007364405347755509,0.5836620596196128,10.813235935926015
2024-02-21,0.008655609650245033,1.0,0.008655609650245033,0.008655609650245033,0.5887140105753382,10.906831085243391
2024-02-22,-0.0075306059393940306,1.0,-0.0075306059393940306,-0.0075306059393940306,0.5842806373506951,10.82469603829289
2024-02-23,0.0019409856607881526,1.0,0.0019409856607881526,0.0019409856607881526,0.585414717689669,10.845706618085607
2024-02-26,-0.01981695456663446,1.0,-0.01981695456663446,-0.01981695456663446,0.5738135808265737,10.630777742791958
2024-02-27,0.007434392740016005,1.0,0.007434392740016005,0.007434392740016005,0.5780795363459934,10.709811119663694
2024-02-28,-0.009359277619271245,1.0,-0.009359277619271245,-0.009359277619271245,0.5726691294793117,10.609575024144803
2024-02-29,0.0027252884951711742,1.0,0.0027252884951711742,0.0027252884951711742,0.5742298180694213,10.63848917689676
2024-03-01,0.00036232030958305295,1.0,0.00036232030958305295,0.00036232030958305295,0.574437873194876,10.64234371758883
2024-03-04,-0.004347005879032584,1.0,-0.004347005879032584,-0.004347005879032584,0.5719407883829589,10.596081386881785
2024-03-05,0.007822580704848647,1.0,0.007822580704848647,0.007822580704848647,0.5764148413584794,10.678970088685812
2024-03-06,0.00234648504222279,1.0,0.00234648504222279,0.00234648504222279,0.5777673901618423,10.704028132265258
2024-03-07,0.012965865784936081,1.0,0.012965865784936081,0.012965865784936081,0.5852586445975936,10.842815124386389
2024-03-08,0.027733486861781342,1.0,0.027733486861781342,0.027733486861781342,0.6014899075282849,11.143524195183282
2024-03-11,0.001037769211415851,0.0,0.0,-0.001,0.6008884176207566,11.155088601499711
2024-03-12,-0.012441656119404954,-1.0,0.012441656119404954,0.011441656119404953,0.6077635762613067,11.016300825138359
2024-03-13,0.041819735034277494,-1.0,-0.041819735034277494,-0.041819735034277494,0.582347064538574,11.476999606703538
2024-03-14,0.0,-1.0,-0.0,-0.0,0.582347064538574,11.476999606703538
2024-03-15,0.009069567310116655,-1.0,-0.009069567310116655,-0.009069567310116655,0.5770654286388925,11.581091027154718
2024-03-18,0.0014980421235468722,-1.0,-0.0014980421235468722,-0.0014980421235468722,0.5762009603187489,11.598439989350027
2024-03-19,0.01828167842137174,-1.0,-0.01828167842137174,-0.01828167842137174,0.565667039656116,11.810478939424902
2024-03-20,0.015178516646865647,-1.0,-0.015178516646865647,-0.015178516646865647,0.5570810530781124,11.989744490614418
2024-03-21,-0.013504721272534437,-1.0,0.013504721272534437,0.013504721272534437,0.5646042774261422,11.827826333139765
2024-03-22,0.006844764569325923,-1.0,-0.006844764569325923,-0.006844764569325923,0.5607396940723258,11.90878501975698
2024-03-25,0.013434793156776426,-1.0,-0.013434793156776426,-0.013434793156776426,0.55320627226767,12.068777083245934
2024-03-26,-0.018846870710650165,-1.0,0.018846870710650165,0.018846870710650165,0.5636324793574196,11.84131840192234
2024-03-27,0.038417796668091864,-1.0,-0.038417796668091864,-0.038417796668091864,0.5419789613699337,12.296235764569527
2024-03-28,0.0018810944711997735,-1.0,-0.0018810944711997735,-0.0018810944711997735,0.5409594477421942,12.319366145682828
2024-04-01,-0.00829287582954219,-1.0,0.00829287582954219,0.00829287582954219,0.5454455572711379,12.217203171938015
2024-04-02,-0.007888939001029271,-1.0,0.007888939001029271,0.007888939001029271,0.5497485440008323,12.120822401351415
2024-04-03,-0.00524810040078294,-1.0,0.00524810040078294,0.00524810040078294,0.5526336795549329,12.057211108449064
2024-04-04,0.01886481963343578,-1.0,-0.01886481963343578,-0.01886481963343578,0.5422083448667672,12.284668221292213
2024-04-05,0.007061225375724067,-1.0,-0.007061225375724067,-0.007061225375724067,0.5383796895430646,12.371413032268752
2024-04-08,0.010595162101117994,-1.0,-0.010595162101117994,-0.010595162101117994,0.5326754694604062,12.502490158765523
2024-04-09,0.00801722776869318,-1.0,-0.00801722776869318,-0.00801722776869318,0.5284048888949466,12.602725470044192
2024-04-10,-0.02095441183160085,-1.0,0.02095441183160085,0.02095441183160085,0.5394773025506827,12.338642770344281
2024-04-11,-0.0010936714640668033,-1.0,0.0010936714640668033,0.0010936714640668033,0.5400673134819941,12.325148348841042
2024-04-12,-0.01345008286758298,-1.0,0.01345008286758298,0.01345008286758298,0.5473312636023998,12.159374082193876
2024-04-15,-0.005231396635397512,-1.0,0.005231396635397512,0.005231396635397512,0.5501945705332574,12.095763573531748
2024-04-16,-0.01673305434859851,-1.0,0.01673305434859851,0.01673305434859851,0.5594010061842941,11.893364504268042
2024-04-17,0.03387361584326376,-1.0,-0.03387361584326376,-0.03387361584326376,0.5404520713984721,12.296235764569527
2024-04-18,0.0034487794953432793,-1.0,-0.0034487794953432793,-0.0034487794953432793,0.5385881713764172,12.338642770344281
2024-04-19,0.00453059775847886,-1.0,-0.00453059775847886,-0.00453059775847886,0.536148045014436,12.394544197622274
2024-04-22,0.015707590073096078,-1.0,-0.015707590073096078,-0.015707590073096078,0.5277264513048574,12.589232617021397
2024-04-23,0.013627175760753119,-1.0,-0.013627175760753119,-0.013627175760753119,0.5205350301993276,12.760788302586553
2024-04-24,0.005437964346315383,-1.0,-0.005437964346315383,-0.005437964346315383,0.5177043792640954,12.830181014406897
2024-04-25,0.005108308587022048,-1.0,-0.005108308587022048,-0.005108308587022048,0.5150597855379617,12.895721538255838
2024-04-26,-0.013602385756975366,-1.0,0.013602385756975366,0.013602385756975366,0.5220658274287541,12.720308959277947
2024-04-29,0.021669905278166146,-1.0,-0.021669905278166146,-0.021669905278166146,0.5107527103994055,12.995956849534508
2024-04-30,-0.006674512313324388,-1.0,0.006674512313324388,0.006674512313324388,0.5141617356540302,12.909215175518858
2024-05-01,0.0244887366294404,-1.0,-0.0244887366294404,-0.0244887366294404,0.5015705643246627,13.225345546044915
2024-05-02,0.003497886846550724,-1.0,-0.003497886846550724,-0.003497886846550724,0.4998161272450945,13.271606308271513
2024-05-03,0.0187364045041023,-1.0,-0.0187364045041023,-0.0187364045041023,0.49045137010735657,13.520268492482485
2024-05-06,0.015825560595913224,-1.0,-0.015825560595913224,-0.015825560595913224,0.48268970223037394,13.734234320783283
2024-05-07,0.009824476853773634,-1.0,-0.009824476853773634,-0.009824476853773634,0.4779475284232567,13.869165987972123
2024-05-08,0.01250867692132318,-1.0,-0.01250867692132318,-0.01250867692132318,0.47196903720486527,14.04265090448387
2024-05-09,0.023747493725307933,-1.0,-0.023747493725307933,-0.023747493725307933,0.4607609554553031,14.376128668724789
2024-05-10,-0.010592712500958723,-1.0,0.010592712500958723,0.010592712500958723,0.4656416637881081,14.223846470860197
2024-05-13,0.010706119345183174,-1.0,-0.010706119345183174,-0.010706119345183174,0.46065644856350296,14.376128668724789
2024-05-14,0.011263042050196015,-1.0,-0.011263042050196015,-0.011263042050196015,0.45546805561263826,14.538047610439664
2024-05-15,0.02161233392535067,-1.0,-0.02161233392535067,-0.02161233392535067,0.44562432790240775,14.852248750019132
2024-05-16,-0.00830630182330161,-1.0,0.00830630182330161,0.00830630182330161,0.44932581806977107,14.728881489146719
2024-05-17,-0.004188043672026631,-1.0,0.004188043672026631,0.004188043672026631,0.45120761421881633,14.667196290230068
2024-05-20,-0.0028910684751733973,-1.0,0.0028910684751733973,0.0028910684751733973,0.45251208632804263,14.624792421416204
2024-05-21,0.014234711710275016,-1.0,-0.014234711710275016,-0.014234711710275016,0.44607070723374787,14.83297212535768
2024-05-22,-0.00818713858422615,-1.0,0.00818713858422615,0.00818713858422615,0.4497227499322344,14.711532526951412
2024-05-23,-0.013102750567968502,-1.0,0.013102750567968502,0.013102750567968502,0.45561535494933736,14.518770985778213
2024-05-24,0.017126836422593827,-1.0,-0.017126836422593827,-0.017126836422593827,0.447812105293498,14.767431601508738
2024-05-28,0.012009087510302496,-1.0,-0.012009087510302496,-0.012009087510302496,0.4424342905328556,14.944774979913664
2024-05-29,-0.01096368070861753,-1.0,0.01096368070861753,0.01096368070861753,0.44728499882880157,14.780925238771754
2024-05-30,0.01969232329940085,-1.0,-0.01969232329940085,-0.01969232329940085,0.4384769180248927,15.071995997237922
2024-05-31,0.02340462331379456,-1.0,-0.02340462331379456,-0.02340462331379456,0.4282145309267265,15.424750386140294
2024-06-03,-0.022577230481381272,-1.0,0.022577230481381272,0.022577230481381272,0.43788242908693575,15.07650224155463
2024-06-04,-0.007206280454228331,-1.0,0.007206280454228331,0.007206280454228331,0.44103793267691493,14.967856738133186
2024-06-05,-0.0012962512560381612,-1.0,0.0012962512560381612,0.0012962512560381612,0.44160962865110787,14.948454635036182
2024-06-06,-0.004542558112961781,-1.0,0.004542558112961781,0.004542558112961781,0.443615666052499,14.880550411157557
2024-06-07,-0.01707936133164123,-1.0,0.01707936133164123,0.01707936133164123,0.4511923383053864,14.626400113871695
2024-06-10,0.020957718458491703,-1.0,-0.020957718458491703,-0.020957718458491703,0.44173637630855356,14.932936089519469
2024-06-11,-0.05495639525876361,-1.0,0.05495639525876361,0.05495639525876361,0.4660126152051404,14.112275751409982
2024-06-12,-0.006599003558687255,0.0,-0.0,-0.001,0.4655466025899353,14.019148793505252
2024-06-13,0.012731755098570163,1.0,0.012731755098570163,0.011731755098570162,0.47100828131849176,14.197637162634576
2024-06-14,-0.001639776743783239,1.0,-0.001639776743783239,-0.001639776743783239,0.47023593289265636,14.174356207398615
2024-06-17,-0.010265686651066308,1.0,-0.010265686651066308,-0.010265686651066308,0.4654086381535085,14.028846708092864
2024-06-18,-0.025860812134932187,1.0,-0.025860812134932187,-0.025860812134932187,0.453372792796246,13.666049338905113
2024-06-20,0.028677058204233052,1.0,0.028677058204233052,0.028677058204233052,0.46637419076347963,14.057951431218816
2024-06-21,0.004830084045314598,1.0,0.004830084045314598,0.004830084045314598,0.46862681730143285,14.125852518136554
2024-06-24,0.014283691841340485,1.0,0.014283691841340485,0.014283691841340485,0.4753205383483547,14.32762184250184
2024-06-25,-0.011780553635225566,1.0,-0.011780553635225566,-0.011780553635225566,0.4697209992524176,14.158834524921017
2024-06-26,0.005344017898100795,1.0,0.005344017898100795,0.005344017898100795,0.47223119667953634,14.234499590038443
2024-06-27,0.004770287495438286,1.0,0.004770287495438286,0.004770287495438286,0.4744838752520126,14.302402245436625
2024-06-28,-0.03947366689491716,1.0,-0.03947366689491716,-0.03947366689491716,0.4557542568133052,13.737833983403144
2024-07-01,-0.0128512368858813,1.0,-0.0128512368858813,-0.0128512368858813,0.44989725089724864,13.56128582458352
2024-07-02,0.00815439971409182,1.0,0.00815439971409182,0.00815439971409182,0.45356589291133587,13.671869969834221
2024-07-03,0.019298848615187936,1.0,0.019298848615187936,0.019298848615187936,0.4623191924156443,13.935721318668586
2024-07-05,0.0036197551901522296,1.0,0.0036197551901522296,0.0036197551901522296,0.4639926747118978,13.986165218240352
2024-07-08,0.0002775592193622334,1.0,0.0002775592193622334,0.0002775592193622334,0.46412146015648065,13.990047207340197
2024-07-09,0.00013857292977825786,1.0,0.00013857292977825786,0.00013857292977825786,0.4641857748269875,13.991985849169454
2024-07-10,0.01081548622662698,1.0,0.01081548622662698,0.01081548622662698,0.4692061696812249,14.143315979404306
2024-07-11,0.024691232065265467,1.0,0.024691232065265467,0.024691232065265467,0.48079144810327834,14.492531876424156
2024-07-12,0.017402978726397844,0.0,0.0,-0.001,0.4803106566551751,14.744745100361207
2024-07-15,-0.0661842109742129,-1.0,0.0661842109742129,0.0651842109742129,0.5116193278317488,13.76887577987791
2024-07-16,0.01310408942048169,-1.0,-0.01310408942048169,-0.01310408942048169,0.5049150224105948,13.949304359316933
2024-07-17,-0.013908111697118586,-1.0,0.013908111697118586,0.013908111697118586,0.5119374369398345,13.75529587619045
2024-07-18,0.01086008235285929,-1.0,-0.01086008235285929,-0.01086008235285929,0.5063777542151562,13.904679522193824
2024-07-19,0.0046045916870989245,-1.0,-0.0046045916870989245,-0.0046045916870989245,0.5040460914175653,13.968704893933491
2024-07-22,0.012500162813708249,-1.0,-0.012500162813708249,-0.012500162813708249,0.4977454332092324,14.143315979404303
2024-07-23,-0.010836834324234879,-1.0,0.010836834324234879,0.010836834324234879,0.5031394180045654,13.990047207340195
2024-07-24,0.045763597945219114,-1.0,-0.045763597945219114,-0.045763597945219114,0.48011394796861295,14.630282102971547
2024-07-25,-0.026124290940972572,-1.0,0.026124290940972572,0.026124290940972572,0.4926565844301639,14.248076356765015
2024-07-26,0.011165785997357958,-1.0,-0.011165785997357958,-0.011165785997357958,0.4871556864382274,14.40716732823867
2024-07-29,0.0010772495136319726,-1.0,-0.0010772495136319726,-0.0010772495136319726,0.48663089821194877,14.422687442235828
2024-07-30,-0.0008070405341844555,-1.0,0.0008070405341844555,0.0008070405341844555,0.4870236290719924,14.41104774885807
2024-07-31,0.02840604342404962,-1.0,-0.02840604342404962,-0.02840604342404962,0.4731892147160352,14.820408596998185
2024-08-01,0.026181577191663363,-1.0,-0.026181577191663363,-0.026181577191663363,0.4608003747646848,15.208430268692483
2024-08-02,0.010332722343190603,-1.0,-0.010332722343190603,-0.010332722343190603,0.4560390524366031,15.365574755934658
2024-08-05,-0.031818291319568925,-1.0,0.031818291319568925,0.031818291319568925,0.47054943586013104,14.876668422057714
2024-08-06,0.003782276102781701,-1.0,-0.003782276102781701,-0.003782276102781701,0.46876968797369983,14.932936089519469
2024-08-07,0.007665136762353919,-1.0,-0.007665136762353919,-0.007665136762353919,0.46517650420533546,15.047399086909126
2024-08-08,-0.0002578798234158519,-1.0,0.0002578798234158519,0.0002578798234158519,0.46529646384009715,15.043518666289726
2024-08-09,-0.0010316811074218002,-1.0,0.0010316811074218002,0.0010316811074218002,0.46577650141119115,15.027998552292567
2024-08-12,0.0015491720440983237,-1.0,-0.0015491720440983237,-0.0015491720440983237,0.46505493347640703,15.051279507528529
2024-08-13,0.0069605433046167065,-1.0,-0.0069605433046167065,-0.0069605433046167065,0.4618178984729189,15.156044590330572
2024-08-14,-0.0014080682330451788,-1.0,0.0014080682330451788,0.0014080682330451788,0.4624681695852102,15.13470384540431
2024-08-15,-0.007691145389323473,-1.0,0.007691145389323473,0.007691145389323473,0.4660250795154244,15.018300637704952
2024-08-16,0.014985069551493257,-1.0,-0.014985069551493257,-0.014985069551493257,0.45904166128614554,15.243350917306197
2024-08-19,0.009927307034683253,-1.0,-0.009927307034683253,-0.009927307034683253,0.4544846137728469,15.394676342099716
2024-08-20,-0.004662748728327393,-1.0,0.004662748728327393,0.004662748728327393,0.45660376132776065,15.322894834562579
2024-08-21,0.008356415086054003,-1.0,-0.008356415086054003,-0.008356415086054003,0.45278819076825233,15.450939304120137
2024-08-22,-0.009040598028788649,-1.0,0.009040598028788649,0.009040598028788649,0.45688166679317055,15.311253572704375
2024-08-23,0.00937651194616107,-1.0,-0.00937651194616107,-0.00937651194616107,0.4525977103865024,15.45481972473954
2024-08-26,0.012302185718978897,-1.0,-0.012302185718978897,-0.012302185718978897,0.44702976929734306,15.644947787246624
2024-08-27,-0.012772756852437728,-1.0,0.012772756852437728,0.012772756852437728,0.4527395718463793,15.44511867319104
2024-08-28,-0.0025121897768560775,-1.0,0.0025121897768560775,0.0025121897768560775,0.45387693957034997,15.40631760395792
2024-08-29,0.007807727768067485,-1.0,-0.007807727768067485,-0.007807727768067485,0.45033319198598104,15.526605937718008
2024-08-30,0.01251320948215806,-1.0,-0.01251320948215806,-0.01251320948215806,0.44469807841789155,15.720893610363593
2024-09-03,-0.007204124031017001,-1.0,0.007204124031017001,0.007204124031017001,0.447901738531169,15.607638342916111
2024-09-04,0.014387785024764899,-1.0,-0.014387785024764899,-0.014387785024764899,0.44145742460496407,15.832197688138265
2024-09-05,-0.009250273331449677,-1.0,0.009250273331449677,0.009250273331449677,0.4455410264467578,15.685745532085441
2024-09-06,-0.004357038577685324,-1.0,0.004357038577685324,0.004357038577685324,0.4474822658869278,15.61740213368239
2024-09-09,0.015129013911481914,-1.0,-0.015129013911481914,-0.015129013911481914,0.44071230046118304,15.853678027824078
2024-09-10,0.013671503028344745,-1.0,-0.013671503028344745,-0.013671503028344745,0.4346871009107992,16.070421634991877
2024-09-11,0.013730139039654476,-1.0,-0.013730139039654476,-0.013730139039654476,0.4287187865765496,16.291070758466187
2024-09-12,0.00035969661092805083,-1.0,-0.00035969661092805083,-0.00035969661092805083,0.4285645778819768,16.296930601406398
2024-09-13,0.014258343890489078,-1.0,-0.014258343890489078,-0.014258343890489078,0.4224539567512533,16.529297842280684
2024-09-16,-0.00011813920784098375,-1.0,0.00011813920784098375,0.00011813920784098375,0.4225038651270531,16.52734508412743
2024-09-17,0.0038988646856794595,-1.0,-0.0038988646856794595,-0.0038988646856794595,0.4208565797277462,16.59178296622397
2024-09-18,-0.008120528030479135,-1.0,0.008120528030479135,0.008120528030479135,0.424274157380237,16.457048927571122
2024-09-19,-0.023611865099455343,-1.0,0.023611865099455343,0.023611865099455343,0.4342920615494843,16.068467308358176
2024-09-20,0.005711589940776696,-1.0,-0.005711589940776696,-0.005711589940776696,0.4318115633793791,16.160243804600295
2024-09-23,0.024891292648120844,-1.0,-0.024891292648120844,-0.024891292648120844,0.4210632153864604,16.562493162405584
2024-09-24,-0.0062486392686678105,-1.0,0.0062486392686678105,0.0062486392686678105,0.4236942875287158,16.459000117243935
2024-09-25,0.003915245069469053,-1.0,-0.003915245069469053,-0.003915245069469053,0.4220354205585068,16.523441136301365
2024-09-26,-0.013708435974473243,-1.0,0.013708435974473243,0.013708435974473243,0.427820866100193,16.2969306014064
2024-09-27,0.012940379684179382,-1.0,-0.012940379684179382,-0.012940379684179382,0.42228470165604204,16.50781907107532
2024-09-30,-0.00011838793636431699,-1.0,0.00011838793636431699,0.00011838793636431699,0.42233469507042937,16.50586474444162
2024-10-01,0.008754142524213693,-1.0,-0.008754142524213693,-0.008754142524213693,0.4186375169568625,16.650359436899855
2024-10-02,0.001876483842315535,-1.0,-0.001876483842315535,-0.001876483842315535,0.4178519504205059,16.681603567351942
2024-10-03,-0.004447831835945215,-1.0,0.004447831835945215,0.004447831835945215,0.41971048562829805,16.607406599930457
2024-10-04,-0.014109461709028603,-1.0,0.014109461709028603,0.014109461709028603,0.4256323746541484,16.37308503242247
2024-10-07,-0.04245681025249981,-1.0,0.04245681025249981,0.04245681025249981,0.44370336762216045,15.677936067952864
2024-10-08,0.0026155453473075685,0.0,0.0,-0.001,0.4432596642545383,15.718942420690784
2024-10-09,0.000993936696779496,0.0,0.0,0.0,0.4432596642545383,15.734566054397272
2024-10-10,0.004467326958491391,0.0,0.0,0.0,0.4432596642545383,15.804857505512244
2024-10-11,0.011366698155646837,0.0,0.0,0.0,0.4432596642545383,15.98450655017041
2024-10-14,0.0128266116695408,0.0,0.0,0.0,0.4432596642545383,16.189533608418678
2024-10-15,-0.001447325780060571,0.0,-0.0,-0.0,0.4432596642545383,16.166102079060057
2024-10-16,0.019325970984750418,0.0,0.0,0.0,0.4432596642545383,16.478527698776485
2024-10-17,-0.007228314058400298,0.0,-0.0,-0.0,0.4432596642545383,16.35941572534968
2024-10-18,0.0071616728690651055,0.0,0.0,0.0,0.4432596642545383,16.476576509103676
2024-10-21,-0.004147817350579341,0.0,-0.0,-0.0,0.4432596642545383,16.408234679181067
2024-10-22,-0.003927454037431555,0.0,-0.0,-0.0,0.4432596642545383,16.34379209164319
2024-10-23,0.015053822672700168,0.0,0.0,0.0,0.4432596642545383,16.589828639590266
2024-10-24,-0.025305930118038167,0.0,-0.0,-0.0,0.4432596642545383,16.170007595366567
2024-10-25,-0.01666458764697587,0.0,-0.0,-0.0,0.4432596642545383,15.900541086541315
2024-10-28,0.017683867247938245,0.0,0.0,0.0,0.4432596642545383,16.1817241442861
2024-10-29,-0.03994216820383345,0.0,-0.0,-0.0,0.4432596642545383,15.535390996686992
2024-10-30,-0.0059075755648305694,1.0,-0.0059075755648305694,-0.0069075755648305695,0.44019781462885865,15.443614500444875
2024-10-31,0.0020231099689251852,1.0,0.0020231099689251852,0.0020231099689251852,0.44108838321593336,15.474858630896962
2024-11-01,-0.02397481002462254,1.0,-0.02397481002462254,-0.02397481002462254,0.43051337302426346,15.103851835063317
2024-11-04,0.013186725773260966,1.0,0.013186725773260966,0.013186725773260966,0.436190434816056,15.303022187332262
2024-11-05,0.0035728667933296876,1.0,0.0035728667933296876,0.0035728667933296876,0.4377488851361783,15.357697847142969
2024-11-06,-0.05251101726506291,1.0,-0.05251101726506291,-0.05251101726506291,0.41476224587103044,14.551249510340025
2024-11-07,0.0013419865777628548,1.0,0.0013419865777628548,0.0013419865777628548,0.41531885123795215,14.570777091872579
2024-11-08,0.031492804804784225,1.0,0.031492804804784225,0.031492804804784225,0.4283984067517362,15.029651730680943
2024-11-11,-0.013771640026753462,1.0,-0.013771640026753462,-0.013771640026753462,0.4224986581059166,14.822668777318533
2024-11-12,-0.021736156075704005,1.0,-0.021736156075704005,-0.021736156075704005,0.4133151613315509,14.500480935316274
2024-11-13,-0.00026955335377054634,1.0,-0.00026955335377054634,-0.00026955335377054634,0.41320375084364974,14.496572282048874
2024-11-14,0.014008760249332619,1.0,0.014008760249332619,0.014008760249332619,0.4189922231233434,14.699651287585217
2024-11-15,0.014213544181941318,1.0,0.014213544181941318,0.014213544181941318,0.42494758759859685,14.908585430620441
2024-11-18,0.0005240336938621137,1.0,0.0005240336938621137,0.0005240336938621137,0.42517027445262395,14.916398031713907
2024-11-19,0.009032507035944493,1.0,0.009032507035944493,0.009032507035944493,0.42901062794809175,15.05113050188631
2024-11-20,-0.002594624111413202,1.0,-0.002594624111413202,-0.002594624111413202,0.42789750662876513,15.01207847578209
2024-11-21,0.006243380460985826,1.0,0.006243380460985826,0.006243380460985826,0.4305690335609557,15.105804593216574
2024-11-22,-0.010996118412356592,1.0,-0.010996118412356592,-0.010996118412356592,0.4258344454832255,14.939699377195645
2024-11-25,0.008420935708750577,1.0,0.008420935708750577,0.008420935708750577,0.4294203699712112,15.06550562515907
2024-11-26,0.011090913633921673,1.0,0.011090913633921673,0.011090913633921673,0.4341830342072086,15.23259584689907
2024-11-27,0.013291919326090529,1.0,0.013291919326090529,0.013291919326090529,0.439954160070648,15.435066282022994
2024-11-29,0.0019106214885267203,1.0,0.0019106214885267203,0.0019106214885267203,0.44079474594284573,15.464556851338262
2024-12-02,-0.02033829233479445,1.0,-0.02033829233479445,-0.02033829233479445,0.4318297335402187,15.150034173267697
2024-12-03,-0.010120765474707083,1.0,-0.010120765474707083,-0.010120765474707083,0.4274592860820529,14.996704230466257
2024-12-04,-0.0072092744758947,1.0,-0.0072092744758947,-0.0072092744758947,0.4243776147614174,14.888588873435015
2024-12-05,0.006073407417434895,1.0,0.006073407417434895,0.006073407417434895,0.4269550329147027,14.979013339534074
2024-12-06,-0.012598512923957417,1.0,-0.012598512923957417,-0.012598512923957417,0.4215760344145782,14.790300046387824
2024-12-09,-0.007176898522752606,1.0,-0.007176898522752606,-0.007176898522752606,0.4185504259959603,14.684151563833835
2024-12-10,-0.007496669523598731,1.0,-0.007496669523598731,-0.007496669523598731,0.41541269177330714,14.574069332325337
2024-12-11,-0.0021579149016771604,1.0,-0.0021579149016771604,-0.0021579149016771604,0.4145162665353837,14.542619730935035
2024-12-12,-0.010273098320076057,1.0,-0.010273098320076057,-0.010273098320076057,0.4102579001739948,14.393221968607662
2024-12-13,0.005462952862729686,1.0,0.005462952862729686,0.005462952862729686,0.41249911974420783,14.47185146176497
2024-12-16,-0.011274165002107983,1.0,-0.011274165002107983,-0.011274165002107983,0.4078485366049873,14.308693420499035
2024-12-17,-0.007143869536988534,1.0,-0.007143869536988534,-0.007143869536988534,0.4049349198686296,14.206473981458224
2024-12-18,-0.024214692923282377,1.0,-0.024214692923282377,-0.024214692923282377,0.3951295451300968,13.862468576474612
2024-12-19,-0.010635368117678845,1.0,-0.010635368117678845,-0.010635368117678845,0.3909271969634672,13.715036120144049
2024-12-20,0.027232362646819608,1.0,0.027232362646819608,0.027232362646819608,0.401573068159681,14.088528957482042
2024-12-23,0.01144141703903867,1.0,0.01144141703903867,0.01144141703903867,0.4061676331041422,14.249721692751168
2024-12-24,0.005793914815429124,1.0,0.005793914815429124,0.005793914815429124,0.4085209337711321,14.33228336638254
2024-12-26,-0.0074064694927721275,1.0,-0.0074064694927721275,-0.0074064694927721275,0.4054952359379974,14.226131746867663
2024-12-27,-0.0035926094450402513,1.0,-0.0035926094450402513,-0.0035926094450402513,0.40403844992344773,14.17502281158748
2024-12-30,-0.004853484798323038,1.0,-0.004853484798323038,-0.004853484798323038,0.4020774554488063,14.106224553855558
2024-12-31,-0.0009756980577548813,1.0,-0.0009756980577548813,-0.0009756980577548813,0.4016851492564579,14.092461137956107
2025-01-02,-0.0011159976431269758,1.0,-0.0011159976431269758,-0.0011159976431269758,0.40123686957660853,14.07673398454029
2025-01-03,0.005306437755041582,1.0,0.005306437755041582,0.005306437755041582,0.4033660080500445,14.151431297223532
2025-01-06,-0.010418090209648567,1.0,-0.010418090209648567,-0.010418090209648567,0.39916370459067335,14.004000409373413
2025-01-07,-0.01136991485696126,1.0,-0.01136991485696126,-0.01136991485696126,0.39462524725548814,13.844776117061986
2025-01-08,0.003265822819227493,1.0,0.003265822819227493,0.003265822819227493,0.3959140233930184,13.889990702832183
2025-01-10,-0.046419712323104045,1.0,-0.046419712323104045,-0.046419712323104045,0.3775358083224318,13.245221330236124
2025-01-13,-0.006233199362434272,1.0,-0.006233199362434272,-0.006233199362434272,0.37518255236270026,13.162661225085195
2025-01-14,0.015233109981276138,1.0,0.015233109981276138,0.015233109981276138,0.38089774944589716,13.363169491173197
2025-01-15,0.019270127686984884,1.0,0.019270127686984884,0.019270127686984884,0.3882376977134048,13.620679473570926
2025-01-16,0.030018895676725776,1.0,0.030018895676725776,0.030018895676725776,0.39989216465883565,14.029557229734172
2025-01-17,-0.00854697892524059,1.0,-0.00854697892524059,-0.00854697892524059,0.39647429475512774,13.909646899761176
2025-01-21,0.0012718432796801071,1.0,0.0012718432796801071,0.0012718432796801071,0.39697854792247794,13.927337790693361
2025-01-22,-0.03330972091928497,1.0,-0.03330972091928497,-0.03330972091928497,0.3837553032802372,13.463422055736755
2025-01-23,0.010804386341797922,1.0,0.010804386341797922,0.010804386341797922,0.38790154383759073,13.608886069109618
2025-01-24,0.052000592867290196,1.0,0.052000592867290196,0.052000592867290196,0.4080726540912826,14.316556212966724
2025-01-27,0.013730682343557898,1.0,0.013730682343557898,0.013730682343557898,0.4136757700777026,14.51313229858066
2025-01-28,-0.04456181672754611,0.0,-0.0,-0.001,0.4132620943076249,13.866400756948678
2025-01-29,0.00496162107372311,0.0,0.0,0.0,0.4132620943076249,13.935200583161045
2025-01-30,0.005783653213571549,0.0,0.0,0.0,0.4132620943076249,14.015796950795608
2025-01-31,0.0036465236660896405,0.0,0.0,0.0,0.4132620943076249,14.06690588607579
2025-02-03,-0.007126726864814414,0.0,-0.0,-0.0,0.4132620943076249,13.966654889992679
2025-02-04,-0.016185833420273688,0.0,-0.0,-0.0,0.4132620943076249,13.740592940504806
2025-02-05,-0.010014555190036467,0.0,-0.0,-0.0,0.4132620943076249,13.602987014158295
2025-02-06,0.0010117936512858972,0.0,0.0,0.0,0.4132620943076249,13.616750430057744
2025-02-07,-0.014436573805516328,0.0,-0.0,-0.0,0.4132620943076249,13.42017120748292
2025-02-10,0.020946543666020334,0.0,0.0,0.0,0.4132620943076249,13.701277409685929
2025-02-11,0.009038642037790368,0.0,0.0,0.0,0.4132620943076249,13.825118351652543
2025-02-12,-0.014929650425289931,0.0,-0.0,-0.0,0.4132620943076249,13.61871416757411
2025-02-13,-0.009815215097899954,0.0,-0.0,-0.0,0.4132620943076249,13.485043558662552
2025-02-14,-0.007871803976983616,0.0,-0.0,-0.0,0.4132620943076249,13.378891939147675
2025-02-18,0.006464949003164522,1.0,0.006464949003164522,0.005464949003164522,0.41552055057795706,13.465385793253112
2025-02-19,0.008175200710822228,1.0,0.008175200710822228,0.008175200710822228,0.4189175144784032,13.57546802476161
2025-02-20,0.015638741783525534,1.0,0.015638741783525534,0.015638741783525534,0.42546885731592726,13.787771263791365
2025-02-21,0.020530393623682253,1.0,0.020530393623682253,0.020530393623682253,0.4342039004312416,14.070839635030296
2025-02-24,-0.0108968887641413,1.0,-0.0108968887641413,-0.0108968887641413,0.42947242882728603,13.9175112607093
2025-02-25,0.006779481463658366,1.0,0.006779481463658366,0.006779481463658366,0.43238402919767294,14.011864770321536
2025-02-26,-0.0037878071296698623,1.0,-0.0037878071296698623,-0.0037878071296698623,0.4307462418891226,13.958790529044542
2025-02-27,-0.022954610243222096,1.0,-0.022954610243222096,-0.022954610243222096,0.4208586297928251,13.638371932983544
2025-02-28,0.01972024583000631,1.0,0.01972024583000631,0.01972024583000631,0.42915806543201923,13.907323980223039
2025-03-03,0.020664053909267732,1.0,0.020664053909267732,0.020664053909267732,0.4380262108317035,14.19470567268402
2025-03-04,-0.010751302793941986,0.0,-0.0,-0.001,0.4375881846208718,14.042094093926108
2025-03-05,-0.005222015232543953,0.0,-0.0,-0.0,0.4375881846208718,13.968766064670811
2025-03-06,-0.006668708004773927,0.0,-0.0,-0.0,0.4375881846208718,13.875612442598527
2025-03-07,0.04027985203693385,0.0,0.0,0.0,0.4375881846208718,14.434520058708234
2025-03-10,0.04572313264483063,-1.0,-0.04572313264483063,-0.046723132644830634,0.4171426938270202,15.09451153401702
2025-03-11,-0.02796765427847414,-1.0,0.02796765427847414,0.02796765427847414,0.42880919647276566,14.67235345393119
2025-03-12,-0.014993850020022403,-1.0,0.014993850020022403,0.014993850020022403,0.43523869725188463,14.452358386802189
2025-03-13,-0.0026055317409723333,-1.0,0.0026055317409723333,0.0026055317409723333,0.43637272549247386,14.414702308293467
2025-03-14,0.011274576904135358,-1.0,-0.011274576904135358,-0.011274576904135358,0.4314528076400418,14.577221978018539
2025-03-17,-0.019578538495887088,-1.0,0.019578538495887088,0.019578538495887088,0.4399000230435809,14.291821276358812
2025-03-18,-0.019553462563749124,-1.0,0.019553462563749124,0.019553462563749124,0.448501591675956,14.012366684063737
2025-03-19,-0.0028289444006590614,-1.0,0.0028289444006590614,0.0028289444006590614,0.44977037774241435,13.972726477792873
2025-03-20,0.009219900031969708,-1.0,-0.009219900031969708,-0.009219900031969708,0.44562353982228803,14.10155361909218
2025-03-21,-0.003794859576959575,-1.0,0.003794859576959575,0.003794859576959575,0.44731461858010124,14.048040203290759
2025-03-24,-0.011427722879506552,-1.0,0.011427722879506552,0.011427722879506552,0.45242640608118684,13.887503092847385
2025-03-25,-0.02112170919887746,-1.0,0.02112170919887746,0.02112170919887746,0.46198242506432685,13.594175291021752
2025-03-26,0.016620555505365786,0.0,0.0,-0.001,0.4615204426392625,13.82011803599585
2025-03-27,0.004302275605082784,0.0,0.0,0.0,0.4615204426392625,13.879575992681481
2025-03-28,0.00599736084932867,0.0,0.0,0.0,0.4615204426392625,13.96281681834527
2025-03-31,0.006245583922050102,0.0,0.0,0.0,0.4615204426392625,14.050022762572459
2025-04-01,0.00042298667441276194,0.0,0.0,0.0,0.4615204426392625,14.055965734976223
2025-04-02,-0.006203748070360393,0.0,-0.0,-0.0,0.4615204426392625,13.968766064670811
2025-04-03,0.023552527907551024,0.0,0.0,0.0,0.4615204426392625,14.297765817243022
2025-04-04,-0.07249771821740125,0.0,-0.0,-0.0,0.4615204426392625,13.261210419886146
2025-04-07,-0.027649336815688708,1.0,-0.027649336815688708,-0.02864933681568871,0.44829818803076454,12.894546746402993
2025-04-08,-0.01460173428095024,1.0,-0.01460173428095024,-0.01460173428095024,0.44175225701050785,12.706264001138726
2025-04-09,0.05412570851570542,1.0,0.05412570851570542,0.05412570851570542,0.4656624109096136,13.393999542787961
2025-04-10,-0.01272560666785727,1.0,-0.01272560666785727,-0.01272560666785727,0.4597365742283717,13.223552772896982
2025-04-11,-0.013639266950190354,1.0,-0.013639266950190354,-0.013639266950190354,0.45346610436570495,13.04319320659751
2025-04-14,0.02856713382873477,1.0,0.02856713382873477,0.02856713382873477,0.46642033125591503,13.415799852484424
2025-04-15,-0.00044309999773184394,1.0,-0.00044309999773184394,-0.00044309999773184394,0.46621366040819345,13.409855311600218
2025-04-16,-0.0298551952937125,1.0,-0.0298551952937125,-0.0298551952937125,0.4522947605281103,13.009501462411965
2025-04-17,0.01020702745952673,1.0,0.01020702745952673,0.01020702745952673,0.4569113455686208,13.142289801073558
2025-04-21,-0.024581289283500007,1.0,-0.024581289283500007,-0.024581289283500007,0.4456798756062853,12.819235373625776
2025-04-22,0.030303026595343452,1.0,0.030303026595343452,0.030303026595343452,0.45918532472979195,13.207697004084727
2025-04-23,0.009453731615533867,1.0,0.009453731615533867,0.009453731615533867,0.4635263395515792,13.332559026820634
2025-04-24,-0.013676336008257572,1.0,-0.013676336008257572,-0.013676336008257572,0.4571869975831941,13.150218469719908
2025-04-25,-0.0039185119363553955,1.0,-0.0039185119363553955,-0.0039185119363553955,0.4553955048760179,13.09868918168063
2025-04-28,0.0015129567653595632,1.0,0.0015129567653595632,0.0015129567653595632,0.4560844985860344,13.118506932095396
2025-04-29,0.01601466887426728,1.0,0.01601466887426728,0.01601466887426728,0.463388540809576,13.328595476737684
2025-04-30,-0.005501910146843092,1.0,-0.005501910146843092,-0.005501910146843092,0.46083901869496496,13.255262742041054
2025-05-01,-0.012410215001215197,1.0,-0.012410215001215197,-0.012410215001215197,0.4551199073920114,13.090762081514727
2025-05-02,0.01574559649888574,1.0,0.01574559649888574,0.01574559649888574,0.4622860418124163,13.296883939113172
2025-05-05,-0.014756431038277729,1.0,-0.014756431038277729,-0.014756431038277729,0.455464349716453,13.100669388241666
2025-05-06,0.006656781753925367,1.0,0.006656781753925367,0.006656781753925367,0.458496276489209,13.187877685189521
2025-05-07,0.012323294553083564,1.0,0.012323294553083564,0.012323294553083564,0.46414646115587754,13.35039578643415
2025-05-08,0.014251718962483784,1.0,0.014251718962483784,0.014251718962483784,0.4707613460777025,13.540661875220337
2025-05-09,0.029127597987300025,0.0,0.0,-0.001,0.4702905847316248,13.935068830803715
2025-05-12,-0.008817889345629992,-1.0,0.008817889345629992,0.007817889345629991,0.47396726448334825,13.81219093582995
2025-05-13,0.0347251455440476,-1.0,-0.0347251455440476,-0.0347251455440476,0.4575086822410499,14.291821276358819
2025-05-14,0.0011094295475471139,-1.0,-0.0011094295475471139,-0.0011094295475471139,0.45700110859071236,14.307677045171074
2025-05-15,0.03269151860244679,-1.0,-0.03269151860244679,-0.03269151860244679,0.4420610483478803,14.775416735451085
2025-05-16,0.006036170527390583,-1.0,-0.006036170527390583,-0.006036170527390583,0.43939269247653545,14.864603670479529
2025-05-19,-0.015200157263745906,-1.0,0.015200157263745906,0.015200157263745906,0.4460715305027195,14.638659357024984
2025-05-20,0.007446678567066156,-1.0,-0.007446678567066156,-0.007446678567066156,0.44274977919714653,14.747668747909525
2025-05-21,-0.03856997911198279,-1.0,0.03856997911198279,0.03856997911198279,0.4598266289326155,14.178851472352214
2025-05-22,-0.06429985403543081,-1.0,0.06429985403543081,0.06429985403543081,0.4893934140545869,13.267153392289913
2025-05-23,0.012249776943072055,-1.0,-0.012249776943072055,-0.012249776943072055,0.48339845389500974,13.429673062014986
2025-05-27,0.004132339992705125,-1.0,-0.004132339992705125,-0.004132339992705125,0.4814008871315676,13.485169037098105
2025-05-28,-0.01219886803307113,-1.0,0.01219886803307113,0.01219886803307113,0.48727343302468895,13.320665239610888
2025-05-29,0.02648433010861062,-1.0,-0.02648433010861062,-0.02648433010861062,0.4743683225713071,13.673454135083038
2025-05-30,0.02391655360095002,-1.0,-0.02391655360095002,-0.02391655360095002,0.46302306715793773,14.000476033814882
2025-06-02,0.0010987952239154275,-1.0,-0.0010987952239154275,-0.0010987952239154275,0.4625142996231819,14.01585969001338
2025-06-03,0.011403938339838104,-1.0,-0.011403938339838104,-0.011403938339838104,0.45723981506898576,14.175695689698115
2025-06-04,-0.015080904723721478,-1.0,0.015080904723721478,0.015080904723721478,0.46413540515593316,13.961913373609308
2025-06-05,0.023182581378487388,-1.0,-0.023182581378487388,-0.023182581378487388,0.4533755483552685,14.285586566592396
2025-06-06,0.009230762474177645,-1.0,-0.009230762474177645,-0.009230762474177645,0.44919054635680095,14.417453422992914
2025-06-09,-0.003603029072709818,-1.0,0.003603029072709818,0.003603029072709818,0.45080899295451093,14.36550691915543
2025-06-10,0.012656475379219767,-1.0,-0.012656475379219767,-0.012656475379219767,0.4451033400344513,14.547323603787733
2025-06-11,0.002609547517420374,-1.0,-0.002609547517420374,-0.002609547517420374,0.44394182171846885,14.585285535983108
2025-06-12,0.011506839828106186,-1.0,-0.011506839828106186,-0.011506839828106186,0.4388334542829568,14.753116080492859
2025-06-13,0.012730181704366572,-1.0,-0.012730181704366572,-0.012730181704366572,0.4332470246719799,14.940925928903145
2025-06-16,-0.013372514220165499,-1.0,0.013372514220165499,0.013372514220165499,0.43904062667025034,14.741128184456448
2025-06-17,-0.026023397724068587,-1.0,0.026023397724068587,0.026023397724068587,0.45046595551511465,14.357513942810861
2025-06-18,-0.004035603679488187,-1.0,0.004035603679488187,0.004035603679488187,0.4522838575826756,14.299572706714951
2025-06-20,-0.0005588564097703808,-1.0,0.0005588564097703808,0.0005588564097703808,0.4525366193155214,14.291581298850826
2025-06-23,-0.011184036589291346,-1.0,0.011184036589291346,0.011184036589291346,0.45759780542394035,14.131743730685645
2025-06-24,0.009472541715821237,-1.0,-0.009472541715821237,-0.009472541715821237,0.45326319112299385,14.26560726269186
2025-06-25,-0.014846000248263436,-1.0,0.014846000248263436,0.014846000248263436,0.4599923365709345,14.053820053728309
2025-06-26,0.009240805120450002,-1.0,-0.009240805120450002,-0.009240805120450002,0.45574163703178205,14.183688666042684
2025-06-27,-0.0014086112837747855,-1.0,0.0014086112837747855,0.0014086112837747855,0.456383599844191,14.163709362142148
2025-06-30,-0.020736392538336035,-1.0,0.020736392538336035,0.020736392538336035,0.465847349318619,13.870005125009863
2025-07-01,0.05243449674130507,0.0,0.0,-0.001,0.4653815019693004,14.597271863539078
2025-07-02,-0.0005475664507239575,0.0,-0.0,-0.0,0.4653815019693004,14.589278887194506
2025-07-03,0.011777623418581351,0.0,0.0,0.0,0.4653815019693004,14.761105919876544
2025-07-07,0.011775897938250957,0.0,0.0,0.0,0.4653815019693004,14.934931196644722
2025-07-08,-0.03063544702318688,0.0,-0.0,-0.0,0.4653815019693004,14.477392903174971
2025-07-09,0.016422932410045554,0.0,0.0,0.0,0.4653815019693004,14.715154148297486
2025-07-10,0.013441997742435152,0.0,0.0,0.0,0.4653815019693004,14.912955217138487
2025-07-11,-0.0032156417295091666,0.0,-0.0,-0.0,0.4653815019693004,14.865000496031955
2025-07-14,0.008602320950023223,0.0,0.0,0.0,0.4653815019693004,14.992874001221077
2025-07-15,-0.004530982953707907,-1.0,0.004530982953707907,0.003530982953707907,0.46702475611972505,14.924941544694454
2025-07-16,0.0009370984858245723,-1.0,-0.0009370984858245723,-0.0009370984858245723,0.4665871079279227,14.938927684817006
2025-07-17,0.00548346105537334,-1.0,-0.00548346105537334,-0.00548346105537334,0.46402859569266064,15.020844712985738
2025-07-18,0.01024195635108005,-1.0,-0.01024195635108005,-0.01024195635108005,0.4592760350699234,15.17468754889249
2025-07-21,0.0028967096892225097,-1.0,-0.0028967096892225097,-0.0028967096892225097,0.4579456457291087,15.218644213346291
2025-07-22,0.0179861575968574,-1.0,-0.0179861575968574,-0.0179861575968574,0.4497089631742303,15.492369146578039
2025-07-23,-0.06087183039999444,-1.0,0.06087183039999444,0.06087183039999444,0.4770835709099294,14.549320279393434
2025-07-24,-0.011672519186753938,-1.0,0.011672519186753938,0.011672519186753938,0.48265233804506064,14.379493059277987
2025-07-25,-0.001667360036545329,-1.0,0.001667360036545329,0.001667360036545329,0.48345709326506214,14.355517267205165
2025-07-28,-0.007098279158699761,-1.0,0.007098279158699761,0.007098279158699761,0.4868888066743111,14.253617798175009
2025-07-29,0.008550615442056708,-1.0,-0.008550615442056708,-0.008550615442056708,0.4827256077253972,14.375495002625259
2025-07-30,-0.013342590049771785,-1.0,0.013342590049771785,0.013342590049771785,0.48916641761580415,14.183688666042688
2025-07-31,0.0009861827153951896,0.0,0.0,-0.001,0.48867725119818833,14.197676374645686
2025-08-01,-0.009287918172019127,0.0,-0.0,-0.0,0.48867725119818833,14.065809518245167
2025-08-04,0.0018464964739377532,1.0,0.0018464964739377532,0.0008464964739377532,0.48909091476822125,14.091781985923687
2025-08-05,0.009216022567234416,1.0,0.009216022567234416,0.009216022567234416,0.4935983876761545,14.221652166718506
2025-08-06,-0.008991245653404145,1.0,-0.008991245653404145,-0.008991245653404145,0.48916032331843395,14.093781798490273
2025-08-07,0.028919737162499848,1.0,0.028919737162499848,0.028919737162499848,0.5033067112991265,14.501370263728235
2025-08-08,-0.0023423312339313496,1.0,-0.0023423312339313496,-0.0023423312339313496,0.5021278002690033,14.4674032512247
2025-08-11,0.0005523733406302966,1.0,0.0005523733406302966,0.0005523733406302966,0.5024051622794612,14.475394659088826
2025-08-12,-0.008143523479268278,1.0,-0.008143523479268278,-0.008143523479268278,0.49831381404433284,14.357513942810861
2025-08-13,0.006123048932937358,1.0,0.006123048932937358,0.006123048932937358,0.501365013911685,14.445425703238023
2025-08-14,-0.0008298748879185247,1.0,-0.0008298748879185247,-0.0008298748879185247,0.5009489436769587,14.433437807201612
2025-08-15,0.0438815632688736,1.0,0.0438815632688736,0.0438815632688736,0.5229313664433947,15.066799621525682
2025-08-18,0.00411087462659987,1.0,0.00411087462659987,0.00411087462659987,0.52508107172916,15.128737345793876
2025-08-19,0.010433183480666575,1.0,0.010433183480666575,0.010433183480666575,0.5305593388927353,15.286578238353357
2025-08-20,-0.004313311971641642,1.0,-0.004313311971641642,-0.004313311971641642,0.528270870944623,15.220642457432431
2025-08-21,-0.0013125421923525504,1.0,-0.0013125421923525504,-0.0013125421923525504,0.5275774931375173,15.20066472201234
2025-08-22,0.003154468343464112,1.0,0.003154468343464112,0.003154468343464112,0.5292417196383438,15.248614737677538
2025-08-25,-0.013102681645764225,1.0,-0.013102681645764225,-0.013102681645764225,0.5223072338722657,15.048816993230842
2025-08-26,-0.006372804475888283,1.0,-0.006372804475888283,-0.006372804475888283,0.5189786719944557,14.952913824939557
2025-08-27,-0.012693824307359769,1.0,-0.012693824307359769,-0.012693824307359769,0.5123908479128911,14.763104163962684
2025-08-28,-0.0168159721030674,1.0,-0.0168159721030674,-0.0168159721030674,0.5037744977085209,14.51484821618681
2025-08-29,-0.0005547821431901578,1.0,-0.0005547821431901578,-0.0005547821431901578,0.5034950126129977,14.506795637585354
2025-09-02,0.008327540783282572,1.0,0.008327540783282572,0.008327540783282572,0.5076878878647118,14.627601569892091
2025-09-03,-0.01403993364765277,1.0,-0.01403993364765277,-0.01403993364765277,0.5005599836053742,14.422231014426504
2025-09-04,-0.010610074960027305,1.0,-0.010610074960027305,-0.010610074960027305,0.4952490046573312,14.26921006227261
2025-09-05,0.0004233043150219107,1.0,0.0004233043150219107,0.0004233043150219107,0.49545864569801296,14.275250280463924
2025-09-08,-0.015938009026158273,1.0,-0.015938009026158273,-0.015938009026158273,0.48756202133078985,14.047731212643221
2025-09-09,0.00429989366106498,1.0,0.00429989366106498,0.00429989366106498,0.48965848617568614,14.108134963036811
2025-09-10,0.01384325284701271,1.0,0.01384325284701271,0.01384325284701271,0.49643695240850166,14.30343744252991
2025-09-11,0.003941532328811448,1.0,0.003941532328811448,0.003941532328811448,0.4983936747056364,14.359814903622773
2025-09-12,0.00448682940043077,1.0,0.00448682940043077,0.00448682940043077,0.5006298820982944,14.424244943317092
2025-09-15,-0.0019543691290362375,1.0,-0.0019543691290362375,-0.0019543691290362375,0.49965146651164843,14.396054644290215
2025-09-16,-0.023356498366535527,1.0,-0.023356498366535527,-0.023356498366535527,0.48798135785023206,14.059813217506294
2025-09-17,0.006873627770549451,1.0,0.006873627770549451,0.006873627770549451,0.49133556006306184,14.156455140086884
2025-09-18,0.006827035939827031,1.0,0.006827035939827031,0.006827035939827031,0.4946899255901274,14.253101768108806
2025-09-19,0.00409663962644613,1.0,0.00409663962644613,0.00409663962644613,0.4967164919421036,14.31149158961181
2025-09-22,0.01786708672573667,1.0,0.01786708672573667,0.01786708672573667,0.5055913685817368,14.567196251018055
2025-09-23,-0.0004146452129312195,1.0,-0.0004146452129312195,-0.0004146452129312195,0.505381727541055,14.56115603282674
2025-09-24,0.020879599922745573,1.0,0.020879599922745573,0.020879599922745573,0.5159338958203783,14.865187145204837
2025-09-25,0.011106579885190593,1.0,0.011106579885190593,0.011106579885190593,0.521664156849785,15.030288533741363
2025-09-26,0.016074894077425128,0.0,0.0,-0.001,0.5211424926929352,15.271898829874393
2025-09-29,0.004746245871825039,-1.0,-0.004746245871825039,-0.005746245871825039,0.5181478797956658,15.344383016650614
2025-09-30,-0.009447548651170146,-1.0,0.009447548651170146,0.009447548651170146,0.523043107098536,15.199416211578619
2025-10-01,0.04212470806568391,-1.0,-0.04212470806568391,-0.04212470806568391,0.5010100689062419,15.839687182260192
2025-10-02,-0.006228495475725904,-1.0,0.006228495475725904,0.006228495475725904,0.5041306078537175,15.741029762308571
2025-10-03,0.024046998723675328,-1.0,-0.024046998723675328,-0.024046998723675328,0.4920077797700935,16.11955428491214
2025-10-06,0.025605859351092386,-1.0,-0.025605859351092386,-0.025605859351092386,0.47940949776165726,16.532309324733898
2025-10-07,0.013396633029215899,-1.0,-0.013396633029215899,-0.013396633029215899,0.47298702464942366,16.75378660588284
2025-10-08,0.009974778917646754,-1.0,-0.009974778917646754,-0.009974778917646754,0.46826908364763015,16.920901923309952
2025-10-09,-0.003926739182464778,-1.0,0.003926739182464778,0.003926739182464778,0.4701078542063262,16.854457954725046
2025-10-10,-0.004300501297074044,-1.0,0.004300501297074044,0.004300501297074044,0.4721295536431052,16.78197533642927
2025-10-13,0.011397809544958726,-1.0,-0.011397809544958726,-0.011397809544958726,0.46674831091013474,16.973253095102084
2025-10-14,0.0040331884884696745,-1.0,-0.0040331884884696745,-0.0040331884884696745,0.46486582699555934,17.04170942409713
2025-10-15,0.013586887493433064,-1.0,-0.013586887493433064,-0.013586887493433064,0.45854974730462894,17.27325321273812
2025-10-16,-0.008625653346113649,-1.0,0.008625653346113649,0.008625653346113649,0.4625050384668266,17.124260118365395
2025-10-17,-0.0061141780363132,-1.0,0.0061141780363132,0.0061141780363132,0.4653328766147047,17.019559343261573
2025-10-20,0.002839188991673236,-1.0,-0.002839188991673236,-0.002839188991673236,0.4640117086339566,17.06788108879209
2025-10-21,-0.009201240163156932,-1.0,0.009201240163156932,0.009201240163156932,0.4682811918036144,16.91083541581791
2025-10-22,-0.013692130011794146,-1.0,0.013692130011794146,0.013692130011794146,0.47469295876386736,16.679290058696477
2025-10-23,0.004949387081716106,-1.0,-0.004949387081716106,-0.004949387081716106,0.47234351956597986,16.761842321445187
2025-10-24,0.013933893008452714,-1.0,-0.013933893008452714,-0.013933893008452714,0.4657619355011115,16.995400038976758
2025-10-27,0.019192045319573525,-1.0,-0.019192045319573525,-0.019192045319573525,0.4568230113268419,17.32157652674908
2025-10-28,-0.02859463541581775,-1.0,0.02859463541581775,0.02859463541581775,0.4698856987852889,16.826272361139505
2025-10-29,-0.02165849440619161,-1.0,0.02165849440619161,0.02165849440619161,0.48006271556397945,16.46184063532871
2025-10-30,-0.0014677849081984329,-1.0,0.0014677849081984329,0.0014677849081984329,0.48076734437287294,16.437678194083006
2025-10-31,-0.002939694095478229,-1.0,0.002939694095478229,0.002939694095478229,0.4821806532964246,16.389356448552487
2025-11-03,0.004668302646118061,-1.0,-0.004668302646118061,-0.004668302646118061,0.479929688076734,16.465866924629438
2025-11-04,-0.001100593314481424,-1.0,0.001100593314481424,0.001100593314481424,0.4804578954828524,16.44774470157505
2025-11-05,0.0055086483280279985,-1.0,-0.0055086483280279985,-0.0055086483280279985,0.4778112219002129,16.538349542925214
2025-11-06,-0.001704351573464269,-1.0,0.001704351573464269,0.001704351573464269,0.47862558020807744,16.510162380859228
2025-11-07,0.023536570362661324,-1.0,-0.023536570362661324,-0.023536570362661324,0.46736037556214044,16.898754979435285
2025-11-10,0.01000819939472608,-1.0,-0.01000819939472608,-0.01000819939472608,0.46268293973432045,17.067881088792095
2025-11-11,0.011678864716608395,-1.0,-0.011678864716608395,-0.011678864716608395,0.45727932827448065,17.267214563027256
2025-11-12,0.0015156853816478133,-1.0,-0.0015156853816478133,-0.0015156853816478133,0.4565862366812853,17.293386227722213
2025-11-13,-0.022121220613869563,-1.0,0.022121220613869563,0.022121220613869563,0.4666864815521685,16.910835415817917
2025-11-14,-0.0013098158837760998,-1.0,0.0013098158837760998,0.0013098158837760998,0.4672977549184491,16.888685334982355
2025-11-17,0.02229384485564312,-1.0,-0.02229384485564312,-0.02229384485564312,0.4568798912689069,17.265199065656226
2025-11-18,-0.012944515768928966,-1.0,0.012944515768928966,0.012944515768928966,0.4627939802259438,17.041709424097142
2025-11-19,-0.004371516601583747,-1.0,0.004371516601583747,0.004371516601583747,0.46481709179361447,16.967211308430336
2025-11-20,0.00035608601566461395,-1.0,-0.00035608601566461395,-0.00035608601566461395,0.46465157692738485,16.973253095102095
2025-11-21,-0.003021587746499743,-1.0,0.003021587746499743,0.003021587746499743,0.46605556243862045,16.921966921531695
2025-11-24,0.00898425352670107,-1.0,-0.00898425352670107,-0.00898425352670107,0.46186840110814265,17.073998162525186
2025-11-25,0.007123294114275147,-1.0,-0.007123294114275147,-0.007123294114275147,0.4585783766449593,17.195621273143445
2025-11-26,0.008369700333003882,-1.0,-0.008369700333003882,-0.008369700333003882,0.45474021305324563,17.339543470239484
2025-11-28,0.008767801342289161,-1.0,-0.008767801342289161,-0.008767801342289161,0.45075314120284454,17.491573142752532
2025-12-01,-0.019005690767412986,-1.0,0.019005690767412986,0.019005690767412986,0.45932001601698585,17.15913371256579
2025-12-02,-0.0008268758981397895,-1.0,0.0008268758981397895,0.0008268758981397895,0.4596998166677635,17.144945238465912
2025-12-03,0.004374468880818716,-1.0,-0.004374468880818716,-0.004374468880818716,0.4576888741252323,17.219945267874923
2025-12-04,-0.018363758185817924,-1.0,0.018363758185817924,0.018363758185817924,0.46609376193400737,16.90372235700265
2025-12-05,-0.003117897867642494,-1.0,0.003117897867642494,0.003117897867642494,0.4675469946804629,16.85101827711053
2025-12-08,-0.031035699529326055,-1.0,0.031035699529326055,0.031035699529326055,0.4820576427232052,16.328035137098947
2025-12-09,-0.011297299986993359,0.0,-0.0,-0.001,0.48157558508048204,16.14357242595697
2025-12-10,0.02046705501447077,1.0,0.02046705501447077,0.01946705501447077,0.4909504434888698,16.473983810929127
2025-12-11,-0.0007381595748093828,1.0,-0.0007381595748093828,-0.0007381595748093828,0.49058804371825154,16.461823382043836
2025-12-12,0.0054179947092991565,1.0,0.0054179947092991565,0.0054179947092991565,0.49324604714356246,16.551013454033168
2025-12-15,0.0,1.0,0.0,0.0,0.49324604714356246,16.551013454033168
2025-12-16,-0.004041693438182947,1.0,-0.004041693438182947,-0.004041693438182947,0.49125249783141267,16.484119331560724
2025-12-17,-0.012666025412358284,1.0,-0.012666025412358284,-0.012666025412358284,0.48503028120999553,16.275331057206827
2025-12-18,0.006974705141311599,1.0,0.006974705141311599,0.006974705141311599,0.4884132244060427,16.388846692408077
2025-12-19,-0.016202806255873226,1.0,-0.016202806255873226,-0.016202806255873226,0.48049955955818524,16.12330138469378
2025-12-22,0.0062861591070753065,1.0,0.0062861591070753065,0.0062861591070753065,0.4835200562404476,16.22465502252929
2025-12-23,-0.003123396744471041,1.0,-0.003123396744471041,-0.003123396744471041,0.4820098312708997,16.173978987851758
2025-12-24,0.008271626177113411,1.0,0.008271626177113411,0.008271626177113411,0.4859968364088661,16.307764095835754
2025-12-26,-0.0004970581429145637,1.0,-0.0004970581429145637,-0.0004970581429145637,0.4857552677238984,16.29965818889919
2025-12-29,-0.0017412422587130827,1.0,-0.0017412422587130827,-0.0017412422587130827,0.48490945012434505,16.2712765352581
2025-12-30,0.0032390869750087425,1.0,0.0032390869750087425,0.0032390869750087425,0.4864801140083015,16.32398061515022
2025-12-31,-0.0031043919906705852,1.0,-0.0031043919906705852,-0.0031043919906705852,0.4849698890387536,16.273304580472686
2026-01-02,0.008096708267133934,1.0,0.008096708267133934,0.008096708267133934,0.4888965487486447,16.405064780202988
2026-01-05,0.0048189112580119264,1.0,0.0048189112580119264,0.0048189112580119264,0.4912524978314127,16.484119331560724
2026-01-06,-0.003320103855413814,1.0,-0.003320103855413814,-0.003320103855413814,0.489621488519381,16.42939034341491
2026-01-07,-0.03306599757625939,1.0,-0.03306599757625939,-0.03306599757625939,0.4734316655667146,15.886136162140131
2026-01-08,0.014291058543430601,1.0,0.014291058543430601,0.014291058543430601,0.4801975052156424,16.113165864062186
2026-01-09,0.005032071118510784,1.0,0.005032071118510784,0.005032071118510784,0.482613893212819,16.19424846063451
2026-01-12,0.015396228944267287,1.0,0.015396228944267287,0.015396228944267287,0.4900443272044077,16.443578817514787
2026-01-13,0.006410293097021347,1.0,0.006410293097021347,0.006410293097021347,0.4931856549723206,16.548986977299027
2026-01-14,0.004164641576014594,1.0,0.004164641576014594,0.004164641576014594,0.4952395964557123,16.617907576505612
2026-01-15,0.0025616076551482347,0.0,0.0,-0.001,0.4947443568592566,16.660476135766135
2026-01-16,0.017520254331344187,-1.0,-0.017520254331344187,-0.018520254331344188,0.4855815655412259,16.95237191494605
2026-01-20,-0.0014348431507704706,-1.0,0.0014348431507704706,0.0014348431507704706,0.4862782989246831,16.928047920214574
2026-01-21,0.00407138493058512,-1.0,-0.00407138493058512,-0.00407138493058512,0.48429847278637056,16.99696851942116
2026-01-22,0.01454978935703255,-1.0,-0.01454978935703255,-0.01454978935703255,0.4772520320213963,17.24427083108685
2026-01-23,-0.003056324063126392,-1.0,0.003056324063126392,0.003056324063126392,0.47871066889103936,17.19156675119473
2026-01-26,0.007782110752363236,-1.0,-0.007782110752363236,-0.007782110752363236,0.4749852894473914,17.325353427659174
2026-01-27,0.019656076599310346,-1.0,-0.019656076599310346,-0.019656076599310346,0.46564894221446784,17.665901901743368
2026-01-28,0.00481920201493935,-1.0,-0.00481920201493935,-0.00481920201493935,0.4634048858938935,17.75103745178397
2026-01-29,0.006965855160224299,-1.0,-0.006965855160224299,-0.006965855160224299,0.4601768745782164,17.874688607616815
2026-01-30,-0.003175273964561076,-1.0,0.003175273964561076,0.003175273964561076,0.46163806222715764,17.817931574256413
2026-02-02,-0.01786118586661478,-1.0,0.01786118586661478,0.01786118586661478,0.46988346545970083,17.499682186649995
2026-02-03,0.028842728119233163,-1.0,-0.028842728119233163,-0.028842728119233163,0.4563307444177236,18.00442076213253
2026-02-04,0.01294750173666559,-1.0,-0.01294750173666559,-0.01294750173666559,0.4504224013118812,18.237533031217897
2026-02-05,-0.008447203302304307,-1.0,0.008447203302304307,0.008447203302304307,0.4542272109076747,18.083476881970707
2026-02-06,0.0029144881947269496,-1.0,-0.0029144881947269496,-0.0029144881947269496,0.45290337106376055,18.136180961862827
2026-02-09,0.00011173668471897713,-1.0,-0.00011173668471897713,-0.00011173668471897713,0.4528527651425798,18.138207438596968
2026-02-10,0.015087177304491162,-1.0,-0.015087177304491162,-0.015087177304491162,0.4460204951820446,18.41186179020872
2026-02-11,0.005835162474224109,-1.0,-0.005835162474224109,-0.005835162474224109,0.44341789312582347,18.51929799520755
2026-02-12,0.006239011433656572,-1.0,-0.006239011433656572,-0.006239011433656572,0.44065140382072354,18.634840107142942
2026-02-13,0.02034160256897999,-1.0,-0.02034160256897999,-0.02034160256897999,0.43168784809273925,19.013902618538932
2026-02-17,-0.01162054127618406,-1.0,0.01162054127618406,0.01162054127618406,0.436704294549928,18.792950778338856
2026-02-18,-0.01607160428686283,-1.0,0.01607160428686283,0.01607160428686283,0.44372283316230804,18.490917910046903
2026-02-19,0.004604266750586339,-1.0,-0.004604266750586339,-0.004604266750586339,0.4416798148751028,18.576055028567954
2026-02-20,0.005892591999979713,-1.0,-0.005892591999979713,-0.005892591999979713,0.43907717593141726,18.685516141820475
2026-02-23,0.020394886886598185,-1.0,-0.020394886886598185,-0.020394886886598185,0.43012224659380904,19.06660512995061
2026-02-24,0.01722304028430166,-1.0,-0.01722304028430166,-0.01722304028430166,0.42271423381354956,19.39499003818862
2026-02-25,-0.005957317415883678,-1.0,0.005957317415883678,0.005957317415883678,0.425232476680589,19.27944792625323
2026-02-26,-0.03280422720838283,-1.0,0.03280422720838283,0.03280422720838283,0.43918189946200237,18.647000536028234
2026-02-27,0.02630054042632679,-1.0,-0.02630054042632679,-0.02630054042632679,0.42763117816069096,19.137426727455782
2026-03-02,-0.011304248834115627,-1.0,0.011304248834115627,0.011304248834115627,0.4324652274078454,18.921092493683968
2026-03-03,-0.001294336131317686,-1.0,0.001294336131317686,0.001294336131317686,0.43302498277721785,18.896602240025388
2026-03-04,0.00010798730016237101,-1.0,-0.00010798730016237101,-0.00010798730016237101,0.43297822157842486,18.89864283308353
2026-03-05,-0.015874742945771292,-1.0,0.015874742945771292,0.015874742945771292,0.43985163954709955,18.59863173608439
2026-03-06,-0.0012070597944515704,-1.0,0.0012070597944515704,0.0012070597944515704,0.44038256677672044,18.57618207548395
2026-03-09,0.010876751372449256,-1.0,-0.010876751372449256,-0.010876751372449256,0.43559263508912904,18.778230589368338
2026-03-10,-0.005108148480769348,-1.0,0.005108148480769348,0.005108148480769348,0.4378177069462939,18.68230859931172
2026-03-11,0.0013109633645558283,-1.0,-0.0013109633645558283,-0.0013109633645558283,0.43724374397213345,18.706800421450744
2026-03-12,0.0007636645265669539,-1.0,-0.0007636645265669539,-0.0007636645265669539,0.4369098364353986,18.721086141338173
2026-03-13,0.011446645728555804,-1.0,-0.011446645728555804,-0.011446645728555804,0.4319086843224013,18.935379782051847
2026-03-16,0.0004310646169505272,-1.0,-0.0004310646169505272,-0.0004310646169505272,0.43172250377083626,18.94354215428441
2026-03-17,-0.003124285870418353,-1.0,0.003124285870418353,0.003124285870418353,0.4330713282893091,18.884357113196103
2026-03-18,-0.016967491274433533,-1.0,0.016967491274433533,0.016967491274433533,0.4404194622732653,18.56393694865466
2026-03-19,0.015941118077558825,-1.0,-0.015941118077558825,-0.015941118077558825,0.4333986836215122,18.859866859537522
2026-03-20,-0.03149008690075061,-1.0,0.03149008690075061,0.03149008690075061,0.4470464458314245,18.2659680131941
2026-03-23,0.008156438895704055,0.0,0.0,-0.001,0.44659939938559307,18.414953265164602
2026-03-24,0.015405046729592753,0.0,0.0,0.0,0.44659939938559307,18.69863648073773
2026-03-25,-0.005020677770528503,0.0,-0.0,-0.0,0.44659939938559307,18.604756652219695
2026-03-26,0.0,0.0,0.0,0.0,0.44659939938559307,18.604756652219695
2026-03-27,0.002632687340810458,0.0,0.0,0.0,0.44659939938559307,18.653737159536853
2026-03-30,0.007111570695455205,0.0,0.0,0.0,0.44659939938559307,18.78639453008134
2026-03-31,0.009016778113603241,0.0,0.0,0.0,0.44659939938559307,18.955787281113693
2026-04-01,-0.0003229504047306264,-1.0,0.0003229504047306264,-0.0006770495952693736,0.4462970294429915,18.94966550193927
2026-04-02,0.0032310439791469747,-1.0,-0.0032310439791469747,-0.0032310439791469747,0.4448550241130985,19.010892704566157
2026-04-06,-0.004508860137056092,-1.0,0.004508860137056092,0.004508860137056092,0.44686081319809123,18.925175248280688
2026-04-07,0.01013688957254022,-1.0,-0.01013688957254022,-0.01013688957254022,0.44233103448040667,19.11701765991348
2026-04-08,0.0053379318639990014,-1.0,-0.0053379318639990014,-0.0053379318639990014,0.43996990155701804,19.219062997624963
2026-04-09,0.00329192925237054,-1.0,-0.00329192925237054,-0.00329192925237054,0.4385215517679199,19.282330793309995
2026-04-10,-0.004233653211522914,-1.0,0.004233653211522914,0.004233653211522914,0.4403780999438841,19.20069609162125
2026-04-13,-0.018920089717096467,-1.0,0.018920089717096467,0.018920089717096467,0.44871009310426685,18.83741719893707
2026-04-14,-0.010725913842147383,-1.0,0.010725913842147383,0.010725913842147383,0.45352291890300517,18.635368685052686
2026-04-15,-0.0007666759166043979,-1.0,0.0007666759166043979,0.0007666759166043979,0.4538706240025563,18.62108139668481
2026-04-16,0.006466531649288676,-1.0,-0.006466531649288676,-0.006466531649288676,0.45093565524776136,18.741495208880455
2026-04-17,0.0016334663255117565,-1.0,-0.0016334663255117565,-0.0016334663255117565,0.45019906703994156,18.772108810193902
2026-04-20,0.00032611036065910426,-1.0,-0.00032611036065910426,-0.00032611036065910426,0.4500522524598208,18.778230589368327
2026-04-21,-0.015324445442308043,-1.0,0.015324445442308043,0.015324445442308043,0.45694905364882915,18.490464619198473
2026-04-22,-0.006622485659240618,-1.0,0.006622485659240618,0.006622485659240618,0.45997519220362204,18.368011782425135
2026-04-23,0.06944441005046231,0.0,0.0,-0.001,0.4595152170114184,19.64356752445559
2026-04-24,-0.010077892370680575,-1.0,0.010077892370680575,0.009077892370680574,0.46368664669413795,19.445601765167932
2026-04-27,-0.004722879578064831,-1.0,0.004722879578064831,0.004722879578064831,0.465876582888431,19.35376252970804
2026-04-28,0.017715926017774386,-1.0,-0.017715926017774386,-0.017715926017774386,0.457623147812566,19.69663235484992
2026-04-29,-0.024246244160990194,-1.0,0.024246244160990194,0.024246244160990194,0.46871879038815045,19.21906299762497
2026-04-30,0.0393968123365287,-1.0,-0.0393968123365287,-0.0393968123365287,0.45025276416462373,19.976232815826325
2026-05-01,-0.009501460500836889,-1.0,0.009501460500836889,0.009501460500836889,0.4545308230187265,19.78642942877123
2026-05-04,-0.014852916334490152,-1.0,0.014852916334490152,0.014852916334490152,0.4612819313044706,19.492543247907395
2026-05-05,0.008061935387519759,-1.0,-0.008061935387519759,-0.008061935387519759,0.45756310617886364,19.649690872110458
2026-05-06,-0.009243883149322007,-1.0,0.009243883149322007,0.009243883149322007,0.46179276606582187,19.46805142576837
2026-05-07,-0.0217003707527349,-1.0,0.0217003707527349,0.0217003707527349,0.47181384030038115,19.045587491995885
2026-05-08,-0.002357465802498626,-1.0,0.002357465802498626,0.002357465802498626,0.4729261252940349,19.00068817079501
2026-05-11,0.018689501153781984,-1.0,-0.018689501153781984,-0.018689501153781984,0.4640873719296984,19.355801554285733
2026-05-12,-0.002635959055077297,-1.0,0.002635959055077297,0.002635959055077297,0.4653106872400835,19.304780453910436
2026-05-13,0.002748710975531088,-1.0,-0.002748710975531088,-0.002748710975531088,0.46403168264703476,19.357843715824316
2026-05-14,0.008750681222533307,-1.0,-0.008750681222533307,-0.008750681222533307,0.45997108931503483,19.527238035337113
2026-05-15,-0.02424749479528998,-1.0,0.02424749479528998,0.02424749479528998,0.471124235909185,19.05375143270889
2026-05-18,-0.0462725054237747,-1.0,0.0462725054237747,0.0462725054237747,0.49292433467056446,18.172086616195614
2026-05-19,0.011455497514153423,0.0,0.0,-0.001,0.4924314103358939,18.380256909254424
2026-05-20,-0.01987564632779315,0.0,-0.0,-0.0,0.4924314103358939,18.014937423512105
2026-05-21,0.016087101769790113,1.0,0.016087101769790113,0.015087101769790112,0.4998607731382728,18.304745555220546
2026-05-22,-0.012710480705451555,1.0,-0.012710480705451555,-0.012710480705451555,0.4935073024258867,18.072083440022716
2026-05-26,-0.010163744540568453,1.0,-0.010163744540568453,-0.010163744540568453,0.48849142027512493,17.888403400622487
2026-05-27,0.0,1.0,0.0,0.0,0.48849142027512493,17.888403400622487
2026-05-28,-0.004563642061333861,1.0,-0.004563642061333861,-0.004563642061333861,0.4862621202829567,17.8067671304533
2026-05-29,-0.0027506681565678814,1.0,-0.0027506681565678814,-0.0027506681565678814,0.4849245745529492,17.75778662313614
2026-06-01,-0.038501366850238306,1.0,-0.038501366850238306,-0.038501366850238306,0.46625431561339037,17.07408756591052
2026-06-02,0.024145325389125727,1.0,0.024145325389125727,0.024145325389125727,0.4775121777779598,17.486346965911856
2026-06-03,-0.01283839365889372,1.0,-0.01283839365889372,-0.01283839365889372,0.4713816884627307,17.261850359907477
2026-06-04,0.013005361610931132,1.0,0.013005361610931132,0.013005361610931132,0.4775121777779598,17.486346965911856
2026-06-05,0.009205557904133466,1.0,0.009205557904133466,0.009205557904133466,0.4819079437804237,17.647318545438328
2026-06-08,-0.021318665886899346,1.0,-0.021318665886899346,-0.021318665886899346,0.47163430933872613,17.271101257568446
2026-06-09,0.009760738887906628,1.0,0.009760738887906628,0.009760738887906628,0.4762378086827596,17.439679967250168
2026-06-10,0.003418612628405926,1.0,0.003418612628405926,0.003418612628405926,0.47786588126964685,17.499299477421566
2026-06-11,-0.003289548868143699,1.0,-0.003289548868143699,-0.003289548868143699,0.4762939181007918,17.441734676632308
2026-06-12,0.01355494549173275,1.0,0.01355494549173275,0.01355494549173275,0.4827500561986919,17.678156439455325
2026-06-15,0.0015118605191555279,1.0,0.0015118605191555279,0.0015118605191555279,0.4834799069492788,17.704883346227593
2026-06-16,0.0012772945522918633,1.0,0.0012772945522918633,0.0012772945522918633,0.4840974532005677,17.727497697274693
2026-06-17,-0.005798445790734075,1.0,-0.005798445790734075,-0.005798445790734075,0.48129044036075175,17.62470576287168
2026-06-18,0.011897779110303874,1.0,0.011897779110303874,0.011897779110303874,0.48701672770806487,17.834400618922427
2026-06-22,-0.007723321832222574,1.0,-0.007723321832222574,-0.007723321832222574,0.4832553407822996,17.6966598032577
2026-06-23,0.004065967317333774,1.0,0.004065967317333774,0.004065967317333774,0.48522024120384744,17.76861384364372
2026-06-24,0.013768395663594557,1.0,0.013768395663594557,0.013768395663594557,0.4919009454687268,18.01325914943663
2026-06-25,0.00091296734937929,0.0,0.0,-0.001,0.49140904452325807,18.029704666895974
2026-06-26,0.00980616465538886,-1.0,-0.00980616465538886,-0.010806164655388861,0.4860987974749924,18.20650691954759
2026-06-29,0.0011292469091301882,-1.0,-0.0011292469091301882,-0.0011292469091301882,0.4855498719104119,18.227066561212546
2026-06-30,-0.010038427501479208,-1.0,0.010038427501479208,0.010038427501479208,0.49042402909793714,18.044095474973176
2026-07-01,-0.01595071151908234,-1.0,0.01595071151908234,0.01595071151908234,0.4982466413081044,17.7562793134291
2026-07-02,0.022808770738247386,-1.0,-0.022808770738247386,-0.022808770738247386,0.4868822478954061,18.16127821745339
2026-07-06,-0.01018784167753417,-1.0,0.01018784167753417,0.01018784167753417,0.4918425271525664,17.976253990312326
2026-07-07,0.011779491657574859,-1.0,-0.011779491657574859,-0.011779491657574859,0.48604887220713217,18.188005124225658
2026-07-08,-0.011642350684808678,-1.0,0.011642350684808678,0.011642350684808678,0.49170762362732334,17.976253990312326
2026-07-09,-0.003888425866787837,-1.0,0.003888425866787837,0.003888425866787837,0.4936195922699327,17.906354659308448
2026-07-10,0.009873715561626417,-1.0,-0.009873715561626417,-0.009873715561626417,0.4887457328202134,18.083156911960064
2026-07-13,0.004774876913561155,-1.0,-0.004774876913561155,-0.004774876913561155,0.4864120321039686,18.169501760423287
2026-07-14,0.01312518327855594,-1.0,-0.01312518327855594,-0.01312518327855594,0.4800277850337092,18.407979801108887
2026-07-15,-0.004914032129856194,-1.0,0.004914032129856194,0.004914032129856194,0.48238665699258854,18.317522396920495
2026-07-16,0.002805836187220745,-1.0,-0.002805836187220745,-0.002805836187220745,0.48103315905416627,18.368918364122003
2026-07-17,-0.00615551686352378,-1.0,0.00615551686352378,0.00615551686352378,0.48399416677663826,18.255848177366957
2026-07-20,-0.009009043066040445,-1.0,0.009009043066040445,0.009009043066040445,0.4883544910688413,18.09138045492996
2026-07-21,-0.0007954510775479706,-1.0,0.0007954510775479706,0.0007954510775479706,0.4887429531749874,18.076989646852756
2026-07-22,0.016831608686420862,-1.0,-0.016831608686420862,-0.016831608686420862,0.4805166230389003,18.38125446281706
2026-07-23,0.004250052990200315,-1.0,-0.004250052990200315,-0.004250052990200315,0.47847440192831286,18.45937576831039
2026-07-24,-0.00011139476699506545,-1.0,0.00011139476699506545,0.00011139476699506545,0.47852770147282875,18.457319490447805
2026-07-27,-0.010581387404309694,-1.0,0.010581387404309694,0.010581387404309694,0.4835911884658066,18.26201544247426
