Datetime,retorno_mensual_activo,retorno_estrategia_neto,equity_estrategia,equity_buy_and_hold
2023-08-28 09:30:00-04:00,0.0,0.00034818549619308205,1.000348185496193,1.0
2023-08-28 10:30:00-04:00,-0.0032149820213647207,0.00041529176062300385,1.000763621855384,0.9967850179786353
2023-08-28 11:30:00-04:00,-0.0005864377080229133,3.463269678403503e-05,1.0007982809984521,0.9962004656573004
2023-08-28 12:30:00-04:00,-0.0010121790522807927,4.931902182621207e-05,1.0008476393907164,0.9951921324140897
2023-08-28 13:30:00-04:00,0.0004258282477049846,7.16258320557465e-05,1.0009193259356488,0.9956159133359653
2023-08-28 14:30:00-04:00,-0.001981425396713421,0.0001450689874708881,1.0010645282888024,0.9936431746799094
2023-08-28 15:30:00-04:00,0.00022059547088093545,0.00020515688013522852,1.0012699035642403,0.9938623678639155
2023-08-29 09:30:00-04:00,-0.004337682533062104,0.0008966180628177984,1.0021676602455318,0.9895513084305644
2023-08-29 10:30:00-04:00,-0.007752993057323798,0.0006899413474752867,1.0028590971514377,0.9818793240064365
2023-08-29 11:30:00-04:00,0.003414207864714358,0.00021528675276989188,1.003074999429949,0.9852316641166597
2023-08-29 12:30:00-04:00,0.00037966249305743105,0.00011906851016858205,1.0031944340757186,0.9856057196264973
2023-08-29 13:30:00-04:00,0.00029648814822280656,0.00014072047003082217,1.003335604068014,0.9858979400411872
2023-08-29 14:30:00-04:00,-0.00022232847346959073,3.73237414044831e-05,1.003373052306642,0.985678746857181
2023-08-29 15:30:00-04:00,0.0008896247695062698,8.167287265386654e-05,1.0034550006661673,0.9865556310851611
2023-08-30 09:30:00-04:00,-0.0034809747136038682,0.0006006221129674274,1.0040576979289353,0.9831214558797902
2023-08-30 10:30:00-04:00,-0.0034931342255141162,0.0005157819074020655,1.0045755727235146,0.9796872806744192
2023-08-30 11:30:00-04:00,0.0018645584470904364,0.00014259829103149225,1.004718823483397,0.9815139648691078
2023-08-30 12:30:00-04:00,0.0005210456672049002,3.79476929223241e-05,1.004756950244784,0.9820253784678039
2023-08-30 13:30:00-04:00,-0.0036457608379981687,0.0003886028109982197,1.005147401620019,0.9784451488010657
2023-08-30 14:30:00-04:00,0.001120109718336204,0.00015825922937194963,1.0053064754732046,0.9795411147210967
2023-08-30 15:30:00-04:00,0.0008950851810589633,9.845835228537418e-05,1.0054054562923216,0.9804178874571216
2023-08-31 09:30:00-04:00,0.0035773663178531034,0.0006667729173197118,1.0060758334215028,0.9839252013851314
2023-08-31 10:30:00-04:00,0.003935829235730326,0.00047540257393182534,1.0065541244622818,0.9877977629585148
2023-08-31 11:30:00-04:00,0.0009778988538358124,0.00032523871947409753,1.0068814948368032,0.9887637292587336
2023-08-31 12:30:00-04:00,-0.0050413396845184755,0.0003631257498455156,1.0072471194346215,0.983779035431809
2023-08-31 13:30:00-04:00,-0.0011883813341853067,5.2691438260196445e-05,1.007300192734028,0.982609930789139
2023-08-31 14:30:00-04:00,-0.001487187348275909,0.0001948290512064884,1.0074964440748584,0.9811486057317792
2023-08-31 15:30:00-04:00,-0.005361939434379348,0.0005018496083590775,1.0080020557707405,0.9758877463317197
2023-09-01 09:30:00-04:00,0.0083108762402051,0.00042351271546866524,1.0084289574585779,0.9839982286158153
2023-09-01 10:30:00-04:00,-0.0036385646382005588,0.0002983807364818525,1.008729853233594,0.9804178874571218
2023-09-01 11:30:00-04:00,-0.004918679679130955,0.0004504392997852556,1.009184224802357,0.9755955259170299
2023-09-01 12:30:00-04:00,-0.0027711980537502567,0.00025839840064011057,1.0094449963919971,0.9728919574943612
2023-09-01 13:30:00-04:00,0.004881781337359836,0.00035670060885984215,1.0098050660368207,0.9776414032957247
2023-09-01 14:30:00-04:00,-0.0004484122363624943,0.00026342056337082037,1.010071069456211,0.9772030169277123
2023-09-01 15:30:00-04:00,0.00014946173808039198,6.150920694941592e-05,1.0101331981266557,0.9773490713890797
2023-09-05 09:30:00-04:00,-0.009868362138443665,0.0014789014129190548,1.0116270855406018,0.9677042368169406
2023-09-05 10:30:00-04:00,-0.003020304650405037,0.00035313370328125067,1.0119843251596583,0.9647814752102658
2023-09-05 11:30:00-04:00,0.0032566491702137323,0.0005097036338729228,1.0125001372476146,0.9679234300009469
2023-09-05 12:30:00-04:00,-0.005737106513419188,0.000448307688043644,1.012954048843288,0.9623703501861974
2023-09-05 13:30:00-04:00,0.0031888098666468245,0.0002460769068237643,1.013203313442382,0.9654391662542395
2023-09-05 14:30:00-04:00,0.0012108408189510644,8.720798868144041e-05,1.0132916728654724,0.9666081594049543
2023-09-05 15:30:00-04:00,0.0009827265054833667,9.457260435593806e-05,1.0133875024979475,0.967558070863618
2023-09-06 09:30:00-04:00,-0.007251208966941203,0.000604808157885545,1.0140004075265576,0.9605421051041354
2023-09-06 10:30:00-04:00,0.00114261186633291,0.00044631875258369135,1.0144529749235642,0.9616396319115398
2023-09-06 11:30:00-04:00,-0.0035711664654923814,0.00017483092244763312,1.0146303326729498,0.9582054567061689
2023-09-06 12:30:00-04:00,-0.0012200980849020882,0.00015109656972467272,1.0147836398357553,0.9570363520634989
2023-09-06 13:30:00-04:00,0.0019086884116261693,0.00031881279938475893,1.0151071658487412,0.9588630362581875
2023-09-06 14:30:00-04:00,-0.0016001787846896542,0.00025036167772246,1.0153613097818512,0.957328683970144
2023-09-06 15:30:00-04:00,0.0027476766799894303,0.0001658062657085174,1.0155296630489712,0.9599591136701737
2023-09-07 09:30:00-04:00,0.0033490822427562073,0.0006761241615949537,1.016216287190975,0.9631740956915384
2023-09-07 10:30:00-04:00,0.013912907994901191,0.001246871215307313,1.017483378028,0.976574648267967
2023-09-07 11:30:00-04:00,-0.0032472332643274093,0.00039907372043816746,1.0178894289051537,0.9734034825850124
2023-09-07 12:30:00-04:00,-0.004128532102673055,0.0005070345716308634,1.0184055340357063,0.9693847550583065
2023-09-07 13:30:00-04:00,-0.0029396200725939625,0.0002831642715324917,1.0186939100968762,0.9665351321742705
2023-09-07 14:30:00-04:00,0.0015875923480885845,0.00013247880730088226,1.0188288654510904,0.9680695959542691
2023-09-07 15:30:00-04:00,7.54359304215857e-05,0.00016209694383940518,1.0189940144964753,0.9681426231849528
2023-09-08 09:30:00-04:00,0.009689043153007004,0.0010484046377905246,1.0200623325471543,0.9775229988392572
2023-09-08 10:30:00-04:00,-0.0042889461321186095,0.00042883390206343197,1.0204997698575684,0.9733304553543286
2023-09-08 11:30:00-04:00,0.0027025042579933434,0.00026494966859477427,1.020770150933393,0.9759608850543583
2023-09-08 12:30:00-04:00,0.000883403528861848,0.00024877046911818467,1.0210240884027024,0.9768230523442465
2023-09-08 13:30:00-04:00,0.0009125277910082552,0.00012179058992048644,1.021148439528752,0.9777144305264082
2023-09-08 14:30:00-04:00,-0.0005230705231800137,1.717666860548509e-06,1.0211501935215863,0.977203016927712
2023-09-08 15:30:00-04:00,-0.0005981892311106574,0.00013655956602748957,1.0212896413488624,0.976618464606377
2023-09-11 09:30:00-04:00,0.015112890605467832,0.0011353138819611506,1.022449125656189,0.9913779926252532
2023-09-11 10:30:00-04:00,-0.004789177235432929,0.0006802770003309449,1.0231446742803814,0.9866301077112631
2023-09-11 11:30:00-04:00,0.003997699715199143,0.0002496522953558785,1.0234001046967967,0.9905743586118674
2023-09-11 12:30:00-04:00,-0.0009589501791615884,9.502425953851563e-05,1.0234973525339572,0.9896244471532036
2023-09-11 13:30:00-04:00,-0.002510309596588489,0.0001401410242039217,1.0236407865012114,0.9871401834064963
2023-09-11 14:30:00-04:00,-0.0012584264992860916,-1.489021986757601e-05,1.023625544264835,0.9858979400411875
2023-09-11 15:30:00-04:00,0.0009634987761755198,4.452732039065803e-05,1.0236711235674045,0.9868478514998511
2023-09-12 09:30:00-04:00,-0.0019991431759340816,0.00047574232141514637,1.0241581272440963,0.9848750013518399
2023-09-12 10:30:00-04:00,0.005254145055519244,0.000465382105002507,1.0246347521092085,0.9900496774704972
2023-09-12 11:30:00-04:00,-0.0005771389897083479,0.00011766552754137355,1.0247553162978527,0.9894782811998808
2023-09-12 12:30:00-04:00,0.0018461084284473461,0.0001539791540858081,1.0249131072546012,0.9913049653945695
2023-09-12 13:30:00-04:00,0.0007371276248644421,-5.99989341390103e-05,1.0248516135605807,0.9920356836692271
2023-09-12 14:30:00-04:00,-0.0013994434368945763,0.00011667169730411025,1.0249711847378196,0.990647385842551
2023-09-12 15:30:00-04:00,-0.0010325961628389058,0.0002567183183701658,1.0252343136167432,0.9896244471532035
2023-09-13 09:30:00-04:00,0.0045038437637023865,0.0005485171333295375,1.0257966722034393,0.9940815610479219
2023-09-13 10:30:00-04:00,0.0035280831809791913,0.00017414059823989145,1.0259753050496092,0.9975887634839766
2023-09-13 11:30:00-04:00,0.0035156795710149513,0.00023878225398563896,1.0262202897454824,1.0010959659200314
2023-09-13 12:30:00-04:00,0.00209921120042611,0.00021293839510234098,1.0264388114470022,1.0031974777843922
2023-09-13 13:30:00-04:00,0.0013648685654132908,5.4874284575839e-05,1.0264951365424413,1.004566710486722
2023-09-13 14:30:00-04:00,-0.006655222621164358,0.0005297139878809312,1.0270388853747596,0.9978810953906221
2023-09-13 15:30:00-04:00,0.0019769275770111783,0.00012178033035712199,1.02716395850951,0.9998538340466779
2023-09-14 09:30:00-04:00,0.001973138553688969,0.0005856844451097363,1.0277655524625864,1.0018266841946892
2023-09-14 10:30:00-04:00,0.005761748104559317,0.0006658656547062599,1.0284499062450614,1.007598957193445
2023-09-14 11:30:00-04:00,0.00239305181769911,0.00014022310338211721,1.028594118682588,1.0100101937094685
2023-09-14 12:30:00-04:00,0.0011575176666052123,4.5679846369055455e-05,1.0286411047039055,1.0111792983521386
2023-09-14 13:30:00-04:00,0.00021676984918839182,8.889871292675446e-05,1.0287325495741773,1.011398491536145
2023-09-14 14:30:00-04:00,0.0,0.00011642718287278872,1.0288523220068537,1.011398491536145
2023-09-14 15:30:00-04:00,0.0013004474566644664,8.880425738944041e-05,1.028943688473273,1.0127137621321374
2023-09-15 09:30:00-04:00,0.0004328827990738304,0.000763263843010085,1.0297290439871782,1.0131521485001498
2023-09-15 10:30:00-04:00,-0.0038222902444773332,0.000392876392663778,1.030133600219401,1.0092795869267663
2023-09-15 11:30:00-04:00,-0.0007963556538268524,0.00033588635810263053,1.0304796080427379,1.0084758414214252
2023-09-15 12:30:00-04:00,-0.0024634950453159554,0.000300491360325999,1.0307892582619467,1.0059914661827627
2023-09-15 13:30:00-04:00,0.0016706202684784177,7.052643700560719e-05,1.0308619561556356,1.0076720959160839
2023-09-15 14:30:00-04:00,0.0016677233081840992,8.972468749654617e-05,1.0309544499225036,1.0093526141574498
2023-09-15 15:30:00-04:00,-0.006225572709941729,0.0005406900582689403,1.031511876744105,1.0030688160680428
2023-09-18 09:30:00-04:00,0.0007284826952569379,0.0011891890305855204,1.0327385393528477,1.0037995343427002
2023-09-18 10:30:00-04:00,-0.0020381334207676405,0.0002663359076147241,1.0330135947090548,1.0017536569640053
2023-09-18 11:30:00-04:00,-0.0020422958922807766,0.00018693101345536054,1.0332066969872271,0.9997077795853104
2023-09-18 12:30:00-04:00,0.0007308203433260552,-9.838712786591574e-06,1.0331965315632863,1.0004383863680126
2023-09-18 13:30:00-04:00,-0.003286568465235673,0.00020637367852105516,1.0334097561321403,0.9971503771159642
2023-09-18 14:30:00-04:00,-0.0014655011830676523,0.00010078750038691311,1.0335139109183362,0.9956890520586044
2023-09-18 15:30:00-04:00,0.0018345930297334334,0.00011504756849349911,1.0336328141807916,0.9975157362532929
2023-09-19 09:30:00-04:00,-0.009229488178965517,0.001002911201857202,1.0346694561087406,0.9883091765572111
2023-09-19 10:30:00-04:00,-0.0005914670582856107,0.00026558391268204215,1.0349442476712265,0.9877246242358761
2023-09-19 11:30:00-04:00,0.0019973685980922973,0.00014751838343139936,1.0350969209735845,0.9896974743838874
2023-09-19 12:30:00-04:00,-0.001993387069356034,8.817334191949105e-05,1.0351881889283174,0.9877246242358763
2023-09-19 13:30:00-04:00,0.0013316166912513694,0.00019131310811039927,1.0353862339982205,0.9890398948318687
2023-09-19 14:30:00-04:00,0.0022901710785752094,0.0001246531730017719,1.0355152981775706,0.9913049653945697
2023-09-19 15:30:00-04:00,-0.0035379651656023414,0.0002209223952856241,1.0357440666975988,0.9877977629585151
2023-09-20 09:30:00-04:00,0.005473705311128452,0.0008633602576258735,1.0366382869618571,0.9932046768199418
2023-09-20 10:30:00-04:00,0.0008092445838199236,0.00013814077533917692,1.0367814889785643,0.994008422325283
2023-09-20 11:30:00-04:00,-0.0026462851228929996,0.000315575580429931,1.0371086718987275,0.9913779926252533
2023-09-20 12:30:00-04:00,0.0028745184956595615,0.00020451810076815795,1.0373207793945944,0.9942277270012444
2023-09-20 13:30:00-04:00,-0.009039545234956425,0.0007829828677844464,1.0381329837932574,0.9852403604891687
2023-09-20 14:30:00-04:00,0.0020765261561950243,0.0003857338609244672,1.038533426837249,0.9872862378678635
2023-09-20 15:30:00-04:00,-0.002960286493035036,0.00020038057027955196,1.038741528757573,0.9843635877531439
2023-09-21 09:30:00-04:00,0.002301050740683319,0.0010945506617979159,1.0398784839853115,0.986628658315845
2023-09-21 10:30:00-04:00,-0.0006664914367490171,0.0002302364874520206,1.0401179019548412,0.9859710787638263
2023-09-21 11:30:00-04:00,0.0005943396610454954,0.00011873739273717603,1.0402414028426585,0.9865570804805794
2023-09-21 12:30:00-04:00,0.0016279256892890448,0.00015507895136517797,1.040402722388578,0.9881631220958438
2023-09-21 13:30:00-04:00,-0.004362700182746648,0.00043746248287118597,1.0408578595467,0.9838520626624927
2023-09-21 14:30:00-04:00,-0.005569996539150135,0.00038839500131318896,1.0412621235364254,0.9783720100784269
2023-09-21 15:30:00-04:00,-0.0005973605370547252,0.0002853417074279795,1.0415592390486355,0.9777875692490471
2023-09-22 09:30:00-04:00,0.00807044173633198,0.0014591936996028038,1.0430790757280184,0.9856787468571812
2023-09-22 10:30:00-04:00,0.010266937200069659,0.0010548993812007485,1.0441794191995473,0.9957986486506072
2023-09-22 11:30:00-04:00,0.0008437482575860411,0.00033512863148467073,1.044529353619328,0.9966388520253127
2023-09-22 12:30:00-04:00,-0.0019061181706008234,0.00018140256515300731,1.044718833923452,0.9947391405999405
2023-09-22 13:30:00-04:00,-0.004407272706079102,0.000285761158333835,1.0450173739875672,0.9903550539359058
2023-09-22 14:30:00-04:00,0.0026560471313554768,0.0004932510041839806,1.0455328298566762,0.9929854836359358
2023-09-22 15:30:00-04:00,-0.0036791760298447995,0.00033852364420022785,1.0458867674403702,0.9893321152465586
2023-09-25 09:30:00-04:00,-0.011964513960214918,0.00048636090917747747,1.046395445879479,0.9774952373424022
2023-09-25 10:30:00-04:00,0.0019434482673665876,0.0004492743377665947,1.0468655645004685,0.9793949487677743
2023-09-25 11:30:00-04:00,0.0029095748223137985,0.00035135303085398614,1.0472333838894525,0.9822445716518103
2023-09-25 12:30:00-04:00,-0.001859704036456744,0.0001871383812108324,1.0474293614496635,0.9804178874571218
2023-09-25 13:30:00-04:00,0.002682967878985032,0.0004662867891917107,1.047917763923519,0.9830483171571516
2023-09-25 14:30:00-04:00,-0.0006689188522496226,0.0003170014144977994,1.0482499553369602,0.9823907376051328
2023-09-25 15:30:00-04:00,0.003644518440210076,0.00025097876053970403,1.0485130438114865,0.9859710787638263
2023-09-26 09:30:00-04:00,-0.020453606904471844,0.0017840668019805232,1.0503836611243942,0.9658044138996129
2023-09-26 10:30:00-04:00,0.0017401346578396204,0.0003517521831036231,1.050753135870291,0.9674850436329341
2023-09-26 11:30:00-04:00,-0.004588814769760696,0.0003907739048007806,1.0511637427761769,0.9630454339751887
2023-09-26 12:30:00-04:00,0.0037753817464212247,0.00037605889871746034,1.0515590422556569,0.966681298127593
2023-09-26 13:30:00-04:00,-0.0060468861171896204,0.0005578628443563006,1.0521456679739782,0.9608358864061983
2023-09-26 14:30:00-04:00,-0.006007553506713448,0.0005251171327382466,1.0526981676903677,0.9550636134074426
2023-09-26 15:30:00-04:00,-0.00022962310874663494,0.00013639329597885425,1.0528417486631299,0.9548443087314812
2023-09-27 09:30:00-04:00,-0.053564389337809604,0.004815767365318849,1.057911989597187,0.9036986564215964
2023-09-27 10:30:00-04:00,-0.005337976761597418,0.0015515436810368652,1.0595533862597397,0.8988747339941311
2023-09-27 11:30:00-04:00,-0.009429329087696892,0.0014507286595555205,1.0610905107235158,0.8903989483186844
2023-09-27 12:30:00-04:00,-0.010914178765741078,0.0015127814470015926,1.0626957087617277,0.8806809750239064
2023-09-27 13:30:00-04:00,0.00829668970486841,0.0008586439585698194,1.063608186011854,0.8879877118026607
2023-09-27 14:30:00-04:00,-0.013494605497583634,0.0014720442182802526,1.0651738642925883,0.8760046679451817
2023-09-27 15:30:00-04:00,0.0004170744183198405,0.0006197435074761526,1.0658339988793168,0.8763700270825104
2023-09-28 09:30:00-04:00,-0.026728387962528077,0.003747924912017636,1.069828664675792,0.8529460689999179
2023-09-28 10:30:00-04:00,-0.009544733093538538,0.0016131425250497699,1.0715544507892978,0.8448049264281308
2023-09-28 11:30:00-04:00,0.001470317980513336,0.0012000476449791021,1.0728403671844344,0.8460470583014843
2023-09-28 12:30:00-04:00,-0.006347703640556701,0.0006482608308610828,1.0735358475722467,0.8406766023094217
2023-09-28 13:30:00-04:00,0.0018686396707692232,0.0008659993715179958,1.0744655289415463,0.8422475239587845
2023-09-28 14:30:00-04:00,-0.002776088350337158,0.0006316786895340081,1.0751442459188176,0.8399093704194223
2023-09-28 15:30:00-04:00,-0.00687249505964338,0.0008388044504701414,1.0760460816971917,0.8341370974206666
2023-09-29 09:30:00-04:00,0.015942533605824538,0.0018721410565201001,1.0780605917454447,0.8474353561281605
2023-09-29 10:30:00-04:00,0.003362643372652796,0.0007951921920452634,1.0789178571105524,0.8502849790121965
2023-09-29 11:30:00-04:00,-0.010226024003777923,0.001261870004501214,1.080279311191761,0.8415899444067659
2023-09-29 12:30:00-04:00,-0.00477516105487541,0.000417299084441983,1.080730110759263,0.83757121688006
2023-09-29 13:30:00-04:00,-0.0032260033306305003,0.0005518145073347969,1.0813264733128936,0.8348692093447646
2023-09-29 14:30:00-04:00,0.0016610897488587018,0.00048128115455551635,1.081846895366421,0.8362560020300449
2023-09-29 15:30:00-04:00,0.0011359098844825333,0.000513856293751096,1.08240280920248,0.8372059134887087
2023-10-02 09:30:00-04:00,-0.07348575697668769,0.006244526553788088,1.0891619022864396,0.7756832031906316
2023-10-02 10:30:00-04:00,-0.0089487994052867,0.002511672112686163,1.0918975198626126,0.7687417698032284
2023-10-02 11:30:00-04:00,-0.00807906550249693,0.0014080799342993352,1.0934349988506422,0.7625310546904827
2023-10-02 12:30:00-04:00,-0.028459191292957153,0.0028518023211926923,1.096553259318438,0.7408300375382258
2023-10-02 13:30:00-04:00,-0.0010849256436902266,0.0016167420616781715,1.0983261030956484,0.7400262920328846
2023-10-02 14:30:00-04:00,0.007800167111463585,0.002056670585392287,1.100584998085054,0.7457986207776178
2023-10-02 15:30:00-04:00,0.0217497915875442,0.0020476261898154527,1.102838584751251,0.7620195853458089
2023-10-03 09:30:00-04:00,-0.010211932419761705,0.004315044468261132,1.1075973822857668,0.7542378928377227
2023-10-03 10:30:00-04:00,-0.0028578171305981837,0.002080668444846785,1.1099019252086837,0.7520824188670248
2023-10-03 11:30:00-04:00,0.008258024595365177,0.0013338334125701104,1.111382349481203,0.7582931339797704
2023-10-03 12:30:00-04:00,-0.0017344411957315176,0.0010049934859452483,1.112499281502826,0.7569779191297555
2023-10-03 13:30:00-04:00,0.005308909844194742,0.0006565510804142086,1.1132296941080568,0.7609966466564615
2023-10-03 14:30:00-04:00,0.011857902950147325,0.0014216702456820742,1.11481233964078,0.7700204710379014
2023-10-03 15:30:00-04:00,0.002419673086767382,0.0005217494223523076,1.115393992335019,0.7718836688479317
2023-10-04 09:30:00-04:00,-0.016094310410050383,0.0037119335897371204,1.1195342607609582,0.7594607334810446
2023-10-04 10:30:00-04:00,-0.02000962007317153,0.002386294313634511,1.1222057990013312,0.7442642127435967
2023-10-04 11:30:00-04:00,0.012075355587756187,0.0016255510322432155,1.124030001796287,0.753251467763717
2023-10-04 12:30:00-04:00,-0.01813944304603865,0.002126978768412217,1.126420789745166,0.739587905664872
2023-10-04 13:30:00-04:00,-9.881580823789538e-05,0.0005881803465594212,1.12708332831565,0.7395148226882108
2023-10-04 14:30:00-04:00,0.005434275829790058,0.0008027568425287588,1.1279881021695557,0.7435335502149168
2023-10-04 15:30:00-04:00,-0.005306612659111587,0.0006463739840426195,1.1287172043331075,0.7395879056648722
2023-10-05 09:30:00-04:00,-0.034971374319105575,0.002468283125636554,1.1315031979621786,0.7137235001739826
2023-10-05 10:30:00-04:00,-0.009416440765034229,0.0013633000619383173,1.1330457763420438,0.7070027651119813
2023-10-05 11:30:00-04:00,0.006610169745443706,0.0007265947863500527,1.13386904149583,0.7116761733998697
2023-10-05 12:30:00-04:00,0.006057457172974123,0.0006572183411517394,1.134614241026365,0.7159871213412655
2023-10-05 13:30:00-04:00,0.009696938081533046,0.0009375128251084105,1.135677956428878,0.7229300041240868
2023-10-05 14:30:00-04:00,0.003939763839334143,0.0004558715795179337,1.1361956797326989,0.7257781776127046
2023-10-05 15:30:00-04:00,-0.00432900732154573,0.0006872805808678511,1.136976564959445,0.7226362785680011
2023-10-06 09:30:00-04:00,-0.04186045829903384,0.003770893622171211,1.1412639826368087,0.6923863927636362
2023-10-06 10:30:00-04:00,0.01795484084508514,0.0017851650489244574,1.1433013272102084,0.7048180802490099
2023-10-06 11:30:00-04:00,0.011388955919967358,0.0017824463042276522,1.145339200435513,0.7128452222965619
2023-10-06 12:30:00-04:00,0.013940146006407472,0.0017488487509325235,1.1473422254655887,0.722782388775346
2023-10-06 13:30:00-04:00,0.011322308606083631,0.0010267483741986066,1.1485202572302349,0.7309659540361028
2023-10-06 14:30:00-04:00,0.004898019385098484,0.0008458642537732902,1.1494917494605603,0.7345462394488186
2023-10-06 15:30:00-04:00,-0.0006963065321218265,0.00037591285505642665,1.1499238581859639,0.7340347701041449
2023-10-09 09:30:00-04:00,-0.03444155998412146,0.00384694470680245,1.154347551685438,0.7087534675391721
2023-10-09 10:30:00-04:00,0.012171165230348002,0.00148047003622285,1.1560565286470954,0.7173798231001735
2023-10-09 11:30:00-04:00,-0.007237700571493977,0.0009255484286027276,1.1571265149505607,0.712187642744543
2023-10-09 12:30:00-04:00,0.001973920887242242,0.0006978566129486526,1.1579340233410373,0.7135934448081923
2023-10-09 13:30:00-04:00,0.0040711498947800795,0.0007275735558441858,1.1587765055158328,0.7164985906859389
2023-10-09 14:30:00-04:00,-0.005302841688892501,0.00045473083339993606,1.1593034369219104,0.7126991120892168
2023-10-09 15:30:00-04:00,0.011277408896825047,0.0010134833139042395,1.1604783716109826,0.720736511396651
2023-10-10 09:30:00-04:00,0.019870226040150873,0.002253374960847708,1.163093364516176,0.7350577087934922
2023-10-10 10:30:00-04:00,0.009145111162024211,0.001869575764073882,1.1652678556818306,0.7417798932509115
2023-10-10 11:30:00-04:00,0.009850276133438918,0.0011512163311323033,1.166609331067435,0.7490866300296659
2023-10-10 12:30:00-04:00,-0.002633599804011122,0.00048353147024675813,1.1671734233924895,0.7471138356276324
2023-10-10 13:30:00-04:00,-0.0029340151761155786,0.0004177957727656246,1.1676610635148672,0.7449217922956151
2023-10-10 14:30:00-04:00,0.008827872023731587,0.0008741123676985248,1.1686817304917656,0.7514978665456895
2023-10-10 15:30:00-04:00,0.003402999312724031,0.0005779029766397274,1.1693571151425612,0.7540552132690581
2023-10-11 09:30:00-04:00,0.011627951677542825,0.0014877657196489499,1.171096844572498,0.76282333085115
2023-10-11 10:30:00-04:00,0.003065131131678056,0.0008076321033611802,1.1720426599803198,0.7651614843905121
2023-10-11 11:30:00-04:00,0.0070664424669930614,0.0006760291319079229,1.1728349949623054,0.7705684539979167
2023-10-11 12:30:00-04:00,0.004646291181712003,0.0008600063867115964,1.173843640548532,0.7741487394106327
2023-10-11 13:30:00-04:00,0.0030202897974649368,0.0007629040588335577,1.1747391706263424,0.776486892949995
2023-10-11 14:30:00-04:00,0.004704996855127153,0.00072131556526681,1.1755865282752438,0.7801402613393721
2023-10-11 15:30:00-04:00,0.0029034859767265164,0.00034112908805546756,1.1759875550355647,0.7824053876480507
2023-10-12 09:30:00-04:00,-0.004015691985644665,0.0016135948576868663,1.177885122507074,0.7792634886033472
2023-10-12 10:30:00-04:00,-0.00881389993396442,0.0020159630144146127,1.1802596953492772,0.7723951381926052
2023-10-12 11:30:00-04:00,0.006338077521029106,0.0009205823671792421,1.181346221613508,0.7772906384553359
2023-10-12 12:30:00-04:00,-0.006392182014781311,0.0011639969371897833,1.1827213049972267,0.7723220552159438
2023-10-12 13:30:00-04:00,-0.005392617892915674,0.0010368024395480634,1.183947553331553,0.7681572174818929
2023-10-12 14:30:00-04:00,0.004280458379086305,0.0004196525690227451,1.184444399963897,0.771445282479919
2023-10-12 15:30:00-04:00,0.003978008729507154,0.0003768599881863254,1.1848907696664748,0.7745140985479612
2023-10-13 09:30:00-04:00,0.037594345380675076,0.0030183908045977015,1.1884672330700887,0.8036314490709754
2023-10-13 10:30:00-04:00,-0.002227601447673866,0.0006328265524357261,1.1892193266918754,0.8018412784916287
2023-10-13 11:30:00-04:00,0.0009112308735892416,0.0005387525054553704,1.1898600215836665,0.8025719410203085
2023-10-13 12:30:00-04:00,-0.014930803389718417,0.0015321169652664144,1.1916830263090272,0.7905888971628295
2023-10-13 13:30:00-04:00,0.002622974631909969,0.0006130055799814673,1.192413534653724,0.7926625917843573
2023-10-13 14:30:00-04:00,-0.001602130754433273,0.0005336212486234075,1.1930498318529612,0.7913926426681708
2023-10-13 15:30:00-04:00,0.0056319880352833085,0.0008511650996981369,1.194065314232035,0.7958497565628891
2023-10-16 09:30:00-04:00,-0.005784036577385798,0.002088663449215734,1.1965593148098477,0.7912465324608258
2023-10-16 10:30:00-04:00,0.008080155070665729,0.0011815971301614627,1.197973165862295,0.7976399271422357
2023-10-16 11:30:00-04:00,0.00013740108572024567,0.0007506407104988875,1.1988724132906765,0.7977495237342389
2023-10-16 12:30:00-04:00,0.0035720771987390876,0.00025716374457677863,1.1991807198097482,0.8005991466182749
2023-10-16 13:30:00-04:00,-0.0005475728644780409,0.00046536331032067627,1.1997387745191916,0.8001607602502625
2023-10-16 14:30:00-04:00,-0.00018267073391209365,0.0004032319108265265,1.2002225474777337,0.8000145942969399
2023-10-16 15:30:00-04:00,-0.007032575194900081,0.0005789288462915236,1.2009173909324382,0.7943884315055292
2023-10-17 09:30:00-04:00,0.001563632882970678,0.0018332759354196437,1.2031190038856616,0.7956305633788827
2023-10-17 10:30:00-04:00,-0.000585884814288784,0.0003547426711479994,1.203545801534809,0.795164415514015
2023-10-17 11:30:00-04:00,0.007477950890307117,0.000697843072688103,1.204385687635073,0.8011106159629485
2023-10-17 12:30:00-04:00,-0.009120758897910197,0.0009304203255849796,1.205506272558692,0.7938038791841941
2023-10-17 13:30:00-04:00,-0.006903534648505016,0.0006128554101805625,1.2062450735998362,0.7883238266001283
2023-10-17 14:30:00-04:00,-0.0009268558224747592,0.0002171853308804781,1.206507052335269,0.7875931640714484
2023-10-17 15:30:00-04:00,0.0051024716364396205,0.00045905112635938696,1.207060900756604,0.7916118358521768
2023-10-18 09:30:00-04:00,-0.0066789245891295534,0.0020802017626586093,1.2095718309699943,0.7863247200966577
2023-10-18 10:30:00-04:00,-0.003404701018333456,0.0007482237383607761,1.2104768613271786,0.7836475195214038
2023-10-18 11:30:00-04:00,-0.007373445239656218,0.0008029523185553402,1.2114488165295387,0.7778693374490203
2023-10-18 12:30:00-04:00,0.0017922690704050837,0.0005409081229850528,1.21210409903498,0.7792634886033467
2023-10-18 13:30:00-04:00,0.003656815603080954,0.0008962737743482061,1.2131904761507253,0.7821131114873827
2023-10-18 14:30:00-04:00,-0.0037369350005385105,0.0005768279484972853,1.2138902783242196,0.7791904056266854
2023-10-18 15:30:00-04:00,-0.0016879248518942847,0.00046600918110914534,1.2144559623387776,0.7778751907766706
2023-10-19 09:30:00-04:00,-0.00488443215797707,0.0017072558528728082,1.2165293493885367,0.7740757121799484
2023-10-19 10:30:00-04:00,0.0037756644068949186,0.0007817740801818899,1.2174804005016693,0.7769983622946681
2023-10-19 11:30:00-04:00,-0.0007522494302706351,0.0006652824051932261,1.2182903687907904,0.7764138657193107
2023-10-19 12:30:00-04:00,0.0028232205564862056,0.0009299478050997188,1.2194233152452216,0.7786058533053504
2023-10-19 13:30:00-04:00,-0.007038288449543129,0.00071021001038312,1.2202893618906032,0.7731258007212847
2023-10-19 14:30:00-04:00,-0.007277163413977106,0.0006065649643298562,1.2210295466638705,0.767499637929874
2023-10-19 15:30:00-04:00,-0.0026656395359521134,0.00036160709740301383,1.221471079614083,0.7654537605511792
2023-10-20 09:30:00-04:00,-0.004200099584133921,0.0012519116347930821,1.2230002534702153,0.7622387785298145
2023-10-20 10:30:00-04:00,-0.0009585743329527663,0.000815420600432403,1.223997513071229,0.7615081160011345
2023-10-20 11:30:00-04:00,0.0008635227100031173,0.0009158173069690147,1.2251184711773866,0.7621656955531532
2023-10-20 12:30:00-04:00,-0.00019170399323586995,0.000652857420361823,1.2259182988621171,0.7620195853458083
2023-10-20 13:30:00-04:00,-0.0033732765187662883,0.000492141828615084,1.2265216245354518,0.7594490825717213
2023-10-20 14:30:00-04:00,0.0030960727243471986,0.000414084995348573,1.2270295087366425,0.7618003921618021
2023-10-20 15:30:00-04:00,-0.003069246962090877,0.0004731387273987711,1.227610063916887,0.7594622386224398
2023-10-23 09:30:00-04:00,-0.004040848455594492,0.002118249538143938,1.2302104483677998,0.75639336680842
2023-10-23 10:30:00-04:00,0.012654610031578084,0.0014525760861294707,1.2319974226460055,0.7659652298958529
2023-10-23 11:30:00-04:00,-0.0056281976245313725,0.0007942647158417116,1.232975954728821,0.7616542262084794
2023-10-23 12:30:00-04:00,-0.0008633570580867111,0.0004327255527041326,1.233509494930302,0.7609966466564608
2023-10-23 13:30:00-04:00,-0.0038406290928331144,0.0005409943373689378,1.23417681658215,0.7580739407957636
2023-10-23 14:30:00-04:00,-0.005301234233810237,0.000841668429664128,1.2352155842452908,0.7540552132690577
2023-10-23 15:30:00-04:00,-0.0017441890552192252,0.0002464710015444285,1.235520029067463,0.7527399984190428
2023-10-24 09:30:00-04:00,0.05397015501031355,0.0023650576928633434,1.2384421052168957,0.7933654928161817
2023-10-24 10:30:00-04:00,0.005065347329971992,0.0009973869903398247,1.2396773112609283,0.7973841645969101
2023-10-24 11:30:00-04:00,0.006780954016205598,0.0013188980219630783,1.241312319214623,0.8027911899502922
2023-10-24 12:30:00-04:00,0.00045504160474618693,0.0006654825796243557,1.2421383909389334,0.8031564933416433
2023-10-24 13:30:00-04:00,0.0039119387949304585,0.0004624581238356771,1.2427128279287514,0.8062983923863468
2023-10-24 14:30:00-04:00,0.00289986134344411,0.0003426903642080099,1.2431386936403603,0.8086365459257091
2023-10-24 15:30:00-04:00,-0.004427558253154662,0.00041537798713235305,1.243655066088651,0.8050562605129933
2023-10-25 09:30:00-04:00,0.012887984797714802,0.0025303762451599787,1.2468019813250546,0.8154318133597899
2023-10-25 10:30:00-04:00,0.013261679006893567,0.0017200032552083333,1.248946484791534,0.8262458083205766
2023-10-25 11:30:00-04:00,-0.012557465033179227,0.0015740119253881597,1.2509123414527674,0.81587025547378
2023-10-25 12:30:00-04:00,0.004119640599911101,0.00038944686515493326,1.2513995053427298,0.8192313477024896
2023-10-25 13:30:00-04:00,0.007937918015040069,0.0009383838060337083,1.252573798373422,0.8257343389759028
2023-10-25 14:30:00-04:00,-0.0008848639255890633,0.000806088972033498,1.253583484298949,0.8250036764472228
2023-10-25 15:30:00-04:00,0.000265687523903102,0.0003217282068065521,1.253986797465435,0.825222869631229
2023-10-26 09:30:00-04:00,0.02266688067340783,0.0025149344698289547,1.2571404920870914,0.8439280979461273
2023-10-26 10:30:00-04:00,-0.0017315753094562236,0.0007986552906724386,1.2581445139922154,0.8424667728887675
2023-10-26 11:30:00-04:00,-0.00034692900666610793,0.0005306857555499765,1.2588121933642145,0.8421744967281
2023-10-26 12:30:00-04:00,0.0003470494081725395,0.0004951712191769616,1.2594355209327175,0.8424667728887675
2023-10-26 13:30:00-04:00,-0.0005204265949702025,0.00019006773239661152,1.2596748989862812,0.8420283307747775
2023-10-26 14:30:00-04:00,0.0053801002956888055,0.000733127571270471,1.2605984013855653,0.8465585276461571
2023-10-26 15:30:00-04:00,-0.006387000344132754,0.000579019740042569,1.2613283127442336,0.8411515580387526
2023-10-27 09:30:00-04:00,-0.006428122615607212,0.0017684808690329977,1.2635589477348914,0.8357445326853705
2023-10-27 10:30:00-04:00,-0.0050707660044363445,0.0006095775369043146,1.2643291848859852,0.831506667720636
2023-10-27 11:30:00-04:00,-0.0051845689935247075,0.0005579101093678772,1.2650345669198018,0.8271956640332625
2023-10-27 12:30:00-04:00,-0.005918188979450401,0.0007756151694151885,1.2660157469197393,0.8223001637705317
2023-10-27 13:30:00-04:00,-0.0047983020360260475,0.00062721842249229,1.2668098153193725,0.8183545192204871
2023-10-27 14:30:00-04:00,0.0044642857142858094,0.0005658746133580649,1.2675266708338147,0.8220078876098643
2023-10-27 15:30:00-04:00,0.0,0.00045877136725469656,1.268108175777625,0.8220078876098643
2023-10-30 09:30:00-04:00,-0.0039111328124999956,0.0018184125334419206,1.2704141195782193,0.8187929055884996
2023-10-30 10:30:00-04:00,0.00035695981080507977,0.0006214269365583147,1.2712035891327091,0.819085181749167
2023-10-30 11:30:00-04:00,0.009366664282339121,0.0008212703970107111,1.2722475910090376,0.8267572776652502
2023-10-30 12:30:00-04:00,0.0101635131274469,0.0011666252817716127,1.273731827213382,0.8351600361100132
2023-10-30 13:30:00-04:00,-0.0022555106187418517,0.00036100927364660844,1.2741916562151447,0.8332763237802182
2023-10-30 14:30:00-04:00,0.0044527804506087065,0.000673468530875985,1.2750497841979105,0.8369867203047019
2023-10-30 15:30:00-04:00,-0.0013094851321053813,0.00019330240321758203,1.275296254385418,0.8358906986386933
2023-10-31 09:30:00-04:00,0.007867146100302369,0.0013560192315086605,1.2770255806322357,0.8424667728887677
2023-10-31 10:30:00-04:00,0.008412780274369647,0.001318814394207612,1.2787097403497447,0.8495542607375381
2023-10-31 11:30:00-04:00,0.0007740945203726923,0.0005144344369363965,1.2793675526750266,0.8502118960355344
2023-10-31 12:30:00-04:00,0.00438296780298475,0.00045202653335299156,1.2799458607547465,0.8539383474015727
2023-10-31 13:30:00-04:00,-0.003935989335690393,0.0004690673932457413,1.2805462416231463,0.8505772551728631
2023-10-31 14:30:00-04:00,0.0010307972975913682,0.00033141573329959926,1.280970634794838,0.8514540279088879
2023-10-31 15:30:00-04:00,0.0002574339621652655,0.0006245997836415942,1.2817707287761821,0.8516732210928941
2023-11-01 09:30:00-04:00,-0.006520200092264838,0.0019757937136081274,1.284303243324385,0.8461201412781447
2023-11-01 10:30:00-04:00,-0.00647668376713928,0.0012066186669095636,1.2858529075917526,0.8406400886940789
2023-11-01 11:30:00-04:00,0.0030421422410882304,0.00032875709413343103,1.2862756408571356,0.8431974354174473
2023-11-01 12:30:00-04:00,-0.0010728092150920077,0.0005102772664574234,1.2869319980750629,0.8422928454385895
2023-11-01 13:30:00-04:00,0.004630602160947683,0.0008570952195837389,1.2880350213385423,0.8461931685088282
2023-11-01 14:30:00-04:00,0.011397977054238062,0.0013081423519488052,1.2897199545007485,0.8558380588269449
2023-11-01 15:30:00-04:00,-0.00213438065279814,0.0003126439584616484,1.2901231776526307,0.8540113746322563
2023-11-02 09:30:00-04:00,0.026009590922012382,0.0022671346634220305,1.293048060628771,0.8762238611291867
2023-11-02 10:30:00-04:00,0.0043362598432359345,0.0005071240698372846,1.2937037964237723,0.8800233954718863
2023-11-02 11:30:00-04:00,-0.007804736153700698,0.0010146414935155383,1.2950164419759425,0.8731550450611445
2023-11-02 12:30:00-04:00,0.005355643428020418,0.0003674234849048412,1.2954922614300624,0.8778313521398691
2023-11-02 13:30:00-04:00,-0.0028300011621268384,0.00035854125190122696,1.2959567488473038,0.8753470883931619
2023-11-02 14:30:00-04:00,0.000500814332766053,0.00024234759295361453,1.296270820845959,0.8757854747611742
2023-11-02 15:30:00-04:00,-0.0005005636433190741,0.0003005891043386214,1.2966604657309775,0.8753470883931618
2023-11-03 09:30:00-04:00,0.018697811408249887,0.001315715127516308,1.298366501520992,0.8917141631686978
2023-11-03 10:30:00-04:00,-0.008767614608302443,0.0008204064014964463,1.2994316897103284,0.8838959570452697
2023-11-03 11:30:00-04:00,0.0015706575141682944,0.00016932055445780114,1.2996517102045102,0.8852842548719458
2023-11-03 12:30:00-04:00,-0.0036315816119758537,0.0003869944162015026,1.3001546681593663,0.8820692728505811
2023-11-03 13:30:00-04:00,0.002153761875425486,0.00011428108005750036,1.3003032512390853,0.883969040021931
2023-11-03 14:30:00-04:00,-0.00801786405842031,0.0006798183864672728,1.3011872212972608,0.8768814964271828
2023-11-03 15:30:00-04:00,-0.01041579849803731,0.0009028648504928535,1.3023620175032806,0.8677480754537399
2023-11-06 09:30:00-05:00,-0.0040417930978392524,0.0014659183580587795,1.304271173893577,0.8642408172717077
2023-11-06 10:30:00-05:00,0.00048699635868620916,0.0004266388879781152,1.3048276266968288,0.864661699402747
2023-11-06 11:30:00-05:00,0.005747950485424758,0.0007341473922654985,1.3057855624963244,0.8696317320375572
2023-11-06 12:30:00-05:00,-0.001998025500290046,0.00032192534086129376,1.3062059279586227,0.8678941856610848
2023-11-06 13:30:00-05:00,-0.00023572889558376442,0.00019227783939792031,1.3064570824122592,0.8676895979232153
2023-11-06 14:30:00-05:00,-0.001195754954268713,0.00042316252055921047,1.3070099260842554,0.8666520537877312
2023-11-06 15:30:00-05:00,-0.004468415618999799,0.0002963114859810674,1.3073972081376455,0.8627794922143479
2023-11-07 09:30:00-05:00,0.0027100244737636725,0.0008325867159941618,1.3084857296856687,0.8651176457537102
2023-11-07 10:30:00-05:00,0.004054017916833796,0.0005083794273231661,1.3091509369115868,0.8686248481897648
2023-11-07 11:30:00-05:00,-0.008495916303589035,0.0009059031179300656,1.3103369008271761,0.8612450841803269
2023-11-07 12:30:00-05:00,-0.004241961384144455,0.0003697990170191593,1.3108214621250658,0.8575917157909497
2023-11-07 13:30:00-05:00,-0.003322819975479563,0.000371262991185166,1.3113081216220042,0.8547420929069137
2023-11-07 14:30:00-05:00,0.0010257746088566666,0.0002356879291839934,1.3116171811177115,0.8556188656429387
2023-11-07 15:30:00-05:00,-0.0011955541543356984,0.00024413789876709497,1.3119373965802965,0.8545959269535912
2023-11-08 09:30:00-05:00,-0.01812587861813242,0.0017528707820303466,1.314237053310615,0.83910562491408
2023-11-08 10:30:00-05:00,-0.0062695368710233845,0.0010842297552518365,1.3156619882292688,0.833844821259998
2023-11-08 11:30:00-05:00,-0.003067000482753768,0.0023258328407321656,1.3187219980887952,0.8312874187906519
2023-11-08 12:30:00-05:00,0.006240720179457426,0.00047999320929150726,1.3193549756928213,0.8364752509600278
2023-11-08 13:30:00-05:00,0.0020090471767542084,0.0006102812665838795,1.3201601533184608,0.8381557692013939
2023-11-08 14:30:00-05:00,0.00017438996269381057,0.00021966401737876464,1.3204501450013222,0.8383019351547165
2023-11-08 15:30:00-05:00,0.002440501796428851,0.00031328577968336936,1.3208638232545318,0.8403478125334114
2023-11-09 09:30:00-05:00,-0.020172155914545242,0.0016681730306079034,1.3230672526615905,0.8233961854365404
2023-11-09 10:30:00-05:00,-0.00967258801730797,0.0013871589434496226,1.3249025572339053,0.8154318133597898
2023-11-09 11:30:00-05:00,-0.002329768277647082,0.0009710683963076234,1.3261891282354221,0.8135320461884399
2023-11-09 12:30:00-05:00,-0.016436090011235138,0.0016657777292231068,1.3283982645499743,0.8001607602502624
2023-11-09 13:30:00-05:00,0.004565792989192019,0.0007285428189616537,1.3293660595663332,0.8038141286396396
2023-11-09 14:30:00-05:00,-0.005817647279525495,0.00048584976809912933,1.3300119317580923,0.7991378215609151
2023-11-09 15:30:00-05:00,0.0008228612565654991,0.00019285579733099094,1.3302684322696512,0.7997954011129337
2023-11-10 09:30:00-05:00,0.009958011843614,0.0013563201036333903,1.3320727020875673,0.8077597731896843
2023-11-10 10:30:00-05:00,-0.005336987345074262,0.0009554421706614644,1.3333454205215287,0.8034487695023109
2023-11-10 11:30:00-05:00,-0.002364515627457653,0.0002911331621466987,1.333733601590039,0.801549002330961
2023-11-10 12:30:00-05:00,0.004740239625588005,0.0005539645164713075,1.3344724426797454,0.8053485366736608
2023-11-10 13:30:00-05:00,0.001086887603002351,0.00016251724245581738,1.3346893174612628,0.8062238600142675
2023-11-10 14:30:00-05:00,-0.0003606579185917447,0.0003083561989505912,1.3351008771859751,0.8059330889949957
2023-11-10 15:30:00-05:00,-0.000181362392633444,0.000180743521204613,1.3353421880196812,0.8057869230416731
2023-11-13 09:30:00-05:00,-0.019586471315053644,0.002096316650068687,1.338141488081966,0.790004400587472
2023-11-13 10:30:00-05:00,0.0024046846118319642,0.000841808188658365,1.3392679465442168,0.7919041120128443
2023-11-13 11:30:00-05:00,0.008488704757840582,0.0007733678087615574,1.3403036932613803,0.7986263522162412
2023-11-13 12:30:00-05:00,-0.005580975236228469,0.0004793403939143304,1.340946154961673,0.7941692383215229
2023-11-13 13:30:00-05:00,0.004130991696321251,0.0005069053463021951,1.3416258877367266,0.7974499448505028
2023-11-13 14:30:00-05:00,-0.0021898534274603643,0.00029473286930909804,1.3420213089841586,0.7957036463555438
2023-11-13 15:30:00-05:00,0.0011018835216360934,0.000218152170986502,1.3423140738462236,0.7965804190915687
2023-11-14 09:30:00-05:00,0.03595675948490462,0.0022229477720856726,1.3452979679261192,0.8252228696312288
2023-11-14 10:30:00-05:00,0.014698034326465104,0.0014769796962449974,1.347284945710146,0.8373520236960527
2023-11-14 11:30:00-05:00,-0.005671915659106186,0.0009230096629515148,1.3485285027337854,0.8326026336406668
2023-11-14 12:30:00-05:00,0.004826705278523358,0.00039565548886184247,1.3490620554377786,0.8366213611673726
2023-11-14 13:30:00-05:00,0.0008733491189614195,0.00028012138299733603,1.349439956566497,0.8373520236960524
2023-11-14 14:30:00-05:00,0.0050610980696099706,0.0006875004522339695,1.350367697146899,0.8415899444067645
2023-11-14 15:30:00-05:00,-0.0006945809241423184,0.000251353421224895,1.3507071166874884,0.8410053920854296
2023-11-15 09:30:00-05:00,0.017202462060664336,0.002038290700358518,1.3534602504423405,0.8554727554355933
2023-11-15 10:30:00-05:00,-0.015203269144677622,0.0020057535864597244,1.3561749581937959,0.842466772888767
2023-11-15 11:30:00-05:00,-0.005377300348411218,0.0007750917313021204,1.3572261181900909,0.8379365760173874
2023-11-15 12:30:00-05:00,-0.002790370543884424,0.0003936793455452717,1.3577604300800568,0.8355984224780251
2023-11-15 13:30:00-05:00,0.0014865177338057034,0.00020241368117080336,1.3580352593668574,0.8368405543513787
2023-11-15 14:30:00-05:00,0.0008731203631093809,0.0003147187244411124,1.3584626584914317,0.8375712168800586
2023-11-15 15:30:00-05:00,-0.005495919641568148,0.0005118831195968512,1.3591580325949162,0.8329679927779954
2023-11-16 09:30:00-05:00,0.007894750227007918,0.0011242762577334197,1.3606861017014704,0.8395440670280698
2023-11-16 10:30:00-05:00,-0.007049653413675916,0.0009169273964570983,1.361933752066099,0.833625572330014
2023-11-16 11:30:00-05:00,-0.0020649987789223,0.00039659616415755553,1.3624738897680053,0.8319041365410741
2023-11-16 12:30:00-05:00,0.0019814885944793303,0.0005289923191754586,1.3631946279907696,0.8335525450993304
2023-11-16 13:30:00-05:00,-0.0012973581884307972,0.00023902010947367294,1.363520458919986,0.8324711288794585
2023-11-16 14:30:00-05:00,-0.0015465441484949771,0.0002482877067393913,1.3638590042878236,0.831183675526299
2023-11-16 15:30:00-05:00,-0.0050617027269922454,0.0004693627802604707,1.3644991489419596,0.8269764708492561
2023-11-17 09:30:00-05:00,0.00689166617064596,0.0007505384658927732,1.3655232580399186,0.8326757166173281
2023-11-17 10:30:00-05:00,-0.006493487800232511,0.000486558203596916,1.3661876645833202,0.8272687470099236
2023-11-17 11:30:00-05:00,0.0023847080034922197,0.0005055877710590852,1.3668783923595054,0.8292415414119572
2023-11-17 12:30:00-05:00,0.00140984813746714,0.00016994466084844403,1.367110686044316,0.8304106460546272
2023-11-17 13:30:00-05:00,0.0064231915331107725,0.0005828519096492694,1.367907509118379,0.8357445326853703
2023-11-17 14:30:00-05:00,0.0008743321027893103,0.00023771337241202206,1.3682326790255193,0.8364752509600277
2023-11-17 15:30:00-05:00,0.00227109101338252,0.0005697733425137001,1.369012261532384,0.8383749623853999
2023-11-20 09:30:00-05:00,-0.005316372857840035,0.0018479031419961905,1.3715420635919011,0.8339178484906815
2023-11-20 10:30:00-05:00,0.009988604372934029,0.0009825742708990455,1.3728897055350424,0.8422475239587832
2023-11-20 11:30:00-05:00,-0.0046845953141206875,0.00039120179313986627,1.373426782449631,0.8383019351547162
2023-11-20 12:30:00-05:00,-0.002963513966153908,0.00023675994018756809,1.3737519548924957,0.8358176156620314
2023-11-20 13:30:00-05:00,0.002797444676384764,0.00030986085424583067,1.3741776268467605,0.8381557692013938
2023-11-20 14:30:00-05:00,0.0032255492070012437,0.0004962602620833108,1.3748595765960083,0.8408592818780849
2023-11-20 15:30:00-05:00,-0.003302093124488925,0.0003573032203000624,1.3753508183501866,0.8380826862247326
2023-11-21 09:30:00-05:00,0.00017613458811038818,0.001120677480461928,1.3768921430400465,0.8382303015734732
2023-11-21 10:30:00-05:00,0.0034850284698555445,0.0004884239537921508,1.3775646501444954,0.8411515580387524
2023-11-21 11:30:00-05:00,0.005298823799495311,0.0007345810435026027,1.3785765830226908,0.8456086719334707
2023-11-21 12:30:00-05:00,0.000945285448978872,0.0002922914847133878,1.3789795292189337,0.8464080135065797
2023-11-21 13:30:00-05:00,0.003803520472687616,0.00020494654789707036,1.3792621463130679,0.8496273437141988
2023-11-21 14:30:00-05:00,0.0010320153753167194,0.00030737753627669347,1.3796861005134813,0.8505041721962013
2023-11-21 15:30:00-05:00,-0.0037800896532499406,0.00028209813078848534,1.380075307383511,0.8472891901748366
2023-11-22 09:30:00-05:00,-0.005001740562555312,0.0016520115388399227,1.3823552077157766,0.8430512694641245
2023-11-22 10:30:00-05:00,-0.0029294283634022644,0.0003722740411260942,1.3828698226752245,0.840581611163554
2023-11-22 11:30:00-05:00,-0.0041028504617580674,0.00040954769828162904,1.3834361738281244,0.8371328305120462
2023-11-22 12:30:00-05:00,-0.0007855139925839749,0.00011443848115005078,1.3835944921626253,0.8364752509600276
2023-11-22 13:30:00-05:00,-0.0015723296636754869,0.00029888380333076444,1.3840080261467105,0.8351600361100128
2023-11-22 14:30:00-05:00,-0.0006124207607633991,0.00019574452614665744,1.3842789381419718,0.834648566765339
2023-11-22 15:30:00-05:00,0.0062155218734794015,0.0004631781161008083,1.3849201058526985,0.8398363431887372
2023-11-24 09:30:00-05:00,-0.006525143414559564,0.0007783392304861223,1.3859980435021726,0.8343562906046714
2023-11-24 10:30:00-05:00,0.0021542566127654705,0.0004827122794721007,1.3866670817770954,0.836153708161109
2023-11-24 11:30:00-05:00,-0.0023244332839645887,0.00019368089500963984,1.3869356526985743,0.8342101246513489
2023-11-27 09:30:00-05:00,-0.0018393543648997923,0.0012137383230865152,1.3886190296519096,0.8326757166173279
2023-11-27 10:30:00-05:00,0.008775008845505194,0.0009886039434675324,1.3899918239005975,0.8399824533960822
2023-11-27 11:30:00-05:00,-0.005741092884229082,0.0004369178085269292,1.3905991360821663,0.8351600361100127
2023-11-27 12:30:00-05:00,0.006299156361199376,0.0005495864945423532,1.3913633905866793,0.8404208397640945
2023-11-27 13:30:00-05:00,0.0003477735758545819,0.00017376704573130426,1.3916051636926003,0.8407131159247621
2023-11-27 14:30:00-05:00,-0.001216751196063126,0.00018267073731383405,1.3918593692339019,0.8396901772354146
2023-11-27 15:30:00-05:00,0.002262462063810977,0.00013911516800357705,1.39205299798389,0.8415899444067645
2023-11-28 09:30:00-05:00,0.0038201288439003722,0.0016142718679851584,1.39430014997728,0.8448049264281293
2023-11-28 10:30:00-05:00,0.007438164590226837,0.0011750482082528333,1.3959385198702776,0.8510887245175363
2023-11-28 11:30:00-05:00,0.0013735922742426077,0.0003141375065968602,1.3963770365162722,0.8522577734142286
2023-11-28 12:30:00-05:00,0.003429368381104414,0.00030524198688181904,1.3968032694173347,0.8551804792749258
2023-11-28 13:30:00-05:00,-0.005639128989632591,0.00041707337917378006,1.3973858388769516,0.8503580062428787
2023-11-28 14:30:00-05:00,-0.00042958776029544676,0.0002983261741526155,1.3978027156480788,0.8499927028515275
2023-11-28 15:30:00-05:00,-0.0002578765479642753,0.00014405774269207058,1.398004079952024,0.8497735096675213
2023-11-29 09:30:00-05:00,0.01355631194946838,0.0010401249385453984,1.3994581788597702,0.8612933044509689
2023-11-29 10:30:00-05:00,-0.007945594920287125,0.0010615033509963053,1.4009437084062089,0.8544498167462459
2023-11-29 11:30:00-05:00,0.004788759593829628,0.00042263069946181693,1.4015357902255994,0.8585415715036354
2023-11-29 12:30:00-05:00,-0.0009361754072473305,0.00025945792870674046,1.4018994297987397,0.8577378259982943
2023-11-29 13:30:00-05:00,-0.005707455255378413,0.0008081164569560866,1.4030323277989574,0.8528423257355635
2023-11-29 14:30:00-05:00,-0.005311880912421185,0.0004704541925978807,1.4036923902399208,0.8483121288641838
2023-11-29 15:30:00-05:00,0.005512484048749489,0.00037548275948501503,1.4042194525320761,0.8529884359429084
2023-11-30 09:30:00-05:00,-0.0005996204908783609,0.0010000698848877658,1.405623770118327,0.8524769665982348
2023-11-30 10:30:00-05:00,-0.0007713751547360204,0.0006911747289873351,1.4065953017466966,0.8518193870462162
2023-11-30 11:30:00-05:00,-0.003431133295559441,0.000195358036462079,1.4068700914429424,0.8488966811855189
2023-11-30 12:30:00-05:00,0.004389758434246938,0.0004094674372140185,1.4074461589337786,0.8526231325515572
2023-11-30 13:30:00-05:00,-0.0011141047227055667,0.0002722069619773504,1.4078292755768487,0.8516732210928935
2023-11-30 14:30:00-05:00,-0.00197319605659263,0.0004861089727504328,1.4085136340198072,0.8499927028515274
2023-11-30 15:30:00-05:00,0.005759461518090037,0.0004855144962581155,1.409197487807301,0.8548882031142581
2023-12-01 09:30:00-05:00,-0.0003418881669003948,0.001467958457680244,1.4112661311780694,0.8545959269535905
2023-12-01 10:30:00-05:00,0.010174439558150006,0.0009722557591460525,1.4126382428017952,0.8632909615590211
2023-12-01 11:30:00-05:00,0.0058399898696623875,0.0006886869262967919,1.4136111082911995,0.8683325720290969
2023-12-01 12:30:00-05:00,-0.002271934124760011,0.00038957683848697667,1.4141618184376177,0.8663597776270633
2023-12-01 13:30:00-05:00,0.00025300480200796116,0.0003726800535316968,1.4146888483398157,0.8665789708110695
2023-12-01 14:30:00-05:00,-0.002023590782945117,0.00022190531684003888,1.4150027753169365,0.8648253695930421
2023-12-01 15:30:00-05:00,-0.00033795974417938357,0.0001294052964283581,1.4151858841705236,0.8645330934323746
2023-12-04 09:30:00-05:00,-0.0027045275156319937,0.001391868939020305,1.4171556374456404,0.8621949398930123
2023-12-04 10:30:00-05:00,0.00466104281150681,0.0007451435588080169,1.4182116218407115,0.8662136674197182
2023-12-04 11:30:00-05:00,-0.0006748361787873858,0.0003397194971882935,1.41869341597979,0.8656291150983833
2023-12-04 12:30:00-05:00,0.0004220091318318797,0.0002051964639952279,1.4189845268522423,0.8659944184897344
2023-12-04 13:30:00-05:00,-0.001687453205424072,0.0002724984693092768,1.419371197963783,0.8645330934323745
2023-12-04 14:30:00-05:00,-0.006423277030009222,0.0005462663149717711,1.4201465526376718,0.8589799578716475
2023-12-04 15:30:00-05:00,-0.002041492588921723,0.00011492966358711486,1.420309769603211,0.8572263566536202
2023-12-05 09:30:00-05:00,-0.009214126189483585,0.0013580855007509379,1.4222386717078839,0.8493277648304626
2023-12-05 10:30:00-05:00,0.0008688815817714524,0.0005231439121802568,1.4229827072106551,0.8500657300822109
2023-12-05 11:30:00-05:00,0.005308639643631041,0.0003657982455859229,1.423503231788452,0.8545784227166174
2023-12-05 12:30:00-05:00,-0.001860551040658076,0.00038249125869355735,1.424047709331333,0.8529884359429081
2023-12-05 13:30:00-05:00,0.002055897700496301,0.00036444339381410296,1.424566694111475,0.854742092906913
2023-12-05 14:30:00-05:00,1.708754752804964e-05,0.00015888077700263297,1.4247930303747274,0.8547566983530498
2023-12-05 15:30:00-05:00,-0.004462252002453537,0.00045113275627211647,1.4254358011816377,0.8509425585642133
2023-12-06 09:30:00-05:00,0.0190623496321074,0.0018764743296499358,1.428110594871119,0.8671635231324044
2023-12-06 10:30:00-05:00,0.0057296958495720585,0.0007719823117032207,1.4292130709895154,0.8721321063717964
2023-12-06 11:30:00-05:00,0.0023441723660211355,0.00041162361001498434,1.4298013688332767,0.8741765343550729
2023-12-06 12:30:00-05:00,0.0007539491939128062,0.0001320543786752212,1.4299901803646669,0.8748356190484874
2023-12-06 13:30:00-05:00,0.002088031345448993,0.00020053684606343708,1.4302769460853388,0.876662303243176
2023-12-06 14:30:00-05:00,8.330143820889369e-05,0.00019187996020386615,1.4305513875688343,0.8767353304738597
2023-12-06 15:30:00-05:00,0.004083719492356197,0.00031161355275465365,1.4309971667691126,0.8803156716325531
2023-12-07 09:30:00-05:00,-0.0007470448603700275,0.0014352403945197827,1.4330509917073029,0.8796580363345567
2023-12-07 10:30:00-05:00,0.001245963341136136,0.00046296765053212307,1.4337144479580264,0.8807540580005654
2023-12-07 11:30:00-05:00,-0.002156978050901759,0.0002535441344588105,1.434077957846795,0.8788542908292155
2023-12-07 12:30:00-05:00,0.0022996649612376796,0.00019385220307811517,1.4343559570183095,0.8808753612478688
2023-12-07 13:30:00-05:00,0.001604205145113502,0.0002800147498678763,1.4347575978428355,0.8822884660345863
2023-12-07 14:30:00-05:00,-0.005879909602258038,0.0004481086740226245,1.4354005251675488,0.877100689611188
2023-12-07 15:30:00-05:00,-0.0026657755113598247,0.00043353994051031095,1.4360228286258383,0.8747625360718257
2023-12-08 09:30:00-05:00,-0.004009383161036828,0.000629665080611514,1.436927042055985,0.8712552778897935
2023-12-08 10:30:00-05:00,-0.003522292657411441,0.000776598479567893,1.4380429574120954,0.8681864618217513
2023-12-08 11:30:00-05:00,-0.0017673715284634017,0.0002974528641813708,1.4384707074085936,0.8666520537877301
2023-12-08 12:30:00-05:00,0.0002529194767937337,5.275543502767627e-05,1.4385465945565374,0.8668712469717363
2023-12-08 13:30:00-05:00,0.0,0.0002951871829203952,1.4389712350732844,0.8668712469717363
2023-12-08 14:30:00-05:00,0.005225916636645955,0.0003379954560977917,1.4394576008121946,0.871401443843116
2023-12-08 15:30:00-05:00,0.001006163969798024,0.00047785697747066824,1.4401454556705158,0.872278216579141
2023-12-11 09:30:00-05:00,-0.0061986754966887325,0.0016944501285282602,1.4425857103229762,0.8668712469717365
2023-12-11 10:30:00-05:00,0.01011460683088039,0.0009158201555936914,1.4439068593926614,0.8756393088078506
2023-12-11 11:30:00-05:00,-0.003170871704189282,0.0034440864999964516,1.448879799514348,0.8728627689004759
2023-12-11 12:30:00-05:00,-0.0027624462881615797,0.0005205702734366086,1.449634043267758,0.8704515323844523
2023-12-11 13:30:00-05:00,-8.389580346146452e-05,0.00030369247775445757,1.4500742862221951,0.8703785051537686
2023-12-11 14:30:00-05:00,-0.002686364065193958,0.00022884350599309235,1.4504061263058048,0.8680403516144063
2023-12-11 15:30:00-05:00,0.005218813983677961,0.0004466484468888265,1.4510539479494773,0.8725704927398082
2023-12-12 09:30:00-05:00,-0.019762189302773514,0.002651317868810477,1.4549011532102838,0.8553265894822698
2023-12-12 10:30:00-05:00,0.004100490064450346,0.0008591030789019055,1.4561510632705046,0.858833847664302
2023-12-12 11:30:00-05:00,0.004849410331669635,0.0006236460290573124,1.457059186098821,0.8629986853983529
2023-12-12 12:30:00-05:00,0.0038099817620587118,0.0005095826657425205,1.4578016782030176,0.8662866946504013
2023-12-12 13:30:00-05:00,0.0012651950823867608,0.00021307101636591148,1.4581122934882522,0.8673827163164101
2023-12-12 14:30:00-05:00,0.001432045912361124,0.0002551975981331104,1.4584844002433588,0.8686248481897637
2023-12-12 15:30:00-05:00,0.0013459258563768284,3.531287026111457e-05,1.4585359035137624,0.8697939528324337
2023-12-13 09:30:00-05:00,8.402332118229161e-05,0.0006348293592488911,1.4594618249268314,0.869867035809095
2023-12-13 10:30:00-05:00,0.0039478671084474115,0.0006375209273203056,1.4603922623828474,0.8733011552684884
2023-12-13 11:30:00-05:00,0.0048527597669434375,0.00030075622186931383,1.4608314844421288,0.8775390759792006
2023-12-13 12:30:00-05:00,0.000742738401271481,0.00022827510890730318,1.461164955908335,0.8781908579495467
2023-12-13 13:30:00-05:00,0.018294481604937074,0.001829869718911358,1.4638386974154862,0.8942569044459285
2023-12-13 14:30:00-05:00,0.01529563062130812,0.0016009195936275153,1.4661821854680888,0.9079351277368879
2023-12-13 15:30:00-05:00,0.00627715086019176,0.0006824697106451846,1.4671828103999582,0.9136343735049598
2023-12-14 09:30:00-05:00,0.01887396507575123,0.0018679926928494473,1.4699234971688597,0.9308782767624982
2023-12-14 10:30:00-05:00,-0.0033751985873283763,0.0006030837387181326,1.4708099841271618,0.9277363777177948
2023-12-14 11:30:00-05:00,0.007167016019264727,0.001003538862770403,1.4722859991059842,0.9343854791985529
2023-12-14 12:30:00-05:00,-0.013997505113955588,0.001599241443602808,1.4746405398925906,0.9213064136750653
2023-12-14 13:30:00-05:00,-0.005156633428669011,0.0010905242833911975,1.4762486712106166,0.9165555742242613
2023-12-14 14:30:00-05:00,0.0005596763584179154,0.0003815540479308919,1.4768119398668695,0.9170685487103307
2023-12-14 15:30:00-05:00,0.00023901504889090042,0.00022256230129662905,1.4771406225307886,0.917287741894337
2023-12-15 09:30:00-05:00,-0.0025489859207468157,0.001386159888165775,1.4791881756109209,0.9149495883549748
2023-12-15 10:30:00-05:00,-0.002795068445209603,0.000718348177168764,1.4802507477405606,0.9123922416316063
2023-12-15 11:30:00-05:00,0.0005605805500483729,0.0003936605514298781,1.4808334640661707,0.91290371097628
2023-12-15 12:30:00-05:00,-0.003601765398137835,0.000546059352471257,1.4816420870286764,0.909615645978254
2023-12-15 13:30:00-05:00,-0.010683542649872813,0.0012033372370473276,1.4834250021239743,0.8998977284294537
2023-12-15 14:30:00-05:00,-0.004871761007426922,0.0005737138728813068,1.484276063627072,0.895513641765419
2023-12-15 15:30:00-05:00,0.0022845853857251797,0.0007281389824035029,1.4853568228896472,0.8975595191441138
2023-12-18 09:30:00-05:00,-0.005861230973404963,0.001505236307877268,1.487592635909614,0.8922987154900318
2023-12-18 10:30:00-05:00,0.0029479250102755206,0.0005294500388137002,1.4883802418884355,0.8949291451900616
2023-12-18 11:30:00-05:00,0.0015512312769785375,0.0006414768854174669,1.489335003410319,0.8963173872707602
2023-12-18 12:30:00-05:00,0.0027716961959751707,0.00038416717949581094,1.4899071570379034,0.898801706763445
2023-12-18 13:30:00-05:00,-0.0028452846763914463,0.0004275185652696563,1.4905441200080651,0.8962443600400765
2023-12-18 14:30:00-05:00,-0.0004076557171444062,0.00034584557737848064,1.4910596180998572,0.8958790009027477
2023-12-18 15:30:00-05:00,-0.0049751293313350375,0.00047015341312377495,1.491760644868478,0.8914218870080294
2023-12-19 09:30:00-05:00,0.0006557527135631069,0.0011514643306711097,1.4934783540409429,0.8920064393293644
2023-12-19 10:30:00-05:00,0.006716904345717589,0.0009427651171821399,1.4948863533363992,0.8979979612581039
2023-12-19 11:30:00-05:00,-0.001632218616107295,0.0002976144021759257,1.4953312530447684,0.8965322322685121
2023-12-19 12:30:00-05:00,-0.0048036195466663045,0.00041292037191467484,1.4959487057819114,0.8922256325133707
2023-12-19 13:30:00-05:00,-0.0015559941074158035,0.00016059237039916236,1.4961889437305684,0.8908373346866946
2023-12-19 14:30:00-05:00,0.005741507448734584,0.0005141741215128798,1.4969582453663284,0.8959520838794091
2023-12-19 15:30:00-05:00,0.00424071628950351,0.0005978534338192251,1.4978532069936046,0.8997515624761311
2023-12-20 09:30:00-05:00,-0.0064154695423341845,0.0008423442569112808,1.4991149150402117,0.8939792337313979
2023-12-20 10:30:00-05:00,0.001716379951709479,0.0006197510948203744,1.5000439931500693,0.895513641765419
2023-12-20 11:30:00-05:00,-0.002529353498440967,0.0002129414083797709,1.5003634146306024,0.8932485712027181
2023-12-20 12:30:00-05:00,0.003680956631837873,0.0004607101028006373,1.5010546472135953,0.8965365804547664
2023-12-20 13:30:00-05:00,-0.004237951556638975,0.0004860535582380498,1.501784240165983,0.8927371018580443
2023-12-20 14:30:00-05:00,-0.009985277603992926,0.0010414207728592134,1.5033482294700447,0.8838228740686076
2023-12-20 15:30:00-05:00,-0.010499310951379126,0.0010963313827573847,1.5049963973132254,0.8745433428878197
2023-12-21 09:30:00-05:00,0.008689121015236667,0.0008525042579248112,1.5062794131500965,0.8821423558272415
2023-12-21 10:30:00-05:00,-0.006046577790405294,0.0006723491632893293,1.507292158853208,0.8768084134505207
2023-12-21 11:30:00-05:00,-0.010333315531412812,0.0008890470252119949,1.508632212463162,0.867748075453739
2023-12-21 12:30:00-05:00,0.002524394179124201,0.00018704171275891836,1.5089143896161044,0.8699386136443606
2023-12-21 13:30:00-05:00,-0.0005022618443890625,0.00017839359304068343,1.5091835702756586,0.8695016766717664
2023-12-21 14:30:00-05:00,-0.0021848919010963863,0.0005506425769174738,1.5100145910058367,0.8676019095004165
2023-12-21 15:30:00-05:00,0.0036213602232764153,0.0004300667676954391,1.5106639981001637,0.87074380854512
2023-12-22 09:30:00-05:00,0.017454072862415515,0.001791041632323367,1.5133696602132134,0.8859418344239637
2023-12-22 10:30:00-05:00,-0.0020618556701030855,0.0002622730406267465,1.5137665762755899,0.8841151502292751
2023-12-22 11:30:00-05:00,-0.0006611721574767415,0.0004444673115458214,1.514439396036055,0.8835305979079402
2023-12-22 12:30:00-05:00,-0.0031425509359258585,0.000247353908174794,1.5148139985393585,0.8807540580005655
2023-12-22 13:30:00-05:00,-0.008067068795377885,0.0008157365868816593,1.5160496877402876,0.8736489544228667
2023-12-22 14:30:00-05:00,0.0020273145088898215,0.0003012518548845828,1.5165064005208166,0.8754201156238446
2023-12-22 15:30:00-05:00,-0.0024205068144294017,0.00015113967628302484,1.5167356048072724,0.8733011552684885
2023-12-26 09:30:00-05:00,0.0071954537692957565,0.0008345448747286015,1.5180013887325827,0.8795849533578954
2023-12-26 10:30:00-05:00,0.0013291548908456186,0.0001898322159712495,1.5182895543000532,0.8807540580005653
2023-12-26 11:30:00-05:00,0.0006636952915799466,6.538372871826454e-05,1.5183888257323874,0.8813386103219002
2023-12-26 12:30:00-05:00,0.0020726247248163965,0.00010693158893206308,1.5185511894621397,0.8831652945165887
2023-12-26 13:30:00-05:00,0.0010755129516337725,7.295934522573105e-05,1.5186619819626148,0.8841151502292747
2023-12-26 14:30:00-05:00,-0.001900854189533785,0.00025678887246346344,1.519051957460616,0.8824345762419311
2023-12-26 15:30:00-05:00,-0.002732418736711928,0.0002972637782859756,1.5195035165849033,0.8800233954718852
2023-12-27 09:30:00-05:00,0.002241752221798121,0.001099131857766435,1.5211736513079699,0.8819961898739187
2023-12-27 10:30:00-05:00,8.286087570485989e-05,0.0004718347299726579,1.5218913938669762,0.88206927285058
2023-12-27 11:30:00-05:00,-0.00033135284230334516,0.00012323516936237975,1.5220789444106504,0.8817769966899125
2023-12-27 12:30:00-05:00,0.004640350987550779,0.00047807799439470084,1.5228066168597045,0.885868751447302
2023-12-27 13:30:00-05:00,-0.002969322143638431,0.00039533752783902547,1.5234086394629907,0.8832383217472722
2023-12-27 14:30:00-05:00,0.001985485594121039,0.00018873597076087605,1.5236961614714253,0.8849919787112771
2023-12-27 15:30:00-05:00,0.0004953563179757037,0.0002791360638708586,1.5241214800204734,0.8854303650792895
2023-12-28 09:30:00-05:00,0.004703743962607199,0.0012858866277257262,1.5260813274506613,0.8895952028133403
2023-12-28 10:30:00-05:00,-0.0015605950012833603,0.00039210627445555087,1.5266797135144843,0.8882069049866641
2023-12-28 11:30:00-05:00,0.0010694709231944266,0.000318324277540226,1.527165692731324,0.8891568164453278
2023-12-28 12:30:00-05:00,-0.00172738165755415,0.0002444817746866942,1.5275390569101237,0.8876209032699109
2023-12-28 13:30:00-05:00,0.002635876050393726,0.00020304162919561393,1.5278492109288986,0.889960561950669
2023-12-28 14:30:00-05:00,0.00044498536446635484,0.0002598436230966296,1.5282462128034118,0.8903565813756893
2023-12-28 15:30:00-05:00,0.001688864924240141,0.00011144763432957455,1.528416532228502,0.891860273376041
2023-12-29 09:30:00-05:00,-0.0042322951289384125,0.0008454861398755218,1.5297087872224577,0.888085657485338
2023-12-29 10:30:00-05:00,-0.0028253830895195176,0.00046658236650804093,1.530422522368468,0.8855764752866341
2023-12-29 11:30:00-05:00,-0.0045379161403622525,0.00040780271099264374,1.531046632822054,0.8815578035059057
2023-12-29 12:30:00-05:00,0.0,0.00018695810397221426,1.5313328743976193,0.8815578035059057
2023-12-29 13:30:00-05:00,0.0012432782758542427,0.00013727452195350784,1.531543087385904,0.8826538251719144
2023-12-29 14:30:00-05:00,0.004552942123086101,0.0002873787422273043,1.5319832203120238,0.8866724969526426
2023-12-29 15:30:00-05:00,0.0010713216682918247,0.00022826275290001977,1.5323329150192888,0.8876224084113064
2024-01-02 09:30:00-05:00,0.014734880117458049,0.0023023612407610528,1.5358608989307716,0.9007014181888163
2024-01-02 10:30:00-05:00,-0.00016221824946027752,0.00028515692828276853,1.5362988603069803,0.9005553079814713
2024-01-02 11:30:00-05:00,0.0040567951318457585,0.0006023648557255412,1.5372242727483205,0.9042086763708485
2024-01-02 12:30:00-05:00,0.0008080684777462821,0.0002513839493404181,1.537610706257026,0.9049393388995284
2024-01-02 13:30:00-05:00,-0.0033104242048135335,0.0002693710710424006,1.5380248940998167,0.9019436058081475
2024-01-02 14:30:00-05:00,-0.0025113835212003943,0.0003276138626523193,1.538528772376228,0.8996784794994688
2024-01-02 15:30:00-05:00,0.00024369698173254406,0.00025565301191296725,1.5389221018908006,0.8998977284294525
2024-01-03 09:30:00-05:00,-0.00844430727998835,0.0013590395852393908,1.5410135579458701,0.8922987154900307
2024-01-03 10:30:00-05:00,0.005813945860663194,0.0006167823978547036,1.5419640279832665,0.8974864919134291
2024-01-03 11:30:00-05:00,-0.00431489677925645,0.0003953074230695719,1.5425735778096346,0.8936139303400457
2024-01-03 12:30:00-05:00,0.004824172716013209,0.00038756423643203353,1.5431714241604584,0.8979248782814414
2024-01-03 13:30:00-05:00,0.010497200113388505,0.001022816131005758,1.5447498047859969,0.9073505754155518
2024-01-03 14:30:00-05:00,-0.007005981192172439,0.0006245728672396238,1.5457146136007398,0.9009936943494835
2024-01-03 15:30:00-05:00,0.005433507514437164,0.0005840549570482326,1.5466173958829952,0.9058892503581919
2024-01-04 09:30:00-05:00,0.005162117860296522,0.0007498513318231148,1.547777128997119,0.9105655574369166
2024-01-04 10:30:00-05:00,0.0064194784523483595,0.0005357630855799746,1.5486063708475406,0.9164109134123335
2024-01-04 11:30:00-05:00,-0.005182598751144352,0.0005437324886423183,1.549448398443489,0.9116615233569477
2024-01-04 12:30:00-05:00,-0.0015227604161539565,0.00022524071906988665,1.5497973973149162,0.9102732812762492
2024-01-04 13:30:00-05:00,-0.002247541942378417,0.0001295716941702238,1.549998207189307,0.9082274038975544
2024-01-04 14:30:00-05:00,0.0009653669689575484,0.00012159633578058112,1.5501866812917677,0.9091041766335791
2024-01-04 15:30:00-05:00,-0.006510187835671588,0.0006951257085899153,1.5512642559070473,0.903185737681501
2024-01-05 09:30:00-05:00,0.006714681878135842,0.001595391179383445,1.553739129217814,0.9092503425869017
2024-01-05 10:30:00-05:00,0.0003214474023027769,0.0003690691029036308,1.5543125663243809,0.9095426187475693
2024-01-05 11:30:00-05:00,-0.00835476291356807,0.0006762080377301791,1.5553636049748745,0.9019436058081475
2024-01-05 12:30:00-05:00,-0.00028356822275654725,0.0003848438121464721,1.555962177033887,0.9016878432628218
2024-01-05 13:30:00-05:00,0.003524958979755022,0.000366294753487419,1.5565321178159595,0.9048662559228671
2024-01-05 14:30:00-05:00,-0.0013727242730328104,0.00039030099230558005,1.5571396338460985,0.9036241240495134
2024-01-05 15:30:00-05:00,0.003800446572830518,0.0006314152331080677,1.5581228355309855,0.9070582992548843
2024-01-08 09:30:00-05:00,0.003463833633719382,0.0011039641635368135,1.5598429473038002,0.9102001982995878
2024-01-08 10:30:00-05:00,0.003612402258526215,0.00024843464381685016,1.5602304663308237,0.9134882075516362
2024-01-08 11:30:00-05:00,0.005191186151189964,0.0005660993328161225,1.561113711756853,0.9182302948839536
2024-01-08 12:30:00-05:00,0.0009628643380608093,0.000277211863760118,1.5615464709984306,0.9191144260890244
2024-01-08 13:30:00-05:00,-0.0028619175429795973,0.0004362226438793483,1.5622276529285501,0.9164839963889946
2024-01-08 14:30:00-05:00,0.0027106460740125016,0.0001740112340579715,1.5624994980903157,0.9189682601357017
2024-01-08 15:30:00-05:00,0.0005565691078364132,0.00015062441053145914,1.5627348486561712,0.9194797294803754
2024-01-09 09:30:00-05:00,-0.007867116120309658,0.0012540222625082801,1.5646945529467837,0.9122460756782823
2024-01-09 10:30:00-05:00,-0.00184217645454543,0.000569353313444203,1.5655854169750318,0.9105655574369164
2024-01-09 11:30:00-05:00,0.00016046094227006868,0.0002885192296802249,1.566037118473536,0.9107116676442614
2024-01-09 12:30:00-05:00,-0.003369690075433307,0.0003785930621804226,1.5666300092617071,0.9076428515762192
2024-01-09 13:30:00-05:00,8.051953093035635e-05,0.00027463604556707353,1.5670602623323173,0.9077159345528804
2024-01-09 14:30:00-05:00,-0.0019319446726124845,0.0003237934964874322,1.5675676662538645,0.9059622775888755
2024-01-09 15:30:00-05:00,0.0,0.00013593853601363536,1.5677807591075172,0.9059622775888755
2024-01-10 09:30:00-05:00,0.0012904562050655155,0.00039595542558420376,1.5684015304052124,0.9071313822315453
2024-01-10 10:30:00-05:00,0.0005638316066360893,0.00022214580815735024,1.5687499442306994,0.9076428515762189
2024-01-10 11:30:00-05:00,0.003783619514445835,0.0002821588562701206,1.5691925809207372,0.91107702678159
2024-01-10 12:30:00-05:00,0.0017643854069735454,0.00010446057947026603,1.5693564996870406,0.9126845177922722
2024-01-10 13:30:00-05:00,0.0009606525792129617,0.0002900151532311398,1.5698116368527717,0.9135612905282972
2024-01-10 14:30:00-05:00,0.0011997242849188794,0.00014335474601992598,1.570036676801272,0.9146573121943058
2024-01-10 15:30:00-05:00,-0.004872987768528847,0.0005202893320396437,1.5708535501351226,0.9102001982995874
2024-01-11 09:30:00-05:00,-0.021112605441607313,0.0020767892606810825,1.5741158819181458,0.8909835006400155
2024-01-11 10:30:00-05:00,-0.005330502811751514,0.0005228376726326408,1.5749388890023022,0.8862341105846298
2024-01-11 11:30:00-05:00,0.005441471083626359,0.0006459601679864195,1.5759562367916105,0.8910565278706993
2024-01-11 12:30:00-05:00,0.0018860464345169525,0.00016024434550925744,1.5762087748673264,0.8927371018580429
2024-01-11 13:30:00-05:00,0.004159449974232565,0.0004046722154853206,1.5768466227643194,0.8964503971733628
2024-01-11 14:30:00-05:00,-0.006668931038316783,0.0007799093232186226,1.578076420146699,0.890472031295342
2024-01-11 15:30:00-05:00,-0.003692496656231836,0.00036773342072490324,1.5786567315868447,0.887183966297316
2024-01-12 09:30:00-05:00,0.006423972912695808,0.0008269803165163399,1.579962249630403,0.892883212065388
2024-01-12 10:30:00-05:00,0.003846163931593205,0.0004952668330087464,1.5807447525300509,0.896317387270759
2024-01-12 11:30:00-05:00,0.0017934395042553675,0.000338470803420623,1.5812797884764427,0.8979248782814414
2024-01-12 12:30:00-05:00,-0.0017902288371371977,0.0003709134204042154,1.5818663063714025,0.896317387270759
2024-01-12 13:30:00-05:00,-0.0005706341882211197,7.716340015133158e-05,1.581988368554187,0.8958059179260853
2024-01-12 14:30:00-05:00,-0.004078303476533374,0.0003397478481338681,1.5825258456981761,0.8921525495367082
2024-01-12 15:30:00-05:00,0.0,0.00012733348885560553,1.582727354235313,0.8921525495367082
2024-01-16 09:30:00-05:00,-0.004422611976050095,0.0005545916853365313,1.5836051216661264,0.8882069049866635
2024-01-16 10:30:00-05:00,-0.0005758448192669796,0.0006488184671270523,1.5846325939137003,0.8876954356419898
2024-01-16 11:30:00-05:00,0.002324487970531308,0.00027634840742344594,1.5850705046073796,0.8897588730036352
2024-01-16 12:30:00-05:00,0.0034293693759619437,0.0004074581308634687,1.585716354472474,0.8928101848347043
2024-01-16 13:30:00-05:00,-0.008838708646172422,0.000794124867892817,1.586975611262985,0.884918895734615
2024-01-16 14:30:00-05:00,-0.0024771121314994815,0.00019676257129263406,1.5872878686648357,0.8827268524025976
2024-01-16 15:30:00-05:00,-0.0010760471487876178,0.00012334236749639405,1.5874836485084551,0.8817769966899115
2024-01-17 09:30:00-05:00,-0.013092491109207627,0.0011589423115753615,1.5893234504776457,0.8702323392004451
2024-01-17 10:30:00-05:00,-0.00990597780044744,0.0008964013284167698,1.5907481221299378,0.861611836967094
2024-01-17 11:30:00-05:00,-0.009414833143504553,0.0009164593418973373,1.5922059781070694,0.8534999052875804
2024-01-17 12:30:00-05:00,-0.009673805984381945,0.000789206068825466,1.5934625567278118,0.84524331279614
2024-01-17 13:30:00-05:00,0.004927383241013938,0.0004982502310505273,1.5942564998148716,0.8494081505301908
2024-01-17 14:30:00-05:00,-0.00021847960769494357,0.0002559325276565135,1.5946645219106022,0.8492225721706901
2024-01-17 15:30:00-05:00,0.0030578731190418207,0.0003329689307609644,1.5951954956513852,0.8518193870462144
2024-01-18 09:30:00-05:00,-0.008406273301949319,0.0006993435547468585,1.5963110853398301,0.8446587604748049
2024-01-18 10:30:00-05:00,-0.0027681634865752702,0.0008393183420729527,1.5976508985134101,0.8423206069354426
2024-01-18 11:30:00-05:00,-0.002083589786353146,0.0002861933991231164,1.5981081356546678,0.8405655563219971
2024-01-18 12:30:00-05:00,-0.0034753463823350428,0.00031209801472755546,1.5986069020311255,0.8376442998567181
2024-01-18 13:30:00-05:00,0.0008722825772287113,0.00017458103379540258,1.5988859884767146,0.838374962385398
2024-01-18 14:30:00-05:00,0.004706300554131904,0.0005829504305397725,1.599818059752081,0.8423206069354428
2024-01-18 15:30:00-05:00,0.0,0.00026592767209110294,1.6002434956444802,0.8423206069354428
2024-01-19 09:30:00-05:00,-0.011450379153380763,0.0013960942397089177,1.6024775863708811,0.8326757166173261
2024-01-19 10:30:00-05:00,0.0038610253153836815,0.0003863546777439614,1.6030967110823555,0.8358906986386908
2024-01-19 11:30:00-05:00,-0.004108402224075158,0.0009423509939180383,1.6046073908613905,0.8324565234333199
2024-01-19 12:30:00-05:00,0.002545430656987202,0.0002738512651716307,1.6050468146254817,0.8345754837886761
2024-01-19 13:30:00-05:00,0.001138130380219371,0.00033380057073411707,1.6055825801682586,0.8355253395013622
2024-01-19 14:30:00-05:00,0.0015741172503513923,0.00019357760252372252,1.6058933849947814,0.836840554351377
2024-01-19 15:30:00-05:00,0.00026192944745151436,0.0001625966264681805,1.606154497841649,0.8370597475353834
2024-01-22 09:30:00-05:00,0.001134819182812885,0.001246626285062636,1.60815677225653,0.838009658994047
2024-01-22 10:30:00-05:00,-0.00723691527933068,0.000745048864710298,1.6093549276339758,0.8319450540886463
2024-01-22 11:30:00-05:00,0.001932208146177672,0.0006349119645917243,1.610376726332805,0.8335525450993286
2024-01-22 12:30:00-05:00,-0.005873055383865955,0.0005122423121228448,1.6112016294304907,0.8286570448365979
2024-01-22 13:30:00-05:00,0.001498969786226212,0.00021389742366255147,1.6115462613080267,0.8298991767099514
2024-01-22 14:30:00-05:00,0.0018489089724176289,0.00033605221685220946,1.6120878250016992,0.8314335847439724
2024-01-22 15:30:00-05:00,-0.0011424312538188541,0.00016955403722513455,1.6123611610007897,0.8304837290312863
2024-01-23 09:30:00-05:00,0.005454822252431324,0.0008839142382677968,1.6137863499882281,0.8350138701566883
2024-01-23 10:30:00-05:00,0.0016626045102887677,0.00039554918661674997,1.6144246818663393,0.8364021679833644
2024-01-23 11:30:00-05:00,8.737779438994231e-05,0.0001404770141715115,1.6146514714252527,0.8364752509600257
2024-01-23 12:30:00-05:00,0.0028825488468171567,0.0001489130308914612,1.6148919140696958,0.8388864317300716
2024-01-23 13:30:00-05:00,-0.0014806913383875742,9.647395970165533e-05,1.6150477090871362,0.8376442998567181
2024-01-23 14:30:00-05:00,-0.0004361745640616421,0.00021818760467319365,1.6154000924782148,0.8372789407193894
2024-01-23 15:30:00-05:00,0.0013090281060539333,0.0002015071267281924,1.6157256071093666,0.8383749623853981
2024-01-24 09:30:00-05:00,-0.0013073167916300976,0.0017447685776697027,1.6185446743787875,0.8372789407193895
2024-01-24 10:30:00-05:00,-0.001485265194539953,0.0005870585989196017,1.6194948549476171,0.8360353594506177
2024-01-24 11:30:00-05:00,-0.006990023225619257,0.0007902267333806614,1.620774623076569,0.8301914528706189
2024-01-24 12:30:00-05:00,0.002024253845971602,0.00030971247595406497,1.6212765971980456,0.831871971111985
2024-01-24 13:30:00-05:00,0.005270078894708874,0.000693878071163911,1.6224015654761326,0.8362560020300421
2024-01-24 14:30:00-05:00,-0.004281327014723502,0.00043959641448197955,1.6231147673871658,0.8326757166173262
2024-01-24 15:30:00-05:00,0.0012284958825303782,0.00032622212919859673,1.6236442633425165,0.8336986553066736
2024-01-25 09:30:00-05:00,0.009027158572052718,0.0030528702805040103,1.6286010386601857,0.8412245852694341
2024-01-25 10:30:00-05:00,0.007730386614093421,0.0015699123245139115,1.6311577995024944,0.8477275765428472
2024-01-25 11:30:00-05:00,-0.011549701574402715,0.0013678440498752049,1.6333889689929515,0.8379365760173857
2024-01-25 12:30:00-05:00,-0.001482369798508243,0.0005999729924216975,1.6343689582604668,0.8366944441440322
2024-01-25 13:30:00-05:00,-0.0009606201056628905,0.0003322170935051663,1.6349119235654952,0.8358906986386909
2024-01-25 14:30:00-05:00,0.0069056023163480695,0.000715154962454482,1.636081138940809,0.841663027383424
2024-01-25 15:30:00-05:00,0.006858242024338823,0.0005785712229809288,1.637027728406262,0.8474353561281572
2024-01-26 09:30:00-05:00,0.00896700513908577,0.0008421155647961512,1.6384062949363558,0.8550343133216014
2024-01-26 10:30:00-05:00,0.002050978465638842,0.0005039738636153907,1.6392320088869867,0.8567879702856063
2024-01-26 11:30:00-05:00,0.0034112358740552295,0.0005227570914753737,1.640088929044206,0.8597106761463035
2024-01-26 12:30:00-05:00,-0.004419550027843444,0.0005332883861722688,1.6409635694223548,0.8559111418036037
2024-01-26 13:30:00-05:00,-0.004012303424552166,0.00036425036780503826,1.6415612910060715,0.8524769665982328
2024-01-26 14:30:00-05:00,-0.0014570855542411776,0.0002028294051079899,1.6418942479061744,0.8512348347248792
2024-01-26 15:30:00-05:00,0.00394848999547337,0.00020258787069743367,1.6422268757657683,0.8545959269535888
2024-01-29 09:30:00-05:00,0.004018478320640728,0.0014526130432685914,1.644612395945512,0.8580301021589596
2024-01-29 10:30:00-05:00,0.014476683503570342,0.0012877448415731707,1.6467302370747778,0.8704515323844509
2024-01-29 11:30:00-05:00,-0.00923359774600796,0.0008207086458521616,1.6480817228177314,0.8624141330770168
2024-01-29 12:30:00-05:00,0.0022028479108657795,9.612598199528727e-05,1.6482401462917458,0.8643139002483666
2024-01-29 13:30:00-05:00,-0.0014371305066326334,0.0001803444895913075,1.6485373973196527,0.8630717683750131
2024-01-29 14:30:00-05:00,0.010751749183337767,0.000970575062105885,1.65013742660644,0.872351299555801
2024-01-29 15:30:00-05:00,-0.0019264237265671502,0.0004544162793186636,1.650887275916203,0.8706707813144351
2024-01-30 09:30:00-05:00,-0.014266570370854104,0.0014846607349537036,1.6533382834325905,0.8582492953429662
2024-01-30 10:30:00-05:00,0.0027243291104921408,0.00030986242518664885,1.653850590842749,0.8605874488823284
2024-01-30 11:30:00-05:00,0.0026320051095827246,0.0002157280420749791,1.6542073727925959,0.8628525194450295
2024-01-30 12:30:00-05:00,0.0007621641974451254,0.0001896976412831693,1.654521172029408,0.8635101547430258
2024-01-30 13:30:00-05:00,0.00992047237430338,0.0009699839115171331,1.656126030947541,0.8720765833780845
2024-01-30 14:30:00-05:00,-0.008482488670561117,0.000759514698320082,1.6573838830103163,0.8646792036397182
2024-01-30 15:30:00-05:00,0.001859060567104942,0.0002477664756154259,1.6577945271737518,0.8662866946504004
2024-01-31 09:30:00-05:00,0.005313806475924832,0.000973907048115501,1.6594090649480935,0.8708899744984412
2024-01-31 10:30:00-05:00,-0.005034030465857153,0.000957236799004193,1.660997512369663,0.8665058878344065
2024-01-31 11:30:00-05:00,0.0014335593523036039,0.00032307021308751753,1.6615341311899219,0.8677480754537377
2024-01-31 12:30:00-05:00,-0.0016841072249837996,0.00023851969283611877,1.66193043980053,0.8662866946504002
2024-01-31 13:30:00-05:00,-0.00423748009639191,0.0005934518711239624,1.6629167155297073,0.86261582202405
2024-01-31 14:30:00-05:00,-0.006586641916406344,0.0014044818702214678,1.665252251908357,0.8569340804929511
2024-01-31 15:30:00-05:00,-0.0005115753685046576,0.00025165859114871915,1.6656713269439796,0.8564956941249386
2024-02-01 09:30:00-05:00,-0.004777320873247448,0.0005556284473042119,1.6665968213170888,0.852403939367549
2024-02-01 10:30:00-05:00,0.0008571787329163527,0.0005465591862712407,1.66750771511959,0.853134601896229
2024-02-01 11:30:00-05:00,0.011733428332666884,0.0012035931199871966,1.6695147159330335,0.8631447956056967
2024-02-01 12:30:00-05:00,0.005333149051557129,0.000610536217159471,1.6705340151321915,0.8677480754537377
2024-02-01 13:30:00-05:00,-0.0019367072482009418,0.00021258409100515806,1.6708891440872917,0.866067501466394
2024-02-01 14:30:00-05:00,0.0037644268485688137,0.00028858717507188676,1.6713713412652422,0.869327749221587
2024-02-01 15:30:00-05:00,0.00440259251241204,0.00048090301234535366,1.6721751087780043,0.8731550450611419
2024-02-02 09:30:00-05:00,-0.02259411672169198,0.0015947171218227713,1.6748417550546584,0.8534268780568963
2024-02-02 10:30:00-05:00,0.004880134245986545,0.0006727617458616475,1.675968524517831,0.8575917157909472
2024-02-02 11:30:00-05:00,-0.006560486107540453,0.00125187853396646,1.6780666335372783,0.8519654972535589
2024-02-02 12:30:00-05:00,0.0032590470650550873,0.0007254448968291107,1.6792839784131168,0.8547420929069113
2024-02-02 13:30:00-05:00,0.007437126792798399,0.0007196200686333666,1.6804924248649176,0.8610989182270018
2024-02-02 14:30:00-05:00,0.001357689131786577,0.00018201702554193998,1.6807983030975373,0.8622680228696717
2024-02-02 15:30:00-05:00,-0.014659802776178954,0.0013024709885660686,1.682987494124953,0.8496273437141966
2024-02-05 09:30:00-05:00,-0.02270381335881544,0.0009226156845750566,1.6845402447839761,0.8303375630779634
2024-02-05 10:30:00-05:00,0.0022879455968578544,0.00033624071476405753,1.685106655799931,0.8322373302493132
2024-02-05 11:30:00-05:00,0.0009358902455010032,0.0003437666585624146,1.6856859392843166,0.8330162130486354
2024-02-05 12:30:00-05:00,-0.0065487199319711475,0.0005127503935285926,1.6865502754130501,0.8275610231705887
2024-02-05 13:30:00-05:00,-0.002560488345908052,0.0003835060194040642,1.6871970775956984,0.8254420628152326
2024-02-05 14:30:00-05:00,0.003363700533875358,0.0004364932843187013,1.6879335277893908,0.8282186027226074
2024-02-05 15:30:00-05:00,-0.012968692020218553,0.0014416044265720789,1.6903668602348114,0.8174776907384822
2024-02-06 09:30:00-05:00,0.0010726023375762228,0.0010531342269827558,1.6921470434314823,0.8183545192204847
2024-02-06 10:30:00-05:00,0.0017856870378767375,0.0005137785855532979,1.6930164323460049,0.8198158442778446
2024-02-06 11:30:00-05:00,0.0018717176433085125,0.0004058448815100464,1.693703534399385,0.8213503080578433
2024-02-06 12:30:00-05:00,-0.00026693717386228055,0.00030518596131444984,1.6942204289407121,0.8211310591278593
2024-02-06 13:30:00-05:00,0.002402600810285538,0.00019984587246132683,1.6945590119004754,0.8231039092758705
2024-02-06 14:30:00-05:00,0.003105194009100254,0.0004471947729026666,1.6953168098329723,0.825659806603821
2024-02-06 15:30:00-05:00,-0.0049539838675156656,0.00038390538221023203,1.6959676510808188,0.8215695012418496
2024-02-07 09:30:00-05:00,-0.004980480041167801,0.0014844163440184065,1.6984851731810098,0.8174776907384823
2024-02-07 10:30:00-05:00,0.0026814717476106864,0.0005056976982325526,1.6993440932235695,0.8196697340704996
2024-02-07 11:30:00-05:00,-0.0004457394510767321,0.00010310808900838004,1.6995193093455894,0.8193043749331708
2024-02-07 12:30:00-05:00,0.0037457041704069827,0.0003519476164254422,1.7001174511155828,0.8223732467471906
2024-02-07 13:30:00-05:00,0.003109715367667576,0.00038516150079977087,1.7007722709045903,0.824930593470559
2024-02-07 14:30:00-05:00,0.001007972075200092,0.00018014436528770216,1.7010786554458315,0.8257621004727556
2024-02-07 15:30:00-05:00,-0.002245738440262879,0.0003052516968158445,1.7015979125918235,0.8239076547812116
2024-02-08 09:30:00-05:00,-0.0019510572590920594,0.0004490293286885656,1.7023619799602123,0.8223001637705293
2024-02-08 10:30:00-05:00,-0.009418851519197968,0.0009689622362509552,1.7040115044312232,0.8145550406237625
2024-02-08 11:30:00-05:00,-0.0018371318678663817,0.0002846969897378446,1.7044966313770133,0.8130585956005014
2024-02-08 12:30:00-05:00,0.00130126280565257,0.0006987148648955346,1.705687588510521,0.8141165985097725
2024-02-08 13:30:00-05:00,0.006313046757877139,0.0006491329965503205,1.7067948066060294,0.8192561546625285
2024-02-08 14:30:00-05:00,-0.0009222087992859507,0.00019414545217965036,1.7071261730555358,0.8185006294278296
2024-02-08 15:30:00-05:00,0.00464206648852028,0.00046770533752659685,1.7079246050785053,0.8223001637705293
2024-02-09 09:30:00-05:00,-0.005509176661971149,0.0010806851744392762,1.709770333878274,0.8177699668991496
2024-02-09 10:30:00-05:00,-0.0018763320935339944,0.0001576551549831615,1.710039887985247,0.8162355588651284
2024-02-09 11:30:00-05:00,0.0015217811327414843,0.0002834385960957923,1.7105245792903652,0.8174776907384821
2024-02-09 12:30:00-05:00,0.0021452046751522236,0.00038949952438942876,1.711190827800455,0.819231347702487
2024-02-09 13:30:00-05:00,0.0022297537805546774,0.00024535496120982477,1.7116106769596326,0.8210580318971755
2024-02-09 14:30:00-05:00,0.004271564615171863,0.00037718910996845784,1.7122562778674875,0.8245652343332301
2024-02-09 15:30:00-05:00,0.002569791045179848,0.00030453612151033716,1.712777721753381,0.8266841946885863
2024-02-12 09:30:00-05:00,0.009280564410661274,0.000935114532386996,1.7143793650917414,0.8343562906046694
2024-02-12 10:30:00-05:00,0.001663848042294358,0.0005002239019590185,1.7152369386271855,0.835744532685368
2024-02-12 11:30:00-05:00,0.004983386155896996,0.0003929545918954046,1.715910948858408,0.8399093704194188
2024-02-12 12:30:00-05:00,0.000695970710557825,0.00019193884337340912,1.7162402988212633,0.8404939227407539
2024-02-12 13:30:00-05:00,0.0005215818415233997,6.0622926042130514e-05,1.7163443423299691,0.8409323091087662
2024-02-12 14:30:00-05:00,-0.004865736175276858,0.0004618498209171851,1.7171370356571065,0.8368405543513765
2024-02-12 15:30:00-05:00,0.004976859346018436,0.0003400250319361693,1.7177209052324944,0.8410053920854274
2024-02-13 09:30:00-05:00,-0.037098146826009426,0.0030367058681143207,1.7229371183851965,0.8098056505683765
2024-02-13 10:30:00-05:00,-0.0015338641715846313,0.001279864947699564,1.7251422452101082,0.8085635186950229
2024-02-13 11:30:00-05:00,-0.0015362894696708818,0.0003692317666689519,1.7257792225290625,0.8073213310756917
2024-02-13 12:30:00-05:00,-0.002443629724740326,0.00025285751600023776,1.7262155987764358,0.8053485366736582
2024-02-13 13:30:00-05:00,-0.0030847755717615666,0.0002890467782051229,1.7267145558337496,0.8028642171809734
2024-02-13 14:30:00-05:00,0.0008191114810238709,0.00023080018508905156,1.727113081872832,0.8035218524789697
2024-02-13 15:30:00-05:00,0.004819485072417251,0.00045324007687262116,1.7278958787388277,0.8073944140523531
2024-02-14 09:30:00-05:00,0.004886886113369737,0.0010446985358643307,1.7297010090334721,0.8113400586023979
2024-02-14 10:30:00-05:00,0.0055835981760634645,0.0007344963093000087,1.7309714680408,0.8158702554737775
2024-02-14 11:30:00-05:00,-0.008328857913976306,0.0007988756898551743,1.7323542990664507,0.8090749880396968
2024-02-14 12:30:00-05:00,0.006141066418862362,0.0006288271792300114,1.7334436505337598,0.8140435712790889
2024-02-14 13:30:00-05:00,0.0015258788560934544,0.0004470176389299871,1.7342185304216395,0.8152857031524424
2024-02-14 14:30:00-05:00,0.00200751944579336,0.0003015271258763666,1.7347414443507592,0.8169224050553983
2024-02-14 15:30:00-05:00,0.0017530602126027972,0.00024869806775737707,1.735172871196028,0.8183545192204846
2024-02-15 09:30:00-05:00,0.026250021798270184,0.0019030507784278936,1.7384749932792645,0.8398363431887352
2024-02-15 10:30:00-05:00,-0.015747391243627118,0.0014842089201274672,1.741055253371708,0.8266111117119251
2024-02-15 11:30:00-05:00,0.0049942760993850754,0.0005647346874934809,1.74203848766613,0.8307394358306341
2024-02-15 12:30:00-05:00,0.00365012460214853,0.0005827955424929328,1.7430537399315926,0.8337717382833345
2024-02-15 13:30:00-05:00,0.0014511962791607935,0.00018549364268364863,1.743377065319206,0.8349817047276007
2024-02-15 14:30:00-05:00,0.0009135864336287103,0.0002636301167631373,1.7438366720184983,0.835744532685368
2024-02-15 15:30:00-05:00,0.0013988780027234249,0.000237062931233347,1.7442500710515594,0.8369136373280379
2024-02-16 09:30:00-05:00,-0.008381343432855792,0.000822750556195113,1.7456851537676603,0.8298991767099511
2024-02-16 10:30:00-05:00,0.005282606660048872,0.0006178343261028582,1.7467636979782264,0.8342832076280081
2024-02-16 11:30:00-05:00,-0.000875796758222247,0.00029927710708107613,1.7472864643645116,0.8335525450993283
2024-02-16 12:30:00-05:00,0.0051717770724124534,0.0004907715681659357,1.7481439828826628,0.837863493040724
2024-02-16 13:30:00-05:00,0.0010622070780184067,0.0001288784044412362,1.7483692808899105,0.8387534775734451
2024-02-16 14:30:00-05:00,-0.006397651042061692,0.0017164770776098902,1.7513703166837553,0.8333874255136144
2024-02-16 15:30:00-05:00,2.2742882614945614e-05,0.0005987676443352708,1.752418980562635,0.8334063791460057
2024-02-20 09:30:00-05:00,0.000263008766780537,0.0008788016788348424,1.7539590093047752,0.8336255723300119
2024-02-20 10:30:00-05:00,-0.010956262951380746,0.001209814477449842,1.756080974307086,0.8244921513565691
2024-02-20 11:30:00-05:00,-0.006026167120256387,0.0005730952572636789,1.7570873759848324,0.8195236238631547
2024-02-20 12:30:00-05:00,0.005624093431238375,0.0005905835343327847,1.758125082857473,0.8241327012928681
2024-02-20 13:30:00-05:00,0.0030959739756906135,0.0004491785724608574,1.7589147949723987,0.8266841946885864
2024-02-20 14:30:00-05:00,0.0035036278398321574,0.0003649712187014997,1.7595567482487118,0.8295805884478467
2024-02-20 15:30:00-05:00,-0.0025225376329433002,0.00032089907832952877,1.760121388387493,0.8274879401939277
2024-02-21 09:30:00-05:00,0.00679908735599466,0.0009154626796639144,1.76173271383024,0.8331141029853383
2024-02-21 10:30:00-05:00,-0.006051524577497691,0.000444515867888309,1.7625158319765155,0.8280724925152626
2024-02-21 11:30:00-05:00,0.01014737057529791,0.0008712101389422013,1.7640513536393794,0.8364752509600256
2024-02-21 12:30:00-05:00,-0.0019217436604818117,0.00043863848964620323,1.7648251344607981,0.8348677599493433
2024-02-21 13:30:00-05:00,-0.004551061287754399,0.00047582098019521434,1.7656648752861503,0.8310682256066436
2024-02-21 14:30:00-05:00,0.0006154360483465737,0.00019548673220563662,1.7660100393427902,0.8315796949513173
2024-02-21 15:30:00-05:00,0.0034267586153637897,0.0002824732905098048,1.7665088900096766,0.8344293178353533
2024-02-22 09:30:00-05:00,-0.009106771575520756,0.0010251547901945117,1.7683198350601912,0.8268303606419092
2024-02-22 10:30:00-05:00,-0.002120939248824283,0.0006556850980644204,1.7694792960246517,0.8250767036779042
2024-02-22 11:30:00-05:00,0.006110542442392841,0.0005323437929673051,1.7704212673446749,0.8301183698939576
2024-02-22 12:30:00-05:00,0.0008801907717970181,0.0005058367930882829,1.7713168115609639,0.8308490324226374
2024-02-22 13:30:00-05:00,-0.0011432350229938493,0.00026624039152702656,1.7717884076423922,0.8298991767099513
2024-02-22 14:30:00-05:00,-0.004314188107629402,0.00035602566622447765,1.772419209790632,0.8263188355512577
2024-02-22 15:30:00-05:00,0.0020338081561730448,0.0003195976007494826,1.7729856707176033,0.8279994095386013
2024-02-23 09:30:00-05:00,0.011471964836381687,0.001258062085513954,1.7752161967680928,0.837498189649373
2024-02-23 10:30:00-05:00,-0.0058925123371939,0.0007007095560443596,1.7764601077212128,0.8325632212344865
2024-02-23 11:30:00-05:00,-0.001005761855063847,0.00022098171812532218,1.776852672927998,0.8317258609046397
2024-02-23 12:30:00-05:00,0.0011420297929092271,0.00032780269344202947,1.7774351300200337,0.8326757166173259
2024-02-23 13:30:00-05:00,0.004475273256648871,0.00036022356584042726,1.7780754040406195,0.8364021679833643
2024-02-23 14:30:00-05:00,0.0011356447281531956,0.00018360489022235894,1.7784018673799855,0.8373520236960506
2024-02-23 15:30:00-05:00,-0.00942409987290338,0.0009043931409810664,1.780010241830752,0.8294607345959613
2024-02-26 09:30:00-05:00,-0.0324171988548112,0.001497061656913328,1.78267502691271,0.8025719410203062
2024-02-26 10:30:00-05:00,-0.0006372878473965837,0.0006258121190884828,1.7837906465489486,0.8020604716756324
2024-02-26 11:30:00-05:00,0.0039172844887114255,0.00038160612897462237,1.784471351992479,0.805202370720336
2024-02-26 12:30:00-05:00,-0.0015426331547464534,0.00042581724668021347,1.7852312106703643,0.8039602388469823
2024-02-26 13:30:00-05:00,0.0005452836431825148,0.0002453988055106677,1.785669304277023,0.8043986252149947
2024-02-26 14:30:00-05:00,0.007539302921831581,0.0006053928888007004,1.7867503357755823,0.8104632301203955
2024-02-26 15:30:00-05:00,-0.0055895702075577924,0.0004149396973901129,1.7874917294192205,0.8059330889949934
2024-02-27 09:30:00-05:00,0.004351729050395603,0.0016803125830865664,1.790495274264327,0.809440291431048
2024-02-27 10:30:00-05:00,0.0015345565157840468,0.0003321274749859076,1.7910899469387425,0.8106824233044017
2024-02-27 11:30:00-05:00,-0.005768358785507632,0.0008547828119686451,1.7926209398400756,0.8060061162256771
2024-02-27 12:30:00-05:00,0.011603651596646669,0.001384302937989931,1.7951024702737983,0.8153587303831261
2024-02-27 13:30:00-05:00,-0.0008244039992550967,0.00031985464967388907,1.7956766421455566,0.8146865453849708
2024-02-27 14:30:00-05:00,-0.005632373189320639,0.0004295989193225998,1.796448062890475,0.8100979267290442
2024-02-27 15:30:00-05:00,0.002074463081459088,0.00028653113556273554,1.7969628011939145,0.8117784449704102
2024-02-28 09:30:00-05:00,-0.0033302891293349735,0.0007013881178956681,1.7982231695509725,0.8090749880396968
2024-02-28 10:30:00-05:00,-0.005057393398455234,0.0008129285703886341,1.7996849965414352,0.8049831775363296
2024-02-28 11:30:00-05:00,-0.0012707578467392455,0.0002455202895347752,1.8001268557228576,0.8039602388469823
2024-02-28 12:30:00-05:00,-0.0026356531740860945,0.00043665718306449294,1.8009128940448362,0.8018412784916262
2024-02-28 13:30:00-05:00,0.0019136056912754107,0.0002462506186441544,1.801356369959119,0.8033756865256474
2024-02-28 14:30:00-05:00,-0.0009094904674546989,0.0004558582881300854,1.8021775331902408,0.8026450239969675
2024-02-28 15:30:00-05:00,0.0020937948122756733,0.0002542416539249953,1.8026357217869458,0.8043255979843112
2024-02-29 09:30:00-05:00,0.0013626591877162753,0.0011905131251763543,1.8047817832736448,0.80542161965032
2024-02-29 10:30:00-05:00,0.006259591681018639,0.000923480780049329,1.8064484645626813,0.8104632301203957
2024-02-29 11:30:00-05:00,-0.003966776228589097,0.0004509956877364656,1.8072631650303173,0.8072483038450086
2024-02-29 12:30:00-05:00,0.0029869133927704627,0.00029205883135820677,1.8077909921982527,0.8096594846150544
2024-02-29 13:30:00-05:00,0.00216591912690145,0.0006629980852099245,1.80898955416454,0.8114131415790593
2024-02-29 14:30:00-05:00,-0.000270206284257557,0.0005484505146616366,1.8099816954165389,0.8111938926490755
2024-02-29 15:30:00-05:00,-0.006845564130931736,0.0007118354285210485,1.8112701045123112,0.8056408128343261
2024-03-01 09:30:00-05:00,-0.003355729543020325,0.0018423098896165457,1.814607025338621,0.802937300157635
2024-03-01 10:30:00-05:00,0.0010920260919879965,0.0004710781361182366,1.8154618470339043,0.8038141286396375
2024-03-01 11:30:00-05:00,-0.0008181434918408392,0.00016370388029078969,1.8157590451827839,0.8031564933416413
2024-03-01 12:30:00-05:00,0.0036390241315698013,0.0003810780762620816,1.8164509911466775,0.8060791992023385
2024-03-01 13:30:00-05:00,0.0021754701272065358,0.0003077109627033622,1.8170099330298668,0.8078328004203658
2024-03-01 14:30:00-05:00,0.002469271260313155,0.0004674464425891842,1.8178592878592108,0.809827558737582
2024-03-01 15:30:00-05:00,-0.0039067665452636735,0.0005047969569007796,1.8187769376957958,0.8066637515236735
2024-03-04 09:30:00-05:00,-0.018387669848184074,0.0018546668999853354,1.8221501630805967,0.7918310847821586
2024-03-04 10:30:00-05:00,0.0060902096150925455,0.0010039865400666096,1.8239795773183098,0.796653502068228
2024-03-04 11:30:00-05:00,-0.0006420223388786672,0.0003139478370953405,1.824552211761515,0.7961420327235543
2024-03-04 12:30:00-05:00,-0.0036710859878844593,0.00033294295809630664,1.8251596835721,0.793219326862857
2024-03-04 13:30:00-05:00,0.005526953914970267,0.0004525497099175257,1.8259856590574537,0.7976034135268918
2024-03-04 14:30:00-05:00,0.006137762426421389,0.000648424294973554,1.82716967252106,0.8024989137896226
2024-03-04 15:30:00-05:00,0.0010015533872136384,0.0003463541296512161,1.8278025202827108,0.8033026592949638
2024-03-05 09:30:00-05:00,0.021921011271573088,0.0020136228388631452,1.8314830251824838,0.8209118659438533
2024-03-05 10:30:00-05:00,-0.006141475935762086,0.0011361838334723268,1.833563926586975,0.8158702554737777
2024-03-05 11:30:00-05:00,-0.008508011342284183,0.0011399932526223277,1.835654177091536,0.8089288220863745
2024-03-05 12:30:00-05:00,0.004064714852841433,0.0003496739074015956,1.8362960574602776,0.8122168870844005
2024-03-05 13:30:00-05:00,0.002878730517110295,0.0003211088999424094,1.8368857084672572,0.8145550406237627
2024-03-05 14:30:00-05:00,-0.008880565692075626,0.0009273957158962796,1.8385892284038807,0.807321331075692
2024-03-05 15:30:00-05:00,0.0033487442640576237,0.0005322673907125337,1.8395678494950753,0.8100248437523832
2024-03-06 09:30:00-05:00,0.010283234560455101,0.0016443002780352177,1.842592651421465,0.8183545192204849
2024-03-06 10:30:00-05:00,0.0047321319580078125,0.0009422441613275882,1.844328823588972,0.8222270807938682
2024-03-06 11:30:00-05:00,-0.005541599557192689,0.0004148384502454357,1.8450939220998925,0.817670627567029
2024-03-06 12:30:00-05:00,-0.002469968903303532,0.0002917547013768586,1.8456322369261469,0.8156510065437937
2024-03-06 13:30:00-05:00,-0.007883161113228732,0.0008077336002683262,1.8471230160976504,0.8092210982470418
2024-03-06 14:30:00-05:00,0.0023476490856024768,0.00034142402559819533,1.8477536682735813,0.8111208654183917
2024-03-06 15:30:00-05:00,0.0006305710609599835,0.0002324285833685248,1.8481831390411123,0.8116323347630653
2024-03-07 09:30:00-05:00,0.0031508684583334556,0.0010171117203793393,1.8500629477732387,0.8141896814864338
2024-03-07 10:30:00-05:00,0.011038350117248186,0.000957351303463943,1.8518341079477798,0.8231769922525318
2024-03-07 11:30:00-05:00,-0.0015090164460648259,0.00047519734093642884,1.852714094591732,0.8219348046332006
2024-03-07 12:30:00-05:00,-0.001600144978167517,0.00018257956619464479,1.8530523623274053,0.8206195897831856
2024-03-07 13:30:00-05:00,-0.00016738339002453362,0.0001828861748036631,1.8533912599856623,0.8204822316943272
2024-03-07 14:30:00-05:00,0.00070178265976506,0.00015631706027041672,1.8536809766589544,0.8210580318971756
2024-03-07 15:30:00-05:00,0.0008008929046090518,0.00012017129360981907,1.8539037358998596,0.8217156114491944
2024-03-08 09:30:00-05:00,0.004179274626795015,0.0009301419346233788,1.855628129507375,0.8251497866545653
2024-03-08 10:30:00-05:00,0.016027606071925105,0.0016538861881919512,1.8586971272411876,0.8383749623853977
2024-03-08 11:30:00-05:00,0.0027889114587935637,0.000610532836669064,1.8598319228707907,0.84071311592476
2024-03-08 12:30:00-05:00,0.009907869058209284,0.0009418682255094543,1.8615836394637306,0.8490427913928615
2024-03-08 13:30:00-05:00,0.00025823071841180045,0.00031715089790877856,1.8621740423865187,0.8492620403228452
2024-03-08 14:30:00-05:00,-0.003871673101951023,0.00026288834167422686,1.8626635862324306,0.8459739753248192
2024-03-08 15:30:00-05:00,-0.0012091845839047322,0.00034378080868948237,1.863303934226422,0.8449510366354719
2024-03-11 09:30:00-04:00,-0.008906942102501203,0.0014212190362800543,1.86595209724812,0.8374251066727114
2024-03-11 10:30:00-04:00,0.0023557860712726253,0.0007708318705906273,1.8673904325936743,0.839397901074745
2024-03-11 11:30:00-04:00,0.0031337101232464804,0.0005037098225182306,1.8683310554970483,0.8420283307747748
2024-03-11 12:30:00-04:00,0.003471030313205725,0.00020722715156162465,1.868718224419853,0.844951036635472
2024-03-11 13:30:00-04:00,-0.003804932927435112,0.00034613779716352925,1.8693650584295733,0.8417360546141073
2024-03-11 14:30:00-04:00,0.00034723017870663675,0.00032074161398116705,1.8699646415955342,0.8420283307747748
2024-03-11 15:30:00-04:00,0.004338771340407943,0.0004583525166940096,1.870821744595138,0.8456816991641519
2024-03-12 09:30:00-04:00,0.00043202914014806026,0.0009182878251020407,1.8725396974261357,0.8460470583014807
2024-03-12 10:30:00-04:00,-0.008981785191331526,0.0008841753934271602,1.8741953509498155,0.8384480453620589
2024-03-12 11:30:00-04:00,-0.008714596949891074,0.0010068187370319895,1.87608232594601,0.8311413085833045
2024-03-12 12:30:00-04:00,0.001758214929601598,0.0007323238987948705,1.877456225869407,0.8326026336406642
2024-03-12 13:30:00-04:00,0.0022817213092911626,0.00043025318116840473,1.8782640073830916,0.8345024008120141
2024-03-12 14:30:00-04:00,0.0050906051564179045,0.0003939904855825069,1.8790040255314127,0.8387505230366309
2024-03-12 15:30:00-04:00,-0.004629222850712211,0.0002801985620954347,1.8795305197575383,0.8348677599493429
2024-03-13 09:30:00-04:00,0.0405215925683049,0.0021801511441118587,1.883628180370581,0.8686979311664236
2024-03-13 10:30:00-04:00,0.007149453095170122,0.0010255511385732878,1.8855599373956087,0.8749086462791692
2024-03-13 11:30:00-04:00,-0.007850299221494605,0.0008050225568733337,1.887077855677549,0.868040351614405
2024-03-13 12:30:00-04:00,-0.0010943171672803675,0.0006749797606972238,1.8883515950369913,0.8670904401557412
2024-03-13 13:30:00-04:00,0.0017696055255151943,0.00044817259161494913,1.8891979024652195,0.8686248481897623
2024-03-13 14:30:00-04:00,-0.00042055369715987556,0.0002040092175619657,1.889583316251121,0.8682595447984112
2024-03-13 15:30:00-04:00,0.0022721252116975066,0.00038730143946814053,1.8903151545895003,0.8702323392004446
2024-03-14 09:30:00-04:00,0.0009235987553388725,0.0016935920342602319,1.8935165772775544,0.8710360847057858
2024-03-14 10:30:00-04:00,0.006626968556283197,0.0007626263126522874,1.8949606228428297,0.8768084134505191
2024-03-14 11:30:00-04:00,-0.004833348592122366,0.0010483749063584585,1.8969472520083557,0.8725704927398069
2024-03-14 12:30:00-04:00,-0.005375969694015437,0.0005640284087253166,1.898017184148342,0.8678795802149456
2024-03-14 13:30:00-04:00,0.009782978031880996,0.0010413988528646771,1.8999937770666313,0.8763700270825066
2024-03-14 14:30:00-04:00,-0.009421417874028615,0.0009632280494576551,1.9018239043664968,0.8681133788450884
2024-03-14 15:30:00-04:00,0.0026092516990028347,0.0004044842725326554,1.9025931622249397,0.870378505153767
2024-03-15 09:30:00-04:00,-0.004701185150067899,0.0016664800319212132,1.9057637957386575,0.8662866946503999
2024-03-15 10:30:00-04:00,-0.002361663166857708,0.000910550000345011,1.9074990889635248,0.8642408172717051
2024-03-15 11:30:00-04:00,0.0001691264175465168,0.0003585613012585822,1.9081830443190133,0.8643869832250277
2024-03-15 12:30:00-04:00,0.0011834267627801598,0.0005108372267973626,1.909157815253595,0.865409921914375
2024-03-15 13:30:00-04:00,0.0032083522930181907,0.00027225295154877734,1.9096775891037705,0.8681864618217497
2024-03-15 14:30:00-04:00,0.008500270483290162,0.0007886889673619494,1.9111837307495148,0.8755662815771653
2024-03-15 15:30:00-04:00,0.00275391659861568,0.00045070389707579776,1.9120451087049914,0.8779775180931889
2024-03-18 09:30:00-04:00,-0.003666820490561884,0.0013690242760814406,1.9146627448757716,0.8747581321395922
2024-03-18 10:30:00-04:00,0.014706095089677351,0.0013923023219351354,1.9173285342611848,0.8876224084113056
2024-03-18 11:30:00-04:00,0.004527456430399424,0.0006284467711873184,1.9185334731878463,0.8916410801920339
2024-03-18 12:30:00-04:00,-0.0043431843366271705,0.0004481996193910257,1.919393359160318,0.8877685186186506
2024-03-18 13:30:00-04:00,-0.004156355995209582,0.0006915319766354358,1.920720681043919,0.8840786366139316
2024-03-18 14:30:00-04:00,-0.005413499680340439,0.0005334524972075612,1.9217452942876603,0.8792926771972263
2024-03-18 15:30:00-04:00,0.0,0.0003720682043745982,1.9224603146085713,0.8792926771972263
2024-03-19 09:30:00-04:00,0.005482842927790665,0.0011674962274123976,1.9247047797732268,0.8841137008338552
2024-03-19 10:30:00-04:00,0.006943769252430343,0.0008879591060093238,1.9264138389088061,0.8902527823653578
2024-03-19 11:30:00-04:00,-0.00024621454529327735,0.00022763509785043688,1.9268523583115267,0.8900335891813516
2024-03-19 12:30:00-04:00,0.0008210007841722433,0.0002104753386596918,1.9272579132141894,0.8907643074560091
2024-03-19 13:30:00-04:00,0.0031990761868023743,0.00038213346745737803,1.9279943829632507,0.8936139303400451
2024-03-19 14:30:00-04:00,0.0020441536693518447,0.00032679568303388385,1.9286244432045168,0.8954406145347337
2024-03-19 15:30:00-04:00,-0.0004080216280100135,0.00010182740135482513,1.9288208300197578,0.895075255397405
2024-03-20 09:30:00-04:00,0.007346951231664622,0.0011114183867854167,1.9309645569550566,0.9016513296474794
2024-03-20 10:30:00-04:00,-0.0010535241588731648,0.00035995346274676385,1.9316596143337739,0.9007014181888157
2024-03-20 11:30:00-04:00,0.0027582053747405855,0.00044042877747881655,1.93251037281622,0.9031857376815006
2024-03-20 12:30:00-04:00,0.006355462753852903,0.0005099103656920972,1.9334957798871264,0.9089259009971465
2024-03-20 13:30:00-04:00,-0.005189889100006284,0.0005583661203919681,1.9345753784245363,0.904208676370848
2024-03-20 14:30:00-04:00,0.007919219045928072,0.001073886839155901,1.9366528934627816,0.9113693029422575
2024-03-20 15:30:00-04:00,-0.002645729352787174,0.0005645604357734759,1.9377462510642571,0.908958066426234
2024-03-21 09:30:00-04:00,0.010932480656510535,0.001687164179213285,1.9410155471274577,0.9188952329050181
2024-03-21 10:30:00-04:00,-0.004134893953783858,0.000644821509748137,1.942267155703001,0.9150956985623183
2024-03-21 11:30:00-04:00,-0.009980836963600859,0.0010363526802734614,1.9442800294756208,0.9059622775888754
2024-03-21 12:30:00-04:00,0.0001613377918026071,0.00024396258003289226,1.9447543610479179,0.906108443542198
2024-03-21 13:30:00-04:00,0.0029029965660034573,0.0003716127703951587,1.9454770566037651,0.9087388732422277
2024-03-21 14:30:00-04:00,-0.005065569421078164,0.0011236727677535188,1.94766313619256,0.9041355933941868
2024-03-21 15:30:00-04:00,-0.008404727117195532,0.0008064917663073121,1.9492339104754397,0.896536580454765
2024-03-22 09:30:00-04:00,0.010024477485948369,0.0010398364701572963,1.9512607949844196,0.905523891220863
2024-03-22 10:30:00-04:00,-0.0019866098678057442,0.00019603787003834612,1.9516433159945576,0.9037249685230297
2024-03-22 11:30:00-04:00,0.0017480202150537139,0.0001391731912580682,1.9519149324230423,0.9053046980368568
2024-03-22 12:30:00-04:00,-0.00032284838607521404,9.873864434180955e-05,1.9521076618573403,0.9050124218761892
2024-03-22 13:30:00-04:00,-0.00024219908888301056,8.261010250876761e-05,1.9522689256713948,0.904793228692183
2024-03-22 14:30:00-04:00,0.00032303088860419216,0.0001873493780261189,1.9526346820403593,0.9050855048528506
2024-03-22 15:30:00-04:00,-0.002583350994823874,0.0002445170416896529,1.9531121344963123,0.9027473513134883
2024-03-25 09:30:00-04:00,-0.0006475259334568495,0.0010220306340893502,1.9551082749295792,0.9021627989921533
2024-03-25 10:30:00-04:00,0.006965259592200956,0.0006657800560717432,1.956409947026488,0.9084465970815603
2024-03-25 11:30:00-04:00,0.0020107777392275317,0.0003867722172899915,1.9571666320396275,0.9102732812762488
2024-03-25 12:30:00-04:00,-0.0015251439927246313,0.0004105415641270134,1.9579701302900026,0.9088849834495727
2024-03-25 13:30:00-04:00,0.002894128242768801,0.00016134787665161748,1.958286044613072,0.9115154131496026
2024-03-25 14:30:00-04:00,-0.0010420621516470385,0.0001451184350320103,1.9585702280192114,0.9105655574369165
2024-03-25 15:30:00-04:00,0.0049750850868481855,0.00045668271149062784,1.9594646731815881,0.9150956985623184
2024-03-26 09:30:00-04:00,-0.00646756285859118,0.0010154139024270241,1.9614543408520513,0.9091772596102402
2024-03-26 10:30:00-04:00,0.002812814218939863,0.0005214379931738478,1.9624771176672475,0.9117346063336087
2024-03-26 11:30:00-04:00,-0.00040066855948373004,0.0004323801643802454,1.963325653845977,0.9113693029422576
2024-03-26 12:30:00-04:00,-0.01234667581239779,0.0010825136982941972,1.9654509807604774,0.9001169216134586
2024-03-26 13:30:00-04:00,-0.0004870946245562058,0.0006270743044378104,1.9666834645671445,0.8996784794994686
2024-03-26 14:30:00-04:00,0.0005685023664878663,0.0003847013352865509,1.9674400503220493,0.9001899488441422
2024-03-26 15:30:00-04:00,-0.002597400184666032,0.00038460018853574444,1.9681967281363357,0.8978517953047799
2024-03-27 09:30:00-04:00,0.015706383042925154,0.000570959750195537,1.969320489248568,0.9119537995176148
2024-03-27 10:30:00-04:00,0.004807356103295746,0.000447822760808398,1.97020239578698,0.9163378861816496
2024-03-27 11:30:00-04:00,0.00263132279741618,0.000562751556422893,1.9713111302516773,0.9187490669516954
2024-03-27 12:30:00-04:00,0.004056005605972857,0.0006014299976780368,1.972496735900167,0.9224755183177339
2024-03-27 13:30:00-04:00,0.0011089060566213949,0.0002916304132795386,1.9730719759384503,0.9234984570070813
2024-03-27 14:30:00-04:00,0.002531843471552664,0.0002264399518064232,1.9735187582615923,0.9258366105464436
2024-03-27 15:30:00-04:00,0.0065504051539087005,0.0006729508245902249,1.9748468393373086,0.9319012154518445
2024-03-28 09:30:00-04:00,-0.0031362829152230542,0.0011631065196746632,1.9771437965715009,0.9289785095911473
2024-03-28 10:30:00-04:00,0.003460771146126529,0.0006618591776214306,1.9784523873387392,0.932193491612512
2024-03-28 11:30:00-04:00,-0.0009406078136050544,0.00019363509790714368,1.978835485160466,0.9313166631305094
2024-03-28 12:30:00-04:00,-0.0025890619286446093,0.00024011126060636658,1.9793106258433404,0.9289054266144859
2024-03-28 13:30:00-04:00,0.007866024156369056,0.0006777450834577121,1.9806520938886412,0.9362122191392178
2024-03-28 14:30:00-04:00,-0.0018731404356346903,0.00029259538040310787,1.9812316235414988,0.9344585621752128
2024-03-28 15:30:00-04:00,-0.0008601189371846285,0.00025216289478792724,1.9817312166429366,0.9336548166698716
2024-04-01 09:30:00-04:00,-0.013851906870992914,0.0014768331366247854,1.9846579029715588,0.9207219170997066
2024-04-01 10:30:00-04:00,-0.00039681811689640245,0.0004828111402852758,1.9856161179167686,0.9203565579623779
2024-04-01 11:30:00-04:00,0.0034598177849085587,0.0003076137217272785,1.9862269206807226,0.9235408239500734
2024-04-01 12:30:00-04:00,-2.3721928297026906e-05,0.0002351401719778216,1.9866939624204383,0.9235189157808683
2024-04-01 13:30:00-04:00,0.0016393267472534223,0.00018742664945802648,1.987066321813313,0.9250328650411024
2024-04-01 14:30:00-04:00,0.003080563936405989,0.0002417778077913836,1.9875467503525373,0.9278824879251383
2024-04-01 15:30:00-04:00,-0.0018111326199548028,0.0001466320654242381,1.9878381884376686,0.9262019696837722
2024-04-02 09:30:00-04:00,-0.005995598954106063,0.0008075739799910667,1.9894435148350835,0.9206488341230452
2024-04-02 10:30:00-04:00,-0.008015889970083068,0.0008663727271306,1.9911671144385032,0.9132690143676296
2024-04-02 11:30:00-04:00,0.004000320093972443,0.0004861051543422621,1.9921350310359887,0.9169223827570069
2024-04-02 12:30:00-04:00,-0.0018327813487473144,0.00020674892774862581,1.9925469028175857,0.9152418645156409
2024-04-02 13:30:00-04:00,-0.0004790450819489589,7.945105761184324e-05,1.9927052127763558,0.9148034224016509
2024-04-02 14:30:00-04:00,0.002795575974816611,0.00029497266077756906,1.9932930063351137,0.917360824870997
2024-04-02 15:30:00-04:00,0.0018319053918640638,0.00013431360194818897,1.993560732698533,0.9190413431123631
2024-04-03 09:30:00-04:00,-0.002703103364527837,0.0016182580401821497,1.9967868283828138,0.9165570793656559
2024-04-03 10:30:00-04:00,-0.002311869498430541,0.0003902511526474386,1.9975660767441814,0.9144381190102998
2024-04-03 11:30:00-04:00,0.000799028948476721,0.00015165826068401074,1.9978690241409818,0.9151687815389796
2024-04-03 12:30:00-04:00,0.0009468977084892138,0.00017532539543233067,1.9982193013176615,0.9160353527610997
2024-04-03 13:30:00-04:00,-0.0005471536478157679,0.00019113779502850922,1.9986012365488988,0.9155341406763082
2024-04-03 14:30:00-04:00,0.0013343828976866146,0.0002704352219301216,1.9991417287178546,0.9167558137758749
2024-04-03 15:30:00-04:00,-0.002846964139221586,0.00031028496172224066,1.999762032332627,0.9141458428496321
2024-04-04 09:30:00-04:00,0.015746153074034375,0.0011877893952618945,2.002137328467679,0.9285401232231345
2024-04-04 10:30:00-04:00,0.0024000653193352317,0.00040523032556181527,2.002948655229113,0.9307686801704936
2024-04-04 11:30:00-04:00,0.0006688185210323994,0.00017617220476410256,2.0033015191097343,0.9313911955025885
2024-04-04 12:30:00-04:00,0.0022734925669931627,6.424265172466352e-05,2.003430216511526,0.9335087064625266
2024-04-04 13:30:00-04:00,-0.006261764545877013,0.0006161290776443415,2.00466458812295,0.9276632947411321
2024-04-04 14:30:00-04:00,-0.0012602082062743714,0.00030505001853162574,2.0052761110927064,0.9264942458444397
2024-04-04 15:30:00-04:00,0.0050473136770130544,0.0009327838452730927,2.007146600254446,0.9311705529231643
2024-04-05 09:30:00-04:00,-0.002510983119066945,0.0013303264218714524,2.0098167604093335,0.928832399383802
2024-04-05 10:30:00-04:00,0.006057242183997058,0.0004821143385090132,2.0107857218873026,0.9344585621752128
2024-04-05 11:30:00-04:00,0.0005473429913072092,0.00026846197293709407,2.0113255413893545,0.9349700315198864
2024-04-05 12:30:00-04:00,-0.0019537355563356007,0.00047308494399826034,2.012277069220465,0.9331433473251979
2024-04-05 13:30:00-04:00,0.002740572207580838,0.0003707387061715064,2.0130230982175665,0.9357006940485663
2024-04-05 14:30:00-04:00,0.003201652896500873,0.00037753676547317035,2.0137830884468904,0.9386964828859248
2024-04-05 15:30:00-04:00,-0.0008562357694897882,0.00015024493512357442,2.014085649156367,0.9378927373805835
2024-04-08 09:30:00-04:00,0.006855756299688931,0.0009508520568426683,2.016000746638525,0.944322701423313
2024-04-08 10:30:00-04:00,0.00046423364317260685,0.00034074694746138025,2.016687692739022,0.9447610877913253
2024-04-08 11:30:00-04:00,0.0008507394257950551,0.00023480662151238396,2.017161224362799,0.9455648332966664
2024-04-08 12:30:00-04:00,0.0014682206632368189,0.00013965352748769998,2.0174429280432933,0.9469531311233427
2024-04-08 13:30:00-04:00,-0.0004630618407137632,8.536895659327277e-05,2.0176151550410464,0.946514633263375
2024-04-08 14:30:00-04:00,-0.0013123218909685264,6.257493581983037e-05,2.0177414071798823,0.9452725013900215
2024-04-08 15:30:00-04:00,0.0025508374701239678,0.00019355983365288064,2.0181319608710107,0.947683737906045
2024-04-09 09:30:00-04:00,0.012644559970983682,0.001047095398234184,2.020245137560268,0.9596667817635239
2024-04-09 10:30:00-04:00,-0.007461517853387778,0.0007149982349643026,2.021689609267819,0.9525062109380922
2024-04-09 11:30:00-04:00,0.0027615879768796425,0.00019067737008580664,2.022075099725644,0.955136640638122
2024-04-09 12:30:00-04:00,-0.003901426729448043,0.0003060989522087861,2.0226940547949575,0.9514102450180612
2024-04-09 13:30:00-04:00,-0.003993581488737852,0.00042314694371686193,2.0235499516023183,0.9476107106753615
2024-04-09 14:30:00-04:00,0.006091396956289907,0.0004998143857280015,2.0245613509783684,0.9533829836741171
2024-04-09 15:30:00-04:00,0.0018394045142768878,0.0003518096599317729,2.025273611218767,0.9551366406381221
2024-04-10 09:30:00-04:00,-0.023408793834291286,0.0015153141384829096,2.0283425369561434,0.9327780439338468
2024-04-10 10:30:00-04:00,0.00046997929557135443,0.0005813661307878411,2.029521746608766,0.9332164303018592
2024-04-10 11:30:00-04:00,-0.0011744560322991537,0.0004754108206898776,2.030486603207929,0.9321204086358504
2024-04-10 12:30:00-04:00,0.002743579798999418,0.0006700828791752994,2.0318471975171337,0.9346777553592188
2024-04-10 13:30:00-04:00,-0.0023451800082663343,0.0004506229405083572,2.0327627944759423,0.9324857677731792
2024-04-10 14:30:00-04:00,0.0032126314362255215,0.0005125208719630609,2.033804627835861,0.9354815008645602
2024-04-10 15:30:00-04:00,-0.00015624675975689506,0.00022980739632409445,2.034272011182016,0.9353353349112375
2024-04-11 09:30:00-04:00,-0.008046177596291781,0.0018425685953316396,2.038020296904182,0.9278094606944547
2024-04-11 10:30:00-04:00,-0.001968813934405622,0.0003198107078554222,2.0386720776179588,0.9259827764997661
2024-04-11 11:30:00-04:00,0.0037086213119150724,0.00046900641570499354,2.03962822790188,0.9294168959591594
2024-04-11 12:30:00-04:00,0.007468529646496247,0.0006378026806137364,2.040929108253091,0.936358273600585
2024-04-11 13:30:00-04:00,0.002731222162978497,0.0003142099035189194,2.041570388391284,0.9389156760699312
2024-04-11 14:30:00-04:00,-0.001556396484375,0.00039198825603316766,2.042370660007399,0.9374543510125714
2024-04-11 15:30:00-04:00,-0.00327362266835185,0.00030731230945121955,2.042998305651681,0.9343854791985515
2024-04-12 09:30:00-04:00,0.005004746893876311,0.00047087369542872255,2.0439602998136177,0.9390618420232536
2024-04-12 10:30:00-04:00,-0.007002812760345978,0.0006204751430179876,2.0452285263729673,0.9324857677731792
2024-04-12 11:30:00-04:00,-0.00015674872300908138,0.0005434338754441674,2.0463399728372234,0.9323396018198565
2024-04-12 12:30:00-04:00,-0.011990586188033392,0.0010455670871584808,2.048479558561959,0.9211603034677188
2024-04-12 13:30:00-04:00,0.0038867126592818657,0.0005509173693523389,2.049608101531534,0.9247405888804348
2024-04-12 14:30:00-04:00,-0.004029665902923418,0.0005359635126996226,2.0507066166892884,0.9210141932603739
2024-04-12 15:30:00-04:00,0.0008726743965756789,0.00016429799857846863,2.0510435436820824,0.921817938765715
2024-04-15 09:30:00-04:00,-0.0034876539999530998,0.002541887253816854,2.056257065122791,0.9186029567443503
2024-04-15 10:30:00-04:00,0.0036589172765368883,0.0004343128997292056,2.0571501240913337,0.9219640489730601
2024-04-15 11:30:00-04:00,0.0006340294092661569,0.0002667937538259773,2.0576989588951236,0.9225486012943951
2024-04-15 12:30:00-04:00,-0.0026928873873952597,0.0003780602271177446,2.0584768930308632,0.9200642818017103
2024-04-15 13:30:00-04:00,-0.007623881023128942,0.0006452317911474386,2.059805087763589,0.9130498211836234
2024-04-15 14:30:00-04:00,0.0005601768192786682,0.0002803830945686071,2.0603826222883046,0.913561290528297
2024-04-15 15:30:00-04:00,0.003919042378257354,0.00035052654601385976,2.0611048410923622,0.9171415759410129
2024-04-16 09:30:00-04:00,-0.014977671316897867,0.0017165675134212283,2.0646428667043364,0.9034049308655067
2024-04-16 10:30:00-04:00,0.0001617945046885616,0.0002780588530679946,2.065216958931847,0.9035510968188293
2024-04-16 11:30:00-04:00,-0.0012938998655261935,0.0005278621451988263,2.0663071087860896,0.9023819921761593
2024-04-16 12:30:00-04:00,-0.001133598296748528,0.0002854749359821327,2.06689698767569,0.9013590534868119
2024-04-16 13:30:00-04:00,-0.001783408070805903,0.0009191284064950766,2.068796731410362,0.8997515624761295
2024-04-16 14:30:00-04:00,0.0017865942974952809,0.0003027185247337793,2.0694229945048686,0.9013590534868119
2024-04-16 15:30:00-04:00,0.0004863615296442081,0.00044966952714234267,2.070353550964265,0.9017974398548244
2024-04-17 09:30:00-04:00,0.0164495608740014,0.0013702665587720403,2.0731904871999864,0.916631611737735
2024-04-17 10:30:00-04:00,-0.0032698394801097264,0.000542722760086632,2.074315654863385,0.9136343735049584
2024-04-17 11:30:00-04:00,0.004878443745083283,0.000630406341096494,2.075623316605647,0.9180914873996767
2024-04-17 12:30:00-04:00,0.006446458804275634,0.0006173620476019975,2.0769047276664367,0.9240099263517548
2024-04-17 13:30:00-04:00,0.0014233774037555325,0.00028984365859396715,2.0775067053312544,0.9253251412017698
2024-04-17 14:30:00-04:00,0.003158571760950357,0.0005475287839524869,2.0786442000512775,0.9282478470624671
2024-04-17 15:30:00-04:00,0.004093172538720102,0.0004592343038467789,2.079598784773433,0.9320473256591892
2024-04-18 09:30:00-04:00,-0.0014111030779307976,0.001168676039605517,2.0820291620451905,0.9307321108091744
2024-04-18 10:30:00-04:00,0.004317813342887833,0.0005596175438379517,2.0831943020910533,0.9347508383358804
2024-04-18 11:30:00-04:00,0.002344996651666209,0.00027681106280383805,2.0837709533198416,0.9369428259219201
2024-04-18 12:30:00-04:00,0.0003899481667617444,0.0003079128847460074,2.0844125732452286,0.937308185059249
2024-04-18 13:30:00-04:00,0.0010898115584734303,0.0001897420111986601,2.084808073879044,0.9383296743531783
2024-04-18 14:30:00-04:00,0.0011696601284201247,0.00024412117246277535,2.0853170196703994,0.9394272011605826
2024-04-18 15:30:00-04:00,-0.004433439307359954,0.0004465951348634361,2.086248312106032,0.9352623076805542
2024-04-19 09:30:00-04:00,0.004999995231628418,0.0008549747763148752,2.0880320017900122,0.9399386147592788
2024-04-19 10:30:00-04:00,0.00155470265229396,0.0004683769111656158,2.0890099877694253,0.9413999398166385
2024-04-19 11:30:00-04:00,0.0015522893039958685,0.0004273457957112778,2.0899027174048976,0.9428612648739982
2024-04-19 12:30:00-04:00,0.00216997870935276,0.0004182403727389592,2.090776799096413,0.9449072537446482
2024-04-19 13:30:00-04:00,-0.000309376296442454,0.000264041832447171,2.0913288516336843,0.9446149218380031
2024-04-19 14:30:00-04:00,7.730899543867409e-05,0.00027189925906374564,2.091897482398902,0.9446879490686868
2024-04-19 15:30:00-04:00,-0.0051821347647728055,0.0005294191642914722,2.0930049730158173,0.939792448805956
2024-04-22 09:30:00-04:00,0.0062198964556710035,0.0012290124389473616,2.0955773021624324,0.9456378605273505
2024-04-22 10:30:00-04:00,-0.0010817446424754573,0.00020229325689851956,2.0960012233199694,0.9446149218380031
2024-04-22 11:30:00-04:00,0.0021658321622888277,0.0001862495262938587,2.0963916025549243,0.9466607992166978
2024-04-22 12:30:00-04:00,0.005866083513017095,0.0004619972570355488,2.0973601297249767,0.9522139905234024
2024-04-22 13:30:00-04:00,0.0026089343061863612,0.00035893396790017264,2.0981129435184545,0.9546982542701095
2024-04-22 14:30:00-04:00,-0.002341954288098025,0.0003092648852259265,2.0987618161771224,0.9524623945996818
2024-04-22 15:30:00-04:00,0.002347451913172094,0.0005050874810514976,2.0998218744961825,0.9546982542701093
2024-04-23 09:30:00-04:00,0.022194962614449754,0.0029299610604968263,2.105974270822436,0.9758877463317148
2024-04-23 10:30:00-04:00,-0.0023958675597407497,0.0008176597866818204,2.107696241295474,0.9735496485383301
2024-04-23 11:30:00-04:00,0.0031521926720938787,0.0006102039520951847,2.1089823658717286,0.9766184646063722
2024-04-23 12:30:00-04:00,-0.004264606528514792,0.0006326773998052832,2.1103166713512036,0.9724535711263438
2024-04-23 13:30:00-04:00,-0.006311491178931483,0.0005615530749293121,2.1115017261670754,0.9663159389902595
2024-04-23 14:30:00-04:00,-0.00022683386991961818,0.00020060015635342795,2.1119252937434854,0.9660967458062533
2024-04-23 15:30:00-04:00,0.0013613120111897192,0.00017835794407350454,2.112301972396914,0.9674119049102906
2024-04-24 09:30:00-04:00,-0.0033231661850466887,0.0009812696756418672,2.1143747102682258,0.9641970343808811
2024-04-24 10:30:00-04:00,-0.0005305192532352176,0.0002705603870099485,2.11494677630812,0.9636855092902298
2024-04-24 11:30:00-04:00,0.004625070992300362,0.0004959138707177789,2.1159956077503206,0.9681426231849483
2024-04-24 12:30:00-04:00,0.0061131891214623035,0.000477360680867894,2.11700570085435,0.9740610621370265
2024-04-24 13:30:00-04:00,0.0013502958357731742,0.0002730299165529767,2.1175837067441963,0.9753763327330189
2024-04-24 14:30:00-04:00,0.004195052330134397,0.00039059436214748027,2.1184108230014256,0.9794680874904085
2024-04-24 15:30:00-04:00,-0.006937768842953496,0.0006230384079072152,2.1197306743078816,0.9726727643103503
2024-04-25 09:30:00-04:00,-0.013671815896834416,0.001824775357678303,2.1235987066072735,0.9593745613488343
2024-04-25 10:30:00-04:00,0.011500338703272606,0.0011765479868112783,2.126097222390327,0.9704076937476495
2024-04-25 11:30:00-04:00,0.0048189097312953955,0.0005440573378628235,2.1272539411851783,0.9750840008263739
2024-04-25 12:30:00-04:00,0.004046523471494146,0.0003608944550279091,2.1280216553369886,0.9790297011223963
2024-04-25 13:30:00-04:00,-0.005075064607001689,0.0005102098541218009,2.1291073929553264,0.9740610621370266
2024-04-25 14:30:00-04:00,0.004050773046369027,0.0004971198113196757,2.1301658144207916,0.9780067624330488
2024-04-25 15:30:00-04:00,-0.0002241223603207665,0.00021461455904455808,2.130622979017745,0.9777875692490426
2024-04-26 09:30:00-04:00,-0.010088223207497138,0.0014706079155946687,2.1337562900358362,0.9679234300009423
2024-04-26 10:30:00-04:00,-0.0068695074637559195,0.000715665931064728,2.13528334671781,0.9612742727742065
2024-04-26 11:30:00-04:00,0.003040507469569409,0.0002930733256451954,2.135909141309427,0.9641970343808814
2024-04-26 12:30:00-04:00,0.0012124006909701723,0.0002544812029223551,2.1364526900370406,0.9653660275315962
2024-04-26 13:30:00-04:00,0.002910973301044839,0.0002840046686839009,2.1370594525754334,0.9681761822634763
2024-04-26 14:30:00-04:00,0.0005691043147941777,0.00017721613616618415,2.137438173994376,0.9687271755062834
2024-04-26 15:30:00-04:00,-0.0046763848893104365,0.0004808335576537273,2.138465925995843,0.9641970343808814
2024-04-29 09:30:00-04:00,0.02192022761912371,0.0006907453950103126,2.139943061486611,0.9853324528441945
2024-04-29 10:30:00-04:00,0.004504226212702411,0.0003476248858173827,2.1406869589490163,0.9897706131065216
2024-04-29 11:30:00-04:00,0.0010335108719148334,0.00016897647425908281,2.141048684683832,0.990793551795869
2024-04-29 12:30:00-04:00,-0.0007375081048247578,0.0001097215735152161,2.1412836039144882,0.9900628335212115
2024-04-29 13:30:00-04:00,-0.0035424038932772017,0.0002584067409889094,2.141836926032109,0.9865556310851569
2024-04-29 14:30:00-04:00,-0.001481239386117994,0.00037111384855733015,2.142631791376711,0.985094306027797
2024-04-29 15:30:00-04:00,0.00014826444582372034,0.00021527440359466954,2.1430930451577224,0.9852403604891643
2024-04-30 09:30:00-04:00,-0.00022247686229315278,0.0015797090846106897,2.1464785087103238,0.9850211673051581
2024-04-30 10:30:00-04:00,-0.0061568269867665615,0.00067115011822849,2.1479191180152193,0.9789565623997574
2024-04-30 11:30:00-04:00,0.004590278495117506,0.0005661686301946398,2.1491352024400348,0.9834502456557951
2024-04-30 12:30:00-04:00,-0.0017459831956627703,0.00018650532846913598,2.1495360276068904,0.9817331580531097
2024-04-30 13:30:00-04:00,-0.0001488856234747038,0.0002461011922049257,2.150065030985972,0.9815869920997872
2024-04-30 14:30:00-04:00,0.0028286801635508674,0.00027619001665353754,2.150658857482686,0.9843635877531394
2024-04-30 15:30:00-04:00,-0.0054929148341660294,0.0005959291431923338,2.151940497772925,0.9789565623997573
2024-05-01 09:30:00-04:00,0.006344276239896196,0.0013462398773126177,2.1548375258846306,0.9851673332584805
2024-05-01 10:30:00-04:00,0.006277571889062417,0.0008350503719964337,2.1566369237622127,0.9913517920157665
2024-05-01 11:30:00-04:00,0.004890971782751219,0.00046143099676046505,2.157632062887595,0.9962004656572955
2024-05-01 12:30:00-04:00,-0.0007333933358686373,0.00010071044661600582,2.1578493589762813,0.9954698588745932
2024-05-01 13:30:00-04:00,0.0016162623024262857,0.0002994804457395599,2.158495592664146,0.9970787992806938
2024-05-01 14:30:00-04:00,0.0055678953592597225,0.0009473614761823331,2.1605404682351455,1.002630429700025
2024-05-01 15:30:00-04:00,0.00014578248275021188,0.00040449497775748536,2.1614143960037886,1.0027765956533476
2024-05-02 09:30:00-04:00,-0.007286505100364549,0.0011787062058364298,2.163962068565742,0.9954698588745934
2024-05-02 10:30:00-04:00,-0.0032296126223242405,0.0004323068868789282,2.164897564270928,0.9922548768532287
2024-05-02 11:30:00-04:00,0.00016640843957094198,0.00016875876798019723,2.165262909716678,0.9924199964389425
2024-05-02 12:30:00-04:00,0.0030731569764763655,0.0003296463202679908,2.1659766806672787,0.9954698588745935
2024-05-02 13:30:00-04:00,0.0058719007685954505,0.0005103781087840567,2.167082147749228,1.0013151591040328
2024-05-02 14:30:00-04:00,0.0018973276296221364,0.0003973570958567558,2.167943253217941,1.0032149820213603
2024-05-02 15:30:00-04:00,0.003058981497523927,0.0004263204266682195,2.168867491710645,1.0062837980894024
2024-05-03 09:30:00-04:00,0.013016283206313428,0.0010331526192924353,2.171108262840604,1.0193818729912587
2024-05-03 10:30:00-04:00,-0.0028141446148778337,0.0003603841983013293,2.1718906959513333,1.0165131849828763
2024-05-03 11:30:00-04:00,0.003737811175330341,0.00030211388577754627,2.172546854288971,1.0203127193255759
2024-05-03 12:30:00-04:00,0.0022872885566620482,0.00020039865304583907,2.17298222975225,1.022646468932706
2024-05-03 13:30:00-04:00,-0.00042442642197837444,8.424355366885652e-05,2.1731652894973434,1.022212430750948
2024-05-03 14:30:00-04:00,0.0005004097732166368,8.611866076732933e-05,2.1733524395817008,1.0227239558415993
2024-05-03 15:30:00-04:00,0.0020718245595752194,0.0002635033291655971,2.1739251251849807,1.0248428604509778
2024-05-06 09:30:00-04:00,0.009411146270609683,0.0007772605573050953,2.1756148314393213,1.034487806515072
2024-05-06 10:30:00-04:00,0.00021188571061525607,0.0004775880235737952,2.1766538790267265,1.0347069996990783
2024-05-06 11:30:00-04:00,0.0017654120395627082,0.0002659316129712836,2.1772327201036563,1.0365336838937669
2024-05-06 12:30:00-04:00,0.0011983516721689735,5.3485860344257486e-05,2.177349171268861,1.0377758157671204
2024-05-06 13:30:00-04:00,0.0022530967187854856,0.00015179060214080383,2.1776796724106386,1.0401140250524603
2024-05-06 14:30:00-04:00,-0.0014050733997567066,0.00016153859358504494,2.178031451722199,1.0386525885031452
2024-05-06 15:30:00-04:00,0.0024622308726267583,0.0001582913072122848,2.1783762151678414,1.0412099909724915
2024-05-07 09:30:00-04:00,0.005403538754111814,0.0005265673811348962,2.179523277026589,1.0468362095098798
2024-05-07 10:30:00-04:00,0.0004885325842287624,9.993927456332209e-05,2.1797410970017888,1.0473476231085759
2024-05-07 11:30:00-04:00,0.001116252729155942,0.00013486515575136525,2.1800350681243335,1.0485167277512457
2024-05-07 12:30:00-04:00,0.0019512110055530663,0.0002451859906359479,2.180569582182133,1.0505626051299404
2024-05-07 13:30:00-04:00,-0.0038948223907926405,0.0003509210953149467,2.181334790048323,1.0464708503725508
2024-05-07 14:30:00-04:00,0.0006982691150902998,0.0001773801601516985,2.181721715562726,1.0472015686472083
2024-05-07 15:30:00-04:00,0.004046794185222025,0.0005524047820581135,2.182926909071523,1.0514393778659652
2024-05-08 09:30:00-04:00,0.00500348333038203,0.0009890216083505037,2.185085870954045,1.0567002372660248
2024-05-08 10:30:00-04:00,0.0008298325268183415,0.000338859260308722,2.185826307535987,1.0575771214940048
2024-05-08 11:30:00-04:00,-0.0044217173231948514,0.0005827958271325177,2.1871001979868554,1.0529008144152803
2024-05-08 12:30:00-04:00,0.0036779927609174035,0.0003470783917454923,2.187859293206159,1.0567733759886637
2024-05-08 13:30:00-04:00,0.002870715870659346,0.00012997983222505285,2.1881436707900215,1.0598070720908046
2024-05-08 14:30:00-04:00,3.313807467986152e-05,0.00011730113209962076,2.188400342519802,1.0598421920567058
2024-05-08 15:30:00-04:00,0.004343258261074512,0.00035717802826741194,2.1891819910392027,1.0644453604127915
2024-05-09 09:30:00-04:00,0.003706813372263751,0.0005959404544991492,2.1904866131499237,1.0683910607088136
2024-05-09 10:30:00-04:00,0.004376962004551066,0.0002914684100362629,2.1911250708002643,1.0730673677875382
2024-05-09 11:30:00-04:00,0.005243117726139168,0.0005062293026253749,2.1922342825168206,1.0786935863249265
2024-05-09 12:30:00-04:00,-0.0020998275983247217,0.0003831698974198967,2.193074280701973,1.0764285157622255
2024-05-09 13:30:00-04:00,0.003282628140884647,0.00013882223702915103,2.193378728179591,1.0799620302997173
2024-05-09 14:30:00-04:00,0.0019376537778468261,0.00023560030603623976,2.1938954888792033,1.0820546228076586
2024-05-09 15:30:00-04:00,0.0073603644057336215,0.0007546308757878153,2.195551070153363,1.0900189391384316
2024-05-10 09:30:00-04:00,-0.005898844799757774,0.0012598490919779111,2.198317133175487,1.0835890865876574
2024-05-10 10:30:00-04:00,0.0003371749880569652,0.00046140986599102474,2.199331458389311,1.0839544457249863
2024-05-10 11:30:00-04:00,0.00020221623230631813,0.00039866100572934617,2.200208246080445,1.0841736389089924
2024-05-10 12:30:00-04:00,-0.0030328359093036994,0.0003063632800085302,2.2008823090954155,1.0808855181649888
2024-05-10 13:30:00-04:00,-0.003041958835409697,0.0005770069772065617,2.202152233543774,1.0775975089129404
2024-05-10 14:30:00-04:00,0.0035259308891057994,0.000382143498821764,2.202993771703239,1.08139704325564
2024-05-10 15:30:00-04:00,-0.0029729894689611847,0.0003275608705425193,2.2037153862608974,1.0781820612342752
2024-05-13 09:30:00-04:00,0.006912471464740388,0.0007215937092175999,2.205305573420529,1.085634963966352
2024-05-13 10:30:00-04:00,-0.007066920438941304,0.0006371627532883479,2.2067107119915317,1.0779628680502689
2024-05-13 11:30:00-04:00,0.005015966239321212,0.0006928621191263106,2.2082396582517405,1.0833698934036509
2024-05-13 12:30:00-04:00,0.0002697328183745018,0.00017740769656668,2.208631416962978,1.0836621138183407
2024-05-13 13:30:00-04:00,0.0031933268337811516,0.0002508080253889823,2.209185359447478,1.0871226011251487
2024-05-13 14:30:00-04:00,-2.4203435205816248e-05,1.601398628288121e-06,2.2091888972338825,1.0870962890237115
2024-05-13 15:30:00-04:00,0.0024196841867540897,0.0001894459342417195,2.2096074190884356,1.0897267187237412
2024-05-14 09:30:00-04:00,0.006705109320721991,0.0005589370858110073,2.2108424506200475,1.0970334555024954
2024-05-14 10:30:00-04:00,-0.003063851843194465,0.0003739076537261918,2.211669101533517,1.093672307527808
2024-05-14 11:30:00-04:00,0.0024720095809867004,0.00019356408169729562,2.212097201232173,1.0963758759504767
2024-05-14 12:30:00-04:00,-0.0032656146830936095,0.0004474990553973848,2.2130871126401717,1.0927955347917833
2024-05-14 13:30:00-04:00,0.0033444662504882317,0.0002003777532843408,2.2135305660636253,1.0964503525765785
2024-05-14 14:30:00-04:00,0.003797202558990964,0.0002506686907410518,2.214085428872536,1.1006137966611889
2024-05-14 15:30:00-04:00,0.00139408781963124,0.0002506945565674762,2.21464048803733,1.1021481489492324
2024-05-15 09:30:00-04:00,0.01848454041040104,0.0010037134178619267,2.2168633524109134,1.1225208509467333
2024-05-15 10:30:00-04:00,0.0012484880581173918,0.000445218007708406,2.2178503398960356,1.123922304824128
2024-05-15 11:30:00-04:00,-0.003510652185730656,0.0004622391665131195,2.2188755171886,1.1199766045281057
2024-05-15 12:30:00-04:00,0.0028705796249373083,0.00039864534560020296,2.2197600615859936,1.1231915865494706
2024-05-15 13:30:00-04:00,-0.00013013448023735386,0.0001322863886352965,2.2200537056281777,1.123045420596148
2024-05-15 14:30:00-04:00,0.0007156838811688271,0.00020343496281071378,2.2205053421712195,1.123849166101489
2024-05-15 15:30:00-04:00,0.001885498664099483,0.0002414489291928894,2.2210414808083536,1.1259681822028227
2024-05-16 09:30:00-04:00,-0.002595776375276304,0.0008127322825960606,2.2228465929207917,1.1230454205961478
2024-05-16 10:30:00-04:00,-0.0033832419179296025,0.00042476034013615236,2.2237907699956714,1.119245886253448
2024-05-16 11:30:00-04:00,0.0029378001602582415,0.00016496190672806775,2.2241576107612544,1.1225340069974519
2024-05-16 12:30:00-04:00,0.0016923419812051588,0.0001770652920331553,2.224551431878132,1.1244337184228241
2024-05-16 13:30:00-04:00,-0.001494546289240728,0.00013145583070652713,2.224843862134559,1.1227532001814582
2024-05-16 14:30:00-04:00,-0.0029285236074294563,0.0003181588567984097,2.225551715914291,1.1194651909294098
2024-05-16 15:30:00-04:00,-0.002676089316248742,0.0005596618764193948,2.226797272363688,1.1164694020920511
2024-05-17 09:30:00-04:00,-0.00261786091154681,0.0009712829933532849,2.22896012268398,1.1135466404853762
2024-05-17 10:30:00-04:00,0.0034121016619865774,0.000343604023219422,2.22972600234973,1.117346174828076
2024-05-17 11:30:00-04:00,-0.003465856563190206,0.00031110594074918547,2.2304196833553043,1.1134736132546925
2024-05-17 12:30:00-04:00,-0.0011155467525834073,6.9305182606353e-05,2.230574262998748,1.112231481381339
2024-05-17 13:30:00-04:00,-0.0018394348774896097,1.0448066129581932e-05,2.230597568186155,1.1101856040026443
2024-05-17 14:30:00-04:00,0.001478176336725756,0.00032666428158100954,2.231326224738263,1.1118266540918547
2024-05-17 15:30:00-04:00,0.00023264538155287617,0.00011579670153166117,2.231584604955129,1.1120853154280166
2024-05-20 09:30:00-04:00,-0.0013140404221572144,0.0006170832075047984,2.2329616783409727,1.1106239903706567
2024-05-20 10:30:00-04:00,-0.0013157693963301575,0.00012249991262614475,2.233235215951467,1.1091626653132969
2024-05-20 11:30:00-04:00,0.00026346037766011854,0.00010324441141452769,2.233465785006888,1.109454885727987
2024-05-20 12:30:00-04:00,0.00026349147712600995,0.00020840203356712524,2.233931243818386,1.1097472176346321
2024-05-20 13:30:00-04:00,-0.0009441802409739797,0.00012970657443039384,2.2342209993875346,1.1086994162392656
2024-05-20 14:30:00-04:00,-0.003206891246262944,0.0002619627880092683,2.2348062821495627,1.105143937786591
2024-05-20 15:30:00-04:00,0.004165321539256306,0.00027175016108247426,2.2354135911167248,1.1097472176346321
2024-05-21 09:30:00-04:00,0.00915195776245148,0.0014170425019921031,2.238581267184868,1.1199035772974224
2024-05-21 10:30:00-04:00,-0.00685067542564477,0.000500600475442791,2.239701902031538,1.1122314813813392
2024-05-21 11:30:00-04:00,0.0015767014271408364,0.0002862278878403325,2.240342967176349,1.113985138345344
2024-05-21 12:30:00-04:00,0.0023612789879197127,0.00010790475125160655,2.24058471082694,1.1166155680453738
2024-05-21 13:30:00-04:00,0.00013080102548013173,-3.644630075053619e-05,2.2405030498027125,1.1167616225067412
2024-05-21 14:30:00-04:00,0.002225922331124508,0.00018953882716508634,2.2409277121230318,1.1192474471408218
2024-05-21 15:30:00-04:00,0.004633712853445493,0.00032763414768209836,2.2416619165640106,1.1244337184228244
2024-05-22 09:30:00-04:00,-0.003054137517494504,0.000896887330642489,2.2436724347365606,1.1209995432174533
2024-05-22 10:30:00-04:00,0.002933104899053962,0.00018732046599555601,2.2440927205025765,1.1242875524695017
2024-05-22 11:30:00-04:00,0.00022748855020582326,0.00013093961631777966,2.2443865611423806,1.1245433150148274
2024-05-22 12:30:00-04:00,0.0012670629658910748,0.0002613878571731355,2.2449732165362657,1.1259681822028231
2024-05-22 13:30:00-04:00,-0.00940955320960346,0.0008168150027455279,2.2468069443402943,1.1153733246800652
2024-05-22 14:30:00-04:00,0.0013102667214444086,0.00014009435400360332,2.2471217093077325,1.1168347612293803
2024-05-22 15:30:00-04:00,-0.0012430646635209763,0.0003107712297848032,2.24782005008481,1.1154464634027041
2024-05-23 09:30:00-04:00,-0.014804203533410165,0.0015797799463358388,2.2513711111229053,1.098933166927868
2024-05-23 10:30:00-04:00,-0.002593081153426491,0.0002396214218633753,2.251910587869695,1.096083544043832
2024-05-23 11:30:00-04:00,0.005066394196757029,0.000571586863353552,2.253197750379168,1.1016367353505365
2024-05-23 12:30:00-04:00,-0.0009949535784475882,0.00029158987602195775,2.2538547600318535,1.1005406579385502
2024-05-23 13:30:00-04:00,-0.005709737340533372,0.0005063455850858987,2.2549959894390206,1.0942568598491433
2024-05-23 14:30:00-04:00,0.0010684005607524139,0.00025417624247736203,2.2555691558464175,1.0954259644918134
2024-05-23 15:30:00-04:00,0.004402372399748833,0.000498721038826269,2.256694055638966,1.1002484375238604
2024-05-24 09:30:00-04:00,0.01360604052668668,0.001250993871777767,2.2595171660730475,1.1152184623542336
2024-05-24 10:30:00-04:00,0.009245921168534732,0.0010714122053958517,2.2619380403430798,1.1255296843428553
2024-05-24 11:30:00-04:00,-0.00519337722563229,0.0009095861617392809,2.263995467883287,1.119684384113416
2024-05-24 12:30:00-04:00,0.0031323134320853097,0.0002560537872073409,2.264575172497059,1.1231915865494706
2024-05-24 13:30:00-04:00,0.0011709125315633173,0.00012541491692922248,2.2648591840041976,1.1245067456535078
2024-05-24 14:30:00-04:00,-0.0030539391770167956,0.0003204188047202586,2.265584887476796,1.121072570448137
2024-05-24 15:30:00-04:00,-0.001238266256185394,0.0003087722860335748,2.2662844373017053,1.119684384113416
2024-05-28 09:30:00-04:00,0.00391536689649441,0.0011014466216870068,2.268780628638953,1.1240683592854954
2024-05-28 10:30:00-04:00,0.009230357532162614,0.0007773111120537129,2.270544177032406,1.134443912132292
2024-05-28 11:30:00-04:00,0.00012884370197530082,0.00038000509576888934,2.2714069953898472,1.1345900780856144
2024-05-28 12:30:00-04:00,-0.0012377621621727508,0.0007178681553245726,2.273037566139619,1.1331857254173834
2024-05-28 13:30:00-04:00,-0.003983536134100629,0.0004073544068341864,2.2739634980090857,1.1286716391335363
2024-05-28 14:30:00-04:00,-0.0012947300230575776,0.00022806356337655092,2.27448210622743,1.1272103140761764
2024-05-28 15:30:00-04:00,0.005380189330835838,0.0003494623914175563,2.2752769521835083,1.1332749189815772
2024-05-29 09:30:00-04:00,-0.011218603640819724,0.0003607358642175732,2.2760977261811886,1.1205611568494407
2024-05-29 10:30:00-04:00,-0.0041731832753085785,0.0004274453954758988,2.2770706336738975,1.1158848497707161
2024-05-29 11:30:00-04:00,-0.0015715393612210082,0.00016042320427868062,2.2774359286413204,1.1141311928067112
2024-05-29 12:30:00-04:00,0.003934982426073486,0.00022552398740519327,2.277949545073007,1.118515279470746
2024-05-29 13:30:00-04:00,0.001241197015505291,0.00010687945182933113,2.2781930110716795,1.1199035772974222
2024-05-29 14:30:00-04:00,0.0004566585990646299,0.0002572155161454883,2.2787789976629016,1.1204149908961183
2024-05-29 15:30:00-04:00,0.0007826423558281448,-4.443608945901704e-06,2.2787688716601617,1.1212918751240983
2024-05-30 09:30:00-04:00,0.003127822928054691,0.0008259085832990819,2.2806509264306207,1.1247990775601528
2024-05-30 10:30:00-04:00,0.0002597978790344069,0.00019616860944738807,2.2810983185514937,1.1250912979748429
2024-05-30 11:30:00-04:00,0.001104027624770909,0.00018981685983198086,2.2815313094712892,1.1263334298481964
2024-05-30 12:30:00-04:00,0.0037625809537440436,0.0002245480835845771,2.282043622954469,1.1305713505589083
2024-05-30 13:30:00-04:00,0.0006463265448009015,9.051742018442458e-05,2.282250187655967,1.131302068833566
2024-05-30 14:30:00-04:00,0.004779470932071206,0.000341234764438015,2.2830289707611406,1.136709094186948
2024-05-30 15:30:00-04:00,0.00507805649508275,0.0004280913888324401,2.2840063158039783,1.1424813671857037
2024-05-31 09:30:00-04:00,0.005116417553306496,0.0010768245387208536,2.28646578985143,1.1483267789070983
2024-05-31 10:30:00-04:00,0.0012725689970851661,0.00022567945820076198,2.286981798212078,1.1497881039644582
2024-05-31 11:30:00-04:00,-0.0017793516663119346,0.00033965960417050645,2.287758593544404,1.1477422265857633
2024-05-31 12:30:00-04:00,0.005474921061412452,0.0005717443063332294,2.289066606494528,1.1540260246751701
2024-05-31 13:30:00-04:00,0.0023426308184639755,0.00017960654990722706,2.2894777378502282,1.1567294816058837
2024-05-31 14:30:00-04:00,-0.003031998831036553,0.00021218793712708274,2.289963537408521,1.1532222791698292
2024-05-31 15:30:00-04:00,0.014129099041170212,0.001859007354966075,2.2942205964671674,1.1695162709687037
2024-06-03 09:30:00-04:00,-0.016868655438119662,0.0015582687803208234,2.297795608797811,1.149788103964458
2024-06-03 10:30:00-04:00,0.0035587033326238693,0.0015426734304290993,2.30134035703206,1.1538798587218475
2024-06-03 11:30:00-04:00,-0.005445799267496998,0.0005994478527666758,2.3027198905675683,1.1475960606324405
2024-06-03 12:30:00-04:00,-0.011842611990730889,0.0010549665194245956,2.3051491829557302,1.1340055257642792
2024-06-03 13:30:00-04:00,0.002706173822190072,0.00019910549215734088,2.3056081508182986,1.1370743418323213
2024-06-03 14:30:00-04:00,-0.001734924959151729,0.00029465471874360856,2.306287509139511,1.1351016031762653
2024-06-03 15:30:00-04:00,0.0005793133849680832,0.00040446432680243537,2.307220320164308,1.135759182728284
2024-06-04 09:30:00-04:00,-0.003602660510796385,0.00078178806062338,2.30902407746384,1.1316674279708945
2024-06-04 10:30:00-04:00,-0.008974685858901932,0.0009803666226092518,2.3112877676001866,1.1215110683081042
2024-06-04 11:30:00-04:00,0.002410548595647599,0.0003408411100889313,2.3120755494886303,1.1242145252388176
2024-06-04 12:30:00-04:00,0.0057195169590640305,0.0003832375806646192,2.31296162372853,1.130644489281547
2024-06-04 13:30:00-04:00,0.0012924708617192415,0.00023887483223604782,2.3135141320483665,1.132105814338907
2024-06-04 14:30:00-04:00,-0.00038595064795199363,0.00027784465417697774,2.314156929582319,1.1316688773663126
2024-06-04 15:30:00-04:00,-0.003487901603008159,0.0002659598762588477,2.314772402472954,1.127721727674872
2024-06-05 09:30:00-04:00,-0.0029803775171218794,0.0005007538358473324,2.3159315336326056,1.12436069119214
2024-06-05 10:30:00-04:00,-0.003964131732489329,0.0003987232804232542,2.3168549494509314,1.1199035772974215
2024-06-05 11:30:00-04:00,0.0030664918614318193,0.00016477171900014382,2.317236701623626,1.1233377525027923
2024-06-05 12:30:00-04:00,0.0005203709392234135,-2.4380256545368886e-05,2.3171802067983642,1.1239223048241274
2024-06-05 13:30:00-04:00,-6.507453613557868e-05,0.0001512250698678862,2.3175306225370336,1.1238491661014884
2024-06-05 14:30:00-04:00,0.00013005833676915657,4.627379750419256e-06,2.3175413466313075,1.123995332054811
2024-06-05 15:30:00-04:00,0.0018201831629982568,0.00017032911804516985,2.3179360914049125,1.126041209433506
2024-06-06 09:30:00-04:00,-0.003374240934406969,0.0008374828756653089,2.3198773231883503,1.1222416750908062
2024-06-06 10:30:00-04:00,0.011524215864729959,0.0011967332439221045,2.3226535975028306,1.1351746304069488
2024-06-06 11:30:00-04:00,-0.009140049970176811,0.0008988426729896959,2.324741297670839,1.1247990775601522
2024-06-06 12:30:00-04:00,0.001818882518229481,0.00012465425481059076,2.3250310865649277,1.126844954938847
2024-06-06 13:30:00-04:00,-0.00417712068176368,0.00047533022397524356,2.326136244112054,1.1221379875724309
2024-06-06 14:30:00-04:00,2.7323099325737843e-05,7.987109503426685e-05,2.3263220351610703,1.1221686478601225
2024-06-06 15:30:00-04:00,-0.0009115730432301961,2.0120262583815034e-06,2.326326715782091,1.121145709170775
2024-06-07 09:30:00-04:00,-0.0015641650765465531,0.001923591055208175,2.3308016170440613,1.1193920522067702
2024-06-07 10:30:00-04:00,0.003655336617160332,0.0003991911967302028,2.33173205253091,1.12348380696416
2024-06-07 11:30:00-04:00,-0.0036420237942246247,0.00041931416867052574,2.3327097808180794,1.1193920522067704
2024-06-07 12:30:00-04:00,-0.002480350075671489,0.0003361878400532088,2.3334940094807637,1.1166155680453733
2024-06-07 13:30:00-04:00,-0.007885105178003227,0.0006408873794719068,2.3349895163415133,1.1078109368479396
2024-06-07 14:30:00-04:00,-0.0020117265674212126,0.000288345700743253,2.335662800529831,1.1055823241546028
2024-06-07 15:30:00-04:00,-0.003502734702587218,0.00030987585126239807,2.336386566028407,1.1017097625812193
2024-06-10 09:30:00-04:00,0.009683026433792818,0.0016661950319822641,2.3402794417175135,1.112377647334661
2024-06-10 10:30:00-04:00,0.0019048428512165039,0.0005752499452519136,2.3416256873382353,1.1144965519440393
2024-06-10 11:30:00-04:00,0.004654866056181817,0.0004143405497372619,2.342595917812806,1.1196843841134152
2024-06-10 12:30:00-04:00,-0.0012399010349469775,0.0001850020272697655,2.3430293028066753,1.118296086286739
2024-06-10 13:30:00-04:00,0.004442944542453198,0.0004189106689099309,2.3440108227791896,1.1232646137801534
2024-06-10 14:30:00-04:00,-0.0005854182032901667,9.933719044651049e-05,2.3442436702287006,1.122607034228135
2024-06-10 15:30:00-04:00,0.0024081952529115824,0.00028785247147519104,2.3449184665629157,1.1253104911588483
2024-06-11 09:30:00-04:00,-0.0481136852647015,0.003388199842344235,2.3528635189416343,1.0711676563621648
2024-06-11 10:30:00-04:00,-0.008049167022115222,0.0021441872130527873,2.357908498813007,1.062545648987418
2024-06-11 11:30:00-04:00,-0.011415236439357046,0.0010726492700150233,2.360437707643021,1.0504164391766166
2024-06-11 12:30:00-04:00,0.0026433284455531503,0.0008289180246933749,2.3623943170050525,1.053193034829969
2024-06-11 13:30:00-04:00,0.0036076333749330836,0.00031207908257205254,2.363131570856177,1.0569925691726687
2024-06-11 14:30:00-04:00,0.003110721255705773,0.0006577685772804481,2.3646859645474656,1.0602805784247171
2024-06-11 15:30:00-04:00,0.0022741494705165177,0.0005416067097600249,2.36596669433234,1.0626918149407407
2024-06-12 09:30:00-04:00,-0.006188181656804015,0.0033087656678817187,2.373795123701898,1.0561156849446887
2024-06-12 10:30:00-04:00,0.0027799205136767036,0.0003933903322574201,2.374728951754322,1.0590516026020822
2024-06-12 11:30:00-04:00,0.00688689834387235,0.0007281796194844388,2.3764581809787892,1.0663451833301179
2024-06-12 12:30:00-04:00,-0.00013707189342393455,0.0001559235303845993,2.3768287267281787,1.0661990173767952
2024-06-12 13:30:00-04:00,-0.0005482581692610733,0.0005829128800229579,2.3782142108065973,1.0656144650554602
2024-06-12 14:30:00-04:00,-0.010765168025595906,0.0011707632553212498,2.3809985366178927,1.0541429462886327
2024-06-12 15:30:00-04:00,0.001594203373729064,0.00029813287266300306,2.381708390551421,1.0558234645299986
2024-06-13 09:30:00-04:00,0.015501768118782344,0.0013884438772841855,2.3850152589837585,1.072190595051512
2024-06-13 10:30:00-04:00,-0.005247405231266766,0.000607395088778954,2.3864639055387284,1.0665643765141237
2024-06-13 11:30:00-04:00,0.0006165399543605066,0.0002656312861594979,2.38709782501533,1.0672219560661422
2024-06-13 12:30:00-04:00,0.00205397135952623,0.0007236492442645179,2.388825246552388,1.0694139993981597
2024-06-13 13:30:00-04:00,0.0019130826600795015,0.0003324587002853745,2.3896194322890656,1.0714598767768546
2024-06-13 14:30:00-04:00,0.003887120339547634,0.00046707218977858447,2.3907355570700424,1.075624770256883
2024-06-13 15:30:00-04:00,-0.005909994812157038,0.0005761962063931177,2.392113089828515,1.0692678334448373
2024-06-14 09:30:00-04:00,0.002186738637603103,0.0013899173199910949,2.395437929243445,1.0716060427301772
2024-06-14 10:30:00-04:00,-0.004432081951743272,0.0008605096000235531,2.39749922657782,1.0668565969288137
2024-06-14 11:30:00-04:00,-0.000958834291592825,0.0003348683866241039,2.3983020732757563,1.0658336582394663
2024-06-14 12:30:00-04:00,0.0010283756789937204,0.00021113203609580774,2.39880843167566,1.0669297356514527
2024-06-14 13:30:00-04:00,-0.0005478826784952595,0.00012199584317813515,2.3991010763329053,1.0663451833301176
2024-06-14 14:30:00-04:00,0.0012333333751555209,0.00023836619755993155,2.3996729409340327,1.067660342434155
2024-06-14 15:30:00-04:00,0.00013690304632762995,0.00023775606676440153,2.40024347773399,1.0678065083874775
2024-06-17 09:30:00-04:00,-0.005063675217289454,0.0013667940574190564,2.4035241162557157,1.0623994830340955
2024-06-17 10:30:00-04:00,0.008253179211861417,0.0007316987532104271,2.4052827718548913,1.0711676563621648
2024-06-17 11:30:00-04:00,0.0010913260345115638,0.00023703865905623595,2.405852916857783,1.0723366495128797
2024-06-17 12:30:00-04:00,-0.0014308494340284916,5.782920878238742e-05,2.405992045428411,1.070802297224836
2024-06-17 13:30:00-04:00,-0.0025930049464297777,0.0003332595587021048,2.406793865275711,1.0680257015714838
2024-06-17 14:30:00-04:00,-0.00506263598846568,0.0003625245827764727,2.407666387217549,1.0626186762181018
2024-06-17 15:30:00-04:00,-0.005294568193979554,0.0005440998875618371,2.4089763982281207,1.0569925691726687
2024-06-18 09:30:00-04:00,-0.03276652407831793,0.0015635568961745088,2.412742969888292,1.0223585967042694
2024-06-18 10:30:00-04:00,0.0027158725542124618,0.0005699998678209866,2.4141182330622146,1.0251351923576217
2024-06-18 11:30:00-04:00,-0.0022808789540845753,0.00054965415389268,2.4154451631770053,1.0227969830722818
2024-06-18 12:30:00-04:00,-0.003144740813686542,0.0005670468793591998,2.416814833819048,1.019580551655499
2024-06-18 13:30:00-04:00,0.002653069258426566,0.00032939636631661043,2.4176109238433683,1.0222855694735857
2024-06-18 14:30:00-04:00,0.003430746301017029,0.0004138914883266019,2.4186115524268326,1.0257927719096402
2024-06-18 15:30:00-04:00,0.003917679707593047,0.00048229671350402865,2.419778040829811,1.0298114994363463
2024-06-20 09:30:00-04:00,0.02227897924830713,0.0016298196297460576,2.4237218425803837,1.0527546484619568
2024-06-20 10:30:00-04:00,-0.005413650537091752,0.0005868186755086152,2.425144127821848,1.0470554026938848
2024-06-20 11:30:00-04:00,0.005582714827081059,0.0008007661738233665,2.4270861012060543,1.0529008144152792
2024-06-20 12:30:00-04:00,-0.0020125505387803555,0.00043986516061923005,2.428153691823798,1.0507817983139454
2024-06-20 13:30:00-04:00,0.007023223578134674,0.0007344866491797654,2.4299371382925994,1.0581616738153385
2024-06-20 14:30:00-04:00,0.0045573012701398685,0.0005724104256465517,2.431328059644224,1.0629840353554305
2024-06-20 15:30:00-04:00,-0.0034368986436900117,0.00039167569272777235,2.4322803517462335,1.0593306669660534
2024-06-21 09:30:00-04:00,0.007309968447837489,0.0015660358415983363,2.4360893899538834,1.067074340717402
2024-06-21 10:30:00-04:00,-0.008763367654163745,0.000774370574556195,2.437975825894452,1.057723175955371
2024-06-21 11:30:00-04:00,0.0024178372257337433,0.00039429245787607806,2.4389371013750867,1.0602805784247171
2024-06-21 12:30:00-04:00,-0.005375224147309621,0.0005664956324395029,2.4403187485908107,1.054581332656645
2024-06-21 13:30:00-04:00,0.007136414925723811,0.0006565940003213875,2.4419210472400072,1.0621072626194057
2024-06-21 14:30:00-04:00,0.00041275150207642497,0.00019222937291494275,2.442390456191626,1.062545648987418
2024-06-21 15:30:00-04:00,0.0008251624171256022,0.000267680830422331,2.443044237297155,1.063422421723443
2024-06-24 09:30:00-04:00,0.008932273682340952,0.001412741421662821,2.4464956270861395,1.0729212018342145
2024-06-24 10:30:00-04:00,0.0019068291084165523,0.0004732566538832993,2.4476534474203544,1.0749670792129091
2024-06-24 11:30:00-04:00,-0.0016312550458137398,0.0004606962534978343,2.448781072193442,1.0732135337408595
2024-06-24 12:30:00-04:00,0.005242299755410684,0.00039733208379469896,2.449754051479614,1.0788396407862926
2024-06-24 13:30:00-04:00,0.005824589542174241,0.0004971810358097626,2.450972022736408,1.0851234388756994
2024-06-24 14:30:00-04:00,-0.01043692579826605,0.0009512914763085491,2.4533036115303077,1.0737980860621945
2024-06-24 15:30:00-04:00,0.005035317096955261,0.00043087740650168396,2.454360684627805,1.0792049999236213
2024-06-25 09:30:00-04:00,-0.009749508944884133,0.001647667829323137,2.4584046557694217,1.0686832811235023
2024-06-25 10:30:00-04:00,0.0001367720033655928,0.0007021268918690271,2.4601307677893334,1.068829447076825
2024-06-25 11:30:00-04:00,-0.0040333356768808,0.00040155996797991823,2.461118657821673,1.0645184991354293
2024-06-25 12:30:00-04:00,0.003431944482265248,0.00023859605552161982,2.4617058710256,1.0681718675248064
2024-06-25 13:30:00-04:00,-0.004123390463418808,0.0006700184583354254,2.46335525939818,1.0637673778329624
2024-06-25 14:30:00-04:00,-0.0028656763722562095,0.00024010408755996895,2.4639467210650734,1.0607189647927295
2024-06-25 15:30:00-04:00,0.005992940195363339,0.0007478706762308956,2.4657894345655533,1.06707579011282
2024-06-26 09:30:00-04:00,-0.008353779909615389,0.001016148252335158,2.4682950421901135,1.0581616738153385
2024-06-26 10:30:00-04:00,0.005662146277854552,0.0006133393030662825,2.4698089445510525,1.0641531399981004
2024-06-26 11:30:00-04:00,0.0052870384213670185,0.0010440987449857292,2.4723876689704127,1.0697793585354887
2024-06-26 12:30:00-04:00,0.0005464232569745153,0.0001962573069421026,2.4728728931160417,1.0703639108568237
2024-06-26 13:30:00-04:00,-0.001706601069188074,0.0003252954103558759,2.4736773073185656,1.0685372266621351
2024-06-26 14:30:00-04:00,0.0017095185353483977,0.00025060671578398634,2.474297227464462,1.070363910856824
2024-06-26 15:30:00-04:00,0.001570043818107436,0.0004337146618348987,2.475370366449751,1.0720444290981899
2024-06-27 09:30:00-04:00,0.007360972069718752,0.0007378114914805095,2.4771967231517875,1.0799357181982792
2024-06-27 10:30:00-04:00,0.0037888873276792356,0.00028596193500719997,2.477905107120134,1.0840274729556687
2024-06-27 11:30:00-04:00,-0.0026287367757076296,0.00039309063502501696,2.478879148412223,1.0811778500716327
2024-06-27 12:30:00-04:00,-0.004663123847495898,0.0004770480844020771,2.480061692961437,1.0761361838555794
2024-06-27 13:30:00-04:00,-0.003327033522714462,0.00020121831658581236,2.480560726800324,1.072555842696886
2024-06-27 14:30:00-04:00,0.007221288002354331,0.0006080139132395217,2.4820689422348545,1.080301077335608
2024-06-27 15:30:00-04:00,-0.0025026064301783,0.00031441350874847416,2.482849338239938,1.0775975089129395
2024-06-28 09:30:00-04:00,-0.010848866904515364,0.0008558747358547702,2.4849743462614713,1.0659067969621057
2024-06-28 10:30:00-04:00,-0.020427823461632078,0.0020456267409117244,2.490057676234663,1.04413264108721
2024-06-28 11:30:00-04:00,-0.018054490430101433,0.0017620288879919392,2.494445229792955,1.0252813583109446
2024-06-28 12:30:00-04:00,-0.00028512359488008787,0.0005060121261807472,2.495707449327324,1.0249890264042993
2024-06-28 13:30:00-04:00,0.00306535456452961,0.0004729394739671544,2.496887767895585,1.0281309811949806
2024-06-28 14:30:00-04:00,-0.001634645550091185,0.0004842419345664422,2.4980968656587064,1.0264503514616594
2024-06-28 15:30:00-04:00,0.007972739251422167,0.0008000380942156531,2.500095438314274,1.034633972468394
2024-07-01 09:30:00-04:00,-0.0035310732941246092,0.0013971778460312224,2.5035885162736506,1.0309806040790168
2024-07-01 10:30:00-04:00,0.00042088734558731744,0.0004511878023872422,2.50471810487439,1.0314145307688196
2024-07-01 11:30:00-04:00,0.00028764389491242603,0.0002604823790198702,2.5053705398051216,1.0317112108617192
2024-07-01 12:30:00-04:00,-0.002691144704222048,0.00021126129525506649,2.505899827630455,1.0289347267003222
2024-07-01 13:30:00-04:00,-0.009089717167382938,0.0007705970480254913,2.5078308666402744,1.0195820010509178
2024-07-01 14:30:00-04:00,-0.00014324935239806713,0.00023735194242074646,2.5084261051677346,1.0194359465895506
2024-07-01 15:30:00-04:00,0.0018634926811513797,0.00024374113353187673,2.5090375117899892,1.0213356580149229
2024-07-02 09:30:00-04:00,0.0001431125528374988,0.0008751917848627691,2.5112334008082207,1.0214818239682453
2024-07-02 10:30:00-04:00,0.001430593303836547,0.0003862529844339519,2.512203372203893,1.022943149025605
2024-07-02 11:30:00-04:00,0.0019999912806920594,0.0005702195695447746,2.5136358797294,1.0249890264042998
2024-07-02 12:30:00-04:00,-0.00028509613972649284,0.00018529666803685475,2.5141016480825717,1.02469680598961
2024-07-02 13:30:00-04:00,0.0038504939031760443,0.0004196325805714714,2.5151566470449755,1.028642394793677
2024-07-02 14:30:00-04:00,0.0004972817504318439,0.000140664103861562,2.515510439300803,1.0291539198843282
2024-07-02 15:30:00-04:00,0.0007809769654587573,9.791329191698192e-05,2.515756741208767,1.0299576653896696
2024-07-03 09:30:00-04:00,0.014614056898956562,0.0015283716879299475,2.5196017525857495,1.0450095253151908
2024-07-03 10:30:00-04:00,-0.0005593751130246183,0.0003310933018447088,2.520435975849347,1.0444249729938557
2024-07-03 11:30:00-04:00,0.005246956675458492,0.0004277527641987117,2.5215140993050027,1.0499050255779214
2024-07-05 09:30:00-04:00,0.004314810401929714,0.0007165338815422312,2.523320849589941,1.0544351667033234
2024-07-05 10:30:00-04:00,-0.0031182659265133195,0.0004392427264312443,2.5244291999195756,1.051147157451275
2024-07-05 11:30:00-04:00,-0.0015987468828254636,0.00038324976598493727,2.5253966868196907,1.0494666392099088
2024-07-05 12:30:00-04:00,-0.0004874143412851861,0.00012692325858067418,2.525717218396391,1.0489551141192575
2024-07-05 13:30:00-04:00,0.004458062138007701,0.0005159362054872113,2.527020327354184,1.053631421197982
2024-07-05 14:30:00-04:00,0.0011789054961375278,6.33801538866023e-05,2.527180490291406,1.0548735530713356
2024-07-05 15:30:00-04:00,-0.0012467457357406841,0.0002155061207662343,2.527725113155345,1.0535583939672983
2024-07-08 09:30:00-04:00,-0.0024273950869642125,0.0008108749641918175,2.529774782165961,1.0510009914979521
2024-07-08 10:30:00-04:00,-0.0018075258165690666,0.00019648546352638352,2.5302718461366522,1.0491012800725799
2024-07-08 11:30:00-04:00,0.006895148910284643,0.00048714590436163064,2.531504457703419,1.0563349896206504
2024-07-08 12:30:00-04:00,-0.004357784124611852,0.00036846261644280767,2.5324372224594414,1.0517317097726095
2024-07-08 13:30:00-04:00,0.0025704815264131486,0.0001675675572715175,2.5328615767787523,1.054435166703323
2024-07-08 14:30:00-04:00,-0.0007622521808088312,0.00013291422286245593,2.5331982301068483,1.0536314211979818
2024-07-08 15:30:00-04:00,0.0001387258868537078,-1.9750595753899493e-05,2.533148197932641,1.0537775871513044
2024-07-09 09:30:00-04:00,-0.004160352922181865,0.0009374666293363608,2.5355229398353667,1.0493935004872696
2024-07-09 10:30:00-04:00,0.00842505747810307,0.0008195212215081298,2.537600854692182,1.0582347010460227
2024-07-09 11:30:00-04:00,0.004008816657375958,0.0003237473381767624,2.538422396214244,1.0624769699429892
2024-07-09 12:30:00-04:00,-0.0006230043163275578,0.00046669043833559164,2.5396070536750144,1.0618150422047161
2024-07-09 13:30:00-04:00,-0.006674932368665454,0.00047660570332517594,2.5408174448810006,1.054727498609968
2024-07-09 14:30:00-04:00,-0.0007620409123687555,9.124067097406591e-05,2.541049270769494,1.0539237531046268
2024-07-09 15:30:00-04:00,0.00040209827383375085,0.00016026344614677792,2.5414565080824563,1.0543475340265025
2024-07-10 09:30:00-04:00,-0.0009563575677555836,0.0007303591954784066,2.5433126842130425,1.0533392007832918
2024-07-10 10:30:00-04:00,0.003665348175793559,0.0002775929484383386,2.544018689879854,1.0572000557013748
2024-07-10 11:30:00-04:00,0.0007713319312121492,0.00030476126971694037,2.5447940082459652,1.0580155078620166
2024-07-10 12:30:00-04:00,0.005317708951882549,0.0007918633279999041,2.546809137298409,1.063641726399405
2024-07-10 13:30:00-04:00,-0.00013742028889496272,0.0004243967456103384,2.5478899948079694,1.0634955604460823
2024-07-10 14:30:00-04:00,0.0005496518679304341,8.129645526684949e-05,2.548097129232957,1.064080112767417
2024-07-10 15:30:00-04:00,0.0010299656077403796,0.0003498197889819588,2.548988504033011,1.065176078687448
2024-07-11 09:30:00-04:00,0.028055949870617436,0.0018546350891091388,2.553715947554326,1.095060605354484
2024-07-11 10:30:00-04:00,-0.0044705290636822825,0.0010576966393812534,2.5564170043299885,1.0901651050917534
2024-07-11 11:30:00-04:00,-0.0014745390429159455,0.0009588543882601204,2.558868235992813,1.088557614081071
2024-07-11 12:30:00-04:00,0.006175313433542051,0.00047579522481738313,2.5600857332804354,1.0952797985384903
2024-07-11 13:30:00-04:00,-0.0010006264349013971,0.00024030062227593262,2.5607009234752227,1.0941838326184592
2024-07-11 14:30:00-04:00,0.002337269472558523,7.342585891809798e-05,2.5608889451399612,1.0967412350878054
2024-07-11 15:30:00-04:00,-0.004543682932745208,0.0003142103297857885,2.5616936028999584,1.091757990656299
2024-07-12 09:30:00-04:00,0.021162126242997292,0.001851761320175636,2.56643724802795,1.1148619110813687
2024-07-12 10:30:00-04:00,0.003276969419318876,0.0004485147831983494,2.567588333073841,1.1185152794707458
2024-07-12 11:30:00-04:00,0.00032664653226888163,0.00029653421233802866,2.5683497108577975,1.1188806386080747
2024-07-12 12:30:00-04:00,-0.001110155838337512,0.0002966635234012562,2.569111646532347,1.1176385067347212
2024-07-12 13:30:00-04:00,-0.00019622147468967288,4.8472911309199225e-05,2.569236178853333,1.1174192020587597
2024-07-12 14:30:00-04:00,-0.0011769612528710338,2.2447890136717655e-05,2.5692938527848113,1.1161040429547224
2024-07-12 15:30:00-04:00,-0.00471359227956214,0.0004429996411316133,2.5704320490395567,1.110843183554663
2024-07-15 09:30:00-04:00,-0.05202922926804987,0.003155088059826923,2.578541988506078,1.053046868876647
2024-07-15 10:30:00-04:00,0.004995845441971181,0.0010992432083360443,2.5813764332743525,1.0583077282767064
2024-07-15 11:30:00-04:00,0.00013811290366416706,0.0006984747379712328,2.583179459502189,1.058453894230029
2024-07-15 12:30:00-04:00,-0.0031755261074761787,0.0003113006812685954,2.583983605027771,1.0550927462553417
2024-07-15 13:30:00-04:00,-0.0050553722880513075,0.0007871381188792804,2.5860175570218473,1.0497588596245984
2024-07-15 14:30:00-04:00,-0.008278639277527589,0.0007996803062574317,2.5880855443338335,1.0410682846973776
2024-07-15 15:30:00-04:00,-0.0033731333149631393,0.0005952912913428911,2.589626209119626,1.0375566225831132
2024-07-16 09:30:00-04:00,0.010563380281690238,0.001066962788790372,2.5923892439216334,1.0485167277512448
2024-07-16 10:30:00-04:00,-0.0076655477596907495,0.001257196204416251,2.5956483858394614,1.040479272697833
2024-07-16 11:30:00-04:00,0.007443910553488919,0.0010369328058790297,2.5983398988032653,1.0482245073365548
2024-07-16 12:30:00-04:00,0.00216086396267956,0.0003017430109429443,2.5991239297077833,1.050489577899256
2024-07-16 13:30:00-04:00,0.0022953454910477067,0.0003687780638367118,2.6000824295982525,1.0529008144152796
2024-07-16 14:30:00-04:00,0.0011797235374382264,0.0003270890857594938,2.600932888183049,1.0541429462886331
2024-07-16 15:30:00-04:00,-0.003396447484944054,0.00026503428607165176,2.6016222245741893,1.0505626051299397
2024-07-17 09:30:00-04:00,-0.00222556731218837,0.0011376049579902281,2.6045818429156826,1.048224507336555
2024-07-17 10:30:00-04:00,-0.0030670738938681774,0.00043616601332302604,2.6057178729944805,1.0450095253151903
2024-07-17 11:30:00-04:00,0.0001538468268131865,0.00032475073219232376,2.6065640817816225,1.0451702967146497
2024-07-17 12:30:00-04:00,-0.005187318101711247,0.0005570460262784679,2.608016057945619,1.039748665915131
2024-07-17 13:30:00-04:00,-0.002951497961616645,0.0004121014267426499,2.609090825084066,1.0366798498470888
2024-07-17 14:30:00-04:00,-0.004863281770931427,0.0005491677980357155,2.610523653747353,1.0316381836310355
2024-07-17 15:30:00-04:00,0.004320423541353202,0.0003938888033027338,2.6115519097853213,1.036095297525754
2024-07-18 09:30:00-04:00,0.008885715653870863,0.001632805297740664,2.6158160655789433,1.0453017457298805
2024-07-18 10:30:00-04:00,0.009366673848444584,0.000995607683446208,2.618420392152316,1.055092746255342
2024-07-18 11:30:00-04:00,-0.013504134561391212,0.001292536916335743,2.621804797171659,1.040844631835162
2024-07-18 12:30:00-04:00,0.00694984566074619,0.0005970351244975992,2.6233701067251465,1.0480783413832326
2024-07-18 13:30:00-04:00,0.0021179760531480074,0.0002670115710574927,2.6240705768988084,1.0502981462121055
2024-07-18 14:30:00-04:00,0.0007388226012627896,0.0002526053441089934,2.6247334311498522,1.0510741302205915
2024-07-18 15:30:00-04:00,-0.0034063640762826974,0.0004405780193227349,2.625889831006199,1.047493789061898
2024-07-19 09:30:00-04:00,0.00048822590075126016,0.0009816201541586298,2.6284674573869147,1.0480052026605942
2024-07-19 10:30:00-04:00,0.00048809403746541413,0.00041400336721827177,2.629555651764896,1.0485167277512455
2024-07-19 11:30:00-04:00,-0.0024390669234538587,0.0003643205754190361,2.6305136529930437,1.0459593252818993
2024-07-19 12:30:00-04:00,0.000768429025788997,0.00019116900270237024,2.6310165256646814,1.0467630707872406
2024-07-19 13:30:00-04:00,0.0004886732298137186,0.0002248950875178977,2.6316082283564817,1.047274595877892
2024-07-19 14:30:00-04:00,0.0020232559996380406,0.00037075752395742496,2.6325839169072527,1.0493935004872703
2024-07-19 15:30:00-04:00,0.0027851912607783635,0.0002934542887207608,2.6333564599480863,1.052316262093945
2024-07-22 09:30:00-04:00,0.014720143412694453,0.001651096485307159,2.6377043855436675,1.0678065083874784
2024-07-22 10:30:00-04:00,0.0001368843064490921,0.0007102774017584688,2.6395778873612383,1.0679526743408008
2024-07-22 11:30:00-04:00,-0.002326192729692478,0.0002658226599074908,2.6402795469762896,1.0654684105940935
2024-07-22 12:30:00-04:00,0.0027430659470137897,0.0003482476836407269,2.641199018212688,1.068391060708813
2024-07-22 13:30:00-04:00,-0.002735562119717261,0.0002177656960095941,2.6417741807551893,1.0654684105940935
2024-07-22 14:30:00-04:00,0.0019201670911612734,0.00019723431447767078,2.642295229274735,1.0675142879727881
2024-07-22 15:30:00-04:00,-0.0020534088927091076,0.000265695076156271,2.642997274106905,1.0653222446407709
2024-07-23 09:30:00-04:00,-0.002194837568728625,0.0007097119774712549,2.6448730409287626,1.062984035355431
2024-07-23 10:30:00-04:00,0.0009623274248002911,0.00021931645763864852,2.645453105115003,1.0640069740447784
2024-07-23 11:30:00-04:00,-0.003433594401631601,0.0004457834962712619,2.6466324044494227,1.0603536056554013
2024-07-23 12:30:00-04:00,-0.0009647146799818263,0.00011728976632361757,2.646942827345685,1.0593306669660538
2024-07-23 13:30:00-04:00,0.0011036257885541634,0.00017911634285937866,2.647416938064677,1.0604997716087239
2024-07-23 14:30:00-04:00,-0.0046850811536502945,0.0004900834826639901,2.6487143933777473,1.0555312441153095
2024-07-23 15:30:00-04:00,-0.0016613974941829257,0.00036165972968300365,2.6496723267092634,1.0537775871513047
2024-07-24 09:30:00-04:00,0.013174274583292789,0.0015958702639993299,2.653900859984801,1.0676603424341558
2024-07-24 10:30:00-04:00,0.014371791498017927,0.0017861231367284364,2.6586410537134033,1.083004534266322
2024-07-24 11:30:00-04:00,0.00924298411755875,0.000942701476508649,2.6611473585602456,1.0930147279757896
2024-07-24 12:30:00-04:00,0.001604422080617951,0.0006745269031722126,2.6629423740469003,1.0947683849397947
2024-07-24 13:30:00-04:00,0.006674230713335838,0.0008761942007072587,2.6652756287118575,1.102075121718549
2024-07-24 14:30:00-04:00,0.0032487269589303036,0.0008493540179746497,2.667539391276114,1.1056554628772424
2024-07-24 15:30:00-04:00,-0.0033042557216422797,0.0006351524384554853,2.669233685425159,1.1020020944878652
2024-07-25 09:30:00-04:00,-0.007625043756968264,0.001991047993428426,2.6745482577985165,1.0935992802971246
2024-07-25 10:30:00-04:00,-0.004476502820485284,0.0007794101541934059,2.676632827868525,1.088703780034394
2024-07-25 11:30:00-04:00,-0.0016107751219064381,0.0003636148628016904,2.677606091347001,1.086950123070389
2024-07-25 12:30:00-04:00,-0.004638257650550481,0.0003592438944410314,2.6785680049870355,1.081908568346291
2024-07-25 13:30:00-04:00,-0.0076315582286573536,0.0006608156075588486,2.680338044530639,1.073651920108873
2024-07-25 14:30:00-04:00,0.0064652030247585035,0.000703196397991048,2.6822228485889514,1.0805932977502986
2024-07-25 15:30:00-04:00,-0.007099892190758239,0.0005802122617118023,2.683779107174346,1.0729212018342156
2024-07-26 09:30:00-04:00,0.0064696061831557294,0.0012911025781959676,2.6872441412989274,1.0798625794756411
2024-07-26 10:30:00-04:00,0.0008796595758739922,0.0005048038507244512,2.688600672489292,1.0808124909343049
2024-07-26 11:30:00-04:00,-0.0008788864549877928,0.0001782847972976978,2.689080009115201,1.0798625794756411
2024-07-26 12:30:00-04:00,0.0029772140293313765,0.0002394671592231259,2.689723955465908,1.083077561497006
2024-07-26 13:30:00-04:00,-0.0017458616336715194,0.0002727792271474109,2.6904576562877196,1.081186657936098
2024-07-26 14:30:00-04:00,0.003979090978743827,0.0006242137450945243,2.692137076937369,1.0854887980130297
2024-07-26 15:30:00-04:00,-0.0002692062923401739,0.00017740769656668,2.69261468277503,1.0851965775983399
2024-07-29 09:30:00-04:00,-0.004107194942120418,0.0007824314979354277,2.694721469314637,1.0807394637036216
2024-07-29 10:30:00-04:00,6.75715407238986e-05,0.00043690118892219544,2.695898796328395,1.080812490934305
2024-07-29 11:30:00-04:00,0.0012844946170782467,0.000211759171199868,2.6964696776231443,1.0822007887609812
2024-07-29 12:30:00-04:00,0.0014179104246963004,2.9308914880617253e-05,2.696548708223404,1.08373525254098
2024-07-29 13:30:00-04:00,0.00013476950299895485,4.946573920171788e-05,2.6966820949985495,1.0838813070023474
2024-07-29 14:30:00-04:00,0.0012108076748604812,-3.159880306053553e-05,2.6965968830721128,1.0851936788075036
2024-07-29 15:30:00-04:00,0.0012145830929664037,0.00027045967063310744,2.6973262037769388,1.0865117367023773
2024-07-30 09:30:00-04:00,-0.005312665113286985,0.0006015913419747898,2.6989488918676128,1.0807394637036218
2024-07-30 10:30:00-04:00,-0.0035832517488649795,0.000287970996822387,2.6997261108703765,1.0768669021302384
2024-07-30 11:30:00-04:00,-0.0014927480893901501,0.000792324299002371,2.7018651694686704,1.075259411119556
2024-07-30 12:30:00-04:00,0.0025685696741633013,0.00045032292101716235,2.70308188128398,1.0780212898348163
2024-07-30 13:30:00-04:00,0.00333476401507915,0.00027351483169734607,2.7038212142698033,1.0816162364396467
2024-07-30 14:30:00-04:00,-0.0013510568796286648,0.00036902612496619955,2.7048189949351067,1.0801549113822868
2024-07-30 15:30:00-04:00,0.004938075617243909,0.00045458800599539593,2.7060485732085926,1.0854887980130299
2024-07-31 09:30:00-04:00,0.01447232896207784,0.0009977560604137582,2.7087485495722854,1.101198348982525
2024-07-31 10:30:00-04:00,0.0036493117143372444,0.000428450330756824,2.7099091137842866,1.1052169650172758
2024-07-31 11:30:00-04:00,-0.0004627268806791651,0.00011716381323924251,2.7102266170695897,1.1047055514185797
2024-07-31 12:30:00-04:00,0.0058866285817631425,0.0004925456363500864,2.711561527363347,1.1112085426919927
2024-07-31 13:30:00-04:00,0.0029589488612848935,0.0004830377456597611,2.712871313930742,1.114496551944041
2024-07-31 14:30:00-04:00,0.000852323371487218,0.0004408970982704061,2.714067411021035,1.1154464634027048
2024-07-31 15:30:00-04:00,0.0007860285229199793,0.0005703810732436827,2.715615463703789,1.1163232361387296
2024-08-01 09:30:00-04:00,0.0031417445436194846,0.0009071455954036404,2.718078922310498,1.1198304385747841
2024-08-01 10:30:00-04:00,0.016964675692975106,0.0014952506436768775,2.7221431315686475,1.1388279987963275
2024-08-01 11:30:00-04:00,-0.0010265857916258447,0.0006365968196633836,2.7238760392288723,1.1376588941536574
2024-08-01 12:30:00-04:00,-0.001156022346237351,0.0001722494138645989,2.7243452252800693,1.1363437350496202
2024-08-01 13:30:00-04:00,0.0009002018120007893,0.00019848006413026277,2.724885953495096,1.1373666737389676
2024-08-01 14:30:00-04:00,0.003661775999099781,0.00038369113834354964,2.725931468088449,1.1415314557270408
2024-08-01 15:30:00-04:00,0.003648513984554125,0.0002345001123202876,2.726570699323893,1.1456963492070693
2024-08-02 09:30:00-04:00,-0.003826569463251661,0.0032215000976491244,2.7353543470980126,1.1413122625430345
2024-08-02 10:30:00-04:00,0.0,0.0009486936816686591,2.7379493604842295,1.1413122625430345
2024-08-02 11:30:00-04:00,0.007490385350858775,0.0009625725255444601,2.7405848353149636,1.1498611311951423
2024-08-02 12:30:00-04:00,-0.0028594837783854077,0.0005378219393860575,2.742058781966145,1.146573121943094
2024-08-02 13:30:00-04:00,-0.0007646897692307197,0.00046402328431545674,2.7433311610879385,1.145696349207069
2024-08-02 14:30:00-04:00,0.005293378921559899,0.000549815871965262,2.7448394881023614,1.1517609541124698
2024-08-02 15:30:00-04:00,0.004884787095225329,0.0004199757888473958,2.745992254231637,1.157387061157903
2024-08-05 09:30:00-04:00,-0.02821970576352617,0.0024225489980252758,2.752644555015711,1.1247259388375146
2024-08-05 10:30:00-04:00,0.015006905264059345,0.001971384681877565,2.7580710763261225,1.1416045944496793
2024-08-05 11:30:00-04:00,-0.003968320239234102,0.000454226347518416,2.7593238648773184,1.137074341832322
2024-08-05 12:30:00-04:00,-0.005911824944169419,0.0007939929536560942,2.761514748582886,1.1303521573749025
2024-08-05 13:30:00-04:00,0.0021977785688280793,0.0005763955149863349,2.7631064732985373,1.1328364211216095
2024-08-05 14:30:00-04:00,-0.00928784342733835,0.0007978672498220567,2.7653110654613537,1.1223148138134458
2024-08-05 15:30:00-04:00,-0.0014322995570381636,0.00032161637701714216,2.766200434787553,1.1207073228027633
2024-08-06 09:30:00-04:00,0.011083563007714403,0.0020313840833616316,2.771819650322169,1.1331287530282546
2024-08-06 10:30:00-04:00,-0.0006448678252182205,0.0003934706417673383,2.7729102799788445,1.132398034753597
2024-08-06 11:30:00-04:00,0.0021939063495488575,0.0003791093721618664,2.7739615162541487,1.1348824099922594
2024-08-06 12:30:00-04:00,-0.00019323999916687207,0.00012877341861402097,2.7743187287617004,1.134663105316298
2024-08-06 13:30:00-04:00,0.0022538870413286727,0.00027659271537512945,2.775086085112205,1.1372205077856443
2024-08-06 14:30:00-04:00,-0.0028270524488033244,0.000789903766249122,2.7772781360625003,1.1340055257642796
2024-08-06 15:30:00-04:00,-0.008118521466570217,0.0007183199858809573,2.779273110453984,1.124799077560153
2024-08-07 09:30:00-04:00,0.022086487219451056,0.0016459202691618238,2.783847572400017,1.1496419380111358
2024-08-07 10:30:00-04:00,-0.002669366840732379,0.00027089117784208296,2.7846016921478376,1.1465731219430935
2024-08-07 11:30:00-04:00,-0.0016505396926401739,0.0005072995658437849,2.786014319377312,1.144680657494812
2024-08-07 12:30:00-04:00,-0.0017936219524132824,0.0005425449065709296,2.787525857255924,1.1426275331390265
2024-08-07 13:30:00-04:00,-0.00543551654287644,0.0009538383288261219,2.7901847062611687,1.1364167622803032
2024-08-07 14:30:00-04:00,0.0003215010104178351,0.00045768537389172964,2.791461732991681,1.1367821214176321
2024-08-07 15:30:00-04:00,-0.0025710833691068302,0.0004300197726641459,2.7926621167315027,1.1338593598109572
2024-08-08 09:30:00-04:00,0.0009022725547489507,0.0013929590811408807,2.7965521807875615,1.1348824099922599
2024-08-08 10:30:00-04:00,-0.0011589487901231266,0.0005353569430860863,2.798049334414249,1.1335671393962674
2024-08-08 11:30:00-04:00,0.0009024067951477477,0.0002256067612169738,2.7986805932623113,1.1345900780856149
2024-08-08 12:30:00-04:00,0.001674359279236537,0.0003022205856404094,2.7995264121502275,1.1364897895109871
2024-08-08 13:30:00-04:00,0.0016716585884550828,0.00036394810147849716,2.8005452944729687,1.1383896124283146
2024-08-08 14:30:00-04:00,0.0033376396808424413,0.00035117642442374314,2.8015287799559183,1.1421891467710141
2024-08-08 15:30:00-04:00,-0.00793248103291222,0.0008803811419815113,2.80399519306251,1.1331287530282548
2024-08-09 09:30:00-04:00,-0.006835166018043459,0.001333663018244655,2.807734777754833,1.125383629881488
2024-08-09 10:30:00-04:00,0.0028567876197944653,0.0005389637741978095,2.809248045087598,1.1285986119028528
2024-08-09 11:30:00-04:00,0.0014242260284345054,0.00027825597951872734,2.8100297351540946,1.1302059914215798
2024-08-09 12:30:00-04:00,0.00814591301582257,0.0006887775132606608,2.8119652204472625,1.1394125511176616
2024-08-09 13:30:00-04:00,-0.002757521661139406,0.00033970466537183296,2.812920458151512,1.1362705963269806
2024-08-09 14:30:00-04:00,0.00045017893827825617,0.00021141641058382768,2.813515155698032,1.136782121417632
2024-08-09 15:30:00-04:00,-0.004370792689080583,0.00033456128266404423,2.814456448937317,1.131813482432262
2024-08-12 09:30:00-04:00,-0.0014848013983316255,0.0006610376440584398,2.816316910597627,1.1301329641908961
2024-08-12 10:30:00-04:00,-0.002004251388528111,0.0003431244782107931,2.8172832578680524,1.1278678936281952
2024-08-12 11:30:00-04:00,-0.0019435284437132605,0.0002536303056884844,2.817997806281957,1.125675850296178
2024-08-12 12:30:00-04:00,0.0031156415367104007,0.0003414902212241171,2.8189601249762335,1.1291830527322324
2024-08-12 13:30:00-04:00,0.0014235876165451522,0.0003048209222882121,2.8198194030014223,1.1307905437429147
2024-08-12 14:30:00-04:00,-0.0016799852420804617,0.00024723080011383486,2.8205165492086026,1.1288908323175424
2024-08-12 15:30:00-04:00,0.004271868363167508,0.000511195523720181,2.821958384643137,1.1337133053495896
2024-08-13 09:30:00-04:00,0.00206233602653505,0.0010433522121283659,2.824902681166288,1.1360514031429743
2024-08-13 10:30:00-04:00,-0.0005929611914653465,0.0003398532165277596,2.82586273342886,1.1353777687494007
2024-08-13 11:30:00-04:00,0.0018803956794792853,0.00012164683809320201,2.826206490695267,1.137512728200334
2024-08-13 12:30:00-04:00,0.0004496873555521752,0.00038989367424079925,2.8273084107280875,1.1380242532909852
2024-08-13 13:30:00-04:00,0.0013483577134330016,0.00017244064634437962,2.8277959536178483,1.139558717070984
2024-08-13 14:30:00-04:00,0.0021158409724297833,0.00012654209661441186,2.828153788846617,1.1419698420950524
2024-08-13 15:30:00-04:00,-0.0007038237576104667,0.00010729559121138715,2.828457237279428,1.1411660965897112
2024-08-14 09:30:00-04:00,-0.00396974738290945,0.0009605435650975512,2.83117409367785,1.1366359554643093
2024-08-14 10:30:00-04:00,0.002699911130990662,0.00028780136660186916,2.831988909451098,1.1397047715323516
2024-08-14 11:30:00-04:00,0.0052558596128760016,0.0005157433204034726,2.8334494888146042,1.1456948998116505
2024-08-14 12:30:00-04:00,-0.003315092829605848,0.0005280154293160415,2.8349455938628862,1.141896814864369
2024-08-14 13:30:00-04:00,0.0012797347696722472,0.00013248354692304423,2.8353211775104947,1.1433581399217287
2024-08-14 14:30:00-04:00,0.0008946791505044516,0.0001890682308811485,2.8358572466695064,1.1443810786110762
2024-08-14 15:30:00-04:00,-0.0039585949209333116,0.00024800781250000007,2.8365605614218152,1.1398509374856742
2024-08-15 09:30:00-04:00,-0.007371755746694686,0.0006777595558859077,2.838483067448168,1.1314482347868888
2024-08-15 10:30:00-04:00,-0.00012918483482371457,0.0003294712022259487,2.839418265876898,1.1313020688335662
2024-08-15 11:30:00-04:00,0.00019375301260793343,0.00012289310964944694,2.8397672108171874,1.1315212620175723
2024-08-15 12:30:00-04:00,-0.0023246842886005536,0.0002475902386422534,2.840470309458602,1.1288908323175426
2024-08-15 13:30:00-04:00,0.0016828123419800889,8.438627064034251e-05,2.840710006154882,1.1307905437429147
2024-08-15 14:30:00-04:00,0.0005156595349540272,0.00013565002570217568,2.8410953485402293,1.1313736466688316
2024-08-15 15:30:00-04:00,0.00025966779668973317,0.0003355023170726005,2.8420485426126887,1.131667427970895
2024-08-16 09:30:00-04:00,0.007747913936018591,0.0009072494278690679,2.84462698952695,1.140435489807009
2024-08-16 10:30:00-04:00,0.002434680153475588,0.00024248781430042648,2.8453167769081404,1.1432120854603613
2024-08-16 11:30:00-04:00,-0.0015339734300471308,0.00038868577631063334,2.846422711068423,1.1414584284963565
2024-08-16 12:30:00-04:00,0.002048342484504362,0.00028640625,2.847237944323015,1.1437965262897412
2024-08-16 13:30:00-04:00,0.00351349862876571,0.000233641149396207,2.847903176268931,1.1478152538164472
2024-08-16 14:30:00-04:00,0.0016920753177498415,0.00020696895647630842,2.848492603817469,1.1497574436767668
2024-08-16 15:30:00-04:00,-0.0011172880987775358,0.00011156979383630884,2.8488104095500213,1.148472833368466
2024-08-19 09:30:00-04:00,0.006871115163381125,0.0006303473924265765,2.8506061497631987,1.1563641224685552
2024-08-19 10:30:00-04:00,0.00454948341775685,0.0003738415580158412,2.8516718248075157,1.1616249818686148
2024-08-19 11:30:00-04:00,-0.0026418302945806493,0.00023490747011766354,2.852341703821487,1.1585561658005727
2024-08-19 12:30:00-04:00,-0.003342575602027331,0.00018542986971097484,2.852870613171998,1.1546836042271895
2024-08-19 13:30:00-04:00,0.0022148079872128523,0.0001415397778997417,2.8532744078449626,1.1572410066965355
2024-08-19 14:30:00-04:00,0.00031561934226309596,9.064682101725426e-05,2.853533048099524,1.157606254341909
2024-08-19 15:30:00-04:00,0.0017042497313843885,3.9705346457194626e-05,2.8536463486178256,1.1595791044899202
2024-08-20 09:30:00-04:00,0.0035917286400746207,0.0005295620516411164,2.8551575314328574,1.1637439979699487
2024-08-20 10:30:00-04:00,-0.004960184113327548,0.00042932664468914425,2.8563833266358865,1.1579716134792377
2024-08-20 11:30:00-04:00,0.0005048071252615749,0.00024127653051894934,2.857072504894769,1.1585561658005727
2024-08-20 12:30:00-04:00,-0.00037839025931862835,5.852243699585959e-05,2.8572397077404292,1.1581177794325603
2024-08-20 13:30:00-04:00,6.30568254633701e-05,0.00014101249847568695,2.857642614250362,1.158190806663244
2024-08-20 14:30:00-04:00,-0.00025230766209560773,6.530108974892493e-05,2.857829221427185,1.1578985862485542
2024-08-20 15:30:00-04:00,-0.0030921025392157686,0.0001666025121111395,2.85830534295466,1.1543182450898608
2024-08-21 09:30:00-04:00,0.007152835253656953,0.0006932491829847746,2.860286860798384,1.162574893327279
2024-08-21 10:30:00-04:00,0.004022370606457049,0.00045219697234657867,2.86158027385688,1.1672512004060036
2024-08-21 11:30:00-04:00,-0.0021283025846048353,0.00046520082710581334,2.8629114833671077,1.1647669366592963
2024-08-21 12:30:00-04:00,-0.001727657471063293,0.00035200407283903943,2.8639192398694306,1.1627546183591293
2024-08-21 13:30:00-04:00,0.00041096763893522237,5.756426070142599e-05,2.8640840992631826,1.1632324728792973
2024-08-21 14:30:00-04:00,-0.001319041828539702,0.0002021107097268887,2.8646629613332024,1.1616981205912538
2024-08-21 15:30:00-04:00,0.0015724258844103112,0.00026508090725684843,2.8654223287899776,1.1635248047859423
2024-08-22 09:30:00-04:00,-0.003077150692418762,0.0007931496584660309,2.8676950375314187,1.159944463627249
2024-08-22 10:30:00-04:00,-0.003968534694881898,0.000513724872631394,2.8691682437993205,1.155341183779208
2024-08-22 11:30:00-04:00,0.0027827122122041636,0.00019900235443082731,2.869739215035095,1.1585561658005727
2024-08-22 12:30:00-04:00,-0.008451036569898096,0.0007874652492611832,2.8719990349413775,1.1487651652751112
2024-08-22 13:30:00-04:00,-0.0004452825574048358,0.00020702073158441773,2.8725935982827013,1.1482536401844599
2024-08-22 14:30:00-04:00,0.0021636118987293784,0.00019422337403475576,2.8731515231035907,1.1507380154231224
2024-08-22 15:30:00-04:00,0.0026032661694084247,0.00012368782327051275,2.8735068969614095,1.1537336927685256
2024-08-23 09:30:00-04:00,0.015959495692653425,0.001115875776492534,2.876713373701313,1.172146700668734
2024-08-23 10:30:00-04:00,-0.006607639762452933,0.000619039557274265,2.878494173074574,1.1644015775219674
2024-08-23 11:30:00-04:00,-0.003899340633793158,0.0004919582909158134,2.8799102721483707,1.159861179136683
2024-08-23 12:30:00-04:00,0.002024686312042112,0.00034172305610236217,2.8808944038878703,1.16220953418995
2024-08-23 13:30:00-04:00,0.0009643946234112466,0.0003153669541060961,2.8818029427811256,1.163330362816
2024-08-23 14:30:00-04:00,-0.0010262397465874429,3.884725348689161e-05,2.881914892910543,1.1621365069592664
2024-08-23 15:30:00-04:00,0.001446059246312803,0.00022745327379579262,2.8825703938877365,1.1638170252006326
2024-08-26 09:30:00-04:00,0.014439999179964635,0.0008696628501163748,2.885077258272146,1.1806225420901586
2024-08-26 10:30:00-04:00,-0.004394149683260684,0.0005987821692272857,2.8868047910912424,1.1754347099207827
2024-08-26 11:30:00-04:00,0.004848628103262476,0.00041407233561386203,2.888000137093551,1.1811339556888547
2024-08-26 12:30:00-04:00,0.00024750106051651954,5.810578372374091e-05,2.888167946604911,1.1814262875954997
2024-08-26 13:30:00-04:00,-0.0035871224089125686,0.00028926595034356494,2.8890033952507372,1.1771883668847876
2024-08-26 14:30:00-04:00,-0.0009310030160519789,0.0001541188066890119,2.8894486450065333,1.1760924009647564
2024-08-26 15:30:00-04:00,0.0021123032039569445,0.0001352537947202619,2.88983945390042,1.1785766647114637
2024-08-27 09:30:00-04:00,-0.005703646320763589,0.00047966968159803274,2.891225622271142,1.1718544802540443
2024-08-27 10:30:00-04:00,-0.00561172919237074,0.0006253140578151064,2.8930335462970636,1.1652783502579922
2024-08-27 11:30:00-04:00,-0.000501641793315355,0.0001385750162176658,2.89343444846766,1.1646937979366572
2024-08-27 12:30:00-04:00,0.0018820769337835053,1.9350169623912663e-05,2.8934904369150334,1.1668858412686745
2024-08-27 13:30:00-04:00,0.0001878445827809827,-3.714719426808587e-05,2.8933829518636607,1.1671050344526805
2024-08-27 14:30:00-04:00,-0.0011895226099570833,8.79445728188576e-05,2.8936374091913635,1.1657167366260044
2024-08-27 15:30:00-04:00,-0.002005716929270429,0.00010148997615465748,2.8939310843830226,1.1633786388326197
2024-08-28 09:30:00-04:00,-0.0006281001303158895,0.000489952231462708,2.8953489723755155,1.1626479205579623
2024-08-28 10:30:00-04:00,0.0023881655007129687,0.0005641724192574433,2.8969824484098554,1.1654245162113144
2024-08-28 11:30:00-04:00,-0.005015693114469033,0.0003721674196523458,2.8980606108924585,1.15957910448992
2024-08-28 12:30:00-04:00,0.00025210173718481776,0.00010888863527310451,2.8983761767573175,1.159871436396565
2024-08-28 13:30:00-04:00,0.0001271725918552402,0.00013393112908408037,2.8987643595511807,1.1600189402533503
2024-08-28 14:30:00-04:00,0.002959198070682456,0.0003847863739719462,2.8998797645780914,1.1634516660633032
2024-08-28 15:30:00-04:00,-0.002323652120299058,0.00023375920455353158,2.9005576381651603,1.1607482091325898
2024-08-29 09:30:00-04:00,0.0010071991784881273,0.001018622052584846,2.9035122101401885,1.1619173137752596
2024-08-29 10:30:00-04:00,0.000754591334193977,0.00015181104178236613,2.9039529953536376,1.1627940865112845
2024-08-29 11:30:00-04:00,0.007289202378775617,0.0005511247697774358,2.905553435779646,1.1712699279327088
2024-08-29 12:30:00-04:00,-0.0022445554537985357,8.737846863509526e-05,2.9058073185894018,1.1686409476280972
2024-08-29 13:30:00-04:00,-0.0017518869061264875,0.0002189190278624707,2.9064434551027434,1.1665936208539842
2024-08-29 14:30:00-04:00,-0.0002505858950532236,0.00020160606038989673,2.907029411717473,1.1663012889473392
2024-08-29 15:30:00-04:00,0.00288188653012722,0.00047007379564641236,2.908395930067095,1.1696624369220265
2024-08-30 09:30:00-04:00,0.0017491177916926226,0.0009883131551299412,2.911270336025107,1.1717083143007214
2024-08-30 10:30:00-04:00,-0.003679198900255809,0.0003809731023027594,2.9123794517166646,1.1673973663593256
2024-08-30 11:30:00-04:00,-0.0034424675286349737,0.00045129839938953386,2.9136938039016393,1.1633786388326195
2024-08-30 12:30:00-04:00,0.0028877847462327466,0.000339016380461156,2.91468159382881,1.1667382259199333
2024-08-30 13:30:00-04:00,0.0008154021467254857,0.00012565397762219464,2.915047835164577,1.1676895867740151
2024-08-30 14:30:00-04:00,0.005756824873287325,0.0004491128055162494,2.916357020476042,1.1744117712314344
2024-08-30 15:30:00-04:00,0.0016798623756490993,0.00031535303435593735,2.9172767025117143,1.1763846213794455
2024-09-03 09:30:00-04:00,-0.004223556992430155,0.0007762209569473959,2.919541153825418,1.1714160938860312
2024-09-03 10:30:00-04:00,0.005925629396466903,0.0005402123882214089,2.9211183261246365,1.1783574715274567
2024-09-03 11:30:00-04:00,0.0027283588376600942,0.000364185915521205,2.922182156276582,1.1815724535488215
2024-09-03 12:30:00-04:00,0.0001236102457606858,0.00028926463034525864,2.923027440217819,1.1817185080101886
2024-09-03 13:30:00-04:00,0.00253511205676471,0.0005602092714625772,2.924664947290568,1.1847142968475473
2024-09-03 14:30:00-04:00,-0.008017781279458958,0.0007599622293830697,2.9268875821841096,1.1752155167367757
2024-09-03 15:30:00-04:00,-0.005968611520366984,0.0007996289690869856,2.929228006284085,1.1682011118646665
2024-09-04 09:30:00-04:00,0.01557411907886852,0.0011395463638714607,2.9325659974075964,1.1863948150889134
2024-09-04 10:30:00-04:00,0.0009238723888929101,0.0002065219645970714,2.9331716366986913,1.1874908925008998
2024-09-04 11:30:00-04:00,-0.004047541097658258,0.000515521648807646,2.9346837501770784,1.1826844743104075
2024-09-04 12:30:00-04:00,-0.00458539899079935,0.00041268403550660793,2.935894847310037,1.1772613941154704
2024-09-04 13:30:00-04:00,0.0009310399690884985,0.0002840105895024216,2.9367286725363386,1.1783574715274567
2024-09-04 14:30:00-04:00,0.004650585850626721,0.0004984176863320312,2.938192390046689,1.1838375241115227
2024-09-04 15:30:00-04:00,0.0007406191459278233,0.000508626102556436,2.9396868313905995,1.1847142968475475
2024-09-05 09:30:00-04:00,-0.0022819484308640448,0.0013705506494440184,2.9437158210865237,1.182010839916834
2024-09-05 10:30:00-04:00,-0.00117452207694968,0.00046293320052736685,2.945078564873022,1.180622542090158
2024-09-05 11:30:00-04:00,-0.0009902442152257551,0.00025873798622196877,2.945840568570163,1.179453437447488
2024-09-05 12:30:00-04:00,-0.004418261732569206,0.00038249874269513575,2.946967348883821,1.1742423034594667
2024-09-05 13:30:00-04:00,0.0005811766924315176,0.0001791672736985237,2.947495348989399,1.1749247457175045
2024-09-05 14:30:00-04:00,0.0,2.368623210909532e-05,2.9475651640483758,1.1749247457175045
2024-09-05 15:30:00-04:00,-0.0010584348259788934,0.00021046607348863944,2.948185526514805,1.1736811644487326
2024-09-06 09:30:00-04:00,0.004606799551023277,0.0007591306083106556,2.950423584386961,1.1790880783101596
2024-09-06 10:30:00-04:00,-0.0026646383391719652,0.0006787660957250794,2.95242623188407,1.1759462350114338
2024-09-06 11:30:00-04:00,-0.003852336944093371,0.0004218905354610741,2.953671832567949,1.1714160938860319
2024-09-06 12:30:00-04:00,-0.00012477714288328112,0.000356058472369799,2.954723512448535,1.1712699279327092
2024-09-06 13:30:00-04:00,-0.0020586514333885697,0.00019960002841015867,2.955313275345564,1.1688586914166856
2024-09-06 14:30:00-04:00,0.004963470285661797,0.0005920942275315913,2.9570630992764433,1.1746602867996698
2024-09-06 15:30:00-04:00,-0.004379151903551981,0.00029881722500201826,2.957946720665925,1.1695162709687041
2024-09-09 09:30:00-04:00,-0.001624356558800777,0.0010163786911960454,2.960953114682503,1.1676165595433319
2024-09-09 10:30:00-04:00,0.005506818568322691,0.0006915539539880836,2.963000773516535,1.174046412094106
2024-09-09 11:30:00-04:00,0.0028628748745052057,0.00019746578250596193,2.963585864782843,1.1774075600687932
2024-09-09 12:30:00-04:00,0.0014894222047483474,0.00010366281390078395,2.963893078432823,1.1791612170327983
2024-09-09 13:30:00-04:00,0.0016098409636731148,0.0001505582333324715,2.9643393169384984,1.1810594790627524
2024-09-09 14:30:00-04:00,0.0007435884026263384,-8.211359464834546e-06,2.9643149756827913,1.1819377011941954
2024-09-09 15:30:00-04:00,0.003709236670938809,0.0003245076320544829,2.9652769185162136,1.18632178785823
2024-09-10 09:30:00-04:00,0.002710042127076706,0.0004702102097988573,2.966671221998181,1.1895367698795947
2024-09-10 10:30:00-04:00,0.006449650074171087,0.0004979730791154648,2.968148544401323,1.1972088657956779
2024-09-10 11:30:00-04:00,-0.0004882626064972584,0.00013564401118478146,2.968551155975678,1.1966243134743428
2024-09-10 12:30:00-04:00,0.0001819650379288884,0.0005211440166088887,2.970098198648612,1.1968420572629308
2024-09-10 13:30:00-04:00,-0.002196597528185018,0.0003493633945231855,2.9711358422373593,1.1942130769583192
2024-09-10 14:30:00-04:00,0.002569739125498849,0.0002768301568442683,2.9719583422385716,1.1972818930263613
2024-09-10 15:30:00-04:00,0.004516083793528969,0.0004514609562158836,2.9733000653935924,1.2026889183797433
2024-09-11 09:30:00-04:00,-0.0034629848303910915,0.0009667465413312099,2.9761744929481515,1.1985240248997149
2024-09-11 10:30:00-04:00,0.0011583395892229564,0.0003855748693313795,2.9773220310393773,1.199912322726391
2024-09-11 11:30:00-04:00,0.00870778629370128,0.0008301231410082988,2.9797935749555773,1.210360902803871
2024-09-11 12:30:00-04:00,0.0027166448754141204,0.00025780043193558537,2.9805617670262796,1.2136490235478747
2024-09-11 13:30:00-04:00,0.0015652889661781355,0.0003955099261980173,2.981740608790785,1.215548734973247
2024-09-11 14:30:00-04:00,0.001562842665797426,0.00014849596226110812,2.9821833852317003,1.2174484463986193
2024-09-11 15:30:00-04:00,0.0009602908822368139,0.0002978567083365577,2.9830716485584814,1.2186175510412893
2024-09-12 09:30:00-04:00,0.0008394255346750867,0.0008896290112673685,2.9857254756397285,1.2196404897306365
2024-09-12 10:30:00-04:00,-0.006530052419407517,0.0007146734081535539,2.9878592942412148,1.2116761733998636
2024-09-12 11:30:00-04:00,0.0044020727219358236,0.0003357499764860798,2.9888624679289997,1.2170100600306066
2024-09-12 12:30:00-04:00,0.006484160944315365,0.00047026354650147976,2.9902680209931733,1.224901349130696
2024-09-12 13:30:00-04:00,0.0011333956221546426,0.0002895767364548182,2.9911339330478177,1.226289646957372
2024-09-12 14:30:00-04:00,-0.002085479948143898,0.00012221091553779262,2.9914994822642718,1.223732244488026
2024-09-12 15:30:00-04:00,-0.0033436683357979113,0.00029666507594446826,2.9923869556853653,1.2196404897306365
2024-09-13 09:30:00-04:00,0.012461070296378995,0.0011382899628252787,2.9957931597219116,1.23483851560948
2024-09-13 10:30:00-04:00,-0.0028994407879530115,0.0003097508239099465,2.9967211091213994,1.2312581744507867
2024-09-13 11:30:00-04:00,0.0,8.44587730329249e-05,2.9969742085093976,1.2312581744507867
2024-09-13 12:30:00-04:00,0.001364969401377536,0.00013190940880874907,2.9973695376054574,1.232938804184108
2024-09-13 13:30:00-04:00,-0.00023710171636504018,8.455995178483191e-05,2.997622995029039,1.232646472277463
2024-09-13 14:30:00-04:00,0.000533469706690326,0.00027151775043943085,2.9984369028813145,1.2333040518294818
2024-09-13 15:30:00-04:00,0.0029030482413339165,0.0003206513197064702,2.99939835563128,1.2368843929881754
2024-09-16 09:30:00-04:00,0.005671117206934806,0.0009862784367740125,3.0023565975527347,1.2438989093522397
2024-09-16 10:30:00-04:00,-0.0025258923913015208,0.000398910364270764,3.003554268716735,1.2407569545615587
2024-09-16 11:30:00-04:00,0.006182231332626742,0.0005277881870837904,3.0051395091790285,1.2484276010822237
2024-09-16 12:30:00-04:00,-0.005734510694739181,0.00042794805393907493,3.006425552783797,1.2412684796522102
2024-09-16 13:30:00-04:00,-0.0002943433619060354,5.206352353065427e-05,3.0065820778913075,1.2409031205148813
2024-09-16 14:30:00-04:00,-0.0035329806102958328,0.00036624201290732985,3.0076832145634858,1.2365190338508467
2024-09-16 15:30:00-04:00,0.00017726632425829614,0.00020810436425290952,3.008309126566727,1.2367382270348528
2024-09-17 09:30:00-04:00,0.0021269090277384883,0.0005197276823038355,3.009872628096731,1.2393686567348825
2024-09-17 10:30:00-04:00,-0.003419418982142819,0.0003137154120436403,3.010816871528453,1.2351307360241703
2024-09-17 11:30:00-04:00,0.0011832241775631136,0.0002496476878063613,3.0115685149988387,1.2365921725734854
2024-09-17 12:30:00-04:00,-0.0014181368788348525,0.0004217544295891933,3.012838657360051,1.2348385156094805
2024-09-17 13:30:00-04:00,0.003964486206776918,0.00036670997946864194,3.013943495362234,1.2397340158722112
2024-09-17 14:30:00-04:00,-0.0018270617194506844,0.0002187965496694139,3.014602935799918,1.2374689453095102
2024-09-17 15:30:00-04:00,0.00354278519929907,0.0002244289220075652,3.01527949988708,1.241853031973545
2024-09-18 09:30:00-04:00,-0.002824258457086559,0.0013564635470134862,3.0193696166127344,1.238345718045535
2024-09-18 10:30:00-04:00,0.00047204291403990517,0.00020113729827526264,3.0199769244599146,1.23893027036687
2024-09-18 11:30:00-04:00,0.0014154605839806766,0.00011849515494082819,3.0203347770934963,1.240683927330875
2024-09-18 12:30:00-04:00,-0.0044759113778892745,0.00044354027329335797,3.0216744172059657,1.2351307360241703
2024-09-18 13:30:00-04:00,-0.0004731813502277804,0.0005321623936621608,3.0232824386966937,1.2345462951947905
2024-09-18 14:30:00-04:00,-0.00011839649423550647,0.0005232208210601499,3.0248642830165653,1.2344001292414681
2024-09-18 15:30:00-04:00,-0.0022493481550901473,0.00023288505843486825,3.025568728711873,1.2316235335881158
2024-09-19 09:30:00-04:00,-0.023196509959311107,0.002020081978248217,3.0316806255746953,1.203054166025117
2024-09-19 10:30:00-04:00,-0.007348870330592616,0.0007045918672988892,3.0338167230877233,1.1942130769583192
2024-09-19 11:30:00-04:00,0.00012239520412449245,0.00043018999664053647,3.0351218406936367,1.1943592429116416
2024-09-19 12:30:00-04:00,0.006423514926233498,0.0006666452134081593,3.0371451901408455,1.2020312273357696
2024-09-19 13:30:00-04:00,0.001398158130256233,0.00018273740115112296,3.0377001901598106,1.203711857069091
2024-09-19 14:30:00-04:00,0.0016388794747435043,0.00028630073566403714,3.03856988595898,1.205684595725147
2024-09-19 15:30:00-04:00,-0.0026058583727995854,0.00017632480557663125,3.0391056612033527,1.2025427524264212
2024-09-20 09:30:00-04:00,0.01336734064750189,0.0015876503335821174,3.0439306983201533,1.2186175510412898
2024-09-20 10:30:00-04:00,-0.0056685697305073335,0.0009226145288590584,3.0467390730072634,1.211709732478392
2024-09-20 11:30:00-04:00,0.0054597218879115506,0.0007144441117249593,3.048915797797936,1.2183253306265998
2024-09-20 12:30:00-04:00,0.0013793673981166155,9.959853905482918e-05,3.049219465357098,1.2200058488679657
2024-09-20 13:30:00-04:00,-0.0073665671590505966,0.000749691533912743,3.051505439375318,1.2110185938478453
2024-09-20 14:30:00-04:00,0.0050078544922511625,0.0005453656106189285,3.0531696255025698,1.217083198753246
2024-09-20 15:30:00-04:00,-0.006663868412943086,0.0007640822207477699,3.0555024981303434,1.2089727164691506
2024-09-23 09:30:00-04:00,0.012236172403098822,0.0009746322952827151,3.0584804895433377,1.2237659150585098
2024-09-23 10:30:00-04:00,0.005584956858299073,0.0007661733728764545,3.0608238158558883,1.2306005948987686
2024-09-23 11:30:00-04:00,0.000534356601763708,0.0002632096811711399,3.0616294543165807,1.2312581744507871
2024-09-23 12:30:00-04:00,0.002886501897818139,0.00017932634777044365,3.06217848514485,1.2348122035080433
2024-09-23 13:30:00-04:00,0.0010863766989532841,0.00018681341465490503,3.062750541163943,1.2361536747135176
2024-09-23 14:30:00-04:00,0.0008866837792156357,4.800600692623789e-05,3.0628975715876354,1.237249752125504
2024-09-23 15:30:00-04:00,0.0019488680534234248,0.0001597444219119871,3.063386852389584,1.2396609886415273
2024-09-24 09:30:00-04:00,-0.0026523455058883316,0.0006720161633189658,3.0654454978688888,1.2363729793894789
2024-09-24 10:30:00-04:00,0.004136853143832608,0.0006538686173428681,3.0674498964781205,1.2414876728362159
2024-09-24 11:30:00-04:00,-0.003237025718930475,0.0004722883715870135,3.068898617394653,1.2374689453095098
2024-09-24 12:30:00-04:00,-0.0054322045679603415,0.0004040890030669851,3.0701387255774697,1.2307467608520903
2024-09-24 13:30:00-04:00,0.0012466839945053376,0.0002030780605110944,3.07076220339536,1.2322811131401339
2024-09-24 14:30:00-04:00,0.0013638363157564282,0.00010824200257897947,3.0710945888456997,1.233961742873455
2024-09-24 15:30:00-04:00,-0.0017764273039072576,0.00017374595775388892,3.071628179116392,1.2317696995414376
2024-09-25 09:30:00-04:00,-0.00023732675576770834,0.001373128937086213,3.075845920653106,1.2314773676347923
2024-09-25 10:30:00-04:00,0.0016614100465197623,0.0005248536856988582,3.077460289721202,1.2335233565054424
2024-09-25 11:30:00-04:00,0.0030801385565233375,0.00044992975096935014,3.078844930662974,1.237322779356187
2024-09-25 12:30:00-04:00,-0.0048422822910277885,0.00035038197542149735,3.0799237024317963,1.2313313131734251
2024-09-25 13:30:00-04:00,0.0028483011830631177,0.00023331466366842817,3.0806422937945532,1.2348385156094797
2024-09-25 14:30:00-04:00,-0.002189320220044366,0.00013769207050094882,3.0810664738104587,1.2321350586787663
2024-09-25 15:30:00-04:00,0.004091812971752873,0.00027947291579579826,3.081927548441655,1.2371767248948196
2024-09-26 09:30:00-04:00,-0.0038979661797768905,0.00035710452510420395,3.083028118715247,1.2323542518627724
2024-09-26 10:30:00-04:00,-0.004980412188140715,0.0005480819952223313,3.084717870917879,1.226216619726688
2024-09-26 11:30:00-04:00,-0.0016088920312063992,0.00019334191532222405,3.085314276179271,1.2242437695786768
2024-09-26 12:30:00-04:00,-0.0001790437406772316,3.877380986321469e-05,3.085433905568384,1.2240245763946707
2024-09-26 13:30:00-04:00,-0.0006566416400792807,0.0001577853991856702,3.085920741988835,1.2232208308893295
2024-09-26 14:30:00-04:00,-0.004719004406190552,0.0003269490316242516,3.0869296807870974,1.2174484463986188
2024-09-26 15:30:00-04:00,0.0018005225095991673,0.0002423147604603929,3.0876776894132556,1.219640489730636
2024-09-27 09:30:00-04:00,0.013299791786818727,0.0008451273698863181,3.0902871703379664,1.235861454298827
2024-09-27 10:30:00-04:00,-0.0013597950122326008,0.0003155984911491609,3.0912624603061425,1.234180936057461
2024-09-27 11:30:00-04:00,0.0,4.2770924265139086e-05,3.091394676458716,1.234180936057461
2024-09-27 12:30:00-04:00,0.0005328064409415578,0.00012415712803700926,3.091778495143374,1.2348385156094797
2024-09-27 13:30:00-04:00,0.0024260571722447555,0.0001432246085833735,3.0922213139081673,1.237834304446838
2024-09-27 14:30:00-04:00,-5.908603629434239e-05,-5.1879703684300075e-06,3.0922052715556183,1.2377611657241991
2024-09-27 15:30:00-04:00,-0.0018889732996403286,0.0002003766331896127,3.0928248772370637,1.2354230679308145
2024-09-30 09:30:00-04:00,-0.0015969024694636458,0.0009126832588839709,3.095647646725178,1.2334502177828035
2024-09-30 10:30:00-04:00,0.00017770736171285328,0.00016129985705532707,3.096146974248088,1.2336694109668098
2024-09-30 11:30:00-04:00,0.0003553515748346836,2.477735270868181e-05,3.0962236885737067,1.2341077973348222
2024-09-30 12:30:00-04:00,0.0001302733843886461,-8.160256844831752e-05,3.0959710287682283,1.2342685687342814
2024-09-30 13:30:00-04:00,-0.0007221914295976184,0.0002231633808806746,3.0966619361301166,1.2333771905521198
2024-09-30 14:30:00-04:00,-0.0036730471846404544,0.00018577355095275857,3.0972372140140916,1.2288469379347626
2024-09-30 15:30:00-04:00,0.005232518261009789,0.0004759557541263986,3.098711361887996,1.2352769019774923
2024-10-01 09:30:00-04:00,-0.001478764956880818,0.0004954960199481289,3.1002467610347795,1.2334502177828037
2024-10-01 10:30:00-04:00,0.013447096174934892,0.0011949763427927134,3.103951482571036,1.2500365414883234
2024-10-01 11:30:00-04:00,-0.005552939782993094,0.000490405665317426,3.105473677962959,1.2430951638468979
2024-10-01 12:30:00-04:00,0.0026450181351147517,0.0002463728986845904,3.1062387825147875,1.2463831730989463
2024-10-01 13:30:00-04:00,0.000293135486112428,9.876673803017934e-05,3.106545575586879,1.246748532236275
2024-10-01 14:30:00-04:00,0.0018753563633164827,5.764284140490937e-05,3.10672464570081,1.2490866300296597
2024-10-01 15:30:00-04:00,-0.0023983835591030456,0.0004962946958286423,3.1082664966638713,1.246090841192301
2024-10-02 09:30:00-04:00,-0.002697264414138645,0.0009298094783804261,3.111156592313802,1.242729804709569
2024-10-02 10:30:00-04:00,-0.0011758992596957452,0.00028882582096699267,3.1120551746707337,1.241268479652209
2024-10-02 11:30:00-04:00,0.0028254986681344185,0.00018803202793787543,3.1126403407162817,1.2447756820882636
2024-10-02 12:30:00-04:00,-0.002230599210208073,0.00019998113406611003,3.113262810061558,1.2419990864349113
2024-10-02 13:30:00-04:00,-0.0016472454779071777,0.0001413582747321192,3.113702895521176,1.2399532090562166
2024-10-02 14:30:00-04:00,0.0014142928549212286,0.0001528698107529285,3.114178886693555,1.2417068660202215
2024-10-02 15:30:00-04:00,0.005295950827084894,0.0005387830786600662,3.115856753581626,1.2482828845243183
2024-10-03 09:30:00-04:00,0.003980379004606016,0.00052420875221035,3.1174901129624875,1.253251523509688
2024-10-03 10:30:00-04:00,-0.004664196780726493,0.0006631725973647753,3.1195575469779597,1.2474061117882935
2024-10-03 11:30:00-04:00,-3.986304986658418e-05,0.0002560596298099802,3.12035633972861,1.2473563863762553
2024-10-03 12:30:00-04:00,-0.006637998687863411,0.0005054655843661012,3.121933572469301,1.2390764363201918
2024-10-03 13:30:00-04:00,0.002594659963765178,0.00023552793269536663,3.1226688750296367,1.2422914183415568
2024-10-03 14:30:00-04:00,0.0009409975255849634,0.00015311094043154395,3.123146989797749,1.2434604114922716
2024-10-03 15:30:00-04:00,-0.0004700116095198714,4.675293531778571e-05,3.1232930060869513,1.2428759706628918
2024-10-04 09:30:00-04:00,-0.022171710439325754,0.0008902726065431256,3.126073588292478,1.2153192845293583
2024-10-04 10:30:00-04:00,0.005299201110847029,0.0005021836025412604,3.1276434511888556,1.2217595058319701
2024-10-04 11:30:00-04:00,-0.00143535364827041,0.0002662554908247053,3.128476203431076,1.2200058488679653
2024-10-04 12:30:00-04:00,0.002096221482642102,0.00012902862432186458,3.1288798664118285,1.2225632513373113
2024-10-04 13:30:00-04:00,-0.00017938104692871715,0.00025427048872133306,3.1296754482246114,1.2223439466613497
2024-10-04 14:30:00-04:00,0.003227978759005934,0.00018783608803964785,3.1302633142176397,1.226289646957372
2024-10-04 15:30:00-04:00,-0.0006554287621488575,9.777856535943261e-05,3.1305693868737015,1.225485901452031
2024-10-07 09:30:00-04:00,-0.014548070734840102,0.0019656292533434734,3.1367229256401616,1.2076574458731575
2024-10-07 10:30:00-04:00,-0.004598224300877307,0.0003941168234874524,3.1379591609157753,1.202104366058408
2024-10-07 11:30:00-04:00,-0.006807745847864921,0.0006052753409979149,3.139858490216936,1.1939207450516736
2024-10-07 12:30:00-04:00,-0.0012239715771892312,0.0004495861956830833,3.141270127250536,1.1924594199943137
2024-10-07 13:30:00-04:00,-0.008026945974816457,0.0007415087125471647,3.143599406418356,1.1828876126528585
2024-10-07 14:30:00-04:00,-0.0038915614626457984,0.0006177470816454879,3.1455413557775334,1.1782843328048176
2024-10-07 15:30:00-04:00,-0.004092697667134937,0.0004092322408365452,3.146828612715202,1.1734619712647256
2024-10-08 09:30:00-04:00,0.014694897388922934,0.001336392165213798,3.1510340098185052,1.190705874522264
2024-10-08 10:30:00-04:00,-0.004541025175970881,0.0003289381815407323,3.152070505215668,1.185298849168882
2024-10-08 11:30:00-04:00,-0.0004931687242798466,0.00018203855596703126,3.152644303578744,1.184714296847547
2024-10-08 12:30:00-04:00,-0.005119044246818194,0.0004926376860390382,3.154197414973363,1.1786496919421463
2024-10-08 13:30:00-04:00,0.002479754270209744,0.00014667129764079612,3.1546600452012323,1.1815724535488212
2024-10-08 14:30:00-04:00,-0.0019170911168865379,0.00020900023677268995,3.155319369897617,1.179307271494165
2024-10-08 15:30:00-04:00,-0.0024782770236094764,0.0003451647210969919,3.1564084748278995,1.1763846213794455
2024-10-09 09:30:00-04:00,-0.007826052837490272,0.0009234476215546063,3.159323252726634,1.167178173175319
2024-10-09 10:30:00-04:00,0.006948795368603378,0.0006546273499694001,3.161391432135263,1.1752886554594146
2024-10-09 11:30:00-04:00,0.004040993918682734,0.0006730943402216382,3.1635193468154585,1.180037989768823
2024-10-09 12:30:00-04:00,0.0005572528661959009,2.9138780280131934e-05,3.1636115279106174,1.1806955693208416
2024-10-09 13:30:00-04:00,-0.007054888393367209,0.0005951290926006057,3.1654942851685632,1.17236589385274
2024-10-09 14:30:00-04:00,0.005671571700951228,0.0006582558717369676,3.1675779903687253,1.1790150510794755
2024-10-09 15:30:00-04:00,-0.0013634185663792264,0.0003022462187248033,3.16853537883883,1.1774075600687932
2024-10-10 09:30:00-04:00,0.0143974639009945,0.001707553903007239,3.1739458237917826,1.1943592429116416
2024-10-10 10:30:00-04:00,-0.0035482797456992676,0.0003632411819517135,3.175098731624267,1.1901213222009295
2024-10-10 11:30:00-04:00,0.0034380988568649684,0.0003826236217620812,3.1763135994004137,1.194213076958319
2024-10-10 12:30:00-04:00,-0.009422470153682028,0.000938010073344309,3.1792930135527517,1.1829606398835424
2024-10-10 13:30:00-04:00,0.0035207371569341284,0.00028079812601786787,3.180185753073019,1.1871255333635709
2024-10-10 14:30:00-04:00,-0.001415619657850753,0.00020786221342668858,3.1808467935227607,1.185445015122205
2024-10-10 15:30:00-04:00,-0.0022189385981420395,0.00030564674938485454,3.1818190090054923,1.1828145854221752
2024-10-11 09:30:00-04:00,0.007042249538315115,0.0015020193477799078,3.1865981627181523,1.191144260890277
2024-10-11 10:30:00-04:00,0.0,0.00041493053131589285,3.1879203795868993,1.191144260890277
2024-10-11 11:30:00-04:00,-0.0007361696284584607,0.0001558075108605724,3.1884170815260644,1.1902673766622969
2024-10-11 12:30:00-04:00,0.0007980656088613092,1.4707913275525632e-05,3.1884639764879856,1.1912172881209606
2024-10-11 13:30:00-04:00,-0.0003067107411655057,0.00011265948166328332,3.188823187186879,1.190851928983632
2024-10-11 14:30:00-04:00,0.0020862167480240057,4.522385270853559e-05,3.1889673980570095,1.1933363042222942
2024-10-11 15:30:00-04:00,0.002449142043511543,0.00026111655693660364,3.1898000902441734,1.1962589543370137
2024-10-14 09:30:00-04:00,0.014292672370165516,0.001645327986860065,3.195048357605141,1.2133566916412295
2024-10-14 10:30:00-04:00,-0.001204365597871404,0.0002578372082078313,3.1958721599537547,1.2118953665838696
2024-10-14 11:30:00-04:00,-0.0007838229973115007,4.061868187001376e-06,3.1958851411652107,1.210945455125206
2024-10-14 12:30:00-04:00,-0.0016894876396256198,0.0003248139755503163,3.1969232093233146,1.208899577746511
2024-10-14 13:30:00-04:00,0.0010879899540077176,0.00016275141426324986,3.197443513096923,1.2102148483425035
2024-10-14 14:30:00-04:00,0.000845253791711853,3.541447348151609e-05,3.197556748875426,1.211237787031851
2024-10-14 15:30:00-04:00,0.00042222394658719686,-6.968677418814448e-06,3.197534466133915,1.211749200630547
2024-10-15 09:30:00-04:00,0.010250826011709124,0.0008546467736113833,3.200267228648908,1.2241706308560383
2024-10-15 10:30:00-04:00,-0.0003581088754807116,0.0007323528688908247,3.202610953535026,1.2237322444880259
2024-10-15 11:30:00-04:00,-0.0035824627420139032,0.0003141915405455904,3.2036171868042853,1.2193482693159465
2024-10-15 12:30:00-04:00,0.002217132708303371,0.00022516644342024755,3.2043385338923183,1.22205172624666
2024-10-15 13:30:00-04:00,-0.009626311571608759,0.0008032730930993339,3.2069124928177755,1.2102878755731872
2024-10-15 14:30:00-04:00,0.0007244332143785392,0.0001984085763124576,3.2075487717598343,1.211164648309212
2024-10-15 15:30:00-04:00,-0.0006032266411690745,0.0002702470623127494,3.2084156023926274,1.2104340415265098
2024-10-16 09:30:00-04:00,0.003380402910867719,0.0006246368064287596,3.2104196968682017,1.2145257962838993
2024-10-16 10:30:00-04:00,0.004812916892568131,0.0004718627100726592,3.2119345742068366,1.220371208005294
2024-10-16 11:30:00-04:00,0.004011484563563705,0.0002599924059276424,3.2127696528044667,1.2252667082680249
2024-10-16 12:30:00-04:00,0.0002981874353260583,3.242610099918488e-05,3.2128738303977156,1.2256320674053538
2024-10-16 13:30:00-04:00,0.002861545915226582,0.0001571890217742508,3.2133788588921997,1.2291392698414083
2024-10-16 14:30:00-04:00,0.00374512470717403,0.00021530523123901055,3.2140707161704722,1.2337425496894492
2024-10-16 15:30:00-04:00,-0.0007699430151799636,0.00016102186608397932,3.2145882518349156,1.2327926382307854
2024-10-17 09:30:00-04:00,-0.0026078854802205065,0.0006669358994483742,3.2167321761420093,1.2295776562094207
2024-10-17 10:30:00-04:00,-0.0004159262297207533,0.00013841382876528417,3.2171774163586213,1.2290662426107246
2024-10-17 11:30:00-04:00,0.004399204594490946,0.00033371830038098115,3.218251047338033,1.2344731564721514
2024-10-17 12:30:00-04:00,-0.002545088390341732,0.0003509598541838481,3.2193805242563336,1.2313313131734256
2024-10-17 13:30:00-04:00,-0.003501136848571229,0.0002400251188869005,3.220153256449411,1.2270202537400745
2024-10-17 14:30:00-04:00,0.0030370379793303037,0.0002581586268587472,3.220984566792371,1.2307467608520906
2024-10-17 15:30:00-04:00,-0.0052244411663352475,0.00044905847723034466,3.222430977217117,1.2243167968093611
2024-10-18 09:30:00-04:00,-0.0004774518513985804,0.0003966586894885702,3.2237091824655075,1.223732244488026
2024-10-18 10:30:00-04:00,0.0022689568456324416,0.0003127291439453799,3.2247173302784686,1.2265088401413784
2024-10-18 11:30:00-04:00,0.0023829017933394425,0.00021143941778852581,3.2253991626333156,1.2294314902560979
2024-10-18 12:30:00-04:00,-0.00035657649205089736,0.00013420107092401303,3.2258320146550985,1.2289931038880855
2024-10-18 13:30:00-04:00,0.00023786293488559096,0.00020481481187102518,3.2264927128323073,1.2292854357947305
2024-10-18 14:30:00-04:00,0.00023771567300889807,2.135187283925109e-06,3.226499601998519,1.2295776562094205
2024-10-18 15:30:00-04:00,0.002530285903718843,0.00022145650262476256,3.227214131316098,1.232688839220455
2024-10-21 09:30:00-04:00,0.0020995263968435207,0.0004731617360024036,3.228741125556923,1.2352769019774927
2024-10-21 10:30:00-04:00,-0.007689595827110152,0.0006668329342883237,3.230894156475735,1.225778121866721
2024-10-21 11:30:00-04:00,-0.0005364588748061339,0.00021748489535098375,3.231596827153246,1.2251205423147025
2024-10-21 12:30:00-04:00,0.00017891560579985644,0.00011616237460207769,3.2319722171144445,1.2253397354987086
2024-10-21 13:30:00-04:00,-0.0005366508021964478,-9.233295871644253e-06,3.231942375358715,1.22468215594669
2024-10-21 14:30:00-04:00,0.0028637654423433467,0.00018131516594410005,3.2325283755268246,1.2281893583827448
2024-10-21 15:30:00-04:00,-0.000297477856191386,5.923406019790991e-05,3.232719851307212,1.227823999245416
2024-10-22 09:30:00-04:00,-0.0061889629117155565,0.0009183846755236178,3.2356887316789136,1.220225042051972
2024-10-22 10:30:00-04:00,0.00538918500888852,0.000522974773286885,3.23738091525979,1.2268010605560689
2024-10-22 11:30:00-04:00,0.00011914397372314589,6.220275776633367e-05,3.2375822892806596,1.2269472265093913
2024-10-22 12:30:00-04:00,0.0,0.00018131516594410005,3.238169312050698,1.2269472265093913
2024-10-22 13:30:00-04:00,0.001719885086559847,0.00023528268181195476,3.238931197210598,1.2290574347462606
2024-10-22 14:30:00-04:00,0.0009582961559659875,9.738891659968882e-05,3.239246633210835,1.2302352357614394
2024-10-22 15:30:00-04:00,-0.006058021282010162,0.0005627303303620581,3.241069455538866,1.2227824445213178
2024-10-23 09:30:00-04:00,-0.0023304414426325026,0.0033502958579881663,3.25192799711121,1.2199328216372818
2024-10-23 10:30:00-04:00,0.005270661168165436,0.0009663470863694297,3.2550704882563015,1.226362674188056
2024-10-23 11:30:00-04:00,-0.0028598411464020312,0.0006609365590690588,3.2572218833443367,1.2228554717520013
2024-10-23 12:30:00-04:00,0.005019098558957991,0.0005150500240879198,3.2588995155538134,1.2289931038880857
2024-10-23 13:30:00-04:00,0.003923921962450949,0.0003224441166335293,3.259950328529304,1.2338155769201329
2024-10-23 14:30:00-04:00,0.005389101378776129,0.00044953696760419853,3.2614157967145316,1.2404647341468686
2024-10-23 15:30:00-04:00,0.0008835123561854452,0.00023640118800250824,3.262186799283445,1.2415607000668998
2024-10-24 09:30:00-04:00,-0.005590848390297443,0.002078911154847163,3.2689685958096706,1.2346193224254742
2024-10-24 10:30:00-04:00,-0.005503982528564766,0.0005599137738923609,3.270798936352886,1.2278239992454159
2024-10-24 11:30:00-04:00,-0.002915914389145846,0.0004986523400279354,3.272429927896259,1.2242437695786776
2024-10-24 12:30:00-04:00,-0.0032826203625189176,0.00028981978751628555,3.273378342842624,1.2202250420519718
2024-10-24 13:30:00-04:00,-0.007293427061891844,0.0005934643660590454,3.2753209762457307,1.2113254197086718
2024-10-24 14:30:00-04:00,-0.0008565362524413089,0.00039097392307049013,3.2766015413371288,1.2102878755731876
2024-10-24 15:30:00-04:00,0.0,0.00025310377746881737,3.277430861564502,1.2102878755731876
2024-10-25 09:30:00-04:00,0.0009659723659680708,0.0007852154051377053,3.2800043507662764,1.2114569802158575
2024-10-25 10:30:00-04:00,-0.005186975841508845,0.0003200463179948382,3.2810541040817465,1.2051731821264506
2024-10-25 11:30:00-04:00,-0.0019401438067301324,0.0002983938067845735,3.28203315030613,1.2028349728411107
2024-10-25 12:30:00-04:00,-0.004373716693349294,0.000616214839376039,3.2840555878366726,1.1975741134410511
2024-10-25 13:30:00-04:00,-0.003050640748136879,0.00028899942495070393,3.2850046780130633,1.193920745051674
2024-10-25 14:30:00-04:00,-0.002692700116598057,0.00010032192580125595,3.285334236008628,1.1907058745222645
2024-10-25 15:30:00-04:00,-0.0006750159905473119,0.00012546211140897714,3.2857464209785623,1.1899021290169234
2024-10-28 09:30:00-04:00,0.026343218454691897,0.00231663858760294,3.29335830792648,1.2212479807413192
2024-10-28 10:30:00-04:00,-0.0003589658897501513,0.00029010177050929414,3.2943137170025305,1.2208095943733068
2024-10-28 11:30:00-04:00,-0.00011972870625875931,0.0003007271779192107,3.295304406669825,1.2206634284199842
2024-10-28 12:30:00-04:00,-0.0038309553394071383,0.0003760870490844224,3.296543727979964,1.2159871213412596
2024-10-28 13:30:00-04:00,-0.00456672584543838,0.0003478154483442036,3.297690316814698,1.2104340415265102
2024-10-28 14:30:00-04:00,0.0024145471908851857,0.00038990452776160997,3.2989761012003793,1.21335669164123
2024-10-28 15:30:00-04:00,-0.0018065943404097506,0.00017355854228321937,3.299548666683531,1.2111646483092127
2024-10-29 09:30:00-04:00,-0.03215493489193422,0.0010985402841127837,3.303173353813274,1.1722197278994175
2024-10-29 10:30:00-04:00,-0.00031158633205063957,0.0005712341359556408,3.305060239189951,1.171854480254044
2024-10-29 11:30:00-04:00,0.0001246353227541963,0.0003118232757727793,3.306090833900362,1.1720005347154114
2024-10-29 12:30:00-04:00,0.00411473620463676,0.0004467714708855573,3.307567900965105,1.1768230077474586
2024-10-29 13:30:00-04:00,-0.005712145677952196,0.0006979810650570022,3.3098765207313687,1.1701008232900392
2024-10-29 14:30:00-04:00,-0.003309596486305022,0.00036919697395426123,3.311098517126985,1.166228261716656
2024-10-29 15:30:00-04:00,-0.0029446852885522956,0.00027702391933950485,3.3120157706155187,1.162794086511285
2024-10-30 09:30:00-04:00,-0.005781061785055885,0.0010596044938758228,3.3155251974098503,1.1560719020538655
2024-10-30 10:30:00-04:00,0.0010744417117540817,0.00015403516013553101,3.3160359048645667,1.157314033927219
2024-10-30 11:30:00-04:00,0.004227548727886665,0.0005052865841711975,3.317711453319925,1.1622066353991134
2024-10-30 12:30:00-04:00,-0.0015063127570358326,0.00015268772068208845,3.318218027119613,1.1604559887179
2024-10-30 13:30:00-04:00,-0.003714970214522273,0.00023864988723257906,3.3190099194775984,1.156144929284549
2024-10-30 14:30:00-04:00,0.002212008550630973,0.00021052777909617688,3.3197086632647443,1.158702331753895
2024-10-30 15:30:00-04:00,-0.0021440051328340815,0.00029245456297908906,3.320679527211077,1.1562180680071878
2024-10-31 09:30:00-04:00,0.0015166217520472536,0.0017139389409584278,3.3263709691632077,1.1579716134792375
2024-10-31 10:30:00-04:00,0.002713326263016791,0.00040499540712181,3.3277181341281024,1.1611135682699187
2024-10-31 11:30:00-04:00,0.001195660669735199,0.0001831301040427716,3.32832753949623,1.162501866096595
2024-10-31 12:30:00-04:00,0.0005027439924394361,0.00022729211913361455,3.329084042115853,1.1630863069259747
2024-10-31 13:30:00-04:00,0.001821890678890492,0.00014010919597493105,3.329550477404327,1.1652053230273083
2024-10-31 14:30:00-04:00,-0.0038251746766297945,0.00018951757512080154,3.3301814857370466,1.16074820913259
2024-10-31 15:30:00-04:00,-0.0026438258046811436,0.0004798354325294214,3.331779424810657,1.157679393064548
2024-11-01 09:30:00-04:00,-0.009972240638149388,0.0012323803923882065,3.3358854444455557,1.1461347355750815
2024-11-01 10:30:00-04:00,0.0007649822562831865,0.0007304739983313648,3.3383222220241353,1.1470115083111063
2024-11-01 11:30:00-04:00,-0.004331715468775199,0.00039987393727693036,3.3396571300749556,1.142042980817692
2024-11-01 12:30:00-04:00,-0.001855460903771311,0.00038951565959330337,3.340957978824792,1.1399239647163584
2024-11-01 13:30:00-04:00,-0.00391000981879297,0.0003526641277188453,3.3421362148561395,1.13546685082164
2024-11-01 14:30:00-04:00,-0.003679489221344201,0.0003734347623453716,3.3433842846992605,1.131288912782848
2024-11-01 15:30:00-04:00,-0.0009804055871291961,0.00041527296042350077,3.3447727017890005,1.1301797908120985
2024-11-04 09:30:00-05:00,0.005971170793991343,0.0020062612120344404,3.3514831895236714,1.136928287370955
2024-11-04 10:30:00-05:00,-0.0038560802055268573,0.00038540860439823595,3.3527748799824098,1.1325442007069202
2024-11-04 11:30:00-05:00,0.0019355035597277137,0.00019966163712548934,3.3534443005038606,1.1347362440389375
2024-11-04 12:30:00-05:00,0.004121052009478321,0.0004940885871758605,3.3551011990604693,1.139412551117662
2024-11-04 13:30:00-05:00,0.0003206557071626648,0.0001266996546355639,3.3555262892236577,1.1397779102549908
2024-11-04 14:30:00-05:00,0.0007692487528809799,2.7616076983837004e-05,3.355618955695982,1.1406546829910158
2024-11-04 15:30:00-05:00,0.0041636915888991766,0.0002920529192373853,3.3565989740078415,1.1454040173004238
2024-11-05 09:30:00-05:00,-0.006889524552819437,0.0012700811491996732,3.3608621270901518,1.1375127282003346
2024-11-05 10:30:00-05:00,0.002633631047010976,0.00023628427634953304,3.3616562459657615,1.1405085170376932
2024-11-05 11:30:00-05:00,-0.0010891035488098666,7.549600351895044e-05,3.3619100375775366,1.1392663851643396
2024-11-05 12:30:00-05:00,0.0018599829933787504,0.00012007811254466299,3.3623137293893937,1.1413854012656734
2024-11-05 13:30:00-05:00,0.0018564321981242582,0.00017698240917752203,3.3629087997736318,1.143504305875052
2024-11-05 14:30:00-05:00,0.0038977674782847416,0.000246398141115429,3.3637374142506364,1.1479614197697703
2024-11-05 15:30:00-05:00,0.0013366858446397512,0.00012419652144426526,3.3641551787365382,1.149495883549769
2024-11-06 09:30:00-05:00,-0.05530137173907901,0.0027146531746410985,3.3732876932724807,1.0859271843810423
2024-11-06 10:30:00-05:00,0.000740146776783579,0.0015495096922596898,3.378514635247987,1.0867309298863836
2024-11-06 11:30:00-05:00,-0.0012774991384677525,0.0010278162478666339,3.3819871274837507,1.0853426320597075
2024-11-06 12:30:00-05:00,0.007326663938972189,0.0007918315066484431,3.384665091446372,1.0932945727834484
2024-11-06 13:30:00-05:00,-0.0059366472092710065,0.0006707904372600228,3.386935492423042,1.0868040686090223
2024-11-06 14:30:00-05:00,0.003227078861181898,0.0003640311521912315,3.3881684424527467,1.090311271045077
2024-11-06 15:30:00-05:00,-0.0013402824460937435,0.0002898149743157107,3.389150384402874,1.0888499459877172
2024-11-07 09:30:00-05:00,0.00301970833002696,0.0016449972754364478,3.394725527551261,1.0921379552397656
2024-11-07 10:30:00-05:00,-0.0005352367057023244,0.00037428070221202003,3.39599610780553,1.0915534029184306
2024-11-07 11:30:00-05:00,-0.0056898460873447965,0.0005922072507267518,3.398007241324012,1.0853426320597073
2024-11-07 12:30:00-05:00,-0.005116430195145849,0.0005955185473032229,3.4000308176600913,1.0797895522449579
2024-11-07 13:30:00-05:00,0.002977415381247628,0.0005839878416449957,3.4020163943188226,1.0830045342663226
2024-11-07 14:30:00-05:00,0.008770766705244348,0.0008205480901079984,3.404807912373697,1.0925033143770944
2024-11-07 15:30:00-05:00,-0.002407708668169639,0.0003552037297605684,3.4060173128432902,1.0898728846770647
2024-11-08 09:30:00-05:00,0.02004552266670756,0.001670393399361645,3.411706701680775,1.1117199562906888
2024-11-08 10:30:00-05:00,0.0033520196259224644,0.0004946704135482931,3.4133943720458007,1.1154464634027048
2024-11-08 11:30:00-05:00,0.004388825840907495,0.000532166508629091,3.4152108662113463,1.1203419636654355
2024-11-08 12:30:00-05:00,0.0019839510540486938,0.00041146325865529113,3.416616100003353,1.1225646672851446
2024-11-08 13:30:00-05:00,0.000688677668360338,0.00031430179282448023,3.417689948568977,1.1233377525027943
2024-11-08 14:30:00-05:00,0.0024066287496260497,0.0002284346959004127,3.4184706675330605,1.126041209433508
2024-11-08 15:30:00-05:00,-0.0009732911290009083,7.267295427549456e-05,3.418719097895574,1.1249452435134768
2024-11-11 09:30:00-05:00,-0.0040270872235596,0.0029512365127075287,3.428808546523974,1.1204149908961196
2024-11-11 10:30:00-05:00,0.0032607278723173483,0.0007464423505238938,3.431367954434938,1.1240683592854968
2024-11-11 11:30:00-05:00,-0.006370227189726574,0.0004846878346146501,3.4330310967385396,1.1169077884600649
2024-11-11 12:30:00-05:00,-0.005102700354457923,0.0005881235593104242,3.4350501432063765,1.1112085426919929
2024-11-11 13:30:00-05:00,0.001841128195197772,0.000325798911426065,3.436169278803727,1.1132544200706878
2024-11-11 14:30:00-05:00,-0.0033472991913422456,0.00029993061677297493,3.437199891174855,1.109528024450627
2024-11-11 15:30:00-05:00,6.581828405805012e-05,6.37191155515761e-05,3.437418906511894,1.1096010516813106
2024-11-12 09:30:00-05:00,-0.020766462254894535,0.001852513477655957,3.4437867713645565,1.0865585633235795
2024-11-12 10:30:00-05:00,-0.0031363823533908652,0.0003729052384087479,3.445070977491561,1.0831507002196457
2024-11-12 11:30:00-05:00,-0.002563443528946885,0.00025883447353830427,3.445962680624322,1.0803741045662933
2024-11-12 12:30:00-05:00,-0.002840512425345554,0.00023366270144577496,3.4467678735733585,1.0773052884982512
2024-11-12 13:30:00-05:00,0.004786999975576078,0.0005712599618669652,3.4487368740573805,1.0824623488879803
2024-11-12 14:30:00-05:00,-0.0017266661880671608,0.00031984022512327533,3.4498399188355697,1.0805932977502997
2024-11-12 15:30:00-05:00,0.00425995594977735,0.0003669521578889153,3.4511058450381573,1.0851965775983405
2024-11-13 09:30:00-05:00,0.007675729577526047,0.0007110400267723865,3.453559719430608,1.0935262530664422
2024-11-13 10:30:00-05:00,-0.004810912756147534,0.000609558546649511,3.455664866273951,1.0882653936663826
2024-11-13 11:30:00-05:00,-0.004162717248721748,0.00028439264239748597,3.4566476319365105,1.0837352525409807
2024-11-13 12:30:00-05:00,0.0,0.00019041586618198585,3.457305832489432,1.0837352525409807
2024-11-13 13:30:00-05:00,0.000471899015462407,0.00010534658646172115,3.457670047857239,1.0842466661396766
2024-11-13 14:30:00-05:00,0.0019542643528918102,0.00048756608220583983,3.4593558904960333,1.0863655707490552
2024-11-13 15:30:00-05:00,-0.0014795935751340528,0.00012293527199890033,3.4597811673533725,1.084758191230328
2024-11-14 09:30:00-05:00,0.0033679103959873835,0.0009321831589029782,3.4630063170910694,1.088411559619705
2024-11-14 10:30:00-05:00,0.010606783707391765,0.0009219500190582015,3.4661990358311106,1.0999561056172162
2024-11-14 11:30:00-05:00,-0.0021256282695687467,0.0005062027335144926,3.467953635257954,1.0976180078238316
2024-11-14 12:30:00-05:00,0.007522333069031939,0.0006456148779326411,3.4701925977208568,1.1058746560612498
2024-11-14 13:30:00-05:00,0.005880405376658571,0.0005911372269434522,3.472243957750033,1.1123776473346627
2024-11-14 14:30:00-05:00,-0.0017078938271365418,0.00022094145342975758,3.4730111203767207,1.1104778244173352
2024-11-14 15:30:00-05:00,-0.00934332286395767,0.0010711852206748307,3.4767313585601074,1.1001022715705389
2024-11-15 09:30:00-05:00,0.005977744220692971,0.0008306537739846317,3.479619318584226,1.106678401566591
2024-11-15 10:30:00-05:00,0.0029049726866074987,0.0003400825359477992,3.480802676346223,1.1098932720960004
2024-11-15 11:30:00-05:00,0.0006583680548648552,0.00014197307294450516,3.481296856598498,1.1106239903706578
2024-11-15 12:30:00-05:00,0.004078915244654535,0.0002596473465322676,3.4822007660898042,1.1151541314960598
2024-11-15 13:30:00-05:00,0.0,0.00010107121612068734,3.4825527163560093,1.1151541314960598
2024-11-15 14:30:00-05:00,0.0016380553531536446,0.0003342172982425971,3.483716645715857,1.1169808156907484
2024-11-15 15:30:00-05:00,-0.0012429021225558445,4.880828484432449e-05,3.4838866799502175,1.1155925178640722
2024-11-18 09:30:00-05:00,-0.011789283988184684,0.001417245049771379,3.4888242011013415,1.1024404808558788
2024-11-18 10:30:00-05:00,0.006760266308740492,0.0007383454855968894,3.491400158700266,1.1098932720960004
2024-11-18 11:30:00-05:00,0.0030283524183725152,0.00037818981633209797,3.492720570685027,1.1132544200706878
2024-11-18 12:30:00-05:00,0.0015095545196750493,5.5779238269433666e-05,3.492915391977948,1.1149349383120537
2024-11-18 13:30:00-05:00,-0.0006552909569847998,4.926526101638052e-05,3.493087471366442,1.1142043315293515
2024-11-18 14:30:00-05:00,-0.0008525469088420667,2.310935051668512e-05,3.4931681943492032,1.1132544200706878
2024-11-18 15:30:00-05:00,0.003216103250204272,0.0004890814063781789,3.4948766379624114,1.1168347612293814
2024-11-19 09:30:00-05:00,-0.005430172050451709,0.0009162892757385606,3.4980789559458056,1.1107701563239807
2024-11-19 10:30:00-05:00,0.006624052737071562,0.0005475470689598837,3.4999943188251246,1.118127956418236
2024-11-19 11:30:00-05:00,0.004267220220371737,0.0003349075557072666,3.501166493367432,1.122899254642827
2024-11-19 12:30:00-05:00,0.001561722440151403,0.00011221265396685594,3.501559368551632,1.124652911606832
2024-11-19 13:30:00-05:00,0.003768203209163712,0.00034467405734779654,3.502766265226235,1.1288908323175442
2024-11-19 14:30:00-05:00,-0.0036245796672734754,0.00029273503459666334,3.50379164763007,1.1247990775601546
2024-11-19 15:30:00-05:00,0.001429136138846543,0.00019550078653478956,3.504476641653036,1.126406568570837
2024-11-20 09:30:00-05:00,0.0005189532249236795,0.0006552593984315698,3.506772982909063,1.1269911208921721
2024-11-20 10:30:00-05:00,-0.007002086310886169,0.0006648449883704877,3.5091044433521024,1.1190998317920828
2024-11-20 11:30:00-05:00,0.001549988473218411,0.0002703430964795439,3.510053105513188,1.1208344236317411
2024-11-20 12:30:00-05:00,-0.0011564647233497372,6.732105109005703e-05,3.5102894059776326,1.119538218160095
2024-11-20 13:30:00-05:00,0.0001957889248000999,4.5901406597691896e-05,3.5104505331989317,1.1197574113441011
2024-11-20 14:30:00-05:00,0.002414323766313231,0.00010639930089790056,3.5108240426815005,1.1224608682748145
2024-11-20 15:30:00-05:00,0.0009113357251551157,6.664303563023763e-05,3.511058014653268,1.123483806964162
2024-11-21 09:30:00-05:00,0.0033819217679396107,0.0009458297684374429,3.5143788778422382,1.1272833413068617
2024-11-21 10:30:00-05:00,0.0010370991922177275,0.00021407826615301863,3.5151312299790116,1.1284524459495315
2024-11-21 11:30:00-05:00,0.0006474413568109405,0.0002144000331180152,3.5158848742311335,1.1291830527322337
2024-11-21 12:30:00-05:00,0.0002588879685518908,8.458825237174551e-05,3.5161822767881845,1.1294753846388788
2024-11-21 13:30:00-05:00,0.0005175432145623216,0.00016227037906610248,3.5167528490191042,1.1300599369602138
2024-11-21 14:30:00-05:00,-0.0003879319615485155,0.0002535127665450231,3.517644390763114,1.1296215505922014
2024-11-21 15:30:00-05:00,0.0005173775492095523,0.0002655380859010806,3.5185784593215184,1.130205991421581
2024-11-22 09:30:00-05:00,-0.006464960223369398,0.0007198666474576799,3.521111366600847,1.1228992546428267
2024-11-22 10:30:00-05:00,-0.004294562954025416,0.000464714396893273,3.5227476777459708,1.118076893102735
2024-11-22 11:30:00-05:00,-0.0033329613866491803,0.00018619642663184275,3.523403600775493,1.114350385990719
2024-11-22 12:30:00-05:00,-0.00019670041556218987,0.0001867940628221742,3.524061751649044,1.1141311928067126
2024-11-22 13:30:00-05:00,-0.0016395593324038948,0.00021378270835655067,3.524815135114727,1.112304508612024
2024-11-22 14:30:00-05:00,-0.003875690431908052,0.00034598991915145416,3.526034685618349,1.1079935606706282
2024-11-22 15:30:00-05:00,0.002374047822478076,0.00024777602597671677,3.5269083524802074,1.110623990370658
2024-11-25 09:30:00-05:00,0.00721971612227601,0.00077751712598987,3.5296505841260575,1.1186423802997236
2024-11-25 10:30:00-05:00,-0.007821184283558824,0.0007565660356024756,3.5323209978755514,1.1098932720960006
2024-11-25 11:30:00-05:00,0.003910529448861277,0.0006012091590410302,3.5344446616121474,1.114233542421625
2024-11-25 12:30:00-05:00,-0.0006164793197254159,0.00017377026011074982,3.535058842980343,1.1135466404853775
2024-11-25 13:30:00-05:00,0.00039378490673414035,0.0002522382141290939,3.5359505199097376,1.1139851383453452
2024-11-25 14:30:00-05:00,-0.0015742193532399806,6.268725636117723e-05,3.5361721789464595,1.1122314813813403
2024-11-25 15:30:00-05:00,0.00683217236757816,0.0006905190331470529,3.538613973140507,1.1198304385747844
2024-11-26 09:30:00-05:00,0.0035886928844519606,0.0007112170671999497,3.5411306957924364,1.1238491661014904
2024-11-26 10:30:00-05:00,0.00026011667353831314,0.00011209085944437471,3.5415276241755325,1.1241414980081355
2024-11-26 11:30:00-05:00,0.0001299253355793173,2.079117199961278e-05,3.541601256685508,1.1242875524695028
2024-11-26 12:30:00-05:00,0.004289359089189038,0.00026037070571689866,3.542523385904079,1.12911002550155
2024-11-26 13:30:00-05:00,0.0017472612087867656,0.00015579328849189592,3.5430752872719284,1.1310828756495612
2024-11-26 14:30:00-05:00,0.0020025681684909813,8.401913672011086e-05,3.5433729733988995,1.1333479462122622
2024-11-26 15:30:00-05:00,-0.0008381463625873886,0.00019935273248792275,3.5440793544833706,1.1323980347535985
2024-11-27 09:30:00-05:00,0.015227775683389178,0.0008984807769762047,3.5472636416554524,1.149641938011137
2024-11-27 10:30:00-05:00,0.0001906621329292868,0.0003082611461260248,3.5483571252112402,1.149861131195143
2024-11-27 11:30:00-05:00,0.006163825702484083,0.0006666741379954425,3.5507227231389904,1.156948674789891
2024-11-27 12:30:00-05:00,-0.0018314594722736999,5.290458220961848e-05,3.5509105726412,1.1548297701805126
2024-11-27 13:30:00-05:00,-0.00234109692396145,0.00024328856046400404,3.551774468562754,1.152126201757844
2024-11-27 14:30:00-05:00,-0.0012683723841452332,0.00019988885089002097,3.552484428679896,1.1506648767004841
2024-11-27 15:30:00-05:00,-0.0025399663915182114,0.0001814891328665277,3.5531291659983784,1.1477422265857644
2024-11-29 09:30:00-05:00,0.0007639108466306332,0.000601166486761979,3.5552651881761133,1.1486189993217892
2024-11-29 10:30:00-05:00,0.0013994988866035118,0.00016883088856319556,3.555865426756911,1.1502264903324717
2024-11-29 11:30:00-05:00,0.001143488353856581,0.00010452716607979576,3.5562371112929307,1.1515417609284642
2024-12-02 09:30:00-05:00,-0.018908698419534242,0.002362459861370828,3.5646385787258774,1.1297676050535685
2024-12-02 10:30:00-05:00,0.0036217667590101588,0.00045904522490447,3.5662749090439516,1.133859359810958
2024-12-02 11:30:00-05:00,-0.001933160246988308,0.0002191751112440639,3.5670565477438685,1.131667427970896
2024-12-02 12:30:00-05:00,0.000581071378185527,0.00012284499584833285,3.567494742790667,1.1323250075229148
2024-12-02 13:30:00-05:00,-0.002128176190223985,0.00014899067693235134,3.568026266247348,1.1299152204023093
2024-12-02 14:30:00-05:00,-0.000583255217326939,0.00010630409255945231,3.56840556204181,1.1292561914548724
2024-12-02 15:30:00-05:00,-0.002911659264681399,0.0003253171756450944,3.5695664256608093,1.125968182202824
2024-12-03 09:30:00-05:00,-0.005061640158358749,0.0009800505905570723,3.5730647813443106,1.120268936434752
2024-12-03 10:30:00-05:00,-0.0021523729147550075,0.0003091043307331679,3.5741692311422146,1.1178576999187284
2024-12-03 11:30:00-05:00,0.002418426720064648,0.0002705275131355514,3.5751361422558414,1.1205611568494418
2024-12-03 12:30:00-05:00,0.002999522118130038,0.00016448682687997986,3.575724205055545,1.1239223048241291
2024-12-03 13:30:00-05:00,0.0006500509684399525,2.108823373142874e-05,3.5757996107633407,1.1246529116068313
2024-12-03 14:30:00-05:00,-0.0022089159429266036,0.0002163410202513978,3.5765732028993478,1.1221686478601243
2024-12-03 15:30:00-05:00,-0.006511264409933104,0.0005319272552059822,3.5784756796662096,1.1148619110813698
2024-12-04 09:30:00-05:00,-0.00983090825795696,0.0006985205294787952,3.5809753183926967,1.1039018059132382
2024-12-04 10:30:00-05:00,0.0015885986911254868,0.0002763172818601913,3.581964803759084,1.105655462877243
2024-12-04 11:30:00-05:00,-0.00396514720112362,0.00038907197606748037,3.5833584458834866,1.1012713762132083
2024-12-04 12:30:00-05:00,6.631174863969136e-05,0.00014468315760844227,3.5838768974982798,1.1013444034438917
2024-12-04 13:30:00-05:00,-0.0011278323742051066,0.0001719431241195488,3.5844931204884958,1.1001022715705382
2024-12-04 14:30:00-05:00,0.0002657315725997922,0.00020530256236239982,3.5852290261109028,1.1003946034771832
2024-12-04 15:30:00-05:00,0.005843224358295096,0.0004957054396147572,3.587006243641411,1.1068244560279576
2024-12-05 09:30:00-05:00,0.004819190697900266,0.0009695965243976026,3.5904841924282387,1.1121584541506562
2024-12-05 10:30:00-05:00,0.002693570627659403,0.0004175594167736107,3.591983432913564,1.1151541314960596
2024-12-05 11:30:00-05:00,-0.0027519209958224433,0.0003248674854508674,3.5931503515391956,1.1120853154280175
2024-12-05 12:30:00-05:00,0.00240260766895517,0.00014773401741513306,3.5936811820758052,1.1147572201353972
2024-12-05 13:30:00-05:00,-0.0011579686002282097,8.375097227553621e-05,3.5939821563688525,1.1134663662776028
2024-12-05 14:30:00-05:00,0.0021064455411183847,0.00012763252604697578,3.594440865390038,1.1158118225400335
2024-12-05 15:30:00-05:00,-0.002030075330712866,0.00029770431175693665,3.59551094593402,1.1135466404853773
2024-12-06 09:30:00-05:00,-0.0009186312024627163,0.0005686690557063481,3.597555601748426,1.1125237017960299
2024-12-06 10:30:00-05:00,-0.010311257862019696,0.001021408344003522,3.601230175058068,1.1010521830292024
2024-12-06 11:30:00-05:00,-0.0027208418306901017,0.0002511918348057305,3.6021347746732992,1.098056394191844
2024-12-06 12:30:00-05:00,-0.0013308287853788237,7.314458131266148e-05,3.6023982513132244,1.0965950691344841
2024-12-06 13:30:00-05:00,-0.0009328317426730015,6.660167477514411e-05,3.602638177069969,1.0955721304451367
2024-12-06 14:30:00-05:00,0.0004001437749554526,4.660586406939952e-05,3.6028060811351406,1.096010516813149
2024-12-06 15:30:00-05:00,0.003066711425781188,0.00019279406857185236,3.6035006807777976,1.0993716647878364
2024-12-09 09:30:00-05:00,-0.003666125215974314,0.00122486148449969,3.6079144699710506,1.09534123060583
2024-12-09 10:30:00-05:00,0.0047468562192671815,0.0007978048172218773,3.610792881515318,1.1005406579385513
2024-12-09 11:30:00-05:00,-0.0019916863809174012,0.0005583312935668617,3.6128089001756565,1.0983487260984892
2024-12-09 12:30:00-05:00,-0.003525904818130865,0.0002663328253847048,3.6137711097776153,1.0944760530331508
2024-12-09 13:30:00-05:00,0.0024901603268003836,0.0003326433272796825,3.6149732066235987,1.097201473879047
2024-12-09 14:30:00-05:00,-0.0019512082106418749,0.00020646382924879226,3.6157195678344696,1.0950606053544858
2024-12-09 15:30:00-05:00,-0.0025354616427811782,0.0002545507630389082,3.616639952009397,1.0922841211930887
2024-12-10 09:30:00-05:00,-0.016790485473223038,0.0012598461859188994,3.6211963620587775,1.073944140523564
2024-12-10 10:30:00-05:00,0.007007748055770868,0.0007430438083420685,3.623887069594396,1.0814700704863245
2024-12-10 11:30:00-05:00,-0.0024997981955225956,0.00040149873158769225,3.625342055656255,1.078766613555611
2024-12-10 12:30:00-05:00,-0.0014901193552737668,0.00030220936601775994,3.626437667980492,1.0771591225449288
2024-12-10 13:30:00-05:00,0.0,0.0003149014327186382,3.627579638397804,1.0771591225449288
2024-12-10 14:30:00-05:00,0.007733003688834561,0.0007357730898865206,3.630248713877157,1.0854887980130306
2024-12-10 15:30:00-05:00,-0.001346236884281815,0.0003055782087892353,3.631358038776603,1.0840274729556707
2024-12-11 09:30:00-05:00,0.003033141995085531,0.0005810420338941956,3.633468010437251,1.087315482207719
2024-12-11 10:30:00-05:00,-0.005846348575101246,0.00046499234736743734,3.635157545256509,1.0809586568876284
2024-12-11 11:30:00-05:00,-0.0018926509035834815,0.00031337104980808247,3.6362966983926834,1.0789127795089337
2024-12-11 12:30:00-05:00,0.0011851757240795013,0.0002399728526070287,3.6371693108843224,1.0801914807436068
2024-12-11 13:30:00-05:00,-0.0005074049015767468,9.093858459927238e-05,3.6375000699134024,1.0796433862916361
2024-12-11 14:30:00-05:00,-0.0018949566168529053,0.0002880702276643948,3.6385479253866717,1.0775975089129413
2024-12-11 15:30:00-05:00,0.0034581623298064468,0.0003681793551799069,3.639887563615632,1.0813240160249573
2024-12-12 09:30:00-05:00,-0.002162357675116966,0.0008462725180909792,3.6429679004296607,1.0789858067396174
2024-12-12 10:30:00-05:00,3.92655239089823e-05,0.0001515917965490686,3.6435201444784577,1.0790281736826095
2024-12-12 11:30:00-05:00,-0.005930514530721576,0.0004927964743627114,3.6453156583599258,1.072628981419527
2024-12-12 12:30:00-05:00,-0.00040870270671999887,3.155781083611991e-05,3.64543069654191,1.0721905950515145
2024-12-12 13:30:00-05:00,-0.002044453049797612,0.00016173687438469895,3.6460202971085547,1.0699985517194972
2024-12-12 14:30:00-05:00,0.0,0.0001208746892770017,3.646461008679065,1.0699985517194972
2024-12-12 15:30:00-05:00,0.0,0.00022324417026283938,3.647275059841343,1.0699985517194972
2024-12-13 09:30:00-05:00,0.0008194148810911628,0.0007686869025954982,3.6500786724100065,1.0708753244555222
2024-12-13 10:30:00-05:00,0.00313869215017748,0.0004401105906278517,3.6516851106903587,1.0742364724302096
2024-12-13 11:30:00-05:00,-0.0005238138087366728,0.000167317378604222,3.6522961010705677,1.0736737725321022
2024-12-13 12:30:00-05:00,0.00276986966638626,0.0001806083831053119,3.652955736364004,1.0766477089462334
2024-12-13 13:30:00-05:00,-0.0011551529347926248,0.00016676850765512275,3.6535649343406877,1.0754040161855065
2024-12-13 14:30:00-05:00,-0.0010177723982240927,0.0001532637610664442,3.654124893443825,1.0743094996608935
2024-12-13 15:30:00-05:00,0.0014283256179741244,0.00014692324503552193,3.654661769330935,1.075843963440892
2024-12-16 09:30:00-05:00,0.0036674359276487323,0.000856479425642908,3.6577919119440505,1.0797895522449592
2024-12-16 10:30:00-05:00,-0.0030463886602972723,0.0002474297923445377,3.658696958637262,1.0765000935974927
2024-12-16 11:30:00-05:00,0.00027280054303258083,0.00011221845473510786,3.659107531956304,1.0767937634076006
2024-12-16 12:30:00-05:00,-0.0025948329060554443,0.00033044005038791247,3.6603166476335383,1.0739996635172753
2024-12-16 13:30:00-05:00,-0.003521340594638489,0.0002497469588479558,3.661230800584706,1.0702177449035037
2024-12-16 14:30:00-05:00,-0.0026790128781386535,0.0003881150178547028,3.662651779242245,1.0673506177824947
2024-12-16 15:30:00-05:00,-0.002995714558197138,0.00025251176566684543,3.663576641910044,1.064153139998103
2024-12-17 09:30:00-05:00,-0.004668996694802141,0.0007701967199420103,3.6663983166228995,1.0591846125046886
2024-12-17 10:30:00-05:00,-0.005718887771590575,0.0005674920321953328,3.668478968454438,1.0531272545763788
2024-12-17 11:30:00-05:00,0.001172588489089632,0.00026448622564928927,3.6694492306106783,1.0543621394726417
2024-12-17 12:30:00-05:00,0.0009008289762599819,7.677406909722601e-05,3.669730949159458,1.0553119394393502
2024-12-17 13:30:00-05:00,-0.002977170238777971,0.0002647117671011819,3.6707023701237955,1.0521700961406244
2024-12-17 14:30:00-05:00,-0.0006944868299696427,5.702136951220741e-05,3.6709116786000116,1.0514393778659668
2024-12-17 15:30:00-05:00,0.004030589684888453,0.00038952465090565363,3.6723415891901237,1.055677298576679
2024-12-18 09:30:00-05:00,-0.0035990381301814756,0.0004141381093081878,3.6738624457926043,1.0518778757259344
2024-12-18 10:30:00-05:00,0.0005556166194449208,0.00018883317732329145,3.6745561929112918,1.0524623165553142
2024-12-18 11:30:00-05:00,0.0035407511066172237,0.00025721400089840285,3.6755013402111967,1.0561888236673302
2024-12-18 12:30:00-05:00,0.0015911153419809754,0.00023522148565607466,3.676365897096972,1.0578693419086962
2024-12-18 13:30:00-05:00,-0.008288416620803152,0.0010765341651741162,3.680323630588878,1.049101280072582
2024-12-18 14:30:00-05:00,-0.0041788974499501474,0.0008907547979245402,3.6836018965207398,1.0447171934085473
2024-12-18 15:30:00-05:00,-0.01384806117432058,0.0014196063778320453,3.688831161266435,1.0302498858043612
2024-12-19 09:30:00-05:00,-0.001702166618184786,0.001118494800010838,3.69295709973843,1.0284962288403563
2024-12-19 10:30:00-05:00,0.0021313090612775643,0.0002758003008413709,3.693975618417532,1.0306882721723736
2024-12-19 11:30:00-05:00,-0.0011342950863366674,0.00028951965694219955,3.6950450969713287,1.0295191675297035
2024-12-19 12:30:00-05:00,0.002803437115484364,0.00027072764921768277,3.6960454478441855,1.0324053597750589
2024-12-19 13:30:00-05:00,-0.0025832867256039282,0.0003387847573932545,3.6972976117045477,1.0297383607137096
2024-12-19 14:30:00-05:00,-0.0029801900998571718,0.0003693161620191988,3.6986630834683454,1.0266695446456675
2024-12-19 15:30:00-05:00,-0.00732043990403175,0.0007849438846626791,3.701566326437142,1.0191538719427893
2024-12-20 09:30:00-05:00,0.009166777613038635,0.0014169382278854403,3.7068112172681245,1.028496228840356
2024-12-20 10:30:00-05:00,0.012787745964784047,0.0011162703895168822,3.71094902086949,1.041648377340505
2024-12-20 11:30:00-05:00,0.004910191920804996,0.0005278788536706344,3.712907952384657,1.046763070787242
2024-12-20 12:30:00-05:00,-0.003488773243798593,0.00028962173956384007,3.713983291244667,1.043111151793283
2024-12-20 13:30:00-05:00,0.004796956626020865,0.0004852637667996987,3.7157855527664077,1.048114910744554
2024-12-20 14:30:00-05:00,0.0008016328802236128,0.00024555789360521964,3.7166979932398334,1.0489551141192595
2024-12-20 15:30:00-05:00,-0.0013931244890176275,0.00029048994032113715,3.717777656618081,1.0474937890618996
2024-12-23 09:30:00-05:00,0.001395067992401744,0.0007081404386312883,3.7204103653185725,1.0489551141192595
2024-12-23 10:30:00-05:00,0.0011145421066482974,0.0003160682317629058,3.721586268844171,1.0501242187619295
2024-12-23 11:30:00-05:00,0.0012523843184835126,0.00025254230905147833,3.7225261268338397,1.0514393778659668
2024-12-23 12:30:00-05:00,0.0004628534891093494,6.405730883359914e-05,3.722764581839587,1.051926040250599
2024-12-23 13:30:00-05:00,0.003982831999381098,0.0004725610536684043,3.7245238153929408,1.0561156849446913
2024-12-23 14:30:00-05:00,-0.0015081435635281304,0.00026429310663414463,3.725508181362844,1.0545229108721008
2024-12-23 15:30:00-05:00,0.0042820650293229345,0.00031143148931431317,3.726668421924218,1.059038446551366
2024-12-24 09:30:00-05:00,-0.0006899827641168033,0.0004503856980180783,3.728346860082708,1.0583077282767086
2024-12-24 10:30:00-05:00,0.00048334248818560077,0.0003239895904844661,3.7295548056550905,1.05881925336736
2024-12-24 11:30:00-05:00,0.002760291811302773,0.00017222946664973232,3.7301971448901092,1.0617419034820796
2024-12-26 09:30:00-05:00,-0.0007570064840666246,0.000667954661099211,3.7326887474598576,1.0609381579767385
2024-12-26 10:30:00-05:00,-0.00016530355165134125,8.249814147342916e-05,3.7329966873442215,1.0607627811311426
2024-12-26 11:30:00-05:00,0.0018267328158361185,0.0001577249666266477,3.7335854741221506,1.0627005113132524
2024-12-26 12:30:00-05:00,-0.00083322544696951,0.0001508235705073087,3.7341485868141517,1.0618150422047186
2024-12-26 13:30:00-05:00,-0.0027526089671946474,0.0001377368413386192,3.734662916645589,1.0588922805980436
2024-12-26 14:30:00-05:00,0.0006900780070329127,-3.835529405352248e-05,3.7345196725512304,1.0596229988727013
2024-12-26 15:30:00-05:00,-0.0020687011648005127,0.0001382730881284454,3.735036056119031,1.057430955540684
2024-12-27 09:30:00-05:00,-0.0031785980513202583,0.0008408715520415131,3.738176741684471,1.0540698075659967
2024-12-27 10:30:00-05:00,0.0029460908633105465,0.00024321286903431153,3.7390859143747734,1.0571751929953583
2024-12-27 11:30:00-05:00,-0.005425605110104592,0.0005768139642155046,3.7412426713435862,1.051439377865967
2024-12-27 12:30:00-05:00,0.0004170453087439796,0.00023112101224735093,3.7421073511368506,1.0518778757259346
2024-12-27 13:30:00-05:00,0.0026395499187403804,0.0002302832486258194,3.742969095774377,1.0546543598873317
2024-12-27 14:30:00-05:00,-0.003325451986401773,0.00041043622395786487,3.7445053458764375,1.0511471574512772
2024-12-27 15:30:00-05:00,0.00264149090226784,0.000404142278176706,3.746018658797565,1.0539237531046295
2024-12-30 09:30:00-05:00,-0.013172553264797826,0.0005840906930143929,3.7482066734320267,1.0400408863298232
2024-12-30 10:30:00-05:00,0.0009835562262914266,0.0002357876562653002,3.749090454298753,1.0410638250191706
2024-12-30 11:30:00-05:00,0.0018248861132914573,0.0003181641670929854,3.7502832805405015,1.042963647936498
2024-12-30 12:30:00-05:00,-0.002101744712152076,0.00016481287296266021,3.7509013755023908,1.0407716046044808
2024-12-30 13:30:00-05:00,0.0015445185125830818,9.353599164908612e-05,3.7512522197821268,1.0423790956151633
2024-12-30 14:30:00-05:00,0.003154331534352073,0.0004438322520395427,3.7529171465028006,1.0456671048672115
2024-12-30 15:30:00-05:00,0.0025853896695513523,0.00028791538375636146,3.7539976690832413,1.0483705617979249
2024-12-31 09:30:00-05:00,0.0024394069831188414,0.0007714190456512744,3.756893574382503,1.0509279642672709
2024-12-31 10:30:00-05:00,-0.003684897257523634,0.0002527208151142733,3.7578430195889183,1.0470554026938874
2024-12-31 11:30:00-05:00,-0.0026518135011849298,0.0001773801601516985,3.758509586385558,1.044278807040535
2024-12-31 12:30:00-05:00,0.0002799366459169672,0.0002609828953608486,3.7594904930996544,1.0445711389471801
2024-12-31 13:30:00-05:00,0.0006994322889666282,0.00020527326517506342,3.760262215988568,1.0453017457298823
2024-12-31 14:30:00-05:00,0.002516430983469764,0.00012470042190811014,3.7607311222733864,1.047932175429912
2024-12-31 15:30:00-05:00,-0.00013948035641009326,0.00019074296579351483,3.7614484552812004,1.0477860094765894
2025-01-02 09:30:00-05:00,0.009623465422241795,0.00047721355382429533,3.763243469466072,1.057869341908696
2025-01-02 10:30:00-05:00,-0.004765868540019036,0.0007964035419563369,3.766240529894399,1.0528276756926427
2025-01-02 11:30:00-05:00,-0.003955805954030667,0.000446220288819087,3.767921102831411,1.0486628937045694
2025-01-02 12:30:00-05:00,-0.002159960628242752,0.0001347250505101559,3.768428736192308,1.0463978231418685
2025-01-02 13:30:00-05:00,-0.0007053500374144539,0.0002478652084076674,3.769362798566374,1.045659746398165
2025-01-02 14:30:00-05:00,0.0006359028578417636,0.00024717675892003987,3.7702944974461174,1.0463246844192295
2025-01-02 15:30:00-05:00,0.0003491833297726288,0.00019127835222130957,3.771015673164978,1.0466900435565583
2025-01-03 09:30:00-05:00,0.008586357609347672,0.0007176914334160277,3.7737220988088858,1.0556772985766785
2025-01-03 10:30:00-05:00,0.0038759522089812926,0.00045569032973401735,3.775441747476416,1.0597690533340682
2025-01-03 11:30:00-05:00,-0.0012409865148446109,0.00013080339943950502,3.775935588091372,1.058453894230031
2025-01-03 12:30:00-05:00,0.0,1.4108886108953555e-05,3.7759888623365394,1.058453894230031
2025-01-03 13:30:00-05:00,-0.0011045399795334143,0.00011801362531260607,3.7764344804713232,1.0572847895873612
2025-01-03 14:30:00-05:00,-0.001174831876507354,9.035476288617381e-05,3.776775699313361,1.0560426577140076
2025-01-03 15:30:00-05:00,-0.003805459464492844,0.00023672999999153788,3.7776697754246276,1.0520239301873018
2025-01-06 09:30:00-05:00,-0.015140941384014006,0.0013196597085544158,3.7826550140194795,1.0360952975257558
2025-01-06 10:30:00-05:00,0.00564177034231661,0.0005803991036862311,3.78485046359917,1.0419407092471502
2025-01-06 11:30:00-05:00,0.0040672268404013945,0.0003594320230550699,3.786210860058263,1.0461785184659071
2025-01-06 12:30:00-05:00,0.0014667322573673758,0.00023934925488439257,3.7871170868064534,1.047712982245906
2025-01-06 13:30:00-05:00,-0.006206844225097985,0.000457344003002025,3.7888491020947708,1.0412099909724928
2025-01-06 14:30:00-05:00,-0.00028065463952853253,0.00010877364309210531,3.7892612290147314,1.040917770557803
2025-01-06 15:30:00-05:00,0.00014031315969287306,0.00015144442608046264,3.7898350915068284,1.0410638250191704
2025-01-07 09:30:00-05:00,-0.005895538763890262,0.001384082003666088,3.7950805340538456,1.034926192883086
2025-01-07 10:30:00-05:00,0.0009884170449852014,0.00048288305340356025,3.7969131141300423,1.0359491315724332
2025-01-07 11:30:00-05:00,-0.004231951676411216,0.0005360286783156846,3.7989483684482885,1.0315650449083984
2025-01-07 12:30:00-05:00,0.0005666654993983222,8.317227044048222e-05,3.7992643356093785,1.0321495972297332
2025-01-07 13:30:00-05:00,-0.00028311827614346807,0.00010421498607498541,3.7996602758892095,1.0318573768150434
2025-01-07 14:30:00-05:00,-0.00254921829230792,0.0005819763402531026,3.8018715882707763,1.0292269471150137
2025-01-07 15:30:00-05:00,0.0,0.00020519446373072427,3.8026517112725045,1.0292269471150137
2025-01-08 09:30:00-05:00,-0.012920682353631863,0.0008880488351138256,3.8060286516950432,1.0159286326615424
2025-01-08 10:30:00-05:00,0.009277967543245946,0.0009736077105477339,3.809734230536899,1.0253543855416305
2025-01-08 11:30:00-05:00,-0.0024941644619730363,0.00044134104235806306,3.8114156226133113,1.0227969830722843
2025-01-08 12:30:00-05:00,-5.1451269162172686e-05,0.00032928277469204117,3.8126706561250305,1.02274435886941
2025-01-08 13:30:00-05:00,0.005481150261025025,0.0007135018726102332,3.815391003777822,1.028350174378989
2025-01-08 14:30:00-05:00,-0.002700048799067045,0.0003201066652982988,3.81661233586885,1.0255735787256366
2025-01-08 15:30:00-05:00,0.006483354646282802,0.0005382121709315839,3.8186664830797428,1.0322227359523723
2025-01-10 09:30:00-05:00,-0.028810130962897973,0.002182845766958546,3.8270020430477603,1.0024842637467037
2025-01-10 10:30:00-05:00,-0.010787141111215814,0.001322472397334749,3.832063147614235,0.9916703245318947
2025-01-10 11:30:00-05:00,-0.002063062015756567,0.0003235458651707657,3.8333029958007185,0.9896244471532
2025-01-10 12:30:00-05:00,0.0004429825569420842,0.00015404261679112782,3.8338934878251454,0.9900628335212123
2025-01-10 13:30:00-05:00,-0.0011808388347555043,0.0005378984419078936,3.8359557331586878,0.9888937288785423
2025-01-10 14:30:00-05:00,-0.00709318369332157,0.0006235953238987166,3.838347817216568,0.9818793240064331
2025-01-10 15:30:00-05:00,0.0025301110696276385,0.0004685451323516766,3.840146256402597,0.9843635877531403
2025-01-13 09:30:00-05:00,-0.01677549351512797,0.00196844821351382,3.8477053854406447,0.9678504027702594
2025-01-13 10:30:00-05:00,-0.0034727969994812202,0.0005856121073502747,3.849958648299875,0.9644892547955721
2025-01-13 11:30:00-05:00,0.0022727503921047276,0.0004429454950591441,3.851663970139304,0.9666812981275895
2025-01-13 12:30:00-05:00,0.004232785681604678,0.0004790869273175964,3.8535092519958183,0.970773052884979
2025-01-13 13:30:00-05:00,0.0045913036847000654,0.0005053368434538973,3.8554565721974425,0.9752301667796973
2025-01-13 14:30:00-05:00,0.00119879868619166,0.00042072453085201765,3.8570786573550007,0.9763992714223673
2025-01-13 15:30:00-05:00,0.0021701210471938293,0.00024862483498596006,3.8580376228997135,0.9785181760317456
2025-01-14 09:30:00-05:00,0.004106952354225424,0.00047777104774651214,3.8598808815770522,0.9825369035584516
2025-01-14 10:30:00-05:00,-0.0006692670266501555,0.0003210249022645304,3.861119999459813,0.981879324006433
2025-01-14 11:30:00-05:00,0.00372079164929362,0.000528795253537368,3.8631617413888657,0.9855326923958102
2025-01-14 12:30:00-05:00,0.0037810979268502187,0.00045156589569070825,3.8649062134808143,0.9892590880158711
2025-01-14 13:30:00-05:00,-0.0008862923238677212,0.0003314446733162763,3.8661872160581394,0.9883823152798463
2025-01-14 14:30:00-05:00,0.0027367004491229974,0.00013951341141041885,3.866726601025803,0.991087221605978
2025-01-14 15:30:00-05:00,0.0025051421279207453,0.0002494717551631996,3.8676912400976966,0.993570035957267
2025-01-15 09:30:00-05:00,0.02529785666635065,0.001281479693191354,3.8726476078814156,1.0187052283148947
2025-01-15 10:30:00-05:00,0.0002869641762108799,0.0006394421138801396,3.8751239418541124,1.0189975602215398
2025-01-15 11:30:00-05:00,-0.002868271447126425,0.0002601002132775051,3.8761318624178656,1.0160747986148648
2025-01-15 12:30:00-05:00,-0.0008643282292211119,0.0001229481959346308,3.8766084258375546,1.0151965764834219
2025-01-15 13:30:00-05:00,0.004679668760589006,0.0003026186293636541,3.8777815597659617,1.0199473601882483
2025-01-15 14:30:00-05:00,-0.003295303869517041,0.00050356502340278,3.8797342749278565,1.0165863237055162
2025-01-15 15:30:00-05:00,-0.004384392934258519,0.0005283701728392236,3.88178421079727,1.012129209810798
2025-01-16 09:30:00-05:00,0.007868873117753195,0.001326934005405858,3.8869350822682245,1.020093526141571
2025-01-16 10:30:00-05:00,0.01103068031946286,0.001166557599810943,3.8914694159284164,1.031345851724392
2025-01-16 11:30:00-05:00,0.010181066647236836,0.0008856491383140668,3.8949158924634086,1.0418460525771494
2025-01-16 12:30:00-05:00,-0.0007508091584591536,0.0002495009144503083,3.8958876775402853,1.04106382501917
2025-01-16 13:30:00-05:00,0.0013658801343261473,0.0001369810060527925,3.8964213401538235,1.0424857934163292
2025-01-16 14:30:00-05:00,-0.002765786807578774,0.0004533370808991843,3.8981877324301224,1.03960249996181
2025-01-16 15:30:00-05:00,0.0033735994634327415,0.00019281535366439997,3.898939362876401,1.0431097023978646
2025-01-17 09:30:00-05:00,0.005463706985919803,0.0009761360395215893,3.9027452581044138,1.0488089481659366
2025-01-17 10:30:00-05:00,-0.0026472735251280577,0.00035192180413070933,3.904118719256709,1.0460324640045395
2025-01-17 11:30:00-05:00,-0.0032830483981576286,0.0006978667236373803,3.9068432737960084,1.0425982887991685
2025-01-17 12:30:00-05:00,-0.00294343094652183,0.0002069902619889394,3.9076519523088016,1.0395294727311264
2025-01-17 13:30:00-05:00,-0.0016869718560240665,6.736429308210997e-05,3.90791518852018,1.0377758157671215
2025-01-17 14:30:00-05:00,-0.00028158337306583014,8.196383389496992e-05,3.9082354962315673,1.0374835953524317
2025-01-17 15:30:00-05:00,-0.0033101007290667894,0.0003357463431235471,3.9095476720074926,1.034049420147061
2025-01-21 09:30:00-05:00,0.00847934505380521,0.0011586295750252555,3.9140773895652514,1.042817481983175
2025-01-21 10:30:00-05:00,0.0030829767211522086,0.0004157325035592632,3.91570459875754,1.0460324640045398
2025-01-21 11:30:00-05:00,-0.003841876485669471,0.0003664120351994073,3.91713936004881,1.042013736477834
2025-01-21 12:30:00-05:00,-0.001823115529929198,0.00026337737969963975,3.9181710459493777,1.0401140250524616
2025-01-21 13:30:00-05:00,0.0010536978577668776,0.0002702566598496998,3.919229957768976,1.0412099909724928
2025-01-21 14:30:00-05:00,-0.002666700932017596,0.000179223632292807,3.9199323763977985,1.0384333953191405
2025-01-21 15:30:00-05:00,-0.002533075026175724,0.00019240565904534202,3.920686593570093,1.0358029656191108
2025-01-22 09:30:00-05:00,-0.023137689802454897,0.001782184849560703,3.9276739818170294,1.0118368779041529
2025-01-22 10:30:00-05:00,-0.006282460601018669,0.001010362882706276,3.9316423578236286,1.0054800525840624
2025-01-22 11:30:00-05:00,-0.00014536932179498585,0.0003088296502108108,3.9328565655577488,1.0053338866307397
2025-01-22 12:30:00-05:00,0.0013082923131144675,0.0003090516597830491,3.934072021407023,1.0066491572267322
2025-01-22 13:30:00-05:00,-0.0017057458304698958,0.00017801995700007737,3.934772364739109,1.0049320696240467
2025-01-22 14:30:00-05:00,-0.004036836325624682,0.0004919384596097777,3.936708030595134,1.0008753233406031
2025-01-22 15:30:00-05:00,-0.00014447860045796457,0.00019037421595908093,3.937457478299918,1.0007307182746539
2025-01-23 09:30:00-05:00,-0.0005111515828486457,0.000819077873972374,3.9406825626001,1.0002191931840025
2025-01-23 10:30:00-05:00,0.007524280691718399,0.0009263837257010367,3.9443331467942464,1.0077451231467631
2025-01-23 11:30:00-05:00,0.002102730197013347,0.000379544368626431,3.945830196228099,1.0098641392480967
2025-01-23 12:30:00-05:00,0.0013746268243117754,0.00022628253538114175,3.946723068689085,1.0112523255828176
2025-01-23 13:30:00-05:00,-0.003901685765511642,0.00040842847511577275,3.948335022773734,1.0073067367787507
2025-01-23 14:30:00-05:00,0.002031037125034274,0.00016245017112076946,3.948976430473826,1.0093526141574454
2025-01-23 15:30:00-05:00,0.0023165435473624374,0.0002773296027451033,3.9500715985385395,1.0116908234427853
2025-01-24 09:30:00-05:00,0.038711543770384216,0.006219474866789666,3.9746389695676694,1.0508549370365867
2025-01-24 10:30:00-05:00,0.013141421870378256,0.0017297057761562964,3.981513925551466,1.0646646650887543
2025-01-24 11:30:00-05:00,-0.003088409761142552,0.0011080852987844234,3.985925782599275,1.0613765443447507
2025-01-24 12:30:00-05:00,-0.003923943872948921,0.0006773474467603916,3.9886256392510946,1.0572117623566775
2025-01-24 13:30:00-05:00,0.010021403854971744,0.001037455701283554,3.9927636616608213,1.0678065083874801
2025-01-24 14:30:00-05:00,0.003968809589962152,0.0011596192501804395,3.997393747264304,1.0720444290981923
2025-01-24 15:30:00-05:00,-0.0072246288834147965,0.0006617704088131327,4.000039104158619,1.0642993059514256
2025-01-27 09:30:00-05:00,-0.02004667098401902,0.0035939600694885536,4.014415084975358,1.0429636479364977
2025-01-27 10:30:00-05:00,-0.0008407620243667813,0.0010520213844144835,4.018638335490668,1.0420867637085176
2025-01-27 11:30:00-05:00,0.010237040834754962,0.0011969006496660806,4.023448246325191,1.0527546484619594
2025-01-27 12:30:00-05:00,0.006940588473704823,0.0013256566424432517,4.028781957218459,1.0600613852407137
2025-01-27 13:30:00-05:00,0.011304103728632553,0.0013148964468626028,4.034079388299189,1.0720444290981925
2025-01-27 14:30:00-05:00,0.0024536573565729913,0.0006182169512499572,4.036573324559724,1.0746748587982224
2025-01-27 15:30:00-05:00,0.004079350266909421,0.0006081235964463618,4.039028060047174,1.0790588339703018
2025-01-28 09:30:00-05:00,-0.038867758119250806,0.0027164982117536276,4.050000072549515,1.0371182362151032
2025-01-28 10:30:00-05:00,-0.00859518951471594,0.0008185333085819624,4.053315132508656,1.0282040084256665
2025-01-28 11:30:00-05:00,0.001563396949933793,0.001025610854230594,4.057472256504174,1.029811499436349
2025-01-28 12:30:00-05:00,-0.0007804782776081876,0.0006544552781054025,4.060127690638209,1.0290077539310079
2025-01-28 13:30:00-05:00,-0.0015621757994936925,0.00037126184852373316,4.061635061149878,1.0274002629203254
2025-01-28 14:30:00-05:00,-0.0013256622315509503,0.0002768269797848599,4.062759431316844,1.0260382771950864
2025-01-28 15:30:00-05:00,0.004674446399525634,0.000603443542975165,4.065211077262334,1.0308344381256964
2025-01-29 09:30:00-05:00,0.010206991938734644,0.0010805122779145905,4.06960358774363,1.0413561569258154
2025-01-29 10:30:00-05:00,-0.0016840126716894943,0.0003543336128163765,4.0710455850856055,1.0396024999618105
2025-01-29 11:30:00-05:00,0.0012651668267831262,0.00046726054927568044,4.072947824081819,1.040917770557803
2025-01-29 12:30:00-05:00,0.003088496152473974,0.0003471755612756241,4.074361852028691,1.0441326410872125
2025-01-29 13:30:00-05:00,-0.008264519288327499,0.0007417468466215036,4.077383997084429,1.035503386735375
2025-01-29 14:30:00-05:00,0.004099725055600523,0.0005252236039859258,4.079525535402212,1.0397486659151332
2025-01-29 15:30:00-05:00,-0.0036542815271184415,0.0005187684454770851,4.0816418645224966,1.0359491315724334
2025-01-30 09:30:00-05:00,0.002539149481246339,0.0013677530348710006,4.087224542569953,1.038579561272463
2025-01-30 10:30:00-05:00,-0.0012325975571123582,0.00041831761235974784,4.088934300581779,1.0372994106423719
2025-01-30 11:30:00-05:00,-3.374963254276775e-05,0.0004126079082678323,4.0906214272105865,1.0372644021684259
2025-01-30 12:30:00-05:00,0.0037334372656456782,0.00044670192262777244,4.092448715666864,1.041136963741809
2025-01-30 13:30:00-05:00,0.004702071325118018,0.0003319961937406923,4.093807393063544,1.04603246400454
2025-01-30 14:30:00-05:00,6.981354135415785e-05,0.00027566307983011896,4.094935904617747,1.0461054912352235
2025-01-30 15:30:00-05:00,-0.0037018843757437025,0.0007118349263803829,4.097850823015944,1.04223292966184
2025-01-31 09:30:00-05:00,-0.004907437964367989,0.0007820383841609999,4.101055499652108,1.037118236215103
2025-01-31 10:30:00-05:00,0.005953228168020797,0.0007117070030070805,4.103974249570931,1.0432924377125068
2025-01-31 11:30:00-05:00,0.0027944256396807976,0.0003106829403599589,4.1052492843579484,1.0462078408501356
2025-01-31 12:30:00-05:00,-0.00268188254386037,0.0002055673186426368,4.106093189445694,1.0434020343045098
2025-01-31 13:30:00-05:00,-0.0007003228387844063,0.0003179572191068402,4.107398751417604,1.0426713160298522
2025-01-31 14:30:00-05:00,0.004891366936245811,0.00033647487400209457,4.108780787894963,1.0477714040304524
2025-01-31 15:30:00-05:00,-0.0017991576902978146,0.00031716085865316694,4.11008393233767,1.045886298051217
2025-02-03 09:30:00-05:00,-0.011038157313063013,0.0013129016050853998,4.115480068129472,1.0343416405617505
2025-02-03 10:30:00-05:00,0.007487973840597073,0.0008856491383140668,4.119124939505559,1.0420867637085172
2025-02-03 11:30:00-05:00,-0.0034356349120078233,0.000408604096426543,4.120808030829534,1.038506534041779
2025-02-03 12:30:00-05:00,0.003025347646584464,0.00026371366094184244,4.1218947442013825,1.0416483773405047
2025-02-03 13:30:00-05:00,0.002384935070940175,0.0001711452938995777,4.122600187088802,1.044132641087212
2025-02-03 14:30:00-05:00,-0.003522655512053552,0.0006673793376505019,4.125351525271059,1.040454521483771
2025-02-03 15:30:00-05:00,-0.001802058785457139,0.00030513104913502183,4.126610298110016,1.0385795612724626
2025-02-04 09:30:00-05:00,-0.006191113596392683,0.0015512575166942905,4.1330117333534275,1.0321495972297332
2025-02-04 10:30:00-05:00,0.0009203234310348751,0.0006447821637745216,4.135676625601764,1.033099508688397
2025-02-04 11:30:00-05:00,-0.005021619046128745,0.0003247893638418213,4.137019849382049,1.027911676519021
2025-02-04 12:30:00-05:00,-0.0015637331061073567,0.00017000446070403123,4.137723161210465,1.026304297000294
2025-02-04 13:30:00-05:00,-0.0014239797627142448,8.497712649259949e-05,4.138074773034926,1.024842860450979
2025-02-04 14:30:00-05:00,-0.003136939967552488,0.00021395087412680707,4.138960117749819,1.0216279899215694
2025-02-04 15:30:00-05:00,-0.00028614320430619955,0.00011442220503782099,4.139433706693055,1.0213356580149244
2025-02-05 09:30:00-05:00,-0.0009300678491045433,0.0015915862712109162,4.146021972551215,1.0203857465562607
2025-02-05 10:30:00-05:00,-0.002076572136106014,0.00033034490134661854,4.147391589770717,1.0182668419468823
2025-02-05 11:30:00-05:00,-0.005024363586634384,0.0005673674520930524,4.149744684769837,1.0131506991047272
2025-02-05 12:30:00-05:00,0.004040074350661449,0.00040440089488661475,4.15142284523391,1.0172439032575349
2025-02-05 13:30:00-05:00,0.004022393001606117,0.00030161015492947204,4.152674956521439,1.0213356580149244
2025-02-05 14:30:00-05:00,-0.007797942104804667,0.0007484064251583424,4.155782845140494,1.0133713416841514
2025-02-05 15:30:00-05:00,-0.0020910558786989553,0.0001393143145320978,4.156361805178909,1.0112523255828179
2025-02-06 09:30:00-05:00,-0.012716723876103009,0.0017434430057401925,4.163608185097473,0.9983925089893142
2025-02-06 10:30:00-05:00,0.008855435591862637,0.000950682230979119,4.167566453415804,1.0072337095480672
2025-02-06 11:30:00-05:00,0.00239380890573071,0.0005954232680918686,4.170047919453487,1.0096448345721356
2025-02-06 12:30:00-05:00,8.54704252450933e-05,8.922189996964794e-05,4.170419979051825,1.009731129345493
2025-02-06 13:30:00-05:00,-0.0022562705528315075,0.0004938359719884985,4.172479482455781,1.0074529027320733
2025-02-06 14:30:00-05:00,0.00043514328741678376,0.00013344943330029232,4.173036297478172,1.0078912891000857
2025-02-06 15:30:00-05:00,0.003914696799879991,0.00021061002892284545,4.173915180773479,1.0118368779041527
2025-02-07 09:30:00-05:00,-0.002744003724343469,0.0005391305499348469,4.176165465960271,1.0090603937427556
2025-02-07 10:30:00-05:00,-0.005213621932524948,0.0005840187009127187,4.178604424690498,1.0037995343426962
2025-02-07 11:30:00-05:00,-0.001164679403278912,0.0005403066384378305,4.180862152400564,1.0026304297000264
2025-02-07 12:30:00-05:00,0.0016032737118933937,0.00015645835596140334,4.1815162832194295,1.0042379207107088
2025-02-07 13:30:00-05:00,-0.0026193291906047023,0.00016408650209959736,4.182202413599815,1.0016074910106791
2025-02-07 14:30:00-05:00,-0.0015320011019989144,0.0003319422764465384,4.183590663389546,1.0000730272306804
2025-02-07 15:30:00-05:00,-0.0022649051629491934,0.0003079519667265909,4.184879008362316,0.9978079566679794
2025-02-10 09:30:00-05:00,0.0020503718827085127,0.0006190802936039238,4.18746978448751,0.9998538340466743
2025-02-10 10:30:00-05:00,0.005407815791932835,0.0007760445682451254,4.190719447668452,1.0052608594000565
2025-02-10 11:30:00-05:00,-0.0018897696131390251,0.0002511463105579373,4.1917719313963175,1.0033611479746842
2025-02-10 12:30:00-05:00,0.0005097004201610744,0.00019309403460447143,4.192581337550693,1.0038725615733801
2025-02-10 13:30:00-05:00,0.002765884594953416,0.00019241954983412264,4.193388072164307,1.0066491572267324
2025-02-10 14:30:00-05:00,0.003846982382672559,0.00036261311089007514,4.194908649658323,1.0105217188001159
2025-02-10 15:30:00-05:00,0.00795365741470655,0.0008160247795474723,4.198331799064382,1.0185590623615723
2025-02-11 09:30:00-05:00,-0.00674309342735846,0.0010294763791964222,4.202653882483548,1.0116908234427857
2025-02-11 10:30:00-05:00,0.005416726589865695,0.0006213843808116139,4.20526534596408,1.0171708760268514
2025-02-11 11:30:00-05:00,0.004094476244091094,0.00035192170449128773,4.206745270112471,1.0213356580149247
2025-02-11 12:30:00-05:00,-0.0008584569912392093,0.00018642374199005825,4.207529507307323,1.0204588852788998
2025-02-11 13:30:00-05:00,0.0014362883843317409,4.799393389849104e-05,4.207731443200372,1.021924558522514
2025-02-11 14:30:00-05:00,0.0009967374740122992,2.145055344652863e-05,4.207821701368584,1.022943149025607
2025-02-11 15:30:00-05:00,0.00471431187220972,0.00032709611624199696,4.209198063504941,1.0277656220576539
2025-02-12 09:30:00-05:00,-0.01180153290836683,0.0010815888740147402,4.213750685298952,1.0156364122468524
2025-02-12 10:30:00-05:00,0.001294911336555682,0.0005323934063666963,4.215994058379879,1.0169515713508896
2025-02-12 11:30:00-05:00,0.004023658908269612,0.00037364337947058267,4.21756933664768,1.0210434376002344
2025-02-12 12:30:00-05:00,0.0014312075309885763,0.00029990160189499715,4.218834192447844,1.0225047626575943
2025-02-12 13:30:00-05:00,-0.006288444100756463,0.0005771205808482537,4.221268968487491,1.0160747986148648
2025-02-12 14:30:00-05:00,-0.0035235886881742617,0.0005907455241817967,4.223762664236993,1.0124945689481266
2025-02-12 15:30:00-05:00,-7.223616292073576e-05,0.00038540637186891026,4.225390529281052,1.0124214302254877
2025-02-13 09:30:00-05:00,-0.0004330077919377784,0.0010131772774731058,4.229671598953769,1.0119830438574753
2025-02-13 10:30:00-05:00,-0.0014440212869472058,0.0004941641441703875,4.231761750999588,1.0105217188001154
2025-02-13 11:30:00-05:00,0.0017352872673848108,0.0005893090468557913,4.234255566483591,1.012275264272165
2025-02-13 12:30:00-05:00,-0.003031602348051776,0.00041493279371292624,4.236012497975086,1.0092064482041228
2025-02-13 13:30:00-05:00,0.0008688848842974828,0.0004457588914380372,4.237900738210301,1.0100833324321028
2025-02-13 14:30:00-05:00,-0.005570053832926192,0.0005547231653770333,4.240251599922354,1.0044571138947145
2025-02-13 15:30:00-05:00,-0.001673061216969196,0.0001905760844533737,4.241059690469364,1.0027765956533485
2025-02-14 09:30:00-05:00,0.003278905058515136,0.00045411288642975827,4.242985610326924,1.006064604905397
2025-02-14 10:30:00-05:00,-0.004379047418938575,0.0004543982436360321,4.24491361553603,1.0016590002940005
2025-02-14 11:30:00-05:00,-0.004301247854969215,0.0002806571092159889,4.246104980720237,0.9973506166675753
2025-02-14 12:30:00-05:00,-0.0045231711071518355,0.00034360207749543784,4.247563951212876,0.9928394291745645
2025-02-14 13:30:00-05:00,0.001619084580493313,0.0001896047083685261,4.248369309337122,0.9944469201852468
2025-02-14 14:30:00-05:00,0.0,0.00019626718972278484,4.249203124842371,0.9944469201852468
2025-02-14 15:30:00-05:00,0.0,0.000130587479912764,4.249758017570081,0.9944469201852468
2025-02-18 09:30:00-05:00,-0.0005143814921323431,0.000394777378650132,4.251435725900155,0.9939353950945955
2025-02-18 10:30:00-05:00,0.002425948937852418,0.0003867705944542687,4.253080056223145,0.9963466316106192
2025-02-18 11:30:00-05:00,-0.003813466340080507,0.00038737373338471135,4.2547275877229085,0.9925470972679196
2025-02-18 12:30:00-05:00,-0.004674576884237003,0.00039732132599393124,4.256418081729806,0.9879073595505145
2025-02-18 13:30:00-05:00,0.005584149052088483,0.0006111541173694663,4.259019409165701,0.9934239814958997
2025-02-18 14:30:00-05:00,0.0023535749457788135,0.00023945589818249424,4.260039256483699,0.9957620792892843
2025-02-18 15:30:00-05:00,0.00513646136272583,0.0005173786559912109,4.262243309868688,1.0008767727360213
2025-02-19 09:30:00-05:00,0.001898158663562688,0.0006587385520219089,4.265051013854995,1.0027765956533488
2025-02-19 10:30:00-05:00,0.008580566881113194,0.0011396618901208084,4.269911729954907,1.0113809872991673
2025-02-19 11:30:00-05:00,-0.005979053140573787,0.00041971913232685665,4.271703893601315,1.0053338866307395
2025-02-19 12:30:00-05:00,-0.0008663541196957114,0.00011261963830418156,4.2721849713487545,1.0044629114763872
2025-02-19 13:30:00-05:00,0.0021037183190766306,0.00015019125766240927,4.272826616182568,1.006576018504093
2025-02-19 14:30:00-05:00,7.266090319490992e-05,0.00012296085170685592,4.273352006582489,1.006649157226732
2025-02-19 15:30:00-05:00,0.002540399461949727,0.0002930341392176442,4.2746042446093115,1.009206448204123
2025-02-20 09:30:00-05:00,0.015493769659003842,0.0020981880187710285,4.283573168020339,1.024842860450979
2025-02-20 10:30:00-05:00,-0.0021387979803045853,0.0005122113601315226,4.285767262858953,1.0226509286109169
2025-02-20 11:30:00-05:00,0.004001125548233286,0.00047099897635731784,4.2877858548526655,1.0267426833683064
2025-02-20 12:30:00-05:00,-0.0025619171605882896,0.0003136153234032194,4.289130570200219,1.0241122536682767
2025-02-20 13:30:00-05:00,7.130783800524121e-05,-3.146649127728823e-07,4.289129220561322,1.0241852808989604
2025-02-20 14:30:00-05:00,0.0004994458524167911,0.00015691342213616953,4.289802242505305,1.0246968059896118
2025-02-20 15:30:00-05:00,0.00042782056648360545,0.0001566079281490745,4.290474059546672,1.0251351923576242
2025-02-21 09:30:00-05:00,0.00029788896887450456,0.00039811757568224517,4.292182172677786,1.0254405688230326
2025-02-21 10:30:00-05:00,0.00661531904529955,0.00075753833652146,4.295433665220924,1.0322241853477905
2025-02-21 11:30:00-05:00,-0.0003553574290873218,0.0003159162609060386,4.296790662563411,1.0318573768150436
2025-02-21 12:30:00-05:00,0.0026908715445952414,0.0004002124475150822,4.298510291670936,1.034633972468396
2025-02-21 13:30:00-05:00,0.007344585037464935,0.0007147757282284161,4.301582762494962,1.0422329296618402
2025-02-21 14:30:00-05:00,0.0049074379643681,0.0005703556535287807,4.3040361945426735,1.0473476231085774
2025-02-21 15:30:00-05:00,-0.0011859786053334265,0.00042722779892150596,4.305874998452547,1.046105491235224
2025-02-24 09:30:00-05:00,-0.00782283391430838,0.0019785272958620223,4.314394289669555,1.0379219817204448
2025-02-24 10:30:00-05:00,-0.005350297425534611,0.000845944159949205,4.318044026322619,1.0323687904137402
2025-02-24 11:30:00-05:00,0.004600532140709213,0.0004212968699552353,4.319863204755238,1.0371182362151037
2025-02-24 12:30:00-05:00,-0.003170332115697616,0.00017388364505014825,4.3206143583153995,1.0338302269630553
2025-02-24 13:30:00-05:00,-0.005442110697339242,0.0008796910263188645,4.324415163994594,1.028204008425667
2025-02-24 14:30:00-05:00,0.0032347938556265277,0.0005787653830199115,4.32691798579332,1.0315300364344528
2025-02-24 15:30:00-05:00,0.0030090602544861067,0.00033817430891905495,4.3283812382929145,1.0346339724683964
2025-02-25 09:30:00-05:00,0.005790904167265687,0.0007434600784393943,4.3315992169478506,1.0406254386511582
2025-02-25 10:30:00-05:00,0.0001404597157570464,0.0005084946193916618,4.3338018118430295,1.0407716046044806
2025-02-25 11:30:00-05:00,0.003229369890437539,0.0006121568628707826,4.3364547783644705,1.0441326410872127
2025-02-25 12:30:00-05:00,0.0007697733733371681,0.0005418959840573812,4.338804685793912,1.0449363865925538
2025-02-25 13:30:00-05:00,-0.005663922730624438,0.0005149288755608143,4.341038861612046,1.0390179476404757
2025-02-25 14:30:00-05:00,0.0037975285268003756,0.0005152296538156228,4.343275493561914,1.042963647936498
2025-02-25 15:30:00-05:00,-0.0009807999457807082,0.00022742570395148796,4.344263266048492,1.0419407092471507
2025-02-26 09:30:00-05:00,0.0007011980395987827,0.0013473322151639502,4.350116431897993,1.0426713160298529
2025-02-26 10:30:00-05:00,-0.0004204454090879217,0.0003319961937406923,4.351560653995712,1.0422329296618404
2025-02-26 11:30:00-05:00,-0.005608546376759671,0.00048206676207232415,4.353658396750145,1.0363875179404458
2025-02-26 12:30:00-05:00,-0.0037365961152051597,0.0003575765627197073,4.355215162954911,1.0325149563670624
2025-02-26 13:30:00-05:00,0.0019107230707366973,0.00026691787084889547,4.3563776477132965,1.0344878065150735
2025-02-26 14:30:00-05:00,0.0037434579209096874,0.0003075435059955769,4.357717423368515,1.038360368088457
2025-02-26 15:30:00-05:00,-0.00021109548355524588,0.0001731465945941765,4.3584719473005755,1.0381411749044507
2025-02-27 09:30:00-05:00,-0.005560307817712884,0.0006341008771337494,4.361235658185322,1.0323687904137397
2025-02-27 10:30:00-05:00,-0.006440572202997097,0.0007088318748787933,4.364327041033701,1.0257197446789592
2025-02-27 11:30:00-05:00,-0.00042739390587598347,0.00042785734861563735,4.36619435042997,1.0252813583109468
2025-02-27 12:30:00-05:00,-0.0014254004888205607,0.0002561649397933081,4.367312816342874,1.0238199217616317
2025-02-27 13:30:00-05:00,-0.0008563739749429811,0.00015655709565268674,4.367996550153208,1.022943149025607
2025-02-27 14:30:00-05:00,-0.005128587995256728,0.0004441410597060729,4.369936556769785,1.017696895071684
2025-02-27 15:30:00-05:00,-0.003460566598214143,0.0005132192347083575,4.372179292265175,1.0141750871894928
2025-02-28 09:30:00-05:00,0.001296777174523145,0.0008624521006276095,4.375950087480109,1.0154902462935302
2025-02-28 10:30:00-05:00,0.0004302719540527633,0.00029595714733932446,4.3772451811848985,1.0159271832661245
2025-02-28 11:30:00-05:00,0.0010083282558424056,0.00020956156760906983,4.378162483546877,1.01695157135089
2025-02-28 12:30:00-05:00,-0.002414677732340831,0.0001959452847644552,4.379020363841461,1.0144959610366802
2025-02-28 13:30:00-05:00,-0.000532350104816004,9.600922744339079e-05,4.379440790203552,1.013955894005487
2025-02-28 14:30:00-05:00,0.006736320282159536,0.0005642101229747349,4.381911715030354,1.0207862256594913
2025-02-28 15:30:00-05:00,0.004045679115094902,0.0004142422664309207,4.383726888070488,1.0249159991736185
2025-03-03 09:30:00-05:00,0.0068438826964989374,0.0007340437696939513,4.386944735480715,1.0319304040457278
2025-03-03 10:30:00-05:00,0.001628627014702122,0.0004358134066272623,4.388856624810571,1.0336110337790492
2025-03-03 11:30:00-05:00,0.0029690240987676475,0.0002197209764527092,4.389820948673686,1.0366798498470913
2025-03-03 12:30:00-05:00,-0.0008458582735155762,0.0001944200418687084,4.390674417846323,1.0358029656191112
2025-03-03 13:30:00-05:00,0.0037387048521035915,0.00035674499088929996,4.392240768951515,1.0396755271924947
2025-03-03 14:30:00-05:00,0.0010542495070036129,0.0004249775988171427,4.394107372886931,1.040771604604481
2025-03-03 15:30:00-05:00,0.005897194071140088,0.0004927610950152593,4.396272618047609,1.0469092367405655
2025-03-04 09:30:00-05:00,0.01500554100224516,0.001400005051185345,4.402427421919263,1.0626186762181051
2025-03-04 10:30:00-05:00,-0.006669779349274485,0.0007799173333941258,4.4058609513746285,1.0555312441153122
2025-03-04 11:30:00-05:00,-0.010591263789129113,0.0009831004312208917,4.410192355175824,1.0443518342712192
2025-03-04 12:30:00-05:00,7.003264631588735e-05,0.0005272787027425699,4.412517755679707,1.0444249729938582
2025-03-04 13:30:00-05:00,-0.001399167096867604,0.00038696924854623137,4.414225264359819,1.0429636479364983
2025-03-04 14:30:00-05:00,0.005511721548169479,0.000567667553701135,4.416731076817125,1.0487121731487874
2025-03-04 15:30:00-05:00,-0.01258822800228232,0.0012311724940578344,4.4221688346325525,1.0355107452044214
2025-03-05 09:30:00-05:00,-0.009878590773536144,0.000934917117324809,4.426303195971751,1.0252813583109475
2025-03-05 10:30:00-05:00,-0.0051311372799426325,0.0010169364410004824,4.430804464990651,1.0200204989108879
2025-03-05 11:30:00-05:00,0.0009111551580498478,0.00033746104112738237,4.432299688878438,1.0209498958497871
2025-03-05 12:30:00-05:00,0.0015229609348399453,0.0002726017874034955,4.433507941695934,1.0225047626575952
2025-03-05 13:30:00-05:00,0.003858748583050131,0.0007267862571251242,4.4367301543388145,1.026450351461662
2025-03-05 14:30:00-05:00,0.0005694891335976671,0.00018444221809336614,4.437548474689563,1.027034903782997
2025-03-05 15:30:00-05:00,0.0027035066122145235,0.0003688195367182516,4.439185129262162,1.0298114994363496
2025-03-06 09:30:00-05:00,-0.018305674658458226,0.0013668856304219878,4.445252987626134,1.0109601051681287
2025-03-06 10:30:00-05:00,0.008239371094387993,0.0007351867000791809,4.448521078501123,1.0192897806362304
2025-03-06 11:30:00-05:00,-0.005017899270553294,0.0008070449240819838,4.4521112348572,1.0141750871894935
2025-03-06 12:30:00-05:00,0.001296777174523145,0.00010942516972816044,4.452598407884723,1.015490246293531
2025-03-06 13:30:00-05:00,0.0031659408183379867,0.0003247426508635122,4.45404435649493,1.0187052283148956
2025-03-06 14:30:00-05:00,0.0009324694055365956,0.0005171543190557585,4.4563477847711574,1.0196551397735594
2025-03-06 15:30:00-05:00,0.003367977143854395,0.0002005704909651708,4.45724159663426,1.0230893149789304
2025-03-07 09:30:00-05:00,0.03270962499145913,0.003085138259614384,4.470992803216381,1.05655418280466
2025-03-07 10:30:00-05:00,-0.006362471569162698,0.0009749485127918534,4.4753517910005804,1.0498318868552854
2025-03-07 11:30:00-05:00,0.01294543920633906,0.0012650968637862529,4.481013544515715,1.0634224217234467
2025-03-07 12:30:00-05:00,0.003298138027149733,0.0004861533980434117,4.4831920044770595,1.0669297356514564
2025-03-07 13:30:00-05:00,-0.00267086274645445,0.0002323541836089511,4.484233692895222,1.0640801127674204
2025-03-07 14:30:00-05:00,0.002949913705017959,0.0003009749906762901,4.485583335089132,1.0672190572753102
2025-03-07 15:30:00-05:00,-0.002872809716342073,0.0002594220681944987,4.486746994394979,1.0641531399981043
2025-03-10 09:30:00-04:00,0.027876940233510616,0.003070673797650776,4.500524330827355,1.0938184734811343
2025-03-10 10:30:00-04:00,0.003941191382218934,0.0011429986874154146,4.505668424230172,1.09812942142253
2025-03-10 11:30:00-04:00,-0.002328770113524614,0.0010176405361309786,4.510253575061034,1.0955721304451391
2025-03-10 12:30:00-04:00,0.005468801201001128,0.0015870122955498802,4.517411402940704,1.101563596627901
2025-03-10 13:30:00-04:00,0.0029185623337648625,0.0008429743569443683,4.521219464913152,1.1047785786492657
2025-03-10 14:30:00-04:00,-0.002248653073762985,0.0006627003095856417,4.524215678452254,1.1022943149025586
2025-03-10 15:30:00-04:00,0.009942993463683436,0.0009336680772900101,4.528439794206,1.1132544200706902
2025-03-11 09:30:00-04:00,-0.01496454955476001,0.0022556957628277704,4.538654576662011,1.0965950691344868
2025-03-11 10:30:00-04:00,-0.013392820377884807,0.0014251415173052921,4.545122801731919,1.0819085683462943
2025-03-11 11:30:00-04:00,-0.008577052810432417,0.0009815071181004087,4.549583872114459,1.072628981419529
2025-03-11 12:30:00-04:00,0.0016348108268797734,0.00029009679583094714,4.550903691818124,1.0743825268915785
2025-03-11 13:30:00-04:00,-0.003264388938083118,0.0004665381177069827,4.55302686186037,1.0708753244555238
2025-03-11 14:30:00-04:00,0.014328644503941446,0.0013037601756264547,4.558962916961421,1.08621951628769
2025-03-11 15:30:00-04:00,-0.004170660303397966,0.0006086232721722207,4.561737607889654,1.0816892636703328
2025-03-12 09:30:00-04:00,-0.019729747084838323,0.0012556407072727449,4.567465511326017,1.060347808073732
2025-03-12 10:30:00-04:00,-0.006816443075949863,0.0013177338268895306,4.573484215133443,1.0531200075992893
2025-03-12 11:30:00-04:00,0.007701384671804146,0.0009336924060730322,4.577754442614408,1.0612304898833846
2025-03-12 12:30:00-04:00,-0.000826290081503811,0.0004488593035748142,4.579809210285456,1.0603536056554046
2025-03-12 13:30:00-04:00,0.006615261481313972,0.0006518756905556104,4.5827946765770236,1.0673681220194693
2025-03-12 14:30:00-04:00,-0.00246440721412311,0.0007172403117810724,4.58608164165968,1.0647376923194394
2025-03-12 15:30:00-04:00,0.0005490106394765437,0.00048671888032632564,4.588313774181394,1.0653222446407744
2025-03-13 09:30:00-04:00,0.0010974187843644234,0.0013068576760488014,4.594310047257304,1.0664913492834445
2025-03-13 10:30:00-04:00,-0.005412500058804226,0.0008145562256188272,4.598052371108721,1.0607189647927335
2025-03-13 11:30:00-04:00,-0.005441849528808551,0.0006233274930190405,4.600918463565974,1.0549466917939778
2025-03-13 12:30:00-04:00,0.0055408489119948,0.0005595153556642156,4.603492748096498,1.060791992023417
2025-03-13 13:30:00-04:00,-0.005358864286948539,0.00044956615891378847,4.605562322648847,1.0551073517014817
2025-03-13 14:30:00-04:00,0.001786754180179484,0.000339828880644466,4.607127425737691,1.0569925691726725
2025-03-13 15:30:00-04:00,0.005461034606206949,0.0005647001903787587,4.609729071472104,1.062764842171428
2025-03-14 09:30:00-04:00,0.007906560188396972,0.0013909971679365147,4.616141191555476,1.0711676563621686
2025-03-14 10:30:00-04:00,0.001500690392521431,0.00022949510399715057,4.617200573358298,1.072775147372851
2025-03-14 11:30:00-04:00,-3.273749022547623e-05,0.00022202375722042643,4.618225701577435,1.0727400274069498
2025-03-14 12:30:00-04:00,-0.0007846861686643392,0.00013935107801440786,4.618869256307463,1.071898263144871
2025-03-14 13:30:00-04:00,-0.0038854265663740284,0.0002507193894316917,4.62002729638727,1.0677334811567978
2025-03-14 14:30:00-04:00,0.0032163224868160256,0.0003334054585833378,4.621567638706689,1.0711676563621688
2025-03-14 15:30:00-04:00,0.003137731486541062,0.000398968754274398,4.623411499790299,1.0745286928449007
2025-03-17 09:30:00-04:00,-0.019583876857233062,0.0030664368309364187,4.63758889909783,1.0534852552446625
2025-03-17 10:30:00-04:00,-0.003190397270393164,0.0006662208956334938,4.6406785577277665,1.0501242187619304
2025-03-17 11:30:00-04:00,-0.0009741120822386318,0.00048382924573447863,4.6429238537340485,1.049101280072583
2025-03-17 12:30:00-04:00,0.0037595411268356305,0.0005797236994893872,4.645615466726983,1.0530454194812318
2025-03-17 13:30:00-04:00,-0.001247533757153918,0.0003962702560737475,4.647456385957603,1.0517317097726127
2025-03-17 14:30:00-04:00,0.0001389764632599988,0.00033452103073805756,4.649011057858144,1.0518778757259353
2025-03-17 15:30:00-04:00,0.0018060189963222673,0.0002787859800199498,4.650307136962033,1.0537775871513073
2025-03-18 09:30:00-04:00,-0.018028054926561676,0.0017790914204673719,4.65858045849194,1.034780026929764
2025-03-18 10:30:00-04:00,-0.0038129734836240825,0.0008935151304973879,4.662742970618242,1.030834438125697
2025-03-18 11:30:00-04:00,0.003898518887293756,0.0005725921279746109,4.665412820537988,1.034853165652403
2025-03-18 12:30:00-04:00,0.0034596499151462456,0.00033535820776084,4.6669774050199475,1.0384333953191411
2025-03-18 13:30:00-04:00,-0.004292151923088516,0.0003360486473187774,4.6685457364639715,1.0339762814244227
2025-03-18 14:30:00-04:00,-0.001978650202571708,0.00038036100227639886,4.670321469199466,1.0319304040457278
2025-03-18 15:30:00-04:00,0.0012036973312190558,0.00012571458113231279,4.67090859670672,1.0331725359190813
2025-03-19 09:30:00-04:00,0.00155587857283912,0.0005190724592408267,4.6733331367189015,1.0347800269297636
2025-03-19 10:30:00-04:00,-0.0063549917209052564,0.0005508660284355867,4.675907517183482,1.0282040084256667
2025-03-19 11:30:00-04:00,-0.0001691565572129461,9.841096109014212e-05,4.676367677736217,1.028030080975489
2025-03-19 12:30:00-04:00,-0.0015366568965842209,8.983647019042269e-05,4.6767877861016975,1.0264503514616619
2025-03-19 13:30:00-04:00,0.0005680770873004448,0.0004407931050479379,4.6788492819115834,1.0270334543875788
2025-03-19 14:30:00-04:00,0.0029894502952594326,0.00035666552798338546,4.6805180661610715,1.030103719851039
2025-03-19 15:30:00-04:00,0.00014189440393796993,0.00017576573871980658,4.6813407408765615,1.0302498858043616
2025-03-20 09:30:00-04:00,0.010921938199523584,0.0016903571083466476,4.689253878474495,1.041502211387183
2025-03-20 10:30:00-04:00,-0.002686934358835935,0.00026337737969963975,4.6904889218737535,1.038703763310603
2025-03-20 11:30:00-04:00,2.1145504578434782e-05,0.00022203426267377308,4.691530371123101,1.038725727225786
2025-03-20 12:30:00-04:00,-0.004501965202319602,0.0004340664231395222,4.693566806930345,1.0340494201470614
2025-03-20 13:30:00-04:00,0.00021197553979090955,1.8932558297421112e-05,4.69365566815754,1.0342686133310675
2025-03-20 14:30:00-04:00,-0.0014129067038526344,6.880165235734645e-05,4.693978599423105,1.0328072882737076
2025-03-20 15:30:00-04:00,0.006579360704803916,0.0005331231780961838,4.696481068211946,1.0396024999618108
2025-03-21 09:30:00-04:00,-0.006676953587241852,0.0016513319901104641,4.704236517640832,1.0326611223203852
2025-03-21 10:30:00-04:00,0.0012735631037237294,0.0004650101902131656,4.706424035558707,1.0339762814244224
2025-03-21 11:30:00-04:00,0.00035335349939114025,0.0002385620277298306,4.707546809619987,1.0343416405617512
2025-03-21 12:30:00-04:00,-0.0019779512865629734,0.0001535817743097721,4.708269803011654,1.0322957631830563
2025-03-21 13:30:00-04:00,-0.0009230012206599136,0.00026665375231294506,4.70952528082153,1.0313429529335563
2025-03-21 14:30:00-04:00,-0.004531381413520275,0.00041788315336169376,4.7114933120967155,1.026669544645668
2025-03-21 15:30:00-04:00,0.008540404625614562,0.0008983971053552821,4.715726104050204,1.0354377179737375
2025-03-24 09:30:00-04:00,-0.000635181655600614,0.001216850863985988,4.721464439434239,1.0347800269297636
2025-03-24 10:30:00-04:00,-0.006778643469686263,0.0006498291951614123,4.7245325848709,1.0277656220576543
2025-03-24 11:30:00-04:00,0.003696779469172906,0.00048055541733535206,4.726802984598937,1.0315650449083988
2025-03-24 12:30:00-04:00,-0.0014534651222410933,0.00028226430906471637,4.72813719237747,1.0300657010943015
2025-03-24 13:30:00-04:00,-0.006630966982735242,0.0006958368241496996,4.731427204345557,1.0232353694402971
2025-03-24 14:30:00-04:00,0.0017138353661134698,0.00022108005192877778,4.732473228517591,1.024989026404302
2025-03-24 15:30:00-04:00,-0.0014256982462399481,0.00017809792599125522,4.7333160721844,1.0235277013469422
2025-03-25 09:30:00-04:00,-0.010137051330552649,0.0017050372907612807,4.741386552596434,1.0131521485001456
2025-03-25 10:30:00-04:00,-0.003173247005520463,0.00045089597792369914,4.743524424722781,1.0099371664787808
2025-03-25 11:30:00-04:00,-0.001808710735002883,0.00040882534642217516,4.745463697738981,1.0081104822840923
2025-03-25 12:30:00-04:00,0.0034789861802728694,0.00033588635810263053,4.747057634257923,1.0116176847201468
2025-03-25 13:30:00-04:00,-0.0019501934157635237,3.138634646232763e-05,4.747206627053509,1.0096448345721356
2025-03-25 14:30:00-04:00,-0.007309267335147029,0.0006063641412765051,4.7500851629233845,1.0022650705626976
2025-03-25 15:30:00-04:00,7.286219267599314e-05,0.0003465874868029237,4.751731483002102,1.0023380977933813
2025-03-26 09:30:00-04:00,0.010788825377954891,0.0011737212999945721,4.757308691455556,1.0131521485001456
2025-03-26 10:30:00-04:00,-0.004471443528066166,0.00038515263914488626,4.759140981453298,1.0086218958827882
2025-03-26 11:30:00-04:00,0.002752860774375865,0.0002845864323524072,4.760495368406271,1.0113984915361405
2025-03-26 12:30:00-04:00,0.002600784677891488,0.0002619600010243015,4.761742427777855,1.0140289212361702
2025-03-26 13:30:00-04:00,0.0015852516402814487,0.00010969258669798904,4.762264755621947,1.0156364122468526
2025-03-26 14:30:00-04:00,0.0019424767802944665,0.0001664258178474281,4.763057319428708,1.0176092623948638
2025-03-26 15:30:00-04:00,0.0014360374962789635,0.00020890424990590165,4.764052342345282,1.0190705874522237
2025-03-27 09:30:00-04:00,0.009751205265994267,0.0010952174041817006,4.769270015385051,1.0290077539310076
2025-03-27 10:30:00-04:00,0.006958714157475621,0.0005928715553157291,4.772097579916792,1.0361683247564395
2025-03-27 11:30:00-04:00,-0.008391527127095233,0.0009541792470418236,4.776651016392408,1.027473290151009
2025-03-27 12:30:00-04:00,-0.002560095454786193,0.00031977338397613656,4.778178462251993,1.0248428604509792
2025-03-27 13:30:00-04:00,-0.0022101637725263634,0.00034238830426691256,4.779814454673168,1.0225777898882782
2025-03-27 14:30:00-04:00,0.005359056922862093,0.0006919333275482515,4.783121767593853,1.0280578424723439
2025-03-27 15:30:00-04:00,-0.0048329260165612675,0.00038409240528796003,4.784958928338353,1.0230893149789295
2025-03-28 09:30:00-04:00,0.011142664442543637,0.0007836506170646158,4.788708664355175,1.0344892559104915
2025-03-28 10:30:00-04:00,0.00021048434030990215,0.00027314583034647173,4.790016680159588,1.0347069996990794
2025-03-28 11:30:00-04:00,-0.0024716199562676566,0.00018159372339841077,4.7908865171236785,1.0321495972297334
2025-03-28 12:30:00-04:00,0.0025484965620194977,0.00043712950705286906,4.792980754985255,1.0347800269297631
2025-03-28 13:30:00-04:00,-0.0021182587439049216,0.0004431348765061982,4.795104691920211,1.032588095089701
2025-03-28 14:30:00-04:00,-0.0015567591940354175,0.0002674577878722512,4.7963871800137285,1.0309806040790186
2025-03-28 15:30:00-04:00,-0.0017009601898102522,0.0003242688524012431,4.797942498980263,1.0292269471150137
2025-03-31 09:30:00-04:00,0.012352729558601228,0.0012682611401647512,4.804027543004464,1.0419407092471502
2025-03-31 10:30:00-04:00,-0.0051893791128373445,0.0010763920127369532,4.8091985598807225,1.0365336838937682
2025-03-31 11:30:00-04:00,-0.001409819169474802,0.0002658739822402643,4.810477200653223,1.0350723588364084
2025-03-31 12:30:00-04:00,-0.0020472154272536125,0.00022361346095817314,4.8115528881089205,1.0329533427350748
2025-03-31 13:30:00-04:00,0.003958413025439089,0.00034368156305163297,4.813206530126211,1.037042198701628
2025-03-31 14:30:00-04:00,0.002468849641208415,0.00043959823831370094,4.815322407237494,1.0396024999618105
2025-03-31 15:30:00-04:00,-0.003092510860143949,0.0005314624306516856,4.8178815701884155,1.0363875179404458
2025-04-01 09:30:00-04:00,7.057082546135796e-05,0.0008999949377659927,4.822217639212341,1.0364606566630847
2025-04-01 10:30:00-04:00,0.007966087947848477,0.0007123468813584425,4.825652730908865,1.0447171934085477
2025-04-01 11:30:00-04:00,-0.002797551464797876,0.00019627958922943848,4.826599908044652,1.041794543293828
2025-04-01 12:30:00-04:00,-0.003997806963799588,0.000376039391794416,4.828414899738508,1.0376296498137996
2025-04-01 13:30:00-04:00,-0.0015491953328153896,0.00013102174080552783,4.829047527064003,1.036022158803117
2025-04-01 14:30:00-04:00,0.0009168833413382149,0.0001677498913157927,4.8298575992618265,1.0369720702617808
2025-04-01 15:30:00-04:00,-0.0007045578214250892,0.0002648895234447095,4.831136977939601,1.0362414634790786
2025-04-02 09:30:00-04:00,-0.005358974237587799,0.0014405086651515775,4.838096272618857,1.030688272172374
2025-04-02 10:30:00-04:00,0.00503336683791078,0.000492919271317571,4.840481063508122,1.03587610434175
2025-04-02 11:30:00-04:00,-0.005572466114930785,0.0005991830324040576,4.84338139763005,1.030103719851039
2025-04-02 12:30:00-04:00,0.0012768331680064193,0.0003242688524012431,4.844951955357601,1.0314189904470317
2025-04-02 13:30:00-04:00,-0.003683793276923253,0.00036707688935563496,4.846730425250451,1.027619456104332
2025-04-02 14:30:00-04:00,-0.0003555393342918878,0.00014795347220736133,4.84744751584572,1.0272540969670032
2025-04-02 15:30:00-04:00,0.0024895519783245668,0.00016926876408738555,4.848268037295705,1.0298114994363494
2025-04-03 09:30:00-04:00,0.013835652862663084,0.0019892779148421276,4.857912589827532,1.0440596138565292
2025-04-03 10:30:00-04:00,0.015396437522845696,0.001797495920327066,4.8666446678890525,1.0601344124713976
2025-04-03 11:30:00-04:00,-0.004862641448000082,0.0008446641424839128,4.870755348134229,1.054979358936863
2025-04-03 12:30:00-04:00,-0.0007236022307705037,0.00027885244842699834,4.872113570188745,1.0542159735193195
2025-04-03 13:30:00-04:00,0.00429716608284636,0.0005316722892643567,4.874703937964163,1.0587461146447217
2025-04-03 14:30:00-04:00,0.004002773329783826,0.0006764997424924614,4.878001673922922,1.0629840353554338
2025-04-03 15:30:00-04:00,-0.008386041081469342,0.000835697011003122,4.882078205341488,1.054069807565997
2025-04-04 09:30:00-04:00,-0.010397893089680643,0.003433331153808635,4.898839996539217,1.0431097023978657
2025-04-04 10:30:00-04:00,-0.013869401819318838,0.0017365996105622964,4.907347320169414,1.0286423947936796
2025-04-04 11:30:00-04:00,-0.017332024879695318,0.0018556605091789627,4.916453690796279,1.0108139392148061
2025-04-04 12:30:00-04:00,-0.009524334758031161,0.0017804873257832653,4.925207374280541,1.0011866088796402
2025-04-04 13:30:00-04:00,-0.016584149043975982,0.0020660784200675574,4.935383238950899,0.9845827809371474
2025-04-04 14:30:00-04:00,-0.00022262544932749595,0.0012266349566180997,4.941437152556103,0.9843635877531411
2025-04-04 15:30:00-04:00,-0.006532102693280417,0.0013947734729440164,4.948329338014709,0.9779336237104117
2025-04-07 09:30:00-04:00,-0.024058587184760172,0.004884033830908611,4.972497145908051,0.9544059223634663
2025-04-07 10:30:00-04:00,-0.007196466670840951,0.0020330973701752873,4.9826067167786,0.9475375719527245
2025-04-07 11:30:00-04:00,0.007711289763102869,0.0011934670513082475,4.988553293724702,0.9548443087314789
2025-04-07 12:30:00-04:00,0.005815808143719403,0.0015177956034912437,4.9961248979817,0.9603975000381835
2025-04-07 13:30:00-04:00,0.00593425718813867,0.0012139115736034191,5.002189751818528,0.9660967458062555
2025-04-07 14:30:00-04:00,-0.013462401776306754,0.0018128083786995161,5.011257763312469,0.9530907632594292
2025-04-07 15:30:00-04:00,-0.0019933284326776324,0.001054781432447668,5.016543544954421,0.9511909403421017
2025-04-08 09:30:00-04:00,0.01843608304119937,0.0021168393251035514,5.027162761606475,0.9687271755062852
2025-04-08 10:30:00-04:00,-0.008146038739921924,0.0011469533571762268,5.032928682812971,0.9608358864061959
2025-04-08 11:30:00-04:00,0.009125452077887397,0.0007844779226229727,5.036876904250773,0.9696039482423101
2025-04-08 12:30:00-04:00,-0.022531954055290626,0.002238661924449343,5.048152768794458,0.947756876628686
2025-04-08 13:30:00-04:00,-0.010865843006584774,0.0016623729259637723,5.056544681283431,0.9374586991988276
2025-04-08 14:30:00-04:00,0.0003850953128738954,0.000980298981270245,5.06150160688324,0.937819710149902
2025-04-08 15:30:00-04:00,-0.0010128934680972979,0.0014943803266952473,5.069065415308104,0.9368697986912382
2025-04-09 09:30:00-04:00,-0.028232746155968047,0.0024803551387152178,5.081638497759446,0.9104193914835956
2025-04-09 10:30:00-04:00,0.0016853859313350483,0.0012396596885745472,5.087938000157028,0.9119537995176167
2025-04-09 11:30:00-04:00,0.011457417940453407,0.0016989845137533185,5.096582328026232,0.9224024353410745
2025-04-09 12:30:00-04:00,0.038418873227128225,0.005013091070799589,5.122131959386454,0.9578400975688376
2025-04-09 13:30:00-04:00,0.011544719346059162,0.0020936045079889332,5.1328556779471395,0.9688980926736718
2025-04-09 14:30:00-04:00,0.010833808192494354,0.001711361695077057,5.141639850540737,0.979394948767772
2025-04-09 15:30:00-04:00,0.008057310393542183,0.0010617805283790196,5.147099143617979,0.9872862378678613
2025-04-10 09:30:00-04:00,-0.014653610117598359,0.0010019863481426957,5.152256466692421,0.9728189302636752
2025-04-10 10:30:00-04:00,-0.003680377763334741,0.0009307953780763458,5.157052163198283,0.9692385891049816
2025-04-10 11:30:00-04:00,-0.012137208325904258,0.0015172021542010712,5.164876453849614,0.957474738431509
2025-04-10 12:30:00-04:00,0.009768117396732112,0.001712391862363518,5.1737207462593,0.9668274640809134
2025-04-10 13:30:00-04:00,0.01784604768325182,0.0019894205653527047,5.184013452711301,0.9840815131063788
2025-04-10 14:30:00-04:00,-0.008845995232527604,0.000924900181591354,5.188808147695085,0.9753763327330213
2025-04-10 15:30:00-04:00,-0.0006742946511025805,0.00108507979085718,5.1944384185547845,0.9747186416890473
2025-04-11 09:30:00-04:00,-0.023912948490031782,0.002953895644575955,5.209782247575372,0.9514102450180634
2025-04-11 10:30:00-04:00,-0.0020736061634207825,0.001488409075618896,5.217536534754662,0.9494373948700522
2025-04-11 11:30:00-04:00,0.01154378922438748,0.0012308233466784408,5.223958400533785,0.9603975000381836
2025-04-11 12:30:00-04:00,-0.0007608498300218924,0.0006496513264826981,5.227352152038183,0.959666781763526
2025-04-11 13:30:00-04:00,0.004263724487650222,0.0009656309153154705,5.2323998448814315,0.9637585365209157
2025-04-11 14:30:00-04:00,-0.0012312304738970603,0.0005828820432360765,5.235449716794045,0.9625719276412728
2025-04-11 15:30:00-04:00,-0.0008926797825461463,0.00033143956919522524,5.237184951992721,0.9617126591422209
2025-04-14 09:30:00-04:00,0.029174986621605115,0.0030219624591459244,5.253011528309247,0.9897706131065235
2025-04-14 10:30:00-04:00,-0.004798531840076281,0.0006139036865019444,5.256236371451713,0.98502116730516
2025-04-14 11:30:00-04:00,-0.00304134462973471,0.0006755716880334442,5.259787335929877,0.9820253784678015
2025-04-14 12:30:00-04:00,0.0061012452489419555,0.0006828893490179741,5.263379188679684,0.9880169561425186
2025-04-14 13:30:00-04:00,0.002218629263788907,0.0004203926050319407,5.265591874368083,0.990208999474536
2025-04-14 14:30:00-04:00,-0.002139968534378256,0.00023572714686278935,5.266833117317172,0.9880899833732023
2025-04-14 15:30:00-04:00,0.0012571040029301095,0.00028748331862378106,5.268347243980376,0.989332115246556
2025-04-15 09:30:00-04:00,0.008197936930485872,0.0010432430733503984,5.273843410750663,0.9974425975306515
2025-04-15 10:30:00-04:00,-0.00439521550707056,0.0005700962877759805,5.276850009301444,0.993058622358572
2025-04-15 11:30:00-04:00,-0.00042674310693679995,0.00016826985657053417,5.277737944095653,0.9926348414366963
2025-04-15 12:30:00-04:00,-0.002149452606743374,0.0003960466044577738,5.27982817428763,0.9905012198892259
2025-04-15 13:30:00-04:00,0.0002951353322693251,0.00019089777855405636,5.280836081757249,0.990793551795871
2025-04-15 14:30:00-04:00,-0.0001475241265525007,0.0001242464637446329,5.281492206966022,0.9906473858425485
2025-04-15 15:30:00-04:00,-0.0020651923256778115,0.00023592030187249792,5.2827382182018265,0.9886015084638538
2025-04-16 09:30:00-04:00,-0.0032520504913656767,0.0012183167078647663,5.289174266436338,0.985386526442489
2025-04-16 10:30:00-04:00,0.00094917678233708,0.0001554997329824859,5.289996731622466,0.986321832455016
2025-04-16 11:30:00-04:00,-0.006800598740258068,0.0006753176599456483,5.293569159836386,0.9796142534437334
2025-04-16 12:30:00-04:00,0.001655852240937561,0.0001282292314303673,5.294247950141275,0.9812363499005526
2025-04-16 13:30:00-04:00,-0.00994857266155369,0.0009081129605048609,5.299055725320925,0.9714744487754092
2025-04-16 14:30:00-04:00,-0.008844993299977788,0.0007820979261038661,5.303200105814008,0.9628817637848911
2025-04-16 15:30:00-04:00,-0.003794202493789589,0.0008965482683243887,5.3079546806854525,0.959228395395514
2025-04-17 09:30:00-04:00,0.014015816232478384,0.0013492197786586268,5.315116278124857,0.9726727643103527
2025-04-17 10:30:00-04:00,0.0045823364838211145,0.0007139270136336916,5.3189108832164145,0.9771298782050711
2025-04-17 11:30:00-04:00,0.0030210646146353604,0.00024788806272551525,5.3202293777310645,0.9800818507040194
2025-04-17 12:30:00-04:00,4.470681543455868e-05,0.00032911388604981513,5.321980339096245,0.9801256670424296
2025-04-17 13:30:00-04:00,0.0,0.0003009465579771873,5.323581970760918,0.9801256670424296
2025-04-17 14:30:00-04:00,-0.00551666539832385,0.0005739563847581566,5.32663747462282,0.9747186416890476
2025-04-17 15:30:00-04:00,-0.006596624170060239,0.0007480058268347242,5.330621830491275,0.9682887891382734
2025-04-21 09:30:00-04:00,-0.01780863669080035,0.0013099487295134926,5.337604671785643,0.9510448858807349
2025-04-21 10:30:00-04:00,-0.0026121414284318023,0.0005679311861663647,5.340636063938177,0.9485606221340276
2025-04-21 11:30:00-04:00,-0.0046218307630898625,0.00037921766727013633,5.3426613274880825,0.9441765354699929
2025-04-21 12:30:00-04:00,-0.008357853434857065,0.0008946126818235805,5.347440940066342,0.9362852463699036
2025-04-21 13:30:00-04:00,-0.001560769074409274,0.0005898354690914071,5.350595050401664,0.9348239213125438
2025-04-21 14:30:00-04:00,-0.001719565550296731,0.0004890110197320084,5.353211550343434,0.9332164303018614
2025-04-21 15:30:00-04:00,0.012527451364103603,0.001257282296432185,5.359942048454737,0.9449072537446503
2025-04-22 09:30:00-04:00,0.0258273751061342,0.001454152757740414,5.367736222965827,0.9693117278276205
2025-04-22 10:30:00-04:00,0.00030147207167785517,0.0004475420350554609,5.370138510558694,0.9696039482423103
2025-04-22 11:30:00-04:00,0.005124400529078699,0.00043864615178605627,5.372494101150909,0.97457258722768
2025-04-22 12:30:00-04:00,-0.008771915775331318,0.0008534305035360149,5.377079151496898,0.9660237185755721
2025-04-22 13:30:00-04:00,-0.004765183048329846,0.0007190040674844902,5.38094529327801,0.9614204387275312
2025-04-22 14:30:00-04:00,0.006383921007761861,0.0008589969204254132,5.385567508713914,0.9675580708636156
2025-04-22 15:30:00-04:00,0.006645558790068673,0.0006955130305137901,5.389313241092935,0.9739880349063451
2025-04-23 09:30:00-04:00,0.03353339173568903,0.0023654183008845918,5.402061221262616,1.0066491572267335
2025-04-23 10:30:00-04:00,-0.013645966643758722,0.0016107445561601374,5.410762561966809,0.9929124564052497
2025-04-23 11:30:00-04:00,-0.009640132198672546,0.0013404042313821072,5.418015170999873,0.9833406490637944
2025-04-23 12:30:00-04:00,0.010105517846989098,0.001304197938960907,5.425081335219151,0.9932778155425784
2025-04-23 13:30:00-04:00,-0.005006642747686474,0.0005889924287758613,5.428276667051088,0.9883048283709543
2025-04-23 14:30:00-04:00,-0.004135775171586031,0.0006745334113254639,5.431938221028932,0.9842174217998192
2025-04-23 15:30:00-04:00,-0.0017816647350572534,0.0007656117345904561,5.436096976672522,0.9824638763277694
2025-04-24 09:30:00-04:00,-0.022757791645024672,0.002591397265954141,5.450184063515333,0.9601051681315388
2025-04-24 10:30:00-04:00,0.0,0.0005938996526121184,5.453420925937326,0.9601051681315388
2025-04-24 11:30:00-04:00,-0.0006072162230895684,0.00038014691857570014,5.455494027098018,0.9595221766975772
2025-04-24 12:30:00-04:00,0.005787338687534671,0.0006342744463076074,5.458954307551391,0.9650752565123266
2025-04-24 13:30:00-04:00,-0.003105704153693045,0.0005509997790904767,5.461962190168917,0.9620780182795499
2025-04-24 14:30:00-04:00,0.00060759346978978,0.00037715257068241784,5.464022183249909,0.9626625706008848
2025-04-24 15:30:00-04:00,0.007058767937618615,0.0008269580965170543,5.468540700633897,0.9694577822889878
2025-04-25 09:30:00-04:00,-0.011757594548605255,0.0018394381898020943,5.47859974324113,0.9580592907528439
2025-04-25 10:30:00-04:00,0.0006101421143525076,0.0004095725882198171,5.48084362751779,0.9586438430741789
2025-04-25 11:30:00-04:00,0.0025152579171543454,0.0004095725882198171,5.483088430827941,0.9610550795902025
2025-04-25 12:30:00-04:00,-0.002052796129907941,0.00045573816267311653,5.48558728347518,0.9590822294421913
2025-04-25 13:30:00-04:00,0.00792327128177428,0.00086270622284446,5.490319733760591,0.9666812981275907
2025-04-25 14:30:00-04:00,-0.0016628965655961503,0.0003755789924010562,5.492381782514157,0.9650738071169084
2025-04-25 15:30:00-04:00,0.0007570475722318282,0.00012559169184283049,5.49307158003447,0.9658044138996108
2025-04-28 09:30:00-04:00,-0.007716667197688265,0.0014106938123648828,5.500820622123301,0.9583516226594891
2025-04-28 10:30:00-04:00,0.00914910730967633,0.0008930638996223294,5.505733206439218,0.9671196844956033
2025-04-28 11:30:00-04:00,-0.004067742290628229,0.0004300049118321505,5.508100698761225,0.9631856908548815
2025-04-28 12:30:00-04:00,-0.0041085488467494935,0.0002712399311504695,5.509594715615526,0.9592283953955141
2025-04-28 13:30:00-04:00,0.005332091367695746,0.0004384891710844782,5.512010613235388,0.9643430888422512
2025-04-28 14:30:00-04:00,0.0009850347554252181,0.00018628631012435236,5.513037425353893,0.9652930003009149
2025-04-28 15:30:00-04:00,0.0018167095000773958,0.00034430089760162017,5.514935569087954,0.9670466572649198
2025-04-29 09:30:00-04:00,0.003248905598424612,0.0013243524336189773,5.522239287430128,0.9701885005636456
2025-04-29 10:30:00-04:00,0.0010543710719650434,0.0004971431322494897,5.524984630766513,0.971211439252993
2025-04-29 11:30:00-04:00,0.008125201970601736,0.0008350295236334984,5.529598156050824,0.9791027283530824
2025-04-29 12:30:00-04:00,0.0005671942411964448,6.877753045819715e-05,5.529978468156423,0.979658069782144
2025-04-29 13:30:00-04:00,-0.0044453017905825565,0.0005099861336089696,5.532798680494338,0.9753031940103828
2025-04-29 14:30:00-04:00,0.002472294288413668,0.00012909682232572028,5.533512947222558,0.9777144305264063
2025-04-29 15:30:00-04:00,0.0051565836185305525,0.0006792792120825054,5.537271747537395,0.9827560967424597
2025-04-30 09:30:00-04:00,-0.021858754211198872,0.002438124706644687,5.550772306592472,0.9612742727742091
2025-04-30 10:30:00-04:00,0.009577453549767911,0.0008210688204124207,5.5553298726626235,0.9704808324702909
2025-04-30 11:30:00-04:00,-0.004065716873540737,0.0003280422341679582,5.557152255485592,0.9665351321742686
2025-04-30 12:30:00-04:00,0.00211671289598403,0.00041938766372021476,5.559482856586958,0.9685810095529634
2025-04-30 13:30:00-04:00,-0.0016596350690628592,0.0005683533059675142,5.562642607047969,0.9669735185422811
2025-04-30 14:30:00-04:00,0.0004533592281548149,0.00037436102523333466,5.56472504363735,0.9674119049102936
2025-04-30 15:30:00-04:00,0.009818754619990377,0.0014839614717287106,5.572982881202872,0.9769106850210653
2025-05-01 09:30:00-04:00,0.005983568212552193,0.0010498085840395244,5.578833446470265,0.9827560967424599
2025-05-01 10:30:00-04:00,-0.003568741468691905,0.0004396434221428118,5.581286143898235,0.9792488943064053
2025-05-01 11:30:00-04:00,-0.007161679741914506,0.000601462183021238,5.584643076446411,0.9722358273377589
2025-05-01 12:30:00-04:00,-0.001955452337110697,0.0002669104388145717,5.586133675980569,0.9703346665169685
2025-05-01 13:30:00-04:00,-0.002635588068316652,0.0005212245008002843,5.589045305717236,0.9677772640476224
2025-05-01 14:30:00-04:00,0.00098153934169809,0.00026046470456893474,5.590501054751612,0.9687271755062861
2025-05-01 15:30:00-04:00,-0.0037713078374908005,0.0004650465734983364,5.593100898111263,0.9650738071169089
2025-05-02 09:30:00-04:00,0.01075104595138976,0.0011097519858105321,5.599307852939781,0.9754493599637055
2025-05-02 10:30:00-04:00,-0.00022470995727996712,0.00018963305561826363,5.600369666797281,0.9752301667796993
2025-05-02 11:30:00-04:00,0.0063685179871249,0.0006952528648507183,5.604263339852345,0.9814409376384227
2025-05-02 12:30:00-04:00,-0.005955948541804257,0.0005991873984069932,5.607621343822939,0.9755955259170281
2025-05-02 13:30:00-04:00,0.004194109801337387,0.00037568261991890615,5.609728029700899,0.9796872806744177
2025-05-02 14:30:00-04:00,0.0037291168941808728,0.0002837637521733682,5.611319867175279,0.9833406490637948
2025-05-02 15:30:00-04:00,-0.0031208066817576263,0.0003507222430885051,5.613287881865782,0.9802718329957526
2025-05-05 09:30:00-04:00,-0.009540837390856316,0.0015304966672271085,5.621879000261164,0.9709192188383035
2025-05-05 10:30:00-04:00,-0.0017309676239926075,0.0002965793724506022,5.623546333607054,0.9692385891049822
2025-05-05 11:30:00-04:00,0.0012816693219530606,0.00024412385296337184,5.624919175405332,0.970480832470291
2025-05-05 12:30:00-04:00,-0.005270382234827675,0.0004414414273332625,5.627402247754757,0.9653660275315988
2025-05-05 13:30:00-04:00,0.005903714866209553,0.0003967994620801453,5.629635197939575,0.9710652732996709
2025-05-05 14:30:00-04:00,-0.003084939218579996,0.0003726414697368503,5.631733033473818,0.9680695959542676
2025-05-05 15:30:00-04:00,-0.002037921814976973,0.0001475683560035208,5.632564099059018,0.9660967458062564
2025-05-06 09:30:00-04:00,-0.0033278054556344916,0.0012432275983680456,5.639566658196546,0.9628817637848915
2025-05-06 10:30:00-04:00,0.011686208523199682,0.0011264929519129044,5.645919590288846,0.9741342008596681
2025-05-06 11:30:00-04:00,-0.001800221121953549,0.0003252218681581956,5.647755766805471,0.9723805438956632
2025-05-06 12:30:00-04:00,-0.0006011559209042616,0.0003524139885777408,5.649746114941764,0.9717959915743282
2025-05-06 13:30:00-04:00,0.002530779157366103,0.00016810690082084986,5.6506958762515715,0.9742553926150164
2025-05-06 14:30:00-04:00,-0.0007994647042512959,3.996405631139736e-05,5.650921700979769,0.9734765098156942
2025-05-06 15:30:00-04:00,-0.0012008437172623676,0.00023546951996906315,5.652252320800081,0.9723075166649795
2025-05-07 09:30:00-04:00,0.014052716722494418,0.002211082850709634,5.664749918974486,0.9859710787638245
2025-05-07 10:30:00-04:00,0.002667856853699746,0.0006142765070214829,5.668229641767864,0.9886015084638543
2025-05-07 11:30:00-04:00,0.0016260252456827828,0.0005234154997396985,5.67119648101845,0.9902089994745367
2025-05-07 12:30:00-04:00,0.0007378308852878934,0.00011697517942617366,5.671859870244378,0.990939606257239
2025-05-07 13:30:00-04:00,-0.005013955908151124,0.0007181032554343479,5.675932851281568,0.9859710787638245
2025-05-07 14:30:00-04:00,-0.005706271368975946,0.0007451263980482807,5.680162138682608,0.9803448602264362
2025-05-07 15:30:00-04:00,0.003801106907624474,0.00044633196746167003,5.682697376625468,0.984071255846497
2025-05-08 09:30:00-04:00,0.010543610817924653,0.0014893884601908547,5.69116112052097,0.9944469201852488
2025-05-08 10:30:00-04:00,0.0060249230613995675,0.0008557203122011029,5.696031162691809,1.0004383863680106
2025-05-08 11:30:00-04:00,0.0073765302391379794,0.0007896671175718961,5.700529131201652,1.0078181503774486
2025-05-08 12:30:00-04:00,0.002537563416959987,0.00040724089262756606,5.702850619773493,1.0103755528467946
2025-05-08 13:30:00-04:00,-0.004989893314271243,0.0005466193799614845,5.705967908443286,1.0053338866307413
2025-05-08 14:30:00-04:00,0.0005814509280037683,0.0005854447798295455,5.709308437569159,1.0059184389520763
2025-05-08 15:30:00-04:00,-0.0071184407683105855,0.00071164347439881,5.713371429662085,0.9987578681266446
2025-05-09 09:30:00-04:00,0.020996379149365696,0.0017529925548146472,5.723386927241172,1.0197281670042437
2025-05-09 10:30:00-04:00,-0.0004299051278541244,0.0007100928233445644,5.72745106322343,1.0192897806362313
2025-05-09 11:30:00-04:00,0.007813593820004572,0.0008481666169083646,5.732308896015233,1.0272540969670043
2025-05-09 12:30:00-04:00,-0.005903704763316697,0.000642441591448019,5.735991569665061,1.0211894920616036
2025-05-09 13:30:00-04:00,0.0020049543027853556,0.0006344910790142586,5.739631005145315,1.0232369303276716
2025-05-09 14:30:00-04:00,0.003854571010631691,0.00027725765484203383,5.74122236177746,1.0271810697363204
2025-05-09 15:30:00-04:00,0.000284487733759331,0.00021275394599385385,5.742443829489757,1.0274732901510102
2025-05-12 09:30:00-04:00,-0.0069335149948913655,0.001663518902411708,5.75199649334615,1.020349288686898
2025-05-12 10:30:00-04:00,-0.01507401569640865,0.0014587111554598196,5.76038699479716,1.0049685274934121
2025-05-12 11:30:00-04:00,0.0068343935385448695,0.0007993518136069638,5.764991570588529,1.011836877904154
2025-05-12 12:30:00-04:00,0.0004332579465975428,0.000604594603480422,5.768477053381217,1.0122752642721664
2025-05-12 13:30:00-04:00,-0.0007939989582962381,0.00035544743997971157,5.770527443782422,1.0114715187668253
2025-05-12 14:30:00-04:00,0.013147492743725175,0.0014524198128350878,5.778908672172281,1.0247698332202968
2025-05-12 15:30:00-04:00,-0.006060649579434085,0.0009037114300830753,5.78413113799273,1.0185590623615735
2025-05-13 09:30:00-04:00,0.024533813324798315,0.0022147413932557835,5.796941492648062,1.0435482002578338
2025-05-13 10:30:00-04:00,0.0049012527121155,0.0006643562673062041,5.80079272705991,1.0486628937045708
2025-05-13 11:30:00-04:00,0.001532895862276229,0.0005105568129485526,5.803754361307213,1.050270384715253
2025-05-13 12:30:00-04:00,0.00646996410352485,0.0006454031192175523,5.807500122475173,1.057065596403356
2025-05-13 13:30:00-04:00,-0.004492941900264058,0.0005686718334474269,5.810802684217568,1.0523162620939477
2025-05-13 14:30:00-04:00,0.0022218584636639616,0.00017435601034445408,5.8118158325904865,1.0546543598873324
2025-05-13 15:30:00-04:00,-0.0008313365680472362,0.00018807868797680408,5.812908911287043,1.0537775871513075
2025-05-14 09:30:00-04:00,-0.014353122359574644,0.001195553993716069,5.81985855775104,1.0386525885031475
2025-05-14 10:30:00-04:00,0.0024622308726267583,0.0005813879187405975,5.823242153205296,1.0412099909724937
2025-05-14 11:30:00-04:00,-0.0011228327165569985,0.00027005871371514514,5.824814770490843,1.0400408863298238
2025-05-14 12:30:00-04:00,0.005198858453019817,0.0004862234380910797,5.827646931954795,1.0454479116832058
2025-05-14 13:30:00-04:00,0.006499808945203744,0.0007061042600598781,5.831761858279572,1.052243123371309
2025-05-14 14:30:00-04:00,0.0,0.0005437989923609532,5.834933164501793,1.052243123371309
2025-05-14 15:30:00-04:00,0.0027081411327316562,0.0004544379725557895,5.837584779699068,1.0550927462553448
2025-05-15 09:30:00-04:00,0.024515295668638304,0.0021192422855813554,5.849956036209872,1.0809586568876302
2025-05-15 10:30:00-04:00,-0.003312190652140501,0.0006378312394425676,5.853687320919133,1.0773783157289365
2025-05-15 11:30:00-04:00,0.0026449603100726637,0.0006009181165519591,5.857204907678904,1.0802279386129725
2025-05-15 12:30:00-04:00,0.002435069123843725,0.0004825440224705071,5.860031266895489,1.0828583683130024
2025-05-15 13:30:00-04:00,0.0022941723676914716,0.00010324266883779277,5.860636272162957,1.0853426320597095
2025-05-15 14:30:00-04:00,0.005183817875753283,0.00041778010550921473,5.863084729403091,1.0909688505970978
2025-05-15 15:30:00-04:00,-0.001272536631927057,0.0004973370988186153,5.86600065895254,1.0895805527704217
2025-05-16 09:30:00-04:00,-0.0069742041321522175,0.0010269987876705528,5.872025034517759,1.0819815955769774
2025-05-16 10:30:00-04:00,0.002701201320491231,0.0003529009087164098,5.874097277488446,1.084904245691697
2025-05-16 11:30:00-04:00,0.00363691110223896,0.00039203773306378613,5.876400145268909,1.0888499459877194
2025-05-16 12:30:00-04:00,0.002147309463530922,0.00039005289420269355,5.878692252153065,1.091188043781104
2025-05-16 13:30:00-04:00,0.00013395120497849966,0.0002757004635909624,5.880313010332292,1.0913342097344265
2025-05-16 14:30:00-04:00,0.001941572609452047,0.0002216374662271065,5.881616308008525,1.0934531143438049
2025-05-16 15:30:00-04:00,0.002071585900613293,0.0002008056885419131,5.8827973700209935,1.0957182963984613
2025-05-19 09:30:00-04:00,-0.017089924386781585,0.0012788634567693186,5.8903206646010915,1.0769925535637985
2025-05-19 10:30:00-04:00,-0.001880676281542648,0.0004655422657576402,5.893062857829329,1.0749670792129131
2025-05-19 11:30:00-04:00,0.00013597249269214906,0.0002757029840187128,5.894687592844243,1.0751132451662357
2025-05-19 12:30:00-04:00,0.006456415333579324,0.0006272316626296954,5.898384927543786,1.0820546228076613
2025-05-19 13:30:00-04:00,-0.0028361008800825704,0.000300781965199283,5.900159055353794,1.078985806739619
2025-05-19 14:30:00-04:00,-0.0014898166413697123,6.437946723487721e-05,5.900538904450379,1.0773783157289365
2025-05-19 15:30:00-04:00,0.0014242571598079845,5.062510287034421e-05,5.900837619839407,1.0789127795089353
2025-05-20 09:30:00-04:00,0.012461034080028188,0.0016518481547784227,5.910584907573385,1.092357148423774
2025-05-20 10:30:00-04:00,-0.0004013214621655381,0.00020853272045420233,5.911817457923637,1.0919187620557615
2025-05-20 11:30:00-04:00,-0.004884874970644382,0.00037714287498990715,5.914047057756134,1.0865848754250185
2025-05-20 12:30:00-04:00,0.0026897577730193856,0.0002761895009758485,5.915680455461763,1.0895075255397382
2025-05-20 13:30:00-04:00,-0.005096871462175967,0.00036466548057853337,5.917837699918002,1.0839544457249888
2025-05-20 14:30:00-04:00,-0.0012134002505177488,8.310422351472365e-05,5.91832949722494,1.0826391751289963
2025-05-20 15:30:00-04:00,0.004386914782385842,0.00032511028312379295,5.920253607003404,1.0873886209303598
2025-05-21 09:30:00-04:00,-0.017269232614803842,0.0014478437162222149,5.928825208986745,1.0686102538928226
2025-05-21 10:30:00-04:00,-0.005538444845085477,0.0008849425673649146,5.934071878788644,1.0626918149407445
2025-05-21 11:30:00-04:00,-0.007838279500220091,0.0009251783716286479,5.939561953746589,1.0543621394726428
2025-05-21 12:30:00-04:00,-0.0037422628794275825,0.0007988917902509296,5.944307021029123,1.0504164391766204
2025-05-21 13:30:00-04:00,-0.005286550750388308,0.0009009698331373664,5.949662662333977,1.044863359361871
2025-05-21 14:30:00-04:00,0.000629345020214167,0.000154944567164168,5.950584530239966,1.0455209389138898
2025-05-21 15:30:00-04:00,-0.0002794974292847918,0.00045519093427776806,5.953293182371785,1.0452287184992
2025-05-22 09:30:00-04:00,-0.08164982653194564,0.005004460966542752,5.983086205725349,0.9598859749475325
2025-05-22 10:30:00-04:00,-0.01887794640874274,0.002761138067003414,5.99960633280614,0.9417652989539692
2025-05-22 11:30:00-04:00,0.011249879394123363,0.0014573897184731615,6.008350097390458,0.9523600449847719
2025-05-22 12:30:00-04:00,0.015574641985061533,0.0019743323821254876,6.020212577550883,0.9671927117262868
2025-05-22 13:30:00-04:00,-0.004230547550432284,0.0009186664994312556,6.0257431451653325,0.9631009569688972
2025-05-22 14:30:00-04:00,0.01024206151673357,0.0010838886784817706,6.032274379939817,0.9729650962169976
2025-05-22 15:30:00-04:00,0.005407038156368005,0.0009711693651163685,6.0381327400195905,0.9782259556170572
2025-05-23 09:30:00-04:00,-0.0077682141245229985,0.0014301561952045551,6.046768212965198,0.9706268869316578
2025-05-23 10:30:00-04:00,0.0012044840900355958,0.0009454440241346431,6.052485093837472,0.9717959915743277
2025-05-23 11:30:00-04:00,0.00436091602296762,0.0004076387348774962,6.054952321203989,0.9760339122850399
2025-05-23 12:30:00-04:00,0.010452121866068254,0.0010368589632993776,6.061230452790579,0.9862355376816585
2025-05-23 13:30:00-04:00,0.003513192701621204,0.0005756142515004617,6.064719383420835,0.9897003731747211
2025-05-23 14:30:00-04:00,-0.001553248963571341,0.00026512578939266024,6.066327296934809,0.9881631220958413
2025-05-23 15:30:00-04:00,0.001922467437707187,0.0003093208417197068,6.068203738400445,0.9900628335212137
2025-05-27 09:30:00-04:00,-0.001475992237949697,0.001127241488605763,6.075044069415682,0.988601508463854
2025-05-27 10:30:00-04:00,0.007169262371206742,0.0006244958387672552,6.07883790915736,0.9956890520586021
2025-05-27 11:30:00-04:00,-0.004256269265942247,0.00037295676840974244,6.0811050528996455,0.99145113134789
2025-05-27 12:30:00-04:00,-0.0010317590620494421,0.000212794886832338,6.082399080961192,0.9904281926585426
2025-05-27 13:30:00-04:00,0.00516412344140571,0.000528174926293052,6.085611651647464,0.9955428861052797
2025-05-27 14:30:00-04:00,0.0013930574469609436,0.00012262972991116384,6.086357928560649,0.9969297345365377
2025-05-27 15:30:00-04:00,-0.002490460726846777,0.000343163171438109,6.088446542449922,0.9944469201852486
2025-05-28 09:30:00-04:00,-0.004126375505216107,0.0006620993513932675,6.09247769895667,0.9903434587725586
2025-05-28 10:30:00-04:00,-0.005521778704428715,0.0005098541326762111,6.095583973889721,0.984875001351838
2025-05-28 11:30:00-04:00,-0.0028933853332906434,0.00032723922997079295,6.097578688095559,0.982025378467802
2025-05-28 12:30:00-04:00,0.0019345965582799884,0.00015334990023525106,6.0985137511790555,0.9839252013851294
2025-05-28 13:30:00-04:00,-0.003935829235730215,0.00032110249271010273,6.100471999146386,0.9800526398117461
2025-05-28 14:30:00-04:00,0.004033403015854642,0.0005824457350464976,6.104025193044059,0.9840055870848591
2025-05-28 15:30:00-04:00,-0.0018638539128298381,0.0002086659401116476,6.105298895199431,0.9821715444211245
2025-05-29 09:30:00-04:00,0.01711057196167398,0.0025037037705002295,6.120584755063373,0.9989770613106507
2025-05-29 10:30:00-04:00,0.0020479723288246987,0.0005610078415953196,6.124018451106113,1.0010229386893454
2025-05-29 11:30:00-04:00,0.0,0.0003990590896283876,6.126462296334078,1.0010229386893454
2025-05-29 12:30:00-04:00,0.0056934217466926285,0.0005345681564132664,6.129737307989165,1.0067221844574175
2025-05-29 13:30:00-04:00,-0.0007983786567437035,0.00019237994140079606,6.130916546493278,1.0059184389520763
2025-05-29 14:30:00-04:00,0.00023242304851911477,0.000169949943358575,6.13195849541309,1.0061522375822192
2025-05-29 15:30:00-04:00,0.0022367043798183772,0.00019149806781559867,6.133132753616888,1.0084027026987834
2025-05-30 09:30:00-04:00,0.0033331405852958795,0.0011682432460460152,6.140297744533404,1.0117638506734707
2025-05-30 10:30:00-04:00,0.005705158367650176,0.0006128654373800216,6.144060920796251,1.0175361236722265
2025-05-30 11:30:00-04:00,0.0008359134449922312,0.0003091661339030007,6.1459604563575985,1.0183866957987693
2025-05-30 12:30:00-04:00,0.004330660732029035,0.0005007978402005248,6.1490383400801,1.0227969830722858
2025-05-30 13:30:00-04:00,0.001500262325167867,0.00047071172482571894,6.1519327645231785,1.0243314468522846
2025-05-30 14:30:00-04:00,0.0040154592787673415,0.0004978038762041056,6.154995220499504,1.0284446080650809
2025-05-30 15:30:00-04:00,0.0030341321436748725,0.00041010259359904847,6.157519400003021,1.0315650449084002
2025-06-02 09:30:00-04:00,-0.013812133796609172,0.001151743498749883,6.1646112829404,1.0173169304882201
2025-06-02 10:30:00-04:00,0.0029447940436033715,0.0005440324467050382,6.167965031499643,1.0203127193255788
2025-06-02 11:30:00-04:00,0.003150977107773123,0.0006439973509667794,6.171937184640785,1.0235277013469435
2025-06-02 12:30:00-04:00,-0.0019488505964359026,0.0001214028561175141,6.172686475442779,1.021532998775705
2025-06-02 13:30:00-04:00,0.002381801608138945,0.00042973353189923946,6.175339085803178,1.023966087714956
2025-06-02 14:30:00-04:00,-0.002854245028018232,0.00016442495833940063,6.176354465675093,1.0210434376002362
2025-06-02 15:30:00-04:00,0.004150578275761374,0.00021419824645433128,6.177677429971121,1.0252813583109484
2025-06-03 09:30:00-04:00,0.009549574315474985,0.0011859745921829817,6.185003998441768,1.03507235883641
2025-06-03 10:30:00-04:00,-0.003106045672960356,0.0006622525785130938,6.1891000332878505,1.0318573768150452
2025-06-03 11:30:00-04:00,0.0002421395410954208,0.00035104116035353824,6.19127266214508,1.0321072302867431
2025-06-03 12:30:00-04:00,0.003651630319420507,0.00038667739177004705,6.193666687309815,1.0358761043417513
2025-06-03 13:30:00-04:00,-0.00402064828271631,0.0007562642637384491,6.198350736086934,1.0317112108617228
2025-06-03 14:30:00-04:00,0.0006373678458619914,9.000371575359662e-05,6.198908610684726,1.0323687904137413
2025-06-03 15:30:00-04:00,0.004317365980166965,0.0004761723972521451,6.201860359858223,1.0368259043084598
2025-06-04 09:30:00-04:00,-0.008033822682755432,0.0014866309067522656,6.2110802371485505,1.028496228840358
2025-06-04 10:30:00-04:00,0.004973090610608466,0.0007013835144751649,6.2154365864339685,1.0336110337790503
2025-06-04 11:30:00-04:00,-0.0005655438092584397,0.00023758451317520932,6.216913277909528,1.0330264814577153
2025-06-04 12:30:00-04:00,0.0001413850118936466,0.00019536681799412422,6.218127856474379,1.0331725359190826
2025-06-04 13:30:00-04:00,-0.0026873383339861556,0.0005208001251240094,6.221366258240068,1.0303960517576856
2025-06-04 14:30:00-04:00,-0.003474723289735082,0.00047550533921985054,6.224324551113103,1.0268157105989921
2025-06-04 15:30:00-04:00,-0.0059062252776235225,0.00051387777479191,6.227523093163012,1.0207511056935914
2025-06-05 09:30:00-04:00,0.004867630275054768,0.0006990576000923997,6.2318764905110395,1.0257197446789612
2025-06-05 10:30:00-04:00,-0.0007123956406691612,0.00024212731660644434,6.23338539804311,1.0249890264043036
2025-06-05 11:30:00-04:00,0.003136601406010131,0.0003407013224428827,6.2355091206915185,1.0282040084256683
2025-06-05 12:30:00-04:00,0.006537792502591122,0.0005365499769118956,6.23885478296626,1.0349261928830877
2025-06-05 13:30:00-04:00,0.00974304496441114,0.0008260782236792192,6.244008565043166,1.0450095253151945
2025-06-05 14:30:00-04:00,-0.0018179957898034615,0.0007980058200322333,6.248991320218402,1.043109702397867
2025-06-05 15:30:00-04:00,0.0015410565226141593,0.0004639852649640778,6.2518907601118725,1.0447171934085493
2025-06-06 09:30:00-04:00,0.007133894970906551,0.0007330801004077406,6.256473896818034,1.0521700961406262
2025-06-06 10:30:00-04:00,-0.0004166497124565849,0.0003145610506484429,6.258441939820372,1.0517317097726138
2025-06-06 11:30:00-04:00,0.0011810349177567847,0.00030055703492357566,6.260322958573045,1.0529738416459673
2025-06-06 12:30:00-04:00,-6.935331894808439e-05,0.0002029749390849063,6.261593647244213,1.0529008144152836
2025-06-06 13:30:00-04:00,-6.946401943808134e-05,3.601023438330809e-05,6.261819128699063,1.0528276756926447
2025-06-06 14:30:00-04:00,0.0015726856973179437,3.556201543725081e-05,6.262041811607584,1.054483442719947
2025-06-06 15:30:00-04:00,-0.0002536495024864083,7.729566343267063e-06,6.262090214475211,1.0542159735193208
2025-06-09 09:30:00-04:00,-0.001940662473425614,0.0010678559982771547,6.2687772250724905,1.052170096140626
2025-06-09 10:30:00-04:00,-0.0011805428398979911,0.00015429817493985184,6.269744485957424,1.0509279642672724
2025-06-09 11:30:00-04:00,0.0032677550908690733,0.00029986202045487176,6.271624544206719,1.0543621394726435
2025-06-09 12:30:00-04:00,0.003326373647871028,0.00027036586844141606,6.273320177423151,1.0578693419086982
2025-06-09 13:30:00-04:00,-0.0022793330144845747,0.00019438993904983537,6.274539647750079,1.0554581053926746
2025-06-09 14:30:00-04:00,-0.0017998927817844956,0.00024333570294150805,6.276066467265898,1.0535583939673023
2025-06-09 15:30:00-04:00,-0.0024273950869642125,0.0003133579502815413,6.278033122589912,1.0510009914979561
2025-06-10 09:30:00-04:00,0.0038237143059001166,0.0006582540589375994,6.282165663375001,1.055019719024662
2025-06-10 10:30:00-04:00,0.008241584918876166,0.0006692614467363273,6.286370074655508,1.0637147536300926
2025-06-10 11:30:00-04:00,0.00020606387497990042,0.00016342356423156275,6.287397415659187,1.063933946814099
2025-06-10 12:30:00-04:00,-0.002678383270473761,0.00024672634448516756,6.288948682239878,1.061084323930063
2025-06-10 13:30:00-04:00,-0.001652702734792788,0.0005100851648815482,6.292156581665391,1.059330666966058
2025-06-10 14:30:00-04:00,0.003310877365662268,0.00032370072522882275,6.294193357314129,1.0628379808940678
2025-06-10 15:30:00-04:00,0.0009624596671704566,0.0002468184650911471,6.295746880457569,1.0638609195834152
2025-06-11 09:30:00-04:00,0.004951875080826618,0.0005187616946201629,6.2990128727781745,1.0691290259605657
2025-06-11 10:30:00-04:00,-0.000895269338417326,0.0003678150712296222,6.301329744646652,1.0681718675248113
2025-06-11 11:30:00-04:00,-0.003215002482071294,0.0005415048539239419,6.304741945289553,1.0647376923194403
2025-06-11 12:30:00-04:00,0.0031566802856488607,0.00030702670089360884,6.306677669409001,1.0680987288021724
2025-06-11 13:30:00-04:00,-0.0012313085565714976,0.0004964388084371333,6.3098085489564,1.0667835696981351
2025-06-11 14:30:00-04:00,-0.0013013865849743622,0.00015421945131630693,6.31078164416873,1.065395271871459
2025-06-11 15:30:00-04:00,0.0014402765062992984,0.00020474127285462242,6.312073721635264,1.0669297356514578
2025-06-12 09:30:00-04:00,0.018216602694771877,0.0013874823880681824,6.320831612756221,1.0863655707490583
2025-06-12 10:30:00-04:00,-0.01177024540091376,0.0011671668451247884,6.328209077848246,1.073578781386238
2025-06-12 11:30:00-04:00,0.0007486600138495447,0.00026969296289425595,6.329915751304266,1.0743825268915792
2025-06-12 12:30:00-04:00,0.0014961998826741318,0.0001259026674901591,6.330712704582344,1.0759900179022615
2025-06-12 13:30:00-04:00,0.00482145009067092,0.0003282755242399283,6.332790922614253,1.0811778500716374
2025-06-12 14:30:00-04:00,0.0030411363420279613,0.0003403965460756109,6.334946582771329,1.0844658593236858
2025-06-12 15:30:00-04:00,-0.004851106519241144,0.0004415646928068119,6.337743871513099,1.0792049999236262
2025-06-13 09:30:00-04:00,0.001963497297995831,0.0010726813344684803,6.344542251066714,1.0813240160249598
2025-06-13 10:30:00-04:00,-0.0018244764000188152,0.0005480972548125117,6.3480196772575646,1.0793511658769486
2025-06-13 11:30:00-04:00,-0.001895469651929771,0.00017935074997746633,6.349158199347552,1.0773052884982537
2025-06-13 12:30:00-04:00,0.0010852120147852862,0.0001724816616542923,6.350253312703882,1.0784743931409237
2025-06-13 13:30:00-04:00,0.010365844959544512,0.0011941687736676308,6.357836586914792,1.0896536914930615
2025-06-13 14:30:00-04:00,0.008100264964519877,0.0008964028969257947,6.3635357700494835,1.0984801751137225
2025-06-13 15:30:00-04:00,-0.005041942944522648,0.0006675362462431533,6.3677836608302565,1.0929417007451099
2025-06-16 09:30:00-04:00,0.0002673705418052563,0.0008546704334413652,6.373226017251719,1.0932339211597997
2025-06-16 10:30:00-04:00,-0.0048121991993062,0.0007577763180385193,6.378055496997098,1.08797306175974
2025-06-16 11:30:00-04:00,-0.008059079902155153,0.0009046887544111585,6.383825652080241,1.079204999923626
2025-06-16 12:30:00-04:00,-0.0033852404220103827,0.0005812412086769248,6.38753619461824,1.0755516315342488
2025-06-16 13:30:00-04:00,-0.006453783749575948,0.0006857416920975492,6.391916394496672,1.0686102538928233
2025-06-16 14:30:00-04:00,-0.005538444845085477,0.0007055306961842298,6.396426087720433,1.0626918149407452
2025-06-16 15:30:00-04:00,0.014988948289240467,0.0014306754506517169,6.405577297496042,1.0786204476022911
2025-06-17 09:30:00-04:00,-0.005554749306005191,0.004200646637127366,6.432484864229628,1.0726289814195293
2025-06-17 10:30:00-04:00,-0.006880175372127817,0.0008945347115790859,6.438238945222389,1.0652491059181362
2025-06-17 11:30:00-04:00,-6.855413468820348e-05,0.00039029490080032454,6.440751757052844,1.0651760786874525
2025-06-17 12:30:00-04:00,-0.016326004271791095,0.0016743346343169993,6.451535730790717,1.0477860094765914
2025-06-17 13:30:00-04:00,0.004881535821658067,0.0005662877604530675,6.455189156511189,1.0529008144152836
2025-06-17 14:30:00-04:00,0.0015267259638078734,0.00029289559797515566,6.457079852999227,1.0545083054259659
2025-06-17 15:30:00-04:00,-0.004018859490158566,0.00037605013452377694,6.459508038746578,1.0502703847152537
2025-06-18 09:30:00-04:00,-0.005078690402324004,0.0011480664248756742,6.466923983047078,1.0449363865925552
2025-06-18 10:30:00-04:00,0.0016782427968877744,0.00029624817867834484,6.468839797498707,1.04669004355656
2025-06-18 11:30:00-04:00,0.001047077811409336,0.00023274593334166193,6.470345393655014,1.0477860094765912
2025-06-18 12:30:00-04:00,0.002106010920356116,6.453367570020651e-05,6.470762948826317,1.0499926582547452
2025-06-18 13:30:00-04:00,0.003047999002724122,0.0002308214171429008,6.472256539500161,1.0531930348299734
2025-06-18 14:30:00-04:00,-0.003885094775669673,0.000495216925375142,6.475461710483891,1.0491012800725839
2025-06-18 15:30:00-04:00,-0.002925185705454414,0.00030187630264059484,6.477416498922943,1.0460324640045415
2025-06-20 09:30:00-04:00,0.005308706953023767,0.0008567326408073834,6.482965913065674,1.051585543819291
2025-06-20 10:30:00-04:00,0.005141783647713671,0.0006730061315317539,6.487328988875678,1.0569925691726731
2025-06-20 11:30:00-04:00,-0.00428598341131492,0.0006859349509607557,6.491778874567529,1.052462316555316
2025-06-20 12:30:00-04:00,0.0025688030631989545,0.0001606132149468617,6.4928215400432965,1.0551658849779848
2025-06-20 13:30:00-04:00,0.00020773338782720252,5.61849467677728e-05,6.493186338875896,1.055385078161991
2025-06-20 14:30:00-04:00,-0.004569396641883272,0.0003065123929423244,6.495176580958445,1.0505626051299437
2025-06-20 15:30:00-04:00,-0.004729396867119484,0.0003962549114750932,6.497750326579547,1.0455940776365293
2025-06-23 09:30:00-04:00,-0.004612184723681523,0.0014029013074078184,6.506866029007915,1.0407716046044824
2025-06-23 10:30:00-04:00,-0.007722592562915187,0.0007371819909625693,6.511662773462105,1.0327341495510705
2025-06-23 11:30:00-04:00,-0.0026177665683744245,0.0005594790426272952,6.515305912316514,1.030030692620357
2025-06-23 12:30:00-04:00,0.003759656485120555,0.0007225768847910499,6.520013721766096,1.0339032541937405
2025-06-23 13:30:00-04:00,-0.004946974899238121,0.0006632287588600683,6.524337982374535,1.0287885607470035
2025-06-23 14:30:00-04:00,0.0066761535584676235,0.000593197692205363,6.5282082046088465,1.0356569111577454
2025-06-23 15:30:00-04:00,-0.001975439314558125,0.00013917166402263286,6.529116746207769,1.0336110337790505
2025-06-24 09:30:00-04:00,0.008765659377375501,0.0008827485409447115,6.534880314489141,1.0426713160298546
2025-06-24 10:30:00-04:00,-0.0005606295218332225,0.000206135291635345,6.53622738394857,1.0420867637085196
2025-06-24 11:30:00-04:00,0.0004206812554190531,0.0002911332442478979,6.5381302970320005,1.042525150076532
2025-06-24 12:30:00-04:00,0.0016821243726121704,0.00013603732442418344,6.539019726784345,1.0442788070405369
2025-06-24 13:30:00-04:00,-0.002029060242430214,0.0001361892354895626,6.539910270881788,1.0421599024311585
2025-06-24 14:30:00-04:00,0.003575646703896318,0.0002900910009517114,6.5418074399984025,1.0458862980512194
2025-06-24 15:30:00-04:00,-0.002375271338133089,0.00015676244908711443,6.542832949754152,1.043402034304512
2025-06-25 09:30:00-04:00,-0.008277358618186348,0.001201568467890412,6.550694611517251,1.0347654214836284
2025-06-25 10:30:00-04:00,-0.006199711520548767,0.0006221037674448054,6.554769823314456,1.028350174378991
2025-06-25 11:30:00-04:00,0.004405251477822336,0.00047994407124376636,6.557915746229523,1.0328803155043929
2025-06-25 12:30:00-04:00,-0.0029018253013303186,0.00011172685825897805,6.558648441552576,1.029883077271616
2025-06-25 13:30:00-04:00,-0.0032621053413307566,0.0003259082495763601,6.560785959185749,1.0265234901843021
2025-06-25 14:30:00-04:00,0.002064155988284355,8.433974581013753e-05,6.561339294205861,1.0286423947936807
2025-06-25 15:30:00-04:00,-0.0005682755487170787,0.00016943214434890012,6.562450995992278,1.0280578424723457
2025-06-26 09:30:00-04:00,0.0019900411184790023,0.001086304398125743,6.569579815371709,1.0301037198510405
2025-06-26 10:30:00-04:00,0.001986088720260737,0.00038036100227639886,6.572078627334818,1.0321495972297354
2025-06-26 11:30:00-04:00,0.002973227985825666,0.00023800431213046218,6.573642810387784,1.0352184132977775
2025-06-26 12:30:00-04:00,-0.0020468188955685696,0.00023770587313639319,6.575205403891714,1.0330995086883992
2025-06-26 13:30:00-04:00,-0.002970494170438931,0.0003377065837721694,6.577425894046263,1.0300306926203568
2025-06-26 14:30:00-04:00,0.003830554596416569,0.0002177113230816565,6.578857874140128,1.033976281424424
2025-06-26 15:30:00-04:00,0.003674682302639898,0.0003076759014690216,6.58088203016719,1.0377758157671237
2025-06-27 09:30:00-04:00,0.004435717019131147,0.0009131806678133238,6.586891564414299,1.0423790956151646
2025-06-27 10:30:00-04:00,-0.0046264099619161,0.0005167481099544162,6.590295328180685,1.0375566225831174
2025-06-27 11:30:00-04:00,0.0025352155658560083,0.00033513204112094414,6.592503947305607,1.0401870522831471
2025-06-27 12:30:00-04:00,-0.0033717036069200734,0.0002430881553117994,6.594106506929043,1.0366798498470924
2025-06-27 13:30:00-04:00,-0.005920577726040488,0.0005354973655657804,6.597637633591764,1.0305421062190527
2025-06-27 14:30:00-04:00,0.0019853520378285694,0.0003033545158491875,6.599639056761851,1.0325880950897028
2025-06-27 15:30:00-04:00,0.003651225475482134,0.0004637028941600524,6.602699328492884,1.0363583070481739
2025-06-30 09:30:00-04:00,-0.04189066721862644,0.0016145096203512396,6.613359450079022,0.9929445660883598
2025-06-30 10:30:00-04:00,-0.003049413455573413,0.0015845390582128257,6.6238385764336725,0.9899166675678914
2025-06-30 11:30:00-04:00,0.0032477299622235556,0.000910423766479767,6.629869076498984,0.9931316495892561
2025-06-30 12:30:00-04:00,0.009270118627207502,0.0010289632138158235,6.636690967891117,1.002338097793383
2025-06-30 13:30:00-04:00,0.009768272840243952,0.0011769180264421914,6.644501809127155,1.0121292098107997
2025-06-30 14:30:00-04:00,0.0018047934759535256,0.0004903111847835125,6.647759682681484,1.0139558940054882
2025-06-30 15:30:00-04:00,0.0005043746002362237,0.000281926388485308,6.649633861560341,1.0144673076041844
2025-07-01 09:30:00-04:00,-0.012964585848714627,0.003076778518896376,6.6700933121841155,1.0013151591040355
2025-07-01 10:30:00-04:00,0.028823791597711423,0.0030603292961736985,6.690505994155605,1.0301768585736795
2025-07-01 11:30:00-04:00,0.013121432531728372,0.0021714340221431765,6.705033986496668,1.0436942547192019
2025-07-01 12:30:00-04:00,0.004620580222839843,0.0008079815450469124,6.7104515302166705,1.048516727751249
2025-07-01 13:30:00-04:00,0.005435531563044327,0.0006976283063691986,6.7151329311526675,1.0542159735193208
2025-07-01 14:30:00-04:00,0.008941007456585659,0.0010509918714003135,6.722190481278682,1.063641726399409
2025-07-01 15:30:00-04:00,0.0035034312095627573,0.0003895664592847303,6.724809221223111,1.0673681220194697
2025-07-02 09:30:00-04:00,0.003354363958256057,0.001399122742164842,6.734218054741245,1.0709484631781634
2025-07-02 10:30:00-04:00,0.00047753334196709574,0.0003652411778276286,6.7366776684753065,1.0714598767768593
2025-07-02 11:30:00-04:00,-0.003818859526217966,0.0006610741132086805,6.741131111690967,1.0673681220194697
2025-07-02 12:30:00-04:00,0.0028751243406408555,0.0002646028101568322,6.742914833926755,1.070436938087512
2025-07-02 13:30:00-04:00,-0.00047786569432595183,8.674690197449074e-05,6.743499760898876,1.0699254129968607
2025-07-02 14:30:00-04:00,-0.0021170359495963353,0.00023721779044745374,6.74509943901204,1.0676603424341597
2025-07-02 15:30:00-04:00,-0.0006843063787839165,0.00021101940065506808,6.746522785853019,1.0669297356514573
2025-07-03 09:30:00-04:00,0.0230105500071216,0.00281180470530053,6.765492690366697,1.0914803756877502
2025-07-03 10:30:00-04:00,-0.0009372030062407832,0.0005087068393030784,6.768934342769541,1.0904574369984028
2025-07-03 11:30:00-04:00,-0.0024055801115535624,0.003011021837507078,6.789315751892271,1.0878342542754638
2025-07-07 09:30:00-04:00,-0.00040965187789565594,0.0014127395624482122,6.798907286856922,1.0873886209303607
2025-07-07 10:30:00-04:00,-0.002620713810259523,0.0004536616414135831,6.801991690296497,1.0845388865543695
2025-07-07 11:30:00-04:00,0.001280081188316684,0.00014997241032688703,6.803011801385314,1.0859271843810456
2025-07-07 12:30:00-04:00,0.003969934168107425,0.00041753131172989424,6.80585227182646,1.0902382438143967
2025-07-07 13:30:00-04:00,0.0009382707817775504,0.00020828659294249506,6.807269839608228,1.0912611825037442
2025-07-07 14:30:00-04:00,-0.0030131381897590126,0.00028270394410430323,6.809194281640467,1.0879730617597405
2025-07-07 15:30:00-04:00,0.004163938222909502,0.0002757960939033404,6.811072230825972,1.0925033143770977
2025-07-08 09:30:00-04:00,-0.0381889148656136,0.0027628675598612125,6.829890321340392,1.05078179831395
2025-07-08 10:30:00-04:00,0.008135722055544914,0.0011019318588348572,6.837416395077825,1.059330666966058
2025-07-08 11:30:00-04:00,-0.0035866259414787383,0.0011402434828367875,6.845212714561753,1.0555312441153135
2025-07-08 12:30:00-04:00,-0.00041542859333854043,0.0005287891850747813,6.848832389014749,1.0550927462553459
2025-07-08 13:30:00-04:00,0.003185642197443217,0.0004989339649373602,6.852249504113791,1.0584538942300332
2025-07-08 14:30:00-04:00,0.004625142662725068,0.000762470207675729,6.857474140216239,1.063349394492764
2025-07-08 15:30:00-04:00,-0.0036418524272829877,0.0002474538940663042,6.8591710488956945,1.0594768329193807
2025-07-09 09:30:00-04:00,0.00627588732489226,0.00084711954404194,6.864981586747142,1.0661259901461164
2025-07-09 10:30:00-04:00,0.00527715025938158,0.0006267844155334945,6.869284450218639,1.0717520971915495
2025-07-09 11:30:00-04:00,-0.002795121514810428,0.0004483072125856508,6.872363999982974,1.068756419846146
2025-07-09 12:30:00-04:00,0.003691756822040926,0.000359311998366401,6.874833322825309,1.0727020086502133
2025-07-09 13:30:00-04:00,0.0035420222131221646,0.0003034393522815752,6.876919417795832,1.076501542992913
2025-07-09 14:30:00-04:00,0.002239882080725897,0.00017742727377833745,6.878139570860124,1.0789127795089366
2025-07-09 15:30:00-04:00,-0.002438037392815895,0.00020683897538490735,6.8795622382015145,1.076282349808907
2025-07-10 09:30:00-04:00,0.005091649589012315,0.0014573851522717686,6.889588410061598,1.0817624023929726
2025-07-10 10:30:00-04:00,0.004457978037856858,0.00042603610289778336,6.89252362345839,1.0865848754250198
2025-07-10 11:30:00-04:00,-0.0012776708548728477,0.0001899069393382353,6.893832561524039,1.0851965775983436
2025-07-10 12:30:00-04:00,0.004915134032718482,0.0005914633474850786,6.8979100108078795,1.090530464229087
2025-07-10 13:30:00-04:00,0.000871054491206058,0.0001751323440333616,6.899118057957003,1.0914803756877507
2025-07-10 14:30:00-04:00,-0.00028121197560559974,0.00021513919136999257,6.9006023286371585,1.0911734383349687
2025-07-10 15:30:00-04:00,-0.00038837173540651193,0.0001214974830917946,6.9014407344519055,1.090749657413093
2025-07-11 09:30:00-04:00,-0.008574482782447546,0.000544504976998731,6.905198603280277,1.081397043255644
2025-07-11 10:30:00-04:00,-0.0036486032846811955,0.0006648056393500897,6.90978921825257,1.0774514544515768
2025-07-11 11:30:00-04:00,-0.0027126619901056692,0.000342669258100668,6.9121569905976195,1.0745286928449018
2025-07-11 12:30:00-04:00,0.00040798014136944616,9.894495291811381e-05,6.912840913645616,1.0749670792129142
2025-07-11 13:30:00-04:00,0.0047581037946178295,0.00030186874885746655,6.914927684283269,1.0800818841516064
2025-07-11 14:30:00-04:00,0.004600139643409662,0.0004753106345453086,6.9182144229487195,1.0850504116450208
2025-07-11 15:30:00-04:00,0.0017508047598380205,6.229907256306445e-05,6.918645421291062,1.086950123070393
2025-07-14 09:30:00-04:00,0.011091753268366977,0.0018047251484453225,6.931131674676043,1.099006305650511
2025-07-14 10:30:00-04:00,-0.005385263871234169,0.0010105534356637821,6.938135953602924,1.0930878666984327
2025-07-14 11:30:00-04:00,-0.007152455083981435,0.0006179454202715016,6.942423342940674,1.0852696048290271
2025-07-14 12:30:00-04:00,0.007675213081650867,0.0007327289887039911,6.947510257775902,1.0935992802971288
2025-07-14 13:30:00-04:00,0.005679201669770428,0.0006939864856542035,6.952331736003742,1.099810051155852
2025-07-14 14:30:00-04:00,-0.003720419497066141,0.0005113440620928948,6.955886769554648,1.0957182963984624
2025-07-14 15:30:00-04:00,0.0013336685735403364,0.00014643855945847462,6.956905379592938,1.0971796214558223
2025-07-15 09:30:00-04:00,-0.0017315514070582738,0.0009182161597830052,6.963293322534561,1.0952797985384948
2025-07-15 10:30:00-04:00,-0.008138767647619893,0.0007776946609361824,6.968708638574029,1.086365570749058
2025-07-15 11:30:00-04:00,0.0009417181553326159,0.0004148114754829494,6.971599338886606,1.0873886209303607
2025-07-15 12:30:00-04:00,0.0033597633072999233,0.000364144787153473,6.974138010443984,1.091041989319738
2025-07-15 13:30:00-04:00,0.0006656559541771134,0.0002622047924974411,6.975966662853861,1.091768247916186
2025-07-15 14:30:00-04:00,0.0007401696222051335,0.00021496225285531654,6.977466232363552,1.0925763416077818
2025-07-15 15:30:00-04:00,-0.0010031023721585042,0.00024109045015822725,6.9791484328384765,1.091480375687751
2025-07-16 09:30:00-04:00,0.0028116090187224607,0.0005865044893568853,6.983241734726224,1.0945491917557932
2025-07-16 10:30:00-04:00,-0.003404604507576625,0.0007915554779292191,6.988769357975051,1.0908226846437772
2025-07-16 11:30:00-04:00,0.0022104752220211132,0.00042283940700881353,6.991724485066098,1.0932339211598008
2025-07-16 12:30:00-04:00,0.0017378009230741842,0.00024084457107498836,6.993408403950779,1.0951337440771283
2025-07-16 13:30:00-04:00,-0.0011342284721582718,4.028875389458389e-05,6.993690159660851,1.0938916122037747
2025-07-16 14:30:00-04:00,0.0017366541658958567,0.00023349838713953092,6.995323175033285,1.095791323629147
2025-07-16 15:30:00-04:00,-0.0026005160130291305,0.0003403405925017208,6.997703967467417,1.092941700745111
2025-07-17 09:30:00-04:00,0.0034764291088074106,0.0009896001612049253,7.0046288964416865,1.0967412350878107
2025-07-17 10:30:00-04:00,-0.0032645268037240216,0.000522398121337008,7.0082881014178495,1.093160893929117
2025-07-17 11:30:00-04:00,0.004470240771879963,0.0004067297785819851,7.011138580885578,1.0980475863273838
2025-07-17 12:30:00-04:00,-0.0011231972313827665,0.00021943002904863804,7.0126770352280445,1.0968142623184942
2025-07-17 13:30:00-04:00,0.004463381295190638,0.00031858171684452186,7.014911145917604,1.1017097625812249
2025-07-17 14:30:00-04:00,-0.0005305864949090022,2.5506618197216192e-05,7.015090072577889,1.1011252102598899
2025-07-17 15:30:00-04:00,-0.002189793216572089,0.00013207144562553025,7.016016565664967,1.0987139737438663
2025-07-18 09:30:00-04:00,0.012835060166532575,0.0016172807239114532,7.02736343401526,1.112816033702679
2025-07-18 10:30:00-04:00,-0.0013789015735988785,0.00043182271926600353,7.030398009202607,1.1112815699226801
2025-07-18 11:30:00-04:00,-0.0009862180294299971,0.0002470400848417158,7.032134799323272,1.1101856040026492
2025-07-18 12:30:00-04:00,0.00013165902421685693,0.000279991933414551,7.0341037403417666,1.1103317699559718
2025-07-18 13:30:00-04:00,0.0001315412792097792,0.00030588942834254,7.036255398313802,1.110477824417339
2025-07-18 14:30:00-04:00,-0.000921169848559722,0.0002607971605051181,7.038090433742271,1.1094548857279916
2025-07-18 15:30:00-04:00,0.0003951367231347369,0.0001163169596890445,7.0389090830235395,1.109893272096004
2025-07-21 09:30:00-04:00,0.01066497986221493,0.0009518289002372254,7.045608920114904,1.1217302614921156
2025-07-21 10:30:00-04:00,0.002605483880618431,0.000472855058536722,7.048940471933252,1.1246529116068353
2025-07-21 11:30:00-04:00,-0.0039631017256250844,0.0003664215047841239,7.0515233553081105,1.120195797712117
2025-07-21 12:30:00-04:00,-0.0018915484361806678,0.00014493113563465192,7.05254534059595,1.1180768931027385
2025-07-21 13:30:00-04:00,-0.00026145957263623565,0.00010107121612068734,7.0532581499302704,1.1177845611960935
2025-07-21 14:30:00-04:00,-0.0037913573490202523,0.00040304020559757295,7.056100896545152,1.1135466404853813
2025-07-21 15:30:00-04:00,0.0,0.00010215890720047171,7.05682174010184,1.1135466404853813
2025-07-22 09:30:00-04:00,0.006167995269374726,0.0009589288506661355,7.063588730062431,1.1204149908961232
2025-07-22 10:30:00-04:00,0.0023477280484491825,0.0003927783380955652,7.066363154704815,1.1230454205961529
2025-07-22 11:30:00-04:00,0.001106038856998559,0.000306657222967734,7.068530106006318,1.1242875524695064
2025-07-22 12:30:00-04:00,0.0019497176920642012,0.00024856327326202806,7.070287082986619,1.1264795958015237
2025-07-22 13:30:00-04:00,0.002140506161860678,0.00020194172913290113,7.071714868985622,1.1288908323175473
2025-07-22 14:30:00-04:00,-0.00019416685629047858,0.0001492714202122058,7.072770473907452,1.128671639133541
2025-07-22 15:30:00-04:00,0.0033015763760322336,0.0004009429526283069,7.0756062513845235,1.1323980347536018
2025-07-23 09:30:00-04:00,-0.04336044267620931,0.006043017752719373,7.118364265572892,1.0832967546810162
2025-07-23 10:30:00-04:00,-0.012680356762975298,0.0024536679792923803,7.135830368036268,1.0695601653514875
2025-07-23 11:30:00-04:00,-0.006011783395669434,0.0011259534370707128,7.143864980765511,1.063130201308758
2025-07-23 12:30:00-04:00,0.005223329943889521,0.0016694166465313573,7.155791067884974,1.0686832811235074
2025-07-23 13:30:00-04:00,-0.006425467343467273,0.0010242924456767063,7.1631206906186495,1.061816491600139
2025-07-23 14:30:00-04:00,-0.0013777201204783207,0.0004329972091870843,7.166222301886757,1.0603536056554057
2025-07-23 15:30:00-04:00,0.003858858719927083,0.0008504265504922349,7.172316647599011,1.0644453604127952
2025-07-24 09:30:00-04:00,-0.0072762054632500295,0.0020238327811366716,7.1868322171471135,1.0567002372660286
2025-07-24 10:30:00-04:00,-0.0020743175431977567,0.0004661014480587995,7.1901820100504805,1.0545083054259665
2025-07-24 11:30:00-04:00,-0.0022894526163450557,0.0003133579502815413,7.192435110747302,1.0520940586271514
2025-07-24 12:30:00-04:00,-0.0017333753545540898,0.0005231214631759173,7.196197627926234,1.0502703847152544
2025-07-24 13:30:00-04:00,4.8619209152223064e-05,0.0002457441255705507,7.197966051219742,1.0503214480307552
2025-07-24 14:30:00-04:00,-0.0015790921239330347,0.00030132380252181196,7.200134969720718,1.0486628937045719
2025-07-24 15:30:00-04:00,0.0026476422290377943,0.0004054035044725172,7.2030539296701175,1.051439377865969
2025-07-25 09:30:00-04:00,-0.0044475289561779485,0.0013521102396762243,7.212793252645365,1.0467630707872444
2025-07-25 10:30:00-04:00,-0.0013261705284242087,0.0006084776252099707,7.217182075954865,1.0453748844525235
2025-07-25 11:30:00-04:00,-0.003844293168388635,0.0006545220874091214,7.22190588103243,1.0413561569258176
2025-07-25 12:30:00-04:00,0.0027364536763756497,0.00024817885865856964,7.223698205391324,1.0442057798098536
2025-07-25 13:30:00-04:00,0.00104956890798924,0.0007476035689534456,7.229098667950718,1.0453017457298848
2025-07-25 14:30:00-04:00,0.002516430983469764,0.00018457289841195427,7.230432963644768,1.0479321754299145
2025-07-25 15:30:00-04:00,0.00230094711524087,0.00021100037994177417,7.231958587747241,1.050343411945938
2025-07-28 09:30:00-04:00,-0.0046608568274456585,0.0016566368275181768,7.243939316678789,1.0454479116832072
2025-07-28 10:30:00-04:00,-0.004193500809596684,0.0002833811797322825,7.245992112748258,1.0410638250191724
2025-07-28 11:30:00-04:00,7.025383159153797e-05,0.00020687607834443794,7.247491135180258,1.0411369637418113
2025-07-28 12:30:00-04:00,-0.0007719882525855093,0.00010912073396556797,7.248281986732339,1.0403332182364702
2025-07-28 13:30:00-04:00,0.000280891169836206,0.0002072188652755418,7.249783967500827,1.0406254386511602
2025-07-28 14:30:00-04:00,-7.017628819294686e-05,0.00018587228895812716,7.251131501441318,1.0405524114204765
2025-07-28 15:30:00-04:00,0.0018958570797629193,0.0001509018041437211,7.252225710266968,1.0425251500765325
2025-07-29 09:30:00-04:00,0.010375720429196766,0.0013475784370383206,7.2619986532546585,1.053342099574133
2025-07-29 10:30:00-04:00,0.0008989493311384322,0.00039696008870283655,7.264881376884214,1.054289000750005
2025-07-29 11:30:00-04:00,-0.002494979742896475,0.0003417034165846362,7.267363811671778,1.051658571049975
2025-07-29 12:30:00-04:00,-0.0054887329002535346,0.0004966699503786368,7.270973292895504,1.0458862980512194
2025-07-29 13:30:00-04:00,0.0011178123710466892,0.0006688272307799881,7.275836317828067,1.0470554026938892
2025-07-29 14:30:00-04:00,0.0020236795530845786,0.00025309950032266243,7.277677828364539,1.0491743073032676
2025-07-29 15:30:00-04:00,0.0025071426947071984,0.00021041794570671372,7.279209182382699,1.0518047370032975
2025-07-30 09:30:00-04:00,-0.005210142521014927,0.0008259281733136848,7.285221286325872,1.0463246844192318
2025-07-30 10:30:00-04:00,-0.0006982601037534009,0.00023311936386146383,7.28691961247773,1.0455940776365293
2025-07-30 11:30:00-04:00,0.002375935173927868,0.0002067377874365881,7.288426094115642,1.0480783413832366
2025-07-30 12:30:00-04:00,0.0011154744798247407,2.3053162882894304e-05,7.288594115389549,1.0492474460259067
2025-07-30 13:30:00-04:00,0.0016712411154216067,0.0001342123091210467,7.289572334436022,1.0510009914979563
2025-07-30 14:30:00-04:00,-0.01056722088688955,0.0010436237815783257,7.297179905481775,1.0398948318684575
2025-07-30 15:30:00-04:00,-0.0023890639346659803,0.00016589098115074696,7.298390441815929,1.037410456629795
2025-07-31 09:30:00-04:00,-0.002465071525978857,0.00144383395048953,7.308928105719752,1.0348531656524043
2025-07-31 10:30:00-04:00,-0.007837326640424802,0.0007210081740732151,7.314197902627689,1.0267426833683087
2025-07-31 11:30:00-04:00,0.010816887044243773,0.0008684669325541723,7.320550041644279,1.0378488429978074
2025-07-31 12:30:00-04:00,-0.006177102727084383,0.0007682136102573675,7.32617378782084,1.0314379440794244
2025-07-31 13:30:00-04:00,0.003169415705929657,0.0001761332184169294,7.327464170388771,1.0347069996990814
2025-07-31 14:30:00-04:00,-0.0004236816491430817,0.00011069231505209237,7.328275264361252,1.034268613331069
2025-07-31 15:30:00-04:00,0.0037442512742515976,0.0003779883340768054,7.331045266920085,1.0381411749044522
2025-08-01 09:30:00-04:00,-0.004223015876851477,0.0013133874350025972,7.340673769659094,1.0337570882404175
2025-08-01 10:30:00-04:00,0.0017670342631437297,0.0008183893235953335,7.346681298700179,1.035583772435106
2025-08-01 11:30:00-04:00,0.0011994508859798358,0.0002824649693117814,7.3487564788077595,1.0368259043084596
2025-08-01 12:30:00-04:00,-0.0009866060300930402,0.00024430684505659676,7.350551830318186,1.0358029656191121
2025-08-01 13:30:00-04:00,-0.004585171569353008,0.0004223406043332911,7.353656266820386,1.0310536313097038
2025-08-01 14:30:00-04:00,0.0007087102479135243,0.0015706606786569457,7.36520636556304,1.0317843495843615
2025-08-01 15:30:00-04:00,-0.0029035028865919132,0.00026778912696883166,7.36717868774562,1.0287885607470029
2025-08-04 09:30:00-04:00,0.0044743580281874085,0.0007950274470836445,7.373035797009947,1.0333917291030885
2025-08-04 10:30:00-04:00,-0.0029696541801295107,0.0003099158897057529,7.3753208179588094,1.0303229130350462
2025-08-04 11:30:00-04:00,-0.0026238928558327546,0.0002117284160901745,7.376882382953752,1.0276194561043328
2025-08-04 12:30:00-04:00,-0.0009954450387941183,4.365402690828998e-05,7.377204413575797,1.0265965174149854
2025-08-04 13:30:00-04:00,0.0032740691378447817,0.00022656482858975858,7.37887582862923,1.0299576653896727
2025-08-04 14:30:00-04:00,0.005391561227566122,0.00043820490144949435,7.382109288184522,1.035510745204422
2025-08-04 15:30:00-04:00,-0.004515942591982847,0.0004791110999810129,7.3856461386857655,1.0308344381256975
2025-08-05 09:30:00-04:00,0.01197903614595952,0.0009608746124983152,7.392742818557324,1.043182841120505
2025-08-05 10:30:00-04:00,0.0031519012031646643,0.0006936667021423137,7.397870918088058,1.0464708503725535
2025-08-05 11:30:00-04:00,-0.0015361068204720052,0.0002328668125962197,7.399593636708751,1.044863359361871
2025-08-05 12:30:00-04:00,0.00013989001720937644,0.0001913330081821654,7.401009423218588,1.0450095253151936
2025-08-05 13:30:00-04:00,-0.0016781253390738549,0.0003886449585526584,7.403885788219123,1.0432558683511888
2025-08-05 14:30:00-04:00,-0.002731470745081621,0.00012953635106266435,7.404844860567814,1.0404062454671528
2025-08-05 15:30:00-04:00,-0.0002106803808235025,0.00023603284797958144,7.406592647189101,1.0401870522831467
2025-08-06 09:30:00-04:00,-0.002669323413762803,0.0008684691759004453,7.4130250446016355,1.0374104566297944
2025-08-06 10:30:00-04:00,0.0026764677718524865,0.00037677944346901394,7.4158181200523625,1.0401870522831467
2025-08-06 11:30:00-04:00,-0.0038058009336844334,0.00039147545264137974,7.418721230807615,1.036228307428361
2025-08-06 12:30:00-04:00,-0.0020914122982962358,0.0003086191248379374,7.421010790061285,1.0340611268023625
2025-08-06 13:30:00-04:00,0.0014018691588784105,0.00012493234079169482,7.421937914310328,1.0355107452044219
2025-08-06 14:30:00-04:00,-7.622934351680932e-05,0.0002213171963911557,7.423580516801312,1.0354318089001104
2025-08-06 15:30:00-04:00,-0.003875502392900909,0.0004715895423867885,7.427081399740102,1.0314189904470323
2025-08-07 09:30:00-04:00,0.020969051985598952,0.001990269696336161,7.441863294782226,1.05304686887665
2025-08-07 10:30:00-04:00,-0.00040656225357460496,0.0005610918928985661,7.446038863944988,1.0526187397685198
2025-08-07 11:30:00-04:00,0.005265851573230895,0.0004372061133444391,7.449294317656505,1.0581616738153423
2025-08-07 12:30:00-04:00,-0.004419380030858955,0.0005605551169299819,7.453470057703783,1.0534852552446625
2025-08-07 13:30:00-04:00,0.005380792424155789,0.0005394810240066378,7.457491063362917,1.059153840725043
2025-08-07 14:30:00-04:00,0.0005808529274702323,0.0001170929308850061,7.458364282848574,1.0597690533340693
2025-08-07 15:30:00-04:00,0.0009652468017717908,0.0001170492117230279,7.459237278508625,1.0607919920234168
2025-08-08 09:30:00-04:00,-0.0017908425399673078,0.0007082202817385236,7.464520061635565,1.0588922805980445
2025-08-08 10:30:00-04:00,0.0013110850386897077,0.00033821259945456103,7.467044656369293,1.0602805784247207
2025-08-08 11:30:00-04:00,0.0006201939047074667,0.00011678721628500868,7.467916711728586,1.0609381579767394
2025-08-08 12:30:00-04:00,-0.000964183144565367,0.00012101641240330662,7.468820452217166,1.059915219287392
2025-08-08 13:30:00-04:00,-0.0015166222556584064,0.00015867310002794848,7.470005553111872,1.0583077282767097
2025-08-08 14:30:00-04:00,0.0020712721578504123,0.0001584494055342976,7.4711891710511,1.0604997716087272
2025-08-08 15:30:00-04:00,-0.002480368002380162,0.00026945663909813764,7.473202332575198,1.0578693419086975
2025-08-11 09:30:00-04:00,-0.01602425808116137,0.002326724461031701,7.49059041524464,1.0409177705578043
2025-08-11 10:30:00-04:00,0.010193697497038245,0.00098723165712384,7.497985363233117,1.051528571430162
2025-08-11 11:30:00-04:00,0.007211313660812735,0.0007409164257210567,7.503540743748553,1.0591114737820513
2025-08-11 12:30:00-04:00,0.0003449675944158237,0.00044176098312446283,7.506855515284426,1.05947683291938
2025-08-11 13:30:00-04:00,-0.0005517367658943728,6.224266392127812e-05,7.507322761969369,1.058892280598045
2025-08-11 14:30:00-04:00,0.0019320920703467248,0.00014019659241360126,7.508375263038746,1.0609381579767398
2025-08-11 15:30:00-04:00,-0.0020661367635204098,0.00024138941271551728,7.510187705333939,1.0587461146447226
2025-08-12 09:30:00-04:00,-0.0044168351732688516,0.0009608572841422256,7.517403923895884,1.054069807565998
2025-08-12 10:30:00-04:00,-0.009011422726119322,0.0009632349314204746,7.524644949948977,1.0445711389471815
2025-08-12 11:30:00-04:00,-0.003847251160659426,0.0005213129258759125,7.528567644624012,1.0405524114204756
2025-08-12 12:30:00-04:00,0.0028790369466049626,0.0003535955536142656,7.531229712668235,1.043548200257834
2025-08-12 13:30:00-04:00,0.0028006853099813434,0.00021976080402095883,7.532884781765157,1.0464708503725535
2025-08-12 14:30:00-04:00,0.003141997936089602,0.0002391655047026172,7.534686387955855,1.049758859624602
2025-08-12 15:30:00-04:00,0.00020880336659856447,0.00011332442613141863,7.535540251966849,1.0499780528086082
2025-08-13 09:30:00-04:00,-0.003544881175230441,0.0009301084012700722,7.5425491212633125,1.0462560053748018
2025-08-13 10:30:00-04:00,-0.000632663262980282,0.00041550798516969394,7.545683110651733,1.0455940776365287
2025-08-13 11:30:00-04:00,-0.002935104191613691,0.0004159048521409722,7.548821396870172,1.0425251500765313
2025-08-13 12:30:00-04:00,-0.0001233065930206223,0.00019249566595529212,7.55027451227214,1.0423965998521372
2025-08-13 13:30:00-04:00,0.00341782142254754,0.0002340289692679867,7.552041495233937,1.0459593252819026
2025-08-13 14:30:00-04:00,0.003143641119235152,0.00021846202833028692,7.5536913295370205,1.0492474460259062
2025-08-13 15:30:00-04:00,0.006824482492240547,0.0005774504624241456,7.558053212088271,1.0564080168513381
2025-08-14 09:30:00-04:00,-0.0087840936255138,0.0008593927695342626,7.564548548370494,1.0471284299245727
2025-08-14 10:30:00-04:00,0.002302713255715183,0.0002040416924766621,7.566092031659125,1.0495396664405963
2025-08-14 11:30:00-04:00,-0.0011835015989115627,0.00012774395920916692,7.56705855421099,1.0482975345672427
2025-08-14 12:30:00-04:00,-0.0015334301166185504,0.0002834910117164827,7.569203747296241,1.0466900435565603
2025-08-14 13:30:00-04:00,0.001605554817026622,0.0003227756032095734,7.571646901601591,1.0483705617979262
2025-08-14 14:30:00-04:00,0.0094786775219462,0.0009804839084023263,7.579070779548715,1.0583077282767104
2025-08-14 15:30:00-04:00,-0.00269262220042199,0.00022845026597964334,7.580802220284182,1.0554581053926744
2025-08-15 09:30:00-04:00,-0.0002076758735247708,0.000839429024583664,7.5871657656975175,1.055238912208668
2025-08-15 10:30:00-04:00,0.0051239821530699725,0.000648477697290748,7.592085873482221,1.0606459375620503
2025-08-15 11:30:00-04:00,-0.0014273842067542564,0.00030884086990713494,7.594430619887797,1.0591319883018162
2025-08-15 12:30:00-04:00,0.03026466197041211,0.004356654572048815,7.627516930770039,1.0911862599098212
2025-08-15 13:30:00-04:00,0.016072433900438554,0.002199517401478489,7.644293786989339,1.1087242789452885
2025-08-15 14:30:00-04:00,-0.002767880280353796,0.0015493119195167603,7.656137182469808,1.1056554628772464
2025-08-15 15:30:00-04:00,-0.00303995963257897,0.00042190041638375073,7.659367309934983,1.102294314902559
2025-08-18 09:30:00-04:00,0.010738400574262785,0.0019044384918001332,7.673954103862859,1.1141311928067152
2025-08-18 10:30:00-04:00,-0.004525199768756538,0.0009735736883956725,7.681425263664335,1.109089526590662
2025-08-18 11:30:00-04:00,0.0025206808924547186,0.0004776530888420046,7.685094320168233,1.1118851873683606
2025-08-18 12:30:00-04:00,0.0005085841626570886,0.00030006217268665786,7.687400326267245,1.112450674565349
2025-08-18 13:30:00-04:00,-0.0074220353550903395,0.0006441036563234469,7.692351808925015,1.1041940263279308
2025-08-18 14:30:00-04:00,-0.002845372483289199,0.0002966394086887041,7.694633663617041,1.101052183029205
2025-08-18 15:30:00-04:00,0.005043430184636488,0.0005408455971131639,7.698795272355407,1.1066052628439544
2025-08-19 09:30:00-04:00,0.0019808719564406996,0.0008018382556303746,7.704968460927048,1.1087973061759717
2025-08-19 10:30:00-04:00,-0.0019109936483217016,0.0003833575344922577,7.7079222186395695,1.1066784015665931
2025-08-19 11:30:00-04:00,0.0031691252229102407,0.0002527925958443446,7.7098707243057865,1.1101856040026479
2025-08-19 12:30:00-04:00,0.003422431644763746,0.00036332959750536053,7.712671948532867,1.1139851383453476
2025-08-19 13:30:00-04:00,0.0034763134983428756,0.00037529243298979685,7.715566455953284,1.1178576999187309
2025-08-19 14:30:00-04:00,-0.0026799375605467413,0.0001470281604949792,7.716700861496479,1.1148619110813722
2025-08-19 15:30:00-04:00,0.002883749089827914,0.0002646693043532014,7.718743235345392,1.118076893102737
2025-08-20 09:30:00-04:00,-0.002744727207022457,0.0011486707600007276,7.727609530003787,1.1150080770346946
2025-08-20 10:30:00-04:00,-0.003276539842736459,0.000403990395738278,7.730731410035924,1.1113547086453175
2025-08-20 11:30:00-04:00,-0.0011834840719717743,0.0004637495486867078,7.734316533238347,1.110039438049325
2025-08-20 12:30:00-04:00,0.0026330250137878153,0.00027343583116402946,7.736431372508098,1.112962199656
2025-08-20 13:30:00-04:00,0.0023633490956722625,0.00023256236347419165,7.7382305752729446,1.1155925178640744
2025-08-20 14:30:00-04:00,0.0009170464707501935,0.0001406636633589629,7.739319063133578,1.116615568045377
2025-08-20 15:30:00-04:00,-0.002944720491188768,0.0002715135789735282,7.741420393351228,1.1133274473013735
2025-08-21 09:30:00-04:00,0.007941240090849844,0.001204789112432847,7.750747172355903,1.1221686478601267
2025-08-21 10:30:00-04:00,-0.004297458355518202,0.0005404028380814556,7.754935698125097,1.1173461748280797
2025-08-21 11:30:00-04:00,-0.006866355377520783,0.0006121117794044437,7.759682585614444,1.1096740789119968
2025-08-21 12:30:00-04:00,-0.0032263794701310466,0.00040016729570280306,7.7627877568102415,1.1060938492452586
2025-08-21 13:30:00-04:00,0.0015853496276525547,0.00017620521170506184,7.764155600470352,1.1078473947173082
2025-08-21 14:30:00-04:00,0.00547422409830034,0.0005100603825702494,7.768115788646264,1.113911999622709
2025-08-21 15:30:00-04:00,-0.001443104133205142,0.00016189834125166557,7.769373433707097,1.1123045086120267
2025-08-22 09:30:00-04:00,0.003678628222495872,0.001184531860496078,7.778576504075415,1.1163962633694162
2025-08-22 10:30:00-04:00,0.0022907658805910724,0.0004221532795054512,7.781860255656495,1.1189536658387622
2025-08-22 11:30:00-04:00,-0.0033956136511261725,0.0003952599588614064,7.784936113421011,1.1151541314960625
2025-08-22 12:30:00-04:00,-0.001441496709092438,0.0011890263792061803,7.794192607820304,1.11354664048538
2025-08-22 13:30:00-04:00,-0.0006561079313066598,0.0001352249644557529,7.795246577238657,1.1128160337026776
2025-08-22 14:30:00-04:00,-0.0006566388805759882,0.000213619717502782,7.796911795610352,1.1120853154280201
2025-08-22 15:30:00-04:00,0.003022383200333545,0.0003250052934620775,7.799445833216582,1.1154464634027075
2025-08-25 09:30:00-04:00,-0.015066179723462692,0.0011609021768144623,7.80850022686231,1.0986409465131814
2025-08-25 10:30:00-04:00,0.0034583949876969555,0.0002516423265194435,7.8104651760260255,1.1024404808558812
2025-08-25 11:30:00-04:00,-0.0036453011264481194,0.00019851628137953405,7.8120156805286145,1.0984217533291754
2025-08-25 12:30:00-04:00,0.003924674587270305,0.0002249099574943148,7.813772680643266,1.1027327012705712
2025-08-25 13:30:00-04:00,-0.0007950909001017692,5.187571757878906e-05,7.814178025708071,1.1018559285345464
2025-08-25 14:30:00-04:00,0.0009283778966528988,4.531418841299185e-05,7.81453211884342,1.1028788672238938
2025-08-25 15:30:00-04:00,-0.0019875649059584166,0.0001714743340588723,7.81587211053448,1.1006868238918766
2025-08-26 09:30:00-04:00,-0.007102974440819199,0.0011021570273583138,7.82448642890604,1.0928686735144262
2025-08-26 10:30:00-04:00,0.0005347768158641131,0.00027525468042516256,7.82664015541752,1.0934531143438058
2025-08-26 11:30:00-04:00,-0.0017065577210495508,0.00024156262575714612,7.8285307791643195,1.0915870734889166
2025-08-26 12:30:00-04:00,-0.0007671546284876429,0.00029502007073304703,7.830840352868524,1.0907496574130924
2025-08-26 13:30:00-04:00,-0.0001340050416969163,0.0014258011804617146,7.8420055742876515,1.0906034914597698
2025-08-26 14:30:00-04:00,0.0030819156558801186,0.00033504753191479595,7.844633018900579,1.093964639434457
2025-08-26 15:30:00-04:00,-0.0002672224458700745,0.00012050996306906455,7.845578375335976,1.093672307527812
2025-08-27 09:30:00-04:00,-0.012826028184314109,0.0016568418843906508,7.858577258195504,1.0796448356870565
2025-08-27 10:30:00-04:00,-0.0017609131799167788,0.0006520960867196994,7.863701805672758,1.077743674866266
2025-08-27 11:30:00-04:00,-0.0011525299589513205,0.00043828506426004624,7.86714834872398,1.0765015429929123
2025-08-27 12:30:00-04:00,0.0026471145374427074,0.0005188861176889883,7.871230502787933,1.0793511658769483
2025-08-27 13:30:00-04:00,0.0010831550283452174,0.00020595811307629673,7.872851646569875,1.0805202705196182
2025-08-27 14:30:00-04:00,-0.00040571785645593383,2.9970646052594573e-05,7.87308760102,1.0800818841516058
2025-08-27 15:30:00-04:00,-0.0008105263549065267,0.0001112045617183497,7.873963124276042,1.0792064493190439
2025-08-28 09:30:00-04:00,-0.00799045009752386,0.000578741263056393,7.878520111639845,1.0705831040408342
2025-08-28 10:30:00-04:00,-0.002996250391180899,0.0003883564180315099,7.881579785489791,1.0673753689965602
2025-08-28 11:30:00-04:00,-0.005003988065468645,0.00034219727188081845,7.8842768405904975,1.0620342353887262
2025-08-28 12:30:00-04:00,-0.0026831742227151345,0.00018562013075779714,7.885740321088578,1.0591846125046902
2025-08-28 13:30:00-04:00,-0.0016556669567338034,0.00011739923611299379,7.886666100978459,1.0574309555406853
2025-08-28 14:30:00-04:00,-0.0010116644542547126,0.000228558184167163,7.888468663061632,1.0563611902301362
2025-08-28 15:30:00-04:00,-0.003275750611492101,0.0003132761627060882,7.890939932254023,1.0529008144152834
2025-08-29 09:30:00-04:00,0.0015267259638078734,0.0007548224551775047,7.896896190907344,1.0545083054259656
2025-08-29 10:30:00-04:00,-0.0016630091531584235,0.0003817954768545801,7.8999111901542225,1.0527546484619608
2025-08-29 11:30:00-04:00,0.0022209332409983684,0.00025934546259013115,7.901959996276254,1.0550927462553454
2025-08-29 12:30:00-04:00,0.0005540293243504468,0.0001323149714618695,7.903005543887654,1.0556772985766802
2025-08-29 13:30:00-04:00,0.0,0.00011854215532488272,7.9039423831983715,1.0556772985766802
2025-08-29 14:30:00-04:00,-0.00034608979261119277,9.075677094878763e-05,7.904659719486835,1.0553119394393515
2025-08-29 15:30:00-04:00,-0.002423255988887485,0.0003664738714893374,7.90755657073704,1.0527546484619608
2025-09-02 09:30:00-04:00,-0.004372604628026244,0.0008851402463844492,7.914555867308362,1.0481513686139199
2025-09-02 10:30:00-04:00,0.003694658700397868,0.00021754079071535054,7.916277606049898,1.0520239301873033
2025-09-02 11:30:00-04:00,-0.003055997044470571,0.0004325399696680337,7.919701712525503,1.0488089481659386
2025-09-02 12:30:00-04:00,0.004946403421183465,0.00031421410156653616,7.92219019448378,1.0539967803353145
2025-09-02 13:30:00-04:00,-0.00016237255605500156,4.951524422019718e-05,7.922582463666018,1.0538256401840178
2025-09-02 14:30:00-04:00,0.0014103844114805586,0.0003402776239368417,7.925278341202197,1.055311939439352
2025-09-02 15:30:00-04:00,0.00602375143734557,0.0004766629661935069,7.929056027884223,1.0616688762513977
2025-09-03 09:30:00-04:00,-0.0161045856073182,0.0014978117189922543,7.940932260923335,1.0445711389471817
2025-09-03 10:30:00-04:00,0.007274714866335685,0.0009762672583291829,7.948684733090284,1.052170096140626
2025-09-03 11:30:00-04:00,-0.0023610856797959823,0.00019606160706224867,7.9502431649930845,1.0496858323939187
2025-09-03 12:30:00-04:00,-0.0030628040525541023,0.0003651186538923698,7.953145947075605,1.046470850372554
2025-09-03 13:30:00-04:00,-0.0004888096887449844,0.0001003582801805262,7.953944111124879,1.0459593252819026
2025-09-03 14:30:00-04:00,-0.0006985040097093886,0.00020487718831806284,7.955573692830406,1.0452287184992002
2025-09-03 15:30:00-04:00,0.00160779952906287,0.0002811900141898913,7.957810720709982,1.0469092367405661
2025-09-04 09:30:00-04:00,-0.004536529187759153,0.0017639302152935598,7.97184774348783,1.0421599024311579
2025-09-04 10:30:00-04:00,-0.001191882234632069,0.0003742643463632891,7.974831321872855,1.0409177705578043
2025-09-04 11:30:00-04:00,-0.0004914173867712757,0.00023560395504205255,7.976710223673081,1.040406245467153
2025-09-04 12:30:00-04:00,-0.00948104578483322,0.001285457171908653,7.986963943038339,1.0305421062190525
2025-09-04 13:30:00-04:00,0.0004255021287546956,0.000565415905552096,7.991479899488804,1.0309806040790201
2025-09-04 14:30:00-04:00,0.002769616086288451,0.00032356408121747733,7.9940656553400515,1.033836024544729
2025-09-04 15:30:00-04:00,0.0020439479545475425,0.0003863044265687793,7.997153798288991,1.0359491315724347
2025-09-05 09:30:00-04:00,-0.004231951676411216,0.0015083256969663228,8.009216110865543,1.0315650449084
2025-09-05 10:30:00-04:00,0.00636074727648217,0.000911155627987273,8.016513753200725,1.0381265694583153
2025-09-05 11:30:00-04:00,-0.0027308976778992466,0.00022295650707324362,8.018301087106043,1.035291552020416
2025-09-05 12:30:00-04:00,-0.004869803299577091,0.0005068137052575202,8.022364871989868,1.0302498858043627
2025-09-05 13:30:00-04:00,0.0012056607726618207,0.00010455975012698996,8.023203688456311,1.0314920176777163
2025-09-05 14:30:00-04:00,0.0017709145232176482,0.0002524242851622406,8.02522893991208,1.0333187018724048
2025-09-05 15:30:00-04:00,0.0025456131736156795,0.00016733841014655542,8.026571868963948,1.0359491315724347
2025-09-08 09:30:00-04:00,-0.023134425218910515,0.0020844068251712295,8.043302510150346,1.011983043857477
2025-09-08 10:30:00-04:00,0.01068588972952389,0.001012894960865233,8.051449530731592,1.022796983072286
2025-09-08 11:30:00-04:00,-0.00471487657854297,0.00042328357752114787,8.054857577093191,1.017974621532194
2025-09-08 12:30:00-04:00,0.00171546368447828,0.000223133609367114,8.056654886537308,1.019720920027153
2025-09-08 13:30:00-04:00,-6.450809461788776e-05,0.0002879396331824791,8.058974716790015,1.01965513977356
2025-09-08 14:30:00-04:00,0.0022214084687535163,0.000358538355451021,8.061864168331594,1.021920210336261
2025-09-08 15:30:00-04:00,-0.002288054646233606,0.00018673157398461105,8.063369572916995,1.0195820010509211
2025-09-09 09:30:00-04:00,0.005088195127050721,0.0008580663278990984,8.070288478836922,1.024769833220297
2025-09-09 10:30:00-04:00,-0.005062436462511144,0.0005360551665180062,8.074614598671294,1.0195820010509211
2025-09-09 11:30:00-04:00,0.0010032922200402528,7.210141057751486e-05,8.07519678977373,1.0206049397402686
2025-09-09 12:30:00-04:00,0.0020046825083668285,0.00012896477798369455,8.076238205734896,1.0226509286109187
2025-09-09 13:30:00-04:00,0.0035724490998503278,0.0002918575923255423,8.07859531717267,1.0263042970002958
2025-09-09 14:30:00-04:00,-0.0016375550002406536,0.00013648235986875445,8.079697902925984,1.0246236672669744
2025-09-09 15:30:00-04:00,-0.0004991233513668147,8.513964924799228e-05,8.080385805571469,1.0241122536682783
2025-09-10 09:30:00-04:00,0.009489168067239762,0.0017204757607592557,8.094287913487538,1.0338302269630564
2025-09-10 10:30:00-04:00,-7.074539003737446e-05,0.00023877926666455732,8.096220661619691,1.0337570882404175
2025-09-10 11:30:00-04:00,-0.003675353614466248,0.0006976138871210903,8.101868697586434,1.029957665389673
2025-09-10 12:30:00-04:00,0.0038308261947583855,0.0005582949151158575,8.106391929683234,1.0339032541937399
2025-09-10 13:30:00-04:00,-0.00028263806454287277,0.0003451550550375637,8.109189891835879,1.03361103377905
2025-09-10 14:30:00-04:00,0.0048069605790184156,0.00067299738466033,8.114647355424799,1.0385795612724644
2025-09-10 15:30:00-04:00,-0.00035178733623564273,0.00013778728549844295,8.11576545065668,1.0382142021351357
2025-09-11 09:30:00-04:00,0.0030263068875571175,0.001082316678303648,8.124549278961126,1.041356156925817
2025-09-11 10:30:00-04:00,-0.0009121869135224614,0.0002630629816614042,8.126686547119105,1.0404062454671532
2025-09-11 11:30:00-04:00,0.0007725304503340968,0.00017896925695029073,8.128140974171911,1.0412099909724943
2025-09-11 12:30:00-04:00,-0.0009123149671053099,0.00012286899076075888,8.12913967065017,1.0402600795138306
2025-09-11 13:30:00-04:00,-0.0009833489811754692,0.00011635343214403388,8.130085523951228,1.0392371408244832
2025-09-11 14:30:00-04:00,-0.00014054007081720776,0.0001935883914803878,8.131659414130407,1.0390910863631158
2025-09-11 15:30:00-04:00,0.0034455397738704097,0.00040372101278722907,8.13494233590472,1.0426713160298542
2025-09-12 09:30:00-04:00,0.009950933421956298,0.0017231442315490241,8.148960014864818,1.0530468688766508
2025-09-12 10:30:00-04:00,0.0009090477888518134,0.0003809342584385328,8.152064232905124,1.0540041388043604
2025-09-12 11:30:00-04:00,0.0003396577443128823,0.00013250968710075295,8.153144460385851,1.054362139472643
2025-09-12 12:30:00-04:00,-0.004850983599710035,0.0005646790798711431,8.1577483704978,1.049247446025906
2025-09-12 13:30:00-04:00,-0.0020891576532493517,0.0003011841865162272,8.160205355304571,1.0470554026938887
2025-09-12 14:30:00-04:00,0.0027913041728262478,0.00018374257727508548,8.161704732467648,1.0499780528086085
2025-09-12 15:30:00-04:00,-0.0026443259018321674,0.0002455442020120577,8.163708791743238,1.0472015686472114
2025-09-15 09:30:00-04:00,-0.00027915533684952365,0.000858193414181687,8.170714832863608,1.0469092367405664
2025-09-15 10:30:00-04:00,-0.001675080228984105,0.0004136608191490353,8.174094737454402,1.0451555797765615
2025-09-15 11:30:00-04:00,-0.002237081099336957,0.00024051664895374632,8.176060743328884,1.0428174819831768
2025-09-15 12:30:00-04:00,0.002172068076949918,0.00013938591669689302,8.177200371050564,1.0450825525458778
2025-09-15 13:30:00-04:00,0.004822793001717285,0.0003021629210374189,8.179671217800587,1.050122769366513
2025-09-15 14:30:00-04:00,-0.004938834701285866,0.0003441219016995534,8.182486021815334,1.0449363865925552
2025-09-15 15:30:00-04:00,0.0003496472531885342,7.971601152753494e-05,8.183138296965373,1.045301745729884
2025-09-16 09:30:00-04:00,-0.012442323568248592,0.0012076576395164827,8.193020726444924,1.0322957631830578
2025-09-16 10:30:00-04:00,0.0005662643809876133,0.0003438459423243959,8.195837863377092,1.0328803155043929
2025-09-16 11:30:00-04:00,0.0,0.0002953626229869313,8.198258607545995,1.0328803155043929
2025-09-16 12:30:00-04:00,-0.0005659439071113992,0.0001967674373072313,8.199871757882583,1.0322957631830578
2025-09-16 13:30:00-04:00,-0.003114400093488179,0.00019426454265724218,8.201464702219475,1.029080781161693
2025-09-16 14:30:00-04:00,-0.002840058981006699,0.0002980412458489551,8.20390907697711,1.0261581310469734
2025-09-16 15:30:00-04:00,-0.005411633098924895,0.0004927837909734969,8.207951830392863,1.0206049397402688
2025-09-17 09:30:00-04:00,0.00959343976907312,0.0007281134560557108,8.213928150567229,1.0303960517576856
2025-09-17 10:30:00-04:00,0.0033328691424163726,0.00029550291277404353,8.216355390261038,1.0338302269630564
2025-09-17 11:30:00-04:00,-0.0031805229313740524,0.0002952224660761816,8.218781042961508,1.0305421062190527
2025-09-17 12:30:00-04:00,0.001276290010912895,0.00012582994253636028,8.219815211707862,1.0318573768150452
2025-09-17 13:30:00-04:00,0.00332814910522905,0.00045699405359423957,8.223571618381257,1.0352915520204162
2025-09-17 14:30:00-04:00,-0.006563680701148322,0.0007286481663925678,8.22956370876219,1.0284962288403579
2025-09-17 15:30:00-04:00,-0.0009945964415453146,0.00023414869383709658,8.231490650355445,1.0274732901510104
2025-09-18 09:30:00-04:00,-0.0008533289813266176,0.0013016023365314234,8.242204777819083,1.0265965174149856
2025-09-18 10:30:00-04:00,-0.0010675722169706248,0.0005130124777183602,8.246433131714014,1.0255005514949544
2025-09-18 11:30:00-04:00,0.00748120945712194,0.0006018944872312204,8.251396614355313,1.0331725359190822
2025-09-18 12:30:00-04:00,0.0024046082839903615,0.00013907580527539523,8.252544183984101,1.0356569111577445
2025-09-18 13:30:00-04:00,-0.0007055601780715515,0.00024425845083084273,8.254559937641895,1.034926192883087
2025-09-18 14:30:00-04:00,0.0004235919150825662,8.240179201356876e-05,8.25524012817304,1.0353645792510995
2025-09-18 15:30:00-04:00,-0.0011291719516960397,0.00014044611433458205,8.256399544571941,1.0341954746084296
2025-09-19 09:30:00-04:00,-0.00014122519867210137,0.0006716942359187615,8.261945320555473,1.0340494201470622
2025-09-19 10:30:00-04:00,-0.0007066570131180061,0.00021729770542382336,8.263740622315966,1.0333187018724048
2025-09-19 11:30:00-04:00,0.002828519024555387,0.0002941736256277419,8.26617159685608,1.0362414634790797
2025-09-19 12:30:00-04:00,-0.0008462161174636051,0.00011764863963154441,8.26714410069941,1.0353645792510997
2025-09-19 13:30:00-04:00,0.0018349313424472768,0.00025798406377157694,8.269276892130293,1.0372644021684272
2025-09-19 14:30:00-04:00,0.002958566843349386,0.0003623527623679612,8.272273287454942,1.0403332182364693
2025-09-19 15:30:00-04:00,-0.0016856685274143635,0.00031251146203533405,8.27485846767436,1.0385795612724644
2025-09-22 09:30:00-04:00,0.012874643583176804,0.0015524369629215128,8.287704663822522,1.0519509029566196
2025-09-22 10:30:00-04:00,0.0020142618856289207,0.00019587965538249986,8.289328056555984,1.054069807565998
2025-09-22 11:30:00-04:00,0.000970465790790076,0.00027822186914318336,8.291634328901822,1.0550927462553454
2025-09-22 12:30:00-04:00,0.0011080586487011157,0.0004790071183365436,8.295606080768009,1.0562618508980155
2025-09-22 13:30:00-04:00,0.001383487490452806,0.00011822306839621427,8.296586812773084,1.0577231759553753
2025-09-22 14:30:00-04:00,-0.0001380838244707805,4.844762357526059e-05,8.296988762687949,1.057577121494008
2025-09-22 15:30:00-04:00,-0.0002764166326065798,0.00014537541289215338,8.298194940855087,1.0572847895873627
2025-09-23 09:30:00-04:00,-0.0038700592287783664,0.0007268946527691398,8.304226854385231,1.0531930348299732
2025-09-23 10:30:00-04:00,0.0011793962096930954,0.0006233684696253243,8.30940344757087,1.0544351667033267
2025-09-23 11:30:00-04:00,0.0006929949775311695,0.00020130201711511772,8.31107614724589,1.0551658849779844
2025-09-23 12:30:00-04:00,0.0003184681744208273,0.00017393068414078597,8.312521698406128,1.0555019217310844
2025-09-23 13:30:00-04:00,0.0007892623143723743,0.0001323715499335479,8.313622039787202,1.0563349896206544
2025-09-23 14:30:00-04:00,0.0019325476487512816,6.256124786176102e-05,8.314142150356261,1.0583764073211395
2025-09-23 15:30:00-04:00,-0.0014953359633829155,0.00010407909515273503,8.315007478748242,1.056793779016476
2025-09-24 09:30:00-04:00,0.005788479483639808,0.0008207129757408818,8.321831713279433,1.062911008124751
2025-09-24 10:30:00-04:00,0.00474326277319137,0.0005123681620749751,8.326095554899462,1.0679526743408045
2025-09-24 11:30:00-04:00,0.0052681239352725395,0.0006994222173725513,8.331919011114525,1.0735787813862376
2025-09-24 12:30:00-04:00,0.003963879049607932,0.0005063252521200406,8.336137672108471,1.0778343178258782
2025-09-24 13:30:00-04:00,-0.0038803716376724084,0.00043924000129084897,8.339799237230329,1.0736519201088768
2025-09-24 14:30:00-04:00,0.0012554699652953527,0.00031778837167574525,8.342449528450032,1.074999857847755
2025-09-24 15:30:00-04:00,0.003232126281509373,0.00027389049238552335,8.344734446059082,1.0784743931409237
2025-09-25 09:30:00-04:00,0.007384798731825182,0.0010026762527370965,8.353101513123542,1.0864387094716967
2025-09-25 10:30:00-04:00,-0.0014795965908320774,0.0006603298761923301,8.358617315611525,1.0848312184610145
2025-09-25 11:30:00-04:00,0.0004714222728781081,0.00043235955600566056,8.362231243682924,1.0853426320597106
2025-09-25 12:30:00-04:00,0.0020170077876942027,0.0001763930388415053,8.363706283063491,1.0875317766008916
2025-09-25 13:30:00-04:00,0.003630789620878927,0.0004308318073007692,8.367309633757156,1.0914803756877502
2025-09-25 14:30:00-04:00,0.00020082191937542682,0.0002482942657916681,8.369387188759323,1.0916995688717566
2025-09-25 15:30:00-04:00,-0.0007362332350939749,0.00026161726926333354,8.371576764981054,1.0908958233664154
2025-09-26 09:30:00-04:00,0.010314757231444593,0.0012298834444583553,8.381872828648316,1.1021481489492368
2025-09-26 10:30:00-04:00,0.0023866389491626894,0.00017085931032698672,8.383304949659067,1.1047785786492668
2025-09-26 11:30:00-04:00,-0.002248653073762985,0.00045639347794911565,8.38713103536175,1.1022943149025597
2025-09-26 12:30:00-04:00,0.0005965553329345674,0.00021900540943280646,8.388967862428116,1.1029518944545782
2025-09-26 13:30:00-04:00,0.0005961996668437664,0.0001340720565241434,8.390092588601547,1.1036094740065967
2025-09-26 14:30:00-04:00,-6.617126112418159e-05,0.00015060946835334177,8.391356215985752,1.103536446775913
2025-09-26 15:30:00-04:00,0.0040389367362900774,0.00029558923363848233,8.393836610538823,1.1079935606706313
2025-09-29 09:30:00-04:00,-0.0048800151420640425,0.0008506568912008053,8.400976885495192,1.102586535317249
2025-09-29 10:30:00-04:00,0.005168978203086816,0.0006466821242902956,8.406409647073618,1.1082857810853208
2025-09-29 11:30:00-04:00,0.0005274382576330172,0.0002515286340476576,8.40852409980939,1.1088703334066559
2025-09-29 12:30:00-04:00,-0.006193906277288663,0.0004214070303806951,8.412067510980176,1.1020020944878692
2025-09-29 13:30:00-04:00,0.004243464782975659,0.00034228693234208897,8.414946851763165,1.106678401566594
2025-09-29 14:30:00-04:00,0.0036973295508409,0.00043910476673430035,8.41864189503759,1.1107701563239836
2025-09-29 15:30:00-04:00,0.0027627822466875784,0.00018085352128693245,8.42016443606876,1.113838972392026
2025-09-30 09:30:00-04:00,-0.008396738118584546,0.0015093957073043201,8.432873796123358,1.1044863582345767
2025-09-30 10:30:00-04:00,-0.0055570013068290125,0.0005427023173222971,8.437450336274201,1.0983487260984923
2025-09-30 11:30:00-04:00,0.0035922915102586384,0.0002844514732095278,8.439850381452485,1.1022943149025592
2025-09-30 12:30:00-04:00,-0.0026514244655049257,0.0002576978667757098,8.442025312891692,1.0993716647878395
2025-09-30 13:30:00-04:00,0.0003987608395354947,7.893881237734356e-05,8.442691716343951,1.099810051155852
2025-09-30 14:30:00-04:00,0.0017273086596869547,0.00022485353148419117,8.444590085391603,1.1017097625812242
2025-09-30 15:30:00-04:00,0.0013264156377592595,0.00015626171544593293,8.445909651524584,1.103171087638584
2025-10-01 09:30:00-04:00,0.01695587250653774,0.0025815531026623126,8.467713215790283,1.1218763159534824
2025-10-01 10:30:00-04:00,0.007360969757007174,0.000914351248907368,8.475455679944531,1.1301344135863185
2025-10-01 11:30:00-04:00,-0.004591639729270569,0.0005130395235958319,8.479803923688829,1.1249452435134797
2025-10-01 12:30:00-04:00,0.004156919730705644,0.00035760914973286245,8.482836379159881,1.1296215505922043
2025-10-01 13:30:00-04:00,0.005239311297642546,0.00037413756691254076,8.486010126923297,1.1355399895442826
2025-10-01 14:30:00-04:00,0.009394449653655546,0.000863617867986299,8.493338796896822,1.146207762805769
2025-10-01 15:30:00-04:00,0.0029961193047276513,0.00019467511085424552,8.49499223856863,1.14964193801114
2025-10-02 09:30:00-04:00,-0.008262381352583947,0.0013971379412868541,8.506860914536071,1.1401431579003682
2025-10-02 10:30:00-04:00,0.0,0.0005632281535642018,8.511652218101592,1.1401431579003682
2025-10-02 11:30:00-04:00,-0.0006408026725763794,0.0001843138830201553,8.513221033772828,1.139412551117666
2025-10-02 12:30:00-04:00,-0.001026059122767431,0.00024920552800401113,8.515342575515565,1.138243446474996
2025-10-02 13:30:00-04:00,-0.002309681916248474,0.0002953131160801654,8.51785726786603,1.1356144661703844
2025-10-02 14:30:00-04:00,0.0027023397107568403,0.000282082606274783,8.520260007244026,1.1386832822384265
2025-10-02 15:30:00-04:00,0.0032071420129924366,0.0003257468216970841,8.523035454861418,1.1423352012323855
2025-10-03 09:30:00-04:00,0.022515059197349085,0.002831263051107508,8.547166410228048,1.1680549459113483
2025-10-03 10:30:00-04:00,0.01288626016970218,0.0012100624313231274,8.557509015195333,1.1831068058368692
2025-10-03 11:30:00-04:00,0.00012354417420423758,0.0004968147366225191,8.561760511782861,1.1832529717901918
2025-10-03 12:30:00-04:00,-0.004322569702908674,0.0005603126045047831,8.566557774114365,1.1781382783434549
2025-10-03 13:30:00-04:00,-0.003597133535692354,0.0004086648343906165,8.570058625028421,1.1739003576327427
2025-10-03 14:30:00-04:00,0.0014315680461627345,0.0001604864034221265,8.57143400291427,1.1755808758741086
2025-10-03 15:30:00-04:00,-0.0046242979596051725,0.0003978275277939819,8.574843955313298,1.1701446396284532
2025-10-06 09:30:00-04:00,0.019444747224669934,0.0021855820079381446,8.593584979982909,1.192897806362331
2025-10-06 10:30:00-04:00,0.003736375296313099,0.00034988324467100757,8.596591731379062,1.1973549202570493
2025-10-06 11:30:00-04:00,-0.002257857620139081,0.00031925278494223785,8.599336217230316,1.1946514633263359
2025-10-06 12:30:00-04:00,0.001588967232893701,0.00030763086449783533,8.601981638464931,1.19654972535629
2025-10-06 13:30:00-04:00,0.00022353371110117592,0.00015471948105746553,8.6033125326001,1.196817194556916
2025-10-06 14:30:00-04:00,0.0005104074586748109,0.00036744132134533753,8.606473745125024,1.197428058979688
2025-10-06 15:30:00-04:00,0.0022577197105411173,0.0003539421061438605,8.609519938568845,1.2001315159104013
2025-10-07 09:30:00-04:00,0.023805197333999217,0.0024344113183631787,8.630479051352971,1.2287008834734001
2025-10-07 10:30:00-04:00,-0.003568066665372127,0.0013157804444462657,8.641834866914945,1.2243167968093653
2025-10-07 11:30:00-04:00,-0.003103391501775965,0.0007209935378056098,8.648065574008774,1.2205172624666656
2025-10-07 12:30:00-04:00,-0.0008381189851260906,0.0002782327826438023,8.650471749357916,1.2194943237773181
2025-10-07 13:30:00-04:00,-0.00047924850323977086,0.0002563435226720234,8.652689241758921,1.2189098829479386
2025-10-07 14:30:00-04:00,0.001798272268300094,0.00018341682687312896,8.654276290563564,1.2211018147880008
2025-10-07 15:30:00-04:00,-0.003949188742241816,0.0004350043823428581,8.658040938675965,1.216279453247909
2025-10-08 09:30:00-04:00,0.003843480360428586,0.001070142512194516,8.667306276356763,1.2209541994392603
2025-10-08 10:30:00-04:00,-0.0014350219504025707,0.0004109639080522488,8.670868226416381,1.2192021033626288
2025-10-08 11:30:00-04:00,0.0022773875190129633,0.00034424428225469613,8.67385312322551,1.221978699015981
2025-10-08 12:30:00-04:00,0.005381451010064486,0.0005935334891061098,8.679001345533731,1.228554717520078
2025-10-08 13:30:00-04:00,0.0004163632953066987,0.0002037002291173637,8.680769260096326,1.2290662426107293
2025-10-08 14:30:00-04:00,-0.006063873918012552,0.0010920136376225624,8.690248778513405,1.2216133398786524
2025-10-08 15:30:00-04:00,0.005562489755373878,0.0004081952644619472,8.69379609691179,1.2284085515667555
2025-10-09 09:30:00-04:00,-0.0038662497939718765,0.0014283387103026753,8.706213782416487,1.2236592172573473
2025-10-09 10:30:00-04:00,0.0018510632133166283,0.0004202990043790069,8.709872995401147,1.2259242878200483
2025-10-09 11:30:00-04:00,0.0019073031740790558,0.00038915303756036806,8.713262468934072,1.228262497105388
2025-10-09 12:30:00-04:00,-0.0034503379535723022,0.00031799297889480236,8.71603322522246,1.2240245763946758
2025-10-09 13:30:00-04:00,-0.001790849117158988,0.00030493790731815726,8.718691074154275,1.2218325330626585
2025-10-09 14:30:00-04:00,-0.00029902554355210054,1.5208391056624129e-05,8.718823671417635,1.2214671739253298
2025-10-09 15:30:00-04:00,0.0014954836557894424,0.0003371494360440915,8.72176321790142,1.2232938581200183
2025-10-10 09:30:00-04:00,0.005495150991561504,0.0011171172830067608,8.73150645033043,1.2300160425774376
2025-10-10 10:30:00-04:00,0.00023766511697886905,0.0009316897393481812,8.739641505299256,1.2303083744840826
2025-10-10 11:30:00-04:00,-0.005226302751475509,0.0005863739541398216,8.744766203446483,1.2238784104413531
2025-10-10 12:30:00-04:00,-0.0016178871268657247,0.00045111337525091037,8.7487110844443,1.221898313316251
2025-10-10 13:30:00-04:00,-0.00035284392017165267,0.0004212990270281319,8.752396907911926,1.2214671739253296
2025-10-10 14:30:00-04:00,-0.0009571314462041292,0.00031530982933773396,8.755156624687256,1.2202980692826595
2025-10-10 15:30:00-04:00,-0.0016166039312145442,0.00030955015500730497,8.75786678477754,1.2183253306266035
2025-10-13 09:30:00-04:00,0.005157734089116461,0.0012002096024881419,8.768378060589942,1.2246091287160104
2025-10-13 10:30:00-04:00,0.0027445789876285875,0.0004436244699150642,8.772267927659087,1.2279701651987425
2025-10-13 11:30:00-04:00,0.007794820764156052,0.0008954884402757219,8.780123392183306,1.2375419725401977
2025-10-13 12:30:00-04:00,0.000413339589283801,0.00046147760967293644,8.784175222538964,1.238053497630849
2025-10-13 13:30:00-04:00,-0.006373948391721451,0.0006368514676756384,8.789769437421757,1.2301622085307597
2025-10-13 14:30:00-04:00,0.001900641864276631,0.00030353416260768236,8.792437432727459,1.2325003063241442
2025-10-13 15:30:00-04:00,-0.0005335329724824867,7.298481279188342e-05,8.79307914712747,1.2318427267721255
2025-10-14 09:30:00-04:00,-0.001957422375128859,0.0009618535817197098,8.801536801799479,1.2294314902561019
2025-10-14 10:30:00-04:00,-0.001842372332783837,0.0004894114465588238,8.805844374657587,1.227166419693401
2025-10-14 11:30:00-04:00,0.004822849498731241,0.0006205035155364029,8.811308432049328,1.233084858645479
2025-10-14 12:30:00-04:00,0.0045034948469036,0.00035725905834639647,8.814456351802562,1.2386380499521839
2025-10-14 13:30:00-04:00,-0.0015337999001410196,0.0002489040327141958,8.81665030553471,1.2367382270348564
2025-10-14 14:30:00-04:00,0.0010634995888709753,0.00021344098209965024,8.818532140034753,1.238053497630849
2025-10-14 15:30:00-04:00,-0.0010032941837574416,0.0002371746368758343,8.820623672192845,1.2368113657574955
2025-10-15 09:30:00-04:00,0.012937923944759788,0.0017378893715524497,8.835952940323214,1.2528131371416804
2025-10-15 10:30:00-04:00,0.0014580659641358906,0.0003011950524318,8.83861428563236,1.254639821336369
2025-10-15 11:30:00-04:00,-0.005532654882567933,0.0007415483402971814,8.845168545386398,1.2476983322029882
2025-10-15 12:30:00-04:00,-0.004567807474751606,0.0003283294178662194,8.848072674425834,1.2419990864349162
2025-10-15 13:30:00-04:00,0.0034121769951351855,0.0002461198420416181,8.850250360674837,1.2462370071456284
2025-10-15 14:30:00-04:00,0.008560077009649447,0.0007688925724440682,8.85705525244143,1.25690489189907
2025-10-15 15:30:00-04:00,-0.0025578562404250382,0.0004237473174035411,8.860808405844748,1.2536899098777052
2025-10-16 09:30:00-04:00,0.007576658339459863,0.0009245739395866568,8.869000878380463,1.2631886899884768
2025-10-16 10:30:00-04:00,-0.006305018312664612,0.0007043464107789856,8.875247727316346,1.2552242621657486
2025-10-16 11:30:00-04:00,-0.0037836540071443103,0.0003599012708463996,8.878441940252483,1.2504749278563403
2025-10-16 12:30:00-04:00,0.002454120430309681,0.0002205614681878753,8.880400182442045,1.2535437439243826
2025-10-16 13:30:00-04:00,-0.005479146973554894,0.0006484317119967716,8.886158515535563,1.2466753935136408
2025-10-16 14:30:00-04:00,-0.00011715516495092171,0.0001810604766896778,8.887767447632326,1.2465293390522734
2025-10-16 15:30:00-04:00,-0.002872247805587702,0.00022275922202125248,8.889747279794467,1.2429489978935797
2025-10-17 09:30:00-04:00,-0.001939931984425658,0.0009366979915742731,8.898074288217053,1.2405377613775561
2025-10-17 10:30:00-04:00,-0.004829733015227711,0.0006034979281501801,8.903444257614519,1.2345462951947943
2025-10-17 11:30:00-04:00,-0.00023679298847112396,0.00019092794820308625,8.905144173958565,1.234253963288149
2025-10-17 12:30:00-04:00,-0.0007103665551042582,0.00010205795963029351,8.906053014803172,1.2333771905521242
2025-10-17 13:30:00-04:00,0.001976320493140893,0.0002501803744874891,8.908281134481621,1.2358147391695848
2025-10-17 14:30:00-04:00,-0.00310528186612824,0.0002859302662037037,8.910828281677821,1.2319771860701476
2025-10-17 15:30:00-04:00,0.002678390431785971,0.00019704770988181666,8.912584139983876,1.2352769019774965
2025-10-20 09:30:00-04:00,0.0035845428627026,0.0008483531713775338,8.9201451590042,1.2397048049799413
2025-10-20 10:30:00-04:00,-0.002746592817434945,0.00041488030547168415,8.92384595155262,1.2362998406668437
2025-10-20 11:30:00-04:00,0.0010638767010462402,0.0004384355113920696,8.927758482515973,1.2376151112628364
2025-10-20 12:30:00-04:00,0.0008265402385914111,0.00017606168626355684,8.929330318728958,1.2386380499521839
2025-10-20 13:30:00-04:00,-5.90476956862096e-05,0.00010657013562123406,8.930281918672033,1.238564911229545
2025-10-20 14:30:00-04:00,0.0013569169593645736,0.00022437887844035506,8.932285685313103,1.240245540962866
2025-10-20 15:30:00-04:00,-0.0011193733666627903,-1.1383167917366897e-05,8.93218400760526,1.23885724313619
2025-10-21 09:30:00-04:00,-0.017398979033587225,0.0022741308892650597,8.952496963165554,1.2173023919372556
2025-10-21 10:30:00-04:00,0.005882327080649397,0.0006322103738661367,8.958156824617673,1.2244629627626875
2025-10-21 11:30:00-04:00,-0.001074161192287093,0.00015808433531744947,8.959572968884963,1.223147692166695
2025-10-21 12:30:00-04:00,-0.0026283584149308092,0.000164822003830736,8.961049703655164,1.2199328216372856
2025-10-21 13:30:00-04:00,0.0025071534710041643,0.00029276119550753486,8.963673151279407,1.2229913804454453
2025-10-21 14:30:00-04:00,-0.002261944309421393,0.0001698162346322892,8.96519532850243,1.2202250420519754
2025-10-21 15:30:00-04:00,0.005688604480492243,0.00040899414022953966,8.9688620408578,1.2271664196934011
2025-10-22 09:30:00-04:00,-0.0026198419136729267,0.0010653743023314273,8.978417235997286,1.2239514376720364
2025-10-22 10:30:00-04:00,-0.007820414312892154,0.0006210292113478792,8.98399309537251,1.2143796303305812
2025-10-22 11:30:00-04:00,-0.003369419788666672,0.0006452027901733177,8.989789592784541,1.2102878755731916
2025-10-22 12:30:00-04:00,0.004950539285440314,0.0007173230117496817,8.996238175730234,1.2162794532479089
2025-10-22 13:30:00-04:00,0.000360432273061706,0.0004669273745014261,9.000438765602018,1.2167178396159213
2025-10-22 14:30:00-04:00,0.0012514369257736746,0.0003163618336768126,9.003286160913799,1.2182404852486641
2025-10-22 15:30:00-04:00,-0.006048114016366513,0.0006124002279062059,9.008799775410647,1.2108724278945266
2025-10-23 09:30:00-04:00,0.0015688782580305372,0.0012891291665099542,9.020413281956378,1.212772139319899
2025-10-23 10:30:00-04:00,-0.0027713668328634977,0.00035260644412141325,9.023593937808235,1.2094111028371668
2025-10-23 11:30:00-04:00,0.0015707739253556507,0.0002350460548055136,9.025714897963484,1.211310814262539
2025-10-23 12:30:00-04:00,0.0036192912771968455,0.0001732886572687934,9.027278951979042,1.2156949009265736
2025-10-23 13:30:00-04:00,0.00024037315157543482,-1.2066437762067023e-05,9.027170024879407,1.2159871213412636
2025-10-23 14:30:00-04:00,0.004927336457402731,0.00036502480794750884,9.030465165884047,1.2219786990159807
2025-10-23 15:30:00-04:00,-0.004305197303599462,0.00026133370438476383,9.032825130798166,1.216717839615921
2025-10-24 09:30:00-04:00,0.006966060374478111,0.0006897414133493467,9.03905544437042,1.2251935695453902
2025-10-24 10:30:00-04:00,0.004413200891503433,0.00047853066790873083,9.043380909609478,1.2306005948987722
2025-10-24 11:30:00-04:00,0.005700075551029249,0.00042740312384763183,9.04724607886039,1.2376151112628366
2025-10-24 12:30:00-04:00,-0.0012988618158048526,0.0001850543651246639,9.048920311239641,1.2360076202521542
2025-10-24 13:30:00-04:00,-0.004138075981840239,0.00022654099981405613,9.050970262694188,1.2308929268054172
2025-10-24 14:30:00-04:00,0.0005935583565326308,0.00015650985896364084,9.052386828773486,1.2316235335881194
2025-10-24 15:30:00-04:00,0.0016018288821288973,3.710367736823057e-05,9.052722705613794,1.2335963837361306
2025-10-27 09:30:00-04:00,-0.00308004659610972,0.0009860989549964345,9.061649586013672,1.2297968493934308
2025-10-27 10:30:00-04:00,0.0016042081657505758,0.0004186753691689766,9.065443475499377,1.231769699541442
2025-10-27 11:30:00-04:00,0.0014829754258192107,6.0834925033024986e-05,9.0659949710736,1.2335963837361306
2025-10-27 12:30:00-04:00,0.0133270151963365,0.0012654418266471717,9.077467460310169,1.2500365414883277
2025-10-27 13:30:00-04:00,-0.0031564679631880255,0.0024230294106695614,9.099462430940896,1.2460908411923053
2025-10-27 14:30:00-04:00,0.003928775971101528,0.0013733419948886033,9.11195910482822,1.2509864529469914
2025-10-27 15:30:00-04:00,0.0047310176206432075,0.0004637639874454149,9.116184903316114,1.2569048918990695
2025-10-28 09:30:00-04:00,-0.019997688384879142,0.003963507772226113,9.152316973033459,1.2317696995414418
2025-10-28 10:30:00-04:00,-0.01459251801606054,0.001435024695001501,9.165450773906244,1.213795078009246
2025-10-28 11:30:00-04:00,0.004274059322999069,0.0009732962701418524,9.174371472958656,1.2189829101786218
2025-10-28 12:30:00-04:00,0.007612565237198998,0.0012021098197668443,9.185400074996489,1.2282624971053873
2025-10-28 13:30:00-04:00,-0.006662762256456234,0.000713459401116084,9.191953485033006,1.2200788760986527
2025-10-28 14:30:00-04:00,0.0015571312269599957,0.00021918495550448782,9.193968222948621,1.2219786990159802
2025-10-28 15:30:00-04:00,-0.0008371166290960241,0.0007363730500852789,9.200738413371342,1.2209557603266328
2025-10-29 09:30:00-04:00,-0.011609828668734168,0.0015106231433732213,9.214637261754705,1.2067806731371364
2025-10-29 10:30:00-04:00,-0.0012715349310407076,0.0007369256826851742,9.22142776460952,1.2052462093571377
2025-10-29 11:30:00-04:00,-0.00012127476708723162,0.0005652562983049214,9.22664023473283,1.205100043403815
2025-10-29 12:30:00-04:00,-0.003941029075058111,0.0004182729932512338,9.230499489161463,1.2003507090944068
2025-10-29 13:30:00-04:00,-0.002434830164697921,0.0006844410936236467,9.236817222326518,1.197428058979687
2025-10-29 14:30:00-04:00,-0.006041038953299993,0.0006569036472083481,9.242884921248463,1.1901943494316163
2025-10-29 15:30:00-04:00,0.00399038552962061,0.0007394853209517782,9.249719898970971,1.1949436837410243
2025-10-30 09:30:00-04:00,0.005870164811536682,0.0007866776146901086,9.256996446557645,1.2019582001050888
2025-10-30 10:30:00-04:00,-0.004376907116736328,0.0006039907802266431,9.262587587063956,1.1966973407050292
2025-10-30 11:30:00-04:00,0.0030528758317660554,0.0005745109219570278,9.267909044798309,1.2003507090944063
2025-10-30 12:30:00-04:00,-0.002191384301354904,0.0003983245143545015,9.271600680167658,1.1977202793943766
2025-10-30 13:30:00-04:00,-0.001098051963102975,0.0003930371450033192,9.275244763628603,1.1964051202903394
2025-10-30 14:30:00-04:00,-0.003542212114307608,0.00036042788362034115,9.27858782046882,1.1921671995796272
2025-10-30 15:30:00-04:00,0.000735444437939492,0.00022879767658882084,9.280710739804169,1.193043972315652
2025-10-31 09:30:00-04:00,0.0035521915445300145,0.0012283542310249339,9.292110740108326,1.1972818930263642
2025-10-31 10:30:00-04:00,-0.005492456323276218,0.0004848984151997202,9.296616469880064,1.1907058745222674
2025-10-31 11:30:00-04:00,-0.000122755716965961,0.0001923231904736107,9.298404424820161,1.1905597085689448
2025-10-31 12:30:00-04:00,-0.005523561690120138,0.0006544640717766704,9.304489896441055,1.1839835785728927
2025-10-31 13:30:00-04:00,0.0035793745685395173,0.00025585549561266347,9.306870501314933,1.1882214992836049
2025-10-31 14:30:00-04:00,0.004193868259841249,0.00026484502965505314,9.309335379708848,1.1932047437151114
2025-10-31 15:30:00-04:00,-0.003074052340835909,0.00031464056586716794,9.312264474260568,1.1895367698795976
2025-11-03 09:30:00-05:00,-0.007739617579886726,0.0006754072973059034,9.318554045640925,1.1803302101835158
2025-11-03 10:30:00-05:00,0.009409461035253308,0.001430523999626898,9.331884460845034,1.19143648130497
2025-11-03 11:30:00-05:00,-0.0011811384670091796,0.0004126324978095229,9.335735099639383,1.1900292298459028
2025-11-03 12:30:00-05:00,0.0035157515525576777,0.0004497869961784279,9.339934191886966,1.1942130769583226
2025-11-03 13:30:00-05:00,0.0030592265818110143,0.00035577833616341856,9.343257138133632,1.1978664453476997
2025-11-03 14:30:00-05:00,-0.0019519782814028108,0.00010511992121708288,9.344239300587903,1.1955282360623598
2025-11-03 15:30:00-05:00,-0.00030551151729929504,0.00020889698527290124,9.346191284007464,1.1951629884169863
2025-11-04 09:30:00-05:00,-0.0012227926763785923,0.0012132029449884792,9.357530110797647,1.1937015518676712
2025-11-04 10:30:00-05:00,-0.0005362105075964463,0.0006613076242865895,9.363718316804409,1.1930614765526255
2025-11-04 11:30:00-05:00,0.002802574555819115,0.00022299921469385727,9.365806418635671,1.1964051202903399
2025-11-04 12:30:00-05:00,-0.0031147535636688595,0.00037524167452436866,9.36932085951947,1.1926786131783238
2025-11-04 13:30:00-05:00,-0.0009801409514668125,0.00016755136766620122,9.370890702043587,1.1915096200276092
2025-11-04 14:30:00-05:00,-7.36411752795263e-05,0.00018661279232512558,9.37263943012407,1.1914218758588335
2025-11-04 15:30:00-05:00,0.0020973840110520836,0.000180155209460543,9.3743279599438,1.1939207450516776
2025-11-05 09:30:00-05:00,-0.0014687285394088256,0.0005370083223752355,9.379362052074965,1.192167199579628
2025-11-05 10:30:00-05:00,0.006251464763289638,0.0007095104236410679,9.386016807218015,1.1996199908197496
2025-11-05 11:30:00-05:00,0.0020709685214270745,0.0005653492849765435,9.391323185108755,1.2021043660584119
2025-11-05 12:30:00-05:00,0.00030393295927111375,0.0002502071429085319,9.393672961251031,1.2024697251957408
2025-11-05 13:30:00-05:00,-0.0016406651300014952,0.0003709788091638374,9.397157814859872,1.2004968750477296
2025-11-05 14:30:00-05:00,0.0011564360187283906,0.0001766906440138061,9.398818204726078,1.2018851728744058
2025-11-05 15:30:00-05:00,-0.0012767141276307514,0.0001835529293381204,9.400543385339873,1.200350709094407
2025-11-06 09:30:00-05:00,0.0054175760668473405,0.0007819937595928179,9.40789455160399,1.2068537003678201
2025-11-06 10:30:00-05:00,0.0021190658557592723,0.0003138938422591477,9.410847631772361,1.2094111028371664
2025-11-06 11:30:00-05:00,0.0009665804687688517,0.00018039406584520205,9.412545292839706,1.210580095987881
2025-11-06 12:30:00-05:00,-0.00356105965700515,0.00040113288120637773,9.416320974252509,1.206269148046485
2025-11-06 13:30:00-05:00,0.0018172091490256115,4.207768121809166e-05,9.41671719120471,1.2084611913785026
2025-11-06 14:30:00-05:00,-0.0013906265698521159,0.00022951314996909797,9.418878451629629,1.2067806731371364
2025-11-06 15:30:00-05:00,-0.006660245090367445,0.0005291268626318149,9.42386223323425,1.1987432180837245
2025-11-07 09:30:00-05:00,0.01219066213435549,0.001524763922463187,9.438231398377749,1.2133566916412333
2025-11-07 10:30:00-05:00,-0.0038540250455116887,0.0005597193358024327,9.443514158987199,1.2086803845625087
2025-11-07 11:30:00-05:00,0.0,0.0002112693182789297,9.445509283785727,1.2086803845625087
2025-11-07 12:30:00-05:00,0.004709267117825711,0.0006081517143844712,9.451253586449896,1.2143723833534898
2025-11-07 13:30:00-05:00,0.004217767543167827,0.00028042461439187357,9.453903950592396,1.2194943237773175
2025-11-07 14:30:00-05:00,0.0023966996399145124,0.00013520745048337462,9.455182188842672,1.2224170853839924
2025-11-07 15:30:00-05:00,0.003765628287696554,0.0004330233370630572,9.459276503386624,1.2270202537400778
2025-11-10 09:30:00-05:00,0.01107604770722892,0.0009104576780413592,9.467888774307848,1.2406107886082391
2025-11-10 10:30:00-05:00,-0.011013576719071771,0.0011207444521340614,9.478499858125078,1.2269472265093941
2025-11-10 11:30:00-05:00,0.001699621210916602,0.0003956635518911518,9.482250155045543,1.2290325720402449
2025-11-10 12:30:00-05:00,0.008647790825952129,0.0008137425221829813,9.48996626520268,1.2396609886415308
2025-11-10 13:30:00-05:00,0.004774239898090116,0.0003642615625314248,9.493423095142813,1.2455794275936092
2025-11-10 14:30:00-05:00,-0.0005279306461323241,0.00013402213756194957,9.494695423998802,1.2449218480415905
2025-11-10 15:30:00-05:00,-0.004812814301670909,0.000417848747326098,9.498662770587963,1.2389302703668732
2025-11-11 09:30:00-05:00,0.0011795054914003344,0.00072990516623311,9.50559589361652,1.240391595424233
2025-11-11 10:30:00-05:00,0.007481175268356788,0.0006917073099992736,9.512170983782035,1.2496711823509985
2025-11-11 11:30:00-05:00,0.0005847284349493886,0.00010980493277882287,9.513215467077488,1.250401900625656
2025-11-11 12:30:00-05:00,-0.003447739027902852,0.00032678323869564645,9.51632422643823,1.2460908411923048
2025-11-11 13:30:00-05:00,0.003225067863319442,0.0001512916234163088,9.517763966579405,1.250109568719011
2025-11-11 14:30:00-05:00,0.0021041593199908615,9.770292055970712e-05,9.518693879916139,1.2527399984190408
2025-11-11 15:30:00-05:00,0.0005832960355538486,2.7451305295422167e-05,9.518955180487849,1.2534707166936985
2025-11-12 09:30:00-05:00,-0.003439209136665622,0.0010130412951506157,9.52859827517237,1.2491597687523026
2025-11-12 10:30:00-05:00,-0.004562552687491617,0.0003452104308484549,9.531887646688325,1.2434604114922754
2025-11-12 11:30:00-05:00,0.00329070890518679,0.00036304484168804996,9.535348149330005,1.2475522777416201
2025-11-12 12:30:00-05:00,0.000644257975943141,0.00019798236764143656,9.537235980132895,1.2483560232469613
2025-11-12 13:30:00-05:00,0.0029265436472800666,0.0002679475058738886,9.5397914587267,1.2520093916363384
2025-11-12 14:30:00-05:00,0.003501551347270482,0.0002505076125204122,9.542181249108967,1.256393366808418
2025-11-12 15:30:00-05:00,-0.0010467733583934269,0.000283472755605833,9.544886197522143,1.2550782077043807
2025-11-13 09:30:00-05:00,-0.012866080566439786,0.0014307847476915788,9.558542875112009,1.2389302703668734
2025-11-13 10:30:00-05:00,-0.0007076852967400349,0.0002662369679775744,9.561087712585362,1.2380534976308486
2025-11-13 11:30:00-05:00,0.005429639729044755,0.0005361946868094131,9.56621431701697,1.2447756820882678
2025-11-13 12:30:00-05:00,0.0008217855667225216,9.929272572898427e-05,9.567164172511415,1.245798620777615
2025-11-13 13:30:00-05:00,-0.002639278288810498,0.0003281964315442399,9.57030408165283,1.2425106115255666
2025-11-13 14:30:00-05:00,-0.008409337894190183,0.0008878540525779586,9.578801114916129,1.2320619199561313
2025-11-13 15:30:00-05:00,-0.0037955130363018785,0.0003524982579190012,9.582177625622089,1.2273856128774068
2025-11-14 09:30:00-05:00,-0.005476831720114705,0.0014938831376550105,9.59649227919902,1.2206634284199873
2025-11-14 10:30:00-05:00,0.005506992591824078,0.0003848276716141403,9.600185274978488,1.2273856128774068
2025-11-14 11:30:00-05:00,0.00023817446088503225,0.0001451012298304118,9.601578273668487,1.2276779447840518
2025-11-14 12:30:00-05:00,-0.0034519808136307395,0.00036674852022744225,9.605099638292202,1.2234400240733396
2025-11-14 13:30:00-05:00,0.002508350231852585,0.0002531419986247802,9.607531092411628,1.2265088401413817
2025-11-14 14:30:00-05:00,0.0023233610641628655,0.0005663250620184323,9.612972078053383,1.2293584630254177
2025-11-14 15:30:00-05:00,-0.002852872080469915,0.00028836120918017297,9.615744086305627,1.2258512605893632
2025-11-17 09:30:00-05:00,0.014782116375889887,0.0017054388520233404,9.632143149861525,1.2439719365829265
2025-11-17 10:30:00-05:00,-0.0020558361439978468,0.0004354447145636372,9.636337415686052,1.2414145341135803
2025-11-17 11:30:00-05:00,0.006062382673918343,0.0005742797040342751,9.641871368685106,1.2489404640763409
2025-11-17 12:30:00-05:00,-0.0015210584331393218,0.00022199111552465128,9.644011778465984,1.2470407526509686
2025-11-17 13:30:00-05:00,-0.0006445222448685506,8.135740435652746e-05,9.644796390231864,1.2462370071456275
2025-11-17 14:30:00-05:00,0.0004104557060320424,4.9547998865162476e-05,9.645274270592461,1.2467485322362786
2025-11-17 15:30:00-05:00,0.005215960641035355,0.0003319325900000991,9.648475851462361,1.2532515235096917
2025-11-18 09:30:00-05:00,0.003381540441972808,0.0011821969040405704,9.65988224974267,1.2574894442204039
2025-11-18 10:30:00-05:00,0.00023238399020608647,0.0002187027172551644,9.661994892239054,1.2577816646350939
2025-11-18 11:30:00-05:00,-0.0024398638923811555,0.0003242581150368893,9.665127872490308,1.2547128485670516
2025-11-18 12:30:00-05:00,0.0037269938568536,0.0003749653101660224,9.668751960160812,1.2593891556457761
2025-11-18 13:30:00-05:00,-0.0071362016893912195,0.0008595181132887397,9.677062427603465,1.2504019006256557
2025-11-18 14:30:00-05:00,-0.007027442101666503,0.0007206014194643057,9.684035732525041,1.2416147736651952
2025-11-18 15:30:00-05:00,-0.003633322982855569,0.00020094807823602278,9.685981720895063,1.2371035861721844
2025-11-19 09:30:00-05:00,-0.0038390756946259375,0.0009905398924213542,9.695576072186872,1.2323542518627761
2025-11-19 10:30:00-05:00,0.004150343490117336,0.000652056431909057,9.701898134925806,1.2374689453095131
2025-11-19 11:30:00-05:00,-0.00011811686578200309,0.0004962109560699647,9.706712323075031,1.2373227793561905
2025-11-19 12:30:00-05:00,0.00041341281287765597,0.0004906107266904245,9.71147454026163,1.2378343044468418
2025-11-19 13:30:00-05:00,-0.007495460012714283,0.0008298937235982653,9.719534032029477,1.2285561669154945
2025-11-19 14:30:00-05:00,0.0041619945339224085,0.0006661130192266447,9.72600834018903,1.2336694109668134
2025-11-19 15:30:00-05:00,-0.0018952385238703018,0.0003328876190045965,9.729246007947813,1.2313313131734287
2025-11-20 09:30:00-05:00,0.01839538788353301,0.0013821839578669652,9.742693615702139,1.253982130292394
2025-11-20 10:30:00-05:00,-0.0008157522062207656,0.0010916746865498213,9.753329467701212,1.2529591916030465
2025-11-20 11:30:00-05:00,-0.010222712656475341,0.0014183854180949786,9.767163447996074,1.240150549816999
2025-11-20 12:30:00-05:00,0.0002533437008265249,0.0007943822913115628,9.774922309675507,1.2404647341468715
2025-11-20 13:30:00-05:00,-0.002187659282762322,0.00048290377970475955,9.77964265660517,1.2377510199562758
2025-11-20 14:30:00-05:00,0.000362466781009374,0.0002486920056438963,9.782074775551921,1.2381996635841703
2025-11-20 15:30:00-05:00,-0.005074947340251601,0.0005218515237888963,9.78717956617936,1.2319158654947635
2025-11-21 09:30:00-05:00,-0.009018975742508428,0.0015874166262256626,9.80271589774657,1.2208052461870549
2025-11-21 10:30:00-05:00,-0.011667517221451207,0.002111876352367119,9.823418021639993,1.2065614799531295
2025-11-21 11:30:00-05:00,0.003330635116004954,0.0006513743412987868,9.829816744083141,1.2105800959878803
2025-11-21 12:30:00-05:00,-0.00030171291150749013,0.00023165028901813976,9.832093823972903,1.2102148483425068
2025-11-21 13:30:00-05:00,0.0026202406914295207,0.0005757101184384792,9.837754259872801,1.213385902533506
2025-11-21 14:30:00-05:00,-0.0017101634909681973,0.00016188545987440124,9.839346849245292,1.2113108142625377
2025-11-21 15:30:00-05:00,0.007298870326800211,0.000599390877394816,9.845244463986253,1.2201520148212908
2025-11-24 09:30:00-05:00,0.009311890679858159,0.0014131904785413083,9.85915766972167,1.2315139369961152
2025-11-24 10:30:00-05:00,-0.0020469383514858386,0.0005937896790890682,9.865011935790463,1.2289931038880886
2025-11-24 11:30:00-05:00,-0.0014268147367971773,0.00043151475725299265,9.869268834021232,1.227239558416039
2025-11-24 12:30:00-05:00,-0.001964764335934288,0.00025941604190724986,9.871829080678673,1.2248283219000153
2025-11-24 13:30:00-05:00,0.0038775510204080987,0.0006206011166308826,9.877955548829332,1.2295776562094234
2025-11-24 14:30:00-05:00,0.0029712384337234887,0.0004179492133473331,9.882084032580446,1.2332310245988005
2025-11-24 15:30:00-05:00,-0.0018959122392702144,0.000879034412744685,9.89077072451472,1.2308929268054158
2025-11-25 09:30:00-05:00,0.0063516088257498104,0.0006398877219544843,9.897099707262004,1.2387110771828662
2025-11-25 10:30:00-05:00,-0.0011207599998488416,0.0006472506415474222,9.903505611396987,1.23732277935619
2025-11-25 11:30:00-05:00,0.003070770542733081,0.00025949854450478646,9.90607555668864,1.2411223136988896
2025-11-25 12:30:00-05:00,-0.005651752681135269,0.000578848264859729,9.911809671336197,1.2341077973348251
2025-11-25 13:30:00-05:00,-0.0007222855119193294,7.262887732781197e-05,9.912529554944914,1.2332164191526636
2025-11-25 14:30:00-05:00,0.0032113631319310443,0.00024340653348052215,9.914942329401905,1.2371767248948224
2025-11-25 15:30:00-05:00,0.002008010413321104,0.00017749167523439777,9.916702149125802,1.2396609886415297
2025-11-26 09:30:00-05:00,0.0018271693498908004,0.0006230506571617836,9.922880756916694,1.241926059204231
2025-11-26 10:30:00-05:00,0.00041179069792907086,0.0003240685209235887,9.92609645020689,1.242437472802927
2025-11-26 11:30:00-05:00,0.0002352890290613363,0.0001760323525658663,9.927843764316815,1.2427298047095723
2025-11-26 12:30:00-05:00,0.004056928704008644,0.00019896307559313575,9.929819038646173,1.2477714709256256
2025-11-26 13:30:00-05:00,0.0002928093371599161,0.0002335795642550413,9.93213844145035,1.2481368300629543
2025-11-26 14:30:00-05:00,0.001990377726921011,0.0002503080558454091,9.934624535714017,1.2506210938096614
2025-11-26 15:30:00-05:00,-0.000817944535247972,3.3827764065600747e-05,9.934960601848893,1.249598155120314
2025-11-28 09:30:00-05:00,0.008420081893531606,0.0011183191406479301,9.946071058451523,1.260119873920433
2025-11-28 10:30:00-05:00,0.001043677773246765,0.00021744042123034784,9.948233736332059,1.2614350330244701
2025-11-28 11:30:00-05:00,-0.0011005702159290198,0.0001359408201150521,9.949586107384873,1.260046735197794
2025-12-01 09:30:00-05:00,-0.015366737856653767,0.001127768356143599,9.960806935753508,1.240683927330877
2025-12-01 10:30:00-05:00,0.002532347868392959,0.0003295639380084637,9.964089658512998,1.2438257706296028
2025-12-01 11:30:00-05:00,-0.006873043519415645,0.0005547437989838725,9.969617175463577,1.2352769019774947
2025-12-01 12:30:00-05:00,0.00641553295288344,0.0006847991569638242,9.976444360900587,1.2432018616480671
2025-12-01 13:30:00-05:00,-0.0026131336286299156,0.00012956542174451097,9.977736963121718,1.2399532090562193
2025-12-01 14:30:00-05:00,0.0019469567796814857,0.00010025286082638037,9.978737259796844,1.2423673443630792
2025-12-01 15:30:00-05:00,-0.004001575143460778,0.00038347164866555175,9.982563822625458,1.2373959180788285
2025-12-02 09:30:00-05:00,-0.0007676697852200265,0.0006951733294692111,9.98950343475467,1.2364460066201648
2025-12-02 10:30:00-05:00,0.0011818753504282409,0.00034379842019492343,9.99293781025407,1.2379073316775246
2025-12-02 11:30:00-05:00,-0.0008263451254959531,0.00043474669481745397,9.997282206938593,1.2368843929881772
2025-12-02 12:30:00-05:00,0.0010633739122658525,9.542097488921716e-05,9.99823615735302,1.2381996635841697
2025-12-02 13:30:00-05:00,-0.0030096172867863924,0.00020195998688674453,10.00025540099625,1.2344731564721536
2025-12-02 14:30:00-05:00,0.0029002989169284454,0.000225432047585349,10.002509779047674,1.238053497630847
2025-12-02 15:30:00-05:00,-0.0015935096114880754,0.0002600948415697913,10.005111380243957,1.2360806474828359
2025-12-03 09:30:00-05:00,0.015901179112858044,0.001288946144007312,10.018007429977885,1.255735787256398
2025-12-03 10:30:00-05:00,-0.005585981091922321,0.0005472263610585734,10.02348954772885,1.2487212708923334
2025-12-03 11:30:00-05:00,-0.004388531461588463,0.00032757718260438985,10.02677301419476,1.2432412183082677
2025-12-03 12:30:00-05:00,-0.005935906806146529,0.0005893940134849044,10.032682734183897,1.2358614542988298
2025-12-03 13:30:00-05:00,0.002069327804059551,0.00016029686615990298,10.034290941785363,1.2384188567681758
2025-12-03 14:30:00-05:00,0.003067962692896664,0.0001944994686354774,10.036242606041673,1.2422182796189203
2025-12-03 15:30:00-05:00,-0.0003529060674802853,8.81114096577209e-05,10.03712691352536,1.2417798932509079
2025-12-04 09:30:00-05:00,-0.009708702124819002,0.0007358537495224004,10.044512770999109,1.2297238221627453
2025-12-04 10:30:00-05:00,-0.0005942133196804589,0.00046618793107078727,10.049195401626434,1.228993103888088
2025-12-04 11:30:00-05:00,-0.006599290312074846,0.0009178498229073837,10.05841905384618,1.2208826216039925
2025-12-04 12:30:00-05:00,-0.0048476723702582936,0.0004720239365038092,10.063166868402982,1.2149641826519144
2025-12-04 13:30:00-05:00,-0.00396923061675869,0.000450290142558237,10.067698213246743,1.2101417096198672
2025-12-04 14:30:00-05:00,0.0018113939174164706,0.00022211721203520352,10.069934422305481,1.2123337529518847
2025-12-04 15:30:00-05:00,0.005303790335848824,0.00045618251058844974,10.074528150271709,1.2187637169946142
2025-12-05 09:30:00-05:00,0.005395646762698769,0.0005634490942016785,10.080204634032489,1.2253397354987108
2025-12-05 10:30:00-05:00,0.0028383895853711927,0.0004613642067545701,10.084855279647392,1.2288177270424918
2025-12-05 11:30:00-05:00,-0.006933215213569155,0.0008277253910315411,10.093202770427236,1.2202980692826573
2025-12-05 12:30:00-05:00,-0.001975940613788696,0.00022546304424157302,10.095478414650005,1.2178868327666337
2025-12-05 13:30:00-05:00,0.0005400264016977019,0.00029180834218197574,10.098424359469718,1.2185445238106076
2025-12-05 14:30:00-05:00,0.001978784089466945,5.1631525329969827e-05,10.098945756522827,1.2209557603266312
2025-12-05 15:30:00-05:00,-0.0053261481576314385,0.0004061573987246813,10.103047518061157,1.214452769053218
2025-12-08 09:30:00-05:00,-0.02358470169899418,0.0024442431053294292,10.127741822299994,1.1858102627675804
2025-12-08 10:30:00-05:00,0.02089840226020767,0.002345215763946362,10.15149356207483,1.21059180264318
2025-12-08 11:30:00-05:00,-0.007131720633859917,0.0009217256748723809,10.160850454329296,1.201958200105088
2025-12-08 12:30:00-05:00,-0.008389087433510634,0.0007278502474011182,10.168246031846286,1.1918748676729813
2025-12-08 13:30:00-05:00,-0.0035556758730773685,0.0004025922302710155,10.17233968869419,1.1876369469622692
2025-12-08 14:30:00-05:00,-0.0038144157917865407,0.0005447799121777889,10.17788137501644,1.1831068058368672
2025-12-08 15:30:00-05:00,-0.004755461222631263,0.0005927652211517844,10.183914469120557,1.177480587299479
2025-12-09 09:30:00-05:00,-0.0037852971359303433,0.0011088115612240025,10.195206511222436,1.1730234734047607
2025-12-09 10:30:00-05:00,0.0029899776155626334,0.0006138905555533962,10.201465252211593,1.1765307873327704
2025-12-09 11:30:00-05:00,-0.003415743616719591,0.0003972419600756826,10.205517702264025,1.1725120598060643
2025-12-09 12:30:00-05:00,0.0011216593407616937,0.0002737624824210511,10.208311590124588,1.1738272189101016
2025-12-09 13:30:00-05:00,-0.0031745691018485456,0.0003223040776430163,10.211601770575935,1.1701008232900407
2025-12-09 14:30:00-05:00,-0.004778304963299007,0.0004257822158339439,10.215949689005026,1.1645097247185536
2025-12-09 15:30:00-05:00,-0.0005948421925693337,0.00016409406636634728,10.217626065731288,1.1638170252006337
2025-12-10 09:30:00-05:00,0.007408387390844817,0.0008367894920875111,10.226176067857171,1.1724390325753806
2025-12-10 10:30:00-05:00,0.0008724877464207914,0.0008958870009700164,10.235337566065995,1.173461971264728
2025-12-10 11:30:00-05:00,0.0017932401856821656,0.0001546380904283934,10.236920339122102,1.1755662704279697
2025-12-10 12:30:00-05:00,0.0076114695471036775,0.0007042994627904334,10.244130196617574,1.1845140572959345
2025-12-10 13:30:00-05:00,0.0029448775066684973,0.0004523463122403206,10.248764091134124,1.188002306099598
2025-12-10 14:30:00-05:00,0.005289382063607073,0.0005089353771157165,10.253980049751815,1.194286104189005
2025-12-10 15:30:00-05:00,-0.005445086609149774,0.0006335380261218392,10.260476336032427,1.1877831129155918
2025-12-11 09:30:00-05:00,0.013041308741551738,0.0012729722709999643,10.273537637895448,1.2032733592091254
2025-12-11 10:30:00-05:00,-0.004698739898973958,0.0005738973501610051,10.279433593922615,1.197619490666837
2025-12-11 11:30:00-05:00,0.00051127576242882,0.00024474105419846877,10.281949393336953,1.1982318044850273
2025-12-11 12:30:00-05:00,-0.0018904372644571454,0.0001721898916048263,10.283719841088477,1.195966622430371
2025-12-11 13:30:00-05:00,-0.003360140625483621,0.0002710514506303999,10.28650725826928,1.1919480063956205
2025-12-11 14:30:00-05:00,-0.0026972502190650838,0.00020493505114769516,10.288615324160384,1.1887330243742558
2025-12-11 15:30:00-05:00,-0.0014752319722319829,0.00016938425389354875,10.290358053590664,1.186979367410251
2025-12-12 09:30:00-05:00,0.009295228033190384,0.0008262631075750241,10.298860596814084,1.1980126113010212
2025-12-12 10:30:00-05:00,-0.0029276101895129303,0.0006554282446276776,10.305610760936718,1.1945052973730113
2025-12-12 11:30:00-05:00,-0.0015903750527939131,0.0006265765368074324,10.31206801483699,1.192605585947639
2025-12-12 12:30:00-05:00,0.004900163469662822,0.00030131787949056084,10.315175225304383,1.1984495482736155
2025-12-12 13:30:00-05:00,-0.0034129975415849723,0.0003006362176239246,10.318276340568246,1.194359242911644
2025-12-12 14:30:00-05:00,-0.00012238022537192084,0.00019753811093829122,10.320314593384701,1.1942130769583215
2025-12-12 15:30:00-05:00,-0.0004283365343429324,0.00025263043784530656,10.32292181897913,1.1937015518676701
2025-12-15 09:30:00-05:00,-0.008202218142501772,0.0018321080474786727,10.341834527117175,1.1839105513422086
2025-12-15 10:30:00-05:00,-0.0041350254520332586,0.00033779036796200454,10.345327899207492,1.179015051079478
2025-12-15 11:30:00-05:00,0.0024788912677948804,0.00033254109958998567,10.348768145922714,1.1819377011941976
2025-12-15 12:30:00-05:00,0.0020400707360357373,0.00036359452708805264,10.352530901382675,1.1843489377102212
2025-12-15 13:30:00-05:00,0.002392511152971011,9.567310324557559e-05,10.353521360140455,1.1871825057527023
2025-12-15 14:30:00-05:00,0.003583253233309547,0.0003837347685252567,10.357494366263008,1.1914364813049692
2025-12-15 15:30:00-05:00,0.00134920412116446,0.00032718728917501005,10.360883206767351,1.1930439723156514
2025-12-16 09:30:00-05:00,-0.010166607511757575,0.001241283929535373,10.373744004587703,1.18091476250485
2025-12-16 10:30:00-05:00,-0.0012374517651555506,0.00014679066968680077,10.375266773417296,1.17945343744749
2025-12-16 11:30:00-05:00,-0.004832107472089731,0.00025960218827768495,10.37796021537564,1.173754191679418
2025-12-16 12:30:00-05:00,0.000373490779517649,0.00012680883981532062,10.379276232470204,1.1741925780474305
2025-12-16 13:30:00-05:00,0.00491604579915661,0.0002965262153179697,10.382353959969159,1.1799649625381414
2025-12-16 14:30:00-05:00,0.006006571228608815,0.00048224936840193615,10.38736084360888,1.1870525061328896
2025-12-16 15:30:00-05:00,0.0008617467922120703,0.00019316830350871988,10.389367352480974,1.1880754448222368
2025-12-17 09:30:00-05:00,-0.0025831083146884426,0.0007018416582756994,10.396659043292075,1.1850065172622393
2025-12-17 10:30:00-05:00,-0.006535932953905199,0.000630453870047263,10.40321365722148,1.1772613941154726
2025-12-17 11:30:00-05:00,-0.0045245076312888655,0.00047264685859357716,10.408130703475845,1.1719348659537754
2025-12-17 12:30:00-05:00,-0.0042458724516322155,0.0004496804928947214,10.412811036820695,1.166958979991315
2025-12-17 13:30:00-05:00,0.0001177060129906593,0.00017593411683136713,10.414643005534192,1.1670963380801733
2025-12-17 14:30:00-05:00,0.004640338204470407,0.0005369062354399842,10.420234692303744,1.1725120598060643
2025-12-17 15:30:00-05:00,0.0009970939171946025,0.00024801268783781235,10.422819042717684,1.1736811644487342
2025-12-18 09:30:00-05:00,0.0072912178228883295,0.0011656095400867383,10.434967980028473,1.1822387294733512
2025-12-18 10:30:00-05:00,-0.0009962463467116933,0.00047365754743292716,10.439910581369434,1.1810609284581723
2025-12-18 11:30:00-05:00,-0.0025983554227371197,0.00025857686098337536,10.44261010067651,1.17799211239013
2025-12-18 12:30:00-05:00,0.005582396040627158,0.0004373557789224664,10.447177236551077,1.1845681308942266
2025-12-18 13:30:00-05:00,-0.0022205811818051258,0.0002835650897288122,10.450139691301572,1.181937701194197
2025-12-18 14:30:00-05:00,-0.0002484647116436367,4.139567580348642e-06,10.450182950361048,1.181644031384089
2025-12-18 15:30:00-05:00,1.2265922559873133e-06,5.9466338307812824e-05,10.450804384475752,1.1816454807795072
2025-12-19 09:30:00-05:00,-0.0022260735075079197,0.000940305113368093,10.460631329277284,1.1790150510794775
2025-12-19 10:30:00-05:00,0.003222634299045568,0.00028277157860941973,10.463589298511513,1.1828145854221772
2025-12-19 11:30:00-05:00,-0.003212282287966217,0.00022063136235139772,10.46589789447353,1.1790150510794775
2025-12-19 12:30:00-05:00,-0.004709931234266329,0.00035910659729101286,10.46965626745401,1.173461971264728
2025-12-19 13:30:00-05:00,-0.002988860324318665,0.0001367476570631893,10.471087968418843,1.169954657336718
2025-12-19 14:30:00-05:00,-0.0004996367317906536,0.00012488082944280777,10.472395606569506,1.169370105015383
2025-12-19 15:30:00-05:00,-0.005873451774873528,0.0005643241980759825,10.478305432822118,1.1625018660965964
2025-12-22 09:30:00-05:00,-0.00025146790312402523,0.0009116690943838317,10.487858180046736,1.1622095341899514
2025-12-22 10:30:00-05:00,0.0024519011419246173,0.0006043224734234447,10.494196228443014,1.1650591570739874
2025-12-22 11:30:00-05:00,0.00043905503642927,0.00012589888164536334,10.49551743601194,1.1655706821646388
2025-12-22 12:30:00-05:00,0.0012537421193932197,0.00017547314897189853,10.497359117506527,1.1670320072219984
2025-12-22 13:30:00-05:00,0.000375642112041108,5.655542851435653e-05,10.497952800149687,1.1674703935900108
2025-12-22 14:30:00-05:00,0.0028163534339724627,0.00019379063459826535,10.49998720508481,1.1707584028420592
2025-12-22 15:30:00-05:00,-0.0009984922148557063,3.106152373969203e-05,10.500313350686648,1.1695894096913446
2025-12-23 09:30:00-05:00,0.004685449901185246,0.0009277595025764864,10.510055116177778,1.1750694622754103
2025-12-23 10:30:00-05:00,-0.004725840884292398,0.0004234414202318233,10.514505508842886,1.1695162709687057
2025-12-23 11:30:00-05:00,0.0003748441803630431,0.00018694073127341421,10.516471098191687,1.169954657336718
2025-12-23 12:30:00-05:00,0.0015238777375670143,0.000149256312450978,10.5180407478878,1.1717375251929965
2025-12-23 13:30:00-05:00,-0.0015838829490899542,0.0002118587595066303,10.520269086953087,1.1698816301060344
2025-12-23 14:30:00-05:00,-0.0013116402040261876,9.366817212680799e-05,10.521254501328745,1.1683471663260356
2025-12-23 15:30:00-05:00,-0.0021263061342624567,8.7990173542571e-05,10.522180268338204,1.1658629025793283
2025-12-24 09:30:00-05:00,0.0015041708249958763,0.0005499673802818191,10.527967124255234,1.1676165595433332
2025-12-24 10:30:00-05:00,0.0015018162064568408,0.00020040000861075286,10.530076928957588,1.1693701050153829
2025-12-24 11:30:00-05:00,0.0014996594803335928,0.000124709014395992,10.531390124472912,1.171123761979388
2025-12-26 09:30:00-05:00,0.0005116092653256743,0.000534204720516924,10.537016042791011,1.1717229197468597
2025-12-26 10:30:00-05:00,-0.001010230378579946,0.00026103388157455373,10.539766560988873,1.1705392096580531
2025-12-26 11:30:00-05:00,0.0006866455208929256,8.674196504708095e-05,10.54068080105151,1.1713429551633945
2025-12-26 12:30:00-05:00,-0.00031191474343039705,-6.269660702155723e-05,10.540019936129587,1.1709775960260658
2025-12-26 13:30:00-05:00,0.0006863884570198486,-6.924453689472528e-05,10.539290097330248,1.171781341531407
2025-12-26 14:30:00-05:00,0.000561274548982249,-5.037064159544907e-05,10.538759226526086,1.1724390325753808
2025-12-26 15:30:00-05:00,0.002430508371745743,0.0001609445826003175,10.540455382730924,1.1752886554594169
2025-12-29 09:30:00-05:00,0.00988496286949081,0.0008021715809988481,10.548910636489738,1.186906340179567
2025-12-29 10:30:00-05:00,6.152737432718602e-05,5.879485277957656e-05,10.549530858137596,1.1869793674102505
2025-12-29 11:30:00-05:00,-0.0024007349767614095,0.0001452087007642563,10.55106274180718,1.1841297445262144
2025-12-29 12:30:00-05:00,-0.0002455567226613553,2.2304941265108562e-05,10.55129808264192,1.1838389735069428
2025-12-29 13:30:00-05:00,-0.0014801063386147284,1.2483720169195257e-05,10.551429802094605,1.182086765938356
2025-12-29 14:30:00-05:00,-0.004082079219500434,0.00034502020872863044,10.55507025860731,1.1772613941154726
2025-12-29 15:30:00-05:00,-0.0031653086040934753,0.0003062384276365732,10.558302626726901,1.1735349984954118
2025-12-30 09:30:00-05:00,6.222842162983966e-05,0.0001984555962548423,10.560397980970126,1.1736080257260955
2025-12-30 10:30:00-05:00,0.0016810128294670879,-9.256752007130579e-07,10.560388205471606,1.1755808758741066
2025-12-30 11:30:00-05:00,-0.0005345175926564361,-3.217561060644451e-05,10.560048418532853,1.1749525072143614
2025-12-30 12:30:00-05:00,-0.0001492629229855602,-8.803387551847924e-05,10.559118776544906,1.1747771303687653
2025-12-30 13:30:00-05:00,0.0008707512794585703,7.342931047283759e-05,10.55989412535587,1.1758000690581125
2025-12-30 14:30:00-05:00,0.0021750317393625096,8.562027094795785e-05,10.560798266352066,1.1783574715274585
2025-12-30 15:30:00-05:00,-0.001178163554117928,-2.1336784043180586e-05,10.560572932880133,1.1769691737007824
2025-12-31 09:30:00-05:00,-0.0002483768591201585,0.0002658529909293631,10.563380492780267,1.1766768417941373
2025-12-31 10:30:00-05:00,-0.00150266483998307,4.856692830957707e-05,10.563893523723367,1.174908690875951
2025-12-31 11:30:00-05:00,-0.0009826288676718642,2.251604449428891e-05,10.56413138081998,1.1737541916794176
2025-12-31 12:30:00-05:00,0.0016184917070702909,3.383739347556571e-05,10.56448884349024,1.1756539031047897
2025-12-31 13:30:00-05:00,0.0011808728938080826,1.739236544967413e-05,10.564672584940995,1.1770422009314658
2025-12-31 14:30:00-05:00,-0.0008069379041438784,-3.199337295614358e-05,10.564334585430826,1.1760924009647573
2025-12-31 15:30:00-05:00,-0.0022365842155531723,0.0002974833815984286,10.567477299407638,1.1734619712647274
2026-01-02 09:30:00-05:00,0.0009961917636365225,0.0009058725244985053,10.577050086746434,1.174630964415442
2026-01-02 10:30:00-05:00,-0.0018660599851910709,0.0004960909666594514,10.582297265748373,1.17243903257538
2026-01-02 11:30:00-05:00,0.0034899509856829436,0.0003541887513089975,10.586045396402909,1.1765307873327695
2026-01-02 12:30:00-05:00,0.0003962054116106728,7.332740283516991e-05,10.586821643618123,1.1769969351976373
2026-01-02 13:30:00-05:00,0.004694420310420222,0.00028312096255221847,10.589818994752234,1.1825222535155313
2026-01-02 14:30:00-05:00,-0.0012357696043482358,0.00010284634254475243,10.590908118904055,1.1810609284581715
2026-01-02 15:30:00-05:00,0.0012372986203748049,6.599404845395913e-05,10.591607055807625,1.1825222535155313
2026-01-05 09:30:00-05:00,-0.017548173518005195,0.0019852200875486383,10.612633726894234,1.1617711478219381
2026-01-05 10:30:00-05:00,0.0005660147037145347,0.0003411191145159492,10.616253899113834,1.1624287273739566
2026-01-05 11:30:00-05:00,0.00320579406226007,0.000474609563831376,10.621292474746415,1.1661552344859727
2026-01-05 12:30:00-05:00,0.006697996261023187,0.00048677412504890736,10.626462645097698,1.1739661378863324
2026-01-05 13:30:00-05:00,0.00542100158752401,0.0003959718426654798,10.630670425092292,1.1803302101835136
2026-01-05 14:30:00-05:00,0.005435223585097626,0.0003296666547665148,10.634175002649258,1.1867455687801063
2026-01-05 15:30:00-05:00,0.0013668443341958714,0.00012632380088404494,10.635518352054858,1.1883676652369255
2026-01-06 09:30:00-05:00,-0.005656653789952393,0.0008101006778441971,10.644134192681083,1.1816454807795063
2026-01-06 10:30:00-05:00,-0.0001236969596212223,0.00033227741039545977,10.647670998026529,1.1814993148261836
2026-01-06 11:30:00-05:00,-0.0004947546850003759,0.00015209689465243002,10.64929047572061,1.1809147625048486
2026-01-06 12:30:00-05:00,-0.0007424521767896985,0.00012184457104854194,10.650588033950594,1.1800379897688238
2026-01-06 13:30:00-05:00,0.0007430038215945345,0.0001910118723273407,10.652622422712348,1.1809147625048488
2026-01-06 14:30:00-05:00,0.003959902295408435,0.00020196535658597027,10.654773883398526,1.1855910695835734
2026-01-06 15:30:00-05:00,-0.0010476899710368803,3.423836085819052e-05,10.65513868539161,1.1843489377102199
2026-01-07 09:30:00-05:00,-0.021284453243187063,0.0017876292124699377,10.674186122568534,1.1591407181219084
2026-01-07 10:30:00-05:00,0.0012606968545867403,0.0004472077361181171,10.678959701179311,1.160602043179268
2026-01-07 11:30:00-05:00,-6.292185259604288e-05,0.0001777424561501932,10.680857805705728,1.1605290159485844
2026-01-07 12:30:00-05:00,-0.005603471506567814,0.0006074682972483646,10.687346088210111,1.1540260246751712
2026-01-07 13:30:00-05:00,-0.00405091183677786,0.0005879958245840463,10.693630203085863,1.1493511669918648
2026-01-07 14:30:00-05:00,-0.0011456202675260707,0.0002971092722091163,10.696807379772775,1.1480344470004542
2026-01-07 15:30:00-05:00,-0.0024184676414992223,0.00022025065220270166,10.699163358574657,1.1452579628390571
2026-01-08 09:30:00-05:00,0.015567098999008211,0.001451219875378266,10.714690197090539,1.1630863069259751
2026-01-08 10:30:00-05:00,0.002764181817136002,0.0003769460518170145,10.718729057256775,1.1663012889473399
2026-01-08 11:30:00-05:00,-0.00726718731239584,0.0006556692177825476,10.72575699795337,1.1578255590178708
2026-01-08 12:30:00-05:00,-0.00012498994928666907,0.0003040976866301524,10.729018675843806,1.1576808424599663
2026-01-08 13:30:00-05:00,0.0007561007390834984,0.00033628873465847665,10.732626723958433,1.158556165800573
2026-01-08 14:30:00-05:00,0.0002523243285690313,0.00018992510397625696,10.73466511920492,1.1588484977072182
2026-01-08 15:30:00-05:00,0.0022698650472723347,0.00022229878786138885,10.737051422249015,1.161478927407248
2026-01-09 09:30:00-05:00,0.015852975007782488,0.0009309215571853532,10.747046774878594,1.179891823815501
2026-01-09 10:30:00-05:00,-0.006685594948686813,0.0006450358234074326,10.753979005044226,1.1720035449982031
2026-01-09 11:30:00-05:00,0.0004961947777593068,0.0002863138489089714,10.757058018164246,1.1725850870367467
2026-01-09 12:30:00-05:00,-0.001557826561912723,0.00021159239763062933,10.759334129861761,1.1707584028420581
2026-01-09 13:30:00-05:00,-0.0012481866914748618,0.0002746405781910722,10.762289079608138,1.1692970777846983
2026-01-09 14:30:00-05:00,0.0005623716714184823,0.00011875652244196892,10.763567171632745,1.1699546573367168
2026-01-09 15:30:00-05:00,-0.002248317645076714,0.00018733702577536162,10.765583586293413,1.1673242276366869
2026-01-12 09:30:00-05:00,0.0048823160122448694,0.0011489905870460005,10.777953140498122,1.1730234734047589
2026-01-12 10:30:00-05:00,-0.0024915529663157576,0.00016786255453933891,10.77976235524499,1.1701008232900392
2026-01-12 11:30:00-05:00,0.0001249174006319187,0.0002492146407453845,10.782448829847674,1.1702469892433618
2026-01-12 12:30:00-05:00,0.0060564510397336235,0.0005902213490406019,10.788812861341986,1.17733453283811
2026-01-12 13:30:00-05:00,0.00018617748642579812,6.059325794827188e-05,10.789466590662649,1.177553726022116
2026-01-12 14:30:00-05:00,0.0012198699045293804,0.00021497518999534507,10.791786058292924,1.1789901883734568
2026-01-12 15:30:00-05:00,0.0051029507693198806,0.0004800655972275889,10.796966823512152,1.1850065172622377
2026-01-13 09:30:00-05:00,0.004069575113551771,0.0013994132274629673,10.812076241701455,1.1898289902942847
2026-01-13 10:30:00-05:00,-0.007737623035936836,0.0010801586583460189,10.823754999468626,1.1806225420901582
2026-01-13 11:30:00-05:00,0.004208396262380454,0.0006851977417993159,10.831171411952052,1.1855910695835725
2026-01-13 12:30:00-05:00,0.00110937964171276,0.00015134670205214654,10.832810674024612,1.186906340179565
2026-01-13 13:30:00-05:00,0.0038155426225954248,0.0003587129161070606,10.836696543131128,1.1914350319095488
2026-01-13 14:30:00-05:00,0.0007371128999249521,0.00033581541652257635,10.840335672894486,1.1923132540409918
2026-01-13 15:30:00-05:00,0.0006128576296380306,0.0004749745936529356,10.845484556925781,1.1930439723156494
2026-01-14 09:30:00-05:00,0.0016536273547251845,0.0018058700425616814,10.865070092584197,1.1950168224636606
2026-01-14 10:30:00-05:00,-0.0008560035893373508,0.0003254479011940536,10.868606106842154,1.1939938837743131
2026-01-14 11:30:00-05:00,0.001101478928752897,0.00022146563041919334,10.871013129545384,1.1953090428783504
2026-01-14 12:30:00-05:00,0.0033620824260047755,0.00031919868217893826,10.874483142610284,1.1993277704050562
2026-01-14 13:30:00-05:00,0.0036517348250393322,0.0003478173657909914,10.878265476691285,1.2037073973908812
2026-01-14 14:30:00-05:00,-0.0031528215849766505,0.0005897380403065255,10.884680803655444,1.199912322726391
2026-01-14 15:30:00-05:00,-0.001461487586043253,0.0003492214195329351,10.888481967336858,1.1981586657623862
2026-01-15 09:30:00-05:00,0.00024398430274596983,0.000715583216282226,10.896273582283476,1.1984509976690312
2026-01-15 10:30:00-05:00,0.002377755026762518,0.0006114962984203786,10.902936613245616,1.2013006205530672
2026-01-15 11:30:00-05:00,-0.0020071882714198797,0.0003300808025514091,10.906535463313084,1.1988893840370436
2026-01-15 12:30:00-05:00,0.0037177023619225924,0.00031063607166603344,10.909923426644893,1.203346497931762
2026-01-15 13:30:00-05:00,0.0030966937839314035,0.0004309873122548435,10.914625465219448,1.207072893551823
2026-01-15 14:30:00-05:00,-0.004418860417823023,0.0003613711843383304,10.918569696350424,1.2017390069210796
2026-01-15 15:30:00-05:00,-0.0003647933249130153,0.00028661985664998955,10.921699175231616,1.2013006205530672
2026-01-16 09:30:00-05:00,0.017699675185762542,0.00177685560239524,10.941105457598802,1.2225632513373115
2026-01-16 10:30:00-05:00,0.0020917453347248927,0.0004449312295229962,10.945973497102392,1.2251205423147025
2026-01-16 11:30:00-05:00,-0.0027434332921900673,0.0006377268622933114,10.952954038435443,1.2217595058319703
2026-01-16 12:30:00-05:00,0.0010166746134769866,0.00036267719065566633,10.956926425035485,1.2230016377053239
2026-01-16 13:30:00-05:00,0.0009558393992898928,0.0003318032755496728,10.96056196911327,1.2241706308560387
2026-01-16 14:30:00-05:00,0.0,0.0002414916561045528,10.96320885337503,1.2241706308560387
2026-01-16 15:30:00-05:00,-0.00179054437740378,0.0005418075631692294,10.969148802848391,1.2219786990159767
2026-01-20 09:30:00-05:00,-0.003348557755253778,0.0011361428241076202,10.981611322547316,1.217886832766632
2026-01-20 10:30:00-05:00,0.004559694018605676,0.00039858734263973955,10.985988453822273,1.2234400240733365
2026-01-20 11:30:00-05:00,-0.00095558803019824,0.00015231177734187137,10.987661749249533,1.2222709194306667
2026-01-20 12:30:00-05:00,-0.003407413137189952,0.0004946129713229791,10.993096389275221,1.2181061374425934
2026-01-20 13:30:00-05:00,-0.002639328316754508,0.0003049268663193051,10.996448479708349,1.2148911554212287
2026-01-20 14:30:00-05:00,0.002165156679503344,0.00018466125749096914,10.998479097712545,1.2175215851212586
2026-01-20 15:30:00-05:00,0.0023405111817809132,0.0003035995360670178,11.001818230864053,1.2203712080052946
2026-01-21 09:30:00-05:00,0.00239488615885719,0.0008602172766501447,11.011282184980807,1.2232938581200143
2026-01-21 10:30:00-05:00,0.005136785448317305,0.0005986242263353385,11.017873805259752,1.2295776562094212
2026-01-21 11:30:00-05:00,-0.0060625305688096764,0.0006885612617285973,11.025460286348668,1.2221233040819262
2026-01-21 12:30:00-05:00,0.001555712346205329,0.0003142621497865955,11.028925171200644,1.2240245763946715
2026-01-21 13:30:00-05:00,-0.0029847181664750533,0.0003977123683161796,11.033311511150464,1.2203712080052944
2026-01-21 14:30:00-05:00,0.0028140414841351102,0.0006298751406640413,11.040261119790541,1.2238053832106655
2026-01-21 15:30:00-05:00,0.0010746472617948477,7.467095702227747e-05,11.041085506654133,1.2251205423147027
2026-01-22 09:30:00-05:00,0.00626231921765652,0.0010353022122480556,11.052516366904792,1.2327926382307859
2026-01-22 10:30:00-05:00,0.008060695830440112,0.0007208958765057697,11.060484080378705,1.24272980470957
2026-01-22 11:30:00-05:00,-0.00011761684057842725,0.0002530103129126791,11.063282496916846,1.2425836387562474
2026-01-22 12:30:00-05:00,0.0027049671908214723,0.00022268476939198283,11.065746121428392,1.2459447867309346
2026-01-22 13:30:00-05:00,0.0008210144624718474,0.00027503009206996667,11.068789534602992,1.246967725420282
2026-01-22 14:30:00-05:00,-0.0019922438216032345,0.0004099756861711877,11.073327469187527,1.2444834616735747
2026-01-22 15:30:00-05:00,-0.0010568807352600018,4.6868968274714164e-05,11.073846464621376,1.2431681910775823
2026-01-23 09:30:00-05:00,-0.005583619088104896,0.000920609768378696,11.084041155850231,1.2362268134361567
2026-01-23 10:30:00-05:00,0.0020615914306194583,0.0002372172728951256,11.086670481865879,1.2387754080410387
2026-01-23 11:30:00-05:00,-0.005419455408407714,0.000533644253811391,11.092586819862426,1.2320619199561282
2026-01-23 12:30:00-05:00,0.00314315499136697,0.00026211197957370675,11.095494319752373,1.2359344815295115
2026-01-23 13:30:00-05:00,0.0032515700360853383,0.00028409429551533565,11.098646486394538,1.2399532090562175
2026-01-23 14:30:00-05:00,-0.0009428619032808561,0.0001539859017791298,11.100355521482273,1.2387841044135475
2026-01-23 15:30:00-05:00,0.0005309165992932741,0.00026575674090289765,11.103305515788524,1.2394417954575212
2026-01-26 09:30:00-05:00,0.00960908788011583,0.001483032354483295,11.11977207711015,1.2513517005923611
2026-01-26 10:30:00-05:00,-0.0026275660555636904,0.000139003926357727,11.121317769089073,1.2480636913403127
2026-01-26 11:30:00-05:00,0.002927229126787445,0.00020349838993256346,11.123580939349011,1.2517170597296898
2026-01-26 12:30:00-05:00,-0.000700456008975503,0.00014479520728776475,11.125191580556907,1.250840286993665
2026-01-26 13:30:00-05:00,-0.0014019831166612873,8.646861330082549e-05,11.126153560445584,1.2490866300296601
2026-01-26 14:30:00-05:00,0.001169914897996449,8.65188644994722e-05,11.127116182617879,1.25054795508702
2026-01-26 15:30:00-05:00,-0.001460707034270814,0.00015075769442245138,11.128793680999141,1.2487212708923314
2026-01-27 09:30:00-05:00,0.008587511078024024,0.0036793510606289224,11.169740419832847,1.2594446786394835
2026-01-27 10:30:00-05:00,0.01324143525795174,0.0014040528479076413,11.185423325679702,1.2761215338126601
2026-01-27 11:30:00-05:00,-0.0023474859298495687,0.0005848950881201743,11.191965624841437,1.273125856467257
2026-01-27 12:30:00-05:00,0.005796570678342716,0.0006530647155148551,11.199274702688276,1.280505620476695
2026-01-27 13:30:00-05:00,0.011298121127184313,0.0010082734427570156,11.210566633949137,1.2949729280808808
2026-01-27 14:30:00-05:00,-0.01529081713258218,0.002062260967791275,11.233685747945154,1.2751717338459516
2026-01-27 15:30:00-05:00,-0.0012606074680107104,0.0005394842433945023,11.239746144401417,1.2735642428352691
2026-01-28 09:30:00-05:00,0.004934025216833726,0.0015702140299473865,11.257394951490404,1.2798480409246762
2026-01-28 10:30:00-05:00,-0.00011420570930975593,0.0003934679860823194,11.261824376010502,1.2797018749713538
2026-01-28 11:30:00-05:00,-0.0012561449210335418,0.0006691698858265104,11.269360449742395,1.2780943839606713
2026-01-28 12:30:00-05:00,0.0003429999955510965,6.29661653602461e-05,11.270070038155977,1.2785327703286837
2026-01-28 13:30:00-05:00,0.0019431455308132062,0.0005529990309406979,11.276302375965711,1.2810171455673462
2026-01-28 14:30:00-05:00,-0.0010837464833941546,0.00048555583978846916,11.281777650435583,1.27962884774067
2026-01-28 15:30:00-05:00,0.00022836341584975273,0.0002684417651659765,11.284806150742275,1.27992106815536
2026-01-29 09:30:00-05:00,0.011246225045930203,0.0010580097560186203,11.29674558574454,1.2943153485288628
2026-01-29 10:30:00-05:00,-0.00604037523493528,0.0005871114358232002,11.303378034265515,1.2864971981514124
2026-01-29 11:30:00-05:00,-5.685105474306784e-05,0.0007764966655292312,11.312155069618338,1.2864240594287735
2026-01-29 12:30:00-05:00,-0.000908801910304069,0.0003000880131317328,11.315549711757416,1.2852549547861034
2026-01-29 13:30:00-05:00,0.004093241874282505,0.00046378091611254206,11.320797647769052,1.290515814186163
2026-01-29 14:30:00-05:00,-0.00011317525888621116,0.0003044347003023348,11.324244091408133,1.2903697597247958
2026-01-29 15:30:00-05:00,-0.0018686399753647942,0.00035005881311550645,11.328208242854203,1.2879585232087722
2026-01-30 09:30:00-05:00,-0.006364162284536845,0.000687370609507024,11.335994920258715,1.279761746151319
2026-02-02 13:30:00-05:00,-0.006098787020477947,0.0005866527672419368,11.342645213048126,1.2719567518245873
2026-02-02 14:30:00-05:00,-0.0013787080114865402,0.0005732223843146819,11.349147071181585,1.2702030948605825
2026-02-02 15:30:00-05:00,-0.00678780890841546,0.0005846760978226425,11.355782646204778,1.261581198977791
2026-02-03 09:30:00-05:00,0.022008588967681986,0.0019343408215006896,11.377748600137421,1.2893468210354486
2026-02-03 10:30:00-05:00,0.002706562844184246,0.0001737068454948471,11.379724992955584,1.2928365192345301
2026-02-03 11:30:00-05:00,0.0022741888150201728,0.0002796468250886304,11.382907296920244,1.2957766735862228
2026-02-03 12:30:00-05:00,-0.0032434607216528244,0.0003362821226931736,11.38673516514847,1.291573872841412
2026-02-03 13:30:00-05:00,-0.0028558090503673084,0.0004693561338942505,11.392079599143262,1.2878853844861335
2026-02-03 14:30:00-05:00,0.00346080012119776,0.0003967800020900726,11.39659974851042,1.292342498380852
2026-02-03 15:30:00-05:00,0.00418389502794847,0.00042066587487069463,11.401393909114178,1.2977495237342342
2026-02-04 09:30:00-05:00,0.011992595436590259,0.0011096562432853813,11.414045537047581,1.3133129087504065
2026-02-04 10:30:00-05:00,-0.009124286967437611,0.0008955878687254576,11.424267817763642,1.3013298648929277
2026-02-04 11:30:00-05:00,0.008646789631426177,0.0010620732175615564,11.436401226643138,1.312582190475749
2026-02-04 12:30:00-05:00,-0.0006679754931818715,0.0004069613844344377,11.44105540031928,1.3117054177397243
2026-02-04 13:30:00-05:00,0.0027852049248011657,0.000350193263015785,11.445061980842263,1.3153587861291014
2026-02-04 14:30:00-05:00,-0.0015553759174069537,0.0006587903635909409,11.452601877385943,1.3133129087504065
2026-02-04 15:30:00-05:00,0.0011127013582392653,0.0001171376316705681,11.453943408046326,1.3147742338077661
2026-02-05 09:30:00-05:00,-0.006002010761372301,0.0015614204996896148,11.471827830085935,1.3068829447076769
2026-02-05 10:30:00-05:00,-0.014424699889581505,0.0014102700993058456,11.488006205859092,1.2880315504394562
2026-02-05 11:30:00-05:00,0.006693941131958425,0.0005796992150288771,11.494665794038875,1.296653557814203
2026-02-05 12:30:00-05:00,0.0033246721265030033,0.0003395635482002185,11.498568963541274,1.300964505755599
2026-02-05 13:30:00-05:00,0.001741070223422847,0.0004524939082429906,11.503771995950789,1.3032295763183002
2026-02-05 14:30:00-05:00,0.004485327702512754,0.0005159511420878153,11.509707380250417,1.3090749880396946
2026-02-05 15:30:00-05:00,-0.0041304168231638405,0.00035271859871195655,11.513767068109164,1.3036679626863124
2026-02-06 09:30:00-05:00,0.00515636239427697,0.0012613082296151345,11.528289477266043,1.3103901471437318
2026-02-06 10:30:00-05:00,-0.014051461275397914,0.0012265703461872524,11.542429735281122,1.2919772507354788
2026-02-06 11:30:00-05:00,0.007578307218558011,0.0007345288613849479,11.550907983052193,1.30176825126094
2026-02-06 12:30:00-05:00,-0.0013471345320538175,0.0003289444530188614,11.554707590160548,1.3000145942969352
2026-02-06 13:30:00-05:00,-0.0003372164973651781,0.0001990034646013372,11.557007017003446,1.2995762079289228
2026-02-06 14:30:00-05:00,0.00011247201390029993,0.00014872920832271073,11.558725881507664,1.2997223738822454
2026-02-06 15:30:00-05:00,0.005396848598641313,0.0005284068941990611,11.56483359195161,1.3067367787543547
2026-02-09 09:30:00-05:00,-0.0038022404926496556,0.000742016771492057,11.573414892436352,1.3017682512609403
2026-02-09 10:30:00-05:00,0.00033676222137679623,0.00020957779551056778,11.57584042321604,1.3022066376289527
2026-02-09 11:30:00-05:00,0.005723287316095282,0.0005839589439632982,11.58260023876507,1.3096595403610296
2026-02-09 12:30:00-05:00,0.0003347330771870105,-1.0449714475101716e-05,11.582479203899695,1.310097926729042
2026-02-09 13:30:00-05:00,-0.0009481213946005429,0.0001350491944274576,11.584043408385654,1.3088557948556885
2026-02-09 14:30:00-05:00,0.00022326402636441145,0.00011235919366729607,11.585344982162427,1.3091480152703783
2026-02-09 15:30:00-05:00,-0.0015069725691817526,7.909573934393083e-05,11.586261333589347,1.307175165122367
2026-02-10 09:30:00-05:00,0.008831760117157472,0.0011127012411790097,11.599153380955855,1.3187198226118335
2026-02-10 10:30:00-05:00,0.004432641127527059,0.0005085125392175196,11.605051695894378,1.324565234333228
2026-02-10 11:30:00-05:00,0.006729927343989139,0.0005475816661193035,11.611406409437418,1.3334794621226644
2026-02-10 12:30:00-05:00,0.003506845970676409,0.0001719058681912326,11.613402478337154,1.338155769201389
2026-02-10 13:30:00-05:00,0.0013094197319289957,6.72732951215112e-05,11.614183750189444,1.339907976769976
2026-02-10 14:30:00-05:00,-0.0019075586668939604,0.00037800183331784354,11.618573932939507,1.337352023696048
2026-02-10 15:30:00-05:00,-0.007703675198127535,0.0006662682041520405,11.626315019328613,1.3270494980799352
2026-02-11 09:30:00-05:00,-0.002863060387906957,0.0009138141572034426,11.636939310589382,1.3232500752291907
2026-02-11 10:30:00-05:00,0.007785689430150455,0.0007347319088189415,11.645489341221861,1.3335524893533484
2026-02-11 11:30:00-05:00,0.0015890008966661373,0.00013937003059943012,11.647112373427692,1.3356715054546822
2026-02-11 12:30:00-05:00,0.00043764677089219717,6.246485933282766e-05,11.647839908663732,1.3362560577760172
2026-02-11 13:30:00-05:00,-0.0038277131908422968,0.00038714706012091824,11.65234933564113,1.331141252837325
2026-02-11 14:30:00-05:00,0.0034032846684759477,0.0002547083294131337,11.65531728607415,1.3356715054546822
2026-02-11 15:30:00-05:00,-0.0005470793317619016,4.072789383128514e-05,11.655791982599146,1.3349407871800245
2026-02-12 09:30:00-05:00,0.011932172802322949,0.0013336879443659596,11.671337171848375,1.3508695313335255
2026-02-12 10:30:00-05:00,0.0020553311011879405,0.0010959447796995618,11.684128312893977,1.3536460154949224
2026-02-12 11:30:00-05:00,0.0007556914271811266,0.00037581483856881305,11.688519381689705,1.3546689541842698
2026-02-12 12:30:00-05:00,-0.004207113295442544,0.00037319678561269394,11.692881499551524,1.348969708416198
2026-02-12 13:30:00-05:00,0.003791638097417005,0.00041558368248007286,11.697740870303912,1.3540845133548904
2026-02-12 14:30:00-05:00,0.0008633088549387935,0.00017443992877190395,11.69978142338812,1.3552535065056053
2026-02-12 15:30:00-05:00,-0.008841920570547779,0.0006990974479814399,11.707960710723153,1.3432704626481264
2026-02-13 09:30:00-05:00,0.01762405111893628,0.002615857795460812,11.738587071017248,1.366944329948394
2026-02-13 10:30:00-05:00,0.012294221879658007,0.0011073239512227994,11.751585489634499,1.3837498468379201
2026-02-13 11:30:00-05:00,-0.006336530658417772,0.000704645787627768,11.759866194847719,1.3749816735098508
2026-02-13 12:30:00-05:00,0.0033372622270599894,0.0004988522260822942,11.765732630277448,1.379570347911755
2026-02-13 13:30:00-05:00,-0.0041735222573711095,0.00040544871427340224,11.77050303144488,1.373812680359136
2026-02-13 14:30:00-05:00,-0.0032975766508233084,0.00029008915020834077,11.773917526666798,1.3692824277417788
2026-02-13 15:30:00-05:00,0.0009605546447868374,0.00014700578598219794,11.775648360666896,1.3705976983377712
2026-02-17 09:30:00-05:00,0.002025828335126878,0.0019097106328486452,11.79813644154995,1.3733742939911235
2026-02-17 10:30:00-05:00,-0.005017069531643048,0.0006871806192584332,11.806243892255951,1.3664839796651989
2026-02-17 11:30:00-05:00,-0.006186591011709375,0.0005614339563576046,11.812872318474103,1.3580301021589574
2026-02-17 12:30:00-05:00,-0.0030130074074827817,0.00024187749462638934,11.815729586434838,1.3539383474015678
2026-02-17 13:30:00-05:00,-0.001025377432687824,0.00044710794964089313,11.821012493063739,1.3525500495748917
2026-02-17 14:30:00-05:00,0.003619459600973318,0.0004696217146131004,11.826563897219195,1.3574455498376226
2026-02-17 15:30:00-05:00,-0.0018301019492121817,0.0005048112984571109,11.832534080296437,1.3549612860909153
2026-02-18 09:30:00-05:00,-0.010946930287807244,0.0013770875550273122,11.84882851572285,1.3401286193494004
2026-02-18 10:30:00-05:00,-0.0031078311588110807,0.0005815318740240703,11.855718987174589,1.335963725869372
2026-02-18 11:30:00-05:00,-0.001859529340956123,0.00036333306803672683,11.860026561927981,1.3334794621226649
2026-02-18 12:30:00-05:00,0.000220311831121478,0.00010657112352713811,11.861290498283747,1.333773243424728
2026-02-18 13:30:00-05:00,-0.0005489446378423857,0.00017287268976753752,11.863340991476301,1.3330410757546525
2026-02-18 14:30:00-05:00,-0.005371605538394997,0.0005587864517856819,11.869970065695252,1.3258805049292208
2026-02-18 15:30:00-05:00,0.0054006155146040236,0.0004594839273906041,11.875424126159047,1.3330410757546527
2026-02-19 09:30:00-05:00,-0.0009866692181618175,0.0006532036697872466,11.883181196778533,1.3317258051586602
2026-02-19 10:30:00-05:00,0.0028530905746375623,0.00037450157112971824,11.887631466806745,1.33552533950136
2026-02-19 11:30:00-05:00,0.002297834400647236,0.00011677240127644348,11.889019614078615,1.3385941555694023
2026-02-19 12:30:00-05:00,0.004476022586672901,0.0003192365786616498,11.892815024023855,1.3445857332441193
2026-02-19 13:30:00-05:00,-0.00043474529506171145,0.00013688892245829835,11.894443018657489,1.3440011809227843
2026-02-19 14:30:00-05:00,-0.005001620945603635,0.000381930167049676,11.898985865266566,1.3372789964653649
2026-02-19 15:30:00-05:00,0.0014205797222519578,0.00023711237374679525,11.901807262050259,1.339178707890737
2026-02-20 09:30:00-05:00,0.00409209954711498,0.0008946275102110281,11.912454946248118,1.3446587604748026
2026-02-20 10:30:00-05:00,0.00266263922411758,0.0004184557182816698,11.917439781139148,1.348239101633496
2026-02-20 11:30:00-05:00,-0.0017342690050354825,0.00022319938670115093,11.920099746389347,1.3459008923481561
2026-02-20 12:30:00-05:00,0.0010857597804325714,0.0001252739677439408,11.921593024580481,1.347362217405516
2026-02-20 13:30:00-05:00,-0.0027114968359526204,0.0003751166907029922,11.926065013103768,1.3437088490161389
2026-02-20 14:30:00-05:00,0.0007612800124792152,0.00018943106131731567,11.92832418025654,1.3447317877054863
2026-02-20 15:30:00-05:00,0.0017387923054377197,0.0002463772140431741,11.931263047536275,1.3470699969908262
2026-02-23 09:30:00-05:00,0.0173573277156005,0.0015079387207338009,11.949254661072914,1.3704515323844488
2026-02-23 10:30:00-05:00,-0.0031989275567095854,0.0004193292275541629,11.954265332799787,1.3660675572123693
2026-02-23 11:30:00-05:00,0.0004813667878627026,0.00039996270309921884,11.95904659307586,1.366725136764388
2026-02-23 12:30:00-05:00,0.0014434871320809783,0.00033527457488241054,11.963056157338352,1.368697986912399
2026-02-23 13:30:00-05:00,-0.0014948431941991247,0.0001796116924251963,11.965204862101348,1.3666519980417489
2026-02-23 14:30:00-05:00,0.004491080126348468,0.0005126972831913746,11.971339390126976,1.3727897416697885
2026-02-23 15:30:00-05:00,0.0012773591022881003,0.00016162940398824528,11.973274310577544,1.3745432871418382
2026-02-24 09:30:00-05:00,0.007761039505437495,0.0014473127512357787,11.990603383161286,1.38521117189528
2026-02-24 10:30:00-05:00,0.0010022282918615844,0.0005929375770572083,11.997713062478752,1.3865994697219561
2026-02-24 11:30:00-05:00,0.005533029604880335,0.0004411610408502197,12.003005986061217,1.3942715656380391
2026-02-24 12:30:00-05:00,-0.00010483320245846528,9.334603273869612e-05,12.004126419050955,1.3941253996847165
2026-02-24 13:30:00-05:00,0.0024108566442389012,0.0002938999450387925,12.007654431145752,1.3974864361674486
2026-02-24 14:30:00-05:00,0.0008365767369278299,4.034247167827946e-05,12.008138849604565,1.3986555408101184
2026-02-24 15:30:00-05:00,-0.00020892950849116243,0.0001868298540887234,12.010382328433716,1.3983633203954287
2026-02-25 09:30:00-05:00,-0.014526067030874779,0.0019512189794367177,12.033817214383246,1.3780506010698481
2026-02-25 10:30:00-05:00,0.009968131300014837,0.001524689259029658,12.052165046235142,1.3917871903993768
2026-02-25 11:30:00-05:00,0.0020474558924616915,0.0003738423820867599,12.056670656325329,1.3946368132834128
2026-02-25 12:30:00-05:00,-0.002043272382382555,0.00014636769957442755,12.058435363473821,1.3917871903993768
2026-02-25 13:30:00-05:00,-0.00031498089006454233,7.832415428809026e-05,12.059379830225703,1.3913488040313644
2026-02-25 14:30:00-05:00,-0.002625774628757127,0.0002468894589168711,12.062357163986862,1.3876954356419873
2026-02-25 15:30:00-05:00,0.0015796285522862163,7.339866453508927e-05,12.063242524893845,1.3898874789740046
2026-02-26 09:30:00-05:00,-0.01797917225842749,0.001659229747675963,12.08325821574458,1.3648984525696994
2026-02-26 10:30:00-05:00,0.006423966427397287,0.0007813313802083334,12.0926992445637,1.3736665144058138
2026-02-26 11:30:00-05:00,-0.0089361312541556,0.0009581125698382257,12.104285411713189,1.361391250133645
2026-02-26 12:30:00-05:00,-0.00195902468235154,0.00031595800691967975,12.10810985760706,1.3587242510722957
2026-02-26 13:30:00-05:00,-0.0011561739978683816,0.0006032152266869204,12.115413653839566,1.3571533294229328
2026-02-26 14:30:00-05:00,-0.0062453086454338225,0.0007735008312078792,12.124784936371238,1.3486774880015084
2026-02-26 15:30:00-05:00,-0.003250656070882485,0.00046084799539890915,12.130372619203808,1.3442934013374739
2026-02-27 09:30:00-05:00,-0.0002173784490789865,0.001332568681774705,12.146537173854416,1.344001180922784
2026-02-27 10:30:00-05:00,0.00853534872562478,0.0010556787392322449,12.159360014904147,1.3554726996896116
2026-02-27 11:30:00-05:00,-0.0010241344846257938,0.00039226087805940867,12.164129656140233,1.3540845133548907
2026-02-27 12:30:00-05:00,-0.0066911582352501275,0.0006660384863413398,12.172231434644068,1.3450241196121315
2026-02-27 13:30:00-05:00,0.006192956205501865,0.0005684388559500215,12.179150603955135,1.3533537950802332
2026-02-27 14:30:00-05:00,0.009394263479626686,0.001031212265016026,12.19170989343541,1.3660675572123697
2026-02-27 15:30:00-05:00,0.0028882823424329906,0.0005249470263397528,12.198109895289967,1.3700131460164369
2026-03-02 09:30:00-05:00,-0.017760009765624973,0.0017080518343197994,12.218944899271852,1.3456816991641503
2026-03-02 10:30:00-05:00,-0.0016832142133670347,0.00043016278279593115,12.224201034612552,1.3434166286014493
2026-03-02 11:30:00-05:00,0.009463752242944823,0.0008724128023580999,12.234865584093747,1.3561303907335855
2026-03-02 12:30:00-05:00,-0.0019396583971595938,0.00043107878631425676,12.240139775100456,1.3534999610335559
2026-03-02 13:30:00-05:00,0.002807109686093545,0.0002636371881265413,12.24336673113304,1.3572993838843004
2026-03-02 14:30:00-05:00,-0.004952617335006737,0.0005389202697918194,12.249964929634944,1.350577199426881
2026-03-02 15:30:00-05:00,0.002921491861181069,0.00028070399189032995,12.25340354369121,1.3545228997229033
2026-03-03 09:30:00-05:00,-0.024112639459303198,0.001272523448231456,12.268996287021197,1.321861777402515
2026-03-03 10:30:00-05:00,0.006246142287045453,0.0010145229388528558,12.281443465191082,1.330118314147978
2026-03-03 11:30:00-05:00,0.005218700516748553,0.000879245723384538,12.292241871834841,1.3370598032813588
2026-03-03 12:30:00-05:00,-0.00027325564378799516,0.00021562384506629845,12.294892372291732,1.33669444414403
2026-03-03 13:30:00-05:00,0.0068328412775677805,0.0005952539257678505,12.302210955243233,1.3458278651174729
2026-03-03 14:30:00-05:00,0.00808941970044752,0.0009776741767561436,12.314238509211181,1.3567148315629654
2026-03-03 15:30:00-05:00,-0.002692804931724968,0.0004046836787636904,12.319221880552263,1.3530614631735882
2026-03-04 09:30:00-05:00,0.004968211816193113,0.0013592879969670782,12.33596725098647,1.3597837591229627
2026-03-04 10:30:00-05:00,-0.005158552833862906,0.0005008480601269839,12.342145696253917,1.3527692427588982
2026-03-04 11:30:00-05:00,0.0024834886698503755,0.0003172450009481249,12.346061180277026,1.356128829846212
2026-03-04 12:30:00-05:00,0.0012942032650555824,0.00017668674061441364,12.348242565586395,1.357883936205635
2026-03-04 13:30:00-05:00,0.00043155508444314705,0.00033885116399037644,12.352426781952978,1.3584699379223881
2026-03-04 14:30:00-05:00,-0.002797988849080446,0.0002899209593966443,12.35600800937648,1.3546689541842702
2026-03-04 15:30:00-05:00,-0.0008629364001470075,0.00035479183758543344,12.360391820163347,1.3534999610335556
2026-03-05 09:30:00-05:00,-0.020513943743637242,0.0017897231293730405,12.382513499292008,1.325734338975898
2026-03-05 10:30:00-05:00,-0.0036375862722032304,0.000495361189296263,12.388647315905493,1.3209118659438508
2026-03-05 11:30:00-05:00,0.0007744185783480351,0.0005905105597654977,12.395962942966746,1.321934804633198
2026-03-05 12:30:00-05:00,0.00674331877653378,0.0008142191359615986,12.40605597320358,1.3308490324226345
2026-03-05 13:30:00-05:00,-0.003294202841365168,0.0005686361596440967,12.413110505228513,1.3264649457585997
2026-03-05 14:30:00-05:00,0.004627143482129004,0.0005973890936223138,12.420525962062266,1.3326026893866392
2026-03-05 15:30:00-05:00,-0.0007128242095181259,0.00020028018441569563,12.423013547292488,1.3316527779279754
2026-03-06 09:30:00-05:00,-0.0034018936471192918,0.0006958663389834085,12.431658304248783,1.3271226368025735
2026-03-06 10:30:00-05:00,-0.0037989452340291274,0.0006290499423652416,12.439478438188576,1.3220809705865202
2026-03-06 11:30:00-05:00,0.005858281995641201,0.001058765154051071,12.452648924493499,1.329826093733287
2026-03-06 12:30:00-05:00,0.0035164801629035125,0.0005778680934282596,12.459844912985627,1.3345024008120117
2026-03-06 13:30:00-05:00,-0.000821254363697066,0.0001727212599658024,12.461996993097976,1.3334064348919805
2026-03-06 14:30:00-05:00,-0.001369938037562135,0.00022727952136803004,12.464829349809857,1.331579750697292
2026-03-06 15:30:00-05:00,-0.0012072059595683582,0.0001185248055455545,12.466306741284702,1.3299722596866097
2026-03-09 09:30:00-04:00,0.0008240517138975445,0.0014044226259941218,12.483814704534746,1.3310682256066406
2026-03-09 10:30:00-04:00,0.005763863766326871,0.00093019010824975,12.495427025486126,1.3387403215227238
2026-03-09 11:30:00-04:00,-0.00403889034075855,0.0006863572136117714,12.504003351962227,1.3333332961693416
2026-03-09 12:30:00-04:00,0.000109624468047409,0.00019443477987561756,12.50643456510153,1.333479462122664
2026-03-09 13:30:00-04:00,-0.0005479786494007044,0.00014018936471193416,12.508187834218024,1.3327487438480063
2026-03-09 14:30:00-04:00,0.007511022049452976,0.0006520851775134392,12.51634423810227,1.3427590490494294
2026-03-09 15:30:00-04:00,0.0016324919452743725,0.0002774383145699152,12.519816751552266,1.344951092381447
2026-03-10 09:30:00-04:00,-0.008094776084512145,0.000543982847050544,12.526627317113327,1.334064014443999
2026-03-10 10:30:00-04:00,0.0046007028670527195,0.00031910983989506586,12.530624687150917,1.3402016465800834
2026-03-10 11:30:00-04:00,-0.0009268246136865388,0.00036595193406768344,12.535210293490257,1.3389595147067297
2026-03-10 12:30:00-04:00,0.0026193491270889435,0.00028990754981148286,12.538844345592816,1.3424667171427842
2026-03-10 13:30:00-04:00,-0.0022314723390528535,0.00037800183331784354,12.543584051743139,1.339471039797381
2026-03-10 14:30:00-04:00,-0.0030548374154948377,0.00030231949837866516,12.547376221781532,1.3353791735480363
2026-03-10 15:30:00-04:00,0.00207925637029005,0.00026966339540027205,12.550759789856862,1.3381557692013886
2026-03-11 09:30:00-04:00,-0.0026755787637714468,0.0008265397450464134,12.56113349165371,1.3345754280426951
2026-03-11 10:30:00-04:00,0.006898493335505407,0.0006994571441131472,12.569919466212607,1.3437819877387769
2026-03-11 11:30:00-04:00,-0.0028818376855160865,0.000579784561393962,12.577207311457082,1.3399094261653937
2026-03-11 12:30:00-04:00,0.0052895691726204674,0.0008218528788296364,12.587543925493641,1.3469969697601416
2026-03-11 13:30:00-04:00,-0.0036344638218137604,0.0006931485486969721,12.596268963297256,1.3421013580054557
2026-03-11 14:30:00-04:00,-0.006097534635492008,0.0005973302660759147,12.603793095988667,1.3339178484906766
2026-03-11 15:30:00-04:00,0.004217814870499215,0.00036836444805617857,12.608435885275885,1.339544067028065
2026-03-12 09:30:00-04:00,0.0032182203239943252,0.0014707603934309972,12.626979873399062,1.3438550149694606
2026-03-12 10:30:00-04:00,0.005980894489272304,0.0005682989295620173,12.634155772544718,1.3518924700228723
2026-03-12 11:30:00-04:00,-0.0031348060623789253,0.00041658247951227676,12.63941894048299,1.34765454931216
2026-03-12 12:30:00-04:00,-0.002385612858284536,0.0004070434239498645,12.64456373284526,1.3444395672907954
2026-03-12 13:30:00-04:00,-0.001521732496178707,0.00031128768572190714,12.64849982982662,1.3423936899121005
2026-03-12 14:30:00-04:00,0.0021771929775020737,0.0003879160610462853,12.65340638605875,1.3453163400268202
2026-03-12 15:30:00-04:00,-0.003910499890274588,0.0005126025098087326,12.659892553929874,1.3400554806267608
2026-03-13 09:30:00-04:00,0.018320614624709464,0.0010753897835207857,12.67350687304284,1.3646061206630535
2026-03-13 10:30:00-04:00,-0.008620693176839,0.0009385580837451855,12.685401695367933,1.3528422699895808
2026-03-13 11:30:00-04:00,0.001296275998249552,0.0002729740927908844,12.688864481387414,1.3545959269535857
2026-03-13 12:30:00-04:00,0.0010248796700564888,0.000393755172213421,12.693860787406477,1.3559842247802618
2026-03-13 13:30:00-04:00,0.001724280969244818,0.0003418569497159039,12.698200271935379,1.3583223225736467
2026-03-13 14:30:00-04:00,-0.0011834385579680973,0.0004983631700787733,12.704528587277196,1.3567148315629642
2026-03-13 15:30:00-04:00,-0.000538511679614051,0.00025249808648515387,12.707736456435178,1.355984224780262
2026-03-16 09:30:00-04:00,0.004203032501352011,0.0015840989332907437,12.727866768200357,1.361683470548334
2026-03-16 10:30:00-04:00,-0.0037025243568705735,0.0008084369950697247,12.73815644656409,1.3566418043322808
2026-03-16 11:30:00-04:00,-0.003770113400901942,0.00036107495764854626,12.742755875863555,1.3515271108855438
2026-03-16 12:30:00-04:00,0.001458646842312561,0.00021112721146580044,12.745446218378016,1.3534985116381368
2026-03-16 13:30:00-04:00,0.0032400660435081274,0.00028491872988831363,12.749077634726415,1.3578839362056343
2026-03-16 14:30:00-04:00,-0.0013990234177750915,0.00034434954186230425,12.7534677737691,1.355984224780262
2026-03-16 15:30:00-04:00,0.000323297542848211,0.00030578553163064363,12.757367599692435,1.3564226111482744
2026-03-17 09:30:00-04:00,0.0017776439998904436,0.0010455664333842575,12.770706275033016,1.3588338476642978
2026-03-17 10:30:00-04:00,0.00043018675339867585,0.00017567593518228675,12.77294978080082,1.3594183999856329
2026-03-17 11:30:00-04:00,-0.0003224808256362399,0.00029547510094422803,12.77672386942666,1.3589800136176204
2026-03-17 12:30:00-04:00,-0.003925001154725827,0.00028504116501325435,12.780365761683454,1.353646015494922
2026-03-17 13:30:00-04:00,-0.003130745159518389,0.0002757297562643897,12.783889688819892,1.3494080947842098
2026-03-17 14:30:00-04:00,0.005956281931669638,0.00044773665896849816,12.789613504877787,1.3574455498376217
2026-03-17 15:30:00-04:00,-0.0036602038984243634,0.0003612263550934598,12.794233450347207,1.3524770223442073
2026-03-18 09:30:00-04:00,-0.009400353515877091,0.0012697060376124043,12.810478365805734,1.339763260212071
2026-03-18 10:30:00-04:00,-0.009380460378369038,0.0008961306184408891,12.821958227706208,1.3271956640332572
2026-03-18 11:30:00-04:00,0.004184070190429878,0.0004490251865280192,12.82771560989106,1.3327487438480066
2026-03-18 12:30:00-04:00,-0.0008771294335191415,0.0003047169939650856,12.831624432831147,1.3315797506972917
2026-03-18 13:30:00-04:00,0.002189431865498248,0.00017276213277421805,12.833841251635121,1.3344951538349206
2026-03-18 14:30:00-04:00,-0.0026226812805622,0.0002550481205312705,12.837114498725548,1.3309951983759567
2026-03-18 15:30:00-04:00,-0.0014822368633773397,0.00016783781124564697,12.839269051925724,1.3290223482279455
2026-03-19 09:30:00-04:00,0.0037935150020431685,0.0012391632012479406,12.85517900166579,1.3340640144439988
2026-03-19 10:30:00-04:00,-0.0019717417391893477,0.00039145774374568267,12.860211261033228,1.3314335847439691
2026-03-19 11:30:00-04:00,-0.00570743353064862,0.0009230783006894783,12.87208224299057,1.3238345160585696
2026-03-19 12:30:00-04:00,0.007616761996905419,0.0008322891133413366,12.882795536907448,1.3339178484906762
2026-03-19 13:30:00-04:00,0.0028494886266186015,0.000434679452313259,12.888395423415696,1.3377188322287938
2026-03-19 14:30:00-04:00,0.006444139291222228,0.000699105741749765,12.897405774658148,1.3463392787161674
2026-03-19 15:30:00-04:00,0.0029849292746908507,0.0008382993901212501,12.908217662053191,1.3503580062428735
2026-03-20 09:30:00-04:00,-0.003895899736024,0.0021300916309252766,12.935713348465292,1.345097146842814
2026-03-20 10:30:00-04:00,0.0023358571520695204,0.0013744625166396782,12.953493001588752,1.348239101633495
2026-03-20 11:30:00-04:00,-0.016150070005026995,0.001637873654939453,12.974709186515495,1.3264649457585993
2026-03-20 12:30:00-04:00,0.008813518578211,0.0010831038002643953,12.988762143342734,1.3381557692013883
2026-03-20 13:30:00-04:00,-0.009719333762308047,0.0009747265310060938,13.001422634408778,1.325149786654562
2026-03-20 14:30:00-04:00,-0.009042784429472706,0.001151951739343894,13.01639964582643,1.313166742797083
2026-03-20 15:30:00-04:00,-0.0031716409990379946,0.0007264964442004977,13.025856013885415,1.3090018493170545
2026-03-23 09:30:00-04:00,0.008931097728309911,0.0010234782353489762,13.039187694012414,1.3206926727598436
2026-03-23 10:30:00-04:00,0.007745471073219212,0.0008084599184670361,13.04972935463239,1.3309220596533176
2026-03-23 11:30:00-04:00,-0.009058435090709138,0.0008256413708307735,13.060503751065719,1.318865988565155
2026-03-23 12:30:00-04:00,0.005650993199229681,0.000556172261134789,13.067767640968507,1.3263188912972321
2026-03-23 13:30:00-04:00,0.0026993731976754365,0.0002837318006101,13.071475382211233,1.3298991209639706
2026-03-23 14:30:00-04:00,-0.007307301088923079,0.0010273291677176442,13.084904090136481,1.3201811476691927
2026-03-23 15:30:00-04:00,-0.0011069125323747153,0.00016538982686601058,13.087068200158509,1.3187198226118328
2026-03-24 09:30:00-04:00,0.018618124191902563,0.0019476962438637023,13.112557833735144,1.3432719120435437
2026-03-24 10:30:00-04:00,0.002827487802900208,0.0002888348777908662,13.116345197774578,1.3470699969908253
2026-03-24 11:30:00-04:00,0.0031460285806819144,0.00030929636833924824,13.120402035710134,1.3513079177015375
2026-03-24 12:30:00-04:00,-0.0043257437071315685,0.0003639347984209032,13.125177006580202,1.345462505980143
2026-03-24 13:30:00-04:00,-0.0030411510831428457,0.00039902568272030413,13.130414289296077,1.3413707512227535
2026-03-24 14:30:00-04:00,0.002287820921430317,0.0005060705957868512,13.137059205878389,1.3444395672907956
2026-03-24 15:30:00-04:00,-0.0038587321405825215,0.0005076387013425717,13.143728085553121,1.3392517351214197
2026-03-25 09:30:00-04:00,-0.0008728703648898106,0.0010555358050550684,13.15760176115933,1.3380827419707049
2026-03-25 10:30:00-04:00,-5.4659342314744563e-05,0.0007779513890408572,13.167837735725872,1.338009603248066
2026-03-25 11:30:00-04:00,0.0022935680436018124,0.0002958656938000661,13.1717336471734,1.341078419316108
2026-03-25 12:30:00-04:00,-0.0007082359637051727,0.00037705783902521853,13.17670015259862,1.3401286193493995
2026-03-25 13:30:00-04:00,-0.002780708551560651,0.00046045765289418094,13.182767465023776,1.3364021122373835
2026-03-25 14:30:00-04:00,-0.00032803477635823253,0.00019378759304531688,13.1853221218005,1.335963725869371
2026-03-25 15:30:00-04:00,-0.002297080383709682,0.0001613884052255691,13.187450079910123,1.3328949098013287
2026-03-26 09:30:00-04:00,0.005481855114776835,0.0013068079923428898,13.204683545073172,1.3402016465800832
2026-03-26 10:30:00-04:00,-0.005779072997358803,0.0007830710359138646,13.215023750295726,1.3324565234333166
2026-03-26 11:30:00-04:00,0.0007677088680624333,0.0002821416076118717,13.218752258341265,1.333479462122664
2026-03-26 12:30:00-04:00,0.00043836619755999173,0.00017901500334967314,13.22111861332107,1.334064014443999
2026-03-26 13:30:00-04:00,-0.003943483478378695,0.00038187273933587204,13.226167398103023,1.3288031550439396
2026-03-26 14:30:00-04:00,-0.0010447731264080495,0.00041077979102674693,13.231600440382898,1.3274148572172635
2026-03-26 15:30:00-04:00,0.0034678531907432752,0.00026863857554802414,13.235154958677422,1.3320181370653044
2026-03-27 09:30:00-04:00,0.007460233612642586,0.0011143533271242485,13.249903597640628,1.3419553035440885
2026-03-27 10:30:00-04:00,-0.0002722587975648727,0.00025215692235041297,13.25324465255325,1.3415899444067598
2026-03-27 11:30:00-04:00,0.001906247493884461,0.0003260660346022107,13.257566085482722,1.3441473468761058
2026-03-27 12:30:00-04:00,-0.0010872591853203772,0.00017481988540552794,13.25988377166654,1.3426859103267907
2026-03-27 13:30:00-04:00,-0.005126259093017116,0.0005146155749104442,13.266707514376943,1.3358029544699122
2026-03-27 14:30:00-04:00,-0.0005360081995399169,0.0002589224172192566,13.270142562355108,1.3350869531333467
2026-03-27 15:30:00-04:00,0.00010948047464598432,0.00043582747565569144,13.27592605508965,1.3352331190866693
2026-03-30 09:30:00-04:00,0.014556136168113465,0.0008700725899779246,13.287477074456758,1.3546689541842698
2026-03-30 10:30:00-04:00,-0.0018338530155532773,0.0003879001888121362,13.292631289322776,1.3521846904375625
2026-03-30 11:30:00-04:00,-0.0014049200814110208,0.00018914777001239792,13.295145560888749,1.3502849790121902
2026-03-30 12:30:00-04:00,-0.0011904827763531411,9.932776952182809e-05,13.29646613804278,1.3486774880015078
2026-03-30 13:30:00-04:00,0.0011919017148156463,0.0002770191365963554,13.300149513612123,1.35028497901219
2026-03-30 14:30:00-04:00,-0.008658041542713102,0.0007996734580781236,13.31078529016663,1.338594155569401
2026-03-30 15:30:00-04:00,0.004967268980722084,0.00048615941059841454,13.3172564536979,1.3452433127961367
2026-03-31 09:30:00-04:00,-0.00027159334958470893,0.000939132553354134,13.329763122754931,1.344877953658808
2026-03-31 10:30:00-04:00,-0.006302312710506741,0.0004922324394288299,13.336324464573853,1.336402112237384
2026-03-31 11:30:00-04:00,0.008747983361996114,0.0008832531583462846,13.348103815277918,1.348092935680173
2026-03-31 12:30:00-04:00,-0.003577255621189046,0.0008841283859057687,13.359905252759022,1.3432704626481258
2026-03-31 13:30:00-04:00,0.0013055129348618078,0.00045082816255435346,13.365928274296024,1.3450241196121306
2026-03-31 14:30:00-04:00,0.007876993338868932,0.0007417143068554347,13.375841974521474,1.3556188656429335
2026-03-31 15:30:00-04:00,0.0015631355944052405,0.0001393417289891762,13.37770578746889,1.3577378817442673
2026-04-01 09:30:00-04:00,-0.0026907759137453358,0.0013730237486281507,13.396073695217247,1.3540845133548902
2026-04-01 10:30:00-04:00,-0.0028599936171957996,0.0004806816279349841,13.402512941729002,1.3502118402895515
2026-04-01 11:30:00-04:00,0.008442084929172866,0.0008233176685635166,13.413547467437079,1.3616104433176508
2026-04-01 12:30:00-04:00,-0.002200180567107801,0.0004380881377854084,13.419423783468185,1.3586146544802922
2026-04-01 13:30:00-04:00,-0.00279662399501579,0.0002254104828261902,13.422448662262465,1.3548151201375924
2026-04-01 14:30:00-04:00,0.0008758456131803261,0.00017758897962989926,13.42483234122453,1.3560017290172353
2026-04-01 15:30:00-04:00,0.0010647632591391787,0.0001711586272219655,13.427130117098738,1.3574455498376221
2026-04-02 09:30:00-04:00,0.010011845314743528,0.0014415834741802426,13.446486445981217,1.3710360847057834
2026-04-02 10:30:00-04:00,-0.005968850569338047,0.0007765478608483422,13.45692828626677,1.3628525751910043
2026-04-02 11:30:00-04:00,-0.002251759378751661,0.000272097433916203,13.460589881921855,1.3597837591229622
2026-04-02 12:30:00-04:00,-0.00031058727067745373,8.996041260754656e-05,13.461800802141573,1.3593614275965047
2026-04-02 13:30:00-04:00,0.0005256526532542161,0.0002729174947082557,13.465474763090755,1.3600759795376522
2026-04-02 14:30:00-04:00,0.00042979387190822393,0.00019231262102937843,13.468064343835852,1.360660531858987
2026-04-02 15:30:00-04:00,0.0007517956649700785,0.00011089690585757678,13.469557910499475,1.3616834705483345
2026-04-06 09:30:00-04:00,0.002682979171294564,0.0008308677189143259,13.480749331355357,1.3653368389377118
2026-04-06 10:30:00-04:00,-0.0028898281299850614,0.0004104741366014631,13.486282830297887,1.3613912501336447
2026-04-06 11:30:00-04:00,-0.0030592920878693697,0.00024320890403257568,13.489562814364517,1.3572263566536162
2026-04-06 12:30:00-04:00,-0.0022072875483680754,0.0001341391037404386,13.491372292230285,1.3542305678162578
2026-04-06 13:30:00-04:00,0.0007014399772378166,0.00011258520364521834,13.492891221127259,1.3551804792749216
2026-04-06 14:30:00-04:00,-0.0008087232193733085,5.9037096274603236e-05,13.493687802245303,1.3540845133548904
2026-04-06 15:30:00-04:00,0.0007554467090189476,5.8961472133982335e-05,13.49448340994264,1.3551074520442379
2026-04-07 09:30:00-04:00,0.0026959990396819844,0.0008840400701758316,13.506413074003351,1.358760820433615
2026-04-07 10:30:00-04:00,0.001505693531876906,0.00034171176941677744,13.511028374313344,1.3608066978123097
2026-04-07 11:30:00-04:00,0.005315669056997097,0.0003945529404461791,13.516359190286881,1.368040295868425
2026-04-07 12:30:00-04:00,-0.002510288049074605,0.00019567389038316089,13.519003988873461,1.364606120663054
2026-04-07 13:30:00-04:00,0.0,0.00016426394549960745,13.521224673807897,1.364606120663054
2026-04-07 14:30:00-04:00,0.0018205804598439013,0.000394999120117804,13.526565545656965,1.3670904959017165
2026-04-07 15:30:00-04:00,0.0011758482818082783,0.00013149501215530666,13.528344221557811,1.368697986912399
2026-04-08 09:30:00-04:00,-0.005765544463092964,0.0014863796529524594,13.548452477146872,1.3608066978123097
2026-04-08 10:30:00-04:00,0.004188137651904844,0.0006668174447418985,13.557486821607892,1.3665059435803817
2026-04-08 11:30:00-04:00,0.0020318127223966087,0.00023256390348586994,13.560639803664584,1.369282427741779
2026-04-08 12:30:00-04:00,-0.0008003943509583555,0.00014927613747659204,13.562664083596186,1.3681864618217479
2026-04-08 13:30:00-04:00,0.000267038994701263,0.00012522092459893157,13.56436241293276,1.3685518209590766
2026-04-08 14:30:00-04:00,0.0046982894270442,0.0003221353053585066,13.568731972960641,1.3749816735098508
2026-04-08 15:30:00-04:00,0.0008502692546334956,0.0002089567882122418,13.571567251613823,1.3761507781525206
2026-04-09 09:30:00-04:00,0.01730917398860088,0.002153129968398827,13.600788599781412,1.3999708114061111
2026-04-09 10:30:00-04:00,-0.0003132192874273354,0.0002702408168423101,13.604464088002315,1.3995323135461435
2026-04-09 11:30:00-04:00,-0.004907524358179205,0.0005222223398056629,13.611568643070152,1.3926640746273569
2026-04-09 12:30:00-04:00,-0.00020990841364476598,0.000135675759449099,13.613415402983094,1.3923717427207118
2026-04-09 13:30:00-04:00,-0.00661206193838515,0.0005053726005580459,13.620295250127775,1.3831652945165853
2026-04-09 14:30:00-04:00,-0.00015847215432251982,0.0001587216103287096,13.622457085323028,1.3829461013325792
2026-04-09 15:30:00-04:00,-0.0016378588872830724,9.595050997837062e-05,13.623764167027524,1.3806810307698782
2026-04-10 09:30:00-04:00,0.00222268286421734,0.00032910052910052915,13.628247755023235,1.3837498468379203
2026-04-10 10:30:00-04:00,-0.0016369075435687108,0.000318105059282795,13.632582969583268,1.3814847762752194
2026-04-10 11:30:00-04:00,-0.0003201545134926542,0.0001223508510463219,13.634250927711557,1.3810424876887735
2026-04-10 12:30:00-04:00,-0.002907097604934239,0.00017074144855048175,13.636578859464857,1.3770276623805011
2026-04-10 13:30:00-04:00,-0.00010614598189684354,6.879757646584305e-06,13.63667267582254,1.3768814964271787
2026-04-10 14:30:00-04:00,-0.002069621017807499,0.00020348787596214987,13.639447573380536,1.3740318735431427
2026-04-10 15:30:00-04:00,0.000904005137923436,0.00012952982776951173,13.641214288675588,1.3752740054164962
2026-04-13 09:30:00-04:00,-0.008181960126097843,0.0007831140745286985,13.651896915578712,1.3640215683417196
2026-04-13 10:30:00-04:00,-0.008302913294306324,0.0009335252885671136,13.664641306586317,1.3526962155282145
2026-04-13 11:30:00-04:00,-0.0028650718555175425,0.0002933569434676439,13.668649923993597,1.3488206436720396
2026-04-13 12:30:00-04:00,-0.0006478800196959567,0.00021687502018822742,13.67161431272181,1.347946769726851
2026-04-13 13:30:00-04:00,-0.0015177731232735026,7.120850420084328e-05,13.67258784792703,1.3459008923481564
2026-04-13 14:30:00-04:00,0.0006515221387886072,0.0001366428426734075,13.674456109197273,1.3467777765761366
2026-04-13 15:30:00-04:00,0.0013020302996888944,0.00017294593541206357,13.67682105080033,1.3485313220481865
2026-04-14 09:30:00-04:00,-0.011974379520548584,0.0012086393541771566,13.693351394962367,1.3323834962026344
2026-04-14 10:30:00-04:00,0.004551612528021831,0.0005271942127811665,13.70057045057137,1.33844798961608
2026-04-14 11:30:00-04:00,-0.0031662113519796975,0.0003907459976247136,13.705923893640104,1.334210180397323
2026-04-14 12:30:00-04:00,-0.0011500914942365048,0.00031308646935273785,13.710215032961182,1.3326757166173242
2026-04-14 13:30:00-04:00,0.001041737167838619,0.00037573011266278276,13.715366373600148,1.3340640144440004
2026-04-14 14:30:00-04:00,0.003505309361540254,0.00024277889381681017,13.718696175076623,1.338740321522725
2026-04-14 15:30:00-04:00,-0.0030018723288582905,0.0002262055640178383,13.721799420482496,1.334721593996019
2026-04-15 09:30:00-04:00,-0.007061878245270159,0.0008832272734785822,13.73391888797187,1.3252959526078862
2026-04-15 10:30:00-04:00,-0.0011027246755257458,0.00038005568406437537,13.739138541909721,1.3238345160585712
2026-04-15 11:30:00-04:00,-0.0040842822844087134,0.00043597064338042797,13.745128402979331,1.3184276021971444
2026-04-15 12:30:00-04:00,0.003713135446021143,0.00037464541211313285,13.750277952274415,1.3233231024598753
2026-04-15 13:30:00-04:00,0.0019325608875053746,0.00016409976640004124,13.752534369674319,1.3258805049292215
2026-04-15 14:30:00-04:00,0.0022043088376773046,0.00014698585869587504,13.754555797747889,1.328803155043941
2026-04-15 15:30:00-04:00,0.003299274725073742,0.0004428737884492743,13.760647329982474,1.3331872417079758
2026-04-16 09:30:00-04:00,-0.0008769245655038116,0.0005807764598343029,13.768639190023809,1.3320181370653057
2026-04-16 10:30:00-04:00,-0.0026329990098945544,0.00016265929017413334,13.770878787101124,1.3285109346292512
2026-04-16 11:30:00-04:00,0.0018699610834596037,0.00014064632091619802,13.772815610538311,1.3309951983759585
2026-04-16 12:30:00-04:00,-0.0048309445823510044,0.00036152175276234276,13.777794782978306,1.324565234333229
2026-04-16 13:30:00-04:00,0.004744045764246696,0.00037779780469077303,13.783000003600796,1.330849032422636
2026-04-16 14:30:00-04:00,0.0019216322866393298,0.00038225627070843113,13.788268641781348,1.333406434891982
2026-04-16 15:30:00-04:00,0.006411299982064689,0.0004772285655367288,13.794848797446502,1.3419553035440899
2026-04-17 09:30:00-04:00,-0.011325284708593397,0.0008661111328198044,13.806796669565538,1.326757277665246
2026-04-17 10:30:00-04:00,-0.0022029361782119894,0.00018607739684106632,13.809365802348523,1.3238345160585712
2026-04-17 11:30:00-04:00,0.0034220686667432165,0.0002962282304924311,13.813456526344375,1.3283647686759283
2026-04-17 12:30:00-04:00,0.004902032784573684,0.00035955031397120053,13.81842315897545,1.3348764563218505
2026-04-17 13:30:00-04:00,0.003332456349156576,0.0001825078912790836,13.820945130246999,1.33932487384406
2026-04-17 14:30:00-04:00,0.0004909783763900055,1.79803250596049e-05,13.82119363533307,1.3399824533960787
2026-04-17 15:30:00-04:00,0.0030535883115627716,0.00017564441874799591,13.823621250855552,1.3440742081534682
2026-04-20 09:30:00-04:00,0.008589300664676003,0.001263492319099006,13.841087290128144,1.3556188656429347
2026-04-20 10:30:00-04:00,0.00021564461372891586,0.0003980445517500089,13.846596659514274,1.35591119754958
2026-04-20 11:30:00-04:00,0.00032331495514204,9.0937203354418e-05,13.847855830290467,1.3563495839175923
2026-04-20 12:30:00-04:00,-0.0010235545785078903,1.5684868569012958e-05,13.848073032089129,1.3549612860909162
2026-04-20 13:30:00-04:00,-0.0030198314884658517,0.0002538547222891998,13.85158843082293,1.3508695313335266
2026-04-20 14:30:00-04:00,-0.0037863056498455006,0.00032032057185806245,13.856025379550234,1.3457547263948344
2026-04-20 15:30:00-04:00,-0.0008686524578266352,0.00016968178033914102,13.85837649460506,1.3445857332441198
2026-04-21 09:30:00-04:00,0.0011411338452487207,0.0011646837402779402,13.874517120374977,1.3461200855321631
2026-04-21 10:30:00-04:00,-0.013787077810549664,0.0013961507881017974,13.89388803838712,1.3275610231705874
2026-04-21 11:30:00-04:00,0.008200727691968224,0.0008135075828744454,13.905190821661956,1.3384479896160801
2026-04-21 12:30:00-04:00,-0.003985128052882425,0.00044044565000906884,13.911315302471904,1.333114102985337
2026-04-21 13:30:00-04:00,0.003453027642369433,0.00018891588070675587,13.913943370854058,1.337717382833378
2026-04-21 14:30:00-04:00,-0.0020209477468158266,0.0002540864124898598,13.917478714808745,1.3350139259026645
2026-04-21 15:30:00-04:00,-0.008155029491611177,0.0007342266283602332,13.927697298280796,1.3241268479652166
2026-04-22 09:30:00-04:00,0.009601619476014456,0.0008030507595955524,13.938881946175597,1.336840610097353
2026-04-22 10:30:00-04:00,-0.001311792109515042,0.00030240178852470256,13.943097089006155,1.335086953133348
2026-04-22 11:30:00-04:00,-0.005144496689614475,0.0004143102116340986,13.948873856511936,1.328218602722606
2026-04-22 12:30:00-04:00,0.00016502794310890856,0.0001628586861972009,13.951145551782139,1.3284377959066123
2026-04-22 13:30:00-04:00,-0.004015157237455047,0.0004394023116619894,13.957275717387926,1.323103909275869
2026-04-22 14:30:00-04:00,-0.0033134862903051454,0.0006087251232206603,13.965771861768818,1.3187198226118342
2026-04-22 15:30:00-04:00,-0.0024379568474197644,0.0001883562868411928,13.968402402699573,1.3155048405904695
2026-04-23 09:30:00-04:00,0.059264684656907374,0.0037082416218556552,14.020200613880093,1.3934678201326989
2026-04-23 10:30:00-04:00,0.0001048136593160276,0.0009293964213111034,14.033230938156695,1.393613874594066
2026-04-23 11:30:00-04:00,0.009804490210590266,0.001337057193488645,14.051994170530447,1.4072775481848663
2026-04-23 12:30:00-04:00,-0.0011422700609099445,0.0005268998786942105,14.059398164554311,1.405670057174184
2026-04-23 13:30:00-04:00,-0.00041688425655961314,0.0004825570080832426,14.06618262566805,1.4050840554574309
2026-04-23 14:30:00-04:00,0.0030171647665235835,0.00035073390755490416,14.07111611286473,1.4093234255635612
2026-04-23 15:30:00-04:00,-0.001659100560543747,0.0007156225962168175,14.081185721509087,1.4069852162782213
2026-04-24 09:30:00-04:00,-0.007997472505493874,0.002100034791524938,14.11075670143018,1.3957328906953999
2026-04-24 10:30:00-04:00,-0.001361165112603313,0.0003450778450143707,14.115626010944233,1.3938330677780724
2026-04-24 11:30:00-04:00,0.001677538967465697,0.00038040764172145183,14.120995702946479,1.3961712770634123
2026-04-24 12:30:00-04:00,0.002093332073745957,0.00019756984861302952,14.123785585929774,1.399093927178132
2026-04-24 13:30:00-04:00,-0.0009400077282086805,0.0002123325451543719,14.12678452527045,1.3977787680740947
2026-04-24 14:30:00-04:00,-0.0007318316122062463,0.00038040764172145183,14.132158462056816,1.3967558293847475
2026-04-24 15:30:00-04:00,-0.0030341170744058177,0.0003868765136656675,14.137625862253188,1.3925179086740354
2026-04-27 09:30:00-04:00,-0.0011543772619865278,0.0018644389115667582,14.163984602027945,1.390910417663353
2026-04-27 10:30:00-04:00,0.00021009290819806736,0.00017767584085620828,14.166501199901985,1.391202638078043
2026-04-27 11:30:00-04:00,-0.0015052026541959584,0.0002524652032053332,14.170077748506129,1.3891085961746834
2026-04-27 12:30:00-04:00,-0.0017842133954536488,0.00020017363782245059,14.172914224517276,1.3866301300096486
2026-04-27 13:30:00-04:00,0.0012424980152032639,6.319945085388014e-05,14.173809944913266,1.3883530151940067
2026-04-27 14:30:00-04:00,-0.0003683599150210437,0.00014186717225674752,14.175820743250258,1.3878416015953106
2026-04-27 15:30:00-04:00,-0.0012635858169902647,0.00012644151791730746,14.17761315554276,1.3860879446313057
2026-04-28 09:30:00-04:00,0.008459659404839615,0.0008500564893206291,14.189664927608705,1.3978137765480407
2026-04-28 10:30:00-04:00,0.006770409474856409,0.0010676428380702947,14.204814421743283,1.4072775481848665
2026-04-28 11:30:00-04:00,0.0018691619882820198,0.0001421401752719895,14.206833496554895,1.4099079778848964
2026-04-28 12:30:00-04:00,-0.00015554538267836815,0.00019443351963474258,14.209595781194494,1.409688673208935
2026-04-28 13:30:00-04:00,-0.004457499529415876,0.0002882368708077561,14.213691510617908,1.4034049866114833
2026-04-28 14:30:00-04:00,-5.211519364445305e-05,7.568924692879605e-05,14.214767334224423,1.4033318478888444
2026-04-28 15:30:00-04:00,0.0049984730088019624,0.0004130787490504383,14.220639152532886,1.4103463642529088
2026-04-29 09:30:00-04:00,-0.006113397101083162,0.0009404857080558615,14.234013460415264,1.4017243568781619
2026-04-29 10:30:00-04:00,0.0009904214190641358,0.0001647147122019312,14.236358011845875,1.4031126547048378
2026-04-29 11:30:00-04:00,0.001926756858509071,0.0006450317582353866,14.245540914885124,1.4058161116355512
2026-04-29 12:30:00-04:00,-0.005093533048999621,0.0004354503806431549,14.251744141098978,1.3986555408101193
2026-04-29 13:30:00-04:00,-0.0108138756933992,0.0009972268168807522,14.265956362543806,1.3835306536539147
2026-04-29 14:30:00-04:00,-0.008291562047061385,0.0007539977998974149,14.276712862254596,1.372059023395132
2026-04-29 15:30:00-04:00,0.003195260983150927,0.0004597177586741642,14.283276120692868,1.3764431100591665
2026-04-30 09:30:00-04:00,0.022507644784342196,0.0016511704355960102,14.30686024394681,1.4074236026462335
2026-04-30 10:30:00-04:00,-0.0005191093721382822,0.0005633792236730129,14.314920431764243,1.4066929958635312
2026-04-30 11:30:00-04:00,0.006544745890680215,0.0005822061073571559,14.32325466586595,1.4158994440676578
2026-04-30 12:30:00-04:00,-0.0021673969015949535,0.00025464191667294697,14.32690196688706,1.4128306279996155
2026-04-30 13:30:00-04:00,0.004861411038679542,0.0004292883124929559,14.333052338455678,1.4196989784103573
2026-04-30 14:30:00-04:00,0.008337596972430195,0.0006917996150540143,14.34296793854597,1.4315358563145137
2026-04-30 15:30:00-04:00,-0.0008676917646698312,0.00039857168556942015,14.348684639453305,1.43029372444116
2026-05-01 09:30:00-04:00,0.008633473519316759,0.0015154344799579518,14.370429130897975,1.4426421274359678
2026-05-01 10:30:00-04:00,-0.0077998811075729035,0.0007360038257970715,14.381005821716661,1.4313896903611911
2026-05-01 11:30:00-04:00,-0.000559411059016024,0.00018248717358304776,14.383630170822348,1.4305889551386415
2026-05-01 12:30:00-04:00,-0.00495631002889807,0.00030181561930708346,14.38797137507024,1.423498512753057
2026-05-01 13:30:00-04:00,-0.00420905088487189,0.0004270565563384679,14.394115852578373,1.41750693507834
2026-05-01 14:30:00-04:00,0.0013401778702883949,0.00045468413004923073,14.400660628622632,1.4194066465037123
2026-05-01 15:30:00-04:00,-0.0017502128462103528,0.0002530969402129192,14.404305391764781,1.4169223827570052
2026-05-04 09:30:00-04:00,-0.003919113624237025,0.0014556505126375576,14.42527302629249,1.4113693029422558
2026-05-04 10:30:00-04:00,-0.003468617499704174,0.00027692590084245306,14.429267758020194,1.406473802679525
2026-05-04 11:30:00-04:00,-0.005870460026833113,0.000725877128372887,14.439741633464909,1.398217154442107
2026-05-04 12:30:00-04:00,-0.0013586669419245467,0.00039739004574078634,14.445479843053116,1.3963174430167347
2026-05-04 13:30:00-04:00,-0.005285241932843743,0.0003403839366147623,14.450396852348383,1.3889375675153415
2026-05-04 14:30:00-04:00,0.002367283691469435,0.0002936129712286931,14.454639676303636,1.3922255767673897
2026-05-04 15:30:00-04:00,0.0029390828021171878,0.00031386698770051664,14.459176510517134,1.3963174430167344
2026-05-05 09:30:00-04:00,0.0037152874536985347,0.0007191531627222563,14.46957487303503,1.401505163694155
2026-05-05 10:30:00-04:00,0.00495280204543036,0.0004554619387361575,14.476165213659392,1.4084465413355804
2026-05-05 11:30:00-04:00,0.0025420497360861827,0.0002422727353281468,14.479672393802769,1.412026882494274
2026-05-05 12:30:00-04:00,0.0011901460674725861,0.0001468348310196201,14.481798514051933,1.4137074007356403
2026-05-05 13:30:00-04:00,0.0012404667069667585,4.786257448932487e-05,14.48249165021205,1.4154610576996454
2026-05-05 14:30:00-04:00,0.0011872585488839071,0.00015090962951017385,14.48467719766137,1.4171415759410115
2026-05-05 15:30:00-04:00,-0.007166792531682176,0.0006229155955938692,14.493699928984936,1.4069852162782213
2026-05-06 09:30:00-04:00,-0.006699175854217976,0.0014945176000560722,14.515361018618735,1.3975595748900886
2026-05-06 10:30:00-04:00,0.0007841997863433647,0.0006954944561185263,14.525456371735745,1.3986555408101196
2026-05-06 11:30:00-04:00,5.221244870723396e-05,0.0002076719656259752,14.528472901812076,1.3987285680408033
2026-05-06 12:30:00-04:00,-0.00413724190462339,0.0003498693847456773,14.533555969687528,1.392941689595911
2026-05-06 13:30:00-04:00,0.0003252051521844823,0.00021486597466780635,14.536678736356345,1.3933946814100602
2026-05-06 14:30:00-04:00,-0.00020971833651195482,0.00022008142908611,14.539877989386806,1.3931024609953702
2026-05-06 15:30:00-04:00,0.0006293670139656538,0.0003551178714504337,14.545041359909547,1.393979233731395
2026-05-07 09:30:00-04:00,-0.013733070206266351,0.0007427460422187045,14.555844631813526,1.3748356190484843
2026-05-07 10:30:00-04:00,0.001488088721552483,0.00043653562996513154,14.56219877661955,1.376881496427179
2026-05-07 11:30:00-04:00,-0.006261982165581936,0.0004658328155098428,14.568982326675677,1.3682594890524322
2026-05-07 12:30:00-04:00,-0.0009611912905117537,0.00017402989181669476,14.571517765093867,1.366944329948395
2026-05-07 13:30:00-04:00,0.0006414107120644719,0.00023965862588711496,14.575009955018539,1.3678211026844196
2026-05-07 14:30:00-04:00,-0.00673073999666951,0.0007446084745162376,14.585862630947203,1.358614654480293
2026-05-07 15:30:00-04:00,0.003818390049241005,0.00024541139263180073,14.5894421678082,1.3638023751577135
2026-05-08 09:30:00-04:00,0.004232566679643224,0.0011119335959902203,14.605664658701341,1.3695747596484245
2026-05-08 10:30:00-04:00,-0.00490822746992281,0.0010984912449864168,14.621708853456134,1.3628525751910052
2026-05-08 11:30:00-04:00,-0.0006434182566351643,0.0002978680826025787,14.626064193836688,1.3619756909630252
2026-05-08 12:30:00-04:00,0.0009657078351101855,5.734277084381751e-05,14.626902892884104,1.3632909615590179
2026-05-08 13:30:00-04:00,-5.356687071422783e-05,0.0002547472597508102,14.630629056314707,1.3632179343283342
2026-05-08 14:30:00-04:00,-0.0029479714325252315,0.0003688818484287084,14.636026029804674,1.359199206801628
2026-05-08 15:30:00-04:00,0.0009138703636213386,0.0001548216126016388,14.638292002956689,1.3604413386749816
2026-05-11 09:30:00-04:00,0.020462954555214408,0.0009423755242182434,14.652086771056634,1.3882799879633227
2026-05-11 10:30:00-04:00,0.002630534924958905,0.0002834804170691624,14.656240350725428,1.3919319069572818
2026-05-11 11:30:00-04:00,-0.0008388738281057684,0.00015162200454332247,14.658462559266471,1.39076425171003
2026-05-11 12:30:00-04:00,0.004518233828400886,0.0004919002687204102,14.665673060938405,1.3970480497994369
2026-05-11 13:30:00-04:00,-0.0013598039277495921,0.0003810152459694439,14.671260905967024,1.3951483383740646
2026-05-11 14:30:00-04:00,-0.0032994913310836482,0.00037619814947977253,14.676780207170385,1.3905450585260237
2026-05-11 15:30:00-04:00,-0.0031001857257076937,0.0003155430096722612,14.681411362569252,1.386234110584628
2026-05-12 09:30:00-04:00,-0.0050601239072859405,0.001289963965325546,14.700349854187085,1.3792195942205636
2026-05-12 10:30:00-04:00,-0.001483358695937742,0.0002028381865884009,14.703331646493723,1.3771737168418687
2026-05-12 11:30:00-04:00,0.0005295402245344416,0.0001606797540719766,14.705694174206721,1.377902985721108
2026-05-12 12:30:00-04:00,0.0007190038228734874,4.674534796028968e-05,14.706381596997891,1.3788937032353903
2026-05-12 13:30:00-04:00,0.0036276893948827826,0.00036106114204763134,14.711691499932693,1.383895901299288
2026-05-12 14:30:00-04:00,0.0015839654774316703,0.00011652569700532981,14.713405790038848,1.3860879446313052
2026-05-12 15:30:00-04:00,-0.0025302885359035354,0.00040129720227504774,14.719310238618329,1.3825807421952505
2026-05-13 09:30:00-04:00,-0.0015854722007315747,0.0013154367194946736,14.738672559791842,1.380388698863233
2026-05-13 10:30:00-04:00,0.0029642047640343616,0.0003237154568949391,14.74344369591356,1.3844804536206226
2026-05-13 11:30:00-04:00,0.001530549669944481,0.0002889891357649235,14.747704390965442,1.3865994697219561
2026-05-13 12:30:00-04:00,0.002476688676406047,0.00028441351140341773,14.751898837356418,1.3900336449273272
2026-05-13 13:30:00-04:00,-0.0007885258144550988,0.00011018970700606284,14.75352434476709,1.3889375675153408
2026-05-13 14:30:00-04:00,0.0029038979628563943,0.00018335079169618963,14.756229415136012,1.3929709004881834
2026-05-13 15:30:00-04:00,-0.004783849160479248,0.00039946329856944745,14.76212398721263,1.386307137815311
2026-05-14 09:30:00-04:00,-0.0023897099478894512,0.0006771485665042933,14.77212013830913,1.3829942658572434
2026-05-14 10:30:00-04:00,0.0009690085744360477,0.00023361393980867245,14.775571111493969,1.384334399159255
2026-05-14 11:30:00-04:00,0.0007389390092225057,0.00012701889823476438,14.77744788825734,1.3853573378486024
2026-05-14 12:30:00-04:00,-0.00010550776274775853,0.00011639216697254247,14.779167867439376,1.3852111718952798
2026-05-14 13:30:00-04:00,0.0014769425920060364,6.037585727494365e-05,14.780060172369184,1.3872570492739744
2026-05-14 14:30:00-04:00,0.002106783394071998,0.00014184116431110194,14.78215659331262,1.3901796993886941
2026-05-14 15:30:00-04:00,0.0058867360891063925,0.0004172401748023664,14.788324302913571,1.3983633203954287
2026-05-15 09:30:00-04:00,-0.015257592718389335,0.0007013372575843933,14.798695905724445,1.3770276623805007
2026-05-15 10:30:00-04:00,-0.002600050279675581,0.00032596918644692014,14.80351982458931,1.3734473212218072
2026-05-15 11:30:00-04:00,-0.00452203063252421,0.00034374127133065245,14.808608405313985,1.367236550363084
2026-05-15 12:30:00-04:00,-0.005771707242608226,0.0007318296266712156,14.819445783674766,1.3593452612629946
2026-05-15 13:30:00-04:00,0.002150124541545395,0.0004987385561642168,14.826836812668068,1.3622680228696695
2026-05-15 14:30:00-04:00,-0.00037549519042057167,0.00018630818856123002,14.829599173776728,1.3617564977790182
2026-05-15 15:30:00-04:00,0.0019853537890790474,0.00015372591611891476,14.831878867495393,1.3644600662016868
2026-05-18 09:30:00-04:00,-0.050016125746668694,0.0032990298316749166,14.880809678339048,1.2962150599542352
2026-05-18 10:30:00-04:00,-0.004847805185683285,0.0009843698225880683,14.89545789832208,1.2899312618648284
2026-05-18 11:30:00-04:00,-0.008723197828816143,0.0014363664106889205,14.91685323371906,1.278678936282007
2026-05-18 12:30:00-04:00,-0.0006856863839285188,0.0006703555995099085,14.926852829811352,1.2778021635459822
2026-05-18 13:30:00-04:00,0.0023443983981761285,0.0012212097342854584,14.945081647789364,1.2807978408913854
2026-05-18 14:30:00-04:00,0.00416459018933546,0.0005737827684466199,14.953656878111893,1.2861318390140837
2026-05-18 15:30:00-04:00,0.011987277349939651,0.001099069817127653,14.970091991042308,1.3015490580769333
2026-05-19 09:30:00-04:00,-0.008477009623496068,0.0013334792712682427,14.990054298401342,1.290515814186163
2026-05-19 10:30:00-04:00,0.009738428650515552,0.0011146919353917223,15.006763591038853,1.3030834103649769
2026-05-19 11:30:00-04:00,0.009420253275026935,0.0009837020625563498,15.021525775335652,1.3153587861291007
2026-05-19 12:30:00-04:00,0.0016676003160251973,0.0002107177898071085,15.024691078046562,1.3175522788565361
2026-05-19 13:30:00-04:00,-0.004104941288169628,0.00047826833480941577,15.031876912029485,1.312143804107736
2026-05-19 14:30:00-04:00,-0.0020258383178455297,0.0003012497249721233,15.03640526081505,1.309485612910851
2026-05-19 15:30:00-04:00,0.00481987699905484,0.0004795528485481245,15.043616011789798,1.3157971724971131
2026-05-20 09:30:00-04:00,0.0006663433805385033,0.0010203307199511122,15.058965475345774,1.316673945233138
2026-05-20 10:30:00-04:00,-0.015427296483780495,0.001438386193737348,15.080626083377478,1.2963612259075574
2026-05-20 11:30:00-04:00,0.0019163360466663004,0.0005657661160113885,15.08915819062369,1.2988454896542645
2026-05-20 12:30:00-04:00,-0.00551302744049853,0.00048698204627276097,15.096506339755893,1.2916849188288329
2026-05-20 13:30:00-04:00,0.0007919413429977595,0.0003885730406812104,15.102372435127995,1.29270785751818
2026-05-20 14:30:00-04:00,0.002034821467767456,0.0001836217569532143,15.105145559288696,1.2953382872182098
2026-05-20 15:30:00-04:00,-0.004174218740182423,0.00038236437243470715,15.110921228791009,1.2899312618648278
2026-05-21 09:30:00-04:00,0.008100192528344374,0.000610629614024961,15.120148404788505,1.300379953434263
2026-05-21 10:30:00-04:00,0.00028096337256178217,0.00032889352613684766,15.125121323713067,1.3007453125715918
2026-05-21 11:30:00-04:00,0.004269152278373989,0.000484586260446054,15.132450749694119,1.3062983923863412
2026-05-21 12:30:00-04:00,-0.0019017582515500342,0.0002930190120205389,15.136884845462243,1.3038141286396339
2026-05-21 13:30:00-04:00,-0.0008966804523661276,0.0001366659743047542,15.138953542577585,1.302645023996964
2026-05-21 14:30:00-04:00,0.0020753596573979127,0.0003724251092419806,15.144591669004491,1.3053484809276774
2026-05-21 15:30:00-04:00,0.003974289046315915,0.00044761260257429895,15.15137057909638,1.3105363130970533
2026-05-22 09:30:00-04:00,-0.011728407507671346,0.0011785326405982643,15.169226963873644,1.29516580916345
2026-05-22 10:30:00-04:00,-0.0004310183421676328,0.0008293576999884358,15.181807679059006,1.2946075689435521
2026-05-22 11:30:00-04:00,0.00417657480389555,0.0002617852491067997,15.185782052364157,1.3000145942969341
2026-05-22 12:30:00-04:00,-0.0035409447464936905,0.0006438818565400845,15.195559901905048,1.2954113144488932
2026-05-22 13:30:00-04:00,0.0019742011211583144,0.00020033080568822317,15.19860404066308,1.2979687169182395
2026-05-22 14:30:00-04:00,-0.0002251367162250384,0.00010396469546562306,15.20018415890367,1.2976764965035497
2026-05-22 15:30:00-04:00,-0.002759039844167921,0.0001496278750271372,15.202458530159387,1.2940961553448562
2026-05-26 09:30:00-04:00,-0.010614899646172904,0.0020256128727189605,15.233252825855054,1.2803594545233723
2026-05-26 10:30:00-04:00,0.002339802956720316,0.0003694760622106718,15.23888114812381,1.283355243360731
2026-05-26 11:30:00-04:00,0.0021635440909417714,0.00024355914257843245,15.242592716950101,1.2861318390140832
2026-05-26 12:30:00-04:00,0.0006817129546352607,0.00020141645410671715,15.24566282592654,1.287008611750108
2026-05-26 13:30:00-04:00,-0.002725080783480882,0.0002433070717962678,15.24937220350631,1.2835014093140533
2026-05-26 14:30:00-04:00,0.00045543566769223887,8.459217545218789e-05,15.250662181075285,1.2840859616353881
2026-05-26 15:30:00-04:00,-0.0025606702683798055,0.00030102760525536887,15.255253051390211,1.2807978408913845
2026-05-27 09:30:00-04:00,-0.004906159183586389,0.0010968031291479616,15.271985060672922,1.2745140428019777
2026-05-27 10:30:00-04:00,0.0,0.00016688798938462704,15.274533771553608,1.2745140428019777
2026-05-27 11:30:00-04:00,-0.00028657796862763263,0.000252809026548928,15.278395311567385,1.2741487951566042
2026-05-27 12:30:00-04:00,-0.0004587786948879735,8.651654102276299e-05,15.279717145482119,1.2735642428352691
2026-05-27 13:30:00-04:00,0.002180089600518187,0.0001896447098615784,15.28261486300694,1.2763407269966662
2026-05-27 14:30:00-04:00,0.0008587655230318791,0.00026375221889733723,15.28664568658761,1.2774368044086524
2026-05-27 15:30:00-04:00,0.002631078477723925,0.000228216610068579,15.290134353045524,1.2807978408913845
2026-05-28 09:30:00-04:00,0.007098309903414979,0.0009025873686016177,15.303935035176806,1.2898893408896563
2026-05-28 10:30:00-04:00,-0.003989334231338293,0.0005724642566603472,15.312695990970695,1.2847435411874069
2026-05-28 11:30:00-04:00,0.0030142681782265868,0.00028872003277383715,15.317117073059066,1.2886161027607903
2026-05-28 12:30:00-04:00,-0.0014175549962280876,0.00020839546695399004,15.320309090823896,1.2867894185661017
2026-05-28 13:30:00-04:00,-0.0007382027276243708,0.00018592093505029645,15.323157457015322,1.285839507107438
2026-05-28 14:30:00-04:00,-0.006137071583561138,0.0004385463889584481,15.329877372385537,1.2779482180073487
2026-05-28 15:30:00-04:00,-0.00228698633758162,0.00028715138868228723,15.334279367961345,1.2750255678926292
2026-05-29 09:30:00-04:00,-0.009971378184321256,0.0014435163702167164,15.356414651254473,1.2623118057604927
2026-05-29 10:30:00-04:00,0.0002315845461564603,0.00030323068237637473,15.36107118734803,1.2626041376671377
2026-05-29 11:30:00-04:00,-0.00509262075967043,0.0005076162605356092,15.368868716861972,1.2561741736244083
2026-05-29 12:30:00-04:00,0.0029083294865361875,0.0002179735537345281,15.372218723793063,1.2598275420137854
2026-05-29 13:30:00-04:00,0.0009279878425274557,0.00018265519391127594,15.375026539384903,1.2609966466564555
2026-05-29 14:30:00-04:00,0.0020279918936909613,0.00026866249409757614,15.37915723236179,1.2635539376338463
2026-05-29 15:30:00-04:00,0.006071838872545365,0.0006521394086472476,15.389186586864794,1.2712260335499292
2026-06-01 09:30:00-04:00,-0.0203954533052364,0.0011195507392610378,15.406415562084742,1.2452988023422609
2026-06-01 10:30:00-04:00,-0.006463549311713557,0.000601131357939179,15.415676841592555,1.237249752125504
2026-06-01 11:30:00-04:00,-0.0025394668984847213,0.0002200601730262257,15.419069218105632,1.2341077973348227
2026-06-01 12:30:00-04:00,-0.00035522534494891733,0.0001671959618475145,15.421647224214345,1.2336694109668103
2026-06-01 13:30:00-04:00,-0.0018952385238703018,0.0002859788117795896,15.426057488563208,1.2313313131734256
2026-06-01 14:30:00-04:00,-0.004628523377175897,0.0003709476974919194,15.43177974906997,1.2256320674053538
2026-06-01 15:30:00-04:00,-0.002623121658501315,0.00022389725199229937,15.435234882149137,1.222417085383989
2026-06-02 09:30:00-04:00,0.018410052449920222,0.0012693331572132453,15.454827337574425,1.244921848041587
2026-06-02 10:30:00-04:00,0.0021129275738616116,0.00019844876432064954,15.457894328962357,1.2475522777416168
2026-06-02 11:30:00-04:00,0.0014055887703752212,0.00031821905014310756,15.462813325412933,1.2493058232136665
2026-06-02 12:30:00-04:00,0.0002924497193079745,0.00017409364703042932,15.465505302978105,1.2496711823509952
2026-06-02 13:30:00-04:00,0.0007016027483128795,0.0005960668337446272,15.474723777756312,1.25054795508702
2026-06-02 14:30:00-04:00,0.0005259222897437965,-1.8879050682306056e-05,15.474431629661817,1.2512056461309937
2026-06-02 15:30:00-04:00,0.0005839222233063879,0.00016816739145506906,15.477033924463226,1.2519362529136961
2026-06-03 09:30:00-04:00,-0.0004669185990696656,0.0009888384309246507,15.49233821040446,1.2513517005923611
2026-06-03 10:30:00-04:00,-0.00023352380833585595,0.00041926597530691633,15.498833620694029,1.2510594801776713
2026-06-03 11:30:00-04:00,-0.0029202195796944608,0.0003492914244056447,15.504247230366028,1.2474061117882942
2026-06-03 12:30:00-04:00,-0.0002343518312780679,3.440805081756225e-05,15.50478070129262,1.2471137798816492
2026-06-03 13:30:00-04:00,-0.004452745133869285,0.0005281300801498605,15.5129692423671,1.2415607000668998
2026-06-03 14:30:00-04:00,-0.002942561236982,0.00028960437904964904,15.517461866191754,1.2379073316775226
2026-06-03 15:30:00-04:00,-0.0011214876842152721,0.00027214534717460916,15.521684871238596,1.2365190338508465
2026-06-04 09:30:00-04:00,0.0035455068171343918,0.0007317111992359046,15.533042261889893,1.240903120514881
2026-06-04 10:30:00-04:00,-0.006535951235846937,0.0006331139488840244,15.5428764476145,1.2327926382307854
2026-06-04 11:30:00-04:00,0.016002826746725374,0.0015168381164707319,15.566452475049838,1.2525208052350312
2026-06-04 12:30:00-04:00,-0.0009334013756766568,0.00019655232170417213,15.569512097424507,1.2513517005923611
2026-06-04 13:30:00-04:00,-0.003737004613899475,0.00029157087657311607,15.574051713714569,1.2466753935136365
2026-06-04 14:30:00-04:00,0.0042199111552465585,0.0003907007994968264,15.580136508170522,1.2519362529136961
2026-06-04 15:30:00-04:00,-0.00011666285805478349,0.00010381180446016484,15.58175391025517,1.2517901984523288
2026-06-05 09:30:00-04:00,-0.005603587863794557,0.0007525357353461547,15.593479736892007,1.2447756820882643
2026-06-05 10:30:00-04:00,0.004402441871994345,0.0006615391769688646,15.603795434643231,1.25025573467233
2026-06-05 11:30:00-04:00,-0.0028636870516989266,0.0002684955737582966,15.607984984651262,1.2466753935136365
2026-06-05 12:30:00-04:00,0.0014652444446987545,0.00023287831140594674,15.611619745838935,1.248502077708325
2026-06-05 13:30:00-04:00,0.0045063749895517535,0.0005812023246235565,15.620693255526357,1.2541282962457132
2026-06-05 14:30:00-04:00,-0.006292250261565879,0.0006995902348029808,15.631621339988776,1.246237007145624
2026-06-05 15:30:00-04:00,0.006801147272008423,0.0007760077941505971,15.643751599983817,1.2547128485670482
2026-06-08 09:30:00-04:00,-0.001979946048647263,0.0007799303848910222,15.655952637190332,1.252228584820341
2026-06-08 10:30:00-04:00,-0.001750513730951031,0.0004028143541294552,15.662259079640164,1.2500365414883237
2026-06-08 11:30:00-04:00,-0.005611449050691553,0.0003510302254443869,15.667757005975858,1.2430220251242592
2026-06-08 12:30:00-04:00,-0.001998567761869574,0.0002103324655122106,15.671052443935972,1.2405377613775521
2026-06-08 13:30:00-04:00,-0.00541876649522921,0.0005091432445188018,15.679031254422302,1.2338155769201329
2026-06-08 14:30:00-04:00,-0.0036716517526146353,0.00024503784433345464,15.682873210442123,1.229285435794731
2026-06-08 15:30:00-04:00,-0.0011293535140426414,0.00033083620723514293,15.688061672733616,1.2278971379680548
2026-06-09 09:30:00-04:00,0.00035702206191134955,0.0009921793428042246,15.703627043453942,1.2283355243360672
2026-06-09 10:30:00-04:00,0.0012492220159701084,0.0004239804143435609,15.710285073754521,1.229869988116066
2026-06-09 11:30:00-04:00,0.008281827065856007,0.0007768469167736158,15.722489560275704,1.2400555586711297
2026-06-09 12:30:00-04:00,-0.0025584459149334826,0.0004842468415395492,15.730103126186407,1.236882943592757
2026-06-09 13:30:00-04:00,-0.0027161722171989977,0.00024996714030194424,15.734035135081516,1.233523356505443
2026-06-09 14:30:00-04:00,0.0,-4.005907013082121e-05,15.7334048442646,1.233523356505443
2026-06-09 15:30:00-04:00,0.004501803541427263,0.00041494398607076137,15.739933325985143,1.2390764363201925
2026-06-10 09:30:00-04:00,-0.00023592725846133256,0.0007187264608695191,15.75124603255885,1.2387841044135475
2026-06-10 10:30:00-04:00,-0.00035388439878303313,0.00030734505310217857,15.756087100107152,1.238345718045535
2026-06-10 11:30:00-04:00,0.0038353149142063003,0.00042444627899484544,15.76277471264831,1.2430951638468986
2026-06-10 12:30:00-04:00,0.0011755536501627528,0.00011692502309773565,15.76461777544567,1.2445564889042584
2026-06-10 13:30:00-04:00,-0.0008806971975625633,3.501404445148911e-05,15.765169758473219,1.243460411492272
2026-06-10 14:30:00-04:00,-0.00011745807105512096,6.436973107768788e-05,15.766184558210965,1.2433143570309046
2026-06-10 15:30:00-04:00,0.00017629747679381857,0.00014698522373843425,15.768501954375754,1.2435335502149107
2026-06-11 09:30:00-04:00,0.0031728848838739054,0.0005128257459600093,15.776588448153177,1.2474791390189777
2026-06-11 10:30:00-04:00,-0.0029871406290539193,0.0003732497893845332,15.782477056468656,1.2437527433989168
2026-06-11 11:30:00-04:00,-0.0010575016641958257,0.00014706688716565217,15.784798136241115,1.2424374728029244
2026-06-11 12:30:00-04:00,0.0002647225918117613,0.00010599287297623387,15.786471212344926,1.2427663740708887
2026-06-11 13:30:00-04:00,0.002439916922430063,0.00017585116605666907,15.789247281715536,1.2457986207776113
2026-06-11 14:30:00-04:00,0.00029327303083759304,-3.58356101636992e-05,15.788681464405169,1.24616397991494
2026-06-11 15:30:00-04:00,-0.005218407351059051,0.0005989194522307272,15.798137612859275,1.2396609886415269
2026-06-12 09:30:00-04:00,0.012377642339963968,0.001134112850043687,15.816054483732778,1.2550050689817378
2026-06-12 10:30:00-04:00,-0.00197948503006673,0.0003713927557184983,15.821928451792086,1.2525208052350305
2026-06-12 11:30:00-04:00,-0.001750105325880047,0.00016196530600891536,15.824491055275432,1.250328761903013
2026-06-12 12:30:00-04:00,0.0012856546691253357,3.364129884026961e-05,15.825023411708017,1.2519362529136953
2026-06-12 13:30:00-04:00,0.0019260058253061096,0.00011470325694341803,15.826838593434546,1.2543474894297189
2026-06-12 14:30:00-04:00,0.0009320420796643525,9.598457969432327e-06,15.826990506679573,1.2555165940723887
2026-06-12 15:30:00-04:00,0.00034916811938789927,5.0448723221189535e-05,15.827788958143069,1.2559549804404013
2026-06-15 09:30:00-04:00,0.0005235693653509177,0.0010093547479669992,15.84376481207779,1.2566125599924198
2026-06-15 10:30:00-04:00,-0.0020350671788655905,0.00031270384871929396,15.848719218312732,1.254055269015029
2026-06-15 11:30:00-04:00,0.002214004621644561,0.00020185343120357233,15.851918336667131,1.2568317531764261
2026-06-15 12:30:00-04:00,0.004656765056777479,0.00037393285451782715,15.857845889740345,1.2626845233668664
2026-06-15 13:30:00-04:00,0.0008622256175574439,0.00015866893150431484,15.860362037203629,1.2637732423098067
2026-06-15 14:30:00-04:00,0.000982875591734489,7.733474766002667e-05,15.86158859429957,1.2650153741831602
2026-06-15 15:30:00-04:00,-0.005198458556520236,0.00044890520618659925,15.868708943997943,1.2584392441871082
2026-06-16 09:30:00-04:00,0.00783839131977504,0.0009459143747216314,15.883719383896345,1.2683033834352087
2026-06-16 10:30:00-04:00,0.0012097675588371715,0.0003408529487345961,15.889133396485217,1.269837735723252
2026-06-16 11:30:00-04:00,0.003222353639549258,0.00037958268680600936,15.895164636430875,1.2739296019725967
2026-06-16 12:30:00-04:00,-0.008431323024045922,0.0009238851785888684,15.909849943449704,1.2631886899884714
2026-06-16 13:30:00-04:00,-0.00011571189204040433,0.0002743951823363515,15.91421552962588,1.2630425240351488
2026-06-16 14:30:00-04:00,-0.005669303043380758,0.0004383137537444155,15.92119094917257,1.255881953209717
2026-06-16 15:30:00-04:00,0.0033744578460428443,0.0003574215818567312,15.926881526426666,1.2601198739204291
2026-06-17 09:30:00-04:00,0.001739462955411275,0.0009107332066151786,15.941386666310608,1.2623118057604912
2026-06-17 10:30:00-04:00,-0.003993906023132543,0.0006116722680116384,15.95113757044804,1.2572702510363931
2026-06-17 11:30:00-04:00,-0.0004068537295220942,0.00022425580423061282,15.954714705632295,1.2567587259457418
2026-06-17 12:30:00-04:00,-0.0015697922817495824,0.00016081889692178824,15.957280525251957,1.2547858757977308
2026-06-17 13:30:00-04:00,-0.0023874012317032234,0.0003169107718163079,15.962337559339305,1.2517901984523274
2026-06-17 14:30:00-04:00,-0.0014009192324505593,0.00047621225663494783,15.969939020129605,1.2500365414883226
2026-06-17 15:30:00-04:00,0.0023380517430633407,0.0005418899050569713,15.978592968868988,1.2529591916030423
2026-06-18 09:30:00-04:00,0.012129705405169,0.0010873303914116154,15.995966978616035,1.2681572174818858
2026-06-18 10:30:00-04:00,0.00426368693001522,0.0007307641992432238,16.007656258616283,1.2735642428352678
2026-06-18 11:30:00-04:00,0.00028687923627268574,0.00037828849599735816,16.013711770826795,1.2739296019725965
2026-06-18 12:30:00-04:00,-0.0006883302080603615,0.0001673934402012058,16.016392361130503,1.2730527177446165
2026-06-18 13:30:00-04:00,-0.005222914685387159,0.0006877664922377828,16.027407899123023,1.2664036720098362
2026-06-18 14:30:00-04:00,-0.0020194212365851616,0.000412679956215979,16.03402208911309,1.2638462695404902
2026-06-18 15:30:00-04:00,0.0027172412405975788,0.0004175109254117551,16.040716468513587,1.267280444745861
2026-06-22 09:30:00-04:00,0.006457536331999636,0.0007830732224940578,16.053277524049697,1.27546395426064
2026-06-22 10:30:00-04:00,-0.0009166112760494727,0.00045438229472446264,16.060571849128923,1.27429484961797
2026-06-22 11:30:00-04:00,-0.003841732754549243,0.00029433847331849735,16.065299093327617,1.2693993493552393
2026-06-22 12:30:00-04:00,-0.0016116893235639251,9.364878092881068e-05,16.066803589002966,1.2673534719765445
2026-06-22 13:30:00-04:00,0.001614291059229167,0.00011705032805627125,16.068684213633876,1.2693993493552393
2026-06-22 14:30:00-04:00,-0.006389228329300001,0.0005101474976616934,16.07688161267618,1.261288867071144
2026-06-22 15:30:00-04:00,-0.0025489656694031027,0.00022921263858949697,16.08056663713091,1.2580738850497792
2026-06-23 09:30:00-04:00,0.006272516418840635,0.0010292592759301622,16.097117709504392,1.2659651741498685
2026-06-23 10:30:00-04:00,-0.0012697750645169759,0.00036592423438846643,16.103008034978103,1.264357683139186
2026-06-23 11:30:00-04:00,-0.0006356947215645503,0.00016989908800468402,16.105743921357377,1.263553937633845
2026-06-23 12:30:00-04:00,-0.0008095726338861464,0.00022757583317092528,16.109409199449118,1.2625309989444975
2026-06-23 13:30:00-04:00,0.0022570716175827066,0.00018152704847185867,16.11233349295372,1.2653806218285335
2026-06-23 14:30:00-04:00,-0.00149433579769509,0.0001236980107478324,16.1143265565553,1.2634897182676255
2026-06-23 15:30:00-04:00,-0.0003539357907001994,0.00036598077903718233,16.12022409034213,1.2630425240351488
2026-06-24 09:30:00-04:00,0.0018511631626740854,0.0009339767744945606,16.135280005242155,1.2653806218285335
2026-06-24 10:30:00-04:00,0.0050814465875397286,0.000572554835092031,16.14451833782472,1.271810585871263
2026-06-24 11:30:00-04:00,-0.002642717807250783,0.0004377298028814832,16.15158527465435,1.2684495493885308
2026-06-24 12:30:00-04:00,-0.0010369120290408818,0.0002494893014371031,16.155614922381627,1.2671342787925384
2026-06-24 13:30:00-04:00,0.00570871585524757,0.0004671288414623445,16.16316167606343,1.274367988340609
2026-06-24 14:30:00-04:00,0.002350803586379735,0.000292019340835855,16.167881631881897,1.2773637771779676
2026-06-24 15:30:00-04:00,0.0024024605385490894,0.0004751776376011773,16.17556424768075,1.2804325932460097
2026-06-25 09:30:00-04:00,0.0045650979678835135,0.0009080559140087016,16.190252564458284,1.2862778934754489
2026-06-25 10:30:00-04:00,-0.010054471035993329,0.0009415525312998966,16.205496537742736,1.2733450496512615
2026-06-25 11:30:00-04:00,0.0013197665800219749,0.00036269852426671885,16.211374247421983,1.2750255678926277
2026-06-25 12:30:00-04:00,0.0025787790730211757,0.00031001369797792745,16.216399995501728,1.278313577144676
2026-06-25 13:30:00-04:00,0.0028579594668294295,0.0002903361513966916,16.22110820266593,1.2819669455340532
2026-06-25 14:30:00-04:00,0.000626962737332093,0.0002327932565430592,16.22488436726917,1.2827706910393946
2026-06-25 15:30:00-04:00,-0.0007974447003606944,0.00017033524128691108,16.22764803686272,1.2817477523500471
2026-06-26 09:30:00-04:00,0.0031923245036999948,0.0005048603042754535,16.235840732188286,1.2858395071074367
2026-06-26 10:30:00-04:00,0.0013070291619068364,0.0002662489637935846,16.24016350795955,1.287520136840758
2026-06-26 11:30:00-04:00,-0.0029510484799273318,0.00024903433420560284,16.244207866266148,1.2837206024980583
2026-06-26 12:30:00-04:00,0.0018783187800612833,0.00023186412793416614,16.24797431535704,1.286131839014082
2026-06-26 13:30:00-04:00,-0.0027270251941655665,0.00017544137885149553,16.25082488237447,1.282624525086072
2026-06-26 14:30:00-04:00,0.004557383401819992,0.00030010776801662933,16.25570188115835,1.2884699368074664
2026-06-26 15:30:00-04:00,0.0010208003760270312,0.00040148532275547614,16.26222830687472,1.289785207403459
2026-06-29 09:30:00-04:00,-0.011330160614051232,0.0020167003768135484,16.29502434882902,1.2751717338459505
2026-06-29 10:30:00-04:00,0.0012606074680105994,0.00043055667684648187,16.302040280361787,1.2767792248566328
2026-06-29 11:30:00-04:00,0.007153484953100309,0.000547097179545417,16.31095908062001,1.2859126458300758
2026-06-29 12:30:00-04:00,-0.002045574175321807,0.00019228086338224698,16.314095365914625,1.2832822161300461
2026-06-29 13:30:00-04:00,0.0032454139360185152,0.00023186412793416614,16.31787801940968,1.2874469981181194
2026-06-29 14:30:00-04:00,0.003575510180045871,0.0001852649721140227,16.320901150625907,1.2920502779661602
2026-06-29 15:30:00-04:00,0.0022620250655571716,0.0003198904688658747,16.326122051347294,1.2949729280808797
2026-06-30 09:30:00-04:00,-0.011228292514514737,0.0010532209608403135,16.343317065301008,1.2804325932460099
2026-06-30 10:30:00-04:00,0.004051537507546055,0.00031818104014169656,16.348517198924213,1.2856203139234306
2026-06-30 11:30:00-04:00,0.008127354131133968,0.0006481611369674935,16.3591136724196,1.2960690054928659
2026-06-30 12:30:00-04:00,0.0003382430766838418,0.00017193782668921764,16.361926422870997,1.2965073918608783
2026-06-30 13:30:00-04:00,-0.002592463410380552,0.0005238583758653126,16.37049775507291,1.293146243886191
2026-06-30 14:30:00-04:00,-0.0021470766933933128,0.00016190871708351428,16.373148281362454,1.2903697597247938
2026-06-30 15:30:00-04:00,-0.006342074389963814,0.0005728154247122752,16.38252707324912,1.2821861387180595
2026-07-01 09:30:00-04:00,-0.003533138433341132,0.0008217148259087526,16.395988838631055,1.2776559975926576
2026-07-01 10:30:00-04:00,-0.008924899374979534,0.0008461615861632598,16.409862494553465,1.266253046378304
2026-07-01 11:30:00-04:00,0.004273532494246668,0.0004737874350334933,16.417637281214013,1.2716644199179405
2026-07-01 12:30:00-04:00,-0.004022046513707633,0.0004444902319339466,16.42493476061695,1.2665497264712036
2026-07-01 13:30:00-04:00,0.0009807209676750972,0.00016870573281901655,16.427705741272245,1.267791858344557
2026-07-01 14:30:00-04:00,-0.002074811951754074,0.0003424359037746197,16.4333311775347,1.2651614286445274
2026-07-01 15:30:00-04:00,-0.0023678222221908962,0.0002277241107605859,16.43707344326394,1.262165751299124
2026-07-02 09:30:00-04:00,0.010072885139764898,0.001054392038141441,16.454404562632863,1.274879401939305
2026-07-02 10:30:00-04:00,0.0018913447910098302,0.00028120780799659856,16.45903166967181,1.2772906384553286
2026-07-02 11:30:00-04:00,-0.002230990189892923,0.00031566716483076855,16.464227245534833,1.2744410155712926
2026-07-02 12:30:00-04:00,-0.0018919953819460655,0.0002529907975225281,16.468392543516273,1.272029779055269
2026-07-02 13:30:00-04:00,0.003044395372771458,0.00040748325131738123,16.47510313765388,1.2759023406286525
2026-07-02 14:30:00-04:00,0.006528458490010713,0.0005548239614592752,16.48424391964216,1.2842320160967542
2026-07-02 15:30:00-04:00,0.005234400305523135,0.0004812831901836452,16.492177509143573,1.2909542005541736
2026-07-06 09:30:00-04:00,-0.009395452072303967,0.0011605228486843092,16.511317057967492,1.2788251022353274
2026-07-06 10:30:00-04:00,-0.00022859412607256768,0.000394825704949886,16.517836150364555,1.2785327703286822
2026-07-06 11:30:00-04:00,-0.0017716171343177267,0.000269183544761611,16.522282480051302,1.2762676997659812
2026-07-06 12:30:00-04:00,0.0022361853009471577,0.000257196843302102,16.526531958949317,1.2791216708362716
2026-07-06 13:30:00-04:00,0.00131040704987484,7.40014423466586e-05,16.527754946151266,1.2807978408913832
2026-07-06 14:30:00-04:00,-0.001254983001539478,0.00021963670809383636,16.53138504783982,1.279190461372656
2026-07-06 15:30:00-04:00,-0.0009139410259637604,0.00020047882863761903,16.53469924054997,1.2780213567299858
2026-07-07 09:30:00-04:00,0.015322123490194794,0.001098189860859261,16.5528574796083,1.297603357780909
2026-07-07 10:30:00-04:00,-0.0006194076953651706,0.0004519804822659028,16.56033904811481,1.2967996122755678
2026-07-07 11:30:00-04:00,-0.001915688224449652,0.0006781914187050831,16.571570127948085,1.2943153485288608
2026-07-07 12:30:00-04:00,-0.0009032610514885242,0.0002964960700912536,16.576483533366265,1.293146243886191
2026-07-07 13:30:00-04:00,0.0005085975751646377,0.00021279707161022264,16.580010960519758,1.2938039349301647
2026-07-07 14:30:00-04:00,0.0036708300084622447,0.0004532559879435389,16.587525949767784,1.298553269239573
2026-07-07 15:30:00-04:00,-0.004445242738552513,0.00044845013311270356,16.59496462798797,1.292780884748862
2026-07-08 09:30:00-04:00,-0.0032215683548587615,0.0008090405239612239,16.608390626865713,1.2886161027607888
2026-07-08 10:30:00-04:00,-0.00022677073029264694,0.0002474488316769885,16.612500353722368,1.2883238823460987
2026-07-08 11:30:00-04:00,0.0017013826026965884,0.00024152539518155334,16.616512694435254,1.290515814186161
2026-07-08 12:30:00-04:00,-0.0066809687940390106,0.0006410586895841878,16.62716485428861,1.2818939183033695
2026-07-08 13:30:00-04:00,0.0001140234392531525,0.00021608237841422965,16.63075769161661,1.2820400842566921
2026-07-08 14:30:00-04:00,-0.00131090264178102,0.00017686498241749817,16.633699090283326,1.280359454523371
2026-07-08 15:30:00-04:00,-0.001997322680249103,0.0003196309276855818,16.639015734954395,1.27780216354598
2026-07-09 09:30:00-04:00,0.001715392180883013,0.0015691069902984821,16.665124130855798,1.2799940953860423
2026-07-09 10:30:00-04:00,-0.00022829825211168053,0.0003420655405725727,16.67082469555033,1.2797018749713522
2026-07-09 11:30:00-04:00,-0.00022835038410518038,8.589399150606578e-05,16.672256619225127,1.2794096545566624
2026-07-09 12:30:00-04:00,-0.003883540324769119,0.00036055080710640814,16.678267814805476,1.2744410155712926
2026-07-09 13:30:00-04:00,-0.0019492967633293334,0.000253051495295699,16.682488275414954,1.2719567518245853
2026-07-09 14:30:00-04:00,0.0010914662190240065,0.0001445846745131299,16.684900307552326,1.2733450496512613
2026-07-09 15:30:00-04:00,-0.0006312079397184922,0.00015036363033232134,16.687409109734304,1.2725413041459201
2026-07-10 09:30:00-04:00,0.007464417916986044,0.0007713684446603469,16.70028125054469,1.2820400842566917
2026-07-10 10:30:00-04:00,-0.003419617465842739,0.00022826552462526775,16.70409334900574,1.277655997592657
2026-07-10 11:30:00-04:00,-0.003431351374935887,0.00028662149057685164,16.708881101140165,1.2732719109286224
2026-07-10 12:30:00-04:00,0.003156220986430869,0.0004286014077046498,16.716042551101282,1.2772906384553282
2026-07-10 13:30:00-04:00,-0.0005262584551377625,0.00012618504476279589,16.71815186567885,1.2766184534571727
2026-07-10 14:30:00-04:00,0.002415303888040121,0.00012571905282067857,16.720253655896315,1.2797018749713516
2026-07-10 15:30:00-04:00,0.004453573038798231,0.00028429257127397225,16.725007099800504,1.2854011207394236
2026-07-13 09:30:00-04:00,0.0027853882347901315,0.0009902990278917545,16.74156985807292,1.2889814618981172
2026-07-13 10:30:00-04:00,-0.0010770502662093007,0.0003441511535210466,16.747331488651334,1.287593164071441
2026-07-13 11:30:00-04:00,0.0015321999239052975,0.00014010095779563514,16.749677805833414,1.2895660142194523
2026-07-13 12:30:00-04:00,0.0021530376349734315,3.203169531023348e-05,16.750214326409434,1.2923424983808494
2026-07-13 13:30:00-04:00,0.0002827107657501493,2.5959714625654998e-05,16.750649157193266,1.292707857518178
2026-07-13 14:30:00-04:00,0.00022613918910208142,9.961206732585234e-05,16.752317723984863,1.293000189424823
2026-07-13 15:30:00-04:00,-0.0011302678539940603,9.973068765385535e-05,16.753988444151272,1.291538752875508
2026-07-14 09:30:00-04:00,0.015897334830897725,0.0009866086833832935,16.770518074631575,1.31207077687705
2026-07-14 10:30:00-04:00,-0.0037312101153097466,0.0002575082575860286,16.774836621519785,1.3071751651223642
2026-07-14 11:30:00-04:00,-0.00011173289186050539,7.36430586303696e-05,16.77607197179662,1.3070291106609968
2026-07-14 12:30:00-04:00,-0.0005031954059854238,0.00010192523944077496,16.77778187694922,1.306371419617023
2026-07-14 13:30:00-04:00,0.0005034487390780384,0.00017985026663033948,16.780799365493255,1.3070291106609968
2026-07-14 14:30:00-04:00,0.0019565677279349547,0.0001687789336803258,16.78363161091647,1.3095864016383876
2026-07-14 15:30:00-04:00,-0.000836879429001347,0.0001352364050946863,16.785901368919962,1.3084904357183564
2026-07-15 09:30:00-04:00,-0.002680342431489846,0.0012778321125832771,16.80735093272782,1.304983233282302
2026-07-15 10:30:00-04:00,0.0008957917013037164,0.00039227666724244857,16.813944064336887,1.3061522264330168
2026-07-15 11:30:00-04:00,-0.00592972472122788,0.000608717545293907,16.82417900709444,1.29840710328625
2026-07-15 12:30:00-04:00,-0.0005626946901731156,0.00015436334327155094,16.826776043613773,1.2976764965035479
2026-07-15 13:30:00-04:00,-0.0006193727847477737,7.038966686337544e-05,16.827960474773867,1.2968727509982068
2026-07-15 14:30:00-04:00,0.0007887733692917287,0.0002906218142732776,16.832851047177567,1.2978956896875542
2026-07-15 15:30:00-04:00,0.003321490298217711,0.0002949965625238714,16.837816680373958,1.30220663762895
2026-07-16 09:30:00-04:00,0.0031421700973970346,0.0010411255556018106,16.855346961620434,1.3062983923863396
2026-07-16 10:30:00-04:00,0.0029086266697142538,0.0004423734927924011,16.862803320328073,1.3100979267290394
2026-07-16 11:30:00-04:00,-0.007919677327252517,0.0006421220087130712,16.873631297468656,1.2997223738822428
2026-07-16 12:30:00-04:00,0.0005621252641208052,0.00020489594148560724,16.87708863603963,1.300452980664945
2026-07-16 13:30:00-04:00,0.0006742913746344836,0.00018154677989209775,16.880152617135455,1.301329864892925
2026-07-16 14:30:00-04:00,0.0009050749137120562,0.00027132551460954985,16.88473263323099,1.3025076659081039
2026-07-16 15:30:00-04:00,0.002461539567726989,0.00039340398008114337,16.89137515425151,1.3057138400650043
2026-07-17 09:30:00-04:00,0.004924481801011904,0.0008566978998012996,16.905845959870913,1.3121438041077338
2026-07-17 10:30:00-04:00,0.0030069789543760717,0.00033398123350564615,16.911492195158047,1.3160893929118007
2026-07-17 11:30:00-04:00,-0.008771940228105901,0.0007145657999327856,16.923576569106537,1.3045447354223343
2026-07-17 12:30:00-04:00,-0.0030804739198534437,0.00038315199226057544,16.930060871185166,1.3005261193875837
2026-07-17 13:30:00-04:00,-0.003483399948545851,0.00022773216205009155,16.933916390551,1.2959958667702265
2026-07-17 14:30:00-04:00,-0.001296700309356802,0.00042010604165987483,16.941030431135637,1.2943153485288603
2026-07-17 15:30:00-04:00,0.0024839248217360943,0.00010452181771043476,16.942801138430188,1.2975303305502253
2026-07-20 09:30:00-04:00,0.005743914077843915,0.0004845094821009512,16.951010086235108,1.3049832332823021
2026-07-20 10:30:00-04:00,-0.008958600497405711,0.0008240207230371866,16.96497806982258,1.293292409839513
2026-07-20 11:30:00-04:00,-0.004463238904705125,0.00038892771814297083,16.971576220031622,1.2875201368407576
2026-07-20 12:30:00-04:00,-0.003575307070020739,0.0002664167769784872,16.97609773266841,1.2829168569927167
2026-07-20 13:30:00-04:00,0.002847704720273958,0.0001527308995375833,16.978690507345757,1.2865702253820939
2026-07-20 14:30:00-04:00,-0.0009086986622302007,0.00017557826105719544,16.981671596300068,1.285401120739424
2026-07-20 15:30:00-04:00,0.0006821004913395434,0.00016137232297840063,16.984411968093617,1.2862778934754489
2026-07-21 09:30:00-04:00,-0.0005112266605483695,0.0005348923663588962,16.993496800402443,1.2856203139234301
2026-07-21 10:30:00-04:00,-0.0019891494788120134,0.0003809011045133176,16.99996964210326,1.2830630229460391
2026-07-21 11:30:00-04:00,0.0009110956592222053,0.0001190869279736467,17.001994116263585,1.2842320160967537
2026-07-21 12:30:00-04:00,-0.0004551765677915931,1.621899448790896e-05,17.00226987151244,1.2836474637754187
2026-07-21 13:30:00-04:00,0.0006831191995666508,0.00016392551756654497,17.005056977400933,1.2845243480033988
2026-07-21 14:30:00-04:00,-0.0007395044400211326,-7.423039777006504e-07,17.005044354479498,1.283574436544735
2026-07-21 15:30:00-04:00,0.0006830712041796527,0.0002730837769662428,17.009688156219298,1.2844512092807598
2026-07-22 09:30:00-04:00,0.015074857821742116,0.0008360425745993484,17.023908979698554,1.303814128639632
2026-07-22 10:30:00-04:00,-0.0038108491664787802,0.00038407759136335046,17.030447481655063,1.2988454896542625
2026-07-22 11:30:00-04:00,0.0028127813650487,0.00018775306066510212,17.03364500029424,1.3024988580436396
2026-07-22 12:30:00-04:00,0.0030853981190754887,0.00027048929784486916,17.038252418970107,1.3065175855703455
2026-07-22 13:30:00-04:00,0.0022929571484111566,0.00010727285305081789,17.04008016091809,1.3095133744077039
2026-07-22 14:30:00-04:00,-0.001506552118189286,9.036687980517013e-05,17.04162001979386,1.3075405242596927
2026-07-22 15:30:00-04:00,-0.0008381888742237109,0.00020196585547697859,17.045061845159875,1.3064445583396616
2026-07-23 09:30:00-04:00,0.005257284258178396,0.0012504286142225784,17.066375478222255,1.3133129087504034
2026-07-23 10:30:00-04:00,0.004784692244733879,0.0006044142855044719,17.076690639363076,1.3195967068398105
2026-07-23 11:30:00-04:00,-0.003654505203787628,0.0005687008792608344,17.086402168344545,1.3147742338077633
2026-07-23 12:30:00-04:00,-0.0011114646300358633,0.00013366190954555547,17.088685969485628,1.3133129087504034
2026-07-23 13:30:00-04:00,0.001724699839321664,5.0241588648428553e-05,17.08954453221665,1.3155779793131044
2026-07-23 14:30:00-04:00,0.0023770828500959684,0.00024409225917579333,17.093715957749804,1.3187052171656934
2026-07-23 15:30:00-04:00,-0.004864807556025141,0.0005111499195690001,17.102453409286742,1.312289970061056
2026-07-24 09:30:00-04:00,-0.011135857082584244,0.0025636644190936463,17.146298360571336,1.2976764965035472
2026-07-24 10:30:00-04:00,0.010360339384325012,0.0009751889221272456,17.163019240788053,1.311120865418386
2026-07-24 11:30:00-04:00,-0.0023406050113182753,0.000524437458119642,17.172020170972353,1.3080520493503436
2026-07-24 12:30:00-04:00,-0.0023460962960658582,0.00012436766077206606,17.174155814951746,1.3049832332823015
2026-07-24 13:30:00-04:00,-0.001903760274692412,0.0001584225868355263,17.17687658914267,1.302498858043639
2026-07-24 14:30:00-04:00,0.0030853981190754887,0.0004384762917253222,17.1844082422929,1.3065175855703448
2026-07-24 15:30:00-04:00,0.004082521880801826,0.0002911837825545952,17.189412063285854,1.311851472201088
2026-07-27 09:30:00-04:00,-0.0018379558015229058,0.0006465160551034661,17.200525294162556,1.3094403471770197
2026-07-27 10:30:00-04:00,-0.006305478714794699,0.0008058130649118831,17.214385702167938,1.3011836989396017
2026-07-27 11:30:00-04:00,-0.0013477397276295822,0.00043485205416508074,17.221871413151714,1.2994300419755969
2026-07-27 12:30:00-04:00,-0.0053980627240577395,0.0005103763248152839,17.23066104859,1.2924156371034876
2026-07-27 13:30:00-04:00,0.0023178900497653476,0.00024041645001440567,17.234803582950708,1.295411314448891
2026-07-27 14:30:00-04:00,0.0018613674970480165,0.00015502233034394466,17.237475362365156,1.2978225509649144
2026-07-27 15:30:00-04:00,0.00033778606149703627,0.0002730774664566162,17.242182528465218,1.2982609373329268
